task_id,label,theta,algo,alpha,alpha1,alpha2,alpha3,alloc,n_j,N_j,L,U,covered,width,width_clip,L_tilde,U_tilde,delta_L,delta_U,W1,W2,W3
rep0000,0.25,0.2478634861040341,synth_only,0.2,0.020000000000000004,0.04000000000000001,0.13999999999999999,prop_127,1000,2000,0.34078846958046666,0.3682115304195333,False,0.02742306083906665,0.02742306083906665,0.34078846958046666,0.3682115304195333,0.0,0.0,0.02742306083906665,0.0,0.0
rep0001,0.37,0.3686079524634063,synth_only,0.2,0.020000000000000004,0.04000000000000001,0.13999999999999999,prop_127,1000,2000,0.4148134632100224,0.4431865367899776,False,0.02837307357995522,0.02837307357995522,0.4148134632100224,0.4431865367899776,0.0,0.0,0.02837307357995522,0.0,0.0
rep0002,0.17,0.17032800314766197,synth_only,0.2,0.020000000000000004,0.04000000000000001,0.13999999999999999,prop_127,1000,2000,0.3586420275996049,0.3863579724003951,False,0.027715944800790204,0.027715944800790204,0.3586420275996049,0.3863579724003951,0.0,0.0,0.027715944800790204,0.0,0.0
rep0003,0.41,0.4119903665842383,synth_only,0.2,0.020000000000000004,0.04000000000000001,0.13999999999999999,prop_127,1000,2000,0.5683646719099882,0.5966353280900119,False,0.028270656180023668,0.028270656180023668,0.5683646719099882,0.5966353280900119,0.0,0.0,0.028270656180023668,0.0,0.0
rep0004,0.36,0.36322332650332373,synth_only,0.2,0.020000000000000004,0.04000000000000001,0.13999999999999999,prop_127,1000,2000,0.3170168703367484,0.3439831296632516,False,0.026966259326503206,0.026966259326503206,0.3170168703367484,0.3439831296632516,0.0,0.0,0.026966259326503206,0.0,0.0
rep0005,0.28,0.27660752268158256,synth_only,0.2,0.020000000000000004,0.04000000000000001,0.13999999999999999,prop_127,1000,2000,0.3229561328146944,0.35004386718530567,False,0.027087734370611294,0.027087734370611294,0.3229561328146944,0.35004386718530567,0.0,0.0,0.027087734370611294,0.0,0.0
rep0006,0.40,0.39522788491940364,synth_only,0.2,0.020000000000000004,0.04000000000000001,0.13999999999999999,prop_127,1000,2000,0.45769072437866287,0.4863092756213371,False,0.028618551242674206,0.028618551242674206,0.45769072437866287,0.4863092756213371,0.0,0.0,0.028618551242674206,0.0,0.0
rep0007,0.34,0.34221851206383785,synth_only,0.2,0.020000000000000004,0.04000000000000001,0.13999999999999999,prop_127,1000,2000,0.4227824552345899,0.4512175447654101,False,0.02843508953082019,0.02843508953082019,0.4227824552345899,0.4512175447654101,0.0,0.0,0.02843508953082019,0.0,0.0
rep0008,0.89,0.8876454917096256,synth_only,0.2,0.020000000000000004,0.04000000000000001,0.13999999999999999,prop_127,1000,2000,0.8753384364351642,0.8936615635648357,True,0.018323127129671546,0.018323127129671546,0.8753384364351642,0.8936615635648357,0.0,0.0,0.018323127129671546,0.0,0.0
rep0009,0.13,0.13218242080353054,synth_only,0.2,0.020000000000000004,0.04000000000000001,0.13999999999999999,prop_127,1000,2000,0.21450241181916194,0.23849758818083808,False,0.02399517636167614,0.02399517636167614,0.21450241181916194,0.23849758818083808,0.0,0.0,0.02399517636167614,0.0,0.0
rep0010,0.32,0.32181545181669885,synth_only,0.2,0.020000000000000004,0.04000000000000001,0.13999999999999999,prop_127,1000,2000,0.43923034683831363,0.4677696531616864,False,0.02853930632337276,0.02853930632337276,0.43923034683831363,0.4677696531616864,0.0,0.0,0.02853930632337276,0.0,0.0
rep0011,0.29,0.2854083438878526,synth_only,0.2,0.020000000000000004,0.04000000000000001,0.13999999999999999,prop_127,1000,2000,0.44322010188253547,0.47177989811746457,False,0.028559796234929102,0.028559796234929102,0.44322010188253547,0.47177989811746457,0.0,0.0,0.028559796234929102,0.0,0.0
rep0012,0.44,0.43703005404805023,synth_only,0.2,0.020000000000000004,0.04000000000000001,0.13999999999999999,prop_127,1000,2000,0.48666826318806605,0.5153317368119339,False,0.02866347362386784,0.02866347362386784,0.48666826318806605,0.5153317368119339,0.0,0.0,0.02866347362386784,0.0,0.0
rep0013,0.62,0.6208052270470665,synth_only,0.2,0.020000000000000004,0.04000000000000001,0.13999999999999999,prop_127,1000,2000,0.48416829901759617,0.5128317009824038,False,0.028663401964807655,0.028663401964807655,0.48416829901759617,0.5128317009824038,0.0,0.0,0.028663401964807655,0.0,0.0
rep0014,0.71,0.7147259999129039,synth_only,0.2,0.020000000000000004,0.04000000000000001,0.13999999999999999,prop_127,1000,2000,0.7137230803668657,0.7392769196331344,True,0.02555383926626864,0.02555383926626864,0.7137230803668657,0.7392769196331344,0.0,0.0,0.02555383926626864,0.0,0.0
rep0015,0.39,0.39454122151151017,synth_only,0.2,0.020000000000000004,0.04000000000000001,0.13999999999999999,prop_127,1000,2000,0.4078436975388159,0.4361563024611841,False,0.0283126049223682,0.0283126049223682,0.4078436975388159,0.4361563024611841,0.0,0.0,0.0283126049223682,0.0,0.0
rep0016,0.17,0.16665588411027546,synth_only,0.2,0.020000000000000004,0.04000000000000001,0.13999999999999999,prop_127,1000,2000,0.18951314585021417,0.21248685414978585,False,0.022973708299571682,0.022973708299571682,0.18951314585021417,0.21248685414978585,0.0,0.0,0.022973708299571682,0.0,0.0
rep0017,0.52,0.5214065008427691,synth_only,0.2,0.020000000000000004,0.04000000000000001,0.13999999999999999,prop_127,1000,2000,0.5477788439672697,0.5762211560327304,False,0.028442312065460662,0.028442312065460662,0.5477788439672697,0.5762211560327304,0.0,0.0,0.028442312065460662,0.0,0.0
rep0018,0.36,0.35939977730659944,synth_only,0.2,0.020000000000000004,0.04000000000000001,0.13999999999999999,prop_127,1000,2000,0.3333557076435397,0.3606442923564602,True,0.027288584712920505,0.027288584712920505,0.3333557076435397,0.3606442923564602,0.0,0.0,0.027288584712920505,0.0,0.0
rep0019,0.35,0.35459743075612077,synth_only,0.2,0.020000000000000004,0.04000000000000001,0.13999999999999999,prop_127,1000,2000,0.3700592654831952,0.39794073451680484,False,0.027881469033609663,0.027881469033609663,0.3700592654831952,0.39794073451680484,0.0,0.0,0.027881469033609663,0.0,0.0
rep0020,0.88,0.8825365524342114,synth_only,0.2,0.020000000000000004,0.04000000000000001,0.13999999999999999,prop_127,1000,2000,0.8644880255006431,0.8835119744993569,True,0.019023948998713847,0.019023948998713847,0.8644880255006431,0.8835119744993569,0.0,0.0,0.019023948998713847,0.0,0.0
rep0021,0.59,0.5949598193481452,synth_only,0.2,0.020000000000000004,0.04000000000000001,0.13999999999999999,prop_127,1000,2000,0.5759023208367027,0.6040976791632973,True,0.02819535832659459,0.02819535832659459,0.5759023208367027,0.6040976791632973,0.0,0.0,0.02819535832659459,0.0,0.0
rep0022,0.72,0.7170696852830631,synth_only,0.2,0.020000000000000004,0.04000000000000001,0.13999999999999999,prop_127,1000,2000,0.8253865946513903,0.8466134053486096,False,0.021226810697219323,0.021226810697219323,0.8253865946513903,0.8466134053486096,0.0,0.0,0.021226810697219323,0.0,0.0
rep0023,0.39,0.3897887441590057,synth_only,0.2,0.020000000000000004,0.04000000000000001,0.13999999999999999,prop_127,1000,2000,0.2577671397856344,0.2832328602143656,False,0.025465720428731187,0.025465720428731187,0.2577671397856344,0.2832328602143656,0.0,0.0,0.025465720428731187,0.0,0.0
rep0024,0.56,0.5618562370971357,synth_only,0.2,0.020000000000000004,0.04000000000000001,0.13999999999999999,prop_127,1000,2000,0.6823091766582359,0.7086908233417641,False,0.02638164668352827,0.02638164668352827,0.6823091766582359,0.7086908233417641,0.0,0.0,0.02638164668352827,0.0,0.0
rep0025,0.15,0.1536743850699371,synth_only,0.2,0.020000000000000004,0.04000000000000001,0.13999999999999999,prop_127,1000,2000,0.1724050380473795,0.1945949619526205,False,0.022189923905240994,0.022189923905240994,0.1724050380473795,0.1945949619526205,0.0,0.0,0.022189923905240994,0.0,0.0
rep0026,0.45,0.4470975824569302,synth_only,0.2,0.020000000000000004,0.04000000000000001,0.13999999999999999,prop_127,1000,2000,0.49917345940543034,0.5278265405945696,False,0.02865308118913923,0.02865308118913923,0.49917345940543034,0.5278265405945696,0.0,0.0,0.02865308118913923,0.0,0.0
rep0027,0.15,0.14555732938848953,synth_only,0.2,0.020000000000000004,0.04000000000000001,0.13999999999999999,prop_127,1000,2000,0.37701293112448525,0.4049870688755148,False,0.027974137751029526,0.027974137751029526,0.37701293112448525,0.4049870688755148,0.0,0.0,0.027974137751029526,0.0,0.0
rep0028,0.72,0.7158400826850747,synth_only,0.2,0.020000000000000004,0.04000000000000001,0.13999999999999999,prop_127,1000,2000,0.707637138686699,0.7333628613133011,True,0.02572572262660211,0.02572572262660211,0.707637138686699,0.7333628613133011,0.0,0.0,0.02572572262660211,0.0,0.0
rep0029,0.33,0.3291877284663172,synth_only,0.2,0.020000000000000004,0.04000000000000001,0.13999999999999999,prop_127,1000,2000,0.30366264621440026,0.33033735378559975,True,0.026674707571199496,0.026674707571199496,0.30366264621440026,0.33033735378559975,0.0,0.0,0.026674707571199496,0.0,0.0
rep0030,0.79,0.7937062466334305,synth_only,0.2,0.020000000000000004,0.04000000000000001,0.13999999999999999,prop_127,1000,2000,0.6985135619119487,0.7244864380880514,False,0.025972876176102666,0.025972876176102666,0.6985135619119487,0.7244864380880514,0.0,0.0,0.025972876176102666,0.0,0.0
rep0031,0.67,0.6704077234134693,synth_only,0.2,0.020000000000000004,0.04000000000000001,0.13999999999999999,prop_127,1000,2000,0.6838275247349916,0.7101724752650083,False,0.02634495053001662,0.02634495053001662,0.6838275247349916,0.7101724752650083,0.0,0.0,0.02634495053001662,0.0,0.0
rep0032,0.49,0.49161387479740387,synth_only,0.2,0.020000000000000004,0.04000000000000001,0.13999999999999999,prop_127,1000,2000,0.49417030561426467,0.5228296943857352,False,0.028659388771470562,0.028659388771470562,0.49417030561426467,0.5228296943857352,0.0,0.0,0.028659388771470562,0.0,0.0
rep0033,0.73,0.7281359113887491,synth_only,0.2,0.020000000000000004,0.04000000000000001,0.13999999999999999,prop_127,1000,2000,0.482168585657062,0.510831414342938,False,0.028662828685875996,0.028662828685875996,0.482168585657062,0.510831414342938,0.0,0.0,0.028662828685875996,0.0,0.0
rep0034,0.26,0.25795044332393025,synth_only,0.2,0.020000000000000004,0.04000000000000001,0.13999999999999999,prop_127,1000,2000,0.3665835752899277,0.3944164247100723,False,0.027832849420144634,0.027832849420144634,0.3665835752899277,0.3944164247100723,0.0,0.0,0.027832849420144634,0.0,0.0
rep0035,0.31,0.31207276260600325,synth_only,0.2,0.020000000000000004,0.04000000000000001,0.13999999999999999,prop_127,1000,2000,0.2745269812048235,0.30047301879517646,False,0.025946037590352966,0.025946037590352966,0.2745269812048235,0.30047301879517646,0.0,0.0,0.025946037590352966,0.0,0.0
rep0036,0.38,0.3813002067209173,synth_only,0.2,0.020000000000000004,0.04000000000000001,0.13999999999999999,prop_127,1000,2000,0.3854607280680725,0.4135392719319275,False,0.028078543863855,0.028078543863855,0.3854607280680725,0.4135392719319275,0.0,0.0,0.028078543863855,0.0,0.0
rep0037,0.69,0.6948613205139563,synth_only,0.2,0.020000000000000004,0.04000000000000001,0.13999999999999999,prop_127,1000,2000,0.7579374543745941,0.7820625456254059,False,0.024125091250811748,0.024125091250811748,0.7579374543745941,0.7820625456254059,0.0,0.0,0.024125091250811748,0.0,0.0
rep0038,0.79,0.7918600324246673,synth_only,0.2,0.020000000000000004,0.04000000000000001,0.13999999999999999,prop_127,1000,2000,0.815133383604017,0.8368666163959829,False,0.02173323279196593,0.02173323279196593,0.815133383604017,0.8368666163959829,0.0,0.0,0.02173323279196593,0.0,0.0
rep0039,0.74,0.737128328560063,synth_only,0.2,0.020000000000000004,0.04000000000000001,0.13999999999999999,prop_127,1000,2000,0.7864918154225622,0.8095081845774379,False,0.023016369154875704,0.023016369154875704,0.7864918154225622,0.8095081845774379,0.0,0.0,0.023016369154875704,0.0,0.0
rep0040,0.20,0.20217595771942773,synth_only,0.2,0.020000000000000004,0.04000000000000001,0.13999999999999999,prop_127,1000,2000,0.3066291463910708,0.3333708536089292,False,0.0267417072178584,0.0267417072178584,0.3066291463910708,0.3333708536089292,0.0,0.0,0.0267417072178584,0.0,0.0
rep0041,0.63,0.6338665832251937,synth_only,0.2,0.020000000000000004,0.04000000000000001,0.13999999999999999,prop_127,1000,2000,0.8284652652083416,0.8495347347916583,False,0.02106946958331668,0.02106946958331668,0.8284652652083416,0.8495347347916583,0.0,0.0,0.02106946958331668,0.0,0.0
rep0042,0.28,0.28273766256385496,synth_only,0.2,0.020000000000000004,0.04000000000000001,0.13999999999999999,prop_127,1000,2000,0.1797326798936723,0.2022673201063277,False,0.022534640212655388,0.022534640212655388,0.1797326798936723,0.2022673201063277,0.0,0.0,0.022534640212655388,0.0,0.0
rep0043,0.12,0.11761149789511506,synth_only,0.2,0.020000000000000004,0.04000000000000001,0.13999999999999999,prop_127,1000,2000,0.11116872188081098,0.12983127811918901,True,0.018662556238378036,0.018662556238378036,0.11116872188081098,0.12983127811918901,0.0,0.0,0.018662556238378036,0.0,0.0
rep0044,0.17,0.16718848316147858,synth_only,0.2,0.020000000000000004,0.04000000000000001,0.13999999999999999,prop_127,1000,2000,0.3303836461357505,0.35761635386424945,False,0.02723270772849895,0.02723270772849895,0.3303836461357505,0.35761635386424945,0.0,0.0,0.02723270772849895,0.0,0.0
rep0045,0.14,0.13852317554366197,synth_only,0.2,0.020000000000000004,0.04000000000000001,0.13999999999999999,prop_127,1000,2000,0.362612297402064,0.390387702597936,False,0.02777540519587196,0.02777540519587196,0.362612297402064,0.390387702597936,0.0,0.0,0.02777540519587196,0.0,0.0
rep0046,0.12,0.12296145833985304,synth_only,0.2,0.020000000000000004,0.04000000000000001,0.13999999999999999,prop_127,1000,2000,0.13296567604149812,0.15303432395850186,False,0.020068647917003746,0.020068647917003746,0.13296567604149812,0.15303432395850186,0.0,0.0,0.020068647917003746,0.0,0.0
rep0047,0.48,0.47752701943189135,synth_only,0.2,0.020000000000000004,0.04000000000000001,0.13999999999999999,prop_127,1000,2000,0.4222842828853932,0.4507157171146068,False,0.02843143422921357,0.02843143422921357,0.4222842828853932,0.4507157171146068,0.0,0.0,0.02843143422921357,0.0,0.0
rep0048,0.57,0.5726813089453829,synth_only,0.2,0.020000000000000004,0.04000000000000001,0.13999999999999999,prop_127,1000,2000,0.8008008096144319,0.8231991903855682,False,0.022398380771136317,0.022398380771136317,0.8008008096144319,0.8231991903855682,0.0,0.0,0.022398380771136317,0.0,0.0
rep0049,0.74,0.7412554577471945,synth_only,0.2,0.020000000000000004,0.04000000000000001,0.13999999999999999,prop_127,1000,2000,0.7538646585094979,0.7781353414905021,False,0.02427068298100421,0.02427068298100421,0.7538646585094979,0.7781353414905021,0.0,0.0,0.02427068298100421,0.0,0.0
rep0050,0.62,0.6173942815743904,synth_only,0.2,0.020000000000000004,0.04000000000000001,0.13999999999999999,prop_127,1000,2000,0.5467752913751434,0.5752247086248568,False,0.028449417249713393,0.028449417249713393,0.5467752913751434,0.5752247086248568,0.0,0.0,0.028449417249713393,0.0,0.0
rep0051,0.27,0.26599598126632845,synth_only,0.2,0.020000000000000004,0.04000000000000001,0.13999999999999999,prop_127,1000,2000,0.29130917665823586,0.31769082334176413,False,0.02638164668352827,0.02638164668352827,0.29130917665823586,0.31769082334176413,0.0,0.0,0.02638164668352827,0.0,0.0
rep0052,0.31,0.3073068139568365,synth_only,0.2,0.020000000000000004,0.04000000000000001,0.13999999999999999,prop_127,1000,2000,0.39689710583481375,0.4251028941651862,False,0.02820578833037246,0.02820578833037246,0.39689710583481375,0.4251028941651862,0.0,0.0,0.02820578833037246,0.0,0.0
rep0053,0.62,0.6218265929743847,synth_only,0.2,0.020000000000000004,0.04000000000000001,0.13999999999999999,prop_127,1000,2000,0.8346265339007842,0.8553734660992157,False,0.02074693219843149,0.02074693219843149,0.8346265339007842,0.8553734660992157,0.0,0.0,0.02074693219843149,0.0,0.0
rep0054,0.43,0.43339616303131784,synth_only,0.2,0.020000000000000004,0.04000000000000001,0.13999999999999999,prop_127,1000,2000,0.3432668778492277,0.37073312215077225,False,0.02746624430154454,0.02746624430154454,0.3432668778492277,0.37073312215077225,0.0,0.0,0.02746624430154454,0.0,0.0
rep0055,0.74,0.740619116521778,synth_only,0.2,0.020000000000000004,0.04000000000000001,0.13999999999999999,prop_127,1000,2000,0.9321399480892056,0.9458600519107943,False,0.013720103821588614,0.013720103821588614,0.9321399480892056,0.9458600519107943,0.0,0.0,0.013720103821588614,0.0,0.0
rep0056,0.79,0.7903021326927078,synth_only,0.2,0.020000000000000004,0.04000000000000001,0.13999999999999999,prop_127,1000,2000,0.8603603560986935,0.8796396439013064,False,0.0192792878026129,0.0192792878026129,0.8603603560986935,0.8796396439013064,0.0,0.0,0.0192792878026129,0.0,0.0
rep0057,0.29,0.2885664653209669,synth_only,0.2,0.020000000000000004,0.04000000000000001,0.13999999999999999,prop_127,1000,2000,0.35516887357249377,0.3828311264275062,False,0.027662252855012448,0.027662252855012448,0.35516887357249377,0.3828311264275062,0.0,0.0,0.027662252855012448,0.0,0.0
rep0058,0.68,0.680408527032369,synth_only,0.2,0.020000000000000004,0.04000000000000001,0.13999999999999999,prop_127,1000,2000,0.5799237838302183,0.6080762161697817,False,0.028152432339563438,0.028152432339563438,0.5799237838302183,0.6080762161697817,0.0,0.0,0.028152432339563438,0.0,0.0
rep0059,0.42,0.42124425860033593,synth_only,0.2,0.020000000000000004,0.04000000000000001,0.13999999999999999,prop_127,1000,2000,0.40187193197531473,0.43012806802468523,True,0.028256136049370495,0.028256136049370495,0.40187193197531473,0.43012806802468523,0.0,0.0,0.028256136049370495,0.0,0.0
rep0060,0.29,0.2851622642408732,synth_only,0.2,0.020000000000000004,0.04000000000000001,0.13999999999999999,prop_127,1000,2000,0.3720457170033334,0.39995428299666663,False,0.027908565993333245,0.027908565993333245,0.3720457170033334,0.39995428299666663,0.0,0.0,0.027908565993333245,0.0,0.0
rep0061,0.28,0.28253385670631975,synth_only,0.2,0.020000000000000004,0.04000000000000001,0.13999999999999999,prop_127,1000,2000,0.3145429072152289,0.34145709278477115,False,0.02691418556954228,0.02691418556954228,0.3145429072152289,0.34145709278477115,0.0,0.0,0.02691418556954228,0.0,0.0
rep0062,0.30,0.3032893933218672,synth_only,0.2,0.020000000000000004,0.04000000000000001,0.13999999999999999,prop_127,1000,2000,0.26713010652234587,0.2928698934776542,False,0.02573978695530832,0.02573978695530832,0.26713010652234587,0.2928698934776542,0.0,0.0,0.02573978695530832,0.0,0.0
rep0063,0.23,0.22593861408608223,synth_only,0.2,0.020000000000000004,0.04000000000000001,0.13999999999999999,prop_127,1000,2000,0.2336552324990646,0.2583447675009354,False,0.024689535001870766,0.024689535001870766,0.2336552324990646,0.2583447675009354,0.0,0.0,0.024689535001870766,0.0,0.0
rep0064,0.46,0.4645980018826924,synth_only,0.2,0.020000000000000004,0.04000000000000001,0.13999999999999999,prop_127,1000,2000,0.6752257288005966,0.7017742711994034,False,0.026548542398806774,0.026548542398806774,0.6752257288005966,0.7017742711994034,0.0,0.0,0.026548542398806774,0.0,0.0
rep0065,0.35,0.34978067892353637,synth_only,0.2,0.020000000000000004,0.04000000000000001,0.13999999999999999,prop_127,1000,2000,0.23021495141153794,0.25478504858846207,False,0.024570097176924127,0.024570097176924127,0.23021495141153794,0.25478504858846207,0.0,0.0,0.024570097176924127,0.0,0.0
rep0066,0.42,0.41951121206361075,synth_only,0.2,0.020000000000000004,0.04000000000000001,0.13999999999999999,prop_127,1000,2000,0.6000457170033334,0.6279542829966666,False,0.027908565993333134,0.027908565993333134,0.6000457170033334,0.6279542829966666,0.0,0.0,0.027908565993333134,0.0,0.0
rep0067,0.55,0.5539775859677241,synth_only,0.2,0.020000000000000004,0.04000000000000001,0.13999999999999999,prop_127,1000,2000,0.6691570185851154,0.6958429814148845,False,0.026685962829769094,0.026685962829769094,0.6691570185851154,0.6958429814148845,0.0,0.0,0.026685962829769094,0.0,0.0
rep0068,0.56,0.5583333805698807,synth_only,0.2,0.020000000000000004,0.04000000000000001,0.13999999999999999,prop_127,1000,2000,0.4427213317522121,0.4712786682477879,False,0.02855733649557579,0.02855733649557579,0.4427213317522121,0.4712786682477879,0.0,0.0,0.02855733649557579,0.0,0.0
rep0069,0.78,0.7830577745455012,synth_only,0.2,0.020000000000000004,0.04000000000000001,0.13999999999999999,prop_127,1000,2000,0.8608761474511474,0.8801238525488527,False,0.019247705097705348,0.019247705097705348,0.8608761474511474,0.8801238525488527,0.0,0.0,0.019247705097705348,0.0,0.0
rep0070,0.56,0.563090788980235,synth_only,0.2,0.020000000000000004,0.04000000000000001,0.13999999999999999,prop_127,1000,2000,0.7844494861283061,0.807550513871694,False,0.023101027743387847,0.023101027743387847,0.7844494861283061,0.807550513871694,0.0,0.0,0.023101027743387847,0.0,0.0
rep0071,0.33,0.3264090036193587,synth_only,0.2,0.020000000000000004,0.04000000000000001,0.13999999999999999,prop_127,1000,2000,0.30415701858511546,0.33084298141488455,True,0.026685962829769094,0.026685962829769094,0.30415701858511546,0.33084298141488455,0.0,0.0,0.026685962829769094,0.0,0.0
rep0072,0.49,0.48677170664394004,synth_only,0.2,0.020000000000000004,0.04000000000000001,0.13999999999999999,prop_127,1000,2000,0.5171967041902041,0.5458032958097958,False,0.02860659161959167,0.02860659161959167,0.5171967041902041,0.5458032958097958,0.0,0.0,0.02860659161959167,0.0,0.0
rep0073,0.70,0.702623162955592,synth_only,0.2,0.020000000000000004,0.04000000000000001,0.13999999999999999,prop_127,1000,2000,0.7711848174412873,0.7948151825587128,False,0.023630365117425445,0.023630365117425445,0.7711848174412873,0.7948151825587128,0.0,0.0,0.023630365117425445,0.0,0.0
rep0074,0.82,0.817783968025029,synth_only,0.2,0.020000000000000004,0.04000000000000001,0.13999999999999999,prop_127,1000,2000,0.822822007550227,0.844177992449773,False,0.021355984899545932,0.021355984899545932,0.822822007550227,0.844177992449773,0.0,0.0,0.021355984899545932,0.0,0.0
rep0075,0.10,0.10267969872404988,synth_only,0.2,0.020000000000000004,0.04000000000000001,0.13999999999999999,prop_127,1000,2000,0.1446265339007842,0.1653734660992158,False,0.0207469321984316,0.0207469321984316,0.1446265339007842,0.1653734660992158,0.0,0.0,0.0207469321984316,0.0,0.0
rep0076,0.02,0.018399745229811547,synth_only,0.2,0.020000000000000004,0.04000000000000001,0.13999999999999999,prop_127,1000,2000,0.00039069913262789954,0.0026093008673721005,False,0.002218601734744201,0.002218601734744201,0.00039069913262789954,0.0026093008673721005,0.0,0.0,0.002218601734744201,0.0,0.0
rep0077,0.43,0.4319906624239277,synth_only,0.2,0.020000000000000004,0.04000000000000001,0.13999999999999999,prop_127,1000,2000,0.45220043835351353,0.4807995616464865,False,0.028599123292972983,0.028599123292972983,0.45220043835351353,0.4807995616464865,0.0,0.0,0.028599123292972983,0.0,0.0
rep0078,0.13,0.12622531678299564,synth_only,0.2,0.020000000000000004,0.04000000000000001,0.13999999999999999,prop_127,1000,2000,0.07365761654999393,0.08934238345000607,False,0.015684766900012137,0.015684766900012137,0.07365761654999393,0.08934238345000607,0.0,0.0,0.015684766900012137,0.0,0.0
rep0079,0.41,0.41262177518116394,synth_only,0.2,0.020000000000000004,0.04000000000000001,0.13999999999999999,prop_127,1000,2000,0.4786696391063509,0.507330360893649,False,0.028660721787298116,0.028660721787298116,0.4786696391063509,0.507330360893649,0.0,0.0,0.028660721787298116,0.0,0.0
rep0080,0.52,0.5201792252244676,synth_only,0.2,0.020000000000000004,0.04000000000000001,0.13999999999999999,prop_127,1000,2000,0.6620800865262685,0.6889199134737315,False,0.026839826947463008,0.026839826947463008,0.6620800865262685,0.6889199134737315,0.0,0.0,0.026839826947463008,0.0,0.0
rep0081,0.53,0.5264169210416092,synth_only,0.2,0.020000000000000004,0.04000000000000001,0.13999999999999999,prop_127,1000,2000,0.44770968460379373,0.4762903153962063,False,0.028580630792412576,0.028580630792412576,0.44770968460379373,0.4762903153962063,0.0,0.0,0.028580630792412576,0.0,0.0
rep0082,0.60,0.6023582352932083,synth_only,0.2,0.020000000000000004,0.04000000000000001,0.13999999999999999,prop_127,1000,2000,0.6327972207261495,0.6602027792738504,False,0.02740555854770088,0.02740555854770088,0.6327972207261495,0.6602027792738504,0.0,0.0,0.02740555854770088,0.0,0.0
rep0083,0.39,0.3924388249352025,synth_only,0.2,0.020000000000000004,0.04000000000000001,0.13999999999999999,prop_127,1000,2000,0.39689710583481375,0.4251028941651862,False,0.02820578833037246,0.02820578833037246,0.39689710583481375,0.4251028941651862,0.0,0.0,0.02820578833037246,0.0,0.0
rep0084,0.58,0.5848810073817661,synth_only,0.2,0.020000000000000004,0.04000000000000001,0.13999999999999999,prop_127,1000,2000,0.7559008658813915,0.7800991341186085,False,0.024198268237217047,0.024198268237217047,0.7559008658813915,0.7800991341186085,0.0,0.0,0.024198268237217047,0.0,0.0
rep0085,0.15,0.15233852136627424,synth_only,0.2,0.020000000000000004,0.04000000000000001,0.13999999999999999,prop_127,1000,2000,0.2794606529122882,0.30553934708771174,False,0.026078694175423522,0.026078694175423522,0.2794606529122882,0.30553934708771174,0.0,0.0,0.026078694175423522,0.0,0.0
rep0086,0.53,0.5253253490104887,synth_only,0.2,0.020000000000000004,0.04000000000000001,0.13999999999999999,prop_127,1000,2000,0.4956711011642942,0.5243288988357058,False,0.028657797671411578,0.028657797671411578,0.4956711011642942,0.5243288988357058,0.0,0.0,0.028657797671411578,0.0,0.0
rep0087,0.58,0.5822989281723502,synth_only,0.2,0.020000000000000004,0.04000000000000001,0.13999999999999999,prop_127,1000,2000,0.6565220432092087,0.6834779567907914,False,0.02695591358158267,0.02695591358158267,0.6565220432092087,0.6834779567907914,0.0,0.0,0.02695591358158267,0.0,0.0
rep0088,0.46,0.46374490906187904,synth_only,0.2,0.020000000000000004,0.04000000000000001,0.13999999999999999,prop_127,1000,2000,0.6191845646284242,0.6468154353715758,False,0.027630870743151625,0.027630870743151625,0.6191845646284242,0.6468154353715758,0.0,0.0,0.027630870743151625,0.0,0.0
rep0089,0.27,0.2686688295956495,synth_only,0.2,0.020000000000000004,0.04000000000000001,0.13999999999999999,prop_127,1000,2000,0.2997083093267818,0.3262916906732182,False,0.026583381346436452,0.026583381346436452,0.2997083093267818,0.3262916906732182,0.0,0.0,0.026583381346436452,0.0,0.0
rep0090,0.39,0.3854407308027258,synth_only,0.2,0.020000000000000004,0.04000000000000001,0.13999999999999999,prop_127,1000,2000,0.5960193646151202,0.6239806353848798,False,0.027961270769759627,0.027961270769759627,0.5960193646151202,0.6239806353848798,0.0,0.0,0.027961270769759627,0.0,0.0
rep0091,0.30,0.3007708905744602,synth_only,0.2,0.020000000000000004,0.04000000000000001,0.13999999999999999,prop_127,1000,2000,0.40535520091473826,0.4336447990852617,False,0.028289598170523456,0.028289598170523456,0.40535520091473826,0.4336447990852617,0.0,0.0,0.028289598170523456,0.0,0.0
rep0092,0.90,0.8969673286747886,synth_only,0.2,0.020000000000000004,0.04000000000000001,0.13999999999999999,prop_127,1000,2000,0.8727529121269109,0.8912470878730891,False,0.018494175746178287,0.018494175746178287,0.8727529121269109,0.8912470878730891,0.0,0.0,0.018494175746178287,0.0,0.0
rep0093,0.49,0.49389760047895553,synth_only,0.2,0.020000000000000004,0.04000000000000001,0.13999999999999999,prop_127,1000,2000,0.698006881175265,0.7239931188247349,False,0.025986237649469945,0.025986237649469945,0.698006881175265,0.7239931188247349,0.0,0.0,0.025986237649469945,0.0,0.0
rep0094,0.36,0.36249953729567014,synth_only,0.2,0.020000000000000004,0.04000000000000001,0.13999999999999999,prop_127,1000,2000,0.4871682990175961,0.5158317009824037,False,0.0286634019648076,0.0286634019648076,0.4871682990175961,0.5158317009824037,0.0,0.0,0.0286634019648076,0.0,0.0
rep0095,0.64,0.6384495913210911,synth_only,0.2,0.020000000000000004,0.04000000000000001,0.13999999999999999,prop_127,1000,2000,0.5517936415388075,0.5802063584611924,False,0.028412716922384895,0.028412716922384895,0.5517936415388075,0.5802063584611924,0.0,0.0,0.028412716922384895,0.0,0.0
rep0096,0.19,0.1861533670927711,synth_only,0.2,0.020000000000000004,0.04000000000000001,0.13999999999999999,prop_127,1000,2000,0.24447462731276579,0.26952537268723425,False,0.02505074537446847,0.02505074537446847,0.24447462731276579,0.26952537268723425,0.0,0.0,0.02505074537446847,0.0,0.0
rep0097,0.25,0.24732040969853472,synth_only,0.2,0.020000000000000004,0.04000000000000001,0.13999999999999999,prop_127,1000,2000,0.39689710583481375,0.4251028941651862,False,0.02820578833037246,0.02820578833037246,0.39689710583481375,0.4251028941651862,0.0,0.0,0.02820578833037246,0.0,0.0
rep0098,0.27,0.2733129776799133,synth_only,0.2,0.020000000000000004,0.04000000000000001,0.13999999999999999,prop_127,1000,2000,0.36509422834826355,0.39290577165173646,False,0.027811543303472908,0.027811543303472908,0.36509422834826355,0.39290577165173646,0.0,0.0,0.027811543303472908,0.0,0.0
rep0099,0.57,0.5665632698271305,synth_only,0.2,0.020000000000000004,0.04000000000000001,0.13999999999999999,prop_127,1000,2000,0.7365718221915402,0.7614281778084598,False,0.02485635561691968,0.02485635561691968,0.7365718221915402,0.7614281778084598,0.0,0.0,0.02485635561691968,0.0,0.0
rep0100,0.84,0.8400038337233839,synth_only,0.2,0.020000000000000004,0.04000000000000001,0.13999999999999999,prop_127,1000,2000,0.8629397885355876,0.8820602114644125,False,0.019120422928824876,0.019120422928824876,0.8629397885355876,0.8820602114644125,0.0,0.0,0.019120422928824876,0.0,0.0
rep0101,0.09,0.09259465524280322,synth_only,0.2,0.020000000000000004,0.04000000000000001,0.13999999999999999,prop_127,1000,2000,0.1446265339007842,0.1653734660992158,False,0.0207469321984316,0.0207469321984316,0.1446265339007842,0.1653734660992158,0.0,0.0,0.0207469321984316,0.0,0.0
rep0102,0.55,0.54833822054849,synth_only,0.2,0.020000000000000004,0.04000000000000001,0.13999999999999999,prop_127,1000,2000,0.6671346854436294,0.6938653145563706,False,0.026730629112741155,0.026730629112741155,0.6671346854436294,0.6938653145563706,0.0,0.0,0.026730629112741155,0.0,0.0
rep0103,0.49,0.4875898937659862,synth_only,0.2,0.020000000000000004,0.04000000000000001,0.13999999999999999,prop_127,1000,2000,0.6944606529122883,0.7205393470877117,False,0.02607869417542341,0.02607869417542341,0.6944606529122883,0.7205393470877117,0.0,0.0,0.02607869417542341,0.0,0.0
rep0104,0.84,0.844527346239085,synth_only,0.2,0.020000000000000004,0.04000000000000001,0.13999999999999999,prop_127,1000,2000,0.7116941124199255,0.7373058875800745,False,0.02561177516014901,0.02561177516014901,0.7116941124199255,0.7373058875800745,0.0,0.0,0.02561177516014901,0.0,0.0
rep0105,0.49,0.48638138528843694,synth_only,0.2,0.020000000000000004,0.04000000000000001,0.13999999999999999,prop_127,1000,2000,0.4861682416903909,0.514831758309609,True,0.02866351661921812,0.02866351661921812,0.4861682416903909,0.514831758309609,0.0,0.0,0.02866351661921812,0.0,0.0
rep0106,0.30,0.2975758293502397,synth_only,0.2,0.020000000000000004,0.04000000000000001,0.13999999999999999,prop_127,1000,2000,0.4143155265435963,0.44268447345640366,False,0.028368946912807336,0.028368946912807336,0.4143155265435963,0.44268447345640366,0.0,0.0,0.028368946912807336,0.0,0.0
rep0107,0.49,0.48727867062930913,synth_only,0.2,0.020000000000000004,0.04000000000000001,0.13999999999999999,prop_127,1000,2000,0.5919940003411882,0.6200059996588118,False,0.028011999317623548,0.028011999317623548,0.5919940003411882,0.6200059996588118,0.0,0.0,0.028011999317623548,0.0,0.0
rep0108,0.35,0.351376552167757,synth_only,0.2,0.020000000000000004,0.04000000000000001,0.13999999999999999,prop_127,1000,2000,0.5703743819081047,0.5986256180918953,False,0.02825123618379055,0.02825123618379055,0.5703743819081047,0.5986256180918953,0.0,0.0,0.02825123618379055,0.0,0.0
rep0109,0.03,0.03182158549482356,synth_only,0.2,0.020000000000000004,0.04000000000000001,0.13999999999999999,prop_127,1000,2000,0.2755135619119486,0.30148643808805137,False,0.025972876176102777,0.025972876176102777,0.2755135619119486,0.30148643808805137,0.0,0.0,0.025972876176102777,0.0,0.0
rep0110,0.84,0.8408454680617381,synth_only,0.2,0.020000000000000004,0.04000000000000001,0.13999999999999999,prop_127,1000,2000,0.8387370548649368,0.8592629451350632,True,0.020525890270126412,0.020525890270126412,0.8387370548649368,0.8592629451350632,0.0,0.0,0.020525890270126412,0.0,0.0
rep0111,0.43,0.42557647542285837,synth_only,0.2,0.020000000000000004,0.04000000000000001,0.13999999999999999,prop_127,1000,2000,0.3373193858215171,0.36468061417848285,False,0.02736122835696575,0.02736122835696575,0.3373193858215171,0.36468061417848285,0.0,0.0,0.02736122835696575,0.0,0.0
rep0112,0.20,0.1977004476081061,synth_only,0.2,0.020000000000000004,0.04000000000000001,0.13999999999999999,prop_127,1000,2000,0.3869519745308433,0.41504802546915676,False,0.028096050938313466,0.028096050938313466,0.3869519745308433,0.41504802546915676,0.0,0.0,0.028096050938313466,0.0,0.0
rep0113,0.50,0.4991791366377725,synth_only,0.2,0.020000000000000004,0.04000000000000001,0.13999999999999999,prop_127,1000,2000,0.44920647252424073,0.4777935274757593,False,0.028587054951518587,0.028587054951518587,0.44920647252424073,0.4777935274757593,0.0,0.0,0.028587054951518587,0.0,0.0
rep0114,0.61,0.613244252167947,synth_only,0.2,0.020000000000000004,0.04000000000000001,0.13999999999999999,prop_127,1000,2000,0.6863584743814413,0.7126415256185588,False,0.026283051237117494,0.026283051237117494,0.6863584743814413,0.7126415256185588,0.0,0.0,0.026283051237117494,0.0,0.0
rep0115,0.32,0.3202082063400753,synth_only,0.2,0.020000000000000004,0.04000000000000001,0.13999999999999999,prop_127,1000,2000,0.3477290376776761,0.3752709623223239,False,0.027541924644647775,0.027541924644647775,0.3477290376776761,0.3752709623223239,0.0,0.0,0.027541924644647775,0.0,0.0
rep0116,0.77,0.766382026743104,synth_only,0.2,0.020000000000000004,0.04000000000000001,0.13999999999999999,prop_127,1000,2000,0.8146210759976876,0.8363789240023124,False,0.02175784800462477,0.02175784800462477,0.8146210759976876,0.8363789240023124,0.0,0.0,0.02175784800462477,0.0,0.0
rep0117,0.68,0.6784440571169228,synth_only,0.2,0.020000000000000004,0.04000000000000001,0.13999999999999999,prop_127,1000,2000,0.7253959965027007,0.7506040034972993,False,0.025208006994598575,0.025208006994598575,0.7253959965027007,0.7506040034972993,0.0,0.0,0.025208006994598575,0.0,0.0
rep0118,0.42,0.4243860261335837,synth_only,0.2,0.020000000000000004,0.04000000000000001,0.13999999999999999,prop_127,1000,2000,0.6000457170033334,0.6279542829966666,False,0.027908565993333134,0.027908565993333134,0.6000457170033334,0.6279542829966666,0.0,0.0,0.027908565993333134,0.0,0.0
rep0119,0.42,0.42460332203803136,synth_only,0.2,0.020000000000000004,0.04000000000000001,0.13999999999999999,prop_127,1000,2000,0.4133196975659025,0.4416803024340975,True,0.028360604868195027,0.028360604868195027,0.4133196975659025,0.4416803024340975,0.0,0.0,0.028360604868195027,0.0,0.0
rep0120,0.65,0.6502263512603628,synth_only,0.2,0.020000000000000004,0.04000000000000001,0.13999999999999999,prop_127,1000,2000,0.364101408815472,0.391898591184528,False,0.02779718236905604,0.02779718236905604,0.364101408815472,0.391898591184528,0.0,0.0,0.02779718236905604,0.0,0.0
rep0121,0.76,0.7644800016558357,synth_only,0.2,0.020000000000000004,0.04000000000000001,0.13999999999999999,prop_127,1000,2000,0.9205908237699777,0.9354091762300224,False,0.014818352460044704,0.014818352460044704,0.9205908237699777,0.9354091762300224,0.0,0.0,0.014818352460044704,0.0,0.0
rep0122,0.57,0.5690757886312365,synth_only,0.2,0.020000000000000004,0.04000000000000001,0.13999999999999999,prop_127,1000,2000,0.764559041686442,0.788440958313558,False,0.02388191662711603,0.02388191662711603,0.764559041686442,0.788440958313558,0.0,0.0,0.02388191662711603,0.0,0.0
rep0123,0.42,0.41719685876387674,synth_only,0.2,0.020000000000000004,0.04000000000000001,0.13999999999999999,prop_127,1000,2000,0.3705558550338397,0.3984441449661603,False,0.02788828993232062,0.02788828993232062,0.3705558550338397,0.3984441449661603,0.0,0.0,0.02788828993232062,0.0,0.0
rep0124,0.21,0.20996606860775566,synth_only,0.2,0.020000000000000004,0.04000000000000001,0.13999999999999999,prop_127,1000,2000,0.4168053575763519,0.4451946424236481,False,0.028389284847296192,0.028389284847296192,0.4168053575763519,0.4451946424236481,0.0,0.0,0.028389284847296192,0.0,0.0
rep0125,0.30,0.2967969555225577,synth_only,0.2,0.020000000000000004,0.04000000000000001,0.13999999999999999,prop_127,1000,2000,0.5016755742678854,0.5303244257321146,False,0.02864885146422913,0.02864885146422913,0.5016755742678854,0.5303244257321146,0.0,0.0,0.02864885146422913,0.0,0.0
rep0126,0.70,0.6950525523728668,synth_only,0.2,0.020000000000000004,0.04000000000000001,0.13999999999999999,prop_127,1000,2000,0.7198119349622784,0.7451880650377217,False,0.02537613007544337,0.02537613007544337,0.7198119349622784,0.7451880650377217,0.0,0.0,0.02537613007544337,0.0,0.0
rep0127,0.27,0.27417071432743445,synth_only,0.2,0.020000000000000004,0.04000000000000001,0.13999999999999999,prop_127,1000,2000,0.40286707698396285,0.4311329230160371,False,0.02826584603207427,0.02826584603207427,0.40286707698396285,0.4311329230160371,0.0,0.0,0.02826584603207427,0.0,0.0
rep0128,0.21,0.20962222296074454,synth_only,0.2,0.020000000000000004,0.04000000000000001,0.13999999999999999,prop_127,1000,2000,0.18266561202796583,0.20533438797203418,False,0.022668775944068353,0.022668775944068353,0.18266561202796583,0.20533438797203418,0.0,0.0,0.022668775944068353,0.0,0.0
rep0129,0.38,0.3824381869736448,synth_only,0.2,0.020000000000000004,0.04000000000000001,0.13999999999999999,prop_127,1000,2000,0.3328603224373135,0.36013967756268644,False,0.02727935512537294,0.02727935512537294,0.3328603224373135,0.36013967756268644,0.0,0.0,0.02727935512537294,0.0,0.0
rep0130,0.77,0.7675142854691408,synth_only,0.2,0.020000000000000004,0.04000000000000001,0.13999999999999999,prop_127,1000,2000,1.0,1.0,False,0.0,0.0,1.0,1.0,0.0,0.0,0.0,0.0,0.0
rep0131,0.33,0.3273477209373877,synth_only,0.2,0.020000000000000004,0.04000000000000001,0.13999999999999999,prop_127,1000,2000,0.3086071664535049,0.33539283354649513,True,0.02678566709299024,0.02678566709299024,0.3086071664535049,0.33539283354649513,0.0,0.0,0.02678566709299024,0.0,0.0
rep0132,0.56,0.5611586307860696,synth_only,0.2,0.020000000000000004,0.04000000000000001,0.13999999999999999,prop_127,1000,2000,0.5698719319753147,0.5981280680246852,False,0.028256136049370495,0.028256136049370495,0.5698719319753147,0.5981280680246852,0.0,0.0,0.028256136049370495,0.0,0.0
rep0133,0.74,0.7368054753056534,synth_only,0.2,0.020000000000000004,0.04000000000000001,0.13999999999999999,prop_127,1000,2000,0.8377091935857337,0.8582908064142662,False,0.020581612828532547,0.020581612828532547,0.8377091935857337,0.8582908064142662,0.0,0.0,0.020581612828532547,0.0,0.0
rep0134,0.41,0.4088117305212921,synth_only,0.2,0.020000000000000004,0.04000000000000001,0.13999999999999999,prop_127,1000,2000,0.5372444600827747,0.5657555399172253,False,0.02851107983445056,0.02851107983445056,0.5372444600827747,0.5657555399172253,0.0,0.0,0.02851107983445056,0.0,0.0
rep0135,0.25,0.25154474241705743,synth_only,0.2,0.020000000000000004,0.04000000000000001,0.13999999999999999,prop_127,1000,2000,0.10730406425524955,0.12569593574475046,False,0.018391871489500916,0.018391871489500916,0.10730406425524955,0.12569593574475046,0.0,0.0,0.018391871489500916,0.0,0.0
rep0136,0.69,0.6887079765048779,synth_only,0.2,0.020000000000000004,0.04000000000000001,0.13999999999999999,prop_127,1000,2000,0.7147376855619137,0.7402623144380863,False,0.025524628876172573,0.025524628876172573,0.7147376855619137,0.7402623144380863,0.0,0.0,0.025524628876172573,0.0,0.0
rep0137,0.53,0.5275458634709043,synth_only,0.2,0.020000000000000004,0.04000000000000001,0.13999999999999999,prop_127,1000,2000,0.42178612522182624,0.45021387477817376,False,0.028427749556347526,0.028427749556347526,0.42178612522182624,0.45021387477817376,0.0,0.0,0.028427749556347526,0.0,0.0
rep0138,0.68,0.6836662035569702,synth_only,0.2,0.020000000000000004,0.04000000000000001,0.13999999999999999,prop_127,1000,2000,0.725903764116417,0.7510962358835831,False,0.025192471767166102,0.025192471767166102,0.725903764116417,0.7510962358835831,0.0,0.0,0.025192471767166102,0.0,0.0
rep0139,0.34,0.34246234424060046,synth_only,0.2,0.020000000000000004,0.04000000000000001,0.13999999999999999,prop_127,1000,2000,0.23857182219154013,0.2634281778084599,False,0.024856355616919762,0.024856355616919762,0.23857182219154013,0.2634281778084599,0.0,0.0,0.024856355616919762,0.0,0.0
rep0140,0.76,0.76026167043702,synth_only,0.2,0.020000000000000004,0.04000000000000001,0.13999999999999999,prop_127,1000,2000,0.678767006660243,0.7052329933397569,False,0.02646598667951383,0.02646598667951383,0.678767006660243,0.7052329933397569,0.0,0.0,0.02646598667951383,0.0,0.0
rep0141,0.37,0.3662954280554882,synth_only,0.2,0.020000000000000004,0.04000000000000001,0.13999999999999999,prop_127,1000,2000,0.2361132498558757,0.2608867501441243,False,0.024773500288248623,0.024773500288248623,0.2361132498558757,0.2608867501441243,0.0,0.0,0.024773500288248623,0.0,0.0
rep0142,0.75,0.7451563627738389,synth_only,0.2,0.020000000000000004,0.04000000000000001,0.13999999999999999,prop_127,1000,2000,0.8919200829846725,0.9090799170153274,False,0.017159834030654908,0.017159834030654908,0.8919200829846725,0.9090799170153274,0.0,0.0,0.017159834030654908,0.0,0.0
rep0143,0.90,0.897294643447469,synth_only,0.2,0.020000000000000004,0.04000000000000001,0.13999999999999999,prop_127,1000,2000,0.9586602680572626,0.9693397319427374,False,0.010679463885474805,0.010679463885474805,0.9586602680572626,0.9693397319427374,0.0,0.0,0.010679463885474805,0.0,0.0
rep0144,0.74,0.7412687251743392,synth_only,0.2,0.020000000000000004,0.04000000000000001,0.13999999999999999,prop_127,1000,2000,0.6348149199124015,0.6621850800875985,False,0.027370160175197,0.027370160175197,0.6348149199124015,0.6621850800875985,0.0,0.0,0.027370160175197,0.0,0.0
rep0145,0.83,0.8325232975898993,synth_only,0.2,0.020000000000000004,0.04000000000000001,0.13999999999999999,prop_127,1000,2000,1.0,1.0,False,0.0,0.0,1.0,1.0,0.0,0.0,0.0,0.0,0.0
rep0146,0.41,0.4065789411622467,synth_only,0.2,0.020000000000000004,0.04000000000000001,0.13999999999999999,prop_127,1000,2000,0.43274897783160554,0.4612510221683945,False,0.028502044336788934,0.028502044336788934,0.43274897783160554,0.4612510221683945,0.0,0.0,0.028502044336788934,0.0,0.0
rep0147,0.55,0.5491873758139197,synth_only,0.2,0.020000000000000004,0.04000000000000001,0.13999999999999999,prop_127,1000,2000,0.6000457170033334,0.6279542829966666,False,0.027908565993333134,0.027908565993333134,0.6000457170033334,0.6279542829966666,0.0,0.0,0.027908565993333134,0.0,0.0
rep0148,0.73,0.7275578003271946,synth_only,0.2,0.020000000000000004,0.04000000000000001,0.13999999999999999,prop_127,1000,2000,0.7035814337296775,0.7294185662703225,True,0.025837132540645014,0.025837132540645014,0.7035814337296775,0.7294185662703225,0.0,0.0,0.025837132540645014,0.0,0.0
rep0149,0.15,0.14942201113331577,synth_only,0.2,0.020000000000000004,0.04000000000000001,0.13999999999999999,prop_127,1000,2000,0.24988824995942285,0.27511175004057714,False,0.025223500081154288,0.025223500081154288,0.24988824995942285,0.27511175004057714,0.0,0.0,0.025223500081154288,0.0,0.0
rep0150,0.66,0.6594739645358743,synth_only,0.2,0.020000000000000004,0.04000000000000001,0.13999999999999999,prop_127,1000,2000,0.6297711635564557,0.6572288364435442,False,0.027457672887088558,0.027457672887088558,0.6297711635564557,0.6572288364435442,0.0,0.0,0.027457672887088558,0.0,0.0
rep0151,0.25,0.24827371044222815,synth_only,0.2,0.020000000000000004,0.04000000000000001,0.13999999999999999,prop_127,1000,2000,0.1900024667574772,0.21299753324252282,False,0.022995066485045623,0.022995066485045623,0.1900024667574772,0.21299753324252282,0.0,0.0,0.022995066485045623,0.0,0.0
rep0152,0.51,0.5121843296922564,synth_only,0.2,0.020000000000000004,0.04000000000000001,0.13999999999999999,prop_127,1000,2000,0.4966717032315159,0.5253282967684841,True,0.028656593536968256,0.028656593536968256,0.4966717032315159,0.5253282967684841,0.0,0.0,0.028656593536968256,0.0,0.0
rep0153,0.26,0.25937349786959984,synth_only,0.2,0.020000000000000004,0.04000000000000001,0.13999999999999999,prop_127,1000,2000,0.18413247040579542,0.2068675295942046,False,0.02273505918840918,0.02273505918840918,0.18413247040579542,0.2068675295942046,0.0,0.0,0.02273505918840918,0.0,0.0
rep0154,0.21,0.2082717208448632,synth_only,0.2,0.020000000000000004,0.04000000000000001,0.13999999999999999,prop_127,1000,2000,0.2042045477905263,0.2277954522094737,True,0.0235909044189474,0.0235909044189474,0.2042045477905263,0.2277954522094737,0.0,0.0,0.0235909044189474,0.0,0.0
rep0155,0.25,0.2453504546980276,synth_only,0.2,0.020000000000000004,0.04000000000000001,0.13999999999999999,prop_127,1000,2000,0.3363283670874127,0.36367163291258725,False,0.027343265825174545,0.027343265825174545,0.3363283670874127,0.36367163291258725,0.0,0.0,0.027343265825174545,0.0,0.0
rep0156,0.75,0.7475338642148317,synth_only,0.2,0.020000000000000004,0.04000000000000001,0.13999999999999999,prop_127,1000,2000,0.8908818647959569,0.908118135204043,False,0.017236270408086174,0.017236270408086174,0.8908818647959569,0.908118135204043,0.0,0.0,0.017236270408086174,0.0,0.0
rep0157,0.04,0.039363710895215086,synth_only,0.2,0.020000000000000004,0.04000000000000001,0.13999999999999999,prop_127,1000,2000,0.04187270512309084,0.05412729487690916,False,0.012254589753818323,0.012254589753818323,0.04187270512309084,0.05412729487690916,0.0,0.0,0.012254589753818323,0.0,0.0
rep0158,0.81,0.8083218996639709,synth_only,0.2,0.020000000000000004,0.04000000000000001,0.13999999999999999,prop_127,1000,2000,0.7243805244477808,0.7496194755522192,False,0.025238951104438412,0.025238951104438412,0.7243805244477808,0.7496194755522192,0.0,0.0,0.025238951104438412,0.0,0.0
rep0159,0.74,0.7437225016026947,synth_only,0.2,0.020000000000000004,0.04000000000000001,0.13999999999999999,prop_127,1000,2000,0.6853460389391692,0.7116539610608308,False,0.026307922121661553,0.026307922121661553,0.6853460389391692,0.7116539610608308,0.0,0.0,0.026307922121661553,0.0,0.0
rep0160,0.16,0.16231761868478653,synth_only,0.2,0.020000000000000004,0.04000000000000001,0.13999999999999999,prop_127,1000,2000,0.16459655897652656,0.18640344102347342,False,0.021806882046946863,0.021806882046946863,0.16459655897652656,0.18640344102347342,0.0,0.0,0.021806882046946863,0.0,0.0
rep0161,0.18,0.17989688605408732,synth_only,0.2,0.020000000000000004,0.04000000000000001,0.13999999999999999,prop_127,1000,2000,0.28291535713124766,0.3090846428687523,False,0.026169285737504655,0.026169285737504655,0.28291535713124766,0.3090846428687523,0.0,0.0,0.026169285737504655,0.0,0.0
rep0162,0.81,0.8138683302030187,synth_only,0.2,0.020000000000000004,0.04000000000000001,0.13999999999999999,prop_127,1000,2000,0.7808764610727092,0.8041235389272907,False,0.023247077854581466,0.023247077854581466,0.7808764610727092,0.8041235389272907,0.0,0.0,0.023247077854581466,0.0,0.0
rep0163,0.22,0.22125079618287574,synth_only,0.2,0.020000000000000004,0.04000000000000001,0.13999999999999999,prop_127,1000,2000,0.15192576935622495,0.17307423064377506,False,0.021148461287550102,0.021148461287550102,0.15192576935622495,0.17307423064377506,0.0,0.0,0.021148461287550102,0.0,0.0
rep0164,0.59,0.5875930004047152,synth_only,0.2,0.020000000000000004,0.04000000000000001,0.13999999999999999,prop_127,1000,2000,0.438233053194807,0.46676694680519304,False,0.028533893610386052,0.028533893610386052,0.438233053194807,0.46676694680519304,0.0,0.0,0.028533893610386052,0.0,0.0
rep0165,0.52,0.5153033839925631,synth_only,0.2,0.020000000000000004,0.04000000000000001,0.13999999999999999,prop_127,1000,2000,0.6711796358870665,0.6978203641129335,False,0.02664072822586694,0.02664072822586694,0.6711796358870665,0.6978203641129335,0.0,0.0,0.02664072822586694,0.0,0.0
rep0166,0.22,0.2213474430979118,synth_only,0.2,0.020000000000000004,0.04000000000000001,0.13999999999999999,prop_127,1000,2000,0.25333461089439596,0.27866538910560407,False,0.025330778211208105,0.025330778211208105,0.25333461089439596,0.27866538910560407,0.0,0.0,0.025330778211208105,0.0,0.0
rep0167,0.42,0.41672139865128677,synth_only,0.2,0.020000000000000004,0.04000000000000001,0.13999999999999999,prop_127,1000,2000,0.4123239277719986,0.44067607222800137,True,0.02835214445600276,0.02835214445600276,0.4123239277719986,0.44067607222800137,0.0,0.0,0.02835214445600276,0.0,0.0
rep0168,0.56,0.5566249948334794,synth_only,0.2,0.020000000000000004,0.04000000000000001,0.13999999999999999,prop_127,1000,2000,0.4906689511306958,0.5193310488693041,False,0.02866209773860834,0.02866209773860834,0.4906689511306958,0.5193310488693041,0.0,0.0,0.02866209773860834,0.0,0.0
rep0169,0.71,0.713573030530184,synth_only,0.2,0.020000000000000004,0.04000000000000001,0.13999999999999999,prop_127,1000,2000,0.9033589642799489,0.9196410357200511,False,0.016282071440102186,0.016282071440102186,0.9033589642799489,0.9196410357200511,0.0,0.0,0.016282071440102186,0.0,0.0
rep0170,0.45,0.44651945910683194,synth_only,0.2,0.020000000000000004,0.04000000000000001,0.13999999999999999,prop_127,1000,2000,0.5402536267715075,0.5687463732284925,False,0.028492746456985074,0.028492746456985074,0.5402536267715075,0.5687463732284925,0.0,0.0,0.028492746456985074,0.0,0.0
rep0171,0.27,0.270264513131053,synth_only,0.2,0.020000000000000004,0.04000000000000001,0.13999999999999999,prop_127,1000,2000,0.45020440337877576,0.4787955966212243,False,0.02859119324244852,0.02859119324244852,0.45020440337877576,0.4787955966212243,0.0,0.0,0.02859119324244852,0.0,0.0
rep0172,0.65,0.6499845599620253,synth_only,0.2,0.020000000000000004,0.04000000000000001,0.13999999999999999,prop_127,1000,2000,0.6363283670874127,0.6636716329125874,True,0.027343265825174656,0.027343265825174656,0.6363283670874127,0.6636716329125874,0.0,0.0,0.027343265825174656,0.0,0.0
rep0173,0.30,0.3042174784626514,synth_only,0.2,0.020000000000000004,0.04000000000000001,0.13999999999999999,prop_127,1000,2000,0.627249897757625,0.6547501022423751,False,0.0275002044847501,0.0275002044847501,0.627249897757625,0.6547501022423751,0.0,0.0,0.0275002044847501,0.0,0.0
rep0174,0.87,0.872140940226587,synth_only,0.2,0.020000000000000004,0.04000000000000001,0.13999999999999999,prop_127,1000,2000,0.7961990144175368,0.8188009855824632,False,0.02260197116492635,0.02260197116492635,0.7961990144175368,0.8188009855824632,0.0,0.0,0.02260197116492635,0.0,0.0
rep0175,0.48,0.48412155508506133,synth_only,0.2,0.020000000000000004,0.04000000000000001,0.13999999999999999,prop_127,1000,2000,0.4646808807210901,0.49331911927890987,True,0.028638238557819773,0.028638238557819773,0.4646808807210901,0.49331911927890987,0.0,0.0,0.028638238557819773,0.0,0.0
rep0176,0.50,0.5005474447127507,synth_only,0.2,0.020000000000000004,0.04000000000000001,0.13999999999999999,prop_127,1000,2000,0.4442176856049967,0.47278231439500334,False,0.028564628790006652,0.028564628790006652,0.4442176856049967,0.47278231439500334,0.0,0.0,0.028564628790006652,0.0,0.0
rep0177,0.20,0.195947343891667,synth_only,0.2,0.020000000000000004,0.04000000000000001,0.13999999999999999,prop_127,1000,2000,0.2646654659090645,0.29033453409093557,False,0.02566906818187109,0.02566906818187109,0.2646654659090645,0.29033453409093557,0.0,0.0,0.02566906818187109,0.0,0.0
rep0178,0.80,0.7991816460721677,synth_only,0.2,0.020000000000000004,0.04000000000000001,0.13999999999999999,prop_127,1000,2000,0.8603603560986935,0.8796396439013064,False,0.0192792878026129,0.0192792878026129,0.8603603560986935,0.8796396439013064,0.0,0.0,0.0192792878026129,0.0,0.0
rep0179,0.81,0.8054567094885533,synth_only,0.2,0.020000000000000004,0.04000000000000001,0.13999999999999999,prop_127,1000,2000,0.751319930071945,0.7756800699280549,False,0.024360139856109964,0.024360139856109964,0.751319930071945,0.7756800699280549,0.0,0.0,0.024360139856109964,0.0,0.0
rep0180,0.86,0.859919993968241,synth_only,0.2,0.020000000000000004,0.04000000000000001,0.13999999999999999,prop_127,1000,2000,0.922162485981508,0.936837514018492,False,0.014675028036984061,0.014675028036984061,0.922162485981508,0.936837514018492,0.0,0.0,0.014675028036984061,0.0,0.0
rep0181,0.09,0.0869791866737043,synth_only,0.2,0.020000000000000004,0.04000000000000001,0.13999999999999999,prop_127,1000,2000,0.0636384931626812,0.07836150683731878,False,0.014723013674637575,0.014723013674637575,0.0636384931626812,0.07836150683731878,0.0,0.0,0.014723013674637575,0.0,0.0
rep0182,0.59,0.5935736228241957,synth_only,0.2,0.020000000000000004,0.04000000000000001,0.13999999999999999,prop_127,1000,2000,0.6212005116770707,0.6487994883229293,False,0.02759897664585864,0.02759897664585864,0.6212005116770707,0.6487994883229293,0.0,0.0,0.02759897664585864,0.0,0.0
rep0183,0.68,0.6831723230360666,synth_only,0.2,0.020000000000000004,0.04000000000000001,0.13999999999999999,prop_127,1000,2000,0.524210784206287,0.552789215793713,False,0.028578431587426012,0.028578431587426012,0.524210784206287,0.552789215793713,0.0,0.0,0.028578431587426012,0.0,0.0
rep0184,0.64,0.6429866477224246,synth_only,0.2,0.020000000000000004,0.04000000000000001,0.13999999999999999,prop_127,1000,2000,0.5909878130321485,0.6190121869678514,False,0.028024373935702895,0.028024373935702895,0.5909878130321485,0.6190121869678514,0.0,0.0,0.028024373935702895,0.0,0.0
rep0185,0.57,0.5745381165713259,synth_only,0.2,0.020000000000000004,0.04000000000000001,0.13999999999999999,prop_127,1000,2000,0.5377459514300407,0.5662540485699594,False,0.028508097139918753,0.028508097139918753,0.5377459514300407,0.5662540485699594,0.0,0.0,0.028508097139918753,0.0,0.0
rep0186,0.26,0.25552835430643,synth_only,0.2,0.020000000000000004,0.04000000000000001,0.13999999999999999,prop_127,1000,2000,0.22824957606929164,0.25275042393070835,False,0.024500847861416708,0.024500847861416708,0.22824957606929164,0.25275042393070835,0.0,0.0,0.024500847861416708,0.0,0.0
rep0187,0.45,0.45437456814992283,synth_only,0.2,0.020000000000000004,0.04000000000000001,0.13999999999999999,prop_127,1000,2000,0.4227824552345899,0.4512175447654101,False,0.02843508953082019,0.02843508953082019,0.4227824552345899,0.4512175447654101,0.0,0.0,0.02843508953082019,0.0,0.0
rep0188,0.22,0.22024719648747457,synth_only,0.2,0.020000000000000004,0.04000000000000001,0.13999999999999999,prop_127,1000,2000,0.3209761053374085,0.34802389466259154,False,0.027047789325183036,0.027047789325183036,0.3209761053374085,0.34802389466259154,0.0,0.0,0.027047789325183036,0.0,0.0
rep0189,0.40,0.4042896228583839,synth_only,0.2,0.020000000000000004,0.04000000000000001,0.13999999999999999,prop_127,1000,2000,0.41580938086578617,0.4441906191342138,False,0.028381238268427644,0.028381238268427644,0.41580938086578617,0.4441906191342138,0.0,0.0,0.028381238268427644,0.0,0.0
rep0190,0.42,0.4202381271065776,synth_only,0.2,0.020000000000000004,0.04000000000000001,0.13999999999999999,prop_127,1000,2000,0.4103325659483606,0.4386674340516394,True,0.028334868103278787,0.028334868103278787,0.4103325659483606,0.4386674340516394,0.0,0.0,0.028334868103278787,0.0,0.0
rep0191,0.63,0.6349261713699239,synth_only,0.2,0.020000000000000004,0.04000000000000001,0.13999999999999999,prop_127,1000,2000,0.7997779805360044,0.8222220194639958,False,0.022444038927991405,0.022444038927991405,0.7997779805360044,0.8222220194639958,0.0,0.0,0.022444038927991405,0.0,0.0
rep0192,0.73,0.7341189948490754,synth_only,0.2,0.020000000000000004,0.04000000000000001,0.13999999999999999,prop_127,1000,2000,0.7696554135991256,0.7933445864008744,False,0.02368917280174876,0.02368917280174876,0.7696554135991256,0.7933445864008744,0.0,0.0,0.02368917280174876,0.0,0.0
rep0193,0.24,0.24281262584577007,synth_only,0.2,0.020000000000000004,0.04000000000000001,0.13999999999999999,prop_127,1000,2000,0.3016853347819252,0.3283146652180748,False,0.026629330436149568,0.026629330436149568,0.3016853347819252,0.3283146652180748,0.0,0.0,0.026629330436149568,0.0,0.0
rep0194,0.15,0.14717550424342188,synth_only,0.2,0.020000000000000004,0.04000000000000001,0.13999999999999999,prop_127,1000,2000,0.22186465850949788,0.24613534149050215,False,0.024270682981004266,0.024270682981004266,0.22186465850949788,0.24613534149050215,0.0,0.0,0.024270682981004266,0.0,0.0
rep0195,0.22,0.22276054321615973,synth_only,0.2,0.020000000000000004,0.04000000000000001,0.13999999999999999,prop_127,1000,2000,0.18071020689522987,0.20328979310477013,False,0.02257958620954026,0.02257958620954026,0.18071020689522987,0.20328979310477013,0.0,0.0,0.02257958620954026,0.0,0.0
rep0196,0.89,0.8937836441238065,synth_only,0.2,0.020000000000000004,0.04000000000000001,0.13999999999999999,prop_127,1000,2000,0.9848789639595175,0.9911210360404825,False,0.006242072080965055,0.006242072080965055,0.9848789639595175,0.9911210360404825,0.0,0.0,0.006242072080965055,0.0,0.0
rep0197,0.29,0.28710412471458546,synth_only,0.2,0.020000000000000004,0.04000000000000001,0.13999999999999999,prop_127,1000,2000,0.3288978407561936,0.35610215924380645,False,0.027204318487612844,0.027204318487612844,0.3288978407561936,0.35610215924380645,0.0,0.0,0.027204318487612844,0.0,0.0
rep0198,0.39,0.389571296268631,synth_only,0.2,0.020000000000000004,0.04000000000000001,0.13999999999999999,prop_127,1000,2000,0.643393092475496,0.670606907524504,False,0.027213815049007994,0.027213815049007994,0.643393092475496,0.670606907524504,0.0,0.0,0.027213815049007994,0.0,0.0
rep0199,0.59,0.5869226771015745,synth_only,0.2,0.020000000000000004,0.04000000000000001,0.13999999999999999,prop_127,1000,2000,0.7309826078099705,0.7560173921900296,False,0.025034784380059127,0.025034784380059127,0.7309826078099705,0.7560173921900296,0.0,0.0,0.025034784380059127,0.0,0.0
rep0200,0.48,0.4770473858657075,synth_only,0.2,0.020000000000000004,0.04000000000000001,0.13999999999999999,prop_127,1000,2000,0.595516140155659,0.6234838598443411,False,0.027967719688682058,0.027967719688682058,0.595516140155659,0.6234838598443411,0.0,0.0,0.027967719688682058,0.0,0.0
rep0201,0.94,0.9420692937562978,synth_only,0.2,0.020000000000000004,0.04000000000000001,0.13999999999999999,prop_127,1000,2000,0.9432234229857411,0.9557765770142589,False,0.012553154028517755,0.012553154028517755,0.9432234229857411,0.9557765770142589,0.0,0.0,0.012553154028517755,0.0,0.0
rep0202,0.64,0.6419627186113309,synth_only,0.2,0.020000000000000004,0.04000000000000001,0.13999999999999999,prop_127,1000,2000,0.5086834055621084,0.5373165944378916,False,0.028633188875783144,0.028633188875783144,0.5086834055621084,0.5373165944378916,0.0,0.0,0.028633188875783144,0.0,0.0
rep0203,0.87,0.8728690804042695,synth_only,0.2,0.020000000000000004,0.04000000000000001,0.13999999999999999,prop_127,1000,2000,1.0,1.0,False,0.0,0.0,1.0,1.0,0.0,0.0,0.0,0.0,0.0
rep0204,0.68,0.6817865461635606,synth_only,0.2,0.020000000000000004,0.04000000000000001,0.13999999999999999,prop_127,1000,2000,0.6762374319293425,0.7027625680706575,True,0.02652513614131502,0.02652513614131502,0.6762374319293425,0.7027625680706575,0.0,0.0,0.02652513614131502,0.0,0.0
rep0205,0.79,0.7948124942749676,synth_only,0.2,0.020000000000000004,0.04000000000000001,0.13999999999999999,prop_127,1000,2000,0.7921105197369188,0.8148894802630812,True,0.02277896052616235,0.02277896052616235,0.7921105197369188,0.8148894802630812,0.0,0.0,0.02277896052616235,0.0,0.0
rep0206,0.67,0.6718404300401883,synth_only,0.2,0.020000000000000004,0.04000000000000001,0.13999999999999999,prop_127,1000,2000,0.7885345876196052,0.8114654123803949,False,0.02293082476078978,0.02293082476078978,0.7885345876196052,0.8114654123803949,0.0,0.0,0.02293082476078978,0.0,0.0
rep0207,0.44,0.44111121344232923,synth_only,0.2,0.020000000000000004,0.04000000000000001,0.13999999999999999,prop_127,1000,2000,0.49417030561426467,0.5228296943857352,False,0.028659388771470562,0.028659388771470562,0.49417030561426467,0.5228296943857352,0.0,0.0,0.028659388771470562,0.0,0.0
rep0208,0.39,0.3870028123802113,synth_only,0.2,0.020000000000000004,0.04000000000000001,0.13999999999999999,prop_127,1000,2000,0.3313742666422497,0.3586257333577502,False,0.027251466715500494,0.027251466715500494,0.3313742666422497,0.3586257333577502,0.0,0.0,0.027251466715500494,0.0,0.0
rep0209,0.37,0.3701065675818841,synth_only,0.2,0.020000000000000004,0.04000000000000001,0.13999999999999999,prop_127,1000,2000,0.49367006910790817,0.5223299308920919,False,0.028659861784183727,0.028659861784183727,0.49367006910790817,0.5223299308920919,0.0,0.0,0.028659861784183727,0.0,0.0
rep0210,0.57,0.5720635590694718,synth_only,0.2,0.020000000000000004,0.04000000000000001,0.13999999999999999,prop_127,1000,2000,0.48516824169039097,0.513831758309609,False,0.028663516619218066,0.028663516619218066,0.48516824169039097,0.513831758309609,0.0,0.0,0.028663516619218066,0.0,0.0
rep0211,0.64,0.642605059077068,synth_only,0.2,0.020000000000000004,0.04000000000000001,0.13999999999999999,prop_127,1000,2000,0.7426721822179754,0.7673278177820246,False,0.02465563556404926,0.02465563556404926,0.7426721822179754,0.7673278177820246,0.0,0.0,0.02465563556404926,0.0,0.0
rep0212,0.73,0.7290562436856705,synth_only,0.2,0.020000000000000004,0.04000000000000001,0.13999999999999999,prop_127,1000,2000,0.8557203262556328,0.8752796737443673,False,0.019559347488734558,0.019559347488734558,0.8557203262556328,0.8752796737443673,0.0,0.0,0.019559347488734558,0.0,0.0
rep0213,0.45,0.4504926383647331,synth_only,0.2,0.020000000000000004,0.04000000000000001,0.13999999999999999,prop_127,1000,2000,0.6721910515502278,0.6988089484497721,False,0.026617896899544302,0.026617896899544302,0.6721910515502278,0.6988089484497721,0.0,0.0,0.026617896899544302,0.0,0.0
rep0214,0.20,0.20067437122531753,synth_only,0.2,0.020000000000000004,0.04000000000000001,0.13999999999999999,prop_127,1000,2000,0.16898783101423964,0.19101216898576034,False,0.022024337971520702,0.022024337971520702,0.16898783101423964,0.19101216898576034,0.0,0.0,0.022024337971520702,0.0,0.0
rep0215,0.49,0.4875285464639332,synth_only,0.2,0.020000000000000004,0.04000000000000001,0.13999999999999999,prop_127,1000,2000,0.5227075287660411,0.551292471233959,False,0.028584942467917873,0.028584942467917873,0.5227075287660411,0.551292471233959,0.0,0.0,0.028584942467917873,0.0,0.0
rep0216,0.74,0.7395392601390693,synth_only,0.2,0.020000000000000004,0.04000000000000001,0.13999999999999999,prop_127,1000,2000,0.6899025853928544,0.7160974146071455,False,0.02619482921429106,0.02619482921429106,0.6899025853928544,0.7160974146071455,0.0,0.0,0.02619482921429106,0.0,0.0
rep0217,0.50,0.4987971719081355,synth_only,0.2,0.020000000000000004,0.04000000000000001,0.13999999999999999,prop_127,1000,2000,0.6504611004265627,0.6775388995734374,False,0.027077799146874693,0.027077799146874693,0.6504611004265627,0.6775388995734374,0.0,0.0,0.027077799146874693,0.0,0.0
rep0218,0.51,0.5073383061225171,synth_only,0.2,0.020000000000000004,0.04000000000000001,0.13999999999999999,prop_127,1000,2000,0.5297238349721007,0.5582761650278993,False,0.028552330055798603,0.028552330055798603,0.5297238349721007,0.5582761650278993,0.0,0.0,0.028552330055798603,0.0,0.0
rep0219,0.89,0.8941658073214155,synth_only,0.2,0.020000000000000004,0.04000000000000001,0.13999999999999999,prop_127,1000,2000,0.8536592729719875,0.8733407270280126,False,0.01968145405602506,0.01968145405602506,0.8536592729719875,0.8733407270280126,0.0,0.0,0.01968145405602506,0.0,0.0
rep0220,0.79,0.7864265865773533,synth_only,0.2,0.020000000000000004,0.04000000000000001,0.13999999999999999,prop_127,1000,2000,0.7284429196138401,0.7535570803861599,False,0.02511416077231976,0.02511416077231976,0.7284429196138401,0.7535570803861599,0.0,0.0,0.02511416077231976,0.0,0.0
rep0221,0.22,0.2163437682887907,synth_only,0.2,0.020000000000000004,0.04000000000000001,0.13999999999999999,prop_127,1000,2000,0.25382703153438824,0.2791729684656118,False,0.025345936931223556,0.025345936931223556,0.25382703153438824,0.2791729684656118,0.0,0.0,0.025345936931223556,0.0,0.0
rep0222,0.68,0.6820867442155607,synth_only,0.2,0.020000000000000004,0.04000000000000001,0.13999999999999999,prop_127,1000,2000,0.883103401461136,0.9008965985388641,False,0.017793197077728085,0.017793197077728085,0.883103401461136,0.9008965985388641,0.0,0.0,0.017793197077728085,0.0,0.0
rep0223,0.08,0.07965047967022967,synth_only,0.2,0.020000000000000004,0.04000000000000001,0.13999999999999999,prop_127,1000,2000,0.21744666145403188,0.24155333854596814,False,0.024106677091936257,0.024106677091936257,0.21744666145403188,0.24155333854596814,0.0,0.0,0.024106677091936257,0.0,0.0
rep0224,0.25,0.24867478111818783,synth_only,0.2,0.020000000000000004,0.04000000000000001,0.13999999999999999,prop_127,1000,2000,0.2967433106090896,0.3232566893909104,False,0.026513378781820807,0.026513378781820807,0.2967433106090896,0.3232566893909104,0.0,0.0,0.026513378781820807,0.0,0.0
rep0225,0.48,0.4845689469039558,synth_only,0.2,0.020000000000000004,0.04000000000000001,0.13999999999999999,prop_127,1000,2000,0.4302567990119922,0.4587432009880078,False,0.028486401976015596,0.028486401976015596,0.4302567990119922,0.4587432009880078,0.0,0.0,0.028486401976015596,0.0,0.0
rep0226,0.48,0.47816637756057156,synth_only,0.2,0.020000000000000004,0.04000000000000001,0.13999999999999999,prop_127,1000,2000,0.5267164991897823,0.5552835008102178,False,0.028567001620435573,0.028567001620435573,0.5267164991897823,0.5552835008102178,0.0,0.0,0.028567001620435573,0.0,0.0
rep0227,0.36,0.35928621215960094,synth_only,0.2,0.020000000000000004,0.04000000000000001,0.13999999999999999,prop_127,1000,2000,0.4247752913751433,0.4532247086248567,False,0.028449417249713393,0.028449417249713393,0.4247752913751433,0.4532247086248567,0.0,0.0,0.028449417249713393,0.0,0.0
rep0228,0.76,0.7594286059822114,synth_only,0.2,0.020000000000000004,0.04000000000000001,0.13999999999999999,prop_127,1000,2000,0.8054050380473795,0.8275949619526205,False,0.022189923905240994,0.022189923905240994,0.8054050380473795,0.8275949619526205,0.0,0.0,0.022189923905240994,0.0,0.0
rep0229,0.25,0.2514890147025645,synth_only,0.2,0.020000000000000004,0.04000000000000001,0.13999999999999999,prop_127,1000,2000,0.3373193858215171,0.36468061417848285,False,0.02736122835696575,0.02736122835696575,0.3373193858215171,0.36468061417848285,0.0,0.0,0.02736122835696575,0.0,0.0
rep0230,0.50,0.49641499509083253,synth_only,0.2,0.020000000000000004,0.04000000000000001,0.13999999999999999,prop_127,1000,2000,0.6020592654831952,0.6299407345168048,False,0.02788146903360955,0.02788146903360955,0.6020592654831952,0.6299407345168048,0.0,0.0,0.02788146903360955,0.0,0.0
rep0231,0.80,0.7983434811723167,synth_only,0.2,0.020000000000000004,0.04000000000000001,0.13999999999999999,prop_127,1000,2000,0.723365136365193,0.748634863634807,False,0.025269727269614073,0.025269727269614073,0.723365136365193,0.748634863634807,0.0,0.0,0.025269727269614073,0.0,0.0
rep0232,0.76,0.7565532997342485,synth_only,0.2,0.020000000000000004,0.04000000000000001,0.13999999999999999,prop_127,1000,2000,0.6878772670308055,0.7141227329691944,False,0.026245465938388834,0.026245465938388834,0.6878772670308055,0.7141227329691944,0.0,0.0,0.026245465938388834,0.0,0.0
rep0233,0.52,0.5169508350813503,synth_only,0.2,0.020000000000000004,0.04000000000000001,0.13999999999999999,prop_127,1000,2000,0.6000457170033334,0.6279542829966666,False,0.027908565993333134,0.027908565993333134,0.6000457170033334,0.6279542829966666,0.0,0.0,0.027908565993333134,0.0,0.0
rep0234,0.24,0.2370544948518857,synth_only,0.2,0.020000000000000004,0.04000000000000001,0.13999999999999999,prop_127,1000,2000,0.362612297402064,0.390387702597936,False,0.02777540519587196,0.02777540519587196,0.362612297402064,0.390387702597936,0.0,0.0,0.02777540519587196,0.0,0.0
rep0235,0.17,0.17288434210222248,synth_only,0.2,0.020000000000000004,0.04000000000000001,0.13999999999999999,prop_127,1000,2000,0.42676836204143564,0.45523163795856436,False,0.028463275917128716,0.028463275917128716,0.42676836204143564,0.45523163795856436,0.0,0.0,0.028463275917128716,0.0,0.0
rep0236,0.47,0.47392236061284154,synth_only,0.2,0.020000000000000004,0.04000000000000001,0.13999999999999999,prop_127,1000,2000,0.552295557390029,0.580704442609971,False,0.028408885219942004,0.028408885219942004,0.552295557390029,0.580704442609971,0.0,0.0,0.028408885219942004,0.0,0.0
rep0237,0.21,0.20973108962931705,synth_only,0.2,0.020000000000000004,0.04000000000000001,0.13999999999999999,prop_127,1000,2000,0.20714566317978403,0.23085433682021597,True,0.023708673640431943,0.023708673640431943,0.20714566317978403,0.23085433682021597,0.0,0.0,0.023708673640431943,0.0,0.0
rep0238,0.49,0.4874129907226953,synth_only,0.2,0.020000000000000004,0.04000000000000001,0.13999999999999999,prop_127,1000,2000,0.5492842828853932,0.5777157171146068,False,0.02843143422921357,0.02843143422921357,0.5492842828853932,0.5777157171146068,0.0,0.0,0.02843143422921357,0.0,0.0
rep0239,0.61,0.6112675775109,synth_only,0.2,0.020000000000000004,0.04000000000000001,0.13999999999999999,prop_127,1000,2000,0.7472495760692917,0.7717504239307083,False,0.024500847861416597,0.024500847861416597,0.7472495760692917,0.7717504239307083,0.0,0.0,0.024500847861416597,0.0,0.0
rep0240,0.83,0.8330230644374834,synth_only,0.2,0.020000000000000004,0.04000000000000001,0.13999999999999999,prop_127,1000,2000,0.8018237588367962,0.8241762411632036,False,0.022352482326407408,0.022352482326407408,0.8018237588367962,0.8241762411632036,0.0,0.0,0.022352482326407408,0.0,0.0
rep0241,0.09,0.08800068387601229,synth_only,0.2,0.020000000000000004,0.04000000000000001,0.13999999999999999,prop_127,1000,2000,0.05888335841021157,0.07311664158978844,False,0.014233283179576867,0.014233283179576867,0.05888335841021157,0.07311664158978844,0.0,0.0,0.014233283179576867,0.0,0.0
rep0242,0.36,0.35514568575172045,synth_only,0.2,0.020000000000000004,0.04000000000000001,0.13999999999999999,prop_127,1000,2000,0.36856959030874437,0.39643040969125565,False,0.02786081938251128,0.02786081938251128,0.36856959030874437,0.39643040969125565,0.0,0.0,0.02786081938251128,0.0,0.0
rep0243,0.05,0.046892072024196256,synth_only,0.2,0.020000000000000004,0.04000000000000001,0.13999999999999999,prop_127,1000,2000,0.3086071664535049,0.33539283354649513,False,0.02678566709299024,0.02678566709299024,0.3086071664535049,0.33539283354649513,0.0,0.0,0.02678566709299024,0.0,0.0
rep0244,0.69,0.6944375779997,synth_only,0.2,0.020000000000000004,0.04000000000000001,0.13999999999999999,prop_127,1000,2000,0.6514710866690833,0.6785289133309168,False,0.02705782666183354,0.02705782666183354,0.6514710866690833,0.6785289133309168,0.0,0.0,0.02705782666183354,0.0,0.0
rep0245,0.89,0.886166604165183,synth_only,0.2,0.020000000000000004,0.04000000000000001,0.13999999999999999,prop_127,1000,2000,1.0,1.0,False,0.0,0.0,1.0,1.0,0.0,0.0,0.0,0.0,0.0
rep0246,0.30,0.298515702451568,synth_only,0.2,0.020000000000000004,0.04000000000000001,0.13999999999999999,prop_127,1000,2000,0.3313742666422497,0.3586257333577502,False,0.027251466715500494,0.027251466715500494,0.3313742666422497,0.3586257333577502,0.0,0.0,0.027251466715500494,0.0,0.0
rep0247,0.79,0.7946551174615434,synth_only,0.2,0.020000000000000004,0.04000000000000001,0.13999999999999999,prop_127,1000,2000,0.744706352253783,0.769293647746217,False,0.02458729549243399,0.02458729549243399,0.744706352253783,0.769293647746217,0.0,0.0,0.02458729549243399,0.0,0.0
rep0248,0.56,0.563712294337859,synth_only,0.2,0.020000000000000004,0.04000000000000001,0.13999999999999999,prop_127,1000,2000,0.7472495760692917,0.7717504239307083,False,0.024500847861416597,0.024500847861416597,0.7472495760692917,0.7717504239307083,0.0,0.0,0.024500847861416597,0.0,0.0
rep0249,0.42,0.4186202762119195,synth_only,0.2,0.020000000000000004,0.04000000000000001,0.13999999999999999,prop_127,1000,2000,0.49367006910790817,0.5223299308920919,False,0.028659861784183727,0.028659861784183727,0.49367006910790817,0.5223299308920919,0.0,0.0,0.028659861784183727,0.0,0.0
rep0250,0.61,0.6068156800833652,synth_only,0.2,0.020000000000000004,0.04000000000000001,0.13999999999999999,prop_127,1000,2000,0.7660876903455225,0.7899123096544776,False,0.023824619308955075,0.023824619308955075,0.7660876903455225,0.7899123096544776,0.0,0.0,0.023824619308955075,0.0,0.0
rep0251,0.86,0.8618993400469015,synth_only,0.2,0.020000000000000004,0.04000000000000001,0.13999999999999999,prop_127,1000,2000,0.6514710866690833,0.6785289133309168,False,0.02705782666183354,0.02705782666183354,0.6514710866690833,0.6785289133309168,0.0,0.0,0.02705782666183354,0.0,0.0
rep0252,0.67,0.6697353685544964,synth_only,0.2,0.020000000000000004,0.04000000000000001,0.13999999999999999,prop_127,1000,2000,0.6040730631149217,0.6319269368850783,False,0.02785387377015658,0.02785387377015658,0.6040730631149217,0.6319269368850783,0.0,0.0,0.02785387377015658,0.0,0.0
rep0253,0.23,0.2315792110325076,synth_only,0.2,0.020000000000000004,0.04000000000000001,0.13999999999999999,prop_127,1000,2000,0.19196002719714012,0.21503997280285986,False,0.023079945605719743,0.023079945605719743,0.19196002719714012,0.21503997280285986,0.0,0.0,0.023079945605719743,0.0,0.0
rep0254,0.35,0.3488156308575838,synth_only,0.2,0.020000000000000004,0.04000000000000001,0.13999999999999999,prop_127,1000,2000,0.2577671397856344,0.2832328602143656,False,0.025465720428731187,0.025465720428731187,0.2577671397856344,0.2832328602143656,0.0,0.0,0.025465720428731187,0.0,0.0
rep0255,0.55,0.5452873026238187,synth_only,0.2,0.020000000000000004,0.04000000000000001,0.13999999999999999,prop_127,1000,2000,0.7487757853488073,0.7732242146511927,False,0.024448429302385444,0.024448429302385444,0.7487757853488073,0.7732242146511927,0.0,0.0,0.024448429302385444,0.0,0.0
rep0256,0.33,0.3276252070311755,synth_only,0.2,0.020000000000000004,0.04000000000000001,0.13999999999999999,prop_127,1000,2000,0.6106196351941643,0.6383803648058358,False,0.02776072961167153,0.02776072961167153,0.6106196351941643,0.6383803648058358,0.0,0.0,0.02776072961167153,0.0,0.0
rep0257,0.22,0.220046292910381,synth_only,0.2,0.020000000000000004,0.04000000000000001,0.13999999999999999,prop_127,1000,2000,0.5081827527906472,0.5368172472093528,False,0.02863449441870558,0.02863449441870558,0.5081827527906472,0.5368172472093528,0.0,0.0,0.02863449441870558,0.0,0.0
rep0258,0.31,0.31273323894841487,synth_only,0.2,0.020000000000000004,0.04000000000000001,0.13999999999999999,prop_127,1000,2000,0.44970543072953845,0.4782945692704616,False,0.028589138540923154,0.028589138540923154,0.44970543072953845,0.4782945692704616,0.0,0.0,0.028589138540923154,0.0,0.0
rep0259,0.84,0.8399520058838762,synth_only,0.2,0.020000000000000004,0.04000000000000001,0.13999999999999999,prop_127,1000,2000,0.8639718978211096,0.8830281021788905,False,0.01905620435778088,0.01905620435778088,0.8639718978211096,0.8830281021788905,0.0,0.0,0.01905620435778088,0.0,0.0
rep0260,0.21,0.21464953008967663,synth_only,0.2,0.020000000000000004,0.04000000000000001,0.13999999999999999,prop_127,1000,2000,0.31949126375862313,0.3465087362413769,False,0.027017472482753768,0.027017472482753768,0.31949126375862313,0.3465087362413769,0.0,0.0,0.027017472482753768,0.0,0.0
rep0261,0.61,0.6065874678869797,synth_only,0.2,0.020000000000000004,0.04000000000000001,0.13999999999999999,prop_127,1000,2000,0.6035695903087444,0.6314304096912557,True,0.027860819382511393,0.027860819382511393,0.6035695903087444,0.6314304096912557,0.0,0.0,0.027860819382511393,0.0,0.0
rep0262,0.42,0.41841575630940175,synth_only,0.2,0.020000000000000004,0.04000000000000001,0.13999999999999999,prop_127,1000,2000,0.46518028543991585,0.4938197145600841,False,0.028639429120168258,0.028639429120168258,0.46518028543991585,0.4938197145600841,0.0,0.0,0.028639429120168258,0.0,0.0
rep0263,0.64,0.6354933957032018,synth_only,0.2,0.020000000000000004,0.04000000000000001,0.13999999999999999,prop_127,1000,2000,0.6661236249875724,0.6928763750124276,False,0.02675275002485522,0.02675275002485522,0.6661236249875724,0.6928763750124276,0.0,0.0,0.02675275002485522,0.0,0.0
rep0264,0.36,0.36398743894398605,synth_only,0.2,0.020000000000000004,0.04000000000000001,0.13999999999999999,prop_127,1000,2000,0.35616112376912856,0.38383887623087143,True,0.027677752461742866,0.027677752461742866,0.35616112376912856,0.38383887623087143,0.0,0.0,0.027677752461742866,0.0,0.0
rep0265,0.58,0.5839228597765382,synth_only,0.2,0.020000000000000004,0.04000000000000001,0.13999999999999999,prop_127,1000,2000,0.36559066165522125,0.39340933834477876,False,0.02781867668955751,0.02781867668955751,0.36559066165522125,0.39340933834477876,0.0,0.0,0.02781867668955751,0.0,0.0
rep0266,0.86,0.8571151432735223,synth_only,0.2,0.020000000000000004,0.04000000000000001,0.13999999999999999,prop_127,1000,2000,0.8763730280767681,0.8946269719232318,False,0.018253943846463727,0.018253943846463727,0.8763730280767681,0.8946269719232318,0.0,0.0,0.018253943846463727,0.0,0.0
rep0267,0.62,0.6225927707554104,synth_only,0.2,0.020000000000000004,0.04000000000000001,0.13999999999999999,prop_127,1000,2000,0.7615024118191619,0.785497588180838,False,0.02399517636167614,0.02399517636167614,0.7615024118191619,0.785497588180838,0.0,0.0,0.02399517636167614,0.0,0.0
rep0268,0.27,0.27127696002390533,synth_only,0.2,0.020000000000000004,0.04000000000000001,0.13999999999999999,prop_127,1000,2000,0.34078846958046666,0.3682115304195333,False,0.02742306083906665,0.02742306083906665,0.34078846958046666,0.3682115304195333,0.0,0.0,0.02742306083906665,0.0,0.0
rep0269,0.81,0.80995904835551,synth_only,0.2,0.020000000000000004,0.04000000000000001,0.13999999999999999,prop_127,1000,2000,1.0,1.0,False,0.0,0.0,1.0,1.0,0.0,0.0,0.0,0.0,0.0
rep0270,0.85,0.8472666218190608,synth_only,0.2,0.020000000000000004,0.04000000000000001,0.13999999999999999,prop_127,1000,2000,1.0,1.0,False,0.0,0.0,1.0,1.0,0.0,0.0,0.0,0.0,0.0
rep0271,0.73,0.7295466983738702,synth_only,0.2,0.020000000000000004,0.04000000000000001,0.13999999999999999,prop_127,1000,2000,0.8428500741065342,0.8631499258934657,False,0.0202998517869315,0.0202998517869315,0.8428500741065342,0.8631499258934657,0.0,0.0,0.0202998517869315,0.0,0.0
rep0272,0.05,0.054946033858017725,synth_only,0.2,0.020000000000000004,0.04000000000000001,0.13999999999999999,prop_127,1000,2000,0.0,0.0,False,0.0,0.0,0.0,0.0,0.0,0.0,0.0,0.0,0.0
rep0273,0.28,0.28188189656186624,synth_only,0.2,0.020000000000000004,0.04000000000000001,0.13999999999999999,prop_127,1000,2000,0.18462148075237297,0.20737851924762704,False,0.022757038495254067,0.022757038495254067,0.18462148075237297,0.20737851924762704,0.0,0.0,0.022757038495254067,0.0,0.0
rep0274,0.45,0.4520708586248962,synth_only,0.2,0.020000000000000004,0.04000000000000001,0.13999999999999999,prop_127,1000,2000,0.5186994831766336,0.5473005168233664,False,0.028601033646732832,0.028601033646732832,0.5186994831766336,0.5473005168233664,0.0,0.0,0.028601033646732832,0.0,0.0
rep0275,0.53,0.5272745302056078,synth_only,0.2,0.020000000000000004,0.04000000000000001,0.13999999999999999,prop_127,1000,2000,0.4561932007080785,0.48480679929192144,False,0.028613598583842936,0.028613598583842936,0.4561932007080785,0.48480679929192144,0.0,0.0,0.028613598583842936,0.0,0.0
rep0276,0.19,0.18801833515699878,synth_only,0.2,0.020000000000000004,0.04000000000000001,0.13999999999999999,prop_127,1000,2000,0.3308789480418733,0.35812105195812666,False,0.02724210391625337,0.02724210391625337,0.3308789480418733,0.35812105195812666,0.0,0.0,0.02724210391625337,0.0,0.0
rep0277,0.39,0.39456858338614365,synth_only,0.2,0.020000000000000004,0.04000000000000001,0.13999999999999999,prop_127,1000,2000,0.4906689511306958,0.5193310488693041,False,0.02866209773860834,0.02866209773860834,0.4906689511306958,0.5193310488693041,0.0,0.0,0.02866209773860834,0.0,0.0
rep0278,0.76,0.7554225841633077,synth_only,0.2,0.020000000000000004,0.04000000000000001,0.13999999999999999,prop_127,1000,2000,0.7767946144462674,0.8002053855537326,False,0.023410771107465145,0.023410771107465145,0.7767946144462674,0.8002053855537326,0.0,0.0,0.023410771107465145,0.0,0.0
rep0279,0.04,0.04151735625906018,synth_only,0.2,0.020000000000000004,0.04000000000000001,0.13999999999999999,prop_127,1000,2000,0.0,0.0,False,0.0,0.0,0.0,0.0,0.0,0.0,0.0,0.0,0.0
rep0280,0.54,0.53504006680339,synth_only,0.2,0.020000000000000004,0.04000000000000001,0.13999999999999999,prop_127,1000,2000,0.571379326686841,0.599620673313159,False,0.028241346626318053,0.028241346626318053,0.571379326686841,0.599620673313159,0.0,0.0,0.028241346626318053,0.0,0.0
rep0281,0.55,0.5504709865207026,synth_only,0.2,0.020000000000000004,0.04000000000000001,0.13999999999999999,prop_127,1000,2000,0.5517936415388075,0.5802063584611924,False,0.028412716922384895,0.028412716922384895,0.5517936415388075,0.5802063584611924,0.0,0.0,0.028412716922384895,0.0,0.0
rep0282,0.23,0.22710822033450845,synth_only,0.2,0.020000000000000004,0.04000000000000001,0.13999999999999999,prop_127,1000,2000,0.3288978407561936,0.35610215924380645,False,0.027204318487612844,0.027204318487612844,0.3288978407561936,0.35610215924380645,0.0,0.0,0.027204318487612844,0.0,0.0
rep0283,0.48,0.4777436706812082,synth_only,0.2,0.020000000000000004,0.04000000000000001,0.13999999999999999,prop_127,1000,2000,0.5066808807210902,0.5353191192789098,False,0.028638238557819662,0.028638238557819662,0.5066808807210902,0.5353191192789098,0.0,0.0,0.028638238557819662,0.0,0.0
rep0284,0.41,0.4093964434284971,synth_only,0.2,0.020000000000000004,0.04000000000000001,0.13999999999999999,prop_127,1000,2000,0.47767006910790816,0.5063299308920919,False,0.028659861784183727,0.028659861784183727,0.47767006910790816,0.5063299308920919,0.0,0.0,0.028659861784183727,0.0,0.0
rep0285,0.34,0.3408505284075688,synth_only,0.2,0.020000000000000004,0.04000000000000001,0.13999999999999999,prop_127,1000,2000,0.470674685270715,0.499325314729285,False,0.02865062945857,0.02865062945857,0.470674685270715,0.499325314729285,0.0,0.0,0.02865062945857,0.0,0.0
rep0286,0.63,0.6326601693945919,synth_only,0.2,0.020000000000000004,0.04000000000000001,0.13999999999999999,prop_127,1000,2000,0.7122013241871853,0.7377986758128147,False,0.025597351625629372,0.025597351625629372,0.7122013241871853,0.7377986758128147,0.0,0.0,0.025597351625629372,0.0,0.0
rep0287,0.29,0.2853408007468048,synth_only,0.2,0.020000000000000004,0.04000000000000001,0.13999999999999999,prop_127,1000,2000,0.3318696019196787,0.35913039808032127,False,0.027260796160642586,0.027260796160642586,0.3318696019196787,0.35913039808032127,0.0,0.0,0.027260796160642586,0.0,0.0
rep0288,0.12,0.1191548375086374,synth_only,0.2,0.020000000000000004,0.04000000000000001,0.13999999999999999,prop_127,1000,2000,0.12084461184586937,0.14015538815413064,False,0.01931077630826128,0.01931077630826128,0.12084461184586937,0.14015538815413064,0.0,0.0,0.01931077630826128,0.0,0.0
rep0289,0.55,0.5483031100363225,synth_only,0.2,0.020000000000000004,0.04000000000000001,0.13999999999999999,prop_127,1000,2000,0.5889756223527473,0.6170243776472527,False,0.028048755294505456,0.028048755294505456,0.5889756223527473,0.6170243776472527,0.0,0.0,0.028048755294505456,0.0,0.0
rep0290,0.21,0.20681973976642407,synth_only,0.2,0.020000000000000004,0.04000000000000001,0.13999999999999999,prop_127,1000,2000,0.12423570181347578,0.14376429818652423,False,0.01952859637304845,0.01952859637304845,0.12423570181347578,0.14376429818652423,0.0,0.0,0.01952859637304845,0.0,0.0
rep0291,0.36,0.3560093623139204,synth_only,0.2,0.020000000000000004,0.04000000000000001,0.13999999999999999,prop_127,1000,2000,0.3313742666422497,0.3586257333577502,True,0.027251466715500494,0.027251466715500494,0.3313742666422497,0.3586257333577502,0.0,0.0,0.027251466715500494,0.0,0.0
rep0292,0.65,0.6539878698642645,synth_only,0.2,0.020000000000000004,0.04000000000000001,0.13999999999999999,prop_127,1000,2000,0.7436892220113658,0.7683107779886342,False,0.02462155597726845,0.02462155597726845,0.7436892220113658,0.7683107779886342,0.0,0.0,0.02462155597726845,0.0,0.0
rep0293,0.60,0.6000084135548737,synth_only,0.2,0.020000000000000004,0.04000000000000001,0.13999999999999999,prop_127,1000,2000,0.7299666682853198,0.7550333317146803,False,0.02506666342936059,0.02506666342936059,0.7299666682853198,0.7550333317146803,0.0,0.0,0.02506666342936059,0.0,0.0
rep0294,0.33,0.32763210151945477,synth_only,0.2,0.020000000000000004,0.04000000000000001,0.13999999999999999,prop_127,1000,2000,0.46767752451946876,0.4963224754805312,False,0.028644950961062454,0.028644950961062454,0.46767752451946876,0.4963224754805312,0.0,0.0,0.028644950961062454,0.0,0.0
rep0295,0.88,0.8832141421695131,synth_only,0.2,0.020000000000000004,0.04000000000000001,0.13999999999999999,prop_127,1000,2000,0.9581247090036129,0.9688752909963871,False,0.010750581992774233,0.010750581992774233,0.9581247090036129,0.9688752909963871,0.0,0.0,0.010750581992774233,0.0,0.0
rep0296,0.41,0.4081027203307714,synth_only,0.2,0.020000000000000004,0.04000000000000001,0.13999999999999999,prop_127,1000,2000,0.5277188865013632,0.5562811134986368,False,0.02856222699727362,0.02856222699727362,0.5277188865013632,0.5562811134986368,0.0,0.0,0.02856222699727362,0.0,0.0
rep0297,0.27,0.2739059571062849,synth_only,0.2,0.020000000000000004,0.04000000000000001,0.13999999999999999,prop_127,1000,2000,0.4352415210724189,0.4637584789275811,False,0.028516957855162173,0.028516957855162173,0.4352415210724189,0.4637584789275811,0.0,0.0,0.028516957855162173,0.0,0.0
rep0298,0.51,0.5140009157446145,synth_only,0.2,0.020000000000000004,0.04000000000000001,0.13999999999999999,prop_127,1000,2000,0.48366834917908885,0.5123316508209111,False,0.028663301641822292,0.028663301641822292,0.48366834917908885,0.5123316508209111,0.0,0.0,0.028663301641822292,0.0,0.0
rep0299,0.17,0.1667066850284299,synth_only,0.2,0.020000000000000004,0.04000000000000001,0.13999999999999999,prop_127,1000,2000,0.2380800635937395,0.2629199364062605,False,0.02483987281252098,0.02483987281252098,0.2380800635937395,0.2629199364062605,0.0,0.0,0.02483987281252098,0.0,0.0
rep0300,0.29,0.2857072276657689,synth_only,0.2,0.020000000000000004,0.04000000000000001,0.13999999999999999,prop_127,1000,2000,0.27650021967210336,0.3024997803278966,True,0.02599956065579323,0.02599956065579323,0.27650021967210336,0.3024997803278966,0.0,0.0,0.02599956065579323,0.0,0.0
rep0301,0.73,0.7339092242236632,synth_only,0.2,0.020000000000000004,0.04000000000000001,0.13999999999999999,prop_127,1000,2000,0.7813868120493201,0.8046131879506799,False,0.023226375901359786,0.023226375901359786,0.7813868120493201,0.8046131879506799,0.0,0.0,0.023226375901359786,0.0,0.0
rep0302,0.68,0.6834706483229728,synth_only,0.2,0.020000000000000004,0.04000000000000001,0.13999999999999999,prop_127,1000,2000,0.6413742666422497,0.6686257333577503,False,0.027251466715500605,0.027251466715500605,0.6413742666422497,0.6686257333577503,0.0,0.0,0.027251466715500605,0.0,0.0
rep0303,0.61,0.6109959230101963,synth_only,0.2,0.020000000000000004,0.04000000000000001,0.13999999999999999,prop_127,1000,2000,0.6899025853928544,0.7160974146071455,False,0.02619482921429106,0.02619482921429106,0.6899025853928544,0.7160974146071455,0.0,0.0,0.02619482921429106,0.0,0.0
rep0304,0.56,0.5551292467317489,synth_only,0.2,0.020000000000000004,0.04000000000000001,0.13999999999999999,prop_127,1000,2000,0.5940065593045948,0.6219934406954052,False,0.027986881390810403,0.027986881390810403,0.5940065593045948,0.6219934406954052,0.0,0.0,0.027986881390810403,0.0,0.0
rep0305,0.10,0.1005941094292902,synth_only,0.2,0.020000000000000004,0.04000000000000001,0.13999999999999999,prop_127,1000,2000,0.18853458761960515,0.21146541238039487,False,0.022930824760789725,0.022930824760789725,0.18853458761960515,0.21146541238039487,0.0,0.0,0.022930824760789725,0.0,0.0
rep0306,0.72,0.7188019784642963,synth_only,0.2,0.020000000000000004,0.04000000000000001,0.13999999999999999,prop_127,1000,2000,0.7625211901071358,0.7864788098928641,False,0.0239576197857283,0.0239576197857283,0.7625211901071358,0.7864788098928641,0.0,0.0,0.0239576197857283,0.0,0.0
rep0307,0.51,0.5068510117643481,synth_only,0.2,0.020000000000000004,0.04000000000000001,0.13999999999999999,prop_127,1000,2000,0.5869636763937474,0.6150363236062526,False,0.028072647212505242,0.028072647212505242,0.5869636763937474,0.6150363236062526,0.0,0.0,0.028072647212505242,0.0,0.0
rep0308,0.14,0.1375084237151595,synth_only,0.2,0.020000000000000004,0.04000000000000001,0.13999999999999999,prop_127,1000,2000,0.24103094397440836,0.2659690560255916,False,0.024938112051183264,0.024938112051183264,0.24103094397440836,0.2659690560255916,0.0,0.0,0.024938112051183264,0.0,0.0
rep0309,0.82,0.8230979952228714,synth_only,0.2,0.020000000000000004,0.04000000000000001,0.13999999999999999,prop_127,1000,2000,1.0,1.0,False,0.0,0.0,1.0,1.0,0.0,0.0,0.0,0.0,0.0
rep0310,0.38,0.3849178123777623,synth_only,0.2,0.020000000000000004,0.04000000000000001,0.13999999999999999,prop_127,1000,2000,0.47667055645860534,0.5053294435413946,False,0.028658887082789297,0.028658887082789297,0.47667055645860534,0.5053294435413946,0.0,0.0,0.028658887082789297,0.0,0.0
rep0311,0.14,0.13772731348913403,synth_only,0.2,0.020000000000000004,0.04000000000000001,0.13999999999999999,prop_127,1000,2000,0.27798035026895085,0.3040196497310491,False,0.026039299462098264,0.026039299462098264,0.27798035026895085,0.3040196497310491,0.0,0.0,0.026039299462098264,0.0,0.0
rep0312,0.77,0.7651640383991807,synth_only,0.2,0.020000000000000004,0.04000000000000001,0.13999999999999999,prop_127,1000,2000,0.7106797491202218,0.7363202508797783,False,0.025640501759556455,0.025640501759556455,0.7106797491202218,0.7363202508797783,0.0,0.0,0.025640501759556455,0.0,0.0
rep0313,0.87,0.8651511229833888,synth_only,0.2,0.020000000000000004,0.04000000000000001,0.13999999999999999,prop_127,1000,2000,0.8779253325241451,0.896074667475855,False,0.018149334951709895,0.018149334951709895,0.8779253325241451,0.896074667475855,0.0,0.0,0.018149334951709895,0.0,0.0
rep0314,0.55,0.5451150387422286,synth_only,0.2,0.020000000000000004,0.04000000000000001,0.13999999999999999,prop_127,1000,2000,0.4751713950272776,0.5038286049727223,False,0.028657209945444684,0.028657209945444684,0.4751713950272776,0.5038286049727223,0.0,0.0,0.028657209945444684,0.0,0.0
rep0315,0.56,0.5644661717184385,synth_only,0.2,0.020000000000000004,0.04000000000000001,0.13999999999999999,prop_127,1000,2000,0.5879696188225654,0.6160303811774346,False,0.028060762354869206,0.028060762354869206,0.5879696188225654,0.6160303811774346,0.0,0.0,0.028060762354869206,0.0,0.0
rep0316,0.63,0.6280829997175954,synth_only,0.2,0.020000000000000004,0.04000000000000001,0.13999999999999999,prop_127,1000,2000,0.4956711011642942,0.5243288988357058,False,0.028657797671411578,0.028657797671411578,0.4956711011642942,0.5243288988357058,0.0,0.0,0.028657797671411578,0.0,0.0
rep0317,0.69,0.6902270980137905,synth_only,0.2,0.020000000000000004,0.04000000000000001,0.13999999999999999,prop_127,1000,2000,0.4133196975659025,0.4416803024340975,False,0.028360604868195027,0.028360604868195027,0.4133196975659025,0.4416803024340975,0.0,0.0,0.028360604868195027,0.0,0.0
rep0318,0.14,0.14100463235908287,synth_only,0.2,0.020000000000000004,0.04000000000000001,0.13999999999999999,prop_127,1000,2000,0.2794606529122882,0.30553934708771174,False,0.026078694175423522,0.026078694175423522,0.2794606529122882,0.30553934708771174,0.0,0.0,0.026078694175423522,0.0,0.0
rep0319,0.24,0.23699663893414466,synth_only,0.2,0.020000000000000004,0.04000000000000001,0.13999999999999999,prop_127,1000,2000,0.19440759488510015,0.21759240511489983,False,0.02318481022979968,0.02318481022979968,0.19440759488510015,0.21759240511489983,0.0,0.0,0.02318481022979968,0.0,0.0
rep0320,0.83,0.827387100801788,synth_only,0.2,0.020000000000000004,0.04000000000000001,0.13999999999999999,prop_127,1000,2000,0.8146210759976876,0.8363789240023124,True,0.02175784800462477,0.02175784800462477,0.8146210759976876,0.8363789240023124,0.0,0.0,0.02175784800462477,0.0,0.0
rep0321,0.15,0.14973648197777956,synth_only,0.2,0.020000000000000004,0.04000000000000001,0.13999999999999999,prop_127,1000,2000,0.18119901441753686,0.20380098558246315,False,0.022601971164926293,0.022601971164926293,0.18119901441753686,0.20380098558246315,0.0,0.0,0.022601971164926293,0.0,0.0
rep0322,0.54,0.5440223548145217,synth_only,0.2,0.020000000000000004,0.04000000000000001,0.13999999999999999,prop_127,1000,2000,0.6625854675149381,0.689414532485062,False,0.02682906497012394,0.02682906497012394,0.6625854675149381,0.689414532485062,0.0,0.0,0.02682906497012394,0.0,0.0
rep0323,0.62,0.6227358224359697,synth_only,0.2,0.020000000000000004,0.04000000000000001,0.13999999999999999,prop_127,1000,2000,0.7122013241871853,0.7377986758128147,False,0.025597351625629372,0.025597351625629372,0.7122013241871853,0.7377986758128147,0.0,0.0,0.025597351625629372,0.0,0.0
rep0324,0.53,0.530734929476436,synth_only,0.2,0.020000000000000004,0.04000000000000001,0.13999999999999999,prop_127,1000,2000,0.5457717974142597,0.5742282025857404,False,0.028456405171480625,0.028456405171480625,0.5457717974142597,0.5742282025857404,0.0,0.0,0.028456405171480625,0.0,0.0
rep0325,0.79,0.7936689707678996,synth_only,0.2,0.020000000000000004,0.04000000000000001,0.13999999999999999,prop_127,1000,2000,0.828978502482686,0.850021497517314,False,0.02104299503462803,0.02104299503462803,0.828978502482686,0.850021497517314,0.0,0.0,0.02104299503462803,0.0,0.0
rep0326,0.54,0.5426056725752102,synth_only,0.2,0.020000000000000004,0.04000000000000001,0.13999999999999999,prop_127,1000,2000,0.3487208068330297,0.3762791931669703,False,0.027558386333940588,0.027558386333940588,0.3487208068330297,0.3762791931669703,0.0,0.0,0.027558386333940588,0.0,0.0
rep0327,0.42,0.41630742171441215,synth_only,0.2,0.020000000000000004,0.04000000000000001,0.13999999999999999,prop_127,1000,2000,0.5764049509198736,0.6045950490801264,False,0.028190098160252752,0.028190098160252752,0.5764049509198736,0.6045950490801264,0.0,0.0,0.028190098160252752,0.0,0.0
rep0328,0.65,0.6474016966509429,synth_only,0.2,0.020000000000000004,0.04000000000000001,0.13999999999999999,prop_127,1000,2000,0.7198119349622784,0.7451880650377217,False,0.02537613007544337,0.02537613007544337,0.7198119349622784,0.7451880650377217,0.0,0.0,0.02537613007544337,0.0,0.0
rep0329,0.56,0.5580866708595992,synth_only,0.2,0.020000000000000004,0.04000000000000001,0.13999999999999999,prop_127,1000,2000,0.6242249141851213,0.6517750858148788,False,0.02755017162975748,0.02755017162975748,0.6242249141851213,0.6517750858148788,0.0,0.0,0.02755017162975748,0.0,0.0
rep0330,0.08,0.07776087515982376,synth_only,0.2,0.020000000000000004,0.04000000000000001,0.13999999999999999,prop_127,1000,2000,0.14705869162961913,0.16794130837038088,False,0.02088261674076175,0.02088261674076175,0.14705869162961913,0.16794130837038088,0.0,0.0,0.02088261674076175,0.0,0.0
rep0331,0.49,0.4925135823439831,synth_only,0.2,0.020000000000000004,0.04000000000000001,0.13999999999999999,prop_127,1000,2000,0.47167385367814285,0.5003261463218571,True,0.028652292643714272,0.028652292643714272,0.47167385367814285,0.5003261463218571,0.0,0.0,0.028652292643714272,0.0,0.0
rep0332,0.20,0.19968993750111136,synth_only,0.2,0.020000000000000004,0.04000000000000001,0.13999999999999999,prop_127,1000,2000,0.2548119349622783,0.28018806503772176,False,0.02537613007544348,0.02537613007544348,0.2548119349622783,0.28018806503772176,0.0,0.0,0.02537613007544348,0.0,0.0
rep0333,0.74,0.7356380718063558,synth_only,0.2,0.020000000000000004,0.04000000000000001,0.13999999999999999,prop_127,1000,2000,0.8023352787333257,0.8246647212666743,False,0.022329442533348676,0.022329442533348676,0.8023352787333257,0.8246647212666743,0.0,0.0,0.022329442533348676,0.0,0.0
rep0334,0.61,0.6078119313330457,synth_only,0.2,0.020000000000000004,0.04000000000000001,0.13999999999999999,prop_127,1000,2000,0.6565220432092087,0.6834779567907914,False,0.02695591358158267,0.02695591358158267,0.6565220432092087,0.6834779567907914,0.0,0.0,0.02695591358158267,0.0,0.0
rep0335,0.76,0.7579572902940152,synth_only,0.2,0.020000000000000004,0.04000000000000001,0.13999999999999999,prop_127,1000,2000,0.7691456631797841,0.792854336820216,False,0.023708673640431943,0.023708673640431943,0.7691456631797841,0.792854336820216,0.0,0.0,0.023708673640431943,0.0,0.0
rep0336,0.06,0.056437219944274426,synth_only,0.2,0.020000000000000004,0.04000000000000001,0.13999999999999999,prop_127,1000,2000,0.03391688053413908,0.045083119465860924,False,0.011166238931721847,0.011166238931721847,0.03391688053413908,0.045083119465860924,0.0,0.0,0.011166238931721847,0.0,0.0
rep0337,0.51,0.5060089444970216,synth_only,0.2,0.020000000000000004,0.04000000000000001,0.13999999999999999,prop_127,1000,2000,0.6222085814756103,0.6497914185243897,False,0.027582837048779396,0.027582837048779396,0.6222085814756103,0.6497914185243897,0.0,0.0,0.027582837048779396,0.0,0.0
rep0338,0.64,0.6436869556622545,synth_only,0.2,0.020000000000000004,0.04000000000000001,0.13999999999999999,prop_127,1000,2000,0.8867315944404877,0.9042684055595123,False,0.01753681111902461,0.01753681111902461,0.8867315944404877,0.9042684055595123,0.0,0.0,0.01753681111902461,0.0,0.0
rep0339,0.33,0.3281110030493755,synth_only,0.2,0.020000000000000004,0.04000000000000001,0.13999999999999999,prop_127,1000,2000,0.3393016208871122,0.3666983791128878,False,0.027396758225775586,0.027396758225775586,0.3393016208871122,0.3666983791128878,0.0,0.0,0.027396758225775586,0.0,0.0
rep0340,0.24,0.2389022860716452,synth_only,0.2,0.020000000000000004,0.04000000000000001,0.13999999999999999,prop_127,1000,2000,0.2380800635937395,0.2629199364062605,True,0.02483987281252098,0.02483987281252098,0.2380800635937395,0.2629199364062605,0.0,0.0,0.02483987281252098,0.0,0.0
rep0341,0.35,0.34784415563146054,synth_only,0.2,0.020000000000000004,0.04000000000000001,0.13999999999999999,prop_127,1000,2000,0.3343465278664888,0.3616534721335112,True,0.027306944267022404,0.027306944267022404,0.3343465278664888,0.3616534721335112,0.0,0.0,0.027306944267022404,0.0,0.0
rep0342,0.49,0.4929314917112036,synth_only,0.2,0.020000000000000004,0.04000000000000001,0.13999999999999999,prop_127,1000,2000,0.5844490871333844,0.6125509128666157,False,0.028101825733231278,0.028101825733231278,0.5844490871333844,0.6125509128666157,0.0,0.0,0.028101825733231278,0.0,0.0
rep0343,0.66,0.6608447442021788,synth_only,0.2,0.020000000000000004,0.04000000000000001,0.13999999999999999,prop_127,1000,2000,0.6247290376776761,0.6522709623223238,False,0.027541924644647775,0.027541924644647775,0.6247290376776761,0.6522709623223238,0.0,0.0,0.027541924644647775,0.0,0.0
rep0344,0.38,0.37969779922686203,synth_only,0.2,0.020000000000000004,0.04000000000000001,0.13999999999999999,prop_127,1000,2000,0.3690661331091294,0.3969338668908706,True,0.027867733781741233,0.027867733781741233,0.3690661331091294,0.3969338668908706,0.0,0.0,0.027867733781741233,0.0,0.0
rep0345,0.96,0.9570659304741378,synth_only,0.2,0.020000000000000004,0.04000000000000001,0.13999999999999999,prop_127,1000,2000,0.9543831179954887,0.9656168820045112,True,0.01123376400902254,0.01123376400902254,0.9543831179954887,0.9656168820045112,0.0,0.0,0.01123376400902254,0.0,0.0
rep0346,0.86,0.8623801979751146,synth_only,0.2,0.020000000000000004,0.04000000000000001,0.13999999999999999,prop_127,1000,2000,0.8717190779869858,0.8902809220130142,False,0.01856184402602845,0.01856184402602845,0.8717190779869858,0.8902809220130142,0.0,0.0,0.01856184402602845,0.0,0.0
rep0347,0.40,0.3956994074496438,synth_only,0.2,0.020000000000000004,0.04000000000000001,0.13999999999999999,prop_127,1000,2000,0.5809293006700028,0.6090706993299971,False,0.02814139865999432,0.02814139865999432,0.5809293006700028,0.6090706993299971,0.0,0.0,0.02814139865999432,0.0,0.0
rep0348,0.41,0.40686582800690213,synth_only,0.2,0.020000000000000004,0.04000000000000001,0.13999999999999999,prop_127,1000,2000,0.42776498521425355,0.45623501478574646,False,0.028470029571492916,0.028470029571492916,0.42776498521425355,0.45623501478574646,0.0,0.0,0.028470029571492916,0.0,0.0
rep0349,0.83,0.8271548031327527,synth_only,0.2,0.020000000000000004,0.04000000000000001,0.13999999999999999,prop_127,1000,2000,0.8893250307775453,0.9066749692224547,False,0.017349938444909396,0.017349938444909396,0.8893250307775453,0.9066749692224547,0.0,0.0,0.017349938444909396,0.0,0.0
rep0350,0.37,0.36724731038587727,synth_only,0.2,0.020000000000000004,0.04000000000000001,0.13999999999999999,prop_127,1000,2000,0.3809878130321486,0.4090121869678514,False,0.028024373935702784,0.028024373935702784,0.3809878130321486,0.4090121869678514,0.0,0.0,0.028024373935702784,0.0,0.0
rep0351,0.64,0.6380978983502209,synth_only,0.2,0.020000000000000004,0.04000000000000001,0.13999999999999999,prop_127,1000,2000,0.8212836721323266,0.8427163278676734,False,0.021432655735346806,0.021432655735346806,0.8212836721323266,0.8427163278676734,0.0,0.0,0.021432655735346806,0.0,0.0
rep0352,0.47,0.4692598611978995,synth_only,0.2,0.020000000000000004,0.04000000000000001,0.13999999999999999,prop_127,1000,2000,0.644402605800804,0.6715973941991961,False,0.027194788398392067,0.027194788398392067,0.644402605800804,0.6715973941991961,0.0,0.0,0.027194788398392067,0.0,0.0
rep0353,0.39,0.388463302071118,synth_only,0.2,0.020000000000000004,0.04000000000000001,0.13999999999999999,prop_127,1000,2000,0.5071814903720391,0.5358185096279608,False,0.02863701925592177,0.02863701925592177,0.5071814903720391,0.5358185096279608,0.0,0.0,0.02863701925592177,0.0,0.0
rep0354,0.59,0.5867490284482921,synth_only,0.2,0.020000000000000004,0.04000000000000001,0.13999999999999999,prop_127,1000,2000,0.5492842828853932,0.5777157171146068,False,0.02843143422921357,0.02843143422921357,0.5492842828853932,0.5777157171146068,0.0,0.0,0.02843143422921357,0.0,0.0
rep0355,0.07,0.06891033291676682,synth_only,0.2,0.020000000000000004,0.04000000000000001,0.13999999999999999,prop_127,1000,2000,0.036250407197663446,0.04774959280233656,False,0.011499185604673112,0.011499185604673112,0.036250407197663446,0.04774959280233656,0.0,0.0,0.011499185604673112,0.0,0.0
rep0356,0.83,0.8339770816826412,synth_only,0.2,0.020000000000000004,0.04000000000000001,0.13999999999999999,prop_127,1000,2000,0.8763730280767681,0.8946269719232318,False,0.018253943846463727,0.018253943846463727,0.8763730280767681,0.8946269719232318,0.0,0.0,0.018253943846463727,0.0,0.0
rep0357,0.23,0.23357126087160932,synth_only,0.2,0.020000000000000004,0.04000000000000001,0.13999999999999999,prop_127,1000,2000,0.27058143372967747,0.2964185662703225,False,0.025837132540645014,0.025837132540645014,0.27058143372967747,0.2964185662703225,0.0,0.0,0.025837132540645014,0.0,0.0
rep0358,0.53,0.5265095333312138,synth_only,0.2,0.020000000000000004,0.04000000000000001,0.13999999999999999,prop_127,1000,2000,0.4103325659483606,0.4386674340516394,False,0.028334868103278787,0.028334868103278787,0.4103325659483606,0.4386674340516394,0.0,0.0,0.028334868103278787,0.0,0.0
rep0359,0.28,0.27842268685814014,synth_only,0.2,0.020000000000000004,0.04000000000000001,0.13999999999999999,prop_127,1000,2000,0.251365136365193,0.27663486363480705,False,0.025269727269614073,0.025269727269614073,0.251365136365193,0.27663486363480705,0.0,0.0,0.025269727269614073,0.0,0.0
rep0360,0.78,0.7796643858952914,synth_only,0.2,0.020000000000000004,0.04000000000000001,0.13999999999999999,prop_127,1000,2000,0.7396216018065823,0.7643783981934177,False,0.024756796386835367,0.024756796386835367,0.7396216018065823,0.7643783981934177,0.0,0.0,0.024756796386835367,0.0,0.0
rep0361,0.30,0.3027840076398436,synth_only,0.2,0.020000000000000004,0.04000000000000001,0.13999999999999999,prop_127,1000,2000,0.22382882885758007,0.2481711711424199,False,0.024342342284839835,0.024342342284839835,0.22382882885758007,0.2481711711424199,0.0,0.0,0.024342342284839835,0.0,0.0
rep0362,0.94,0.9371878343321084,synth_only,0.2,0.020000000000000004,0.04000000000000001,0.13999999999999999,prop_127,1000,2000,1.0,1.0,False,0.0,0.0,1.0,1.0,0.0,0.0,0.0,0.0,0.0
rep0363,0.37,0.3704822141512414,synth_only,0.2,0.020000000000000004,0.04000000000000001,0.13999999999999999,prop_127,1000,2000,0.3487208068330297,0.3762791931669703,True,0.027558386333940588,0.027558386333940588,0.3487208068330297,0.3762791931669703,0.0,0.0,0.027558386333940588,0.0,0.0
rep0364,0.53,0.5338018011999215,synth_only,0.2,0.020000000000000004,0.04000000000000001,0.13999999999999999,prop_127,1000,2000,0.6201925060985554,0.6478074939014447,False,0.02761498780288929,0.02761498780288929,0.6201925060985554,0.6478074939014447,0.0,0.0,0.02761498780288929,0.0,0.0
rep0365,0.84,0.8413168065896944,synth_only,0.2,0.020000000000000004,0.04000000000000001,0.13999999999999999,prop_127,1000,2000,0.8428500741065342,0.8631499258934657,False,0.0202998517869315,0.0202998517869315,0.8428500741065342,0.8631499258934657,0.0,0.0,0.0202998517869315,0.0,0.0
rep0366,0.12,0.11908796490391335,synth_only,0.2,0.020000000000000004,0.04000000000000001,0.13999999999999999,prop_127,1000,2000,0.14170919358573375,0.16229080641426624,False,0.020581612828532492,0.020581612828532492,0.14170919358573375,0.16229080641426624,0.0,0.0,0.020581612828532492,0.0,0.0
rep0367,0.47,0.4691687310789652,synth_only,0.2,0.020000000000000004,0.04000000000000001,0.13999999999999999,prop_127,1000,2000,0.4467118982689602,0.47528810173103986,True,0.028576203462079675,0.028576203462079675,0.4467118982689602,0.47528810173103986,0.0,0.0,0.028576203462079675,0.0,0.0
rep0368,0.37,0.3734818986954472,synth_only,0.2,0.020000000000000004,0.04000000000000001,0.13999999999999999,prop_127,1000,2000,0.5407552055938091,0.569244794406191,False,0.02848958881238195,0.02848958881238195,0.5407552055938091,0.569244794406191,0.0,0.0,0.02848958881238195,0.0,0.0
rep0369,0.36,0.35627210403937437,synth_only,0.2,0.020000000000000004,0.04000000000000001,0.13999999999999999,prop_127,1000,2000,0.4302567990119922,0.4587432009880078,False,0.028486401976015596,0.028486401976015596,0.4302567990119922,0.4587432009880078,0.0,0.0,0.028486401976015596,0.0,0.0
rep0370,0.38,0.3768362772936027,synth_only,0.2,0.020000000000000004,0.04000000000000001,0.13999999999999999,prop_127,1000,2000,0.3799940003411882,0.40800599965881185,False,0.02801199931762366,0.02801199931762366,0.3799940003411882,0.40800599965881185,0.0,0.0,0.02801199931762366,0.0,0.0
rep0371,0.25,0.25274354849262426,synth_only,0.2,0.020000000000000004,0.04000000000000001,0.13999999999999999,prop_127,1000,2000,0.25382703153438824,0.2791729684656118,False,0.025345936931223556,0.025345936931223556,0.25382703153438824,0.2791729684656118,0.0,0.0,0.025345936931223556,0.0,0.0
rep0372,0.19,0.19176179445253563,synth_only,0.2,0.020000000000000004,0.04000000000000001,0.13999999999999999,prop_127,1000,2000,0.30069678621501666,0.32730321378498334,False,0.026606427569966673,0.026606427569966673,0.30069678621501666,0.32730321378498334,0.0,0.0,0.026606427569966673,0.0,0.0
rep0373,0.63,0.6272188994392105,synth_only,0.2,0.020000000000000004,0.04000000000000001,0.13999999999999999,prop_127,1000,2000,0.643393092475496,0.670606907524504,False,0.027213815049007994,0.027213815049007994,0.643393092475496,0.670606907524504,0.0,0.0,0.027213815049007994,0.0,0.0
rep0374,0.27,0.2708767567903986,synth_only,0.2,0.020000000000000004,0.04000000000000001,0.13999999999999999,prop_127,1000,2000,0.24988824995942285,0.27511175004057714,True,0.025223500081154288,0.025223500081154288,0.24988824995942285,0.27511175004057714,0.0,0.0,0.025223500081154288,0.0,0.0
rep0375,0.54,0.5445132551941091,synth_only,0.2,0.020000000000000004,0.04000000000000001,0.13999999999999999,prop_127,1000,2000,0.6742140978204043,0.7007859021795957,False,0.026571804359191376,0.026571804359191376,0.6742140978204043,0.7007859021795957,0.0,0.0,0.026571804359191376,0.0,0.0
rep0376,0.65,0.6541327039046094,synth_only,0.2,0.020000000000000004,0.04000000000000001,0.13999999999999999,prop_127,1000,2000,0.8464510815311791,0.866548918468821,False,0.02009783693764189,0.02009783693764189,0.8464510815311791,0.866548918468821,0.0,0.0,0.02009783693764189,0.0,0.0
rep0377,0.43,0.42590792952605844,synth_only,0.2,0.020000000000000004,0.04000000000000001,0.13999999999999999,prop_127,1000,2000,0.5146923608613784,0.5433076391386217,False,0.028615278277243306,0.028615278277243306,0.5146923608613784,0.5433076391386217,0.0,0.0,0.028615278277243306,0.0,0.0
rep0378,0.20,0.2024341660241983,synth_only,0.2,0.020000000000000004,0.04000000000000001,0.13999999999999999,prop_127,1000,2000,0.19832510773962675,0.22167489226037324,True,0.023349784520746486,0.023349784520746486,0.19832510773962675,0.22167489226037324,0.0,0.0,0.023349784520746486,0.0,0.0
rep0379,0.46,0.46190430019363876,synth_only,0.2,0.020000000000000004,0.04000000000000001,0.13999999999999999,prop_127,1000,2000,0.40635055489273614,0.43464944510726383,False,0.028298890214527694,0.028298890214527694,0.40635055489273614,0.43464944510726383,0.0,0.0,0.028298890214527694,0.0,0.0
rep0380,0.55,0.5521673894549264,synth_only,0.2,0.020000000000000004,0.04000000000000001,0.13999999999999999,prop_127,1000,2000,0.45419670419020425,0.4828032958097958,False,0.02860659161959156,0.02860659161959156,0.45419670419020425,0.4828032958097958,0.0,0.0,0.02860659161959156,0.0,0.0
rep0381,0.17,0.1665206389869533,synth_only,0.2,0.020000000000000004,0.04000000000000001,0.13999999999999999,prop_127,1000,2000,0.3944102562928215,0.42258974370717844,False,0.02817948741435694,0.02817948741435694,0.3944102562928215,0.42258974370717844,0.0,0.0,0.02817948741435694,0.0,0.0
rep0382,0.34,0.3448362874284561,synth_only,0.2,0.020000000000000004,0.04000000000000001,0.13999999999999999,prop_127,1000,2000,0.43873169275463914,0.4672683072453609,False,0.028536614490721757,0.028536614490721757,0.43873169275463914,0.4672683072453609,0.0,0.0,0.028536614490721757,0.0,0.0
rep0383,0.47,0.4672960579978518,synth_only,0.2,0.020000000000000004,0.04000000000000001,0.13999999999999999,prop_127,1000,2000,0.48666826318806605,0.5153317368119339,False,0.02866347362386784,0.02866347362386784,0.48666826318806605,0.5153317368119339,0.0,0.0,0.02866347362386784,0.0,0.0
rep0384,0.45,0.45084726900616834,synth_only,0.2,0.020000000000000004,0.04000000000000001,0.13999999999999999,prop_127,1000,2000,0.4856682345245064,0.5143317654754935,False,0.028663530950987115,0.028663530950987115,0.4856682345245064,0.5143317654754935,0.0,0.0,0.028663530950987115,0.0,0.0
rep0385,0.89,0.8879136274603612,synth_only,0.2,0.020000000000000004,0.04000000000000001,0.13999999999999999,prop_127,1000,2000,0.8233348551616627,0.8446651448383372,False,0.021330289676674496,0.021330289676674496,0.8233348551616627,0.8446651448383372,0.0,0.0,0.021330289676674496,0.0,0.0
rep0386,0.41,0.4097240031897142,synth_only,0.2,0.020000000000000004,0.04000000000000001,0.13999999999999999,prop_127,1000,2000,0.5116876241877143,0.5403123758122858,False,0.028624751624571454,0.028624751624571454,0.5116876241877143,0.5403123758122858,0.0,0.0,0.028624751624571454,0.0,0.0
rep0387,0.68,0.6774976632423061,synth_only,0.2,0.020000000000000004,0.04000000000000001,0.13999999999999999,prop_127,1000,2000,0.8197456452547579,0.8412543547452421,False,0.021508709490484224,0.021508709490484224,0.8197456452547579,0.8412543547452421,0.0,0.0,0.021508709490484224,0.0,0.0
rep0388,0.75,0.7528096674183,synth_only,0.2,0.020000000000000004,0.04000000000000001,0.13999999999999999,prop_127,1000,2000,0.6459170016948503,0.6730829983051496,False,0.02716599661029928,0.02716599661029928,0.6459170016948503,0.6730829983051496,0.0,0.0,0.02716599661029928,0.0,0.0
rep0389,0.22,0.2183137079808773,synth_only,0.2,0.020000000000000004,0.04000000000000001,0.13999999999999999,prop_127,1000,2000,0.4367372217001471,0.4652627782998529,False,0.028525556599705792,0.028525556599705792,0.4367372217001471,0.4652627782998529,0.0,0.0,0.028525556599705792,0.0,0.0
rep0390,0.22,0.22139342431061027,synth_only,0.2,0.020000000000000004,0.04000000000000001,0.13999999999999999,prop_127,1000,2000,0.26910217545553017,0.2948978245444698,False,0.02579564908893961,0.02579564908893961,0.26910217545553017,0.2948978245444698,0.0,0.0,0.02579564908893961,0.0,0.0
rep0391,0.75,0.748822558646661,synth_only,0.2,0.020000000000000004,0.04000000000000001,0.13999999999999999,prop_127,1000,2000,0.8023352787333257,0.8246647212666743,False,0.022329442533348676,0.022329442533348676,0.8023352787333257,0.8246647212666743,0.0,0.0,0.022329442533348676,0.0,0.0
rep0392,0.94,0.9436897198162599,synth_only,0.2,0.020000000000000004,0.04000000000000001,0.13999999999999999,prop_127,1000,2000,0.7482670258923412,0.7727329741076587,False,0.024465948215317557,0.024465948215317557,0.7482670258923412,0.7727329741076587,0.0,0.0,0.024465948215317557,0.0,0.0
rep0393,0.83,0.8325016956044307,synth_only,0.2,0.020000000000000004,0.04000000000000001,0.13999999999999999,prop_127,1000,2000,0.8914009407147039,0.9085990592852962,False,0.01719811857059228,0.01719811857059228,0.8914009407147039,0.9085990592852962,0.0,0.0,0.01719811857059228,0.0,0.0
rep0394,0.39,0.39170946396776957,synth_only,0.2,0.020000000000000004,0.04000000000000001,0.13999999999999999,prop_127,1000,2000,0.2957551223196826,0.3222448776803174,False,0.026489755360634804,0.026489755360634804,0.2957551223196826,0.3222448776803174,0.0,0.0,0.026489755360634804,0.0,0.0
rep0395,0.39,0.39476446793846776,synth_only,0.2,0.020000000000000004,0.04000000000000001,0.13999999999999999,prop_127,1000,2000,0.6484413317925428,0.6755586682074572,False,0.027117336414914428,0.027117336414914428,0.6484413317925428,0.6755586682074572,0.0,0.0,0.027117336414914428,0.0,0.0
rep0396,0.67,0.6677316484909898,synth_only,0.2,0.020000000000000004,0.04000000000000001,0.13999999999999999,prop_127,1000,2000,0.6641017154288396,0.6908982845711604,True,0.02679656914232087,0.02679656914232087,0.6641017154288396,0.6908982845711604,0.0,0.0,0.02679656914232087,0.0,0.0
rep0397,0.14,0.1404332578252884,synth_only,0.2,0.020000000000000004,0.04000000000000001,0.13999999999999999,prop_127,1000,2000,0.3680730631149217,0.3959269368850783,False,0.02785387377015658,0.02785387377015658,0.3680730631149217,0.3959269368850783,0.0,0.0,0.02785387377015658,0.0,0.0
rep0398,0.65,0.6468092434677706,synth_only,0.2,0.020000000000000004,0.04000000000000001,0.13999999999999999,prop_127,1000,2000,0.6691570185851154,0.6958429814148845,False,0.026685962829769094,0.026685962829769094,0.6691570185851154,0.6958429814148845,0.0,0.0,0.026685962829769094,0.0,0.0
rep0399,0.77,0.7694144518072735,synth_only,0.2,0.020000000000000004,0.04000000000000001,0.13999999999999999,prop_127,1000,2000,0.9268833584102116,0.9411166415897885,False,0.014233283179576839,0.014233283179576839,0.9268833584102116,0.9411166415897885,0.0,0.0,0.014233283179576839,0.0,0.0
rep0400,0.49,0.48743787904866825,synth_only,0.2,0.020000000000000004,0.04000000000000001,0.13999999999999999,prop_127,1000,2000,0.5889756223527473,0.6170243776472527,False,0.028048755294505456,0.028048755294505456,0.5889756223527473,0.6170243776472527,0.0,0.0,0.028048755294505456,0.0,0.0
rep0401,0.27,0.2721180025440504,synth_only,0.2,0.020000000000000004,0.04000000000000001,0.13999999999999999,prop_127,1000,2000,0.41780139329151866,0.4461986067084813,False,0.028397213416962663,0.028397213416962663,0.41780139329151866,0.4461986067084813,0.0,0.0,0.028397213416962663,0.0,0.0
rep0402,0.68,0.6789503433601506,synth_only,0.2,0.020000000000000004,0.04000000000000001,0.13999999999999999,prop_127,1000,2000,0.6853460389391692,0.7116539610608308,False,0.026307922121661553,0.026307922121661553,0.6853460389391692,0.7116539610608308,0.0,0.0,0.026307922121661553,0.0,0.0
rep0403,0.47,0.4677354982899411,synth_only,0.2,0.020000000000000004,0.04000000000000001,0.13999999999999999,prop_127,1000,2000,0.4771703056142647,0.5058296943857353,False,0.028659388771470617,0.028659388771470617,0.4771703056142647,0.5058296943857353,0.0,0.0,0.028659388771470617,0.0,0.0
rep0404,0.21,0.20990604916350614,synth_only,0.2,0.020000000000000004,0.04000000000000001,0.13999999999999999,prop_127,1000,2000,0.2858772670308055,0.31212273296919446,False,0.026245465938388945,0.026245465938388945,0.2858772670308055,0.31212273296919446,0.0,0.0,0.026245465938388945,0.0,0.0
rep0405,0.43,0.4311467206251106,synth_only,0.2,0.020000000000000004,0.04000000000000001,0.13999999999999999,prop_127,1000,2000,0.43873169275463914,0.4672683072453609,False,0.028536614490721757,0.028536614490721757,0.43873169275463914,0.4672683072453609,0.0,0.0,0.028536614490721757,0.0,0.0
rep0406,0.47,0.46571649166241225,synth_only,0.2,0.020000000000000004,0.04000000000000001,0.13999999999999999,prop_127,1000,2000,0.608101408815472,0.635898591184528,False,0.02779718236905593,0.02779718236905593,0.608101408815472,0.635898591184528,0.0,0.0,0.02779718236905593,0.0,0.0
rep0407,0.41,0.41375333924820995,synth_only,0.2,0.020000000000000004,0.04000000000000001,0.13999999999999999,prop_127,1000,2000,0.5844490871333844,0.6125509128666157,False,0.028101825733231278,0.028101825733231278,0.5844490871333844,0.6125509128666157,0.0,0.0,0.028101825733231278,0.0,0.0
rep0408,0.49,0.49445316104049586,synth_only,0.2,0.020000000000000004,0.04000000000000001,0.13999999999999999,prop_127,1000,2000,0.3904320818020201,0.41856791819797995,False,0.028135836395959846,0.028135836395959846,0.3904320818020201,0.41856791819797995,0.0,0.0,0.028135836395959846,0.0,0.0
rep0409,0.38,0.3848050124696291,synth_only,0.2,0.020000000000000004,0.04000000000000001,0.13999999999999999,prop_127,1000,2000,0.3824786470553451,0.4105213529446549,True,0.028042705889309794,0.028042705889309794,0.3824786470553451,0.4105213529446549,0.0,0.0,0.028042705889309794,0.0,0.0
rep0410,0.78,0.7802973816084029,synth_only,0.2,0.020000000000000004,0.04000000000000001,0.13999999999999999,prop_127,1000,2000,0.7671069141424736,0.7908930858575265,True,0.02378617171505293,0.02378617171505293,0.7671069141424736,0.7908930858575265,0.0,0.0,0.02378617171505293,0.0,0.0
rep0411,0.67,0.6688147999147477,synth_only,0.2,0.020000000000000004,0.04000000000000001,0.13999999999999999,prop_127,1000,2000,0.8459365285968083,0.8660634714031916,False,0.020126942806383274,0.020126942806383274,0.8459365285968083,0.8660634714031916,0.0,0.0,0.020126942806383274,0.0,0.0
rep0412,0.31,0.306090033488935,synth_only,0.2,0.020000000000000004,0.04000000000000001,0.13999999999999999,prop_127,1000,2000,0.2967433106090896,0.3232566893909104,True,0.026513378781820807,0.026513378781820807,0.2967433106090896,0.3232566893909104,0.0,0.0,0.026513378781820807,0.0,0.0
rep0413,0.76,0.757066391808175,synth_only,0.2,0.020000000000000004,0.04000000000000001,0.13999999999999999,prop_127,1000,2000,0.7747543246822886,0.7982456753177114,False,0.023491350635422847,0.023491350635422847,0.7747543246822886,0.7982456753177114,0.0,0.0,0.023491350635422847,0.0,0.0
rep0414,0.79,0.7887919900296583,synth_only,0.2,0.020000000000000004,0.04000000000000001,0.13999999999999999,prop_127,1000,2000,0.9511853994489131,0.9628146005510868,False,0.011629201102173692,0.011629201102173692,0.9511853994489131,0.9628146005510868,0.0,0.0,0.011629201102173692,0.0,0.0
rep0415,0.54,0.5440700092001609,synth_only,0.2,0.020000000000000004,0.04000000000000001,0.13999999999999999,prop_127,1000,2000,0.4911691016225482,0.5198308983774518,False,0.0286617967549036,0.0286617967549036,0.4911691016225482,0.5198308983774518,0.0,0.0,0.0286617967549036,0.0,0.0
rep0416,0.25,0.24629157077116925,synth_only,0.2,0.020000000000000004,0.04000000000000001,0.13999999999999999,prop_127,1000,2000,0.2297235733238585,0.2542764266761415,True,0.024552853352282966,0.024552853352282966,0.2297235733238585,0.2542764266761415,0.0,0.0,0.024552853352282966,0.0,0.0
rep0417,0.40,0.4025470814349371,synth_only,0.2,0.020000000000000004,0.04000000000000001,0.13999999999999999,prop_127,1000,2000,0.39291832749686123,0.4210816725031387,True,0.028163345006277485,0.028163345006277485,0.39291832749686123,0.4210816725031387,0.0,0.0,0.028163345006277485,0.0,0.0
rep0418,0.89,0.8910069249903315,synth_only,0.2,0.020000000000000004,0.04000000000000001,0.13999999999999999,prop_127,1000,2000,0.8469656760414981,0.8670343239585019,False,0.0200686479170038,0.0200686479170038,0.8469656760414981,0.8670343239585019,0.0,0.0,0.0200686479170038,0.0,0.0
rep0419,0.59,0.5935607828378756,synth_only,0.2,0.020000000000000004,0.04000000000000001,0.13999999999999999,prop_127,1000,2000,0.6924346560540011,0.7185653439459989,False,0.026130687891997795,0.026130687891997795,0.6924346560540011,0.7185653439459989,0.0,0.0,0.026130687891997795,0.0,0.0
rep0420,0.57,0.5715466086620452,synth_only,0.2,0.020000000000000004,0.04000000000000001,0.13999999999999999,prop_127,1000,2000,0.5623369740270466,0.5906630259729534,True,0.02832605194590676,0.02832605194590676,0.5623369740270466,0.5906630259729534,0.0,0.0,0.02832605194590676,0.0,0.0
rep0421,0.25,0.25285566616842686,synth_only,0.2,0.020000000000000004,0.04000000000000001,0.13999999999999999,prop_127,1000,2000,0.17631226916150342,0.19868773083849658,False,0.02237546167699317,0.02237546167699317,0.17631226916150342,0.19868773083849658,0.0,0.0,0.02237546167699317,0.0,0.0
rep0422,0.17,0.16693479447728637,synth_only,0.2,0.020000000000000004,0.04000000000000001,0.13999999999999999,prop_127,1000,2000,0.15192576935622495,0.17307423064377506,True,0.021148461287550102,0.021148461287550102,0.15192576935622495,0.17307423064377506,0.0,0.0,0.021148461287550102,0.0,0.0
rep0423,0.83,0.8258695745189623,synth_only,0.2,0.020000000000000004,0.04000000000000001,0.13999999999999999,prop_127,1000,2000,0.8619078723861087,0.8810921276138914,False,0.019184255227782776,0.019184255227782776,0.8619078723861087,0.8810921276138914,0.0,0.0,0.019184255227782776,0.0,0.0
rep0424,0.64,0.6414983808673556,synth_only,0.2,0.020000000000000004,0.04000000000000001,0.13999999999999999,prop_127,1000,2000,0.71828944492103,0.74371055507897,False,0.02542111015794002,0.02542111015794002,0.71828944492103,0.74371055507897,0.0,0.0,0.02542111015794002,0.0,0.0
rep0425,0.26,0.2582053856343371,synth_only,0.2,0.020000000000000004,0.04000000000000001,0.13999999999999999,prop_127,1000,2000,0.251365136365193,0.27663486363480705,True,0.025269727269614073,0.025269727269614073,0.251365136365193,0.27663486363480705,0.0,0.0,0.025269727269614073,0.0,0.0
rep0426,0.38,0.38380573094991494,synth_only,0.2,0.020000000000000004,0.04000000000000001,0.13999999999999999,prop_127,1000,2000,0.6580376652962582,0.6849623347037418,False,0.026924669407483615,0.026924669407483615,0.6580376652962582,0.6849623347037418,0.0,0.0,0.026924669407483615,0.0,0.0
rep0427,0.65,0.6523685889158428,synth_only,0.2,0.020000000000000004,0.04000000000000001,0.13999999999999999,prop_127,1000,2000,0.5970258598616767,0.6249741401383233,False,0.027948280276646642,0.027948280276646642,0.5970258598616767,0.6249741401383233,0.0,0.0,0.027948280276646642,0.0,0.0
rep0428,0.34,0.34449647918286297,synth_only,0.2,0.020000000000000004,0.04000000000000001,0.13999999999999999,prop_127,1000,2000,0.3477290376776761,0.3752709623223239,False,0.027541924644647775,0.027541924644647775,0.3477290376776761,0.3752709623223239,0.0,0.0,0.027541924644647775,0.0,0.0
rep0429,0.22,0.21723207027850108,synth_only,0.2,0.020000000000000004,0.04000000000000001,0.13999999999999999,prop_127,1000,2000,0.34723317732519765,0.3747668226748023,False,0.027533645349604674,0.027533645349604674,0.34723317732519765,0.3747668226748023,0.0,0.0,0.027533645349604674,0.0,0.0
rep0430,0.68,0.6820695962174026,synth_only,0.2,0.020000000000000004,0.04000000000000001,0.13999999999999999,prop_127,1000,2000,0.8089878310142397,0.8310121689857602,False,0.02202433797152059,0.02202433797152059,0.8089878310142397,0.8310121689857602,0.0,0.0,0.02202433797152059,0.0,0.0
rep0431,0.28,0.284225366311842,synth_only,0.2,0.020000000000000004,0.04000000000000001,0.13999999999999999,prop_127,1000,2000,0.37750973751098255,0.4054902624890175,False,0.027980524978034937,0.027980524978034937,0.37750973751098255,0.4054902624890175,0.0,0.0,0.027980524978034937,0.0,0.0
rep0432,0.31,0.30768361282272644,synth_only,0.2,0.020000000000000004,0.04000000000000001,0.13999999999999999,prop_127,1000,2000,0.44322010188253547,0.47177989811746457,False,0.028559796234929102,0.028559796234929102,0.44322010188253547,0.47177989811746457,0.0,0.0,0.028559796234929102,0.0,0.0
rep0433,0.30,0.302376705474965,synth_only,0.2,0.020000000000000004,0.04000000000000001,0.13999999999999999,prop_127,1000,2000,0.38794621494438697,0.4160537850556131,False,0.02810757011122611,0.02810757011122611,0.38794621494438697,0.4160537850556131,0.0,0.0,0.02810757011122611,0.0,0.0
rep0434,0.57,0.567639441098303,synth_only,0.2,0.020000000000000004,0.04000000000000001,0.13999999999999999,prop_127,1000,2000,0.6762374319293425,0.7027625680706575,False,0.02652513614131502,0.02652513614131502,0.6762374319293425,0.7027625680706575,0.0,0.0,0.02652513614131502,0.0,0.0
rep0435,0.04,0.041969512259814074,synth_only,0.2,0.020000000000000004,0.04000000000000001,0.13999999999999999,prop_127,1000,2000,0.20714566317978403,0.23085433682021597,False,0.023708673640431943,0.023708673640431943,0.20714566317978403,0.23085433682021597,0.0,0.0,0.023708673640431943,0.0,0.0
rep0436,0.14,0.14023513953337763,synth_only,0.2,0.020000000000000004,0.04000000000000001,0.13999999999999999,prop_127,1000,2000,0.16947590948270355,0.19152409051729644,False,0.022048181034592884,0.022048181034592884,0.16947590948270355,0.19152409051729644,0.0,0.0,0.022048181034592884,0.0,0.0
rep0437,0.25,0.2515345925402716,synth_only,0.2,0.020000000000000004,0.04000000000000001,0.13999999999999999,prop_127,1000,2000,0.4093369740270466,0.43766302597295337,False,0.02832605194590676,0.02832605194590676,0.4093369740270466,0.43766302597295337,0.0,0.0,0.02832605194590676,0.0,0.0
rep0438,0.43,0.4292060522489633,synth_only,0.2,0.020000000000000004,0.04000000000000001,0.13999999999999999,prop_127,1000,2000,0.4661791379797671,0.49482086202023284,False,0.02864172404046572,0.02864172404046572,0.4661791379797671,0.49482086202023284,0.0,0.0,0.02864172404046572,0.0,0.0
rep0439,0.49,0.491701673642238,synth_only,0.2,0.020000000000000004,0.04000000000000001,0.13999999999999999,prop_127,1000,2000,0.39988182154851776,0.4281181784514822,False,0.028236356902964443,0.028236356902964443,0.39988182154851776,0.4281181784514822,0.0,0.0,0.028236356902964443,0.0,0.0
rep0440,0.50,0.4993100840412795,synth_only,0.2,0.020000000000000004,0.04000000000000001,0.13999999999999999,prop_127,1000,2000,0.3894376895352225,0.41756231046477754,False,0.028124620929555033,0.028124620929555033,0.3894376895352225,0.41756231046477754,0.0,0.0,0.028124620929555033,0.0,0.0
rep0441,0.04,0.037745194308399226,synth_only,0.2,0.020000000000000004,0.04000000000000001,0.13999999999999999,prop_127,1000,2000,0.07126833463213629,0.08673166536786371,False,0.01546333073572742,0.01546333073572742,0.07126833463213629,0.08673166536786371,0.0,0.0,0.01546333073572742,0.0,0.0
rep0442,0.31,0.31051142046596214,synth_only,0.2,0.020000000000000004,0.04000000000000001,0.13999999999999999,prop_127,1000,2000,0.4033646719099882,0.43163532809001176,False,0.028270656180023557,0.028270656180023557,0.4033646719099882,0.43163532809001176,0.0,0.0,0.028270656180023557,0.0,0.0
rep0443,0.35,0.35370322252362474,synth_only,0.2,0.020000000000000004,0.04000000000000001,0.13999999999999999,prop_127,1000,2000,0.2839025853928545,0.31009741460714546,False,0.02619482921429095,0.02619482921429095,0.2839025853928545,0.31009741460714546,0.0,0.0,0.02619482921429095,0.0,0.0
rep0444,0.53,0.5336519488191548,synth_only,0.2,0.020000000000000004,0.04000000000000001,0.13999999999999999,prop_127,1000,2000,0.6378419628497333,0.6651580371502667,False,0.0273160743005334,0.0273160743005334,0.6378419628497333,0.6651580371502667,0.0,0.0,0.0273160743005334,0.0,0.0
rep0445,0.46,0.4581531175440305,synth_only,0.2,0.020000000000000004,0.04000000000000001,0.13999999999999999,prop_127,1000,2000,0.38148474238505714,0.4095152576149429,False,0.028030515229885755,0.028030515229885755,0.38148474238505714,0.4095152576149429,0.0,0.0,0.028030515229885755,0.0,0.0
rep0446,0.25,0.2468451336990828,synth_only,0.2,0.020000000000000004,0.04000000000000001,0.13999999999999999,prop_127,1000,2000,0.1538736071677824,0.17512639283221762,False,0.021252785664435225,0.021252785664435225,0.1538736071677824,0.17512639283221762,0.0,0.0,0.021252785664435225,0.0,0.0
rep0447,0.41,0.4140230549574396,synth_only,0.2,0.020000000000000004,0.04000000000000001,0.13999999999999999,prop_127,1000,2000,0.5930002490712428,0.6209997509287571,False,0.02799950185751432,0.02799950185751432,0.5930002490712428,0.6209997509287571,0.0,0.0,0.02799950185751432,0.0,0.0
rep0448,0.83,0.8287472972503965,synth_only,0.2,0.020000000000000004,0.04000000000000001,0.13999999999999999,prop_127,1000,2000,0.9575894216046352,0.9684105783953647,False,0.01082115679072948,0.01082115679072948,0.9575894216046352,0.9684105783953647,0.0,0.0,0.01082115679072948,0.0,0.0
rep0449,0.56,0.5645067429946748,synth_only,0.2,0.020000000000000004,0.04000000000000001,0.13999999999999999,prop_127,1000,2000,0.6338060374612046,0.6611939625387954,False,0.027387925077590802,0.027387925077590802,0.6338060374612046,0.6611939625387954,0.0,0.0,0.027387925077590802,0.0,0.0
rep0450,0.94,0.9431920023976119,synth_only,0.2,0.020000000000000004,0.04000000000000001,0.13999999999999999,prop_127,1000,2000,0.8665530289580972,0.8854469710419028,False,0.01889394208380568,0.01889394208380568,0.8665530289580972,0.8854469710419028,0.0,0.0,0.01889394208380568,0.0,0.0
rep0451,0.43,0.43180080703757445,synth_only,0.2,0.020000000000000004,0.04000000000000001,0.13999999999999999,prop_127,1000,2000,0.4696755742678854,0.49832442573211455,False,0.02864885146422913,0.02864885146422913,0.4696755742678854,0.49832442573211455,0.0,0.0,0.02864885146422913,0.0,0.0
rep0452,0.56,0.5627620654820352,synth_only,0.2,0.020000000000000004,0.04000000000000001,0.13999999999999999,prop_127,1000,2000,0.577912931599624,0.606087068400376,False,0.02817413680075198,0.02817413680075198,0.577912931599624,0.606087068400376,0.0,0.0,0.02817413680075198,0.0,0.0
rep0453,0.14,0.14300716904163316,synth_only,0.2,0.020000000000000004,0.04000000000000001,0.13999999999999999,prop_127,1000,2000,0.09621309652561347,0.11378690347438652,False,0.017573806948773057,0.017573806948773057,0.09621309652561347,0.11378690347438652,0.0,0.0,0.017573806948773057,0.0,0.0
rep0454,0.51,0.5104109404691677,synth_only,0.2,0.020000000000000004,0.04000000000000001,0.13999999999999999,prop_127,1000,2000,0.4831684136726946,0.5118315863273054,True,0.028663172654610825,0.028663172654610825,0.4831684136726946,0.5118315863273054,0.0,0.0,0.028663172654610825,0.0,0.0
rep0455,0.77,0.7735376398629162,synth_only,0.2,0.020000000000000004,0.04000000000000001,0.13999999999999999,prop_127,1000,2000,0.8387370548649368,0.8592629451350632,False,0.020525890270126412,0.020525890270126412,0.8387370548649368,0.8592629451350632,0.0,0.0,0.020525890270126412,0.0,0.0
rep0456,0.87,0.8687078336632835,synth_only,0.2,0.020000000000000004,0.04000000000000001,0.13999999999999999,prop_127,1000,2000,0.9211146060997932,0.9358853939002068,False,0.01477078780041352,0.01477078780041352,0.9211146060997932,0.9358853939002068,0.0,0.0,0.01477078780041352,0.0,0.0
rep0457,0.18,0.1788003322874369,synth_only,0.2,0.020000000000000004,0.04000000000000001,0.13999999999999999,prop_127,1000,2000,0.19734556904651707,0.22065443095348292,False,0.02330886190696585,0.02330886190696585,0.19734556904651707,0.22065443095348292,0.0,0.0,0.02330886190696585,0.0,0.0
rep0458,0.41,0.41178511078346147,synth_only,0.2,0.020000000000000004,0.04000000000000001,0.13999999999999999,prop_127,1000,2000,0.5653505548927361,0.5936494451072639,False,0.028298890214527805,0.028298890214527805,0.5653505548927361,0.5936494451072639,0.0,0.0,0.028298890214527805,0.0,0.0
rep0459,0.20,0.20251553907939746,synth_only,0.2,0.020000000000000004,0.04000000000000001,0.13999999999999999,prop_127,1000,2000,0.3175117146761099,0.34448828532389014,False,0.02697657064778025,0.02697657064778025,0.3175117146761099,0.34448828532389014,0.0,0.0,0.02697657064778025,0.0,0.0
rep0460,0.40,0.40292299108370144,synth_only,0.2,0.020000000000000004,0.04000000000000001,0.13999999999999999,prop_127,1000,2000,0.46218407271094825,0.4908159272890517,False,0.028631854578103466,0.028631854578103466,0.46218407271094825,0.4908159272890517,0.0,0.0,0.028631854578103466,0.0,0.0
rep0461,0.43,0.42646524714843287,synth_only,0.2,0.020000000000000004,0.04000000000000001,0.13999999999999999,prop_127,1000,2000,0.44820859945814273,0.4767914005418573,False,0.028582801083714582,0.028582801083714582,0.44820859945814273,0.4767914005418573,0.0,0.0,0.028582801083714582,0.0,0.0
rep0462,0.24,0.2370260445746453,synth_only,0.2,0.020000000000000004,0.04000000000000001,0.13999999999999999,prop_127,1000,2000,0.2577671397856344,0.2832328602143656,False,0.025465720428731187,0.025465720428731187,0.2577671397856344,0.2832328602143656,0.0,0.0,0.025465720428731187,0.0,0.0
rep0463,0.45,0.45355346086975507,synth_only,0.2,0.020000000000000004,0.04000000000000001,0.13999999999999999,prop_127,1000,2000,0.39988182154851776,0.4281181784514822,False,0.028236356902964443,0.028236356902964443,0.39988182154851776,0.4281181784514822,0.0,0.0,0.028236356902964443,0.0,0.0
rep0464,0.20,0.19807628410058195,synth_only,0.2,0.020000000000000004,0.04000000000000001,0.13999999999999999,prop_127,1000,2000,0.359634500191346,0.387365499808654,False,0.02773099961730796,0.02773099961730796,0.359634500191346,0.387365499808654,0.0,0.0,0.02773099961730796,0.0,0.0
rep0465,0.37,0.3748762907363597,synth_only,0.2,0.020000000000000004,0.04000000000000001,0.13999999999999999,prop_127,1000,2000,0.4751713950272776,0.5038286049727223,False,0.028657209945444684,0.028657209945444684,0.4751713950272776,0.5038286049727223,0.0,0.0,0.028657209945444684,0.0,0.0
rep0466,0.30,0.2980440564126031,synth_only,0.2,0.020000000000000004,0.04000000000000001,0.13999999999999999,prop_127,1000,2000,0.3899348780874134,0.41806512191258666,False,0.028130243825173262,0.028130243825173262,0.3899348780874134,0.41806512191258666,0.0,0.0,0.028130243825173262,0.0,0.0
rep0467,0.65,0.6504546908666262,synth_only,0.2,0.020000000000000004,0.04000000000000001,0.13999999999999999,prop_127,1000,2000,0.7401299760009267,0.7648700239990732,False,0.024740047998146553,0.024740047998146553,0.7401299760009267,0.7648700239990732,0.0,0.0,0.024740047998146553,0.0,0.0
rep0468,0.21,0.21265349235947165,synth_only,0.2,0.020000000000000004,0.04000000000000001,0.13999999999999999,prop_127,1000,2000,0.32394624851624676,0.3510537514837533,False,0.027107502967506525,0.027107502967506525,0.32394624851624676,0.3510537514837533,0.0,0.0,0.027107502967506525,0.0,0.0
rep0469,0.21,0.21258697800944226,synth_only,0.2,0.020000000000000004,0.04000000000000001,0.13999999999999999,prop_127,1000,2000,0.19196002719714012,0.21503997280285986,True,0.023079945605719743,0.023079945605719743,0.19196002719714012,0.21503997280285986,0.0,0.0,0.023079945605719743,0.0,0.0
rep0470,0.54,0.5398146548536492,synth_only,0.2,0.020000000000000004,0.04000000000000001,0.13999999999999999,prop_127,1000,2000,0.5769075960690847,0.6050924039309152,False,0.02818480786183053,0.02818480786183053,0.5769075960690847,0.6050924039309152,0.0,0.0,0.02818480786183053,0.0,0.0
rep0471,0.48,0.4781086076909956,synth_only,0.2,0.020000000000000004,0.04000000000000001,0.13999999999999999,prop_127,1000,2000,0.3710524601449735,0.3989475398550265,False,0.027895079710053006,0.027895079710053006,0.3710524601449735,0.3989475398550265,0.0,0.0,0.027895079710053006,0.0,0.0
rep0472,0.49,0.4931837617701383,synth_only,0.2,0.020000000000000004,0.04000000000000001,0.13999999999999999,prop_127,1000,2000,0.4806689511306958,0.5093310488693041,True,0.02866209773860834,0.02866209773860834,0.4806689511306958,0.5093310488693041,0.0,0.0,0.02866209773860834,0.0,0.0
rep0473,0.55,0.5502374412026185,synth_only,0.2,0.020000000000000004,0.04000000000000001,0.13999999999999999,prop_127,1000,2000,0.4886684924986068,0.5173315075013932,False,0.02866301500278645,0.02866301500278645,0.4886684924986068,0.5173315075013932,0.0,0.0,0.02866301500278645,0.0,0.0
rep0474,0.50,0.5022598212886866,synth_only,0.2,0.020000000000000004,0.04000000000000001,0.13999999999999999,prop_127,1000,2000,0.6686514087157239,0.6953485912842762,False,0.026697182568552247,0.026697182568552247,0.6686514087157239,0.6953485912842762,0.0,0.0,0.026697182568552247,0.0,0.0
rep0475,0.41,0.40841533643567224,synth_only,0.2,0.020000000000000004,0.04000000000000001,0.13999999999999999,prop_127,1000,2000,0.42078985397447455,0.44921014602552545,False,0.0284202920510509,0.0284202920510509,0.42078985397447455,0.44921014602552545,0.0,0.0,0.0284202920510509,0.0,0.0
rep0476,0.87,0.8664063007034848,synth_only,0.2,0.020000000000000004,0.04000000000000001,0.13999999999999999,prop_127,1000,2000,0.7706749906667238,0.7943250093332761,False,0.023650018666552253,0.023650018666552253,0.7706749906667238,0.7943250093332761,0.0,0.0,0.023650018666552253,0.0,0.0
rep0477,0.84,0.842413403448983,synth_only,0.2,0.020000000000000004,0.04000000000000001,0.13999999999999999,prop_127,1000,2000,0.859328914462644,0.878671085537356,False,0.019342171074711922,0.019342171074711922,0.859328914462644,0.878671085537356,0.0,0.0,0.019342171074711922,0.0,0.0
rep0478,0.60,0.5960768894900287,synth_only,0.2,0.020000000000000004,0.04000000000000001,0.13999999999999999,prop_127,1000,2000,0.5748971058348138,0.6031028941651861,True,0.02820578833037235,0.02820578833037235,0.5748971058348138,0.6031028941651861,0.0,0.0,0.02820578833037235,0.0,0.0
rep0479,0.21,0.2117708448822024,synth_only,0.2,0.020000000000000004,0.04000000000000001,0.13999999999999999,prop_127,1000,2000,0.20616518940711662,0.22983481059288338,True,0.023669621185766765,0.023669621185766765,0.20616518940711662,0.22983481059288338,0.0,0.0,0.023669621185766765,0.0,0.0
rep0480,0.52,0.518975354700866,synth_only,0.2,0.020000000000000004,0.04000000000000001,0.13999999999999999,prop_127,1000,2000,0.2617085560779658,0.28729144392203426,False,0.02558288784406848,0.02558288784406848,0.2617085560779658,0.28729144392203426,0.0,0.0,0.02558288784406848,0.0,0.0
rep0481,0.30,0.29832708580489603,synth_only,0.2,0.020000000000000004,0.04000000000000001,0.13999999999999999,prop_127,1000,2000,0.35467277238506223,0.38232722761493776,False,0.02765445522987553,0.02765445522987553,0.35467277238506223,0.38232722761493776,0.0,0.0,0.02765445522987553,0.0,0.0
rep0482,0.69,0.6895096020922585,synth_only,0.2,0.020000000000000004,0.04000000000000001,0.13999999999999999,prop_127,1000,2000,0.6924346560540011,0.7185653439459989,False,0.026130687891997795,0.026130687891997795,0.6924346560540011,0.7185653439459989,0.0,0.0,0.026130687891997795,0.0,0.0
rep0483,0.57,0.5687260783204688,synth_only,0.2,0.020000000000000004,0.04000000000000001,0.13999999999999999,prop_127,1000,2000,0.6954737654058021,0.721526234594198,False,0.026052469188395877,0.026052469188395877,0.6954737654058021,0.721526234594198,0.0,0.0,0.026052469188395877,0.0,0.0
rep0484,0.50,0.4958900010470314,synth_only,0.2,0.020000000000000004,0.04000000000000001,0.13999999999999999,prop_127,1000,2000,0.5372444600827747,0.5657555399172253,False,0.02851107983445056,0.02851107983445056,0.5372444600827747,0.5657555399172253,0.0,0.0,0.02851107983445056,0.0,0.0
rep0485,0.21,0.2077513364690137,synth_only,0.2,0.020000000000000004,0.04000000000000001,0.13999999999999999,prop_127,1000,2000,0.12132891446264406,0.14067108553735594,False,0.01934217107471188,0.01934217107471188,0.12132891446264406,0.14067108553735594,0.0,0.0,0.01934217107471188,0.0,0.0
rep0486,0.54,0.5439935944688932,synth_only,0.2,0.020000000000000004,0.04000000000000001,0.13999999999999999,prop_127,1000,2000,0.6514710866690833,0.6785289133309168,False,0.02705782666183354,0.02705782666183354,0.6514710866690833,0.6785289133309168,0.0,0.0,0.02705782666183354,0.0,0.0
rep0487,0.79,0.7934340143658382,synth_only,0.2,0.020000000000000004,0.04000000000000001,0.13999999999999999,prop_127,1000,2000,0.7757744172250024,0.7992255827749976,True,0.023451165549995157,0.023451165549995157,0.7757744172250024,0.7992255827749976,0.0,0.0,0.023451165549995157,0.0,0.0
rep0488,0.34,0.3421267850596136,synth_only,0.2,0.020000000000000004,0.04000000000000001,0.13999999999999999,prop_127,1000,2000,0.2297235733238585,0.2542764266761415,False,0.024552853352282966,0.024552853352282966,0.2297235733238585,0.2542764266761415,0.0,0.0,0.024552853352282966,0.0,0.0
rep0489,0.54,0.5385172305758641,synth_only,0.2,0.020000000000000004,0.04000000000000001,0.13999999999999999,prop_127,1000,2000,0.6393557076435398,0.6666442923564603,False,0.027288584712920505,0.027288584712920505,0.6393557076435398,0.6666442923564603,0.0,0.0,0.027288584712920505,0.0,0.0
rep0490,0.61,0.6067307120236206,synth_only,0.2,0.020000000000000004,0.04000000000000001,0.13999999999999999,prop_127,1000,2000,0.6838275247349916,0.7101724752650083,False,0.02634495053001662,0.02634495053001662,0.6838275247349916,0.7101724752650083,0.0,0.0,0.02634495053001662,0.0,0.0
rep0491,0.18,0.18473671585054022,synth_only,0.2,0.020000000000000004,0.04000000000000001,0.13999999999999999,prop_127,1000,2000,0.08035896427994887,0.09664103572005112,False,0.01628207144010224,0.01628207144010224,0.08035896427994887,0.09664103572005112,0.0,0.0,0.01628207144010224,0.0,0.0
rep0492,0.93,0.9279487323921178,synth_only,0.2,0.020000000000000004,0.04000000000000001,0.13999999999999999,prop_127,1000,2000,0.8182079236560095,0.8397920763439904,False,0.021584152687980973,0.021584152687980973,0.8182079236560095,0.8397920763439904,0.0,0.0,0.021584152687980973,0.0,0.0
rep0493,0.08,0.07615839584433524,synth_only,0.2,0.020000000000000004,0.04000000000000001,0.13999999999999999,prop_127,1000,2000,0.0513000874119578,0.06469991258804221,False,0.013399825176084408,0.013399825176084408,0.0513000874119578,0.06469991258804221,0.0,0.0,0.013399825176084408,0.0,0.0
rep0494,0.28,0.27554641305052574,synth_only,0.2,0.020000000000000004,0.04000000000000001,0.13999999999999999,prop_127,1000,2000,0.3735357187125941,0.4014642812874059,False,0.0279285625748118,0.0279285625748118,0.3735357187125941,0.4014642812874059,0.0,0.0,0.0279285625748118,0.0,0.0
rep0495,0.64,0.643907691720275,synth_only,0.2,0.020000000000000004,0.04000000000000001,0.13999999999999999,prop_127,1000,2000,0.6899025853928544,0.7160974146071455,False,0.02619482921429106,0.02619482921429106,0.6899025853928544,0.7160974146071455,0.0,0.0,0.02619482921429106,0.0,0.0
rep0496,0.72,0.7224562595011754,synth_only,0.2,0.020000000000000004,0.04000000000000001,0.13999999999999999,prop_127,1000,2000,0.8459365285968083,0.8660634714031916,False,0.020126942806383274,0.020126942806383274,0.8459365285968083,0.8660634714031916,0.0,0.0,0.020126942806383274,0.0,0.0
rep0497,0.48,0.4821267248525993,synth_only,0.2,0.020000000000000004,0.04000000000000001,0.13999999999999999,prop_127,1000,2000,0.6605640482139379,0.6874359517860622,False,0.026871903572124323,0.026871903572124323,0.6605640482139379,0.6874359517860622,0.0,0.0,0.026871903572124323,0.0,0.0
rep0498,0.35,0.35439100144032015,synth_only,0.2,0.020000000000000004,0.04000000000000001,0.13999999999999999,prop_127,1000,2000,0.5477788439672697,0.5762211560327304,False,0.028442312065460662,0.028442312065460662,0.5477788439672697,0.5762211560327304,0.0,0.0,0.028442312065460662,0.0,0.0
rep0499,0.45,0.4507297648925736,synth_only,0.2,0.020000000000000004,0.04000000000000001,0.13999999999999999,prop_127,1000,2000,0.655006576207564,0.681993423792436,False,0.02698684758487202,0.02698684758487202,0.655006576207564,0.681993423792436,0.0,0.0,0.02698684758487202,0.0,0.0
rep0500,0.54,0.5425140017223532,synth_only,0.2,0.020000000000000004,0.04000000000000001,0.13999999999999999,prop_127,1000,2000,0.5764049509198736,0.6045950490801264,False,0.028190098160252752,0.028190098160252752,0.5764049509198736,0.6045950490801264,0.0,0.0,0.028190098160252752,0.0,0.0
rep0501,0.65,0.651013799572821,synth_only,0.2,0.020000000000000004,0.04000000000000001,0.13999999999999999,prop_127,1000,2000,0.7020608681206786,0.7279391318793214,False,0.025878263758642772,0.025878263758642772,0.7020608681206786,0.7279391318793214,0.0,0.0,0.025878263758642772,0.0,0.0
rep0502,0.76,0.7577751337859409,synth_only,0.2,0.020000000000000004,0.04000000000000001,0.13999999999999999,prop_127,1000,2000,0.9888686082389847,0.9941313917610154,False,0.0052627835220306896,0.0052627835220306896,0.9888686082389847,0.9941313917610154,0.0,0.0,0.0052627835220306896,0.0,0.0
rep0503,0.78,0.7811027924399915,synth_only,0.2,0.020000000000000004,0.04000000000000001,0.13999999999999999,prop_127,1000,2000,0.8737869596952146,0.8922130403047854,False,0.01842608060957085,0.01842608060957085,0.8737869596952146,0.8922130403047854,0.0,0.0,0.01842608060957085,0.0,0.0
rep0504,0.54,0.5374088733396306,synth_only,0.2,0.020000000000000004,0.04000000000000001,0.13999999999999999,prop_127,1000,2000,0.5437649852142536,0.5722350147857465,False,0.028470029571492805,0.028470029571492805,0.5437649852142536,0.5722350147857465,0.0,0.0,0.028470029571492805,0.0,0.0
rep0505,0.49,0.48659234227195847,synth_only,0.2,0.020000000000000004,0.04000000000000001,0.13999999999999999,prop_127,1000,2000,0.6222085814756103,0.6497914185243897,False,0.027582837048779396,0.027582837048779396,0.6222085814756103,0.6497914185243897,0.0,0.0,0.027582837048779396,0.0,0.0
rep0506,0.83,0.8264610168743529,synth_only,0.2,0.020000000000000004,0.04000000000000001,0.13999999999999999,prop_127,1000,2000,0.9023175910541849,0.9186824089458151,False,0.016364817891630246,0.016364817891630246,0.9023175910541849,0.9186824089458151,0.0,0.0,0.016364817891630246,0.0,0.0
rep0507,0.49,0.48658506137891744,synth_only,0.2,0.020000000000000004,0.04000000000000001,0.13999999999999999,prop_127,1000,2000,0.6504611004265627,0.6775388995734374,False,0.027077799146874693,0.027077799146874693,0.6504611004265627,0.6775388995734374,0.0,0.0,0.027077799146874693,0.0,0.0
rep0508,0.49,0.4897346689641244,synth_only,0.2,0.020000000000000004,0.04000000000000001,0.13999999999999999,prop_127,1000,2000,0.8084759094827035,0.8305240905172965,False,0.02204818103459294,0.02204818103459294,0.8084759094827035,0.8305240905172965,0.0,0.0,0.02204818103459294,0.0,0.0
rep0509,0.72,0.7239383825384896,synth_only,0.2,0.020000000000000004,0.04000000000000001,0.13999999999999999,prop_127,1000,2000,0.898675180875666,0.915324819124334,False,0.016649638248668053,0.016649638248668053,0.898675180875666,0.915324819124334,0.0,0.0,0.016649638248668053,0.0,0.0
rep0510,0.39,0.38937928757928125,synth_only,0.2,0.020000000000000004,0.04000000000000001,0.13999999999999999,prop_127,1000,2000,0.28291535713124766,0.3090846428687523,False,0.026169285737504655,0.026169285737504655,0.28291535713124766,0.3090846428687523,0.0,0.0,0.026169285737504655,0.0,0.0
rep0511,0.63,0.628448931105837,synth_only,0.2,0.020000000000000004,0.04000000000000001,0.13999999999999999,prop_127,1000,2000,0.6944606529122883,0.7205393470877117,False,0.02607869417542341,0.02607869417542341,0.6944606529122883,0.7205393470877117,0.0,0.0,0.02607869417542341,0.0,0.0
rep0512,0.71,0.7070833695113737,synth_only,0.2,0.020000000000000004,0.04000000000000001,0.13999999999999999,prop_127,1000,2000,0.7401299760009267,0.7648700239990732,False,0.024740047998146553,0.024740047998146553,0.7401299760009267,0.7648700239990732,0.0,0.0,0.024740047998146553,0.0,0.0
rep0513,0.73,0.7319998696238893,synth_only,0.2,0.020000000000000004,0.04000000000000001,0.13999999999999999,prop_127,1000,2000,0.803358409565309,0.825641590434691,False,0.02228318086938197,0.02228318086938197,0.803358409565309,0.825641590434691,0.0,0.0,0.02228318086938197,0.0,0.0
rep0514,0.43,0.42705520959545085,synth_only,0.2,0.020000000000000004,0.04000000000000001,0.13999999999999999,prop_127,1000,2000,0.39689710583481375,0.4251028941651862,False,0.02820578833037246,0.02820578833037246,0.39689710583481375,0.4251028941651862,0.0,0.0,0.02820578833037246,0.0,0.0
rep0515,0.18,0.1831288089956043,synth_only,0.2,0.020000000000000004,0.04000000000000001,0.13999999999999999,prop_127,1000,2000,0.15241267561489355,0.17358732438510646,False,0.02117464877021291,0.02117464877021291,0.15241267561489355,0.17358732438510646,0.0,0.0,0.02117464877021291,0.0,0.0
rep0516,0.61,0.6119712700664859,synth_only,0.2,0.020000000000000004,0.04000000000000001,0.13999999999999999,prop_127,1000,2000,0.6726967862150167,0.6993032137849834,False,0.026606427569966673,0.026606427569966673,0.6726967862150167,0.6993032137849834,0.0,0.0,0.026606427569966673,0.0,0.0
rep0517,0.18,0.18373222846712717,synth_only,0.2,0.020000000000000004,0.04000000000000001,0.13999999999999999,prop_127,1000,2000,0.22137367480966097,0.24562632519033906,False,0.024252650380678087,0.024252650380678087,0.22137367480966097,0.24562632519033906,0.0,0.0,0.024252650380678087,0.0,0.0
rep0518,0.47,0.4655653780823635,synth_only,0.2,0.020000000000000004,0.04000000000000001,0.13999999999999999,prop_127,1000,2000,0.7091583542531205,0.7348416457468795,False,0.02568329149375903,0.02568329149375903,0.7091583542531205,0.7348416457468795,0.0,0.0,0.02568329149375903,0.0,0.0
rep0519,0.35,0.3538173002835155,synth_only,0.2,0.020000000000000004,0.04000000000000001,0.13999999999999999,prop_127,1000,2000,0.39938433140230933,0.4276156685976906,False,0.02823133719538129,0.02823133719538129,0.39938433140230933,0.4276156685976906,0.0,0.0,0.02823133719538129,0.0,0.0
rep0520,0.34,0.34223023574669453,synth_only,0.2,0.020000000000000004,0.04000000000000001,0.13999999999999999,prop_127,1000,2000,0.5899816870627953,0.6180183129372047,False,0.02803662587440936,0.02803662587440936,0.5899816870627953,0.6180183129372047,0.0,0.0,0.02803662587440936,0.0,0.0
rep0521,0.29,0.29433630526202653,synth_only,0.2,0.020000000000000004,0.04000000000000001,0.13999999999999999,prop_127,1000,2000,0.3690661331091294,0.3969338668908706,False,0.027867733781741233,0.027867733781741233,0.3690661331091294,0.3969338668908706,0.0,0.0,0.027867733781741233,0.0,0.0
rep0522,0.56,0.5606917375225541,synth_only,0.2,0.020000000000000004,0.04000000000000001,0.13999999999999999,prop_127,1000,2000,0.6519761053374085,0.6790238946625915,False,0.027047789325183036,0.027047789325183036,0.6519761053374085,0.6790238946625915,0.0,0.0,0.027047789325183036,0.0,0.0
rep0523,0.38,0.37802882591253495,synth_only,0.2,0.020000000000000004,0.04000000000000001,0.13999999999999999,prop_127,1000,2000,0.5548053575763519,0.583194642423648,False,0.028389284847296192,0.028389284847296192,0.5548053575763519,0.583194642423648,0.0,0.0,0.028389284847296192,0.0,0.0
rep0524,0.28,0.2841266123127458,synth_only,0.2,0.020000000000000004,0.04000000000000001,0.13999999999999999,prop_127,1000,2000,0.18951314585021417,0.21248685414978585,False,0.022973708299571682,0.022973708299571682,0.18951314585021417,0.21248685414978585,0.0,0.0,0.022973708299571682,0.0,0.0
rep0525,0.51,0.5117009948119199,synth_only,0.2,0.020000000000000004,0.04000000000000001,0.13999999999999999,prop_127,1000,2000,0.7025677038071518,0.7284322961928482,False,0.025864592385696383,0.025864592385696383,0.7025677038071518,0.7284322961928482,0.0,0.0,0.025864592385696383,0.0,0.0
rep0526,0.39,0.3914095804768173,synth_only,0.2,0.020000000000000004,0.04000000000000001,0.13999999999999999,prop_127,1000,2000,0.48916858565706195,0.5178314143429379,False,0.02866282868587594,0.02866282868587594,0.48916858565706195,0.5178314143429379,0.0,0.0,0.02866282868587594,0.0,0.0
rep0527,0.66,0.6638612758122979,synth_only,0.2,0.020000000000000004,0.04000000000000001,0.13999999999999999,prop_127,1000,2000,0.6101159584163903,0.6378840415836097,False,0.02776808316721935,0.02776808316721935,0.6101159584163903,0.6378840415836097,0.0,0.0,0.02776808316721935,0.0,0.0
rep0528,0.39,0.3886195180612263,synth_only,0.2,0.020000000000000004,0.04000000000000001,0.13999999999999999,prop_127,1000,2000,0.4806689511306958,0.5093310488693041,False,0.02866209773860834,0.02866209773860834,0.4806689511306958,0.5093310488693041,0.0,0.0,0.02866209773860834,0.0,0.0
rep0529,0.33,0.3333618896671625,synth_only,0.2,0.020000000000000004,0.04000000000000001,0.13999999999999999,prop_127,1000,2000,0.3839696188225655,0.41203038117743457,False,0.028060762354869095,0.028060762354869095,0.3839696188225655,0.41203038117743457,0.0,0.0,0.028060762354869095,0.0,0.0
rep0530,0.60,0.5993463540570101,synth_only,0.2,0.020000000000000004,0.04000000000000001,0.13999999999999999,prop_127,1000,2000,0.5844490871333844,0.6125509128666157,True,0.028101825733231278,0.028101825733231278,0.5844490871333844,0.6125509128666157,0.0,0.0,0.028101825733231278,0.0,0.0
rep0531,0.10,0.10416798771099253,synth_only,0.2,0.020000000000000004,0.04000000000000001,0.13999999999999999,prop_127,1000,2000,0.04187270512309084,0.05412729487690916,False,0.012254589753818323,0.012254589753818323,0.04187270512309084,0.05412729487690916,0.0,0.0,0.012254589753818323,0.0,0.0
rep0532,0.29,0.28644741092525783,synth_only,0.2,0.020000000000000004,0.04000000000000001,0.13999999999999999,prop_127,1000,2000,0.3750258598616767,0.40297414013832333,False,0.027948280276646642,0.027948280276646642,0.3750258598616767,0.40297414013832333,0.0,0.0,0.027948280276646642,0.0,0.0
rep0533,0.22,0.21806200614285395,synth_only,0.2,0.020000000000000004,0.04000000000000001,0.13999999999999999,prop_127,1000,2000,0.20175432468228854,0.22524567531771145,True,0.023491350635422903,0.023491350635422903,0.20175432468228854,0.22524567531771145,0.0,0.0,0.023491350635422903,0.0,0.0
rep0534,0.84,0.8363459811373498,synth_only,0.2,0.020000000000000004,0.04000000000000001,0.13999999999999999,prop_127,1000,2000,0.9059637764024965,0.9220362235975036,False,0.01607244719500711,0.01607244719500711,0.9059637764024965,0.9220362235975036,0.0,0.0,0.01607244719500711,0.0,0.0
rep0535,0.67,0.6725433957921486,synth_only,0.2,0.020000000000000004,0.04000000000000001,0.13999999999999999,prop_127,1000,2000,0.71828944492103,0.74371055507897,False,0.02542111015794002,0.02542111015794002,0.71828944492103,0.74371055507897,0.0,0.0,0.02542111015794002,0.0,0.0
rep0536,0.39,0.3909753595459846,synth_only,0.2,0.020000000000000004,0.04000000000000001,0.13999999999999999,prop_127,1000,2000,0.2908152742681601,0.31718472573183987,False,0.02636945146367975,0.02636945146367975,0.2908152742681601,0.31718472573183987,0.0,0.0,0.02636945146367975,0.0,0.0
rep0537,0.44,0.4372363842485678,synth_only,0.2,0.020000000000000004,0.04000000000000001,0.13999999999999999,prop_127,1000,2000,0.4591883776445705,0.48781162235542946,False,0.028623244710858975,0.028623244710858975,0.4591883776445705,0.48781162235542946,0.0,0.0,0.028623244710858975,0.0,0.0
rep0538,0.58,0.5785409651444965,synth_only,0.2,0.020000000000000004,0.04000000000000001,0.13999999999999999,prop_127,1000,2000,0.49817271390122947,0.5268272860987704,False,0.028654572197540917,0.028654572197540917,0.49817271390122947,0.5268272860987704,0.0,0.0,0.028654572197540917,0.0,0.0
rep0539,0.63,0.6263676809494493,synth_only,0.2,0.020000000000000004,0.04000000000000001,0.13999999999999999,prop_127,1000,2000,0.6287626084308748,0.6562373915691251,False,0.027474783138250247,0.027474783138250247,0.6287626084308748,0.6562373915691251,0.0,0.0,0.027474783138250247,0.0,0.0
rep0540,0.45,0.45180813368573075,synth_only,0.2,0.020000000000000004,0.04000000000000001,0.13999999999999999,prop_127,1000,2000,0.29229703655779526,0.3187029634422047,False,0.02640592688440946,0.02640592688440946,0.29229703655779526,0.3187029634422047,0.0,0.0,0.02640592688440946,0.0,0.0
rep0541,0.10,0.10309817248260121,synth_only,0.2,0.020000000000000004,0.04000000000000001,0.13999999999999999,prop_127,1000,2000,0.08659542454281238,0.10340457545718762,True,0.016809150914375237,0.016809150914375237,0.08659542454281238,0.10340457545718762,0.0,0.0,0.016809150914375237,0.0,0.0
rep0542,0.15,0.15403159536418579,synth_only,0.2,0.020000000000000004,0.04000000000000001,0.13999999999999999,prop_127,1000,2000,0.1728933348344484,0.19510666516555158,False,0.022213330331103176,0.022213330331103176,0.1728933348344484,0.19510666516555158,0.0,0.0,0.022213330331103176,0.0,0.0
rep0543,0.72,0.7156358023600347,synth_only,0.2,0.020000000000000004,0.04000000000000001,0.13999999999999999,prop_127,1000,2000,0.8356539343376801,0.8563460656623199,False,0.020692131324639762,0.020692131324639762,0.8356539343376801,0.8563460656623199,0.0,0.0,0.020692131324639762,0.0,0.0
rep0544,0.77,0.7695851389465319,synth_only,0.2,0.020000000000000004,0.04000000000000001,0.13999999999999999,prop_127,1000,2000,0.7345390759226604,0.7594609240773396,False,0.024921848154679127,0.024921848154679127,0.7345390759226604,0.7594609240773396,0.0,0.0,0.024921848154679127,0.0,0.0
rep0545,0.69,0.6909403648857109,synth_only,0.2,0.020000000000000004,0.04000000000000001,0.13999999999999999,prop_127,1000,2000,0.689396227703928,0.715603772296072,True,0.026207544592143917,0.026207544592143917,0.689396227703928,0.715603772296072,0.0,0.0,0.026207544592143917,0.0,0.0
rep0546,0.98,0.9808696653114115,synth_only,0.2,0.020000000000000004,0.04000000000000001,0.13999999999999999,prop_127,1000,2000,0.9038797678841095,0.9201202321158906,False,0.01624046423178105,0.01624046423178105,0.9038797678841095,0.9201202321158906,0.0,0.0,0.01624046423178105,0.0,0.0
rep0547,0.61,0.612845008460995,synth_only,0.2,0.020000000000000004,0.04000000000000001,0.13999999999999999,prop_127,1000,2000,0.7223498319484969,0.7476501680515031,False,0.025300336103006194,0.025300336103006194,0.7223498319484969,0.7476501680515031,0.0,0.0,0.025300336103006194,0.0,0.0
rep0548,0.46,0.45996588488369566,synth_only,0.2,0.020000000000000004,0.04000000000000001,0.13999999999999999,prop_127,1000,2000,0.5202023919966583,0.5487976080033417,False,0.028595216006683355,0.028595216006683355,0.5202023919966583,0.5487976080033417,0.0,0.0,0.028595216006683355,0.0,0.0
rep0549,0.64,0.6372865053482185,synth_only,0.2,0.020000000000000004,0.04000000000000001,0.13999999999999999,prop_127,1000,2000,0.6418789480418733,0.6691210519581267,False,0.02724210391625337,0.02724210391625337,0.6418789480418733,0.6691210519581267,0.0,0.0,0.02724210391625337,0.0,0.0
rep0550,0.28,0.2848782961167063,synth_only,0.2,0.020000000000000004,0.04000000000000001,0.13999999999999999,prop_127,1000,2000,0.46518028543991585,0.4938197145600841,False,0.028639429120168258,0.028639429120168258,0.46518028543991585,0.4938197145600841,0.0,0.0,0.028639429120168258,0.0,0.0
rep0551,0.55,0.5499569164623319,synth_only,0.2,0.020000000000000004,0.04000000000000001,0.13999999999999999,prop_127,1000,2000,0.5056797045267244,0.5343202954732756,False,0.028640590946551248,0.028640590946551248,0.5056797045267244,0.5343202954732756,0.0,0.0,0.028640590946551248,0.0,0.0
rep0552,0.82,0.8221159763041617,synth_only,0.2,0.020000000000000004,0.04000000000000001,0.13999999999999999,prop_127,1000,2000,0.8675858299055309,0.8864141700944691,False,0.018828340188938197,0.018828340188938197,0.8675858299055309,0.8864141700944691,0.0,0.0,0.018828340188938197,0.0,0.0
rep0553,0.11,0.1109605429412068,synth_only,0.2,0.020000000000000004,0.04000000000000001,0.13999999999999999,prop_127,1000,2000,0.30564024216720076,0.33235975783279925,False,0.026719515665598492,0.026719515665598492,0.30564024216720076,0.33235975783279925,0.0,0.0,0.026719515665598492,0.0,0.0
rep0554,0.94,0.9447001580691099,synth_only,0.2,0.020000000000000004,0.04000000000000001,0.13999999999999999,prop_127,1000,2000,0.7671069141424736,0.7908930858575265,False,0.02378617171505293,0.02378617171505293,0.7671069141424736,0.7908930858575265,0.0,0.0,0.02378617171505293,0.0,0.0
rep0555,0.32,0.32256430734712244,synth_only,0.2,0.020000000000000004,0.04000000000000001,0.13999999999999999,prop_127,1000,2000,0.3675765515393392,0.3954234484606608,False,0.027846896921321584,0.027846896921321584,0.3675765515393392,0.3954234484606608,0.0,0.0,0.027846896921321584,0.0,0.0
rep0556,0.18,0.18087054949827816,synth_only,0.2,0.020000000000000004,0.04000000000000001,0.13999999999999999,prop_127,1000,2000,0.22235566581646607,0.2466443341835339,False,0.024288668367067834,0.024288668367067834,0.22235566581646607,0.2466443341835339,0.0,0.0,0.024288668367067834,0.0,0.0
rep0557,0.47,0.46546789102588365,synth_only,0.2,0.020000000000000004,0.04000000000000001,0.13999999999999999,prop_127,1000,2000,0.5753997058111415,0.6036002941888585,False,0.028200588377716995,0.028200588377716995,0.5753997058111415,0.6036002941888585,0.0,0.0,0.028200588377716995,0.0,0.0
rep0558,0.21,0.21357871319143243,synth_only,0.2,0.020000000000000004,0.04000000000000001,0.13999999999999999,prop_127,1000,2000,0.22628456790124812,0.25071543209875186,False,0.024430864197503732,0.024430864197503732,0.22628456790124812,0.25071543209875186,0.0,0.0,0.024430864197503732,0.0,0.0
rep0559,0.49,0.49325959696581245,synth_only,0.2,0.020000000000000004,0.04000000000000001,0.13999999999999999,prop_127,1000,2000,0.4976723626675016,0.5263276373324984,False,0.028655274664996844,0.028655274664996844,0.4976723626675016,0.5263276373324984,0.0,0.0,0.028655274664996844,0.0,0.0
rep0560,0.63,0.631758122399257,synth_only,0.2,0.020000000000000004,0.04000000000000001,0.13999999999999999,prop_127,1000,2000,0.6242249141851213,0.6517750858148788,True,0.02755017162975748,0.02755017162975748,0.6242249141851213,0.6517750858148788,0.0,0.0,0.02755017162975748,0.0,0.0
rep0561,0.42,0.4159235320035706,synth_only,0.2,0.020000000000000004,0.04000000000000001,0.13999999999999999,prop_127,1000,2000,0.27107455899980054,0.2969254410001994,False,0.025850882000398867,0.025850882000398867,0.27107455899980054,0.2969254410001994,0.0,0.0,0.025850882000398867,0.0,0.0
rep0562,0.35,0.34576887920309607,synth_only,0.2,0.020000000000000004,0.04000000000000001,0.13999999999999999,prop_127,1000,2000,0.4561932007080785,0.48480679929192144,False,0.028613598583842936,0.028613598583842936,0.4561932007080785,0.48480679929192144,0.0,0.0,0.028613598583842936,0.0,0.0
rep0563,0.58,0.580960389201487,synth_only,0.2,0.020000000000000004,0.04000000000000001,0.13999999999999999,prop_127,1000,2000,0.3869519745308433,0.41504802546915676,False,0.028096050938313466,0.028096050938313466,0.3869519745308433,0.41504802546915676,0.0,0.0,0.028096050938313466,0.0,0.0
rep0564,0.19,0.19320089773917004,synth_only,0.2,0.020000000000000004,0.04000000000000001,0.13999999999999999,prop_127,1000,2000,0.2361132498558757,0.2608867501441243,False,0.024773500288248623,0.024773500288248623,0.2361132498558757,0.2608867501441243,0.0,0.0,0.024773500288248623,0.0,0.0
rep0565,0.69,0.6850878348782574,synth_only,0.2,0.020000000000000004,0.04000000000000001,0.13999999999999999,prop_127,1000,2000,0.696993577372911,0.7230064226270889,False,0.026012845254177908,0.026012845254177908,0.696993577372911,0.7230064226270889,0.0,0.0,0.026012845254177908,0.0,0.0
rep0566,0.44,0.4395773857734668,synth_only,0.2,0.020000000000000004,0.04000000000000001,0.13999999999999999,prop_127,1000,2000,0.4008768468093339,0.4291231531906661,False,0.028246306381332187,0.028246306381332187,0.4008768468093339,0.4291231531906661,0.0,0.0,0.028246306381332187,0.0,0.0
rep0567,0.44,0.43647146936868164,synth_only,0.2,0.020000000000000004,0.04000000000000001,0.13999999999999999,prop_127,1000,2000,0.4731727139012295,0.5018272860987705,False,0.028654572197540973,0.028654572197540973,0.4731727139012295,0.5018272860987705,0.0,0.0,0.028654572197540973,0.0,0.0
rep0568,0.40,0.4025698209814688,synth_only,0.2,0.020000000000000004,0.04000000000000001,0.13999999999999999,prop_127,1000,2000,0.49316984693882576,0.5218301530611741,False,0.028660306122348322,0.028660306122348322,0.49316984693882576,0.5218301530611741,0.0,0.0,0.028660306122348322,0.0,0.0
rep0569,0.64,0.6364065684615023,synth_only,0.2,0.020000000000000004,0.04000000000000001,0.13999999999999999,prop_127,1000,2000,0.689396227703928,0.715603772296072,False,0.026207544592143917,0.026207544592143917,0.689396227703928,0.715603772296072,0.0,0.0,0.026207544592143917,0.0,0.0
rep0570,0.76,0.7649953720403891,synth_only,0.2,0.020000000000000004,0.04000000000000001,0.13999999999999999,prop_127,1000,2000,0.9591961042293673,0.9698038957706328,False,0.010607791541265454,0.010607791541265454,0.9591961042293673,0.9698038957706328,0.0,0.0,0.010607791541265454,0.0,0.0
rep0571,0.94,0.9407087431104716,synth_only,0.2,0.020000000000000004,0.04000000000000001,0.13999999999999999,prop_127,1000,2000,0.9759871056668618,0.9840128943331382,False,0.008025788666276457,0.008025788666276457,0.9759871056668618,0.9840128943331382,0.0,0.0,0.008025788666276457,0.0,0.0
rep0572,0.75,0.7523853437805481,synth_only,0.2,0.020000000000000004,0.04000000000000001,0.13999999999999999,prop_127,1000,2000,0.7010472551428164,0.7269527448571835,False,0.025905489714367125,0.025905489714367125,0.7010472551428164,0.7269527448571835,0.0,0.0,0.025905489714367125,0.0,0.0
rep0573,0.74,0.7416686820244418,synth_only,0.2,0.020000000000000004,0.04000000000000001,0.13999999999999999,prop_127,1000,2000,0.7824075948851001,0.8055924051148999,False,0.02318481022979979,0.02318481022979979,0.7824075948851001,0.8055924051148999,0.0,0.0,0.02318481022979979,0.0,0.0
rep0574,0.54,0.5388677467881925,synth_only,0.2,0.020000000000000004,0.04000000000000001,0.13999999999999999,prop_127,1000,2000,0.870168721880811,0.8888312781191889,False,0.01866255623837798,0.01866255623837798,0.870168721880811,0.8888312781191889,0.0,0.0,0.01866255623837798,0.0,0.0
rep0575,0.60,0.6046972477384603,synth_only,0.2,0.020000000000000004,0.04000000000000001,0.13999999999999999,prop_127,1000,2000,0.68281527426816,0.7091847257318399,False,0.02636945146367986,0.02636945146367986,0.68281527426816,0.7091847257318399,0.0,0.0,0.02636945146367986,0.0,0.0
rep0576,0.54,0.5381818712273801,synth_only,0.2,0.020000000000000004,0.04000000000000001,0.13999999999999999,prop_127,1000,2000,0.6000457170033334,0.6279542829966666,False,0.027908565993333134,0.027908565993333134,0.6000457170033334,0.6279542829966666,0.0,0.0,0.027908565993333134,0.0,0.0
rep0577,0.27,0.26598676139715116,synth_only,0.2,0.020000000000000004,0.04000000000000001,0.13999999999999999,prop_127,1000,2000,0.202244317497547,0.22575568250245298,False,0.02351136500490597,0.02351136500490597,0.202244317497547,0.22575568250245298,0.0,0.0,0.02351136500490597,0.0,0.0
rep0578,0.64,0.6359489349827866,synth_only,0.2,0.020000000000000004,0.04000000000000001,0.13999999999999999,prop_127,1000,2000,0.7304746273127658,0.7555253726872342,False,0.025050745374468386,0.025050745374468386,0.7304746273127658,0.7555253726872342,0.0,0.0,0.025050745374468386,0.0,0.0
rep0579,0.50,0.502528199317781,synth_only,0.2,0.020000000000000004,0.04000000000000001,0.13999999999999999,prop_127,1000,2000,0.47467170323151586,0.5033282967684841,True,0.028656593536968256,0.028656593536968256,0.47467170323151586,0.5033282967684841,0.0,0.0,0.028656593536968256,0.0,0.0
rep0580,0.57,0.5717964033273751,synth_only,0.2,0.020000000000000004,0.04000000000000001,0.13999999999999999,prop_127,1000,2000,0.6237208068330297,0.6512791931669702,False,0.027558386333940588,0.027558386333940588,0.6237208068330297,0.6512791931669702,0.0,0.0,0.027558386333940588,0.0,0.0
rep0581,0.72,0.7247500146922884,synth_only,0.2,0.020000000000000004,0.04000000000000001,0.13999999999999999,prop_127,1000,2000,0.8939973245627426,0.9110026754372573,False,0.017005350874514713,0.017005350874514713,0.8939973245627426,0.9110026754372573,0.0,0.0,0.017005350874514713,0.0,0.0
rep0582,0.46,0.45679599120569614,synth_only,0.2,0.020000000000000004,0.04000000000000001,0.13999999999999999,prop_127,1000,2000,0.8464510815311791,0.866548918468821,False,0.02009783693764189,0.02009783693764189,0.8464510815311791,0.866548918468821,0.0,0.0,0.02009783693764189,0.0,0.0
rep0583,0.49,0.4854432243295074,synth_only,0.2,0.020000000000000004,0.04000000000000001,0.13999999999999999,prop_127,1000,2000,0.555307361842375,0.5836926381576251,False,0.02838527631525012,0.02838527631525012,0.555307361842375,0.5836926381576251,0.0,0.0,0.02838527631525012,0.0,0.0
rep0584,0.46,0.4596330315210002,synth_only,0.2,0.020000000000000004,0.04000000000000001,0.13999999999999999,prop_127,1000,2000,0.7304746273127658,0.7555253726872342,False,0.025050745374468386,0.025050745374468386,0.7304746273127658,0.7555253726872342,0.0,0.0,0.025050745374468386,0.0,0.0
rep0585,0.49,0.49218485030567377,synth_only,0.2,0.020000000000000004,0.04000000000000001,0.13999999999999999,prop_127,1000,2000,0.38347261294510143,0.4115273870548986,False,0.028054774109797176,0.028054774109797176,0.38347261294510143,0.4115273870548986,0.0,0.0,0.028054774109797176,0.0,0.0
rep0586,0.83,0.8322295981314887,synth_only,0.2,0.020000000000000004,0.04000000000000001,0.13999999999999999,prop_127,1000,2000,0.9132683346321363,0.9287316653678638,False,0.015463330735727476,0.015463330735727476,0.9132683346321363,0.9287316653678638,0.0,0.0,0.015463330735727476,0.0,0.0
rep0587,0.19,0.19433133903168506,synth_only,0.2,0.020000000000000004,0.04000000000000001,0.13999999999999999,prop_127,1000,2000,0.3785033964948267,0.4064966035051733,False,0.027993207010346577,0.027993207010346577,0.3785033964948267,0.4064966035051733,0.0,0.0,0.027993207010346577,0.0,0.0
rep0588,0.65,0.652867814355372,synth_only,0.2,0.020000000000000004,0.04000000000000001,0.13999999999999999,prop_127,1000,2000,0.7640495417704822,0.7879504582295178,False,0.02390091645903558,0.02390091645903558,0.7640495417704822,0.7879504582295178,0.0,0.0,0.02390091645903558,0.0,0.0
rep0589,0.45,0.45058856272931086,synth_only,0.2,0.020000000000000004,0.04000000000000001,0.13999999999999999,prop_127,1000,2000,0.43972901544172127,0.46827098455827876,True,0.028541969116557486,0.028541969116557486,0.43972901544172127,0.46827098455827876,0.0,0.0,0.028541969116557486,0.0,0.0
rep0590,0.70,0.6978752355006593,synth_only,0.2,0.020000000000000004,0.04000000000000001,0.13999999999999999,prop_127,1000,2000,0.7737343362818386,0.7972656637181613,False,0.02353132743632269,0.02353132743632269,0.7737343362818386,0.7972656637181613,0.0,0.0,0.02353132743632269,0.0,0.0
rep0591,0.36,0.3566519998772018,synth_only,0.2,0.020000000000000004,0.04000000000000001,0.13999999999999999,prop_127,1000,2000,0.38049089901414684,0.4085091009858532,False,0.028018201971706347,0.028018201971706347,0.38049089901414684,0.4085091009858532,0.0,0.0,0.028018201971706347,0.0,0.0
rep0592,0.47,0.47016838771298314,synth_only,0.2,0.020000000000000004,0.04000000000000001,0.13999999999999999,prop_127,1000,2000,0.5467752913751434,0.5752247086248568,False,0.028449417249713393,0.028449417249713393,0.5467752913751434,0.5752247086248568,0.0,0.0,0.028449417249713393,0.0,0.0
rep0593,0.78,0.7812828144278238,synth_only,0.2,0.020000000000000004,0.04000000000000001,0.13999999999999999,prop_127,1000,2000,0.8392510439682122,0.8597489560317879,False,0.020497912063575763,0.020497912063575763,0.8392510439682122,0.8597489560317879,0.0,0.0,0.020497912063575763,0.0,0.0
rep0594,0.15,0.15337497450052387,synth_only,0.2,0.020000000000000004,0.04000000000000001,0.13999999999999999,prop_127,1000,2000,0.3348419628497333,0.3621580371502667,False,0.0273160743005334,0.0273160743005334,0.3348419628497333,0.3621580371502667,0.0,0.0,0.0273160743005334,0.0,0.0
rep0595,0.50,0.5029469343291464,synth_only,0.2,0.020000000000000004,0.04000000000000001,0.13999999999999999,prop_127,1000,2000,0.6186806178994297,0.6463193821005702,False,0.02763876420114042,0.02763876420114042,0.6186806178994297,0.6463193821005702,0.0,0.0,0.02763876420114042,0.0,0.0
rep0596,0.48,0.48057452723315863,synth_only,0.2,0.020000000000000004,0.04000000000000001,0.13999999999999999,prop_127,1000,2000,0.530726396191528,0.5592736038084721,False,0.02854720761694418,0.02854720761694418,0.530726396191528,0.5592736038084721,0.0,0.0,0.02854720761694418,0.0,0.0
rep0597,0.69,0.6861888709196698,synth_only,0.2,0.020000000000000004,0.04000000000000001,0.13999999999999999,prop_127,1000,2000,0.6934476165376381,0.7195523834623619,False,0.026104766924723855,0.026104766924723855,0.6934476165376381,0.7195523834623619,0.0,0.0,0.026104766924723855,0.0,0.0
rep0598,0.11,0.11258256296318113,synth_only,0.2,0.020000000000000004,0.04000000000000001,0.13999999999999999,prop_127,1000,2000,0.08755597481038324,0.10444402518961676,False,0.01688805037923352,0.01688805037923352,0.08755597481038324,0.10444402518961676,0.0,0.0,0.01688805037923352,0.0,0.0
rep0599,0.23,0.22808153862487301,synth_only,0.2,0.020000000000000004,0.04000000000000001,0.13999999999999999,prop_127,1000,2000,0.2789671996298589,0.3050328003701411,False,0.02606560074028219,0.02606560074028219,0.2789671996298589,0.3050328003701411,0.0,0.0,0.02606560074028219,0.0,0.0
rep0600,0.50,0.4967992746134487,synth_only,0.2,0.020000000000000004,0.04000000000000001,0.13999999999999999,prop_127,1000,2000,0.48916858565706195,0.5178314143429379,True,0.02866282868587594,0.02866282868587594,0.48916858565706195,0.5178314143429379,0.0,0.0,0.02866282868587594,0.0,0.0
rep0601,0.69,0.6902761432921406,synth_only,0.2,0.020000000000000004,0.04000000000000001,0.13999999999999999,prop_127,1000,2000,0.8207709623867676,0.8422290376132324,False,0.021458075226464812,0.021458075226464812,0.8207709623867676,0.8422290376132324,0.0,0.0,0.021458075226464812,0.0,0.0
rep0602,0.38,0.3800058624450191,synth_only,0.2,0.020000000000000004,0.04000000000000001,0.13999999999999999,prop_127,1000,2000,0.3002025387994458,0.3267974612005542,False,0.02659492240110839,0.02659492240110839,0.3002025387994458,0.3267974612005542,0.0,0.0,0.02659492240110839,0.0,0.0
rep0603,0.10,0.09891501159134349,synth_only,0.2,0.020000000000000004,0.04000000000000001,0.13999999999999999,prop_127,1000,2000,0.0746139468610446,0.09038605313895541,False,0.015772106277910813,0.015772106277910813,0.0746139468610446,0.09038605313895541,0.0,0.0,0.015772106277910813,0.0,0.0
rep0604,0.49,0.49369290489599743,synth_only,0.2,0.020000000000000004,0.04000000000000001,0.13999999999999999,prop_127,1000,2000,0.3660871106397764,0.3939128893602236,False,0.027825778720447225,0.027825778720447225,0.3660871106397764,0.3939128893602236,0.0,0.0,0.027825778720447225,0.0,0.0
rep0605,0.60,0.6035496709735864,synth_only,0.2,0.020000000000000004,0.04000000000000001,0.13999999999999999,prop_127,1000,2000,0.8156457240891989,0.8373542759108011,False,0.02170855182160225,0.02170855182160225,0.8156457240891989,0.8373542759108011,0.0,0.0,0.02170855182160225,0.0,0.0
rep0606,0.21,0.21319807329954524,synth_only,0.2,0.020000000000000004,0.04000000000000001,0.13999999999999999,prop_127,1000,2000,0.3115747229938041,0.3384252770061959,False,0.02685055401239178,0.02685055401239178,0.3115747229938041,0.3384252770061959,0.0,0.0,0.02685055401239178,0.0,0.0
rep0607,0.64,0.6443716841714197,synth_only,0.2,0.020000000000000004,0.04000000000000001,0.13999999999999999,prop_127,1000,2000,0.5864607280680725,0.6145392719319276,False,0.02807854386385511,0.02807854386385511,0.5864607280680725,0.6145392719319276,0.0,0.0,0.02807854386385511,0.0,0.0
rep0608,0.03,0.02827567590134843,synth_only,0.2,0.020000000000000004,0.04000000000000001,0.13999999999999999,prop_127,1000,2000,0.013741496211841226,0.02125850378815878,False,0.007517007576317554,0.007517007576317554,0.013741496211841226,0.02125850378815878,0.0,0.0,0.007517007576317554,0.0,0.0
rep0609,0.55,0.5474134707393462,synth_only,0.2,0.020000000000000004,0.04000000000000001,0.13999999999999999,prop_127,1000,2000,0.6716853347819253,0.6983146652180748,False,0.026629330436149568,0.026629330436149568,0.6716853347819253,0.6983146652180748,0.0,0.0,0.026629330436149568,0.0,0.0
rep0610,0.29,0.28684135798442517,synth_only,0.2,0.020000000000000004,0.04000000000000001,0.13999999999999999,prop_127,1000,2000,0.3308789480418733,0.35812105195812666,False,0.02724210391625337,0.02724210391625337,0.3308789480418733,0.35812105195812666,0.0,0.0,0.02724210391625337,0.0,0.0
rep0611,0.14,0.13578129059991748,synth_only,0.2,0.020000000000000004,0.04000000000000001,0.13999999999999999,prop_127,1000,2000,0.2908152742681601,0.31718472573183987,False,0.02636945146367975,0.02636945146367975,0.2908152742681601,0.31718472573183987,0.0,0.0,0.02636945146367975,0.0,0.0
rep0612,0.62,0.6187309196315114,synth_only,0.2,0.020000000000000004,0.04000000000000001,0.13999999999999999,prop_127,1000,2000,0.6292668778492277,0.6567331221507723,False,0.02746624430154454,0.02746624430154454,0.6292668778492277,0.6567331221507723,0.0,0.0,0.02746624430154454,0.0,0.0
rep0613,0.63,0.6270930836482813,synth_only,0.2,0.020000000000000004,0.04000000000000001,0.13999999999999999,prop_127,1000,2000,0.8258996174236878,0.8471003825763123,False,0.02120076515262448,0.02120076515262448,0.8258996174236878,0.8471003825763123,0.0,0.0,0.02120076515262448,0.0,0.0
rep0614,0.43,0.43038825650727186,synth_only,0.2,0.020000000000000004,0.04000000000000001,0.13999999999999999,prop_127,1000,2000,0.688889888765379,0.7151101112346209,False,0.026220222469241827,0.026220222469241827,0.688889888765379,0.7151101112346209,0.0,0.0,0.026220222469241827,0.0,0.0
rep0615,0.84,0.8391156500249953,synth_only,0.2,0.020000000000000004,0.04000000000000001,0.13999999999999999,prop_127,1000,2000,0.7864918154225622,0.8095081845774379,False,0.023016369154875704,0.023016369154875704,0.7864918154225622,0.8095081845774379,0.0,0.0,0.023016369154875704,0.0,0.0
rep0616,0.61,0.6123569717990613,synth_only,0.2,0.020000000000000004,0.04000000000000001,0.13999999999999999,prop_127,1000,2000,0.5412567990119922,0.5697432009880078,False,0.028486401976015596,0.028486401976015596,0.5412567990119922,0.5697432009880078,0.0,0.0,0.028486401976015596,0.0,0.0
rep0617,0.62,0.6205075481320748,synth_only,0.2,0.020000000000000004,0.04000000000000001,0.13999999999999999,prop_127,1000,2000,0.5181985424256791,0.5468014575743209,False,0.028602915148641772,0.028602915148641772,0.5181985424256791,0.5468014575743209,0.0,0.0,0.028602915148641772,0.0,0.0
rep0618,0.14,0.1429645586149851,synth_only,0.2,0.020000000000000004,0.04000000000000001,0.13999999999999999,prop_127,1000,2000,0.08227652588488601,0.09872347411511398,False,0.016446948230227965,0.016446948230227965,0.08227652588488601,0.09872347411511398,0.0,0.0,0.016446948230227965,0.0,0.0
rep0619,0.52,0.516527602766824,synth_only,0.2,0.020000000000000004,0.04000000000000001,0.13999999999999999,prop_127,1000,2000,0.4806689511306958,0.5093310488693041,False,0.02866209773860834,0.02866209773860834,0.4806689511306958,0.5093310488693041,0.0,0.0,0.02866209773860834,0.0,0.0
rep0620,0.15,0.154536062752559,synth_only,0.2,0.020000000000000004,0.04000000000000001,0.13999999999999999,prop_127,1000,2000,0.06221079306879615,0.07678920693120386,False,0.014578413862407713,0.014578413862407713,0.06221079306879615,0.07678920693120386,0.0,0.0,0.014578413862407713,0.0,0.0
rep0621,0.32,0.31841831039389845,synth_only,0.2,0.020000000000000004,0.04000000000000001,0.13999999999999999,prop_127,1000,2000,0.3095962819450549,0.3364037180549451,True,0.026807436109890226,0.026807436109890226,0.3095962819450549,0.3364037180549451,0.0,0.0,0.026807436109890226,0.0,0.0
rep0622,0.85,0.8457324695232843,synth_only,0.2,0.020000000000000004,0.04000000000000001,0.13999999999999999,prop_127,1000,2000,0.7299666682853198,0.7550333317146803,False,0.02506666342936059,0.02506666342936059,0.7299666682853198,0.7550333317146803,0.0,0.0,0.02506666342936059,0.0,0.0
rep0623,0.40,0.39839224799048806,synth_only,0.2,0.020000000000000004,0.04000000000000001,0.13999999999999999,prop_127,1000,2000,0.39988182154851776,0.4281181784514822,False,0.028236356902964443,0.028236356902964443,0.39988182154851776,0.4281181784514822,0.0,0.0,0.028236356902964443,0.0,0.0
rep0624,0.51,0.5112065288467394,synth_only,0.2,0.020000000000000004,0.04000000000000001,0.13999999999999999,prop_127,1000,2000,0.6666291463910708,0.6933708536089292,False,0.0267417072178584,0.0267417072178584,0.6666291463910708,0.6933708536089292,0.0,0.0,0.0267417072178584,0.0,0.0
rep0625,0.41,0.41172009420229283,synth_only,0.2,0.020000000000000004,0.04000000000000001,0.13999999999999999,prop_127,1000,2000,0.4646808807210901,0.49331911927890987,False,0.028638238557819773,0.028638238557819773,0.4646808807210901,0.49331911927890987,0.0,0.0,0.028638238557819773,0.0,0.0
rep0626,0.45,0.4490396417877701,synth_only,0.2,0.020000000000000004,0.04000000000000001,0.13999999999999999,prop_127,1000,2000,0.3497126404925931,0.3772873595074069,False,0.027574719014813787,0.027574719014813787,0.3497126404925931,0.3772873595074069,0.0,0.0,0.027574719014813787,0.0,0.0
rep0627,0.26,0.25677254203726624,synth_only,0.2,0.020000000000000004,0.04000000000000001,0.13999999999999999,prop_127,1000,2000,0.22481105463431958,0.2491889453656804,False,0.02437789073136082,0.02437789073136082,0.22481105463431958,0.2491889453656804,0.0,0.0,0.02437789073136082,0.0,0.0
rep0628,0.85,0.8498651658717413,synth_only,0.2,0.020000000000000004,0.04000000000000001,0.13999999999999999,prop_127,1000,2000,0.8613919861354639,0.8806080138645361,False,0.01921602772907227,0.01921602772907227,0.8613919861354639,0.8806080138645361,0.0,0.0,0.01921602772907227,0.0,0.0
rep0629,0.74,0.7420867049314198,synth_only,0.2,0.020000000000000004,0.04000000000000001,0.13999999999999999,prop_127,1000,2000,0.7035814337296775,0.7294185662703225,False,0.025837132540645014,0.025837132540645014,0.7035814337296775,0.7294185662703225,0.0,0.0,0.025837132540645014,0.0,0.0
rep0630,0.52,0.5201797266154914,synth_only,0.2,0.020000000000000004,0.04000000000000001,0.13999999999999999,prop_127,1000,2000,0.7187969210080191,0.744203078991981,False,0.025406157983961952,0.025406157983961952,0.7187969210080191,0.744203078991981,0.0,0.0,0.025406157983961952,0.0,0.0
rep0631,0.41,0.41433972053110196,synth_only,0.2,0.020000000000000004,0.04000000000000001,0.13999999999999999,prop_127,1000,2000,0.5106861604420604,0.5393138395579397,False,0.028627679115879268,0.028627679115879268,0.5106861604420604,0.5393138395579397,0.0,0.0,0.028627679115879268,0.0,0.0
rep0632,0.31,0.30685759098370324,synth_only,0.2,0.020000000000000004,0.04000000000000001,0.13999999999999999,prop_127,1000,2000,0.4262700724070092,0.4547299275929908,False,0.028459855185981597,0.028459855185981597,0.4262700724070092,0.4547299275929908,0.0,0.0,0.028459855185981597,0.0,0.0
rep0633,0.10,0.09710738774154229,synth_only,0.2,0.020000000000000004,0.04000000000000001,0.13999999999999999,prop_127,1000,2000,0.10440784168492523,0.12259215831507478,False,0.01818431663014955,0.01818431663014955,0.10440784168492523,0.12259215831507478,0.0,0.0,0.01818431663014955,0.0,0.0
rep0634,0.54,0.5370884766756563,synth_only,0.2,0.020000000000000004,0.04000000000000001,0.13999999999999999,prop_127,1000,2000,0.6428883609411675,0.6701116390588324,False,0.027223278117664895,0.027223278117664895,0.6428883609411675,0.6701116390588324,0.0,0.0,0.027223278117664895,0.0,0.0
rep0635,0.18,0.17827000773312507,synth_only,0.2,0.020000000000000004,0.04000000000000001,0.13999999999999999,prop_127,1000,2000,0.12229765939570748,0.14170234060429254,False,0.01940468120858506,0.01940468120858506,0.12229765939570748,0.14170234060429254,0.0,0.0,0.01940468120858506,0.0,0.0
rep0636,0.58,0.5834640635639543,synth_only,0.2,0.020000000000000004,0.04000000000000001,0.13999999999999999,prop_127,1000,2000,0.6590481664461194,0.6859518335538806,False,0.026903667107761153,0.026903667107761153,0.6590481664461194,0.6859518335538806,0.0,0.0,0.026903667107761153,0.0,0.0
rep0637,0.66,0.6606259632581091,synth_only,0.2,0.020000000000000004,0.04000000000000001,0.13999999999999999,prop_127,1000,2000,0.5914908990141469,0.6195091009858532,False,0.028018201971706347,0.028018201971706347,0.5914908990141469,0.6195091009858532,0.0,0.0,0.028018201971706347,0.0,0.0
rep0638,0.21,0.21433342558165774,synth_only,0.2,0.020000000000000004,0.04000000000000001,0.13999999999999999,prop_127,1000,2000,0.24791936271138373,0.2730806372886163,False,0.02516127457723258,0.02516127457723258,0.24791936271138373,0.2730806372886163,0.0,0.0,0.02516127457723258,0.0,0.0
rep0639,0.69,0.6903486977629466,synth_only,0.2,0.020000000000000004,0.04000000000000001,0.13999999999999999,prop_127,1000,2000,1.0,1.0,False,0.0,0.0,1.0,1.0,0.0,0.0,0.0,0.0,0.0
rep0640,0.79,0.786524726491391,synth_only,0.2,0.020000000000000004,0.04000000000000001,0.13999999999999999,prop_127,1000,2000,0.7081441906748247,0.7338558093251752,False,0.025711618650350543,0.025711618650350543,0.7081441906748247,0.7338558093251752,0.0,0.0,0.025711618650350543,0.0,0.0
rep0641,0.34,0.34238386107268753,synth_only,0.2,0.020000000000000004,0.04000000000000001,0.13999999999999999,prop_127,1000,2000,0.4591883776445705,0.48781162235542946,False,0.028623244710858975,0.028623244710858975,0.4591883776445705,0.48781162235542946,0.0,0.0,0.028623244710858975,0.0,0.0
rep0642,0.65,0.6487182596051031,synth_only,0.2,0.020000000000000004,0.04000000000000001,0.13999999999999999,prop_127,1000,2000,0.6853460389391692,0.7116539610608308,False,0.026307922121661553,0.026307922121661553,0.6853460389391692,0.7116539610608308,0.0,0.0,0.026307922121661553,0.0,0.0
rep0643,0.36,0.36343834785442014,synth_only,0.2,0.020000000000000004,0.04000000000000001,0.13999999999999999,prop_127,1000,2000,0.49817271390122947,0.5268272860987704,False,0.028654572197540917,0.028654572197540917,0.49817271390122947,0.5268272860987704,0.0,0.0,0.028654572197540917,0.0,0.0
rep0644,0.65,0.6481229391038595,synth_only,0.2,0.020000000000000004,0.04000000000000001,0.13999999999999999,prop_127,1000,2000,0.6686514087157239,0.6953485912842762,False,0.026697182568552247,0.026697182568552247,0.6686514087157239,0.6953485912842762,0.0,0.0,0.026697182568552247,0.0,0.0
rep0645,0.29,0.2941433730670103,synth_only,0.2,0.020000000000000004,0.04000000000000001,0.13999999999999999,prop_127,1000,2000,0.2434906098180243,0.26850939018197567,False,0.02501878036395136,0.02501878036395136,0.2434906098180243,0.26850939018197567,0.0,0.0,0.02501878036395136,0.0,0.0
rep0646,0.51,0.5120115362995212,synth_only,0.2,0.020000000000000004,0.04000000000000001,0.13999999999999999,prop_127,1000,2000,0.5222064725242407,0.5507935274757593,False,0.028587054951518587,0.028587054951518587,0.5222064725242407,0.5507935274757593,0.0,0.0,0.028587054951518587,0.0,0.0
rep0647,0.71,0.7065170718696113,synth_only,0.2,0.020000000000000004,0.04000000000000001,0.13999999999999999,prop_127,1000,2000,0.8356539343376801,0.8563460656623199,False,0.020692131324639762,0.020692131324639762,0.8356539343376801,0.8563460656623199,0.0,0.0,0.020692131324639762,0.0,0.0
rep0648,0.73,0.7257764503743807,synth_only,0.2,0.020000000000000004,0.04000000000000001,0.13999999999999999,prop_127,1000,2000,0.841307393888887,0.8616926061111131,False,0.020385212222226112,0.020385212222226112,0.841307393888887,0.8616926061111131,0.0,0.0,0.020385212222226112,0.0,0.0
rep0649,0.71,0.7092804785306875,synth_only,0.2,0.020000000000000004,0.04000000000000001,0.13999999999999999,prop_127,1000,2000,0.7870024667574772,0.8099975332425228,False,0.022995066485045568,0.022995066485045568,0.7870024667574772,0.8099975332425228,0.0,0.0,0.022995066485045568,0.0,0.0
rep0650,0.44,0.43598196325490673,synth_only,0.2,0.020000000000000004,0.04000000000000001,0.13999999999999999,prop_127,1000,2000,0.4546958067001236,0.48330419329987634,False,0.028608386599752733,0.028608386599752733,0.4546958067001236,0.48330419329987634,0.0,0.0,0.028608386599752733,0.0,0.0
rep0651,0.51,0.509779873494791,synth_only,0.2,0.020000000000000004,0.04000000000000001,0.13999999999999999,prop_127,1000,2000,0.6641017154288396,0.6908982845711604,False,0.02679656914232087,0.02679656914232087,0.6641017154288396,0.6908982845711604,0.0,0.0,0.02679656914232087,0.0,0.0
rep0652,0.30,0.3038326119750675,synth_only,0.2,0.020000000000000004,0.04000000000000001,0.13999999999999999,prop_127,1000,2000,0.2715677038071518,0.29743229619284817,False,0.025864592385696383,0.025864592385696383,0.2715677038071518,0.29743229619284817,0.0,0.0,0.025864592385696383,0.0,0.0
rep0653,0.81,0.8102823830810556,synth_only,0.2,0.020000000000000004,0.04000000000000001,0.13999999999999999,prop_127,1000,2000,0.7849600271971401,0.8080399728028599,False,0.023079945605719798,0.023079945605719798,0.7849600271971401,0.8080399728028599,0.0,0.0,0.023079945605719798,0.0,0.0
rep0654,0.71,0.7089897305189968,synth_only,0.2,0.020000000000000004,0.04000000000000001,0.13999999999999999,prop_127,1000,2000,0.7604837312501518,0.7845162687498481,False,0.02403253749969636,0.02403253749969636,0.7604837312501518,0.7845162687498481,0.0,0.0,0.02403253749969636,0.0,0.0
rep0655,0.29,0.29163199392445693,synth_only,0.2,0.020000000000000004,0.04000000000000001,0.13999999999999999,prop_127,1000,2000,0.3824786470553451,0.4105213529446549,False,0.028042705889309794,0.028042705889309794,0.3824786470553451,0.4105213529446549,0.0,0.0,0.028042705889309794,0.0,0.0
rep0656,0.56,0.562914990197144,synth_only,0.2,0.020000000000000004,0.04000000000000001,0.13999999999999999,prop_127,1000,2000,0.6131382559756555,0.6408617440243445,False,0.02772348804868896,0.02772348804868896,0.6131382559756555,0.6408617440243445,0.0,0.0,0.02772348804868896,0.0,0.0
rep0657,0.35,0.3470109004221037,synth_only,0.2,0.020000000000000004,0.04000000000000001,0.13999999999999999,prop_127,1000,2000,0.23709661250576014,0.26190338749423986,False,0.02480677498847972,0.02480677498847972,0.23709661250576014,0.26190338749423986,0.0,0.0,0.02480677498847972,0.0,0.0
rep0658,0.32,0.31902368868181874,synth_only,0.2,0.020000000000000004,0.04000000000000001,0.13999999999999999,prop_127,1000,2000,0.28192820420071896,0.308071795799281,False,0.026143591598562055,0.026143591598562055,0.28192820420071896,0.308071795799281,0.0,0.0,0.026143591598562055,0.0,0.0
rep0659,0.74,0.7420126698484341,synth_only,0.2,0.020000000000000004,0.04000000000000001,0.13999999999999999,prop_127,1000,2000,0.9549168805341391,0.9660831194658609,False,0.01116623893172175,0.01116623893172175,0.9549168805341391,0.9660831194658609,0.0,0.0,0.01116623893172175,0.0,0.0
rep0660,0.20,0.19621544316156792,synth_only,0.2,0.020000000000000004,0.04000000000000001,0.13999999999999999,prop_127,1000,2000,0.3616196351941642,0.3893803648058358,False,0.027760729611671642,0.027760729611671642,0.3616196351941642,0.3893803648058358,0.0,0.0,0.027760729611671642,0.0,0.0
rep0661,0.69,0.6919479229129536,synth_only,0.2,0.020000000000000004,0.04000000000000001,0.13999999999999999,prop_127,1000,2000,0.6711796358870665,0.6978203641129335,True,0.02664072822586694,0.02664072822586694,0.6711796358870665,0.6978203641129335,0.0,0.0,0.02664072822586694,0.0,0.0
rep0662,0.33,0.3251295165584837,synth_only,0.2,0.020000000000000004,0.04000000000000001,0.13999999999999999,prop_127,1000,2000,0.1626457240891988,0.18435427591080117,False,0.021708551821602362,0.021708551821602362,0.1626457240891988,0.18435427591080117,0.0,0.0,0.021708551821602362,0.0,0.0
rep0663,0.65,0.6539903087855193,synth_only,0.2,0.020000000000000004,0.04000000000000001,0.13999999999999999,prop_127,1000,2000,0.5889756223527473,0.6170243776472527,False,0.028048755294505456,0.028048755294505456,0.5889756223527473,0.6170243776472527,0.0,0.0,0.028048755294505456,0.0,0.0
rep0664,0.29,0.29232037114787135,synth_only,0.2,0.020000000000000004,0.04000000000000001,0.13999999999999999,prop_127,1000,2000,0.5197014079592099,0.5482985920407901,False,0.028597184081580185,0.028597184081580185,0.5197014079592099,0.5482985920407901,0.0,0.0,0.028597184081580185,0.0,0.0
rep0665,0.44,0.4435664527715359,synth_only,0.2,0.020000000000000004,0.04000000000000001,0.13999999999999999,prop_127,1000,2000,0.43873169275463914,0.4672683072453609,True,0.028536614490721757,0.028536614490721757,0.43873169275463914,0.4672683072453609,0.0,0.0,0.028536614490721757,0.0,0.0
rep0666,0.57,0.569426710310103,synth_only,0.2,0.020000000000000004,0.04000000000000001,0.13999999999999999,prop_127,1000,2000,0.44172383497210077,0.47027616502789926,False,0.02855233005579849,0.02855233005579849,0.44172383497210077,0.47027616502789926,0.0,0.0,0.02855233005579849,0.0,0.0
rep0667,0.25,0.24776737783479344,synth_only,0.2,0.020000000000000004,0.04000000000000001,0.13999999999999999,prop_127,1000,2000,0.23316369612246124,0.25783630387753875,True,0.024672607755077514,0.024672607755077514,0.23316369612246124,0.25783630387753875,0.0,0.0,0.024672607755077514,0.0,0.0
rep0668,0.59,0.5891451788470337,synth_only,0.2,0.020000000000000004,0.04000000000000001,0.13999999999999999,prop_127,1000,2000,0.7203194729026974,0.7456805270973026,False,0.025361054194605215,0.025361054194605215,0.7203194729026974,0.7456805270973026,0.0,0.0,0.025361054194605215,0.0,0.0
rep0669,0.43,0.43112417009251425,synth_only,0.2,0.020000000000000004,0.04000000000000001,0.13999999999999999,prop_127,1000,2000,0.48766834917908886,0.5163316508209111,False,0.028663301641822292,0.028663301641822292,0.48766834917908886,0.5163316508209111,0.0,0.0,0.028663301641822292,0.0,0.0
rep0670,0.52,0.5247541318418742,synth_only,0.2,0.020000000000000004,0.04000000000000001,0.13999999999999999,prop_127,1000,2000,0.5688670769839629,0.597132923016037,False,0.02826584603207416,0.02826584603207416,0.5688670769839629,0.597132923016037,0.0,0.0,0.02826584603207416,0.0,0.0
rep0671,0.43,0.4258243574979035,synth_only,0.2,0.020000000000000004,0.04000000000000001,0.13999999999999999,prop_127,1000,2000,0.4272666663122606,0.4557333336877394,False,0.02846666737547876,0.02846666737547876,0.4272666663122606,0.4557333336877394,0.0,0.0,0.02846666737547876,0.0,0.0
rep0672,0.81,0.8089839883601585,synth_only,0.2,0.020000000000000004,0.04000000000000001,0.13999999999999999,prop_127,1000,2000,0.691928204200719,0.7180717957992809,False,0.026143591598561944,0.026143591598561944,0.691928204200719,0.7180717957992809,0.0,0.0,0.026143591598561944,0.0,0.0
rep0673,0.52,0.5160903827108957,synth_only,0.2,0.020000000000000004,0.04000000000000001,0.13999999999999999,prop_127,1000,2000,0.49467055645860536,0.5233294435413947,True,0.028658887082789297,0.028658887082789297,0.49467055645860536,0.5233294435413947,0.0,0.0,0.028658887082789297,0.0,0.0
rep0674,0.06,0.06029974565196784,synth_only,0.2,0.020000000000000004,0.04000000000000001,0.13999999999999999,prop_127,1000,2000,0.0,0.0,False,0.0,0.0,0.0,0.0,0.0,0.0,0.0,0.0,0.0
rep0675,0.52,0.5161454616139173,synth_only,0.2,0.020000000000000004,0.04000000000000001,0.13999999999999999,prop_127,1000,2000,0.4352415210724189,0.4637584789275811,False,0.028516957855162173,0.028516957855162173,0.4352415210724189,0.4637584789275811,0.0,0.0,0.028516957855162173,0.0,0.0
rep0676,0.66,0.6578150737171017,synth_only,0.2,0.020000000000000004,0.04000000000000001,0.13999999999999999,prop_127,1000,2000,0.6620800865262685,0.6889199134737315,False,0.026839826947463008,0.026839826947463008,0.6620800865262685,0.6889199134737315,0.0,0.0,0.026839826947463008,0.0,0.0
rep0677,0.92,0.9205140610257226,synth_only,0.2,0.020000000000000004,0.04000000000000001,0.13999999999999999,prop_127,1000,2000,1.0,1.0,False,0.0,0.0,1.0,1.0,0.0,0.0,0.0,0.0,0.0
rep0678,0.09,0.09465568618272703,synth_only,0.2,0.020000000000000004,0.04000000000000001,0.13999999999999999,prop_127,1000,2000,0.14025104396821214,0.16074895603178785,False,0.020497912063575707,0.020497912063575707,0.14025104396821214,0.16074895603178785,0.0,0.0,0.020497912063575707,0.0,0.0
rep0679,0.71,0.7090958024890887,synth_only,0.2,0.020000000000000004,0.04000000000000001,0.13999999999999999,prop_127,1000,2000,0.6676402421672007,0.6943597578327994,False,0.026719515665598603,0.026719515665598603,0.6676402421672007,0.6943597578327994,0.0,0.0,0.026719515665598603,0.0,0.0
rep0680,0.11,0.11455441533880197,synth_only,0.2,0.020000000000000004,0.04000000000000001,0.13999999999999999,prop_127,1000,2000,0.09188186479595689,0.10911813520404312,False,0.01723627040808623,0.01723627040808623,0.09188186479595689,0.10911813520404312,0.0,0.0,0.01723627040808623,0.0,0.0
rep0681,0.26,0.25727511353445326,synth_only,0.2,0.020000000000000004,0.04000000000000001,0.13999999999999999,prop_127,1000,2000,0.362612297402064,0.390387702597936,False,0.02777540519587196,0.02777540519587196,0.362612297402064,0.390387702597936,0.0,0.0,0.02777540519587196,0.0,0.0
rep0682,0.83,0.825070707544665,synth_only,0.2,0.020000000000000004,0.04000000000000001,0.13999999999999999,prop_127,1000,2000,0.9274084692355493,0.9415915307644507,False,0.014183061528901364,0.014183061528901364,0.9274084692355493,0.9415915307644507,0.0,0.0,0.014183061528901364,0.0,0.0
rep0683,0.80,0.8007348882310458,synth_only,0.2,0.020000000000000004,0.04000000000000001,0.13999999999999999,prop_127,1000,2000,0.689396227703928,0.715603772296072,False,0.026207544592143917,0.026207544592143917,0.689396227703928,0.715603772296072,0.0,0.0,0.026207544592143917,0.0,0.0
rep0684,0.83,0.8284671553921638,synth_only,0.2,0.020000000000000004,0.04000000000000001,0.13999999999999999,prop_127,1000,2000,0.8315452349427097,0.8524547650572902,False,0.02090953011458052,0.02090953011458052,0.8315452349427097,0.8524547650572902,0.0,0.0,0.02090953011458052,0.0,0.0
rep0685,0.51,0.514309478391361,synth_only,0.2,0.020000000000000004,0.04000000000000001,0.13999999999999999,prop_127,1000,2000,0.4487075287660411,0.47729247123395896,False,0.028584942467917873,0.028584942467917873,0.4487075287660411,0.47729247123395896,0.0,0.0,0.028584942467917873,0.0,0.0
rep0686,0.05,0.04867548466027368,synth_only,0.2,0.020000000000000004,0.04000000000000001,0.13999999999999999,prop_127,1000,2000,0.05224616407312001,0.06575383592687999,False,0.013507671853759978,0.013507671853759978,0.05224616407312001,0.06575383592687999,0.0,0.0,0.013507671853759978,0.0,0.0
rep0687,0.70,0.7017411200593814,synth_only,0.2,0.020000000000000004,0.04000000000000001,0.13999999999999999,prop_127,1000,2000,0.6939541252243983,0.7200458747756017,True,0.026091749551203414,0.026091749551203414,0.6939541252243983,0.7200458747756017,0.0,0.0,0.026091749551203414,0.0,0.0
rep0688,0.78,0.7768841857553568,synth_only,0.2,0.020000000000000004,0.04000000000000001,0.13999999999999999,prop_127,1000,2000,0.9389933311226502,0.9520066688773499,False,0.013013337754699705,0.013013337754699705,0.9389933311226502,0.9520066688773499,0.0,0.0,0.013013337754699705,0.0,0.0
rep0689,0.41,0.40967933946466756,synth_only,0.2,0.020000000000000004,0.04000000000000001,0.13999999999999999,prop_127,1000,2000,0.364101408815472,0.391898591184528,False,0.02779718236905604,0.02779718236905604,0.364101408815472,0.391898591184528,0.0,0.0,0.02779718236905604,0.0,0.0
rep0690,0.47,0.46908505895471847,synth_only,0.2,0.020000000000000004,0.04000000000000001,0.13999999999999999,prop_127,1000,2000,0.6186806178994297,0.6463193821005702,False,0.02763876420114042,0.02763876420114042,0.6186806178994297,0.6463193821005702,0.0,0.0,0.02763876420114042,0.0,0.0
rep0691,0.71,0.7077778587278475,synth_only,0.2,0.020000000000000004,0.04000000000000001,0.13999999999999999,prop_127,1000,2000,0.6823091766582359,0.7086908233417641,True,0.02638164668352827,0.02638164668352827,0.6823091766582359,0.7086908233417641,0.0,0.0,0.02638164668352827,0.0,0.0
rep0692,0.70,0.7005041640051802,synth_only,0.2,0.020000000000000004,0.04000000000000001,0.13999999999999999,prop_127,1000,2000,0.6706739548427211,0.697326045157279,False,0.026652090314557952,0.026652090314557952,0.6706739548427211,0.697326045157279,0.0,0.0,0.026652090314557952,0.0,0.0
rep0693,0.56,0.5563453058616313,synth_only,0.2,0.020000000000000004,0.04000000000000001,0.13999999999999999,prop_127,1000,2000,0.6020592654831952,0.6299407345168048,False,0.02788146903360955,0.02788146903360955,0.6020592654831952,0.6299407345168048,0.0,0.0,0.02788146903360955,0.0,0.0
rep0694,0.86,0.8579152046654233,synth_only,0.2,0.020000000000000004,0.04000000000000001,0.13999999999999999,prop_127,1000,2000,0.9268833584102116,0.9411166415897885,False,0.014233283179576839,0.014233283179576839,0.9268833584102116,0.9411166415897885,0.0,0.0,0.014233283179576839,0.0,0.0
rep0695,0.13,0.133927768805338,synth_only,0.2,0.020000000000000004,0.04000000000000001,0.13999999999999999,prop_127,1000,2000,0.043752928260979845,0.05624707173902016,False,0.012494143478040315,0.012494143478040315,0.043752928260979845,0.05624707173902016,0.0,0.0,0.012494143478040315,0.0,0.0
rep0696,0.29,0.29447716121483336,synth_only,0.2,0.020000000000000004,0.04000000000000001,0.13999999999999999,prop_127,1000,2000,0.4447164991897823,0.47328350081021775,False,0.02856700162043546,0.02856700162043546,0.4447164991897823,0.47328350081021775,0.0,0.0,0.02856700162043546,0.0,0.0
rep0697,0.38,0.3774111129057389,synth_only,0.2,0.020000000000000004,0.04000000000000001,0.13999999999999999,prop_127,1000,2000,0.31503766529625826,0.34196233470374177,False,0.026924669407483504,0.026924669407483504,0.31503766529625826,0.34196233470374177,0.0,0.0,0.026924669407483504,0.0,0.0
rep0698,0.49,0.4857893021833887,synth_only,0.2,0.020000000000000004,0.04000000000000001,0.13999999999999999,prop_127,1000,2000,0.482168585657062,0.510831414342938,True,0.028662828685875996,0.028662828685875996,0.482168585657062,0.510831414342938,0.0,0.0,0.028662828685875996,0.0,0.0
rep0699,0.07,0.06956301432769134,synth_only,0.2,0.020000000000000004,0.04000000000000001,0.13999999999999999,prop_127,1000,2000,0.12908395099703154,0.14891604900296848,False,0.019832098005936938,0.019832098005936938,0.12908395099703154,0.14891604900296848,0.0,0.0,0.019832098005936938,0.0,0.0
rep0700,0.65,0.6506325430432847,synth_only,0.2,0.020000000000000004,0.04000000000000001,0.13999999999999999,prop_127,1000,2000,0.5844490871333844,0.6125509128666157,False,0.028101825733231278,0.028101825733231278,0.5844490871333844,0.6125509128666157,0.0,0.0,0.028101825733231278,0.0,0.0
rep0701,0.62,0.6187320249579185,synth_only,0.2,0.020000000000000004,0.04000000000000001,0.13999999999999999,prop_127,1000,2000,0.4596876241877142,0.48831237581228576,False,0.028624751624571565,0.028624751624571565,0.4596876241877142,0.48831237581228576,0.0,0.0,0.028624751624571565,0.0,0.0
rep0702,0.32,0.3183272441833459,synth_only,0.2,0.020000000000000004,0.04000000000000001,0.13999999999999999,prop_127,1000,2000,0.4452153272521118,0.4737846727478882,False,0.028569345495776388,0.028569345495776388,0.4452153272521118,0.4737846727478882,0.0,0.0,0.028569345495776388,0.0,0.0
rep0703,0.64,0.6352153071879647,synth_only,0.2,0.020000000000000004,0.04000000000000001,0.13999999999999999,prop_127,1000,2000,0.6904089618594769,0.7165910381405232,False,0.026182076281046296,0.026182076281046296,0.6904089618594769,0.7165910381405232,0.0,0.0,0.026182076281046296,0.0,0.0
rep0704,0.97,0.9723238313893882,synth_only,0.2,0.020000000000000004,0.04000000000000001,0.13999999999999999,prop_127,1000,2000,1.0,1.0,False,0.0,0.0,1.0,1.0,0.0,0.0,0.0,0.0,0.0
rep0705,0.47,0.46588421090109494,synth_only,0.2,0.020000000000000004,0.04000000000000001,0.13999999999999999,prop_127,1000,2000,0.6015558550338397,0.6294441449661604,False,0.02788828993232073,0.02788828993232073,0.6015558550338397,0.6294441449661604,0.0,0.0,0.02788828993232073,0.0,0.0
rep0706,0.53,0.5283740232519213,synth_only,0.2,0.020000000000000004,0.04000000000000001,0.13999999999999999,prop_127,1000,2000,0.5985357187125941,0.6264642812874059,False,0.0279285625748118,0.0279285625748118,0.5985357187125941,0.6264642812874059,0.0,0.0,0.0279285625748118,0.0,0.0
rep0707,0.73,0.7343174621456723,synth_only,0.2,0.020000000000000004,0.04000000000000001,0.13999999999999999,prop_127,1000,2000,1.0,1.0,False,0.0,0.0,1.0,1.0,0.0,0.0,0.0,0.0,0.0
rep0708,0.77,0.7735731870600265,synth_only,0.2,0.020000000000000004,0.04000000000000001,0.13999999999999999,prop_127,1000,2000,0.6166649907049897,0.6443350092950102,False,0.027670018590020495,0.027670018590020495,0.6166649907049897,0.6443350092950102,0.0,0.0,0.027670018590020495,0.0,0.0
rep0709,0.46,0.4597510487027871,synth_only,0.2,0.020000000000000004,0.04000000000000001,0.13999999999999999,prop_127,1000,2000,0.40635055489273614,0.43464944510726383,False,0.028298890214527694,0.028298890214527694,0.40635055489273614,0.43464944510726383,0.0,0.0,0.028298890214527694,0.0,0.0
rep0710,0.07,0.07345804081414554,synth_only,0.2,0.020000000000000004,0.04000000000000001,0.13999999999999999,prop_127,1000,2000,0.1597204638007541,0.18127953619924592,False,0.021559072398491808,0.021559072398491808,0.1597204638007541,0.18127953619924592,0.0,0.0,0.021559072398491808,0.0,0.0
rep0711,0.88,0.8815362152345295,synth_only,0.2,0.020000000000000004,0.04000000000000001,0.13999999999999999,prop_127,1000,2000,0.9522504071976634,0.9637495928023365,False,0.011499185604673112,0.011499185604673112,0.9522504071976634,0.9637495928023365,0.0,0.0,0.011499185604673112,0.0,0.0
rep0712,0.71,0.7081656695993921,synth_only,0.2,0.020000000000000004,0.04000000000000001,0.13999999999999999,prop_127,1000,2000,0.7982439605902022,0.8207560394097978,False,0.022512078819595605,0.022512078819595605,0.7982439605902022,0.8207560394097978,0.0,0.0,0.022512078819595605,0.0,0.0
rep0713,0.34,0.3371108098177164,synth_only,0.2,0.020000000000000004,0.04000000000000001,0.13999999999999999,prop_127,1000,2000,0.31553244066899294,0.3424675593310071,True,0.026935118662014146,0.026935118662014146,0.31553244066899294,0.3424675593310071,0.0,0.0,0.026935118662014146,0.0,0.0
rep0714,0.08,0.07975518910225672,synth_only,0.2,0.020000000000000004,0.04000000000000001,0.13999999999999999,prop_127,1000,2000,0.0,0.0,False,0.0,0.0,0.0,0.0,0.0,0.0,0.0,0.0,0.0
rep0715,0.15,0.14884037317006904,synth_only,0.2,0.020000000000000004,0.04000000000000001,0.13999999999999999,prop_127,1000,2000,0.02465003654355704,0.03434996345644296,False,0.009699926912885917,0.009699926912885917,0.02465003654355704,0.03434996345644296,0.0,0.0,0.009699926912885917,0.0,0.0
rep0716,0.50,0.5002520736252362,synth_only,0.2,0.020000000000000004,0.04000000000000001,0.13999999999999999,prop_127,1000,2000,0.4666785857973392,0.4953214142026608,False,0.02864282840532162,0.02864282840532162,0.4666785857973392,0.4953214142026608,0.0,0.0,0.02864282840532162,0.0,0.0
rep0717,0.62,0.6181944409522758,synth_only,0.2,0.020000000000000004,0.04000000000000001,0.13999999999999999,prop_127,1000,2000,0.5071814903720391,0.5358185096279608,False,0.02863701925592177,0.02863701925592177,0.5071814903720391,0.5358185096279608,0.0,0.0,0.02863701925592177,0.0,0.0
rep0718,0.75,0.7467090556088825,synth_only,0.2,0.020000000000000004,0.04000000000000001,0.13999999999999999,prop_127,1000,2000,0.7187969210080191,0.744203078991981,False,0.025406157983961952,0.025406157983961952,0.7187969210080191,0.744203078991981,0.0,0.0,0.025406157983961952,0.0,0.0
rep0719,0.46,0.4594901234938354,synth_only,0.2,0.020000000000000004,0.04000000000000001,0.13999999999999999,prop_127,1000,2000,0.5462735370685131,0.5747264629314869,False,0.028452925862973766,0.028452925862973766,0.5462735370685131,0.5747264629314869,0.0,0.0,0.028452925862973766,0.0,0.0
rep0720,0.05,0.04671494424394169,synth_only,0.2,0.020000000000000004,0.04000000000000001,0.13999999999999999,prop_127,1000,2000,0.11406940428092821,0.1329305957190718,False,0.018861191438143576,0.018861191438143576,0.11406940428092821,0.1329305957190718,0.0,0.0,0.018861191438143576,0.0,0.0
rep0721,0.81,0.8117611590924323,synth_only,0.2,0.020000000000000004,0.04000000000000001,0.13999999999999999,prop_127,1000,2000,1.0,1.0,False,0.0,0.0,1.0,1.0,0.0,0.0,0.0,0.0,0.0
rep0722,0.22,0.2219104471600488,synth_only,0.2,0.020000000000000004,0.04000000000000001,0.13999999999999999,prop_127,1000,2000,0.30910171542883963,0.3358982845711604,False,0.02679656914232076,0.02679656914232076,0.30910171542883963,0.3358982845711604,0.0,0.0,0.02679656914232076,0.0,0.0
rep0723,0.51,0.5105466005402299,synth_only,0.2,0.020000000000000004,0.04000000000000001,0.13999999999999999,prop_127,1000,2000,0.5382474573447782,0.5667525426552218,False,0.0285050853104436,0.0285050853104436,0.5382474573447782,0.5667525426552218,0.0,0.0,0.0285050853104436,0.0,0.0
rep0724,0.48,0.477360257689102,synth_only,0.2,0.020000000000000004,0.04000000000000001,0.13999999999999999,prop_127,1000,2000,0.4646808807210901,0.49331911927890987,True,0.028638238557819773,0.028638238557819773,0.4646808807210901,0.49331911927890987,0.0,0.0,0.028638238557819773,0.0,0.0
rep0725,0.16,0.1643904436647521,synth_only,0.2,0.020000000000000004,0.04000000000000001,0.13999999999999999,prop_127,1000,2000,0.1655721721435307,0.18742782785646928,False,0.02185565571293857,0.02185565571293857,0.1655721721435307,0.18742782785646928,0.0,0.0,0.02185565571293857,0.0,0.0
rep0726,0.76,0.757057184239538,synth_only,0.2,0.020000000000000004,0.04000000000000001,0.13999999999999999,prop_127,1000,2000,0.6954737654058021,0.721526234594198,False,0.026052469188395877,0.026052469188395877,0.6954737654058021,0.721526234594198,0.0,0.0,0.026052469188395877,0.0,0.0
rep0727,0.34,0.34121970245937583,synth_only,0.2,0.020000000000000004,0.04000000000000001,0.13999999999999999,prop_127,1000,2000,0.393912931599624,0.42208706840037596,False,0.02817413680075198,0.02817413680075198,0.393912931599624,0.42208706840037596,0.0,0.0,0.02817413680075198,0.0,0.0
rep0728,0.20,0.196817766798613,synth_only,0.2,0.020000000000000004,0.04000000000000001,0.13999999999999999,prop_127,1000,2000,0.41630736184237493,0.44469263815762505,False,0.02838527631525012,0.02838527631525012,0.41630736184237493,0.44469263815762505,0.0,0.0,0.02838527631525012,0.0,0.0
rep0729,0.29,0.28849501958605417,synth_only,0.2,0.020000000000000004,0.04000000000000001,0.13999999999999999,prop_127,1000,2000,0.19783532510226223,0.22116467489773775,False,0.023329349795475518,0.023329349795475518,0.19783532510226223,0.22116467489773775,0.0,0.0,0.023329349795475518,0.0,0.0
rep0730,0.48,0.477668445003829,synth_only,0.2,0.020000000000000004,0.04000000000000001,0.13999999999999999,prop_127,1000,2000,0.4357400734003255,0.4642599265996745,False,0.02851985319934902,0.02851985319934902,0.4357400734003255,0.4642599265996745,0.0,0.0,0.02851985319934902,0.0,0.0
rep0731,0.72,0.7209968835743404,synth_only,0.2,0.020000000000000004,0.04000000000000001,0.13999999999999999,prop_127,1000,2000,0.6777551223196825,0.7042448776803174,False,0.026489755360634915,0.026489755360634915,0.6777551223196825,0.7042448776803174,0.0,0.0,0.026489755360634915,0.0,0.0
rep0732,0.57,0.5718125239722864,synth_only,0.2,0.020000000000000004,0.04000000000000001,0.13999999999999999,prop_127,1000,2000,0.5693694970031784,0.5976305029968216,True,0.02826100599364323,0.02826100599364323,0.5693694970031784,0.5976305029968216,0.0,0.0,0.02826100599364323,0.0,0.0
rep0733,0.97,0.9677623027604382,synth_only,0.2,0.020000000000000004,0.04000000000000001,0.13999999999999999,prop_127,1000,2000,1.0,1.0,False,0.0,0.0,1.0,1.0,0.0,0.0,0.0,0.0,0.0
rep0734,0.48,0.4810283343490522,synth_only,0.2,0.020000000000000004,0.04000000000000001,0.13999999999999999,prop_127,1000,2000,0.46817701542083373,0.49682298457916624,True,0.028645969158332507,0.028645969158332507,0.46817701542083373,0.49682298457916624,0.0,0.0,0.028645969158332507,0.0,0.0
rep0735,0.78,0.7833574314760184,synth_only,0.2,0.020000000000000004,0.04000000000000001,0.13999999999999999,prop_127,1000,2000,0.6570272333133161,0.6839727666866838,False,0.02694553337336769,0.02694553337336769,0.6570272333133161,0.6839727666866838,0.0,0.0,0.02694553337336769,0.0,0.0
rep0736,0.19,0.19432774790338644,synth_only,0.2,0.020000000000000004,0.04000000000000001,0.13999999999999999,prop_127,1000,2000,0.14949177597859137,0.17050822402140864,False,0.02101644804281727,0.02101644804281727,0.14949177597859137,0.17050822402140864,0.0,0.0,0.02101644804281727,0.0,0.0
rep0737,0.33,0.3254942999348819,synth_only,0.2,0.020000000000000004,0.04000000000000001,0.13999999999999999,prop_127,1000,2000,0.42029174040225803,0.44870825959774197,False,0.028416519195483936,0.028416519195483936,0.42029174040225803,0.44870825959774197,0.0,0.0,0.028416519195483936,0.0,0.0
rep0738,0.51,0.5123079916353976,synth_only,0.2,0.020000000000000004,0.04000000000000001,0.13999999999999999,prop_127,1000,2000,0.5819348780874133,0.6100651219125867,False,0.028130243825173373,0.028130243825173373,0.5819348780874133,0.6100651219125867,0.0,0.0,0.028130243825173373,0.0,0.0
rep0739,0.06,0.062111997988286836,synth_only,0.2,0.020000000000000004,0.04000000000000001,0.13999999999999999,prop_127,1000,2000,0.17045216078765887,0.19254783921234112,False,0.02209567842468224,0.02209567842468224,0.17045216078765887,0.19254783921234112,0.0,0.0,0.02209567842468224,0.0,0.0
rep0740,0.75,0.7475448991454451,synth_only,0.2,0.020000000000000004,0.04000000000000001,0.13999999999999999,prop_127,1000,2000,0.8660367036759107,0.8849632963240892,False,0.01892659264817853,0.01892659264817853,0.8660367036759107,0.8849632963240892,0.0,0.0,0.01892659264817853,0.0,0.0
rep0741,0.33,0.3282612087940039,synth_only,0.2,0.020000000000000004,0.04000000000000001,0.13999999999999999,prop_127,1000,2000,0.24545873068675647,0.2705412693132435,False,0.025082538626487044,0.025082538626487044,0.24545873068675647,0.2705412693132435,0.0,0.0,0.025082538626487044,0.0,0.0
rep0742,0.18,0.17857762779265787,synth_only,0.2,0.020000000000000004,0.04000000000000001,0.13999999999999999,prop_127,1000,2000,0.27600688117526506,0.3019931188247349,False,0.025986237649469834,0.025986237649469834,0.27600688117526506,0.3019931188247349,0.0,0.0,0.025986237649469834,0.0,0.0
rep0743,0.30,0.3006284010448977,synth_only,0.2,0.020000000000000004,0.04000000000000001,0.13999999999999999,prop_127,1000,2000,0.1855995872768302,0.2084004127231698,False,0.0228008254463396,0.0228008254463396,0.1855995872768302,0.2084004127231698,0.0,0.0,0.0228008254463396,0.0,0.0
rep0744,0.77,0.7703311074821744,synth_only,0.2,0.020000000000000004,0.04000000000000001,0.13999999999999999,prop_127,1000,2000,0.7870024667574772,0.8099975332425228,False,0.022995066485045568,0.022995066485045568,0.7870024667574772,0.8099975332425228,0.0,0.0,0.022995066485045568,0.0,0.0
rep0745,0.30,0.2994687432846144,synth_only,0.2,0.020000000000000004,0.04000000000000001,0.13999999999999999,prop_127,1000,2000,0.4108303841669032,0.43916961583309677,False,0.028339231666193565,0.028339231666193565,0.4108303841669032,0.43916961583309677,0.0,0.0,0.028339231666193565,0.0,0.0
rep0746,0.86,0.8631013308792119,synth_only,0.2,0.020000000000000004,0.04000000000000001,0.13999999999999999,prop_127,1000,2000,0.8815493678311563,0.8994506321688436,False,0.01790126433768724,0.01790126433768724,0.8815493678311563,0.8994506321688436,0.0,0.0,0.01790126433768724,0.0,0.0
rep0747,0.78,0.7789905000161823,synth_only,0.2,0.020000000000000004,0.04000000000000001,0.13999999999999999,prop_127,1000,2000,0.9374096314959063,0.9505903685040936,False,0.013180737008187338,0.013180737008187338,0.9374096314959063,0.9505903685040936,0.0,0.0,0.013180737008187338,0.0,0.0
rep0748,0.51,0.5080678956883182,synth_only,0.2,0.020000000000000004,0.04000000000000001,0.13999999999999999,prop_127,1000,2000,0.46318275279064725,0.4918172472093527,False,0.02863449441870547,0.02863449441870547,0.46318275279064725,0.4918172472093527,0.0,0.0,0.02863449441870547,0.0,0.0
rep0749,0.02,0.01749168767955398,synth_only,0.2,0.020000000000000004,0.04000000000000001,0.13999999999999999,prop_127,1000,2000,0.0765276342037393,0.09247236579626071,False,0.01594473159252141,0.01594473159252141,0.0765276342037393,0.09247236579626071,0.0,0.0,0.01594473159252141,0.0,0.0
rep0750,0.39,0.39053994972898903,synth_only,0.2,0.020000000000000004,0.04000000000000001,0.13999999999999999,prop_127,1000,2000,0.5071814903720391,0.5358185096279608,False,0.02863701925592177,0.02863701925592177,0.5071814903720391,0.5358185096279608,0.0,0.0,0.02863701925592177,0.0,0.0
rep0751,0.30,0.30302091037636547,synth_only,0.2,0.020000000000000004,0.04000000000000001,0.13999999999999999,prop_127,1000,2000,0.36856959030874437,0.39643040969125565,False,0.02786081938251128,0.02786081938251128,0.36856959030874437,0.39643040969125565,0.0,0.0,0.02786081938251128,0.0,0.0
rep0752,0.67,0.6728906560484075,synth_only,0.2,0.020000000000000004,0.04000000000000001,0.13999999999999999,prop_127,1000,2000,0.7559008658813915,0.7800991341186085,False,0.024198268237217047,0.024198268237217047,0.7559008658813915,0.7800991341186085,0.0,0.0,0.024198268237217047,0.0,0.0
rep0753,0.45,0.4541601212035811,synth_only,0.2,0.020000000000000004,0.04000000000000001,0.13999999999999999,prop_127,1000,2000,0.40187193197531473,0.43012806802468523,False,0.028256136049370495,0.028256136049370495,0.40187193197531473,0.43012806802468523,0.0,0.0,0.028256136049370495,0.0,0.0
rep0754,0.36,0.3621350551377598,synth_only,0.2,0.020000000000000004,0.04000000000000001,0.13999999999999999,prop_127,1000,2000,0.24644291961384013,0.2715570803861599,False,0.02511416077231976,0.02511416077231976,0.24644291961384013,0.2715570803861599,0.0,0.0,0.02511416077231976,0.0,0.0
rep0755,0.30,0.30370365689607154,synth_only,0.2,0.020000000000000004,0.04000000000000001,0.13999999999999999,prop_127,1000,2000,0.41780139329151866,0.4461986067084813,False,0.028397213416962663,0.028397213416962663,0.41780139329151866,0.4461986067084813,0.0,0.0,0.028397213416962663,0.0,0.0
rep0756,0.39,0.39191424206051756,synth_only,0.2,0.020000000000000004,0.04000000000000001,0.13999999999999999,prop_127,1000,2000,0.28538356855002245,0.3116164314499775,False,0.02623286289995508,0.02623286289995508,0.28538356855002245,0.3116164314499775,0.0,0.0,0.02623286289995508,0.0,0.0
rep0757,0.93,0.9311693716628857,synth_only,0.2,0.020000000000000004,0.04000000000000001,0.13999999999999999,prop_127,1000,2000,0.8315452349427097,0.8524547650572902,False,0.02090953011458052,0.02090953011458052,0.8315452349427097,0.8524547650572902,0.0,0.0,0.02090953011458052,0.0,0.0
rep0758,0.73,0.7253501033985368,synth_only,0.2,0.020000000000000004,0.04000000000000001,0.13999999999999999,prop_127,1000,2000,0.5703743819081047,0.5986256180918953,False,0.02825123618379055,0.02825123618379055,0.5703743819081047,0.5986256180918953,0.0,0.0,0.02825123618379055,0.0,0.0
rep0759,0.37,0.3668140313848696,synth_only,0.2,0.020000000000000004,0.04000000000000001,0.13999999999999999,prop_127,1000,2000,0.38198168706279534,0.4100183129372047,False,0.02803662587440936,0.02803662587440936,0.38198168706279534,0.4100183129372047,0.0,0.0,0.02803662587440936,0.0,0.0
rep0760,0.65,0.649319239106947,synth_only,0.2,0.020000000000000004,0.04000000000000001,0.13999999999999999,prop_127,1000,2000,0.782918026889406,0.8060819731105939,False,0.023163946221187892,0.023163946221187892,0.782918026889406,0.8060819731105939,0.0,0.0,0.023163946221187892,0.0,0.0
rep0761,0.19,0.18909448403981105,synth_only,0.2,0.020000000000000004,0.04000000000000001,0.13999999999999999,prop_127,1000,2000,0.41979364153880755,0.44820635846119244,False,0.028412716922384895,0.028412716922384895,0.41979364153880755,0.44820635846119244,0.0,0.0,0.028412716922384895,0.0,0.0
rep0762,0.58,0.5811996148724241,synth_only,0.2,0.020000000000000004,0.04000000000000001,0.13999999999999999,prop_127,1000,2000,0.5698719319753147,0.5981280680246852,True,0.028256136049370495,0.028256136049370495,0.5698719319753147,0.5981280680246852,0.0,0.0,0.028256136049370495,0.0,0.0
rep0763,0.18,0.18132628957024227,synth_only,0.2,0.020000000000000004,0.04000000000000001,0.13999999999999999,prop_127,1000,2000,0.2641725975203309,0.28982740247966915,False,0.02565480495933825,0.02565480495933825,0.2641725975203309,0.28982740247966915,0.0,0.0,0.02565480495933825,0.0,0.0
rep0764,0.77,0.7746575608172306,synth_only,0.2,0.020000000000000004,0.04000000000000001,0.13999999999999999,prop_127,1000,2000,0.8443931174559924,0.8646068825440076,False,0.0202137650880152,0.0202137650880152,0.8443931174559924,0.8646068825440076,0.0,0.0,0.0202137650880152,0.0,0.0
rep0765,0.03,0.026227594970208438,synth_only,0.2,0.020000000000000004,0.04000000000000001,0.13999999999999999,prop_127,1000,2000,0.0,0.0,False,0.0,0.0,0.0,0.0,0.0,0.0,0.0,0.0,0.0
rep0766,0.38,0.37867548624001796,synth_only,0.2,0.020000000000000004,0.04000000000000001,0.13999999999999999,prop_127,1000,2000,0.39888685625621423,0.42711314374378573,False,0.0282262874875715,0.0282262874875715,0.39888685625621423,0.42711314374378573,0.0,0.0,0.0282262874875715,0.0,0.0
rep0767,0.61,0.6128422265947918,synth_only,0.2,0.020000000000000004,0.04000000000000001,0.13999999999999999,prop_127,1000,2000,0.6121307602338083,0.6398692397661917,True,0.027738479532383398,0.027738479532383398,0.6121307602338083,0.6398692397661917,0.0,0.0,0.027738479532383398,0.0,0.0
rep0768,0.63,0.630024733990203,synth_only,0.2,0.020000000000000004,0.04000000000000001,0.13999999999999999,prop_127,1000,2000,0.7248882499594229,0.7501117500405772,False,0.02522350008115426,0.02522350008115426,0.7248882499594229,0.7501117500405772,0.0,0.0,0.02522350008115426,0.0,0.0
rep0769,0.37,0.3691153843791364,synth_only,0.2,0.020000000000000004,0.04000000000000001,0.13999999999999999,prop_127,1000,2000,0.3660871106397764,0.3939128893602236,True,0.027825778720447225,0.027825778720447225,0.3660871106397764,0.3939128893602236,0.0,0.0,0.027825778720447225,0.0,0.0
rep0770,0.76,0.7602827163677804,synth_only,0.2,0.020000000000000004,0.04000000000000001,0.13999999999999999,prop_127,1000,2000,0.8141088011587462,0.8358911988412537,False,0.02178239768250756,0.02178239768250756,0.8141088011587462,0.8358911988412537,0.0,0.0,0.02178239768250756,0.0,0.0
rep0771,0.56,0.5569418507360329,synth_only,0.2,0.020000000000000004,0.04000000000000001,0.13999999999999999,prop_127,1000,2000,0.6222085814756103,0.6497914185243897,False,0.027582837048779396,0.027582837048779396,0.6222085814756103,0.6497914185243897,0.0,0.0,0.027582837048779396,0.0,0.0
rep0772,0.51,0.5123095731772616,synth_only,0.2,0.020000000000000004,0.04000000000000001,0.13999999999999999,prop_127,1000,2000,0.3884433579545286,0.41655664204547144,False,0.028113284090942825,0.028113284090942825,0.3884433579545286,0.41655664204547144,0.0,0.0,0.028113284090942825,0.0,0.0
rep0773,0.94,0.9438798022173757,synth_only,0.2,0.020000000000000004,0.04000000000000001,0.13999999999999999,prop_127,1000,2000,1.0,1.0,False,0.0,0.0,1.0,1.0,0.0,0.0,0.0,0.0,0.0
rep0774,0.32,0.3165110740887545,synth_only,0.2,0.020000000000000004,0.04000000000000001,0.13999999999999999,prop_127,1000,2000,0.39988182154851776,0.4281181784514822,False,0.028236356902964443,0.028236356902964443,0.39988182154851776,0.4281181784514822,0.0,0.0,0.028236356902964443,0.0,0.0
rep0775,0.44,0.4391276919154589,synth_only,0.2,0.020000000000000004,0.04000000000000001,0.13999999999999999,prop_127,1000,2000,0.5071814903720391,0.5358185096279608,False,0.02863701925592177,0.02863701925592177,0.5071814903720391,0.5358185096279608,0.0,0.0,0.02863701925592177,0.0,0.0
rep0776,0.14,0.1376244819698076,synth_only,0.2,0.020000000000000004,0.04000000000000001,0.13999999999999999,prop_127,1000,2000,0.15143889877990796,0.17256110122009205,False,0.02112220244018409,0.02112220244018409,0.15143889877990796,0.17256110122009205,0.0,0.0,0.02112220244018409,0.0,0.0
rep0777,0.69,0.6900240903357862,synth_only,0.2,0.020000000000000004,0.04000000000000001,0.13999999999999999,prop_127,1000,2000,0.5387489778316056,0.5672510221683945,False,0.028502044336788934,0.028502044336788934,0.5387489778316056,0.5672510221683945,0.0,0.0,0.028502044336788934,0.0,0.0
rep0778,0.23,0.22579168906928765,synth_only,0.2,0.020000000000000004,0.04000000000000001,0.13999999999999999,prop_127,1000,2000,0.3710524601449735,0.3989475398550265,False,0.027895079710053006,0.027895079710053006,0.3710524601449735,0.3989475398550265,0.0,0.0,0.027895079710053006,0.0,0.0
rep0779,0.28,0.2837869490913578,synth_only,0.2,0.020000000000000004,0.04000000000000001,0.13999999999999999,prop_127,1000,2000,0.4058528704536062,0.4341471295463938,False,0.0282942590927876,0.0282942590927876,0.4058528704536062,0.4341471295463938,0.0,0.0,0.0282942590927876,0.0,0.0
rep0780,0.53,0.5288656238903121,synth_only,0.2,0.020000000000000004,0.04000000000000001,0.13999999999999999,prop_127,1000,2000,0.6111233277479158,0.6388766722520842,False,0.027753344504168442,0.027753344504168442,0.6111233277479158,0.6388766722520842,0.0,0.0,0.027753344504168442,0.0,0.0
rep0781,0.73,0.7330093470103288,synth_only,0.2,0.020000000000000004,0.04000000000000001,0.13999999999999999,prop_127,1000,2000,0.7030745589998005,0.7289254410001994,False,0.025850882000398867,0.025850882000398867,0.7030745589998005,0.7289254410001994,0.0,0.0,0.025850882000398867,0.0,0.0
rep0782,0.84,0.838503187664904,synth_only,0.2,0.020000000000000004,0.04000000000000001,0.13999999999999999,prop_127,1000,2000,0.8815493678311563,0.8994506321688436,False,0.01790126433768724,0.01790126433768724,0.8815493678311563,0.8994506321688436,0.0,0.0,0.01790126433768724,0.0,0.0
rep0783,0.34,0.33656651734857845,synth_only,0.2,0.020000000000000004,0.04000000000000001,0.13999999999999999,prop_127,1000,2000,0.2997083093267818,0.3262916906732182,False,0.026583381346436452,0.026583381346436452,0.2997083093267818,0.3262916906732182,0.0,0.0,0.026583381346436452,0.0,0.0
rep0784,0.11,0.10949115789238008,synth_only,0.2,0.020000000000000004,0.04000000000000001,0.13999999999999999,prop_127,1000,2000,0.08803635530057895,0.10496364469942106,False,0.01692728939884211,0.01692728939884211,0.08803635530057895,0.10496364469942106,0.0,0.0,0.01692728939884211,0.0,0.0
rep0785,0.48,0.4762454626103595,synth_only,0.2,0.020000000000000004,0.04000000000000001,0.13999999999999999,prop_127,1000,2000,0.6020592654831952,0.6299407345168048,False,0.02788146903360955,0.02788146903360955,0.6020592654831952,0.6299407345168048,0.0,0.0,0.02788146903360955,0.0,0.0
rep0786,0.07,0.07488165227562806,synth_only,0.2,0.020000000000000004,0.04000000000000001,0.13999999999999999,prop_127,1000,2000,0.09284391025899011,0.1101560897410099,False,0.017312179482019796,0.017312179482019796,0.09284391025899011,0.1101560897410099,0.0,0.0,0.017312179482019796,0.0,0.0
rep0787,0.82,0.8170884972397916,synth_only,0.2,0.020000000000000004,0.04000000000000001,0.13999999999999999,prop_127,1000,2000,0.8135965589765266,0.8354034410234734,True,0.021806882046946807,0.021806882046946807,0.8135965589765266,0.8354034410234734,0.0,0.0,0.021806882046946807,0.0,0.0
rep0788,0.34,0.3362206627963597,synth_only,0.2,0.020000000000000004,0.04000000000000001,0.13999999999999999,prop_127,1000,2000,0.19440759488510015,0.21759240511489983,False,0.02318481022979968,0.02318481022979968,0.19440759488510015,0.21759240511489983,0.0,0.0,0.02318481022979968,0.0,0.0
rep0789,0.50,0.496171784003576,synth_only,0.2,0.020000000000000004,0.04000000000000001,0.13999999999999999,prop_127,1000,2000,0.6615747229938042,0.6884252770061959,False,0.02685055401239178,0.02685055401239178,0.6615747229938042,0.6884252770061959,0.0,0.0,0.02685055401239178,0.0,0.0
rep0790,0.53,0.5296143175516811,synth_only,0.2,0.020000000000000004,0.04000000000000001,0.13999999999999999,prop_127,1000,2000,0.4711742622994951,0.49982573770050487,False,0.028651475401009763,0.028651475401009763,0.4711742622994951,0.49982573770050487,0.0,0.0,0.028651475401009763,0.0,0.0
rep0791,0.71,0.7076541850555828,synth_only,0.2,0.020000000000000004,0.04000000000000001,0.13999999999999999,prop_127,1000,2000,0.6782610553990203,0.7047389446009797,False,0.02647788920195948,0.02647788920195948,0.6782610553990203,0.7047389446009797,0.0,0.0,0.02647788920195948,0.0,0.0
rep0792,0.15,0.1503767874147335,synth_only,0.2,0.020000000000000004,0.04000000000000001,0.13999999999999999,prop_127,1000,2000,0.14608571633510625,0.16691428366489375,True,0.020828567329787495,0.020828567329787495,0.14608571633510625,0.16691428366489375,0.0,0.0,0.020828567329787495,0.0,0.0
rep0793,0.68,0.6781218861290822,synth_only,0.2,0.020000000000000004,0.04000000000000001,0.13999999999999999,prop_127,1000,2000,0.6151534376389993,0.6428465623610007,False,0.02769312472200136,0.02769312472200136,0.6151534376389993,0.6428465623610007,0.0,0.0,0.02769312472200136,0.0,0.0
rep0794,0.42,0.4249101602725677,synth_only,0.2,0.020000000000000004,0.04000000000000001,0.13999999999999999,prop_127,1000,2000,0.5071814903720391,0.5358185096279608,False,0.02863701925592177,0.02863701925592177,0.5071814903720391,0.5358185096279608,0.0,0.0,0.02863701925592177,0.0,0.0
rep0795,0.70,0.6987247497061722,synth_only,0.2,0.020000000000000004,0.04000000000000001,0.13999999999999999,prop_127,1000,2000,0.6227126404925931,0.6502873595074068,False,0.027574719014813676,0.027574719014813676,0.6227126404925931,0.6502873595074068,0.0,0.0,0.027574719014813676,0.0,0.0
rep0796,0.52,0.5229072743297516,synth_only,0.2,0.020000000000000004,0.04000000000000001,0.13999999999999999,prop_127,1000,2000,0.5382474573447782,0.5667525426552218,False,0.0285050853104436,0.0285050853104436,0.5382474573447782,0.5667525426552218,0.0,0.0,0.0285050853104436,0.0,0.0
rep0797,0.83,0.8307010375574098,synth_only,0.2,0.020000000000000004,0.04000000000000001,0.13999999999999999,prop_127,1000,2000,0.9374096314959063,0.9505903685040936,False,0.013180737008187338,0.013180737008187338,0.9374096314959063,0.9505903685040936,0.0,0.0,0.013180737008187338,0.0,0.0
rep0798,0.88,0.8808234463324145,synth_only,0.2,0.020000000000000004,0.04000000000000001,0.13999999999999999,prop_127,1000,2000,0.9651103679083773,0.9748896320916226,False,0.009779264183245262,0.009779264183245262,0.9651103679083773,0.9748896320916226,0.0,0.0,0.009779264183245262,0.0,0.0
rep0799,0.43,0.43465681542082857,synth_only,0.2,0.020000000000000004,0.04000000000000001,0.13999999999999999,prop_127,1000,2000,0.4507033904688388,0.47929660953116127,False,0.028593219062322484,0.028593219062322484,0.4507033904688388,0.47929660953116127,0.0,0.0,0.028593219062322484,0.0,0.0
rep0800,0.17,0.17053459520841083,synth_only,0.2,0.020000000000000004,0.04000000000000001,0.13999999999999999,prop_127,1000,2000,0.23463837248411498,0.259361627515885,False,0.024723255031770003,0.024723255031770003,0.23463837248411498,0.259361627515885,0.0,0.0,0.024723255031770003,0.0,0.0
rep0801,0.41,0.41260411504675165,synth_only,0.2,0.020000000000000004,0.04000000000000001,0.13999999999999999,prop_127,1000,2000,0.41580938086578617,0.4441906191342138,False,0.028381238268427644,0.028381238268427644,0.41580938086578617,0.4441906191342138,0.0,0.0,0.028381238268427644,0.0,0.0
rep0802,0.20,0.19552982737023078,synth_only,0.2,0.020000000000000004,0.04000000000000001,0.13999999999999999,prop_127,1000,2000,0.1563091945910002,0.1776908054089998,False,0.021381610817999608,0.021381610817999608,0.1563091945910002,0.1776908054089998,0.0,0.0,0.021381610817999608,0.0,0.0
rep0803,0.80,0.7965926571332766,synth_only,0.2,0.020000000000000004,0.04000000000000001,0.13999999999999999,prop_127,1000,2000,0.7900669604106748,0.8129330395893252,True,0.022866079178650356,0.022866079178650356,0.7900669604106748,0.8129330395893252,0.0,0.0,0.022866079178650356,0.0,0.0
rep0804,0.75,0.7490393466418966,synth_only,0.2,0.020000000000000004,0.04000000000000001,0.13999999999999999,prop_127,1000,2000,0.8161580975655031,0.8378419024344969,False,0.021683804868993795,0.021683804868993795,0.8161580975655031,0.8378419024344969,0.0,0.0,0.021683804868993795,0.0,0.0
rep0805,0.86,0.8576137075694341,synth_only,0.2,0.020000000000000004,0.04000000000000001,0.13999999999999999,prop_127,1000,2000,0.8469656760414981,0.8670343239585019,True,0.0200686479170038,0.0200686479170038,0.8469656760414981,0.8670343239585019,0.0,0.0,0.0200686479170038,0.0,0.0
rep0806,0.11,0.11443861013573262,synth_only,0.2,0.020000000000000004,0.04000000000000001,0.13999999999999999,prop_127,1000,2000,0.1319949905182723,0.15200500948172768,False,0.02001001896345539,0.02001001896345539,0.1319949905182723,0.15200500948172768,0.0,0.0,0.02001001896345539,0.0,0.0
rep0807,0.22,0.21834185956132837,synth_only,0.2,0.020000000000000004,0.04000000000000001,0.13999999999999999,prop_127,1000,2000,0.1563091945910002,0.1776908054089998,False,0.021381610817999608,0.021381610817999608,0.1563091945910002,0.1776908054089998,0.0,0.0,0.021381610817999608,0.0,0.0
rep0808,0.31,0.3057032496583064,synth_only,0.2,0.020000000000000004,0.04000000000000001,0.13999999999999999,prop_127,1000,2000,0.34624150514352614,0.37375849485647383,False,0.027516989712947693,0.027516989712947693,0.34624150514352614,0.37375849485647383,0.0,0.0,0.027516989712947693,0.0,0.0
rep0809,0.50,0.49878505714525195,synth_only,0.2,0.020000000000000004,0.04000000000000001,0.13999999999999999,prop_127,1000,2000,0.3556649907049897,0.3833350092950103,False,0.027670018590020606,0.027670018590020606,0.3556649907049897,0.3833350092950103,0.0,0.0,0.027670018590020606,0.0,0.0
rep0810,0.13,0.13102580854362464,synth_only,0.2,0.020000000000000004,0.04000000000000001,0.13999999999999999,prop_127,1000,2000,0.16020792365600955,0.18179207634399047,False,0.021584152687980918,0.021584152687980918,0.16020792365600955,0.18179207634399047,0.0,0.0,0.021584152687980918,0.0,0.0
rep0811,0.33,0.3277871272852904,synth_only,0.2,0.020000000000000004,0.04000000000000001,0.13999999999999999,prop_127,1000,2000,0.3720457170033334,0.39995428299666663,False,0.027908565993333245,0.027908565993333245,0.3720457170033334,0.39995428299666663,0.0,0.0,0.027908565993333245,0.0,0.0
rep0812,0.17,0.1700617888306734,synth_only,0.2,0.020000000000000004,0.04000000000000001,0.13999999999999999,prop_127,1000,2000,0.1606954170761116,0.18230458292388843,True,0.021609165847776834,0.021609165847776834,0.1606954170761116,0.18230458292388843,0.0,0.0,0.021609165847776834,0.0,0.0
rep0813,0.74,0.7444332937639826,synth_only,0.2,0.020000000000000004,0.04000000000000001,0.13999999999999999,prop_127,1000,2000,0.8939973245627426,0.9110026754372573,False,0.017005350874514713,0.017005350874514713,0.8939973245627426,0.9110026754372573,0.0,0.0,0.017005350874514713,0.0,0.0
rep0814,0.55,0.5477911163155484,synth_only,0.2,0.020000000000000004,0.04000000000000001,0.13999999999999999,prop_127,1000,2000,0.5527974879618772,0.5812025120381227,False,0.028405024076245455,0.028405024076245455,0.5527974879618772,0.5812025120381227,0.0,0.0,0.028405024076245455,0.0,0.0
rep0815,0.44,0.44301852481339377,synth_only,0.2,0.020000000000000004,0.04000000000000001,0.13999999999999999,prop_127,1000,2000,0.5126891454937955,0.5413108545062045,False,0.028621709012409013,0.028621709012409013,0.5126891454937955,0.5413108545062045,0.0,0.0,0.028621709012409013,0.0,0.0
rep0816,0.76,0.7550653227665621,synth_only,0.2,0.020000000000000004,0.04000000000000001,0.13999999999999999,prop_127,1000,2000,1.0,1.0,False,0.0,0.0,1.0,1.0,0.0,0.0,0.0,0.0,0.0
rep0817,0.30,0.30281707381746487,synth_only,0.2,0.020000000000000004,0.04000000000000001,0.13999999999999999,prop_127,1000,2000,0.3675765515393392,0.3954234484606608,False,0.027846896921321584,0.027846896921321584,0.3675765515393392,0.3954234484606608,0.0,0.0,0.027846896921321584,0.0,0.0
rep0818,0.68,0.675641643703314,synth_only,0.2,0.020000000000000004,0.04000000000000001,0.13999999999999999,prop_127,1000,2000,0.8893250307775453,0.9066749692224547,False,0.017349938444909396,0.017349938444909396,0.8893250307775453,0.9066749692224547,0.0,0.0,0.017349938444909396,0.0,0.0
rep0819,0.34,0.34067507208923375,synth_only,0.2,0.020000000000000004,0.04000000000000001,0.13999999999999999,prop_127,1000,2000,0.4093369740270466,0.43766302597295337,False,0.02832605194590676,0.02832605194590676,0.4093369740270466,0.43766302597295337,0.0,0.0,0.02832605194590676,0.0,0.0
rep0820,0.87,0.8718592297890663,synth_only,0.2,0.020000000000000004,0.04000000000000001,0.13999999999999999,prop_127,1000,2000,0.8914009407147039,0.9085990592852962,False,0.01719811857059228,0.01719811857059228,0.8914009407147039,0.9085990592852962,0.0,0.0,0.01719811857059228,0.0,0.0
rep0821,0.31,0.3089734661518816,synth_only,0.2,0.020000000000000004,0.04000000000000001,0.13999999999999999,prop_127,1000,2000,0.3308789480418733,0.35812105195812666,False,0.02724210391625337,0.02724210391625337,0.3308789480418733,0.35812105195812666,0.0,0.0,0.02724210391625337,0.0,0.0
rep0822,0.26,0.25784403099715614,synth_only,0.2,0.020000000000000004,0.04000000000000001,0.13999999999999999,prop_127,1000,2000,0.3303836461357505,0.35761635386424945,False,0.02723270772849895,0.02723270772849895,0.3303836461357505,0.35761635386424945,0.0,0.0,0.02723270772849895,0.0,0.0
rep0823,0.07,0.0654069040861767,synth_only,0.2,0.020000000000000004,0.04000000000000001,0.13999999999999999,prop_127,1000,2000,0.103442879819209,0.12155712018079101,False,0.018114240361582018,0.018114240361582018,0.103442879819209,0.12155712018079101,0.0,0.0,0.018114240361582018,0.0,0.0
rep0824,0.60,0.5989494104440728,synth_only,0.2,0.020000000000000004,0.04000000000000001,0.13999999999999999,prop_127,1000,2000,0.5327316927546392,0.5612683072453609,False,0.028536614490721757,0.028536614490721757,0.5327316927546392,0.5612683072453609,0.0,0.0,0.028536614490721757,0.0,0.0
rep0825,0.19,0.19406387936257286,synth_only,0.2,0.020000000000000004,0.04000000000000001,0.13999999999999999,prop_127,1000,2000,0.4342444600827748,0.46275553991722523,False,0.028511079834450448,0.028511079834450448,0.4342444600827748,0.46275553991722523,0.0,0.0,0.028511079834450448,0.0,0.0
rep0826,0.25,0.254633407059406,synth_only,0.2,0.020000000000000004,0.04000000000000001,0.13999999999999999,prop_127,1000,2000,0.230706352253783,0.255293647746217,True,0.02458729549243399,0.02458729549243399,0.230706352253783,0.255293647746217,0.0,0.0,0.02458729549243399,0.0,0.0
rep0827,0.85,0.8472707896748068,synth_only,0.2,0.020000000000000004,0.04000000000000001,0.13999999999999999,prop_127,1000,2000,0.9860103236440102,0.9919896763559898,False,0.00597935271197958,0.00597935271197958,0.9860103236440102,0.9919896763559898,0.0,0.0,0.00597935271197958,0.0,0.0
rep0828,0.59,0.5851358430881207,synth_only,0.2,0.020000000000000004,0.04000000000000001,0.13999999999999999,prop_127,1000,2000,0.6247290376776761,0.6522709623223238,False,0.027541924644647775,0.027541924644647775,0.6247290376776761,0.6522709623223238,0.0,0.0,0.027541924644647775,0.0,0.0
rep0829,0.72,0.7197759140896983,synth_only,0.2,0.020000000000000004,0.04000000000000001,0.13999999999999999,prop_127,1000,2000,0.6368328824766869,0.664167117523313,False,0.027334235046626132,0.027334235046626132,0.6368328824766869,0.664167117523313,0.0,0.0,0.027334235046626132,0.0,0.0
rep0830,0.25,0.24736679372268616,synth_only,0.2,0.020000000000000004,0.04000000000000001,0.13999999999999999,prop_127,1000,2000,0.22186465850949788,0.24613534149050215,False,0.024270682981004266,0.024270682981004266,0.22186465850949788,0.24613534149050215,0.0,0.0,0.024270682981004266,0.0,0.0
rep0831,0.54,0.5396390757597858,synth_only,0.2,0.020000000000000004,0.04000000000000001,0.13999999999999999,prop_127,1000,2000,0.7253959965027007,0.7506040034972993,False,0.025208006994598575,0.025208006994598575,0.7253959965027007,0.7506040034972993,0.0,0.0,0.025208006994598575,0.0,0.0
rep0832,0.65,0.6509954189690357,synth_only,0.2,0.020000000000000004,0.04000000000000001,0.13999999999999999,prop_127,1000,2000,0.6929411268235962,0.7190588731764037,False,0.026117746352807503,0.026117746352807503,0.6929411268235962,0.7190588731764037,0.0,0.0,0.026117746352807503,0.0,0.0
rep0833,0.27,0.2744056716462595,synth_only,0.2,0.020000000000000004,0.04000000000000001,0.13999999999999999,prop_127,1000,2000,0.26367974912022185,0.2893202508797782,True,0.025640501759556344,0.025640501759556344,0.26367974912022185,0.2893202508797782,0.0,0.0,0.025640501759556344,0.0,0.0
rep0834,0.30,0.29643886014362586,synth_only,0.2,0.020000000000000004,0.04000000000000001,0.13999999999999999,prop_127,1000,2000,0.2967433106090896,0.3232566893909104,False,0.026513378781820807,0.026513378781820807,0.2967433106090896,0.3232566893909104,0.0,0.0,0.026513378781820807,0.0,0.0
rep0835,0.71,0.710451326157513,synth_only,0.2,0.020000000000000004,0.04000000000000001,0.13999999999999999,prop_127,1000,2000,0.6353193858215171,0.6626806141784829,False,0.02736122835696575,0.02736122835696575,0.6353193858215171,0.6626806141784829,0.0,0.0,0.02736122835696575,0.0,0.0
rep0836,0.06,0.0644549064093978,synth_only,0.2,0.020000000000000004,0.04000000000000001,0.13999999999999999,prop_127,1000,2000,0.1733816624142701,0.19561833758572988,False,0.022236675171459774,0.022236675171459774,0.1733816624142701,0.19561833758572988,0.0,0.0,0.022236675171459774,0.0,0.0
rep0837,0.80,0.8019562634935953,synth_only,0.2,0.020000000000000004,0.04000000000000001,0.13999999999999999,prop_127,1000,2000,0.8100117689572558,0.8319882310427441,False,0.021976462085488313,0.021976462085488313,0.8100117689572558,0.8319882310427441,0.0,0.0,0.021976462085488313,0.0,0.0
rep0838,0.18,0.1823185691949923,synth_only,0.2,0.020000000000000004,0.04000000000000001,0.13999999999999999,prop_127,1000,2000,0.2656512625193637,0.29134873748063633,False,0.025697474961272615,0.025697474961272615,0.2656512625193637,0.29134873748063633,0.0,0.0,0.025697474961272615,0.0,0.0
rep0839,0.22,0.22469835200361887,synth_only,0.2,0.020000000000000004,0.04000000000000001,0.13999999999999999,prop_127,1000,2000,0.199304752480724,0.222695247519276,False,0.023390495038552006,0.023390495038552006,0.199304752480724,0.222695247519276,0.0,0.0,0.023390495038552006,0.0,0.0
rep0840,0.74,0.7446698084269571,synth_only,0.2,0.020000000000000004,0.04000000000000001,0.13999999999999999,prop_127,1000,2000,0.7061161015352087,0.7318838984647913,False,0.025767796929582643,0.025767796929582643,0.7061161015352087,0.7318838984647913,0.0,0.0,0.025767796929582643,0.0,0.0
rep0841,0.38,0.37927089494916844,synth_only,0.2,0.020000000000000004,0.04000000000000001,0.13999999999999999,prop_127,1000,2000,0.5016755742678854,0.5303244257321146,False,0.02864885146422913,0.02864885146422913,0.5016755742678854,0.5303244257321146,0.0,0.0,0.02864885146422913,0.0,0.0
rep0842,0.77,0.7685009038564122,synth_only,0.2,0.020000000000000004,0.04000000000000001,0.13999999999999999,prop_127,1000,2000,0.7457235733238585,0.7702764266761415,True,0.024552853352282966,0.024552853352282966,0.7457235733238585,0.7702764266761415,0.0,0.0,0.024552853352282966,0.0,0.0
rep0843,0.61,0.6116441979544129,synth_only,0.2,0.020000000000000004,0.04000000000000001,0.13999999999999999,prop_127,1000,2000,0.6706739548427211,0.697326045157279,False,0.026652090314557952,0.026652090314557952,0.6706739548427211,0.697326045157279,0.0,0.0,0.026652090314557952,0.0,0.0
rep0844,0.81,0.8050544843956496,synth_only,0.2,0.020000000000000004,0.04000000000000001,0.13999999999999999,prop_127,1000,2000,0.8779253325241451,0.896074667475855,False,0.018149334951709895,0.018149334951709895,0.8779253325241451,0.896074667475855,0.0,0.0,0.018149334951709895,0.0,0.0
rep0845,0.50,0.5030770144484182,synth_only,0.2,0.020000000000000004,0.04000000000000001,0.13999999999999999,prop_127,1000,2000,0.5759023208367027,0.6040976791632973,False,0.02819535832659459,0.02819535832659459,0.5759023208367027,0.6040976791632973,0.0,0.0,0.02819535832659459,0.0,0.0
rep0846,0.46,0.46466388991028595,synth_only,0.2,0.020000000000000004,0.04000000000000001,0.13999999999999999,prop_127,1000,2000,0.49717202577793423,0.5258279742220656,False,0.028655948444131385,0.028655948444131385,0.49717202577793423,0.5258279742220656,0.0,0.0,0.028655948444131385,0.0,0.0
rep0847,0.67,0.6712039640702453,synth_only,0.2,0.020000000000000004,0.04000000000000001,0.13999999999999999,prop_127,1000,2000,0.5854548771461435,0.6135451228538565,False,0.028090245707713013,0.028090245707713013,0.5854548771461435,0.6135451228538565,0.0,0.0,0.028090245707713013,0.0,0.0
rep0848,0.54,0.5358246516531295,synth_only,0.2,0.020000000000000004,0.04000000000000001,0.13999999999999999,prop_127,1000,2000,0.5950129311244853,0.6229870688755147,False,0.027974137751029415,0.027974137751029415,0.5950129311244853,0.6229870688755147,0.0,0.0,0.027974137751029415,0.0,0.0
rep0849,0.48,0.47558808606764336,synth_only,0.2,0.020000000000000004,0.04000000000000001,0.13999999999999999,prop_127,1000,2000,0.5227075287660411,0.551292471233959,False,0.028584942467917873,0.028584942467917873,0.5227075287660411,0.551292471233959,0.0,0.0,0.028584942467917873,0.0,0.0
rep0850,0.34,0.34392989065238194,synth_only,0.2,0.020000000000000004,0.04000000000000001,0.13999999999999999,prop_127,1000,2000,0.261215808126418,0.28678419187358206,False,0.02556838374716408,0.02556838374716408,0.261215808126418,0.28678419187358206,0.0,0.0,0.02556838374716408,0.0,0.0
rep0851,0.56,0.5560594057482561,synth_only,0.2,0.020000000000000004,0.04000000000000001,0.13999999999999999,prop_127,1000,2000,0.48816841367269453,0.5168315863273054,False,0.02866317265461088,0.02866317265461088,0.48816841367269453,0.5168315863273054,0.0,0.0,0.02866317265461088,0.0,0.0
rep0852,0.26,0.26012302186838115,synth_only,0.2,0.020000000000000004,0.04000000000000001,0.13999999999999999,prop_127,1000,2000,0.24545873068675647,0.2705412693132435,True,0.025082538626487044,0.025082538626487044,0.24545873068675647,0.2705412693132435,0.0,0.0,0.025082538626487044,0.0,0.0
rep0853,0.75,0.7534773126797006,synth_only,0.2,0.020000000000000004,0.04000000000000001,0.13999999999999999,prop_127,1000,2000,0.7870024667574772,0.8099975332425228,False,0.022995066485045568,0.022995066485045568,0.7870024667574772,0.8099975332425228,0.0,0.0,0.022995066485045568,0.0,0.0
rep0854,0.30,0.2969324937571981,synth_only,0.2,0.020000000000000004,0.04000000000000001,0.13999999999999999,prop_127,1000,2000,0.25234983194849697,0.27765016805150305,False,0.025300336103006082,0.025300336103006082,0.25234983194849697,0.27765016805150305,0.0,0.0,0.025300336103006082,0.0,0.0
rep0855,0.41,0.405923986067375,synth_only,0.2,0.020000000000000004,0.04000000000000001,0.13999999999999999,prop_127,1000,2000,0.4083414415063701,0.4366585584936299,False,0.028317116987259805,0.028317116987259805,0.4083414415063701,0.4366585584936299,0.0,0.0,0.028317116987259805,0.0,0.0
rep0856,0.22,0.21692150971974478,synth_only,0.2,0.020000000000000004,0.04000000000000001,0.13999999999999999,prop_127,1000,2000,0.24988824995942285,0.27511175004057714,False,0.025223500081154288,0.025223500081154288,0.24988824995942285,0.27511175004057714,0.0,0.0,0.025223500081154288,0.0,0.0
rep0857,0.60,0.6039976457136771,synth_only,0.2,0.020000000000000004,0.04000000000000001,0.13999999999999999,prop_127,1000,2000,0.6939541252243983,0.7200458747756017,False,0.026091749551203414,0.026091749551203414,0.6939541252243983,0.7200458747756017,0.0,0.0,0.026091749551203414,0.0,0.0
rep0858,0.52,0.5226595818444564,synth_only,0.2,0.020000000000000004,0.04000000000000001,0.13999999999999999,prop_127,1000,2000,0.6438978407561935,0.6711021592438065,False,0.027204318487612955,0.027204318487612955,0.6438978407561935,0.6711021592438065,0.0,0.0,0.027204318487612955,0.0,0.0
rep0859,0.36,0.3649009557852776,synth_only,0.2,0.020000000000000004,0.04000000000000001,0.13999999999999999,prop_127,1000,2000,0.6166649907049897,0.6443350092950102,False,0.027670018590020495,0.027670018590020495,0.6166649907049897,0.6443350092950102,0.0,0.0,0.027670018590020495,0.0,0.0
rep0860,0.26,0.25912749383185896,synth_only,0.2,0.020000000000000004,0.04000000000000001,0.13999999999999999,prop_127,1000,2000,0.13345108153117902,0.15354891846882096,False,0.020097836937641944,0.020097836937641944,0.13345108153117902,0.15354891846882096,0.0,0.0,0.020097836937641944,0.0,0.0
rep0861,0.71,0.7062668668751864,synth_only,0.2,0.020000000000000004,0.04000000000000001,0.13999999999999999,prop_127,1000,2000,0.40236949700317837,0.4306305029968216,False,0.02826100599364323,0.02826100599364323,0.40236949700317837,0.4306305029968216,0.0,0.0,0.02826100599364323,0.0,0.0
rep0862,0.75,0.7541385997310633,synth_only,0.2,0.020000000000000004,0.04000000000000001,0.13999999999999999,prop_127,1000,2000,0.848509710852853,0.8684902891471471,False,0.019980578294294116,0.019980578294294116,0.848509710852853,0.8684902891471471,0.0,0.0,0.019980578294294116,0.0,0.0
rep0863,0.17,0.16819335324395354,synth_only,0.2,0.020000000000000004,0.04000000000000001,0.13999999999999999,prop_127,1000,2000,0.2942729761278931,0.3207270238721069,False,0.026454047744213782,0.026454047744213782,0.2942729761278931,0.3207270238721069,0.0,0.0,0.026454047744213782,0.0,0.0
rep0864,0.40,0.39622981499775667,synth_only,0.2,0.020000000000000004,0.04000000000000001,0.13999999999999999,prop_127,1000,2000,0.48416829901759617,0.5128317009824038,False,0.028663401964807655,0.028663401964807655,0.48416829901759617,0.5128317009824038,0.0,0.0,0.028663401964807655,0.0,0.0
rep0865,0.69,0.6858311175662823,synth_only,0.2,0.020000000000000004,0.04000000000000001,0.13999999999999999,prop_127,1000,2000,0.8929585683642243,0.9100414316357757,False,0.017082863271551396,0.017082863271551396,0.8929585683642243,0.9100414316357757,0.0,0.0,0.017082863271551396,0.0,0.0
rep0866,0.47,0.4721888504698195,synth_only,0.2,0.020000000000000004,0.04000000000000001,0.13999999999999999,prop_127,1000,2000,0.6651126350404775,0.6918873649595225,False,0.02677472991904506,0.02677472991904506,0.6651126350404775,0.6918873649595225,0.0,0.0,0.02677472991904506,0.0,0.0
rep0867,0.69,0.693794826548079,synth_only,0.2,0.020000000000000004,0.04000000000000001,0.13999999999999999,prop_127,1000,2000,0.7477582894822715,0.7722417105177285,False,0.024483421035456976,0.024483421035456976,0.7477582894822715,0.7722417105177285,0.0,0.0,0.024483421035456976,0.0,0.0
rep0868,0.26,0.2566978664394614,synth_only,0.2,0.020000000000000004,0.04000000000000001,0.13999999999999999,prop_127,1000,2000,0.34177978389865177,0.3692202161013482,False,0.02744043220269643,0.02744043220269643,0.34177978389865177,0.3692202161013482,0.0,0.0,0.02744043220269643,0.0,0.0
rep0869,0.24,0.24120304102613027,synth_only,0.2,0.020000000000000004,0.04000000000000001,0.13999999999999999,prop_127,1000,2000,0.2518574737176377,0.2771425262823623,False,0.025285052564724575,0.025285052564724575,0.2518574737176377,0.2771425262823623,0.0,0.0,0.025285052564724575,0.0,0.0
rep0870,0.54,0.535780639473449,synth_only,0.2,0.020000000000000004,0.04000000000000001,0.13999999999999999,prop_127,1000,2000,0.6358238682077852,0.6631761317922147,False,0.027352263584429437,0.027352263584429437,0.6358238682077852,0.6631761317922147,0.0,0.0,0.027352263584429437,0.0,0.0
rep0871,0.72,0.7154389851825377,synth_only,0.2,0.020000000000000004,0.04000000000000001,0.13999999999999999,prop_127,1000,2000,0.7289508144764135,0.7540491855235866,False,0.02509837104717305,0.02509837104717305,0.7289508144764135,0.7540491855235866,0.0,0.0,0.02509837104717305,0.0,0.0
rep0872,0.24,0.24101545269402924,synth_only,0.2,0.020000000000000004,0.04000000000000001,0.13999999999999999,prop_127,1000,2000,0.4487075287660411,0.47729247123395896,False,0.028584942467917873,0.028584942467917873,0.4487075287660411,0.47729247123395896,0.0,0.0,0.028584942467917873,0.0,0.0
rep0873,0.78,0.7778548045946253,synth_only,0.2,0.020000000000000004,0.04000000000000001,0.13999999999999999,prop_127,1000,2000,0.6590481664461194,0.6859518335538806,False,0.026903667107761153,0.026903667107761153,0.6590481664461194,0.6859518335538806,0.0,0.0,0.026903667107761153,0.0,0.0
rep0874,0.15,0.15193436593523885,synth_only,0.2,0.020000000000000004,0.04000000000000001,0.13999999999999999,prop_127,1000,2000,0.09140094071470387,0.10859905928529615,False,0.01719811857059228,0.01719811857059228,0.09140094071470387,0.10859905928529615,0.0,0.0,0.01719811857059228,0.0,0.0
rep0875,0.23,0.2346368809099312,synth_only,0.2,0.020000000000000004,0.04000000000000001,0.13999999999999999,prop_127,1000,2000,0.1319949905182723,0.15200500948172768,False,0.02001001896345539,0.02001001896345539,0.1319949905182723,0.15200500948172768,0.0,0.0,0.02001001896345539,0.0,0.0
rep0876,0.63,0.6328743671801009,synth_only,0.2,0.020000000000000004,0.04000000000000001,0.13999999999999999,prop_127,1000,2000,0.803870020689964,0.8261299793100358,False,0.022259958620071796,0.022259958620071796,0.803870020689964,0.8261299793100358,0.0,0.0,0.022259958620071796,0.0,0.0
rep0877,0.61,0.611707536587315,synth_only,0.2,0.020000000000000004,0.04000000000000001,0.13999999999999999,prop_127,1000,2000,0.6206965008673145,0.6483034991326854,False,0.02760699826537083,0.02760699826537083,0.6206965008673145,0.6483034991326854,0.0,0.0,0.02760699826537083,0.0,0.0
rep0878,0.69,0.6933386821204933,synth_only,0.2,0.020000000000000004,0.04000000000000001,0.13999999999999999,prop_127,1000,2000,0.7243805244477808,0.7496194755522192,False,0.025238951104438412,0.025238951104438412,0.7243805244477808,0.7496194755522192,0.0,0.0,0.025238951104438412,0.0,0.0
rep0879,0.03,0.03300402301366184,synth_only,0.2,0.020000000000000004,0.04000000000000001,0.13999999999999999,prop_127,1000,2000,0.0014323904702779498,0.00456760952972205,False,0.0031352190594441005,0.0031352190594441005,0.0014323904702779498,0.00456760952972205,0.0,0.0,0.0031352190594441005,0.0,0.0
rep0880,0.39,0.3914563282154039,synth_only,0.2,0.020000000000000004,0.04000000000000001,0.13999999999999999,prop_127,1000,2000,0.4257717974142597,0.4542282025857403,False,0.028456405171480625,0.028456405171480625,0.4257717974142597,0.4542282025857403,0.0,0.0,0.028456405171480625,0.0,0.0
rep0881,0.19,0.1948530992919928,synth_only,0.2,0.020000000000000004,0.04000000000000001,0.13999999999999999,prop_127,1000,2000,0.3076181212112881,0.3343818787887119,False,0.026763757577423775,0.026763757577423775,0.3076181212112881,0.3343818787887119,0.0,0.0,0.026763757577423775,0.0,0.0
rep0882,0.43,0.43200730989615416,synth_only,0.2,0.020000000000000004,0.04000000000000001,0.13999999999999999,prop_127,1000,2000,0.6378419628497333,0.6651580371502667,False,0.0273160743005334,0.0273160743005334,0.6378419628497333,0.6651580371502667,0.0,0.0,0.0273160743005334,0.0,0.0
rep0883,0.94,0.9434516394468868,synth_only,0.2,0.020000000000000004,0.04000000000000001,0.13999999999999999,prop_127,1000,2000,0.9274084692355493,0.9415915307644507,False,0.014183061528901364,0.014183061528901364,0.9274084692355493,0.9415915307644507,0.0,0.0,0.014183061528901364,0.0,0.0
rep0884,0.33,0.3319831018965169,synth_only,0.2,0.020000000000000004,0.04000000000000001,0.13999999999999999,prop_127,1000,2000,0.26910217545553017,0.2948978245444698,False,0.02579564908893961,0.02579564908893961,0.26910217545553017,0.2948978245444698,0.0,0.0,0.02579564908893961,0.0,0.0
rep0885,0.73,0.7324859026395856,synth_only,0.2,0.020000000000000004,0.04000000000000001,0.13999999999999999,prop_127,1000,2000,0.8182079236560095,0.8397920763439904,False,0.021584152687980973,0.021584152687980973,0.8182079236560095,0.8397920763439904,0.0,0.0,0.021584152687980973,0.0,0.0
rep0886,0.54,0.5385283686566426,synth_only,0.2,0.020000000000000004,0.04000000000000001,0.13999999999999999,prop_127,1000,2000,0.5472770603395722,0.5757229396604278,False,0.028445879320855516,0.028445879320855516,0.5472770603395722,0.5757229396604278,0.0,0.0,0.028445879320855516,0.0,0.0
rep0887,0.35,0.3539669311911588,synth_only,0.2,0.020000000000000004,0.04000000000000001,0.13999999999999999,prop_127,1000,2000,0.3402928369625101,0.36770716303748985,True,0.027414326074979734,0.027414326074979734,0.3402928369625101,0.36770716303748985,0.0,0.0,0.027414326074979734,0.0,0.0
rep0888,0.20,0.1952673020933365,synth_only,0.2,0.020000000000000004,0.04000000000000001,0.13999999999999999,prop_127,1000,2000,0.202244317497547,0.22575568250245298,False,0.02351136500490597,0.02351136500490597,0.202244317497547,0.22575568250245298,0.0,0.0,0.02351136500490597,0.0,0.0
rep0889,0.26,0.26497849197301776,synth_only,0.2,0.020000000000000004,0.04000000000000001,0.13999999999999999,prop_127,1000,2000,0.4013743819081047,0.42962561809189526,False,0.02825123618379055,0.02825123618379055,0.4013743819081047,0.42962561809189526,0.0,0.0,0.02825123618379055,0.0,0.0
rep0890,0.63,0.6290537606592542,synth_only,0.2,0.020000000000000004,0.04000000000000001,0.13999999999999999,prop_127,1000,2000,0.7487757853488073,0.7732242146511927,False,0.024448429302385444,0.024448429302385444,0.7487757853488073,0.7732242146511927,0.0,0.0,0.024448429302385444,0.0,0.0
rep0891,0.55,0.5528966909490612,synth_only,0.2,0.020000000000000004,0.04000000000000001,0.13999999999999999,prop_127,1000,2000,0.6706739548427211,0.697326045157279,False,0.026652090314557952,0.026652090314557952,0.6706739548427211,0.697326045157279,0.0,0.0,0.026652090314557952,0.0,0.0
rep0892,0.80,0.8006173868245346,synth_only,0.2,0.020000000000000004,0.04000000000000001,0.13999999999999999,prop_127,1000,2000,0.9651103679083773,0.9748896320916226,False,0.009779264183245262,0.009779264183245262,0.9651103679083773,0.9748896320916226,0.0,0.0,0.009779264183245262,0.0,0.0
rep0893,0.29,0.29004347155906574,synth_only,0.2,0.020000000000000004,0.04000000000000001,0.13999999999999999,prop_127,1000,2000,0.3497126404925931,0.3772873595074069,False,0.027574719014813787,0.027574719014813787,0.3497126404925931,0.3772873595074069,0.0,0.0,0.027574719014813787,0.0,0.0
rep0894,0.25,0.25027163369822375,synth_only,0.2,0.020000000000000004,0.04000000000000001,0.13999999999999999,prop_127,1000,2000,0.14851843218589747,0.16948156781410254,False,0.020963135628205065,0.020963135628205065,0.14851843218589747,0.16948156781410254,0.0,0.0,0.020963135628205065,0.0,0.0
rep0895,0.50,0.5009754217237548,synth_only,0.2,0.020000000000000004,0.04000000000000001,0.13999999999999999,prop_127,1000,2000,0.5743945208993978,0.6026054791006022,False,0.02821095820120445,0.02821095820120445,0.5743945208993978,0.6026054791006022,0.0,0.0,0.02821095820120445,0.0,0.0
rep0896,0.42,0.42275257362258056,synth_only,0.2,0.020000000000000004,0.04000000000000001,0.13999999999999999,prop_127,1000,2000,0.3160272333133161,0.3429727666866839,False,0.026945533373367803,0.026945533373367803,0.3160272333133161,0.3429727666866839,0.0,0.0,0.026945533373367803,0.0,0.0
rep0897,0.57,0.5749317022579263,synth_only,0.2,0.020000000000000004,0.04000000000000001,0.13999999999999999,prop_127,1000,2000,0.5197014079592099,0.5482985920407901,False,0.028597184081580185,0.028597184081580185,0.5197014079592099,0.5482985920407901,0.0,0.0,0.028597184081580185,0.0,0.0
rep0898,0.41,0.40999482271590626,synth_only,0.2,0.020000000000000004,0.04000000000000001,0.13999999999999999,prop_127,1000,2000,0.4771703056142647,0.5058296943857353,False,0.028659388771470617,0.028659388771470617,0.4771703056142647,0.5058296943857353,0.0,0.0,0.028659388771470617,0.0,0.0
rep0899,0.60,0.6028749348952296,synth_only,0.2,0.020000000000000004,0.04000000000000001,0.13999999999999999,prop_127,1000,2000,0.5372444600827747,0.5657555399172253,False,0.02851107983445056,0.02851107983445056,0.5372444600827747,0.5657555399172253,0.0,0.0,0.02851107983445056,0.0,0.0
rep0900,0.08,0.08023105099107586,synth_only,0.2,0.020000000000000004,0.04000000000000001,0.13999999999999999,prop_127,1000,2000,0.11116872188081098,0.12983127811918901,False,0.018662556238378036,0.018662556238378036,0.11116872188081098,0.12983127811918901,0.0,0.0,0.018662556238378036,0.0,0.0
rep0901,0.25,0.24805563350972124,synth_only,0.2,0.020000000000000004,0.04000000000000001,0.13999999999999999,prop_127,1000,2000,0.3383104704643125,0.36568952953568745,False,0.027379059071374945,0.027379059071374945,0.3383104704643125,0.36568952953568745,0.0,0.0,0.027379059071374945,0.0,0.0
rep0902,0.46,0.459208285481113,synth_only,0.2,0.020000000000000004,0.04000000000000001,0.13999999999999999,prop_127,1000,2000,0.4691760402965081,0.49782395970349186,False,0.028647919406983746,0.028647919406983746,0.4691760402965081,0.49782395970349186,0.0,0.0,0.028647919406983746,0.0,0.0
rep0903,0.40,0.40470325308908073,synth_only,0.2,0.020000000000000004,0.04000000000000001,0.13999999999999999,prop_127,1000,2000,0.5784156219980873,0.6065843780019128,False,0.028168756003825512,0.028168756003825512,0.5784156219980873,0.6065843780019128,0.0,0.0,0.028168756003825512,0.0,0.0
rep0904,0.74,0.7367150862951151,synth_only,0.2,0.020000000000000004,0.04000000000000001,0.13999999999999999,prop_127,1000,2000,0.8223091945910002,0.8436908054089998,False,0.021381610817999608,0.021381610817999608,0.8223091945910002,0.8436908054089998,0.0,0.0,0.021381610817999608,0.0,0.0
rep0905,0.53,0.5262469525590572,synth_only,0.2,0.020000000000000004,0.04000000000000001,0.13999999999999999,prop_127,1000,2000,0.7844494861283061,0.807550513871694,False,0.023101027743387847,0.023101027743387847,0.7844494861283061,0.807550513871694,0.0,0.0,0.023101027743387847,0.0,0.0
rep0906,0.43,0.4295134784735216,synth_only,0.2,0.020000000000000004,0.04000000000000001,0.13999999999999999,prop_127,1000,2000,0.39540495091987354,0.4235950490801264,False,0.028190098160252863,0.028190098160252863,0.39540495091987354,0.4235950490801264,0.0,0.0,0.028190098160252863,0.0,0.0
rep0907,0.58,0.5849474766699793,synth_only,0.2,0.020000000000000004,0.04000000000000001,0.13999999999999999,prop_127,1000,2000,0.5232085994581427,0.5517914005418573,False,0.028582801083714582,0.028582801083714582,0.5232085994581427,0.5517914005418573,0.0,0.0,0.028582801083714582,0.0,0.0
rep0908,0.48,0.48492751275630064,synth_only,0.2,0.020000000000000004,0.04000000000000001,0.13999999999999999,prop_127,1000,2000,0.7198119349622784,0.7451880650377217,False,0.02537613007544337,0.02537613007544337,0.7198119349622784,0.7451880650377217,0.0,0.0,0.02537613007544337,0.0,0.0
rep0909,0.60,0.6005456321863921,synth_only,0.2,0.020000000000000004,0.04000000000000001,0.13999999999999999,prop_127,1000,2000,0.7854705957186725,0.8085294042813276,False,0.023058808562655075,0.023058808562655075,0.7854705957186725,0.8085294042813276,0.0,0.0,0.023058808562655075,0.0,0.0
rep0910,0.24,0.2355777817622394,synth_only,0.2,0.020000000000000004,0.04000000000000001,0.13999999999999999,prop_127,1000,2000,0.16996401944106707,0.19203598055893292,False,0.022071961117865857,0.022071961117865857,0.16996401944106707,0.19203598055893292,0.0,0.0,0.022071961117865857,0.0,0.0
rep0911,0.93,0.9274402226674996,synth_only,0.2,0.020000000000000004,0.04000000000000001,0.13999999999999999,prop_127,1000,2000,0.9815158773633534,0.9884841226366465,False,0.006968245273293094,0.006968245273293094,0.9815158773633534,0.9884841226366465,0.0,0.0,0.006968245273293094,0.0,0.0
rep0912,0.33,0.3328031798974252,synth_only,0.2,0.020000000000000004,0.04000000000000001,0.13999999999999999,prop_127,1000,2000,0.37651614015565893,0.4044838598443411,False,0.02796771968868217,0.02796771968868217,0.37651614015565893,0.4044838598443411,0.0,0.0,0.02796771968868217,0.0,0.0
rep0913,0.79,0.7928530932485195,synth_only,0.2,0.020000000000000004,0.04000000000000001,0.13999999999999999,prop_127,1000,2000,0.9054426539180512,0.9215573460819487,False,0.016114692163897493,0.016114692163897493,0.9054426539180512,0.9215573460819487,0.0,0.0,0.016114692163897493,0.0,0.0
rep0914,0.28,0.27955813148107167,synth_only,0.2,0.020000000000000004,0.04000000000000001,0.13999999999999999,prop_127,1000,2000,0.3477290376776761,0.3752709623223239,False,0.027541924644647775,0.027541924644647775,0.3477290376776761,0.3752709623223239,0.0,0.0,0.027541924644647775,0.0,0.0
rep0915,0.59,0.5854321739882112,synth_only,0.2,0.020000000000000004,0.04000000000000001,0.13999999999999999,prop_127,1000,2000,0.7304746273127658,0.7555253726872342,False,0.025050745374468386,0.025050745374468386,0.7304746273127658,0.7555253726872342,0.0,0.0,0.025050745374468386,0.0,0.0
rep0916,0.55,0.5465347024511903,synth_only,0.2,0.020000000000000004,0.04000000000000001,0.13999999999999999,prop_127,1000,2000,0.5889756223527473,0.6170243776472527,False,0.028048755294505456,0.028048755294505456,0.5889756223527473,0.6170243776472527,0.0,0.0,0.028048755294505456,0.0,0.0
rep0917,0.56,0.5579033237171087,synth_only,0.2,0.020000000000000004,0.04000000000000001,0.13999999999999999,prop_127,1000,2000,0.6873709841808077,0.7136290158191924,False,0.026258031638384693,0.026258031638384693,0.6873709841808077,0.7136290158191924,0.0,0.0,0.026258031638384693,0.0,0.0
rep0918,0.72,0.7218633328980577,synth_only,0.2,0.020000000000000004,0.04000000000000001,0.13999999999999999,prop_127,1000,2000,0.721334610894396,0.746665389105604,True,0.025330778211207994,0.025330778211207994,0.721334610894396,0.746665389105604,0.0,0.0,0.025330778211207994,0.0,0.0
rep0919,0.87,0.8656176910114827,synth_only,0.2,0.020000000000000004,0.04000000000000001,0.13999999999999999,prop_127,1000,2000,0.9289845166249174,0.9430154833750827,False,0.014030966750165241,0.014030966750165241,0.9289845166249174,0.9430154833750827,0.0,0.0,0.014030966750165241,0.0,0.0
rep0920,0.62,0.6233059094640105,synth_only,0.2,0.020000000000000004,0.04000000000000001,0.13999999999999999,prop_127,1000,2000,0.6065906616552214,0.6344093383447788,True,0.027818676689557398,0.027818676689557398,0.6065906616552214,0.6344093383447788,0.0,0.0,0.027818676689557398,0.0,0.0
rep0921,0.22,0.2173664709418197,synth_only,0.2,0.020000000000000004,0.04000000000000001,0.13999999999999999,prop_127,1000,2000,0.18071020689522987,0.20328979310477013,False,0.02257958620954026,0.02257958620954026,0.18071020689522987,0.20328979310477013,0.0,0.0,0.02257958620954026,0.0,0.0
rep0922,0.70,0.7005194618395932,synth_only,0.2,0.020000000000000004,0.04000000000000001,0.13999999999999999,prop_127,1000,2000,0.41580938086578617,0.4441906191342138,False,0.028381238268427644,0.028381238268427644,0.41580938086578617,0.4441906191342138,0.0,0.0,0.028381238268427644,0.0,0.0
rep0923,0.16,0.16440842251557405,synth_only,0.2,0.020000000000000004,0.04000000000000001,0.13999999999999999,prop_127,1000,2000,0.4402276985607986,0.46877230143920146,False,0.02854460287840288,0.02854460287840288,0.4402276985607986,0.46877230143920146,0.0,0.0,0.02854460287840288,0.0,0.0
rep0924,0.14,0.1429748606919633,synth_only,0.2,0.020000000000000004,0.04000000000000001,0.13999999999999999,prop_127,1000,2000,0.06745027406415555,0.08254972593584445,False,0.015099451871688901,0.015099451871688901,0.06745027406415555,0.08254972593584445,0.0,0.0,0.015099451871688901,0.0,0.0
rep0925,0.67,0.666712725019911,synth_only,0.2,0.020000000000000004,0.04000000000000001,0.13999999999999999,prop_127,1000,2000,0.7564099771400211,0.7805900228599788,False,0.024180045719957688,0.024180045719957688,0.7564099771400211,0.7805900228599788,0.0,0.0,0.024180045719957688,0.0,0.0
rep0926,0.17,0.16622442380947358,synth_only,0.2,0.020000000000000004,0.04000000000000001,0.13999999999999999,prop_127,1000,2000,0.15533485516166273,0.17666514483833728,True,0.021330289676674552,0.021330289676674552,0.15533485516166273,0.17666514483833728,0.0,0.0,0.021330289676674552,0.0,0.0
rep0927,0.51,0.5141555573393931,synth_only,0.2,0.020000000000000004,0.04000000000000001,0.13999999999999999,prop_127,1000,2000,0.6686514087157239,0.6953485912842762,False,0.026697182568552247,0.026697182568552247,0.6686514087157239,0.6953485912842762,0.0,0.0,0.026697182568552247,0.0,0.0
rep0928,0.38,0.38486703788990645,synth_only,0.2,0.020000000000000004,0.04000000000000001,0.13999999999999999,prop_127,1000,2000,0.5653505548927361,0.5936494451072639,False,0.028298890214527805,0.028298890214527805,0.5653505548927361,0.5936494451072639,0.0,0.0,0.028298890214527805,0.0,0.0
rep0929,0.53,0.5258807586557327,synth_only,0.2,0.020000000000000004,0.04000000000000001,0.13999999999999999,prop_127,1000,2000,0.4093369740270466,0.43766302597295337,False,0.02832605194590676,0.02832605194590676,0.4093369740270466,0.43766302597295337,0.0,0.0,0.02832605194590676,0.0,0.0
rep0930,0.69,0.6861048992827523,synth_only,0.2,0.020000000000000004,0.04000000000000001,0.13999999999999999,prop_127,1000,2000,0.7584466614540318,0.7825533385459681,False,0.024106677091936257,0.024106677091936257,0.7584466614540318,0.7825533385459681,0.0,0.0,0.024106677091936257,0.0,0.0
rep0931,0.79,0.7886264475385006,synth_only,0.2,0.020000000000000004,0.04000000000000001,0.13999999999999999,prop_127,1000,2000,0.9432234229857411,0.9557765770142589,False,0.012553154028517755,0.012553154028517755,0.9432234229857411,0.9557765770142589,0.0,0.0,0.012553154028517755,0.0,0.0
rep0932,0.75,0.7530435600518499,synth_only,0.2,0.020000000000000004,0.04000000000000001,0.13999999999999999,prop_127,1000,2000,0.552295557390029,0.580704442609971,False,0.028408885219942004,0.028408885219942004,0.552295557390029,0.580704442609971,0.0,0.0,0.028408885219942004,0.0,0.0
rep0933,0.46,0.4603632560540694,synth_only,0.2,0.020000000000000004,0.04000000000000001,0.13999999999999999,prop_127,1000,2000,0.6252331773251977,0.6527668226748023,False,0.027533645349604674,0.027533645349604674,0.6252331773251977,0.6527668226748023,0.0,0.0,0.027533645349604674,0.0,0.0
rep0934,0.36,0.3640486656919765,synth_only,0.2,0.020000000000000004,0.04000000000000001,0.13999999999999999,prop_127,1000,2000,0.3095962819450549,0.3364037180549451,False,0.026807436109890226,0.026807436109890226,0.3095962819450549,0.3364037180549451,0.0,0.0,0.026807436109890226,0.0,0.0
rep0935,0.45,0.4484190082718218,synth_only,0.2,0.020000000000000004,0.04000000000000001,0.13999999999999999,prop_127,1000,2000,0.4317520625402353,0.4602479374597647,True,0.02849587491952943,0.02849587491952943,0.4317520625402353,0.4602479374597647,0.0,0.0,0.02849587491952943,0.0,0.0
rep0936,0.47,0.4668823636384429,synth_only,0.2,0.020000000000000004,0.04000000000000001,0.13999999999999999,prop_127,1000,2000,0.5502879822496001,0.5787120177503999,False,0.02842403550079986,0.02842403550079986,0.5502879822496001,0.5787120177503999,0.0,0.0,0.02842403550079986,0.0,0.0
rep0937,0.49,0.48634738882638967,synth_only,0.2,0.020000000000000004,0.04000000000000001,0.13999999999999999,prop_127,1000,2000,0.5748971058348138,0.6031028941651861,False,0.02820578833037235,0.02820578833037235,0.5748971058348138,0.6031028941651861,0.0,0.0,0.02820578833037235,0.0,0.0
rep0938,0.05,0.050518539447385644,synth_only,0.2,0.020000000000000004,0.04000000000000001,0.13999999999999999,prop_127,1000,2000,0.14997850248268602,0.171021497517314,False,0.021042995034627976,0.021042995034627976,0.14997850248268602,0.171021497517314,0.0,0.0,0.021042995034627976,0.0,0.0
rep0939,0.29,0.28880775061146474,synth_only,0.2,0.020000000000000004,0.04000000000000001,0.13999999999999999,prop_127,1000,2000,0.3308789480418733,0.35812105195812666,False,0.02724210391625337,0.02724210391625337,0.3308789480418733,0.35812105195812666,0.0,0.0,0.02724210391625337,0.0,0.0
rep0940,0.87,0.8734333798785777,synth_only,0.2,0.020000000000000004,0.04000000000000001,0.13999999999999999,prop_127,1000,2000,0.781897189962669,0.805102810037331,False,0.02320562007466198,0.02320562007466198,0.781897189962669,0.805102810037331,0.0,0.0,0.02320562007466198,0.0,0.0
rep0941,0.68,0.683200274884099,synth_only,0.2,0.020000000000000004,0.04000000000000001,0.13999999999999999,prop_127,1000,2000,0.5447683620414356,0.5732316379585645,False,0.028463275917128827,0.028463275917128827,0.5447683620414356,0.5732316379585645,0.0,0.0,0.028463275917128827,0.0,0.0
rep0942,0.27,0.2710550747889007,synth_only,0.2,0.020000000000000004,0.04000000000000001,0.13999999999999999,prop_127,1000,2000,0.3244413317925428,0.35155866820745724,False,0.027117336414914428,0.027117336414914428,0.3244413317925428,0.35155866820745724,0.0,0.0,0.027117336414914428,0.0,0.0
rep0943,0.47,0.4731482432428844,synth_only,0.2,0.020000000000000004,0.04000000000000001,0.13999999999999999,prop_127,1000,2000,0.29279099401661984,0.31920900598338015,False,0.026418011966760302,0.026418011966760302,0.29279099401661984,0.31920900598338015,0.0,0.0,0.026418011966760302,0.0,0.0
rep0944,0.51,0.5146957667549181,synth_only,0.2,0.020000000000000004,0.04000000000000001,0.13999999999999999,prop_127,1000,2000,0.46018688512095385,0.4888131148790461,False,0.02862622975809226,0.02862622975809226,0.46018688512095385,0.4888131148790461,0.0,0.0,0.02862622975809226,0.0,0.0
rep0945,0.59,0.5886557890573638,synth_only,0.2,0.020000000000000004,0.04000000000000001,0.13999999999999999,prop_127,1000,2000,0.5502879822496001,0.5787120177503999,False,0.02842403550079986,0.02842403550079986,0.5502879822496001,0.5787120177503999,0.0,0.0,0.02842403550079986,0.0,0.0
rep0946,0.44,0.4370820847951539,synth_only,0.2,0.020000000000000004,0.04000000000000001,0.13999999999999999,prop_127,1000,2000,0.34822491418512125,0.37577508581487873,False,0.02755017162975748,0.02755017162975748,0.34822491418512125,0.37577508581487873,0.0,0.0,0.02755017162975748,0.0,0.0
rep0947,0.87,0.866519565812173,synth_only,0.2,0.020000000000000004,0.04000000000000001,0.13999999999999999,prop_127,1000,2000,1.0,1.0,False,0.0,0.0,1.0,1.0,0.0,0.0,0.0,0.0,0.0
rep0948,0.85,0.8452851546189601,synth_only,0.2,0.020000000000000004,0.04000000000000001,0.13999999999999999,prop_127,1000,2000,0.9028382388680289,0.9191617611319711,False,0.01632352226394218,0.01632352226394218,0.9028382388680289,0.9191617611319711,0.0,0.0,0.01632352226394218,0.0,0.0
rep0949,0.20,0.20032059485290374,synth_only,0.2,0.020000000000000004,0.04000000000000001,0.13999999999999999,prop_127,1000,2000,0.07892161208776696,0.09507838791223303,False,0.016156775824466063,0.016156775824466063,0.07892161208776696,0.09507838791223303,0.0,0.0,0.016156775824466063,0.0,0.0
rep0950,0.90,0.9021015317955764,synth_only,0.2,0.020000000000000004,0.04000000000000001,0.13999999999999999,prop_127,1000,2000,0.8955559748103833,0.9124440251896168,True,0.016888050379233466,0.016888050379233466,0.8955559748103833,0.9124440251896168,0.0,0.0,0.016888050379233466,0.0,0.0
rep0951,0.22,0.2157506964984059,synth_only,0.2,0.020000000000000004,0.04000000000000001,0.13999999999999999,prop_127,1000,2000,0.2962492073978073,0.3227507926021927,False,0.02650158520438539,0.02650158520438539,0.2962492073978073,0.3227507926021927,0.0,0.0,0.02650158520438539,0.0,0.0
rep0952,0.58,0.5800357124187395,synth_only,0.2,0.020000000000000004,0.04000000000000001,0.13999999999999999,prop_127,1000,2000,0.6818030974299113,0.7081969025700886,False,0.026393805140177307,0.026393805140177307,0.6818030974299113,0.7081969025700886,0.0,0.0,0.026393805140177307,0.0,0.0
rep0953,0.80,0.7973444873405898,synth_only,0.2,0.020000000000000004,0.04000000000000001,0.13999999999999999,prop_127,1000,2000,0.9033589642799489,0.9196410357200511,False,0.016282071440102186,0.016282071440102186,0.9033589642799489,0.9196410357200511,0.0,0.0,0.016282071440102186,0.0,0.0
rep0954,0.13,0.13271607730771978,synth_only,0.2,0.020000000000000004,0.04000000000000001,0.13999999999999999,prop_127,1000,2000,0.2646654659090645,0.29033453409093557,False,0.02566906818187109,0.02566906818187109,0.2646654659090645,0.29033453409093557,0.0,0.0,0.02566906818187109,0.0,0.0
rep0955,0.18,0.1837336297706667,synth_only,0.2,0.020000000000000004,0.04000000000000001,0.13999999999999999,prop_127,1000,2000,0.3318696019196787,0.35913039808032127,False,0.027260796160642586,0.027260796160642586,0.3318696019196787,0.35913039808032127,0.0,0.0,0.027260796160642586,0.0,0.0
rep0956,0.79,0.7854056279441578,synth_only,0.2,0.020000000000000004,0.04000000000000001,0.13999999999999999,prop_127,1000,2000,0.8696520407370565,0.8883479592629435,False,0.018695918525887034,0.018695918525887034,0.8696520407370565,0.8883479592629435,0.0,0.0,0.018695918525887034,0.0,0.0
rep0957,0.32,0.32124689447320376,synth_only,0.2,0.020000000000000004,0.04000000000000001,0.13999999999999999,prop_127,1000,2000,0.44721078420628696,0.4757892157937131,False,0.028578431587426123,0.028578431587426123,0.44721078420628696,0.4757892157937131,0.0,0.0,0.028578431587426123,0.0,0.0
rep0958,0.20,0.1951799771873339,synth_only,0.2,0.020000000000000004,0.04000000000000001,0.13999999999999999,prop_127,1000,2000,0.4636821143945984,0.4923178856054016,False,0.028635771210803185,0.028635771210803185,0.4636821143945984,0.4923178856054016,0.0,0.0,0.028635771210803185,0.0,0.0
rep0959,0.38,0.3812986858290224,synth_only,0.2,0.020000000000000004,0.04000000000000001,0.13999999999999999,prop_127,1000,2000,0.4811688149727625,0.5098311850272375,False,0.028662370054474973,0.028662370054474973,0.4811688149727625,0.5098311850272375,0.0,0.0,0.028662370054474973,0.0,0.0
rep0960,0.41,0.41380077638099233,synth_only,0.2,0.020000000000000004,0.04000000000000001,0.13999999999999999,prop_127,1000,2000,0.5432633187422313,0.5717366812577687,False,0.028473362515537337,0.028473362515537337,0.5432633187422313,0.5717366812577687,0.0,0.0,0.028473362515537337,0.0,0.0
rep0961,0.74,0.7387153100599416,synth_only,0.2,0.020000000000000004,0.04000000000000001,0.13999999999999999,prop_127,1000,2000,0.7655781159143998,0.7894218840856001,False,0.023843768171200264,0.023843768171200264,0.7655781159143998,0.7894218840856001,0.0,0.0,0.023843768171200264,0.0,0.0
rep0962,0.38,0.3817854357146475,synth_only,0.2,0.020000000000000004,0.04000000000000001,0.13999999999999999,prop_127,1000,2000,0.2607230803668657,0.28627691963313434,False,0.02555383926626864,0.02555383926626864,0.2607230803668657,0.28627691963313434,0.0,0.0,0.02555383926626864,0.0,0.0
rep0963,0.25,0.24572917508517655,synth_only,0.2,0.020000000000000004,0.04000000000000001,0.13999999999999999,prop_127,1000,2000,0.3175117146761099,0.34448828532389014,False,0.02697657064778025,0.02697657064778025,0.3175117146761099,0.34448828532389014,0.0,0.0,0.02697657064778025,0.0,0.0
rep0964,0.25,0.25425955518401544,synth_only,0.2,0.020000000000000004,0.04000000000000001,0.13999999999999999,prop_127,1000,2000,0.4287616668910586,0.4572383331089414,False,0.028476666217882807,0.028476666217882807,0.4287616668910586,0.4572383331089414,0.0,0.0,0.028476666217882807,0.0,0.0
rep0965,0.45,0.4517564805327457,synth_only,0.2,0.020000000000000004,0.04000000000000001,0.13999999999999999,prop_127,1000,2000,0.39838939611828444,0.4266106038817155,False,0.028221207763431067,0.028221207763431067,0.39838939611828444,0.4266106038817155,0.0,0.0,0.028221207763431067,0.0,0.0
rep0966,0.23,0.22964343595308967,synth_only,0.2,0.020000000000000004,0.04000000000000001,0.13999999999999999,prop_127,1000,2000,0.3135534430092432,0.3404465569907568,False,0.026893113981513617,0.026893113981513617,0.3135534430092432,0.3404465569907568,0.0,0.0,0.026893113981513617,0.0,0.0
rep0967,0.37,0.3666314767937022,synth_only,0.2,0.020000000000000004,0.04000000000000001,0.13999999999999999,prop_127,1000,2000,0.4412251083299374,0.46977489167006264,False,0.028549783340125257,0.028549783340125257,0.4412251083299374,0.46977489167006264,0.0,0.0,0.028549783340125257,0.0,0.0
rep0968,0.63,0.6272541597710806,synth_only,0.2,0.020000000000000004,0.04000000000000001,0.13999999999999999,prop_127,1000,2000,0.7396216018065823,0.7643783981934177,False,0.024756796386835367,0.024756796386835367,0.7396216018065823,0.7643783981934177,0.0,0.0,0.024756796386835367,0.0,0.0
rep0969,0.70,0.7008586148082405,synth_only,0.2,0.020000000000000004,0.04000000000000001,0.13999999999999999,prop_127,1000,2000,0.8094997841380573,0.8315002158619427,False,0.022000431723885328,0.022000431723885328,0.8094997841380573,0.8315002158619427,0.0,0.0,0.022000431723885328,0.0,0.0
rep0970,0.54,0.5406120721715562,synth_only,0.2,0.020000000000000004,0.04000000000000001,0.13999999999999999,prop_127,1000,2000,0.500674685270715,0.529325314729285,False,0.02865062945857,0.02865062945857,0.500674685270715,0.529325314729285,0.0,0.0,0.02865062945857,0.0,0.0
rep0971,0.16,0.1556622029622385,synth_only,0.2,0.020000000000000004,0.04000000000000001,0.13999999999999999,prop_127,1000,2000,0.22923221803872113,0.25376778196127886,False,0.024535563922557735,0.024535563922557735,0.22923221803872113,0.25376778196127886,0.0,0.0,0.024535563922557735,0.0,0.0
rep0972,0.94,0.9379373051052255,synth_only,0.2,0.020000000000000004,0.04000000000000001,0.13999999999999999,prop_127,1000,2000,1.0,1.0,False,0.0,0.0,1.0,1.0,0.0,0.0,0.0,0.0,0.0
rep0973,0.27,0.27483004245897774,synth_only,0.2,0.020000000000000004,0.04000000000000001,0.13999999999999999,prop_127,1000,2000,0.36956269150446297,0.39743730849553704,False,0.027874616991074075,0.027874616991074075,0.36956269150446297,0.39743730849553704,0.0,0.0,0.027874616991074075,0.0,0.0
rep0974,0.61,0.6081572880828607,synth_only,0.2,0.020000000000000004,0.04000000000000001,0.13999999999999999,prop_127,1000,2000,0.7045952419261011,0.7304047580738989,False,0.025809516147797806,0.025809516147797806,0.7045952419261011,0.7304047580738989,0.0,0.0,0.025809516147797806,0.0,0.0
rep0975,0.55,0.5543986460906293,synth_only,0.2,0.020000000000000004,0.04000000000000001,0.13999999999999999,prop_127,1000,2000,0.6075978107309697,0.6354021892690304,False,0.027804378538060615,0.027804378538060615,0.6075978107309697,0.6354021892690304,0.0,0.0,0.027804378538060615,0.0,0.0
rep0976,0.88,0.8820978183499276,synth_only,0.2,0.020000000000000004,0.04000000000000001,0.13999999999999999,prop_127,1000,2000,0.7167671397856344,0.7422328602143656,False,0.025465720428731187,0.025465720428731187,0.7167671397856344,0.7422328602143656,0.0,0.0,0.025465720428731187,0.0,0.0
rep0977,0.64,0.637666516403361,synth_only,0.2,0.020000000000000004,0.04000000000000001,0.13999999999999999,prop_127,1000,2000,0.7020608681206786,0.7279391318793214,False,0.025878263758642772,0.025878263758642772,0.7020608681206786,0.7279391318793214,0.0,0.0,0.025878263758642772,0.0,0.0
rep0978,0.58,0.5822856282238834,synth_only,0.2,0.020000000000000004,0.04000000000000001,0.13999999999999999,prop_127,1000,2000,0.7528466966781622,0.7771533033218379,False,0.024306606643675677,0.024306606643675677,0.7528466966781622,0.7771533033218379,0.0,0.0,0.024306606643675677,0.0,0.0
rep0979,0.79,0.7928993920058985,synth_only,0.2,0.020000000000000004,0.04000000000000001,0.13999999999999999,prop_127,1000,2000,0.6929411268235962,0.7190588731764037,False,0.026117746352807503,0.026117746352807503,0.6929411268235962,0.7190588731764037,0.0,0.0,0.026117746352807503,0.0,0.0
rep0980,0.65,0.6542298263224308,synth_only,0.2,0.020000000000000004,0.04000000000000001,0.13999999999999999,prop_127,1000,2000,0.7951767170700773,0.8178232829299227,False,0.02264656585984537,0.02264656585984537,0.7951767170700773,0.8178232829299227,0.0,0.0,0.02264656585984537,0.0,0.0
rep0981,0.82,0.8216350162371281,synth_only,0.2,0.020000000000000004,0.04000000000000001,0.13999999999999999,prop_127,1000,2000,0.6737083093267818,0.7002916906732183,False,0.026583381346436452,0.026583381346436452,0.6737083093267818,0.7002916906732183,0.0,0.0,0.026583381346436452,0.0,0.0
rep0982,0.31,0.3122888464957295,synth_only,0.2,0.020000000000000004,0.04000000000000001,0.13999999999999999,prop_127,1000,2000,0.2434906098180243,0.26850939018197567,False,0.02501878036395136,0.02501878036395136,0.2434906098180243,0.26850939018197567,0.0,0.0,0.02501878036395136,0.0,0.0
rep0983,0.24,0.24341823882522612,synth_only,0.2,0.020000000000000004,0.04000000000000001,0.13999999999999999,prop_127,1000,2000,0.3824786470553451,0.4105213529446549,False,0.028042705889309794,0.028042705889309794,0.3824786470553451,0.4105213529446549,0.0,0.0,0.028042705889309794,0.0,0.0
rep0984,0.46,0.45508408535305495,synth_only,0.2,0.020000000000000004,0.04000000000000001,0.13999999999999999,prop_127,1000,2000,0.4377344281629725,0.46626557183702755,True,0.02853114367405507,0.02853114367405507,0.4377344281629725,0.46626557183702755,0.0,0.0,0.02853114367405507,0.0,0.0
rep0985,0.44,0.4375299950469971,synth_only,0.2,0.020000000000000004,0.04000000000000001,0.13999999999999999,prop_127,1000,2000,0.43274897783160554,0.4612510221683945,True,0.028502044336788934,0.028502044336788934,0.43274897783160554,0.4612510221683945,0.0,0.0,0.028502044336788934,0.0,0.0
rep0986,0.84,0.8420823032906237,synth_only,0.2,0.020000000000000004,0.04000000000000001,0.13999999999999999,prop_127,1000,2000,0.8212836721323266,0.8427163278676734,True,0.021432655735346806,0.021432655735346806,0.8212836721323266,0.8427163278676734,0.0,0.0,0.021432655735346806,0.0,0.0
rep0987,0.51,0.5125880374502091,synth_only,0.2,0.020000000000000004,0.04000000000000001,0.13999999999999999,prop_127,1000,2000,0.7203194729026974,0.7456805270973026,False,0.025361054194605215,0.025361054194605215,0.7203194729026974,0.7456805270973026,0.0,0.0,0.025361054194605215,0.0,0.0
rep0988,0.84,0.8375435844417034,synth_only,0.2,0.020000000000000004,0.04000000000000001,0.13999999999999999,prop_127,1000,2000,1.0,1.0,False,0.0,0.0,1.0,1.0,0.0,0.0,0.0,0.0,0.0
rep0989,0.16,0.15603075370580066,synth_only,0.2,0.020000000000000004,0.04000000000000001,0.13999999999999999,prop_127,1000,2000,0.10199586374541511,0.12000413625458489,False,0.01800827250916978,0.01800827250916978,0.10199586374541511,0.12000413625458489,0.0,0.0,0.01800827250916978,0.0,0.0
rep0990,0.30,0.30237411939330205,synth_only,0.2,0.020000000000000004,0.04000000000000001,0.13999999999999999,prop_127,1000,2000,0.4546958067001236,0.48330419329987634,False,0.028608386599752733,0.028608386599752733,0.4546958067001236,0.48330419329987634,0.0,0.0,0.028608386599752733,0.0,0.0
rep0991,0.60,0.6025508144464183,synth_only,0.2,0.020000000000000004,0.04000000000000001,0.13999999999999999,prop_127,1000,2000,0.8008008096144319,0.8231991903855682,False,0.022398380771136317,0.022398380771136317,0.8008008096144319,0.8231991903855682,0.0,0.0,0.022398380771136317,0.0,0.0
rep0992,0.80,0.8032639851808171,synth_only,0.2,0.020000000000000004,0.04000000000000001,0.13999999999999999,prop_127,1000,2000,0.9017970202524477,0.9182029797475524,False,0.016405959495104705,0.016405959495104705,0.9017970202524477,0.9182029797475524,0.0,0.0,0.016405959495104705,0.0,0.0
rep0993,0.61,0.6060913430792686,synth_only,0.2,0.020000000000000004,0.04000000000000001,0.13999999999999999,prop_127,1000,2000,0.6035695903087444,0.6314304096912557,True,0.027860819382511393,0.027860819382511393,0.6035695903087444,0.6314304096912557,0.0,0.0,0.027860819382511393,0.0,0.0
rep0994,0.63,0.63435798234609,synth_only,0.2,0.020000000000000004,0.04000000000000001,0.13999999999999999,prop_127,1000,2000,0.7238728199291721,0.749127180070828,False,0.02525436014165594,0.02525436014165594,0.7238728199291721,0.749127180070828,0.0,0.0,0.02525436014165594,0.0,0.0
rep0995,0.47,0.4677370119041559,synth_only,0.2,0.020000000000000004,0.04000000000000001,0.13999999999999999,prop_127,1000,2000,0.47367236266750157,0.5023276373324984,False,0.028655274664996844,0.028655274664996844,0.47367236266750157,0.5023276373324984,0.0,0.0,0.028655274664996844,0.0,0.0
rep0996,0.48,0.47833721845184457,synth_only,0.2,0.020000000000000004,0.04000000000000001,0.13999999999999999,prop_127,1000,2000,0.4611854501488485,0.48981454985115147,True,0.028629099702302985,0.028629099702302985,0.4611854501488485,0.48981454985115147,0.0,0.0,0.028629099702302985,0.0,0.0
rep0997,0.15,0.15449303723364252,synth_only,0.2,0.020000000000000004,0.04000000000000001,0.13999999999999999,prop_127,1000,2000,0.11213541124092243,0.13086458875907755,False,0.01872917751815513,0.01872917751815513,0.11213541124092243,0.13086458875907755,0.0,0.0,0.01872917751815513,0.0,0.0
rep0998,0.62,0.6166365598340153,synth_only,0.2,0.020000000000000004,0.04000000000000001,0.13999999999999999,prop_127,1000,2000,0.7660876903455225,0.7899123096544776,False,0.023824619308955075,0.023824619308955075,0.7660876903455225,0.7899123096544776,0.0,0.0,0.023824619308955075,0.0,0.0
rep0999,0.53,0.5271154519776099,synth_only,0.2,0.020000000000000004,0.04000000000000001,0.13999999999999999,prop_127,1000,2000,0.6964869542482811,0.7225130457517189,False,0.02602609150343782,0.02602609150343782,0.6964869542482811,0.7225130457517189,0.0,0.0,0.02602609150343782,0.0,0.0
