task_id,label,theta,algo,alpha,alpha1,alpha2,alpha3,alloc,n_j,N_j,L,U,covered,width,width_clip,L_tilde,U_tilde,delta_L,delta_U,W1,W2,W3
rep0000,0.25,0.2478634861040341,synth_only,0.1,0.010000000000000002,0.020000000000000004,0.06999999999999999,prop_127,1000,2000,0.33690144123109034,0.3720985587689096,False,0.03519711753781929,0.03519711753781929,0.33690144123109034,0.3720985587689096,0.0,0.0,0.03519711753781929,0.0,0.0
rep0001,0.37,0.3686079524634063,synth_only,0.1,0.010000000000000002,0.020000000000000004,0.06999999999999999,prop_127,1000,2000,0.4107917771549372,0.4472082228450628,False,0.03641644569012559,0.03641644569012559,0.4107917771549372,0.4472082228450628,0.0,0.0,0.03641644569012559,0.0,0.0
rep0002,0.17,0.17032800314766197,synth_only,0.1,0.010000000000000002,0.020000000000000004,0.06999999999999999,prop_127,1000,2000,0.354713484983496,0.390286515016504,False,0.035573030033008046,0.035573030033008046,0.354713484983496,0.390286515016504,0.0,0.0,0.035573030033008046,0.0,0.0
rep0003,0.41,0.4119903665842383,synth_only,0.1,0.010000000000000002,0.020000000000000004,0.06999999999999999,prop_127,1000,2000,0.5643575028097878,0.6006424971902122,False,0.03628499438042443,0.03628499438042443,0.5643575028097878,0.6006424971902122,0.0,0.0,0.03628499438042443,0.0,0.0
rep0004,0.36,0.36322332650332373,synth_only,0.1,0.010000000000000002,0.020000000000000004,0.06999999999999999,prop_127,1000,2000,0.313194590428102,0.34780540957189804,False,0.034610819143796046,0.034610819143796046,0.313194590428102,0.34780540957189804,0.0,0.0,0.034610819143796046,0.0,0.0
rep0005,0.28,0.27660752268158256,synth_only,0.1,0.010000000000000002,0.020000000000000004,0.06999999999999999,prop_127,1000,2000,0.3191166346625061,0.3538833653374939,False,0.03476673067498781,0.03476673067498781,0.3191166346625061,0.3538833653374939,0.0,0.0,0.03476673067498781,0.0,0.0
rep0006,0.40,0.39522788491940364,synth_only,0.1,0.010000000000000002,0.020000000000000004,0.06999999999999999,prop_127,1000,2000,0.45363424357036886,0.4903657564296311,False,0.03673151285926224,0.03673151285926224,0.45363424357036886,0.4903657564296311,0.0,0.0,0.03673151285926224,0.0,0.0
rep0007,0.34,0.34221851206383785,synth_only,0.1,0.010000000000000002,0.020000000000000004,0.06999999999999999,prop_127,1000,2000,0.41875197884933185,0.45524802115066815,False,0.036496042301336296,0.036496042301336296,0.41875197884933185,0.45524802115066815,0.0,0.0,0.036496042301336296,0.0,0.0
rep0008,0.89,0.8876454917096256,synth_only,0.1,0.010000000000000002,0.020000000000000004,0.06999999999999999,prop_127,1000,2000,0.8727412604663607,0.8962587395336392,True,0.023517479067278524,0.023517479067278524,0.8727412604663607,0.8962587395336392,0.0,0.0,0.023517479067278524,0.0,0.0
rep0009,0.13,0.13218242080353054,synth_only,0.1,0.010000000000000002,0.020000000000000004,0.06999999999999999,prop_127,1000,2000,0.21110126227887252,0.2418987377211275,False,0.030797475442254973,0.030797475442254973,0.21110126227887252,0.2418987377211275,0.0,0.0,0.030797475442254973,0.0,0.0
rep0010,0.32,0.32181545181669885,synth_only,0.1,0.010000000000000002,0.020000000000000004,0.06999999999999999,prop_127,1000,2000,0.4351850984467683,0.47181490155323175,False,0.036629803106463465,0.036629803106463465,0.4351850984467683,0.47181490155323175,0.0,0.0,0.036629803106463465,0.0,0.0
rep0011,0.29,0.2854083438878526,synth_only,0.1,0.010000000000000002,0.020000000000000004,0.06999999999999999,prop_127,1000,2000,0.43917194918838276,0.4758280508116173,False,0.036656101623234516,0.036656101623234516,0.43917194918838276,0.4758280508116173,0.0,0.0,0.036656101623234516,0.0,0.0
rep0012,0.44,0.43703005404805023,synth_only,0.1,0.010000000000000002,0.020000000000000004,0.06999999999999999,prop_127,1000,2000,0.4826054149443407,0.5193945850556593,False,0.03678917011131855,0.03678917011131855,0.4826054149443407,0.5193945850556593,0.0,0.0,0.03678917011131855,0.0,0.0
rep0013,0.62,0.6208052270470665,synth_only,0.1,0.010000000000000002,0.020000000000000004,0.06999999999999999,prop_127,1000,2000,0.4801054609310448,0.5168945390689552,False,0.036789078137910436,0.036789078137910436,0.4801054609310448,0.5168945390689552,0.0,0.0,0.036789078137910436,0.0,0.0
rep0014,0.71,0.7147259999129039,synth_only,0.1,0.010000000000000002,0.020000000000000004,0.06999999999999999,prop_127,1000,2000,0.7101010011888227,0.7428989988111774,True,0.03279799762235469,0.03279799762235469,0.7101010011888227,0.7428989988111774,0.0,0.0,0.03279799762235469,0.0,0.0
rep0015,0.39,0.39454122151151017,synth_only,0.1,0.010000000000000002,0.020000000000000004,0.06999999999999999,prop_127,1000,2000,0.40383058249583137,0.4401694175041686,False,0.036338835008337234,0.036338835008337234,0.40383058249583137,0.4401694175041686,0.0,0.0,0.036338835008337234,0.0,0.0
rep0016,0.17,0.16665588411027546,synth_only,0.1,0.010000000000000002,0.020000000000000004,0.06999999999999999,prop_127,1000,2000,0.1862567823109727,0.21574321768902732,False,0.02948643537805462,0.02948643537805462,0.1862567823109727,0.21574321768902732,0.0,0.0,0.02948643537805462,0.0,0.0
rep0017,0.52,0.5214065008427691,synth_only,0.1,0.010000000000000002,0.020000000000000004,0.06999999999999999,prop_127,1000,2000,0.5437473438379057,0.5802526561620944,False,0.03650531232418874,0.03650531232418874,0.5437473438379057,0.5802526561620944,0.0,0.0,0.03650531232418874,0.0,0.0
rep0018,0.36,0.35939977730659944,synth_only,0.1,0.010000000000000002,0.020000000000000004,0.06999999999999999,prop_127,1000,2000,0.32948774035075773,0.3645122596492422,True,0.03502451929848449,0.03502451929848449,0.32948774035075773,0.3645122596492422,0.0,0.0,0.03502451929848449,0.0,0.0
rep0019,0.35,0.35459743075612077,synth_only,0.1,0.010000000000000002,0.020000000000000004,0.06999999999999999,prop_127,1000,2000,0.3661072609570809,0.4018927390429191,False,0.03578547808583821,0.03578547808583821,0.3661072609570809,0.4018927390429191,0.0,0.0,0.03578547808583821,0.0,0.0
rep0020,0.88,0.8825365524342114,synth_only,0.1,0.010000000000000002,0.020000000000000004,0.06999999999999999,prop_127,1000,2000,0.8617915129009355,0.8862084870990645,True,0.02441697419812905,0.02441697419812905,0.8617915129009355,0.8862084870990645,0.0,0.0,0.02441697419812905,0.0,0.0
rep0021,0.59,0.5949598193481452,synth_only,0.1,0.010000000000000002,0.020000000000000004,0.06999999999999999,prop_127,1000,2000,0.5719058246840862,0.6080941753159137,True,0.03618835063182746,0.03618835063182746,0.5719058246840862,0.6080941753159137,0.0,0.0,0.03618835063182746,0.0,0.0
rep0022,0.72,0.7170696852830631,synth_only,0.1,0.010000000000000002,0.020000000000000004,0.06999999999999999,prop_127,1000,2000,0.8223778417105299,0.8496221582894701,False,0.02724431657894022,0.02724431657894022,0.8223778417105299,0.8496221582894701,0.0,0.0,0.02724431657894022,0.0,0.0
rep0023,0.39,0.3897887441590057,synth_only,0.1,0.010000000000000002,0.020000000000000004,0.06999999999999999,prop_127,1000,2000,0.2541575508405975,0.28684244915940255,False,0.032684898318805056,0.032684898318805056,0.2541575508405975,0.28684244915940255,0.0,0.0,0.032684898318805056,0.0,0.0
rep0024,0.56,0.5618562370971357,synth_only,0.1,0.010000000000000002,0.020000000000000004,0.06999999999999999,prop_127,1000,2000,0.6785697615300742,0.7124302384699258,False,0.033860476939851614,0.033860476939851614,0.6785697615300742,0.7124302384699258,0.0,0.0,0.033860476939851614,0.0,0.0
rep0025,0.15,0.1536743850699371,synth_only,0.1,0.010000000000000002,0.020000000000000004,0.06999999999999999,prop_127,1000,2000,0.16925977050061097,0.19774022949938902,False,0.028480458998778047,0.028480458998778047,0.16925977050061097,0.19774022949938902,0.0,0.0,0.028480458998778047,0.0,0.0
rep0026,0.45,0.4470975824569302,synth_only,0.1,0.010000000000000002,0.020000000000000004,0.06999999999999999,prop_127,1000,2000,0.49511208421712527,0.5318879157828746,False,0.03677583156574937,0.03677583156574937,0.49511208421712527,0.5318879157828746,0.0,0.0,0.03677583156574937,0.0,0.0
rep0027,0.15,0.14555732938848953,synth_only,0.1,0.010000000000000002,0.020000000000000004,0.06999999999999999,prop_127,1000,2000,0.37304779145150224,0.4089522085484978,False,0.035904417096995545,0.035904417096995545,0.37304779145150224,0.4089522085484978,0.0,0.0,0.035904417096995545,0.0,0.0
rep0028,0.72,0.7158400826850747,synth_only,0.1,0.010000000000000002,0.020000000000000004,0.06999999999999999,prop_127,1000,2000,0.7039906962365061,0.7370093037634939,True,0.03301860752698782,0.03301860752698782,0.7039906962365061,0.7370093037634939,0.0,0.0,0.03301860752698782,0.0,0.0
rep0029,0.33,0.3291877284663172,synth_only,0.1,0.010000000000000002,0.020000000000000004,0.06999999999999999,prop_127,1000,2000,0.2998816917414821,0.3341183082585179,True,0.0342366165170358,0.0342366165170358,0.2998816917414821,0.3341183082585179,0.0,0.0,0.0342366165170358,0.0,0.0
rep0030,0.79,0.7937062466334305,synth_only,0.1,0.010000000000000002,0.020000000000000004,0.06999999999999999,prop_127,1000,2000,0.694832087163239,0.7281679128367611,False,0.03333582567352211,0.03333582567352211,0.694832087163239,0.7281679128367611,0.0,0.0,0.03333582567352211,0.0,0.0
rep0031,0.67,0.6704077234134693,synth_only,0.1,0.010000000000000002,0.020000000000000004,0.06999999999999999,prop_127,1000,2000,0.6800933110316398,0.7139066889683601,False,0.033813377936720235,0.033813377936720235,0.6800933110316398,0.7139066889683601,0.0,0.0,0.033813377936720235,0.0,0.0
rep0032,0.49,0.49161387479740387,synth_only,0.1,0.010000000000000002,0.020000000000000004,0.06999999999999999,prop_127,1000,2000,0.4901080363699867,0.5268919636300132,True,0.03678392726002655,0.03678392726002655,0.4901080363699867,0.5268919636300132,0.0,0.0,0.03678392726002655,0.0,0.0
rep0033,0.73,0.7281359113887491,synth_only,0.1,0.010000000000000002,0.020000000000000004,0.06999999999999999,prop_127,1000,2000,0.47810582882881625,0.5148941711711837,False,0.0367883423423675,0.0367883423423675,0.47810582882881625,0.5148941711711837,0.0,0.0,0.0367883423423675,0.0,0.0
rep0034,0.26,0.25795044332393025,synth_only,0.1,0.010000000000000002,0.020000000000000004,0.06999999999999999,prop_127,1000,2000,0.36263846225623225,0.39836153774376776,False,0.035723075487535505,0.035723075487535505,0.36263846225623225,0.39836153774376776,0.0,0.0,0.035723075487535505,0.0,0.0
rep0035,0.31,0.31207276260600325,synth_only,0.1,0.010000000000000002,0.020000000000000004,0.06999999999999999,prop_127,1000,2000,0.27084931063918,0.30415068936081996,False,0.03330137872163996,0.03330137872163996,0.27084931063918,0.30415068936081996,0.0,0.0,0.03330137872163996,0.0,0.0
rep0036,0.38,0.3813002067209173,synth_only,0.1,0.010000000000000002,0.020000000000000004,0.06999999999999999,prop_127,1000,2000,0.38148078955396875,0.4175192104460313,False,0.03603842089206255,0.03603842089206255,0.38148078955396875,0.4175192104460313,0.0,0.0,0.03603842089206255,0.0,0.0
rep0037,0.69,0.6948613205139563,synth_only,0.1,0.010000000000000002,0.020000000000000004,0.06999999999999999,prop_127,1000,2000,0.754517890301367,0.7854821096986331,False,0.030964219397266124,0.030964219397266124,0.754517890301367,0.7854821096986331,0.0,0.0,0.030964219397266124,0.0,0.0
rep0038,0.79,0.7918600324246673,synth_only,0.1,0.010000000000000002,0.020000000000000004,0.06999999999999999,prop_127,1000,2000,0.8120528488496463,0.8399471511503536,False,0.02789430230070722,0.02789430230070722,0.8120528488496463,0.8399471511503536,0.0,0.0,0.02789430230070722,0.0,0.0
rep0039,0.74,0.737128328560063,synth_only,0.1,0.010000000000000002,0.020000000000000004,0.06999999999999999,prop_127,1000,2000,0.783229405003472,0.812770594996528,False,0.029541189993055994,0.029541189993055994,0.783229405003472,0.812770594996528,0.0,0.0,0.029541189993055994,0.0,0.0
rep0040,0.20,0.20217595771942773,synth_only,0.1,0.010000000000000002,0.020000000000000004,0.06999999999999999,prop_127,1000,2000,0.3028386951837257,0.3371613048162743,False,0.03432260963254863,0.03432260963254863,0.3028386951837257,0.3371613048162743,0.0,0.0,0.03432260963254863,0.0,0.0
rep0041,0.63,0.6338665832251937,synth_only,0.1,0.010000000000000002,0.020000000000000004,0.06999999999999999,prop_127,1000,2000,0.8254788142772332,0.8525211857227667,False,0.027042371445533453,0.027042371445533453,0.8254788142772332,0.8525211857227667,0.0,0.0,0.027042371445533453,0.0,0.0
rep0042,0.28,0.28273766256385496,synth_only,0.1,0.010000000000000002,0.020000000000000004,0.06999999999999999,prop_127,1000,2000,0.17653855120528011,0.2054614487947199,False,0.028922897589439778,0.028922897589439778,0.17653855120528011,0.2054614487947199,0.0,0.0,0.028922897589439778,0.0,0.0
rep0043,0.12,0.11761149789511506,synth_only,0.1,0.010000000000000002,0.020000000000000004,0.06999999999999999,prop_127,1000,2000,0.1085234341940673,0.13247656580593267,True,0.023953131611865366,0.023953131611865366,0.1085234341940673,0.13247656580593267,0.0,0.0,0.023953131611865366,0.0,0.0
rep0044,0.17,0.16718848316147858,synth_only,0.1,0.010000000000000002,0.020000000000000004,0.06999999999999999,prop_127,1000,2000,0.3265235990172991,0.36147640098270084,False,0.034952801965401736,0.034952801965401736,0.3265235990172991,0.36147640098270084,0.0,0.0,0.034952801965401736,0.0,0.0
rep0045,0.14,0.13852317554366197,synth_only,0.1,0.010000000000000002,0.020000000000000004,0.06999999999999999,prop_127,1000,2000,0.35867532668805957,0.39432467331194043,False,0.03564934662388086,0.03564934662388086,0.35867532668805957,0.39432467331194043,0.0,0.0,0.03564934662388086,0.0,0.0
rep0046,0.12,0.12296145833985304,synth_only,0.1,0.010000000000000002,0.020000000000000004,0.06999999999999999,prop_127,1000,2000,0.13012108462827712,0.15587891537172285,False,0.02575783074344573,0.02575783074344573,0.13012108462827712,0.15587891537172285,0.0,0.0,0.02575783074344573,0.0,0.0
rep0047,0.48,0.47752701943189135,synth_only,0.1,0.010000000000000002,0.020000000000000004,0.06999999999999999,prop_127,1000,2000,0.41825432461374235,0.45474567538625765,False,0.03649135077251531,0.03649135077251531,0.41825432461374235,0.45474567538625765,0.0,0.0,0.03649135077251531,0.0,0.0
rep0048,0.57,0.5726813089453829,synth_only,0.1,0.010000000000000002,0.020000000000000004,0.06999999999999999,prop_127,1000,2000,0.7976259947551985,0.8263740052448016,False,0.028748010489603182,0.028748010489603182,0.7976259947551985,0.8263740052448016,0.0,0.0,0.028748010489603182,0.0,0.0
rep0049,0.74,0.7412554577471945,synth_only,0.1,0.010000000000000002,0.020000000000000004,0.06999999999999999,prop_127,1000,2000,0.7504244578200295,0.7815755421799705,False,0.03115108435994096,0.03115108435994096,0.7504244578200295,0.7815755421799705,0.0,0.0,0.03115108435994096,0.0,0.0
rep0050,0.62,0.6173942815743904,synth_only,0.1,0.010000000000000002,0.020000000000000004,0.06999999999999999,prop_127,1000,2000,0.5427427841352755,0.5792572158647246,False,0.036514431729449015,0.036514431729449015,0.5427427841352755,0.5792572158647246,0.0,0.0,0.036514431729449015,0.0,0.0
rep0051,0.27,0.26599598126632845,synth_only,0.1,0.010000000000000002,0.020000000000000004,0.06999999999999999,prop_127,1000,2000,0.2875697615300742,0.3214302384699258,False,0.033860476939851614,0.033860476939851614,0.2875697615300742,0.3214302384699258,0.0,0.0,0.033860476939851614,0.0,0.0
rep0052,0.31,0.3073068139568365,synth_only,0.1,0.010000000000000002,0.020000000000000004,0.06999999999999999,prop_127,1000,2000,0.3928991313016253,0.42910086869837466,False,0.03620173739674937,0.03620173739674937,0.3928991313016253,0.42910086869837466,0.0,0.0,0.03620173739674937,0.0,0.0
rep0053,0.62,0.6218265929743847,synth_only,0.1,0.010000000000000002,0.020000000000000004,0.06999999999999999,prop_127,1000,2000,0.8316858004031212,0.8583141995968787,False,0.02662839919375748,0.02662839919375748,0.8316858004031212,0.8583141995968787,0.0,0.0,0.02662839919375748,0.0,0.0
rep0054,0.43,0.43339616303131784,synth_only,0.1,0.010000000000000002,0.020000000000000004,0.06999999999999999,prop_127,1000,2000,0.3393737285440667,0.37462627145593325,False,0.035252542911866525,0.035252542911866525,0.3393737285440667,0.37462627145593325,0.0,0.0,0.035252542911866525,0.0,0.0
rep0055,0.74,0.740619116521778,synth_only,0.1,0.010000000000000002,0.020000000000000004,0.06999999999999999,prop_127,1000,2000,0.9301952186943407,0.9478047813056591,False,0.017609562611318408,0.017609562611318408,0.9301952186943407,0.9478047813056591,0.0,0.0,0.017609562611318408,0.0,0.0
rep0056,0.79,0.7903021326927078,synth_only,0.1,0.010000000000000002,0.020000000000000004,0.06999999999999999,prop_127,1000,2000,0.8576276509975261,0.8823723490024739,False,0.02474469800494772,0.02474469800494772,0.8576276509975261,0.8823723490024739,0.0,0.0,0.02474469800494772,0.0,0.0
rep0057,0.29,0.2885664653209669,synth_only,0.1,0.010000000000000002,0.020000000000000004,0.06999999999999999,prop_127,1000,2000,0.3512479414166685,0.3867520585833315,False,0.03550411716666302,0.03550411716666302,0.3512479414166685,0.3867520585833315,0.0,0.0,0.03550411716666302,0.0,0.0
rep0058,0.68,0.680408527032369,synth_only,0.1,0.010000000000000002,0.020000000000000004,0.06999999999999999,prop_127,1000,2000,0.5759333721380306,0.6120666278619693,False,0.03613325572393866,0.03613325572393866,0.5759333721380306,0.6120666278619693,0.0,0.0,0.03613325572393866,0.0,0.0
rep0059,0.42,0.42124425860033593,synth_only,0.1,0.010000000000000002,0.020000000000000004,0.06999999999999999,prop_127,1000,2000,0.39786682100275433,0.43413317899724563,True,0.036266357994491294,0.036266357994491294,0.39786682100275433,0.43413317899724563,0.0,0.0,0.036266357994491294,0.0,0.0
rep0060,0.29,0.2851622642408732,synth_only,0.1,0.010000000000000002,0.020000000000000004,0.06999999999999999,prop_127,1000,2000,0.3680898716714372,0.4039101283285628,False,0.035820256657125626,0.035820256657125626,0.3680898716714372,0.4039101283285628,0.0,0.0,0.035820256657125626,0.0,0.0
rep0061,0.28,0.28253385670631975,synth_only,0.1,0.010000000000000002,0.020000000000000004,0.06999999999999999,prop_127,1000,2000,0.3107280083998438,0.3452719916001562,False,0.03454398320031238,0.03454398320031238,0.3107280083998438,0.3452719916001562,0.0,0.0,0.03454398320031238,0.0,0.0
rep0062,0.30,0.3032893933218672,synth_only,0.1,0.010000000000000002,0.020000000000000004,0.06999999999999999,prop_127,1000,2000,0.2634816705512723,0.29651832944872775,False,0.03303665889745544,0.03303665889745544,0.2634816705512723,0.29651832944872775,0.0,0.0,0.03303665889745544,0.0,0.0
rep0063,0.23,0.22593861408608223,synth_only,0.1,0.010000000000000002,0.020000000000000004,0.06999999999999999,prop_127,1000,2000,0.23015566244565636,0.26184433755434366,False,0.03168867510868731,0.03168867510868731,0.23015566244565636,0.26184433755434366,0.0,0.0,0.03168867510868731,0.0,0.0
rep0064,0.46,0.4645980018826924,synth_only,0.1,0.010000000000000002,0.020000000000000004,0.06999999999999999,prop_127,1000,2000,0.6714626573643194,0.7055373426356806,False,0.03407468527136115,0.03407468527136115,0.6714626573643194,0.7055373426356806,0.0,0.0,0.03407468527136115,0.0,0.0
rep0065,0.35,0.34978067892353637,synth_only,0.1,0.010000000000000002,0.020000000000000004,0.06999999999999999,prop_127,1000,2000,0.22673231084000917,0.2582676891599908,False,0.031535378319981655,0.031535378319981655,0.22673231084000917,0.2582676891599908,0.0,0.0,0.031535378319981655,0.0,0.0
rep0066,0.42,0.41951121206361075,synth_only,0.1,0.010000000000000002,0.020000000000000004,0.06999999999999999,prop_127,1000,2000,0.5960898716714372,0.6319101283285627,False,0.035820256657125515,0.035820256657125515,0.5960898716714372,0.6319101283285627,0.0,0.0,0.035820256657125515,0.0,0.0
rep0067,0.55,0.5539775859677241,synth_only,0.1,0.010000000000000002,0.020000000000000004,0.06999999999999999,prop_127,1000,2000,0.6653744687574922,0.6996255312425078,False,0.03425106248501564,0.03425106248501564,0.6653744687574922,0.6996255312425078,0.0,0.0,0.03425106248501564,0.0,0.0
rep0068,0.56,0.5583333805698807,synth_only,0.1,0.010000000000000002,0.020000000000000004,0.06999999999999999,prop_127,1000,2000,0.43867352770902346,0.4753264722909766,False,0.03665294458195312,0.03665294458195312,0.43867352770902346,0.4753264722909766,0.0,0.0,0.03665294458195312,0.0,0.0
rep0069,0.78,0.7830577745455012,synth_only,0.1,0.010000000000000002,0.020000000000000004,0.06999999999999999,prop_127,1000,2000,0.8581479189789765,0.8828520810210236,False,0.024704162042047173,0.024704162042047173,0.8581479189789765,0.8828520810210236,0.0,0.0,0.024704162042047173,0.0,0.0
rep0070,0.56,0.563090788980235,synth_only,0.1,0.010000000000000002,0.020000000000000004,0.06999999999999999,prop_127,1000,2000,0.7811750759424687,0.8108249240575314,False,0.02964984811506266,0.02964984811506266,0.7811750759424687,0.8108249240575314,0.0,0.0,0.02964984811506266,0.0,0.0
rep0071,0.33,0.3264090036193587,synth_only,0.1,0.010000000000000002,0.020000000000000004,0.06999999999999999,prop_127,1000,2000,0.30037446875749213,0.3346255312425079,True,0.03425106248501575,0.03425106248501575,0.30037446875749213,0.3346255312425079,0.0,0.0,0.03425106248501575,0.0,0.0
rep0072,0.49,0.48677170664394004,synth_only,0.1,0.010000000000000002,0.020000000000000004,0.06999999999999999,prop_127,1000,2000,0.5131419185753914,0.5498580814246086,False,0.03671616284921719,0.03671616284921719,0.5131419185753914,0.5498580814246086,0.0,0.0,0.03671616284921719,0.0,0.0
rep0073,0.70,0.702623162955592,synth_only,0.1,0.010000000000000002,0.020000000000000004,0.06999999999999999,prop_127,1000,2000,0.7678353773603065,0.7981646226396936,False,0.030329245279387074,0.030329245279387074,0.7678353773603065,0.7981646226396936,0.0,0.0,0.030329245279387074,0.0,0.0
rep0074,0.82,0.817783968025029,synth_only,0.1,0.010000000000000002,0.020000000000000004,0.06999999999999999,prop_127,1000,2000,0.819794945063638,0.847205054936362,False,0.027410109872723964,0.027410109872723964,0.819794945063638,0.847205054936362,0.0,0.0,0.027410109872723964,0.0,0.0
rep0075,0.10,0.10267969872404988,synth_only,0.1,0.010000000000000002,0.020000000000000004,0.06999999999999999,prop_127,1000,2000,0.14168580040312126,0.16831419959687874,False,0.02662839919375748,0.02662839919375748,0.14168580040312126,0.16831419959687874,0.0,0.0,0.02662839919375748,0.0,0.0
rep0076,0.02,0.018399745229811547,synth_only,0.1,0.010000000000000002,0.020000000000000004,0.06999999999999999,prop_127,1000,2000,7.622775069372517e-05,0.002923772249306275,False,0.00284754449861255,0.00284754449861255,7.622775069372517e-05,0.002923772249306275,0.0,0.0,0.00284754449861255,0.0,0.0
rep0077,0.43,0.4319906624239277,synth_only,0.1,0.010000000000000002,0.020000000000000004,0.06999999999999999,prop_127,1000,2000,0.448146711322112,0.4848532886778881,False,0.03670657735577609,0.03670657735577609,0.448146711322112,0.4848532886778881,0.0,0.0,0.03670657735577609,0.0,0.0
rep0078,0.13,0.12622531678299564,synth_only,0.1,0.010000000000000002,0.020000000000000004,0.06999999999999999,prop_127,1000,2000,0.07143440981346315,0.09156559018653686,False,0.02013118037307371,0.02013118037307371,0.07143440981346315,0.09156559018653686,0.0,0.0,0.02013118037307371,0.0,0.0
rep0079,0.41,0.41262177518116394,synth_only,0.1,0.010000000000000002,0.020000000000000004,0.06999999999999999,prop_127,1000,2000,0.47460718091634063,0.5113928190836593,False,0.03678563816731867,0.03678563816731867,0.47460718091634063,0.5113928190836593,0.0,0.0,0.03678563816731867,0.0,0.0
rep0080,0.52,0.5201792252244676,synth_only,0.1,0.010000000000000002,0.020000000000000004,0.06999999999999999,prop_127,1000,2000,0.658275727528949,0.692724272471051,False,0.03444854494210192,0.03444854494210192,0.658275727528949,0.692724272471051,0.0,0.0,0.03444854494210192,0.0,0.0
rep0081,0.53,0.5264169210416092,synth_only,0.1,0.010000000000000002,0.020000000000000004,0.06999999999999999,prop_127,1000,2000,0.443658578755868,0.48034142124413204,False,0.036682842488264034,0.036682842488264034,0.443658578755868,0.48034142124413204,0.0,0.0,0.036682842488264034,0.0,0.0
rep0082,0.60,0.6023582352932083,synth_only,0.1,0.010000000000000002,0.020000000000000004,0.06999999999999999,prop_127,1000,2000,0.6289126732049752,0.6640873267950247,False,0.035174653590049454,0.035174653590049454,0.6289126732049752,0.6640873267950247,0.0,0.0,0.035174653590049454,0.0,0.0
rep0083,0.39,0.3924388249352025,synth_only,0.1,0.010000000000000002,0.020000000000000004,0.06999999999999999,prop_127,1000,2000,0.3928991313016253,0.42910086869837466,False,0.03620173739674937,0.03620173739674937,0.3928991313016253,0.42910086869837466,0.0,0.0,0.03620173739674937,0.0,0.0
rep0084,0.58,0.5848810073817661,synth_only,0.1,0.010000000000000002,0.020000000000000004,0.06999999999999999,prop_127,1000,2000,0.752470929478746,0.783529070521254,False,0.031058141042507925,0.031058141042507925,0.752470929478746,0.783529070521254,0.0,0.0,0.031058141042507925,0.0,0.0
rep0085,0.15,0.15233852136627424,synth_only,0.1,0.010000000000000002,0.020000000000000004,0.06999999999999999,prop_127,1000,2000,0.2757641791973564,0.30923582080264356,False,0.03347164160528715,0.03347164160528715,0.2757641791973564,0.30923582080264356,0.0,0.0,0.03347164160528715,0.0,0.0
rep0086,0.53,0.5253253490104887,synth_only,0.1,0.010000000000000002,0.020000000000000004,0.06999999999999999,prop_127,1000,2000,0.49160905744739525,0.5283909425526048,True,0.03678188510520952,0.03678188510520952,0.49160905744739525,0.5283909425526048,0.0,0.0,0.03678188510520952,0.0,0.0
rep0087,0.58,0.5822989281723502,synth_only,0.1,0.010000000000000002,0.020000000000000004,0.06999999999999999,prop_127,1000,2000,0.6527012297380266,0.6872987702619735,False,0.034597540523946924,0.034597540523946924,0.6527012297380266,0.6872987702619735,0.0,0.0,0.034597540523946924,0.0,0.0
rep0088,0.46,0.46374490906187904,synth_only,0.1,0.010000000000000002,0.020000000000000004,0.06999999999999999,prop_127,1000,2000,0.6152680806689247,0.6507319193310753,False,0.03546383866215064,0.03546383866215064,0.6152680806689247,0.6507319193310753,0.0,0.0,0.03546383866215064,0.0,0.0
rep0089,0.27,0.2686688295956495,synth_only,0.1,0.010000000000000002,0.020000000000000004,0.06999999999999999,prop_127,1000,2000,0.29594029971172536,0.33005970028827464,False,0.034119400576549275,0.034119400576549275,0.29594029971172536,0.33005970028827464,0.0,0.0,0.034119400576549275,0.0,0.0
rep0090,0.39,0.3854407308027258,synth_only,0.1,0.010000000000000002,0.020000000000000004,0.06999999999999999,prop_127,1000,2000,0.5920560487473375,0.6279439512526624,False,0.03588790250532492,0.03588790250532492,0.5920560487473375,0.6279439512526624,0.0,0.0,0.03588790250532492,0.0,0.0
rep0091,0.30,0.3007708905744602,synth_only,0.1,0.010000000000000002,0.020000000000000004,0.06999999999999999,prop_127,1000,2000,0.401345346918986,0.437654653081014,False,0.03630930616202799,0.03630930616202799,0.401345346918986,0.437654653081014,0.0,0.0,0.03630930616202799,0.0,0.0
rep0092,0.90,0.8969673286747886,synth_only,0.1,0.010000000000000002,0.020000000000000004,0.06999999999999999,prop_127,1000,2000,0.8701314912050956,0.8938685087949044,False,0.02373701758980884,0.02373701758980884,0.8701314912050956,0.8938685087949044,0.0,0.0,0.02373701758980884,0.0,0.0
rep0093,0.49,0.49389760047895553,synth_only,0.1,0.010000000000000002,0.020000000000000004,0.06999999999999999,prop_127,1000,2000,0.6943235125305358,0.7276764874694641,False,0.033352974938928304,0.033352974938928304,0.6943235125305358,0.7276764874694641,0.0,0.0,0.033352974938928304,0.0,0.0
rep0094,0.36,0.36249953729567014,synth_only,0.1,0.010000000000000002,0.020000000000000004,0.06999999999999999,prop_127,1000,2000,0.48310546093104473,0.5198945390689552,False,0.03678907813791049,0.03678907813791049,0.48310546093104473,0.5198945390689552,0.0,0.0,0.03678907813791049,0.0,0.0
rep0095,0.64,0.6384495913210911,synth_only,0.1,0.010000000000000002,0.020000000000000004,0.06999999999999999,prop_127,1000,2000,0.5477663363153591,0.5842336636846408,False,0.03646732736928171,0.03646732736928171,0.5477663363153591,0.5842336636846408,0.0,0.0,0.03646732736928171,0.0,0.0
rep0096,0.19,0.1861533670927711,synth_only,0.1,0.010000000000000002,0.020000000000000004,0.06999999999999999,prop_127,1000,2000,0.24092385819858833,0.2730761418014117,False,0.03215228360282338,0.03215228360282338,0.24092385819858833,0.2730761418014117,0.0,0.0,0.03215228360282338,0.0,0.0
rep0097,0.25,0.24732040969853472,synth_only,0.1,0.010000000000000002,0.020000000000000004,0.06999999999999999,prop_127,1000,2000,0.39289913130162535,0.4291008686983746,False,0.036201737396749256,0.036201737396749256,0.39289913130162535,0.4291008686983746,0.0,0.0,0.036201737396749256,0.0,0.0
rep0098,0.27,0.2733129776799133,synth_only,0.1,0.010000000000000002,0.020000000000000004,0.06999999999999999,prop_127,1000,2000,0.3611521353085798,0.3968478646914202,False,0.03569572938284038,0.03569572938284038,0.3611521353085798,0.3968478646914202,0.0,0.0,0.03569572938284038,0.0,0.0
rep0099,0.57,0.5665632698271305,synth_only,0.1,0.010000000000000002,0.020000000000000004,0.06999999999999999,prop_127,1000,2000,0.7330486064749522,0.7649513935250478,False,0.03190278705009564,0.03190278705009564,0.7330486064749522,0.7649513935250478,0.0,0.0,0.03190278705009564,0.0,0.0
rep0100,0.84,0.8400038337233839,synth_only,0.1,0.010000000000000002,0.020000000000000004,0.06999999999999999,prop_127,1000,2000,0.8602296014265495,0.8847703985734506,False,0.02454079714690116,0.02454079714690116,0.8602296014265495,0.8847703985734506,0.0,0.0,0.02454079714690116,0.0,0.0
rep0101,0.09,0.09259465524280322,synth_only,0.1,0.010000000000000002,0.020000000000000004,0.06999999999999999,prop_127,1000,2000,0.14168580040312126,0.16831419959687874,False,0.02662839919375748,0.02662839919375748,0.14168580040312126,0.16831419959687874,0.0,0.0,0.02662839919375748,0.0,0.0
rep0102,0.55,0.54833822054849,synth_only,0.1,0.010000000000000002,0.020000000000000004,0.06999999999999999,prop_127,1000,2000,0.6633458044807184,0.6976541955192815,False,0.03430839103856309,0.03430839103856309,0.6633458044807184,0.6976541955192815,0.0,0.0,0.03430839103856309,0.0,0.0
rep0103,0.49,0.4875898937659862,synth_only,0.1,0.010000000000000002,0.020000000000000004,0.06999999999999999,prop_127,1000,2000,0.6907641791973564,0.7242358208026436,False,0.03347164160528715,0.03347164160528715,0.6907641791973564,0.7242358208026436,0.0,0.0,0.03347164160528715,0.0,0.0
rep0104,0.84,0.844527346239085,synth_only,0.1,0.010000000000000002,0.020000000000000004,0.06999999999999999,prop_127,1000,2000,0.7080638212314405,0.7409361787685596,False,0.032872357537119035,0.032872357537119035,0.7080638212314405,0.7409361787685596,0.0,0.0,0.032872357537119035,0.0,0.0
rep0105,0.49,0.48638138528843694,synth_only,0.1,0.010000000000000002,0.020000000000000004,0.06999999999999999,prop_127,1000,2000,0.4821053873523734,0.5188946126476265,True,0.03678922529525308,0.03678922529525308,0.4821053873523734,0.5188946126476265,0.0,0.0,0.03678922529525308,0.0,0.0
rep0106,0.30,0.2975758293502397,synth_only,0.1,0.010000000000000002,0.020000000000000004,0.06999999999999999,prop_127,1000,2000,0.41029442541490896,0.446705574585091,False,0.03641114917018207,0.03641114917018207,0.41029442541490896,0.446705574585091,0.0,0.0,0.03641114917018207,0.0,0.0
rep0107,0.49,0.48727867062930913,synth_only,0.1,0.010000000000000002,0.020000000000000004,0.06999999999999999,prop_127,1000,2000,0.5880234940541876,0.6239765059458123,False,0.0359530118916247,0.0359530118916247,0.5880234940541876,0.6239765059458123,0.0,0.0,0.0359530118916247,0.0,0.0
rep0108,0.35,0.351376552167757,synth_only,0.1,0.010000000000000002,0.020000000000000004,0.06999999999999999,prop_127,1000,2000,0.566369965457448,0.602630034542552,False,0.03626006908510404,0.03626006908510404,0.566369965457448,0.602630034542552,0.0,0.0,0.03626006908510404,0.0,0.0
rep0109,0.03,0.03182158549482356,synth_only,0.1,0.010000000000000002,0.020000000000000004,0.06999999999999999,prop_127,1000,2000,0.2718320871632389,0.30516791283676103,False,0.03333582567352211,0.03333582567352211,0.2718320871632389,0.30516791283676103,0.0,0.0,0.03333582567352211,0.0,0.0
rep0110,0.84,0.8408454680617381,synth_only,0.1,0.010000000000000002,0.020000000000000004,0.06999999999999999,prop_127,1000,2000,0.8358276525248993,0.8621723474751006,True,0.02634469495020131,0.02634469495020131,0.8358276525248993,0.8621723474751006,0.0,0.0,0.02634469495020131,0.0,0.0
rep0111,0.43,0.42557647542285837,synth_only,0.1,0.010000000000000002,0.020000000000000004,0.06999999999999999,prop_127,1000,2000,0.333441121796891,0.36855887820310895,False,0.03511775640621795,0.03511775640621795,0.333441121796891,0.36855887820310895,0.0,0.0,0.03511775640621795,0.0,0.0
rep0112,0.20,0.1977004476081061,synth_only,0.1,0.010000000000000002,0.020000000000000004,0.06999999999999999,prop_127,1000,2000,0.3829695545105673,0.41903044548943275,False,0.036060890978865445,0.036060890978865445,0.3829695545105673,0.41903044548943275,0.0,0.0,0.036060890978865445,0.0,0.0
rep0113,0.50,0.4991791366377725,synth_only,0.1,0.010000000000000002,0.020000000000000004,0.06999999999999999,prop_127,1000,2000,0.44515445609639426,0.4818455439036058,False,0.03669108780721153,0.03669108780721153,0.44515445609639426,0.4818455439036058,0.0,0.0,0.03669108780721153,0.0,0.0
rep0114,0.61,0.613244252167947,synth_only,0.1,0.010000000000000002,0.020000000000000004,0.06999999999999999,prop_127,1000,2000,0.6826330344728062,0.7163669655271938,False,0.0337339310543876,0.0337339310543876,0.6826330344728062,0.7163669655271938,0.0,0.0,0.0337339310543876,0.0,0.0
rep0115,0.32,0.3202082063400753,synth_only,0.1,0.010000000000000002,0.020000000000000004,0.06999999999999999,prop_127,1000,2000,0.34382516120967727,0.3791748387903227,False,0.035349677580645444,0.035349677580645444,0.34382516120967727,0.3791748387903227,0.0,0.0,0.035349677580645444,0.0,0.0
rep0116,0.77,0.766382026743104,synth_only,0.1,0.010000000000000002,0.020000000000000004,0.06999999999999999,prop_127,1000,2000,0.8115370522079394,0.8394629477920607,False,0.027925895584121285,0.027925895584121285,0.8115370522079394,0.8394629477920607,0.0,0.0,0.027925895584121285,0.0,0.0
rep0117,0.68,0.6784440571169228,synth_only,0.1,0.010000000000000002,0.020000000000000004,0.06999999999999999,prop_127,1000,2000,0.7218229366464611,0.7541770633535388,False,0.03235412670707771,0.03235412670707771,0.7218229366464611,0.7541770633535388,0.0,0.0,0.03235412670707771,0.0,0.0
rep0118,0.42,0.4243860261335837,synth_only,0.1,0.010000000000000002,0.020000000000000004,0.06999999999999999,prop_127,1000,2000,0.5960898716714372,0.6319101283285627,False,0.035820256657125515,0.035820256657125515,0.5960898716714372,0.6319101283285627,0.0,0.0,0.035820256657125515,0.0,0.0
rep0119,0.42,0.42460332203803136,synth_only,0.1,0.010000000000000002,0.020000000000000004,0.06999999999999999,prop_127,1000,2000,0.4092997788640816,0.4457002211359184,True,0.03640044227183681,0.03640044227183681,0.4092997788640816,0.4457002211359184,0.0,0.0,0.03640044227183681,0.0,0.0
rep0120,0.65,0.6502263512603628,synth_only,0.1,0.010000000000000002,0.020000000000000004,0.06999999999999999,prop_127,1000,2000,0.36016135133846783,0.3958386486615322,False,0.03567729732306435,0.03567729732306435,0.36016135133846783,0.3958386486615322,0.0,0.0,0.03567729732306435,0.0,0.0
rep0121,0.76,0.7644800016558357,synth_only,0.1,0.010000000000000002,0.020000000000000004,0.06999999999999999,prop_127,1000,2000,0.918490425260808,0.937509574739192,False,0.019019149478384012,0.019019149478384012,0.918490425260808,0.937509574739192,0.0,0.0,0.019019149478384012,0.0,0.0
rep0122,0.57,0.5690757886312365,synth_only,0.1,0.010000000000000002,0.020000000000000004,0.06999999999999999,prop_127,1000,2000,0.7611739459266427,0.7918260540733573,False,0.030652108146714596,0.030652108146714596,0.7611739459266427,0.7918260540733573,0.0,0.0,0.030652108146714596,0.0,0.0
rep0123,0.42,0.41719685876387674,synth_only,0.1,0.010000000000000002,0.020000000000000004,0.06999999999999999,prop_127,1000,2000,0.366602883692722,0.40239711630727804,False,0.035794232614556054,0.035794232614556054,0.366602883692722,0.40239711630727804,0.0,0.0,0.035794232614556054,0.0,0.0
rep0124,0.21,0.20996606860775566,synth_only,0.1,0.010000000000000002,0.020000000000000004,0.06999999999999999,prop_127,1000,2000,0.4127813736867506,0.4492186263132494,False,0.03643725262649877,0.03643725262649877,0.4127813736867506,0.4492186263132494,0.0,0.0,0.03643725262649877,0.0,0.0
rep0125,0.30,0.2967969555225577,synth_only,0.1,0.010000000000000002,0.020000000000000004,0.06999999999999999,prop_127,1000,2000,0.49761479861369995,0.5343852013863001,False,0.03677040277260013,0.03677040277260013,0.49761479861369995,0.5343852013863001,0.0,0.0,0.03677040277260013,0.0,0.0
rep0126,0.70,0.6950525523728668,synth_only,0.1,0.010000000000000002,0.020000000000000004,0.06999999999999999,prop_127,1000,2000,0.7162150448273816,0.7487849551726184,False,0.03256991034523682,0.03256991034523682,0.7162150448273816,0.7487849551726184,0.0,0.0,0.03256991034523682,0.0,0.0
rep0127,0.27,0.27417071432743445,synth_only,0.1,0.010000000000000002,0.020000000000000004,0.06999999999999999,prop_127,1000,2000,0.39886058968881527,0.4351394103111847,False,0.03627882062236942,0.03627882062236942,0.39886058968881527,0.4351394103111847,0.0,0.0,0.03627882062236942,0.0,0.0
rep0128,0.21,0.20962222296074454,synth_only,0.1,0.010000000000000002,0.020000000000000004,0.06999999999999999,prop_127,1000,2000,0.17945247053156774,0.20854752946843227,False,0.029095058936864537,0.029095058936864537,0.17945247053156774,0.20854752946843227,0.0,0.0,0.029095058936864537,0.0,0.0
rep0129,0.38,0.3824381869736448,synth_only,0.1,0.010000000000000002,0.020000000000000004,0.06999999999999999,prop_127,1000,2000,0.3289936633744429,0.36400633662555704,False,0.035012673251114124,0.035012673251114124,0.3289936633744429,0.36400633662555704,0.0,0.0,0.035012673251114124,0.0,0.0
rep0130,0.77,0.7675142854691408,synth_only,0.1,0.010000000000000002,0.020000000000000004,0.06999999999999999,prop_127,1000,2000,1.0,1.0,False,0.0,0.0,1.0,1.0,0.0,0.0,0.0,0.0,0.0
rep0131,0.33,0.3273477209373877,synth_only,0.1,0.010000000000000002,0.020000000000000004,0.06999999999999999,prop_127,1000,2000,0.30481048423927565,0.33918951576072437,True,0.03437903152144872,0.03437903152144872,0.30481048423927565,0.33918951576072437,0.0,0.0,0.03437903152144872,0.0,0.0
rep0132,0.56,0.5611586307860696,synth_only,0.1,0.010000000000000002,0.020000000000000004,0.06999999999999999,prop_127,1000,2000,0.5658668210027543,0.6021331789972456,False,0.036266357994491294,0.036266357994491294,0.5658668210027543,0.6021331789972456,0.0,0.0,0.036266357994491294,0.0,0.0
rep0133,0.74,0.7368054753056534,synth_only,0.1,0.010000000000000002,0.020000000000000004,0.06999999999999999,prop_127,1000,2000,0.8347918929601805,0.8612081070398194,False,0.0264162140796389,0.0264162140796389,0.8347918929601805,0.8612081070398194,0.0,0.0,0.0264162140796389,0.0,0.0
rep0134,0.41,0.4088117305212921,synth_only,0.1,0.010000000000000002,0.020000000000000004,0.06999999999999999,prop_127,1000,2000,0.5332032125999276,0.5697967874000723,False,0.03659357480014469,0.03659357480014469,0.5332032125999276,0.5697967874000723,0.0,0.0,0.03659357480014469,0.0,0.0
rep0135,0.25,0.25154474241705743,synth_only,0.1,0.010000000000000002,0.020000000000000004,0.06999999999999999,prop_127,1000,2000,0.10469714425104883,0.12830285574895117,False,0.023605711497902346,0.023605711497902346,0.10469714425104883,0.12830285574895117,0.0,0.0,0.023605711497902346,0.0,0.0
rep0136,0.69,0.6887079765048779,synth_only,0.1,0.010000000000000002,0.020000000000000004,0.06999999999999999,prop_127,1000,2000,0.7111197467537245,0.7438802532462756,False,0.032760506492551134,0.032760506492551134,0.7111197467537245,0.7438802532462756,0.0,0.0,0.032760506492551134,0.0,0.0
rep0137,0.53,0.5275458634709043,synth_only,0.1,0.010000000000000002,0.020000000000000004,0.06999999999999999,prop_127,1000,2000,0.4177566892269544,0.4542433107730456,False,0.03648662154609117,0.03648662154609117,0.4177566892269544,0.4542433107730456,0.0,0.0,0.03648662154609117,0.0,0.0
rep0138,0.68,0.6836662035569702,synth_only,0.1,0.010000000000000002,0.020000000000000004,0.06999999999999999,prop_127,1000,2000,0.7223329062707334,0.7546670937292667,False,0.032334187458533226,0.032334187458533226,0.7223329062707334,0.7546670937292667,0.0,0.0,0.032334187458533226,0.0,0.0
rep0139,0.34,0.34246234424060046,synth_only,0.1,0.010000000000000002,0.020000000000000004,0.06999999999999999,prop_127,1000,2000,0.23504860647495218,0.2669513935250478,False,0.03190278705009564,0.03190278705009564,0.23504860647495218,0.2669513935250478,0.0,0.0,0.03190278705009564,0.0,0.0
rep0140,0.76,0.76026167043702,synth_only,0.1,0.010000000000000002,0.020000000000000004,0.06999999999999999,prop_127,1000,2000,0.6750156369236112,0.7089843630763887,False,0.03396872615277746,0.03396872615277746,0.6750156369236112,0.7089843630763887,0.0,0.0,0.03396872615277746,0.0,0.0
rep0141,0.37,0.3662954280554882,synth_only,0.1,0.010000000000000002,0.020000000000000004,0.06999999999999999,prop_127,1000,2000,0.23260177830648088,0.2643982216935191,False,0.03179644338703824,0.03179644338703824,0.23260177830648088,0.2643982216935191,0.0,0.0,0.03179644338703824,0.0,0.0
rep0142,0.75,0.7451563627738389,synth_only,0.1,0.010000000000000002,0.020000000000000004,0.06999999999999999,prop_127,1000,2000,0.8894877957305551,0.9115122042694448,False,0.02202440853888965,0.02202440853888965,0.8894877957305551,0.9115122042694448,0.0,0.0,0.02202440853888965,0.0,0.0
rep0143,0.90,0.897294643447469,synth_only,0.1,0.010000000000000002,0.020000000000000004,0.06999999999999999,prop_127,1000,2000,0.9571465282481803,0.9708534717518197,False,0.013706943503639435,0.013706943503639435,0.9571465282481803,0.9708534717518197,0.0,0.0,0.013706943503639435,0.0,0.0
rep0144,0.74,0.7412687251743392,synth_only,0.1,0.010000000000000002,0.020000000000000004,0.06999999999999999,prop_127,1000,2000,0.6309353898645957,0.6660646101354042,False,0.03512922027080845,0.03512922027080845,0.6309353898645957,0.6660646101354042,0.0,0.0,0.03512922027080845,0.0,0.0
rep0145,0.83,0.8325232975898993,synth_only,0.1,0.010000000000000002,0.020000000000000004,0.06999999999999999,prop_127,1000,2000,1.0,1.0,False,0.0,0.0,1.0,1.0,0.0,0.0,0.0,0.0,0.0
rep0146,0.41,0.4065789411622467,synth_only,0.1,0.010000000000000002,0.020000000000000004,0.06999999999999999,prop_127,1000,2000,0.42870901106777687,0.46529098893222315,False,0.03658197786444628,0.03658197786444628,0.42870901106777687,0.46529098893222315,0.0,0.0,0.03658197786444628,0.0,0.0
rep0147,0.55,0.5491873758139197,synth_only,0.1,0.010000000000000002,0.020000000000000004,0.06999999999999999,prop_127,1000,2000,0.5960898716714372,0.6319101283285627,False,0.035820256657125515,0.035820256657125515,0.5960898716714372,0.6319101283285627,0.0,0.0,0.035820256657125515,0.0,0.0
rep0148,0.73,0.7275578003271946,synth_only,0.1,0.010000000000000002,0.020000000000000004,0.06999999999999999,prop_127,1000,2000,0.699919199698201,0.733080800301799,True,0.03316160060359796,0.03316160060359796,0.699919199698201,0.733080800301799,0.0,0.0,0.03316160060359796,0.0,0.0
rep0149,0.15,0.14942201113331577,synth_only,0.1,0.010000000000000002,0.020000000000000004,0.06999999999999999,prop_127,1000,2000,0.24631299406580395,0.2786870059341961,False,0.032374011868392144,0.032374011868392144,0.24631299406580395,0.2786870059341961,0.0,0.0,0.032374011868392144,0.0,0.0
rep0150,0.66,0.6594739645358743,synth_only,0.1,0.010000000000000002,0.020000000000000004,0.06999999999999999,prop_127,1000,2000,0.625879229189743,0.6611207708102569,True,0.03524154162051385,0.03524154162051385,0.625879229189743,0.6611207708102569,0.0,0.0,0.03524154162051385,0.0,0.0
rep0151,0.25,0.24827371044222815,synth_only,0.1,0.010000000000000002,0.020000000000000004,0.06999999999999999,prop_127,1000,2000,0.186743075843833,0.216256924156167,False,0.029513848312334,0.029513848312334,0.186743075843833,0.216256924156167,0.0,0.0,0.029513848312334,0.0,0.0
rep0152,0.51,0.5121843296922564,synth_only,0.1,0.010000000000000002,0.020000000000000004,0.06999999999999999,prop_127,1000,2000,0.4926098301923084,0.5293901698076916,True,0.036780339615383184,0.036780339615383184,0.4926098301923084,0.5293901698076916,0.0,0.0,0.036780339615383184,0.0,0.0
rep0153,0.26,0.25937349786959984,synth_only,0.1,0.010000000000000002,0.020000000000000004,0.06999999999999999,prop_127,1000,2000,0.18090993372002176,0.21009006627997825,False,0.029180132559956495,0.029180132559956495,0.18090993372002176,0.21009006627997825,0.0,0.0,0.029180132559956495,0.0,0.0
rep0154,0.21,0.2082717208448632,synth_only,0.1,0.010000000000000002,0.020000000000000004,0.06999999999999999,prop_127,1000,2000,0.2008607009893974,0.2311392990106026,True,0.030278598021205194,0.030278598021205194,0.2008607009893974,0.2311392990106026,0.0,0.0,0.030278598021205194,0.0,0.0
rep0155,0.25,0.2453504546980276,synth_only,0.1,0.010000000000000002,0.020000000000000004,0.06999999999999999,prop_127,1000,2000,0.33245264912687145,0.3675473508731285,False,0.03509470174625706,0.03509470174625706,0.33245264912687145,0.3675473508731285,0.0,0.0,0.03509470174625706,0.0,0.0
rep0156,0.75,0.7475338642148317,synth_only,0.1,0.010000000000000002,0.020000000000000004,0.06999999999999999,prop_127,1000,2000,0.8884387432163882,0.9105612567836118,False,0.02212251356722361,0.02212251356722361,0.8884387432163882,0.9105612567836118,0.0,0.0,0.02212251356722361,0.0,0.0
rep0157,0.04,0.039363710895215086,synth_only,0.1,0.010000000000000002,0.020000000000000004,0.06999999999999999,prop_127,1000,2000,0.040135702165521286,0.055864297834478716,False,0.01572859566895743,0.01572859566895743,0.040135702165521286,0.055864297834478716,0.0,0.0,0.01572859566895743,0.0,0.0
rep0158,0.81,0.8083218996639709,synth_only,0.1,0.010000000000000002,0.020000000000000004,0.06999999999999999,prop_127,1000,2000,0.720803078478959,0.753196921521041,False,0.03239384304208204,0.03239384304208204,0.720803078478959,0.753196921521041,0.0,0.0,0.03239384304208204,0.0,0.0
rep0159,0.74,0.7437225016026947,synth_only,0.1,0.010000000000000002,0.020000000000000004,0.06999999999999999,prop_127,1000,2000,0.681617073755443,0.715382926244557,False,0.03376585248911401,0.03376585248911401,0.681617073755443,0.715382926244557,0.0,0.0,0.03376585248911401,0.0,0.0
rep0160,0.16,0.16231761868478653,synth_only,0.1,0.010000000000000002,0.020000000000000004,0.06999999999999999,prop_127,1000,2000,0.16150558495194814,0.18949441504805184,True,0.0279888300961037,0.0279888300961037,0.16150558495194814,0.18949441504805184,0.0,0.0,0.0279888300961037,0.0,0.0
rep0161,0.18,0.17989688605408732,synth_only,0.1,0.010000000000000002,0.020000000000000004,0.06999999999999999,prop_127,1000,2000,0.2792060426917851,0.31279395730821485,False,0.03358791461642974,0.03358791461642974,0.2792060426917851,0.31279395730821485,0.0,0.0,0.03358791461642974,0.0,0.0
rep0162,0.81,0.8138683302030187,synth_only,0.1,0.010000000000000002,0.020000000000000004,0.06999999999999999,prop_127,1000,2000,0.7775813492983085,0.8074186507016915,False,0.029837301403383032,0.029837301403383032,0.7775813492983085,0.8074186507016915,0.0,0.0,0.029837301403383032,0.0,0.0
rep0163,0.22,0.22125079618287574,synth_only,0.1,0.010000000000000002,0.020000000000000004,0.06999999999999999,prop_127,1000,2000,0.14892812189984447,0.17607187810015554,False,0.027143756200311064,0.027143756200311064,0.14892812189984447,0.17607187810015554,0.0,0.0,0.027143756200311064,0.0,0.0
rep0164,0.59,0.5875930004047152,synth_only,0.1,0.010000000000000002,0.020000000000000004,0.06999999999999999,prop_127,1000,2000,0.4341885720177221,0.47081142798227793,False,0.036622855964555834,0.036622855964555834,0.4341885720177221,0.47081142798227793,0.0,0.0,0.036622855964555834,0.0,0.0
rep0165,0.52,0.5153033839925631,synth_only,0.1,0.010000000000000002,0.020000000000000004,0.06999999999999999,prop_127,1000,2000,0.6674034977502742,0.7015965022497258,False,0.03419300449945162,0.03419300449945162,0.6674034977502742,0.7015965022497258,0.0,0.0,0.03419300449945162,0.0,0.0
rep0166,0.22,0.2213474430979118,synth_only,0.1,0.010000000000000002,0.020000000000000004,0.06999999999999999,prop_127,1000,2000,0.24974414907116788,0.28225585092883215,False,0.03251170185766428,0.03251170185766428,0.24974414907116788,0.28225585092883215,0.0,0.0,0.03251170185766428,0.0,0.0
rep0167,0.42,0.41672139865128677,synth_only,0.1,0.010000000000000002,0.020000000000000004,0.06999999999999999,prop_127,1000,2000,0.4083052082748264,0.44469479172517357,True,0.03638958345034715,0.03638958345034715,0.4083052082748264,0.44469479172517357,0.0,0.0,0.03638958345034715,0.0,0.0
rep0168,0.56,0.5566249948334794,synth_only,0.1,0.010000000000000002,0.020000000000000004,0.06999999999999999,prop_127,1000,2000,0.4866062979091469,0.5233937020908531,False,0.03678740418170623,0.03678740418170623,0.4866062979091469,0.5233937020908531,0.0,0.0,0.03678740418170623,0.0,0.0
rep0169,0.71,0.713573030530184,synth_only,0.1,0.010000000000000002,0.020000000000000004,0.06999999999999999,prop_127,1000,2000,0.9010510937746956,0.9219489062253043,False,0.020897812450608733,0.020897812450608733,0.9010510937746956,0.9219489062253043,0.0,0.0,0.020897812450608733,0.0,0.0
rep0170,0.45,0.44651945910683194,synth_only,0.1,0.010000000000000002,0.020000000000000004,0.06999999999999999,prop_127,1000,2000,0.5362149779175429,0.5727850220824571,False,0.03657004416491416,0.03657004416491416,0.5362149779175429,0.5727850220824571,0.0,0.0,0.03657004416491416,0.0,0.0
rep0171,0.27,0.270264513131053,synth_only,0.1,0.010000000000000002,0.020000000000000004,0.06999999999999999,prop_127,1000,2000,0.44615180037694113,0.4828481996230589,False,0.036696399246117783,0.036696399246117783,0.44615180037694113,0.4828481996230589,0.0,0.0,0.036696399246117783,0.0,0.0
rep0172,0.65,0.6499845599620253,synth_only,0.1,0.010000000000000002,0.020000000000000004,0.06999999999999999,prop_127,1000,2000,0.6324526491268715,0.6675473508731286,True,0.03509470174625706,0.03509470174625706,0.6324526491268715,0.6675473508731286,0.0,0.0,0.03509470174625706,0.0,0.0
rep0173,0.30,0.3042174784626514,synth_only,0.1,0.010000000000000002,0.020000000000000004,0.06999999999999999,prop_127,1000,2000,0.6233519348324364,0.6586480651675636,False,0.03529613033512713,0.03529613033512713,0.6233519348324364,0.6586480651675636,0.0,0.0,0.03529613033512713,0.0,0.0
rep0174,0.87,0.872140940226587,synth_only,0.1,0.010000000000000002,0.020000000000000004,0.06999999999999999,prop_127,1000,2000,0.7929953420344491,0.8220046579655509,False,0.029009315931101787,0.029009315931101787,0.7929953420344491,0.8220046579655509,0.0,0.0,0.029009315931101787,0.0,0.0
rep0175,0.48,0.48412155508506133,synth_only,0.1,0.010000000000000002,0.020000000000000004,0.06999999999999999,prop_127,1000,2000,0.46062160937265384,0.4973783906273461,True,0.03675678125469228,0.03675678125469228,0.46062160937265384,0.4973783906273461,0.0,0.0,0.03675678125469228,0.0,0.0
rep0176,0.50,0.5005474447127507,synth_only,0.1,0.010000000000000002,0.020000000000000004,0.06999999999999999,prop_127,1000,2000,0.44016884792973643,0.4768311520702636,False,0.03666230414052718,0.03666230414052718,0.44016884792973643,0.4768311520702636,0.0,0.0,0.03666230414052718,0.0,0.0
rep0177,0.20,0.195947343891667,synth_only,0.1,0.010000000000000002,0.020000000000000004,0.06999999999999999,prop_127,1000,2000,0.26102705383279956,0.2939729461672005,False,0.03294589233440093,0.03294589233440093,0.26102705383279956,0.2939729461672005,0.0,0.0,0.03294589233440093,0.0,0.0
rep0178,0.80,0.7991816460721677,synth_only,0.1,0.010000000000000002,0.020000000000000004,0.06999999999999999,prop_127,1000,2000,0.8576276509975261,0.8823723490024739,False,0.02474469800494772,0.02474469800494772,0.8576276509975261,0.8823723490024739,0.0,0.0,0.02474469800494772,0.0,0.0
rep0179,0.81,0.8054567094885533,synth_only,0.1,0.010000000000000002,0.020000000000000004,0.06999999999999999,prop_127,1000,2000,0.7478670494919413,0.7791329505080586,False,0.03126590101611737,0.03126590101611737,0.7478670494919413,0.7791329505080586,0.0,0.0,0.03126590101611737,0.0,0.0
rep0180,0.86,0.859919993968241,synth_only,0.1,0.010000000000000002,0.020000000000000004,0.06999999999999999,prop_127,1000,2000,0.9200824027135458,0.9389175972864542,False,0.018835194572908387,0.018835194572908387,0.9200824027135458,0.9389175972864542,0.0,0.0,0.018835194572908387,0.0,0.0
rep0181,0.09,0.0869791866737043,synth_only,0.1,0.010000000000000002,0.020000000000000004,0.06999999999999999,prop_127,1000,2000,0.061551608263966905,0.08044839173603309,False,0.018896783472066185,0.018896783472066185,0.061551608263966905,0.08044839173603309,0.0,0.0,0.018896783472066185,0.0,0.0
rep0182,0.59,0.5935736228241957,synth_only,0.1,0.010000000000000002,0.020000000000000004,0.06999999999999999,prop_127,1000,2000,0.617288548484275,0.6527114515157251,False,0.035422903031450126,0.035422903031450126,0.617288548484275,0.6527114515157251,0.0,0.0,0.035422903031450126,0.0,0.0
rep0183,0.68,0.6831723230360666,synth_only,0.1,0.010000000000000002,0.020000000000000004,0.06999999999999999,prop_127,1000,2000,0.5201599900803888,0.5568400099196111,False,0.03668001983922231,0.03668001983922231,0.5201599900803888,0.5568400099196111,0.0,0.0,0.03668001983922231,0.0,0.0
rep0184,0.64,0.6429866477224246,synth_only,0.1,0.010000000000000002,0.020000000000000004,0.06999999999999999,prop_127,1000,2000,0.5870155527290092,0.6229844472709908,False,0.0359688945419816,0.0359688945419816,0.5870155527290092,0.6229844472709908,0.0,0.0,0.0359688945419816,0.0,0.0
rep0185,0.57,0.5745381165713259,synth_only,0.1,0.010000000000000002,0.020000000000000004,0.06999999999999999,prop_127,1000,2000,0.5337051267234209,0.5702948732765792,False,0.03658974655315839,0.03658974655315839,0.5337051267234209,0.5702948732765792,0.0,0.0,0.03658974655315839,0.0,0.0
rep0186,0.26,0.25552835430643,synth_only,0.1,0.010000000000000002,0.020000000000000004,0.06999999999999999,prop_127,1000,2000,0.22477675110711923,0.25622324889288073,True,0.0314464977857615,0.0314464977857615,0.22477675110711923,0.25622324889288073,0.0,0.0,0.0314464977857615,0.0,0.0
rep0187,0.45,0.45437456814992283,synth_only,0.1,0.010000000000000002,0.020000000000000004,0.06999999999999999,prop_127,1000,2000,0.41875197884933185,0.45524802115066815,True,0.036496042301336296,0.036496042301336296,0.41875197884933185,0.45524802115066815,0.0,0.0,0.036496042301336296,0.0,0.0
rep0188,0.22,0.22024719648747457,synth_only,0.1,0.010000000000000002,0.020000000000000004,0.06999999999999999,prop_127,1000,2000,0.3171422691178874,0.35185773088211264,False,0.03471546176422524,0.03471546176422524,0.3171422691178874,0.35185773088211264,0.0,0.0,0.03471546176422524,0.0,0.0
rep0189,0.40,0.4042896228583839,synth_only,0.1,0.010000000000000002,0.020000000000000004,0.06999999999999999,prop_127,1000,2000,0.411786537522835,0.448213462477165,False,0.036426924954329976,0.036426924954329976,0.411786537522835,0.448213462477165,0.0,0.0,0.036426924954329976,0.0,0.0
rep0190,0.42,0.4202381271065776,synth_only,0.1,0.010000000000000002,0.020000000000000004,0.06999999999999999,prop_127,1000,2000,0.4063162952541578,0.4426837047458422,True,0.03636740949168438,0.03636740949168438,0.4063162952541578,0.4426837047458422,0.0,0.0,0.03636740949168438,0.0,0.0
rep0191,0.63,0.6349261713699239,synth_only,0.1,0.010000000000000002,0.020000000000000004,0.06999999999999999,prop_127,1000,2000,0.7965966939502513,0.8254033060497488,False,0.02880661209949742,0.02880661209949742,0.7965966939502513,0.8254033060497488,0.0,0.0,0.02880661209949742,0.0,0.0
rep0192,0.73,0.7341189948490754,synth_only,0.1,0.010000000000000002,0.020000000000000004,0.06999999999999999,prop_127,1000,2000,0.7662976379374644,0.7967023620625355,False,0.030404724125071114,0.030404724125071114,0.7662976379374644,0.7967023620625355,0.0,0.0,0.030404724125071114,0.0,0.0
rep0193,0.24,0.24281262584577007,synth_only,0.1,0.010000000000000002,0.020000000000000004,0.06999999999999999,prop_127,1000,2000,0.29791081220263804,0.33208918779736196,False,0.03417837559472392,0.03417837559472392,0.29791081220263804,0.33208918779736196,0.0,0.0,0.03417837559472392,0.0,0.0
rep0194,0.15,0.14717550424342188,synth_only,0.1,0.010000000000000002,0.020000000000000004,0.06999999999999999,prop_127,1000,2000,0.21842445782002956,0.24957554217997047,False,0.031151084359940906,0.031151084359940906,0.21842445782002956,0.24957554217997047,0.0,0.0,0.031151084359940906,0.0,0.0
rep0195,0.22,0.22276054321615973,synth_only,0.1,0.010000000000000002,0.020000000000000004,0.06999999999999999,prop_127,1000,2000,0.17750970742404623,0.20649029257595378,False,0.028980585151907545,0.028980585151907545,0.17750970742404623,0.20649029257595378,0.0,0.0,0.028980585151907545,0.0,0.0
rep0196,0.89,0.8937836441238065,synth_only,0.1,0.010000000000000002,0.020000000000000004,0.06999999999999999,prop_127,1000,2000,0.9839941936094843,0.9920058063905157,False,0.008011612781031463,0.008011612781031463,0.9839941936094843,0.9920058063905157,0.0,0.0,0.008011612781031463,0.0,0.0
rep0197,0.29,0.28710412471458546,synth_only,0.1,0.010000000000000002,0.020000000000000004,0.06999999999999999,prop_127,1000,2000,0.32504181761540063,0.3599581823845994,False,0.03491636476919879,0.03491636476919879,0.32504181761540063,0.3599581823845994,0.0,0.0,0.03491636476919879,0.0,0.0
rep0198,0.39,0.389571296268631,synth_only,0.1,0.010000000000000002,0.020000000000000004,0.06999999999999999,prop_127,1000,2000,0.6395357232631037,0.6744642767368964,False,0.034928553473792645,0.034928553473792645,0.6395357232631037,0.6744642767368964,0.0,0.0,0.034928553473792645,0.0,0.0
rep0199,0.59,0.5869226771015745,synth_only,0.1,0.010000000000000002,0.020000000000000004,0.06999999999999999,prop_127,1000,2000,0.7274341010558599,0.7595658989441402,False,0.032131797888280245,0.032131797888280245,0.7274341010558599,0.7595658989441402,0.0,0.0,0.032131797888280245,0.0,0.0
rep0200,0.48,0.4770473858657075,synth_only,0.1,0.010000000000000002,0.020000000000000004,0.06999999999999999,prop_127,1000,2000,0.5915519101984235,0.6274480898015766,False,0.03589617960315317,0.03589617960315317,0.5915519101984235,0.6274480898015766,0.0,0.0,0.03589617960315317,0.0,0.0
rep0201,0.94,0.9420692937562978,synth_only,0.1,0.010000000000000002,0.020000000000000004,0.06999999999999999,prop_127,1000,2000,0.9414441006165393,0.9575558993834608,True,0.01611179876692148,0.01611179876692148,0.9414441006165393,0.9575558993834608,0.0,0.0,0.01611179876692148,0.0,0.0
rep0202,0.64,0.6419627186113309,synth_only,0.1,0.010000000000000002,0.020000000000000004,0.06999999999999999,prop_127,1000,2000,0.5046248499710176,0.5413751500289824,False,0.03675030005796476,0.03675030005796476,0.5046248499710176,0.5413751500289824,0.0,0.0,0.03675030005796476,0.0,0.0
rep0203,0.87,0.8728690804042695,synth_only,0.1,0.010000000000000002,0.020000000000000004,0.06999999999999999,prop_127,1000,2000,1.0,1.0,False,0.0,0.0,1.0,1.0,0.0,0.0,0.0,0.0,0.0
rep0204,0.68,0.6817865461635606,synth_only,0.1,0.010000000000000002,0.020000000000000004,0.06999999999999999,prop_127,1000,2000,0.6724776781674474,0.7065223218325526,True,0.03404464366510518,0.03404464366510518,0.6724776781674474,0.7065223218325526,0.0,0.0,0.03404464366510518,0.0,0.0
rep0205,0.79,0.7948124942749676,synth_only,0.1,0.010000000000000002,0.020000000000000004,0.06999999999999999,prop_127,1000,2000,0.7888817603415277,0.8181182396584723,True,0.02923647931694462,0.02923647931694462,0.7888817603415277,0.8181182396584723,0.0,0.0,0.02923647931694462,0.0,0.0
rep0206,0.67,0.6718404300401883,synth_only,0.1,0.010000000000000002,0.020000000000000004,0.06999999999999999,prop_127,1000,2000,0.7852843025240482,0.8147156974759518,False,0.02943139495190361,0.02943139495190361,0.7852843025240482,0.8147156974759518,0.0,0.0,0.02943139495190361,0.0,0.0
rep0207,0.44,0.44111121344232923,synth_only,0.1,0.010000000000000002,0.020000000000000004,0.06999999999999999,prop_127,1000,2000,0.4901080363699867,0.5268919636300132,False,0.03678392726002655,0.03678392726002655,0.4901080363699867,0.5268919636300132,0.0,0.0,0.03678392726002655,0.0,0.0
rep0208,0.39,0.3870028123802113,synth_only,0.1,0.010000000000000002,0.020000000000000004,0.06999999999999999,prop_127,1000,2000,0.3275115605677209,0.36248843943227904,False,0.034976878864558136,0.034976878864558136,0.3275115605677209,0.36248843943227904,0.0,0.0,0.034976878864558136,0.0,0.0
rep0209,0.37,0.3701065675818841,synth_only,0.1,0.010000000000000002,0.020000000000000004,0.06999999999999999,prop_127,1000,2000,0.4896077328173644,0.5263922671826357,False,0.03678453436527124,0.03678453436527124,0.4896077328173644,0.5263922671826357,0.0,0.0,0.03678453436527124,0.0,0.0
rep0210,0.57,0.5720635590694718,synth_only,0.1,0.010000000000000002,0.020000000000000004,0.06999999999999999,prop_127,1000,2000,0.48110538735237346,0.5178946126476266,False,0.036789225295253136,0.036789225295253136,0.48110538735237346,0.5178946126476266,0.0,0.0,0.036789225295253136,0.0,0.0
rep0211,0.64,0.642605059077068,synth_only,0.1,0.010000000000000002,0.020000000000000004,0.06999999999999999,prop_127,1000,2000,0.7391774171743585,0.7708225828256415,False,0.03164516565128306,0.03164516565128306,0.7391774171743585,0.7708225828256415,0.0,0.0,0.03164516565128306,0.0,0.0
rep0212,0.73,0.7290562436856705,synth_only,0.1,0.010000000000000002,0.020000000000000004,0.06999999999999999,prop_127,1000,2000,0.8529479246397014,0.8780520753602987,False,0.02510415072059735,0.02510415072059735,0.8529479246397014,0.8780520753602987,0.0,0.0,0.02510415072059735,0.0,0.0
rep0213,0.45,0.4504926383647331,synth_only,0.1,0.010000000000000002,0.020000000000000004,0.06999999999999999,prop_127,1000,2000,0.6684181495953188,0.7025818504046812,False,0.034163700809362485,0.034163700809362485,0.6684181495953188,0.7025818504046812,0.0,0.0,0.034163700809362485,0.0,0.0
rep0214,0.20,0.20067437122531753,synth_only,0.1,0.010000000000000002,0.020000000000000004,0.06999999999999999,prop_127,1000,2000,0.1658660341231505,0.19413396587684947,False,0.02826793175369896,0.02826793175369896,0.1658660341231505,0.19413396587684947,0.0,0.0,0.02826793175369896,0.0,0.0
rep0215,0.49,0.4875285464639332,synth_only,0.1,0.010000000000000002,0.020000000000000004,0.06999999999999999,prop_127,1000,2000,0.5186558117680683,0.5553441882319318,False,0.03668837646386347,0.03668837646386347,0.5186558117680683,0.5553441882319318,0.0,0.0,0.03668837646386347,0.0,0.0
rep0216,0.74,0.7395392601390693,synth_only,0.1,0.010000000000000002,0.020000000000000004,0.06999999999999999,prop_127,1000,2000,0.6861896503430234,0.7198103496569765,False,0.03362069931395317,0.03362069931395317,0.6861896503430234,0.7198103496569765,0.0,0.0,0.03362069931395317,0.0,0.0
rep0217,0.50,0.4987971719081355,synth_only,0.1,0.010000000000000002,0.020000000000000004,0.06999999999999999,prop_127,1000,2000,0.6466230105233132,0.6813769894766869,False,0.03475397895337373,0.03475397895337373,0.6466230105233132,0.6813769894766869,0.0,0.0,0.03475397895337373,0.0,0.0
rep0218,0.51,0.5073383061225171,synth_only,0.1,0.010000000000000002,0.020000000000000004,0.06999999999999999,prop_127,1000,2000,0.5256767405569678,0.5623232594430323,False,0.036646518886064516,0.036646518886064516,0.5256767405569678,0.5623232594430323,0.0,0.0,0.036646518886064516,0.0,0.0
rep0219,0.89,0.8941658073214155,synth_only,0.1,0.010000000000000002,0.020000000000000004,0.06999999999999999,prop_127,1000,2000,0.8508695635984906,0.8761304364015094,False,0.025260872803018808,0.025260872803018808,0.8508695635984906,0.8761304364015094,0.0,0.0,0.025260872803018808,0.0,0.0
rep0220,0.79,0.7864265865773533,synth_only,0.1,0.010000000000000002,0.020000000000000004,0.06999999999999999,prop_127,1000,2000,0.7248831618076023,0.7571168381923977,False,0.03223367638479546,0.03223367638479546,0.7248831618076023,0.7571168381923977,0.0,0.0,0.03223367638479546,0.0,0.0
rep0221,0.22,0.2163437682887907,synth_only,0.1,0.010000000000000002,0.020000000000000004,0.06999999999999999,prop_127,1000,2000,0.2502344210679147,0.2827655789320853,False,0.0325311578641706,0.0325311578641706,0.2502344210679147,0.2827655789320853,0.0,0.0,0.0325311578641706,0.0,0.0
rep0222,0.68,0.6820867442155607,synth_only,0.1,0.010000000000000002,0.020000000000000004,0.06999999999999999,prop_127,1000,2000,0.8805813393954515,0.9034186606045486,False,0.022837321209097095,0.022837321209097095,0.8805813393954515,0.9034186606045486,0.0,0.0,0.022837321209097095,0.0,0.0
rep0223,0.08,0.07965047967022967,synth_only,0.1,0.010000000000000002,0.020000000000000004,0.06999999999999999,prop_127,1000,2000,0.214029707459891,0.24497029254010902,False,0.03094058508021802,0.03094058508021802,0.214029707459891,0.24497029254010902,0.0,0.0,0.03094058508021802,0.0,0.0
rep0224,0.25,0.24867478111818783,synth_only,0.1,0.010000000000000002,0.020000000000000004,0.06999999999999999,prop_127,1000,2000,0.29298522337121735,0.32701477662878264,False,0.03402955325756529,0.03402955325756529,0.29298522337121735,0.32701477662878264,0.0,0.0,0.03402955325756529,0.0,0.0
rep0225,0.48,0.4845689469039558,synth_only,0.1,0.010000000000000002,0.020000000000000004,0.06999999999999999,prop_127,1000,2000,0.42621904944412625,0.46278095055587376,False,0.03656190111174751,0.03656190111174751,0.42621904944412625,0.46278095055587376,0.0,0.0,0.03656190111174751,0.0,0.0
rep0226,0.48,0.47816637756057156,synth_only,0.1,0.010000000000000002,0.020000000000000004,0.06999999999999999,prop_127,1000,2000,0.5226673251822942,0.5593326748177059,False,0.03666534963541168,0.03666534963541168,0.5226673251822942,0.5593326748177059,0.0,0.0,0.03666534963541168,0.0,0.0
rep0227,0.36,0.35928621215960094,synth_only,0.1,0.010000000000000002,0.020000000000000004,0.06999999999999999,prop_127,1000,2000,0.4207427841352755,0.4572572158647245,False,0.036514431729449015,0.036514431729449015,0.4207427841352755,0.4572572158647245,0.0,0.0,0.036514431729449015,0.0,0.0
rep0228,0.76,0.7594286059822114,synth_only,0.1,0.010000000000000002,0.020000000000000004,0.06999999999999999,prop_127,1000,2000,0.8022597705006109,0.8307402294993891,False,0.028480458998778158,0.028480458998778158,0.8022597705006109,0.8307402294993891,0.0,0.0,0.028480458998778158,0.0,0.0
rep0229,0.25,0.2514890147025645,synth_only,0.1,0.010000000000000002,0.020000000000000004,0.06999999999999999,prop_127,1000,2000,0.333441121796891,0.36855887820310895,False,0.03511775640621795,0.03511775640621795,0.333441121796891,0.36855887820310895,0.0,0.0,0.03511775640621795,0.0,0.0
rep0230,0.50,0.49641499509083253,synth_only,0.1,0.010000000000000002,0.020000000000000004,0.06999999999999999,prop_127,1000,2000,0.5981072609570809,0.6338927390429191,False,0.03578547808583821,0.03578547808583821,0.5981072609570809,0.6338927390429191,0.0,0.0,0.03578547808583821,0.0,0.0
rep0231,0.80,0.7983434811723167,synth_only,0.1,0.010000000000000002,0.020000000000000004,0.06999999999999999,prop_127,1000,2000,0.719783328088778,0.752216671911222,False,0.032433343822444005,0.032433343822444005,0.719783328088778,0.752216671911222,0.0,0.0,0.032433343822444005,0.0,0.0
rep0232,0.76,0.7565532997342485,synth_only,0.1,0.010000000000000002,0.020000000000000004,0.06999999999999999,prop_127,1000,2000,0.6841571545771374,0.7178428454228625,False,0.033685690845725036,0.033685690845725036,0.6841571545771374,0.7178428454228625,0.0,0.0,0.033685690845725036,0.0,0.0
rep0233,0.52,0.5169508350813503,synth_only,0.1,0.010000000000000002,0.020000000000000004,0.06999999999999999,prop_127,1000,2000,0.5960898716714372,0.6319101283285627,False,0.035820256657125515,0.035820256657125515,0.5960898716714372,0.6319101283285627,0.0,0.0,0.035820256657125515,0.0,0.0
rep0234,0.24,0.2370544948518857,synth_only,0.1,0.010000000000000002,0.020000000000000004,0.06999999999999999,prop_127,1000,2000,0.35867532668805957,0.39432467331194043,False,0.03564934662388086,0.03564934662388086,0.35867532668805957,0.39432467331194043,0.0,0.0,0.03564934662388086,0.0,0.0
rep0235,0.17,0.17288434210222248,synth_only,0.1,0.010000000000000002,0.020000000000000004,0.06999999999999999,prop_127,1000,2000,0.4227338904317462,0.4592661095682538,False,0.036532219136507615,0.036532219136507615,0.4227338904317462,0.4592661095682538,0.0,0.0,0.036532219136507615,0.0,0.0
rep0236,0.47,0.47392236061284154,synth_only,0.1,0.010000000000000002,0.020000000000000004,0.06999999999999999,prop_127,1000,2000,0.5482687952837808,0.5847312047162192,False,0.03646240943243839,0.03646240943243839,0.5482687952837808,0.5847312047162192,0.0,0.0,0.03646240943243839,0.0,0.0
rep0237,0.21,0.20973108962931705,synth_only,0.1,0.010000000000000002,0.020000000000000004,0.06999999999999999,prop_127,1000,2000,0.20378512340972357,0.23421487659027643,True,0.030429753180552854,0.030429753180552854,0.20378512340972357,0.23421487659027643,0.0,0.0,0.030429753180552854,0.0,0.0
rep0238,0.49,0.4874129907226953,synth_only,0.1,0.010000000000000002,0.020000000000000004,0.06999999999999999,prop_127,1000,2000,0.5452543246137423,0.5817456753862577,False,0.03649135077251531,0.03649135077251531,0.5452543246137423,0.5817456753862577,0.0,0.0,0.03649135077251531,0.0,0.0
rep0239,0.61,0.6112675775109,synth_only,0.1,0.010000000000000002,0.020000000000000004,0.06999999999999999,prop_127,1000,2000,0.7437767511071192,0.7752232488928807,False,0.031446497785761585,0.031446497785761585,0.7437767511071192,0.7752232488928807,0.0,0.0,0.031446497785761585,0.0,0.0
rep0240,0.83,0.8330230644374834,synth_only,0.1,0.010000000000000002,0.020000000000000004,0.06999999999999999,prop_127,1000,2000,0.7986554497632188,0.8273445502367811,False,0.028689100473562323,0.028689100473562323,0.7986554497632188,0.8273445502367811,0.0,0.0,0.028689100473562323,0.0,0.0
rep0241,0.09,0.08800068387601229,synth_only,0.1,0.010000000000000002,0.020000000000000004,0.06999999999999999,prop_127,1000,2000,0.05686588940671869,0.07513411059328132,False,0.018268221186562628,0.018268221186562628,0.05686588940671869,0.07513411059328132,0.0,0.0,0.018268221186562628,0.0,0.0
rep0242,0.36,0.35514568575172045,synth_only,0.1,0.010000000000000002,0.020000000000000004,0.06999999999999999,prop_127,1000,2000,0.3646205127272077,0.4003794872727923,False,0.03575897454558463,0.03575897454558463,0.3646205127272077,0.4003794872727923,0.0,0.0,0.03575897454558463,0.0,0.0
rep0243,0.05,0.046892072024196256,synth_only,0.1,0.010000000000000002,0.020000000000000004,0.06999999999999999,prop_127,1000,2000,0.30481048423927565,0.33918951576072437,False,0.03437903152144872,0.03437903152144872,0.30481048423927565,0.33918951576072437,0.0,0.0,0.03437903152144872,0.0,0.0
rep0244,0.69,0.6944375779997,synth_only,0.1,0.010000000000000002,0.020000000000000004,0.06999999999999999,prop_127,1000,2000,0.6476358277268274,0.6823641722731727,False,0.034728344546345324,0.034728344546345324,0.6476358277268274,0.6823641722731727,0.0,0.0,0.034728344546345324,0.0,0.0
rep0245,0.89,0.886166604165183,synth_only,0.1,0.010000000000000002,0.020000000000000004,0.06999999999999999,prop_127,1000,2000,1.0,1.0,False,0.0,0.0,1.0,1.0,0.0,0.0,0.0,0.0,0.0
rep0246,0.30,0.298515702451568,synth_only,0.1,0.010000000000000002,0.020000000000000004,0.06999999999999999,prop_127,1000,2000,0.3275115605677209,0.36248843943227904,False,0.034976878864558136,0.034976878864558136,0.3275115605677209,0.36248843943227904,0.0,0.0,0.034976878864558136,0.0,0.0
rep0247,0.79,0.7946551174615434,synth_only,0.1,0.010000000000000002,0.020000000000000004,0.06999999999999999,prop_127,1000,2000,0.7412212739405178,0.7727787260594822,False,0.031557452118964324,0.031557452118964324,0.7412212739405178,0.7727787260594822,0.0,0.0,0.031557452118964324,0.0,0.0
rep0248,0.56,0.563712294337859,synth_only,0.1,0.010000000000000002,0.020000000000000004,0.06999999999999999,prop_127,1000,2000,0.7437767511071192,0.7752232488928807,False,0.031446497785761585,0.031446497785761585,0.7437767511071192,0.7752232488928807,0.0,0.0,0.031446497785761585,0.0,0.0
rep0249,0.42,0.4186202762119195,synth_only,0.1,0.010000000000000002,0.020000000000000004,0.06999999999999999,prop_127,1000,2000,0.4896077328173644,0.5263922671826357,False,0.03678453436527124,0.03678453436527124,0.4896077328173644,0.5263922671826357,0.0,0.0,0.03678453436527124,0.0,0.0
rep0250,0.61,0.6068156800833652,synth_only,0.1,0.010000000000000002,0.020000000000000004,0.06999999999999999,prop_127,1000,2000,0.7627107160824934,0.7932892839175066,False,0.030578567835013226,0.030578567835013226,0.7627107160824934,0.7932892839175066,0.0,0.0,0.030578567835013226,0.0,0.0
rep0251,0.86,0.8618993400469015,synth_only,0.1,0.010000000000000002,0.020000000000000004,0.06999999999999999,prop_127,1000,2000,0.6476358277268274,0.6823641722731727,False,0.034728344546345324,0.034728344546345324,0.6476358277268274,0.6823641722731727,0.0,0.0,0.034728344546345324,0.0,0.0
rep0252,0.67,0.6697353685544964,synth_only,0.1,0.010000000000000002,0.020000000000000004,0.06999999999999999,prop_127,1000,2000,0.6001249700256809,0.6358750299743191,False,0.035750059948638224,0.035750059948638224,0.6001249700256809,0.6358750299743191,0.0,0.0,0.035750059948638224,0.0,0.0
rep0253,0.23,0.2315792110325076,synth_only,0.1,0.010000000000000002,0.020000000000000004,0.06999999999999999,prop_127,1000,2000,0.18868860525784686,0.2183113947421531,False,0.029622789484306244,0.029622789484306244,0.18868860525784686,0.2183113947421531,0.0,0.0,0.029622789484306244,0.0,0.0
rep0254,0.35,0.3488156308575838,synth_only,0.1,0.010000000000000002,0.020000000000000004,0.06999999999999999,prop_127,1000,2000,0.2541575508405975,0.28684244915940255,False,0.032684898318805056,0.032684898318805056,0.2541575508405975,0.28684244915940255,0.0,0.0,0.032684898318805056,0.0,0.0
rep0255,0.55,0.5452873026238187,synth_only,0.1,0.010000000000000002,0.020000000000000004,0.06999999999999999,prop_127,1000,2000,0.7453103903531941,0.7766896096468059,False,0.03137921929361176,0.03137921929361176,0.7453103903531941,0.7766896096468059,0.0,0.0,0.03137921929361176,0.0,0.0
rep0256,0.33,0.3276252070311755,synth_only,0.1,0.010000000000000002,0.020000000000000004,0.06999999999999999,prop_127,1000,2000,0.60668474464226,0.6423152553577401,False,0.03563051071548018,0.03563051071548018,0.60668474464226,0.6423152553577401,0.0,0.0,0.03563051071548018,0.0,0.0
rep0257,0.22,0.220046292910381,synth_only,0.1,0.010000000000000002,0.020000000000000004,0.06999999999999999,prop_127,1000,2000,0.5041240121479176,0.5408759878520824,False,0.036751975704164774,0.036751975704164774,0.5041240121479176,0.5408759878520824,0.0,0.0,0.036751975704164774,0.0,0.0
rep0258,0.31,0.31273323894841487,synth_only,0.1,0.010000000000000002,0.020000000000000004,0.06999999999999999,prop_127,1000,2000,0.4456531189673698,0.48234688103263024,False,0.03669376206526043,0.03669376206526043,0.4456531189673698,0.48234688103263024,0.0,0.0,0.03669376206526043,0.0,0.0
rep0259,0.84,0.8399520058838762,synth_only,0.1,0.010000000000000002,0.020000000000000004,0.06999999999999999,prop_127,1000,2000,0.8612708132483518,0.8857291867516484,False,0.024458373503296604,0.024458373503296604,0.8612708132483518,0.8857291867516484,0.0,0.0,0.024458373503296604,0.0,0.0
rep0260,0.21,0.21464953008967663,synth_only,0.1,0.010000000000000002,0.020000000000000004,0.06999999999999999,prop_127,1000,2000,0.31566172474088694,0.3503382752591131,False,0.03467655051822616,0.03467655051822616,0.31566172474088694,0.3503382752591131,0.0,0.0,0.03467655051822616,0.0,0.0
rep0261,0.61,0.6065874678869797,synth_only,0.1,0.010000000000000002,0.020000000000000004,0.06999999999999999,prop_127,1000,2000,0.5996205127272077,0.6353794872727924,True,0.03575897454558463,0.03575897454558463,0.5996205127272077,0.6353794872727924,0.0,0.0,0.03575897454558463,0.0,0.0
rep0262,0.42,0.41841575630940175,synth_only,0.1,0.010000000000000002,0.020000000000000004,0.06999999999999999,prop_127,1000,2000,0.4611208453375383,0.4978791546624617,False,0.03675830932492341,0.03675830932492341,0.4611208453375383,0.4978791546624617,0.0,0.0,0.03675830932492341,0.0,0.0
rep0263,0.64,0.6354933957032018,synth_only,0.1,0.010000000000000002,0.020000000000000004,0.06999999999999999,prop_127,1000,2000,0.6623316085390566,0.6966683914609434,False,0.0343367829218868,0.0343367829218868,0.6623316085390566,0.6966683914609434,0.0,0.0,0.0343367829218868,0.0,0.0
rep0264,0.36,0.36398743894398605,synth_only,0.1,0.010000000000000002,0.020000000000000004,0.06999999999999999,prop_127,1000,2000,0.3522379946517344,0.3877620053482656,True,0.035524010696531216,0.035524010696531216,0.3522379946517344,0.3877620053482656,0.0,0.0,0.035524010696531216,0.0,0.0
rep0265,0.58,0.5839228597765382,synth_only,0.1,0.010000000000000002,0.020000000000000004,0.06999999999999999,prop_127,1000,2000,0.36164755750762,0.39735244249238,False,0.03570488498475999,0.03570488498475999,0.36164755750762,0.39735244249238,0.0,0.0,0.03570488498475999,0.0,0.0
rep0266,0.86,0.8571151432735223,synth_only,0.1,0.010000000000000002,0.020000000000000004,0.06999999999999999,prop_127,1000,2000,0.8737856583577014,0.8972143416422985,False,0.02342868328459713,0.02342868328459713,0.8737856583577014,0.8972143416422985,0.0,0.0,0.02342868328459713,0.0,0.0
rep0267,0.62,0.6225927707554104,synth_only,0.1,0.010000000000000002,0.020000000000000004,0.06999999999999999,prop_127,1000,2000,0.7581012622788725,0.7888987377211274,False,0.030797475442254862,0.030797475442254862,0.7581012622788725,0.7888987377211274,0.0,0.0,0.030797475442254862,0.0,0.0
rep0268,0.27,0.27127696002390533,synth_only,0.1,0.010000000000000002,0.020000000000000004,0.06999999999999999,prop_127,1000,2000,0.33690144123109034,0.3720985587689096,False,0.03519711753781929,0.03519711753781929,0.33690144123109034,0.3720985587689096,0.0,0.0,0.03519711753781929,0.0,0.0
rep0269,0.81,0.80995904835551,synth_only,0.1,0.010000000000000002,0.020000000000000004,0.06999999999999999,prop_127,1000,2000,1.0,1.0,False,0.0,0.0,1.0,1.0,0.0,0.0,0.0,0.0,0.0
rep0270,0.85,0.8472666218190608,synth_only,0.1,0.010000000000000002,0.020000000000000004,0.06999999999999999,prop_127,1000,2000,1.0,1.0,False,0.0,0.0,1.0,1.0,0.0,0.0,0.0,0.0,0.0
rep0271,0.73,0.7295466983738702,synth_only,0.1,0.010000000000000002,0.020000000000000004,0.06999999999999999,prop_127,1000,2000,0.8399727111510639,0.8660272888489361,False,0.026054577697872228,0.026054577697872228,0.8399727111510639,0.8660272888489361,0.0,0.0,0.026054577697872228,0.0,0.0
rep0272,0.05,0.054946033858017725,synth_only,0.1,0.010000000000000002,0.020000000000000004,0.06999999999999999,prop_127,1000,2000,0.0,0.0,False,0.0,0.0,0.0,0.0,0.0,0.0,0.0,0.0,0.0
rep0273,0.28,0.28188189656186624,synth_only,0.1,0.010000000000000002,0.020000000000000004,0.06999999999999999,prop_127,1000,2000,0.18139582865255757,0.21060417134744244,False,0.02920834269488487,0.02920834269488487,0.18139582865255757,0.21060417134744244,0.0,0.0,0.02920834269488487,0.0,0.0
rep0274,0.45,0.4520708586248962,synth_only,0.1,0.010000000000000002,0.020000000000000004,0.06999999999999999,prop_127,1000,2000,0.514645485365859,0.5513545146341411,False,0.03670902926828212,0.03670902926828212,0.514645485365859,0.5513545146341411,0.0,0.0,0.03670902926828212,0.0,0.0
rep0275,0.53,0.5272745302056078,synth_only,0.1,0.010000000000000002,0.020000000000000004,0.06999999999999999,prop_127,1000,2000,0.4521374219047647,0.48886257809523526,False,0.036725156190470565,0.036725156190470565,0.4521374219047647,0.48886257809523526,0.0,0.0,0.036725156190470565,0.0,0.0
rep0276,0.19,0.18801833515699878,synth_only,0.1,0.010000000000000002,0.020000000000000004,0.06999999999999999,prop_127,1000,2000,0.32701756907908874,0.3619824309209112,False,0.03496486184182246,0.03496486184182246,0.32701756907908874,0.3619824309209112,0.0,0.0,0.03496486184182246,0.0,0.0
rep0277,0.39,0.39456858338614365,synth_only,0.1,0.010000000000000002,0.020000000000000004,0.06999999999999999,prop_127,1000,2000,0.4866062979091469,0.5233937020908531,False,0.03678740418170623,0.03678740418170623,0.4866062979091469,0.5233937020908531,0.0,0.0,0.03678740418170623,0.0,0.0
rep0278,0.76,0.7554225841633077,synth_only,0.1,0.010000000000000002,0.020000000000000004,0.06999999999999999,prop_127,1000,2000,0.7734763002905463,0.8035236997094537,False,0.03004739941890744,0.03004739941890744,0.7734763002905463,0.8035236997094537,0.0,0.0,0.03004739941890744,0.0,0.0
rep0279,0.04,0.04151735625906018,synth_only,0.1,0.010000000000000002,0.020000000000000004,0.06999999999999999,prop_127,1000,2000,0.0,0.0,False,0.0,0.0,0.0,0.0,0.0,0.0,0.0,0.0,0.0
rep0280,0.54,0.53504006680339,synth_only,0.1,0.010000000000000002,0.020000000000000004,0.06999999999999999,prop_127,1000,2000,0.5673763120122473,0.6036236879877528,False,0.036247375975505536,0.036247375975505536,0.5673763120122473,0.6036236879877528,0.0,0.0,0.036247375975505536,0.0,0.0
rep0281,0.55,0.5504709865207026,synth_only,0.1,0.010000000000000002,0.020000000000000004,0.06999999999999999,prop_127,1000,2000,0.5477663363153591,0.5842336636846408,True,0.03646732736928171,0.03646732736928171,0.5477663363153591,0.5842336636846408,0.0,0.0,0.03646732736928171,0.0,0.0
rep0282,0.23,0.22710822033450845,synth_only,0.1,0.010000000000000002,0.020000000000000004,0.06999999999999999,prop_127,1000,2000,0.32504181761540063,0.3599581823845994,False,0.03491636476919879,0.03491636476919879,0.32504181761540063,0.3599581823845994,0.0,0.0,0.03491636476919879,0.0,0.0
rep0283,0.48,0.4777436706812082,synth_only,0.1,0.010000000000000002,0.020000000000000004,0.06999999999999999,prop_127,1000,2000,0.5026216093726539,0.5393783906273462,False,0.03675678125469228,0.03675678125469228,0.5026216093726539,0.5393783906273462,0.0,0.0,0.03675678125469228,0.0,0.0
rep0284,0.41,0.4093964434284971,synth_only,0.1,0.010000000000000002,0.020000000000000004,0.06999999999999999,prop_127,1000,2000,0.4736077328173644,0.5103922671826356,False,0.03678453436527124,0.03678453436527124,0.4736077328173644,0.5103922671826356,0.0,0.0,0.03678453436527124,0.0,0.0
rep0285,0.34,0.3408505284075688,synth_only,0.1,0.010000000000000002,0.020000000000000004,0.06999999999999999,prop_127,1000,2000,0.46661365759818446,0.5033863424018155,False,0.036772684803630995,0.036772684803630995,0.46661365759818446,0.5033863424018155,0.0,0.0,0.036772684803630995,0.0,0.0
rep0286,0.63,0.6326601693945919,synth_only,0.1,0.010000000000000002,0.020000000000000004,0.06999999999999999,prop_127,1000,2000,0.7085730774345094,0.7414269225654906,False,0.03285384513098122,0.03285384513098122,0.7085730774345094,0.7414269225654906,0.0,0.0,0.03285384513098122,0.0,0.0
rep0287,0.29,0.2853408007468048,synth_only,0.1,0.010000000000000002,0.020000000000000004,0.06999999999999999,prop_127,1000,2000,0.3280055734611183,0.36299442653888164,False,0.03498885307776334,0.03498885307776334,0.3280055734611183,0.36299442653888164,0.0,0.0,0.03498885307776334,0.0,0.0
rep0288,0.12,0.1191548375086374,synth_only,0.1,0.010000000000000002,0.020000000000000004,0.06999999999999999,prop_127,1000,2000,0.11810744346779595,0.14289255653220406,True,0.024785113064408115,0.024785113064408115,0.11810744346779595,0.14289255653220406,0.0,0.0,0.024785113064408115,0.0,0.0
rep0289,0.55,0.5483031100363225,synth_only,0.1,0.010000000000000002,0.020000000000000004,0.06999999999999999,prop_127,1000,2000,0.5849999061613896,0.6210000938386103,False,0.036000187677220685,0.036000187677220685,0.5849999061613896,0.6210000938386103,0.0,0.0,0.036000187677220685,0.0,0.0
rep0290,0.21,0.20681973976642407,synth_only,0.1,0.010000000000000002,0.020000000000000004,0.06999999999999999,prop_127,1000,2000,0.1214676589545463,0.1465323410454537,False,0.02506468209090741,0.02506468209090741,0.1214676589545463,0.1465323410454537,0.0,0.0,0.02506468209090741,0.0,0.0
rep0291,0.36,0.3560093623139204,synth_only,0.1,0.010000000000000002,0.020000000000000004,0.06999999999999999,prop_127,1000,2000,0.3275115605677209,0.36248843943227904,True,0.034976878864558136,0.034976878864558136,0.3275115605677209,0.36248843943227904,0.0,0.0,0.034976878864558136,0.0,0.0
rep0292,0.65,0.6539878698642645,synth_only,0.1,0.010000000000000002,0.020000000000000004,0.06999999999999999,prop_127,1000,2000,0.7401992875124036,0.7718007124875964,False,0.031601424975192804,0.031601424975192804,0.7401992875124036,0.7718007124875964,0.0,0.0,0.031601424975192804,0.0,0.0
rep0293,0.60,0.6000084135548737,synth_only,0.1,0.010000000000000002,0.020000000000000004,0.06999999999999999,prop_127,1000,2000,0.7264136428974537,0.7585863571025464,False,0.03217271420509271,0.03217271420509271,0.7264136428974537,0.7585863571025464,0.0,0.0,0.03217271420509271,0.0,0.0
rep0294,0.33,0.32763210151945477,synth_only,0.1,0.010000000000000002,0.020000000000000004,0.06999999999999999,prop_127,1000,2000,0.463617301734508,0.500382698265492,False,0.036765396530983985,0.036765396530983985,0.463617301734508,0.500382698265492,0.0,0.0,0.036765396530983985,0.0,0.0
rep0295,0.88,0.8832141421695131,synth_only,0.1,0.010000000000000002,0.020000000000000004,0.06999999999999999,prop_127,1000,2000,0.9566008886969213,0.9703991113030788,False,0.013798222606157484,0.013798222606157484,0.9566008886969213,0.9703991113030788,0.0,0.0,0.013798222606157484,0.0,0.0
rep0296,0.41,0.4081027203307714,synth_only,0.1,0.010000000000000002,0.020000000000000004,0.06999999999999999,prop_127,1000,2000,0.5236703892635363,0.5603296107364638,False,0.03665922147292755,0.03665922147292755,0.5236703892635363,0.5603296107364638,0.0,0.0,0.03665922147292755,0.0,0.0
rep0297,0.27,0.2739059571062849,synth_only,0.1,0.010000000000000002,0.020000000000000004,0.06999999999999999,prop_127,1000,2000,0.43119944042097413,0.4678005595790259,False,0.036601119158051754,0.036601119158051754,0.43119944042097413,0.4678005595790259,0.0,0.0,0.036601119158051754,0.0,0.0
rep0298,0.51,0.5140009157446145,synth_only,0.1,0.010000000000000002,0.020000000000000004,0.06999999999999999,prop_127,1000,2000,0.4796055253126236,0.5163944746873764,True,0.0367889493747528,0.0367889493747528,0.4796055253126236,0.5163944746873764,0.0,0.0,0.0367889493747528,0.0,0.0
rep0299,0.17,0.1667066850284299,synth_only,0.1,0.010000000000000002,0.020000000000000004,0.06999999999999999,prop_127,1000,2000,0.2345591842001591,0.2664408157998409,False,0.031881631599681826,0.031881631599681826,0.2345591842001591,0.2664408157998409,0.0,0.0,0.031881631599681826,0.0,0.0
rep0300,0.29,0.2857072276657689,synth_only,0.1,0.010000000000000002,0.020000000000000004,0.06999999999999999,prop_127,1000,2000,0.2728149625837908,0.30618503741620917,True,0.033370074832418384,0.033370074832418384,0.2728149625837908,0.30618503741620917,0.0,0.0,0.033370074832418384,0.0,0.0
rep0301,0.73,0.7339092242236632,synth_only,0.1,0.010000000000000002,0.020000000000000004,0.06999999999999999,prop_127,1000,2000,0.7780946346329596,0.8079053653670405,False,0.029810730734080915,0.029810730734080915,0.7780946346329596,0.8079053653670405,0.0,0.0,0.029810730734080915,0.0,0.0
rep0302,0.68,0.6834706483229728,synth_only,0.1,0.010000000000000002,0.020000000000000004,0.06999999999999999,prop_127,1000,2000,0.637511560567721,0.6724884394322791,False,0.034976878864558136,0.034976878864558136,0.637511560567721,0.6724884394322791,0.0,0.0,0.034976878864558136,0.0,0.0
rep0303,0.61,0.6109959230101963,synth_only,0.1,0.010000000000000002,0.020000000000000004,0.06999999999999999,prop_127,1000,2000,0.6861896503430234,0.7198103496569765,False,0.03362069931395317,0.03362069931395317,0.6861896503430234,0.7198103496569765,0.0,0.0,0.03362069931395317,0.0,0.0
rep0304,0.56,0.5551292467317489,synth_only,0.1,0.010000000000000002,0.020000000000000004,0.06999999999999999,prop_127,1000,2000,0.5900396133092106,0.6259603866907893,False,0.03592077338157873,0.03592077338157873,0.5900396133092106,0.6259603866907893,0.0,0.0,0.03592077338157873,0.0,0.0
rep0305,0.10,0.1005941094292902,synth_only,0.1,0.010000000000000002,0.020000000000000004,0.06999999999999999,prop_127,1000,2000,0.18528430252404818,0.21471569747595184,False,0.029431394951903667,0.029431394951903667,0.18528430252404818,0.21471569747595184,0.0,0.0,0.029431394951903667,0.0,0.0
rep0306,0.72,0.7188019784642963,synth_only,0.1,0.010000000000000002,0.020000000000000004,0.06999999999999999,prop_127,1000,2000,0.7591253639505587,0.7898746360494412,False,0.030749272098882452,0.030749272098882452,0.7591253639505587,0.7898746360494412,0.0,0.0,0.030749272098882452,0.0,0.0
rep0307,0.51,0.5068510117643481,synth_only,0.1,0.010000000000000002,0.020000000000000004,0.06999999999999999,prop_127,1000,2000,0.5829845736890048,0.6190154263109952,False,0.03603085262199035,0.03603085262199035,0.5829845736890048,0.6190154263109952,0.0,0.0,0.03603085262199035,0.0,0.0
rep0308,0.14,0.1375084237151595,synth_only,0.1,0.010000000000000002,0.020000000000000004,0.06999999999999999,prop_127,1000,2000,0.23749613985127488,0.2695038601487251,False,0.03200772029745025,0.03200772029745025,0.23749613985127488,0.2695038601487251,0.0,0.0,0.03200772029745025,0.0,0.0
rep0309,0.82,0.8230979952228714,synth_only,0.1,0.010000000000000002,0.020000000000000004,0.06999999999999999,prop_127,1000,2000,1.0,1.0,False,0.0,0.0,1.0,1.0,0.0,0.0,0.0,0.0,0.0
rep0310,0.38,0.3849178123777623,synth_only,0.1,0.010000000000000002,0.020000000000000004,0.06999999999999999,prop_127,1000,2000,0.4726083583252124,0.5093916416747876,False,0.03678328334957515,0.03678328334957515,0.4726083583252124,0.5093916416747876,0.0,0.0,0.03678328334957515,0.0,0.0
rep0311,0.14,0.13772731348913403,synth_only,0.1,0.010000000000000002,0.020000000000000004,0.06999999999999999,prop_127,1000,2000,0.27428946048093406,0.3077105395190659,False,0.03342107903813185,0.03342107903813185,0.27428946048093406,0.3077105395190659,0.0,0.0,0.03342107903813185,0.0,0.0
rep0312,0.77,0.7651640383991807,synth_only,0.1,0.010000000000000002,0.020000000000000004,0.06999999999999999,prop_127,1000,2000,0.7070453861358519,0.7399546138641482,False,0.0329092277282963,0.0329092277282963,0.7070453861358519,0.7399546138641482,0.0,0.0,0.0329092277282963,0.0,0.0
rep0313,0.87,0.8651511229833888,synth_only,0.1,0.010000000000000002,0.020000000000000004,0.06999999999999999,prop_127,1000,2000,0.8753527903891285,0.8986472096108715,False,0.023294419221743023,0.023294419221743023,0.8753527903891285,0.8986472096108715,0.0,0.0,0.023294419221743023,0.0,0.0
rep0314,0.55,0.5451150387422286,synth_only,0.1,0.010000000000000002,0.020000000000000004,0.06999999999999999,prop_127,1000,2000,0.4711094346164512,0.5078905653835488,False,0.0367811307670976,0.0367811307670976,0.4711094346164512,0.5078905653835488,0.0,0.0,0.0367811307670976,0.0,0.0
rep0315,0.56,0.5644661717184385,synth_only,0.1,0.010000000000000002,0.020000000000000004,0.06999999999999999,prop_127,1000,2000,0.5839922007138215,0.6200077992861784,False,0.03601559857235692,0.03601559857235692,0.5839922007138215,0.6200077992861784,0.0,0.0,0.03601559857235692,0.0,0.0
rep0316,0.63,0.6280829997175954,synth_only,0.1,0.010000000000000002,0.020000000000000004,0.06999999999999999,prop_127,1000,2000,0.49160905744739525,0.5283909425526048,False,0.03678188510520952,0.03678188510520952,0.49160905744739525,0.5283909425526048,0.0,0.0,0.03678188510520952,0.0,0.0
rep0317,0.69,0.6902270980137905,synth_only,0.1,0.010000000000000002,0.020000000000000004,0.06999999999999999,prop_127,1000,2000,0.4092997788640816,0.4457002211359184,False,0.03640044227183681,0.03640044227183681,0.4092997788640816,0.4457002211359184,0.0,0.0,0.03640044227183681,0.0,0.0
rep0318,0.14,0.14100463235908287,synth_only,0.1,0.010000000000000002,0.020000000000000004,0.06999999999999999,prop_127,1000,2000,0.2757641791973564,0.30923582080264356,False,0.03347164160528715,0.03347164160528715,0.2757641791973564,0.30923582080264356,0.0,0.0,0.03347164160528715,0.0,0.0
rep0319,0.24,0.23699663893414466,synth_only,0.1,0.010000000000000002,0.020000000000000004,0.06999999999999999,prop_127,1000,2000,0.1911213091139014,0.22087869088609857,False,0.029757381772197167,0.029757381772197167,0.1911213091139014,0.22087869088609857,0.0,0.0,0.029757381772197167,0.0,0.0
rep0320,0.83,0.827387100801788,synth_only,0.1,0.010000000000000002,0.020000000000000004,0.06999999999999999,prop_127,1000,2000,0.8115370522079394,0.8394629477920607,True,0.027925895584121285,0.027925895584121285,0.8115370522079394,0.8394629477920607,0.0,0.0,0.027925895584121285,0.0,0.0
rep0321,0.15,0.14973648197777956,synth_only,0.1,0.010000000000000002,0.020000000000000004,0.06999999999999999,prop_127,1000,2000,0.17799534203444906,0.20700465796555095,False,0.029009315931101898,0.029009315931101898,0.17799534203444906,0.20700465796555095,0.0,0.0,0.029009315931101898,0.0,0.0
rep0322,0.54,0.5440223548145217,synth_only,0.1,0.010000000000000002,0.020000000000000004,0.06999999999999999,prop_127,1000,2000,0.6587826339531364,0.6932173660468637,False,0.03443473209372727,0.03443473209372727,0.6587826339531364,0.6932173660468637,0.0,0.0,0.03443473209372727,0.0,0.0
rep0323,0.62,0.6227358224359697,synth_only,0.1,0.010000000000000002,0.020000000000000004,0.06999999999999999,prop_127,1000,2000,0.7085730774345094,0.7414269225654906,False,0.03285384513098122,0.03285384513098122,0.7085730774345094,0.7414269225654906,0.0,0.0,0.03285384513098122,0.0,0.0
rep0324,0.53,0.530734929476436,synth_only,0.1,0.010000000000000002,0.020000000000000004,0.06999999999999999,prop_127,1000,2000,0.5417382996850307,0.5782617003149694,False,0.03652340062993864,0.03652340062993864,0.5417382996850307,0.5782617003149694,0.0,0.0,0.03652340062993864,0.0,0.0
rep0325,0.79,0.7936689707678996,synth_only,0.1,0.010000000000000002,0.020000000000000004,0.06999999999999999,prop_127,1000,2000,0.8259958041349196,0.8530041958650805,False,0.027008391730160897,0.027008391730160897,0.8259958041349196,0.8530041958650805,0.0,0.0,0.027008391730160897,0.0,0.0
rep0326,0.54,0.5426056725752102,synth_only,0.1,0.010000000000000002,0.020000000000000004,0.06999999999999999,prop_127,1000,2000,0.34481459703494294,0.38018540296505704,False,0.0353708059301141,0.0353708059301141,0.34481459703494294,0.38018540296505704,0.0,0.0,0.0353708059301141,0.0,0.0
rep0327,0.42,0.41630742171441215,synth_only,0.1,0.010000000000000002,0.020000000000000004,0.06999999999999999,prop_127,1000,2000,0.5724092003592905,0.6085907996407095,False,0.03618159928141895,0.03618159928141895,0.5724092003592905,0.6085907996407095,0.0,0.0,0.03618159928141895,0.0,0.0
rep0328,0.65,0.6474016966509429,synth_only,0.1,0.010000000000000002,0.020000000000000004,0.06999999999999999,prop_127,1000,2000,0.7162150448273816,0.7487849551726184,False,0.03256991034523682,0.03256991034523682,0.7162150448273816,0.7487849551726184,0.0,0.0,0.03256991034523682,0.0,0.0
rep0329,0.56,0.5580866708595992,synth_only,0.1,0.010000000000000002,0.020000000000000004,0.06999999999999999,prop_127,1000,2000,0.6203198687642799,0.6556801312357201,False,0.035360262471440196,0.035360262471440196,0.6203198687642799,0.6556801312357201,0.0,0.0,0.035360262471440196,0.0,0.0
rep0330,0.08,0.07776087515982376,synth_only,0.1,0.010000000000000002,0.020000000000000004,0.06999999999999999,prop_127,1000,2000,0.14409872579076333,0.17090127420923668,False,0.02680254841847335,0.02680254841847335,0.14409872579076333,0.17090127420923668,0.0,0.0,0.02680254841847335,0.0,0.0
rep0331,0.49,0.4925135823439831,synth_only,0.1,0.010000000000000002,0.020000000000000004,0.06999999999999999,prop_127,1000,2000,0.4676125902606733,0.5043874097393267,True,0.03677481947865341,0.03677481947865341,0.4676125902606733,0.5043874097393267,0.0,0.0,0.03677481947865341,0.0,0.0
rep0332,0.20,0.19968993750111136,synth_only,0.1,0.010000000000000002,0.020000000000000004,0.06999999999999999,prop_127,1000,2000,0.2512150448273816,0.2837849551726184,False,0.03256991034523682,0.03256991034523682,0.2512150448273816,0.2837849551726184,0.0,0.0,0.03256991034523682,0.0,0.0
rep0333,0.74,0.7356380718063558,synth_only,0.1,0.010000000000000002,0.020000000000000004,0.06999999999999999,prop_127,1000,2000,0.799170235390343,0.827829764609657,False,0.028659529219313917,0.028659529219313917,0.799170235390343,0.827829764609657,0.0,0.0,0.028659529219313917,0.0,0.0
rep0334,0.61,0.6078119313330457,synth_only,0.1,0.010000000000000002,0.020000000000000004,0.06999999999999999,prop_127,1000,2000,0.6527012297380266,0.6872987702619735,False,0.034597540523946924,0.034597540523946924,0.6527012297380266,0.6872987702619735,0.0,0.0,0.034597540523946924,0.0,0.0
rep0335,0.76,0.7579572902940152,synth_only,0.1,0.010000000000000002,0.020000000000000004,0.06999999999999999,prop_127,1000,2000,0.7657851234097236,0.7962148765902765,False,0.030429753180552854,0.030429753180552854,0.7657851234097236,0.7962148765902765,0.0,0.0,0.030429753180552854,0.0,0.0
rep0336,0.06,0.056437219944274426,synth_only,0.1,0.010000000000000002,0.020000000000000004,0.06999999999999999,prop_127,1000,2000,0.03233414374417141,0.04666585625582859,False,0.014331712511657185,0.014331712511657185,0.03233414374417141,0.04666585625582859,0.0,0.0,0.014331712511657185,0.0,0.0
rep0337,0.51,0.5060089444970216,synth_only,0.1,0.010000000000000002,0.020000000000000004,0.06999999999999999,prop_127,1000,2000,0.6182989059585691,0.653701094041431,False,0.035402188082861885,0.035402188082861885,0.6182989059585691,0.653701094041431,0.0,0.0,0.035402188082861885,0.0,0.0
rep0338,0.64,0.6436869556622545,synth_only,0.1,0.010000000000000002,0.020000000000000004,0.06999999999999999,prop_127,1000,2000,0.8842458733031813,0.9067541266968187,False,0.02250825339363738,0.02250825339363738,0.8842458733031813,0.9067541266968187,0.0,0.0,0.02250825339363738,0.0,0.0
rep0339,0.33,0.3281110030493755,synth_only,0.1,0.010000000000000002,0.020000000000000004,0.06999999999999999,prop_127,1000,2000,0.3354183207504297,0.37058167924957025,False,0.03516335849914054,0.03516335849914054,0.3354183207504297,0.37058167924957025,0.0,0.0,0.03516335849914054,0.0,0.0
rep0340,0.24,0.2389022860716452,synth_only,0.1,0.010000000000000002,0.020000000000000004,0.06999999999999999,prop_127,1000,2000,0.2345591842001591,0.2664408157998409,True,0.031881631599681826,0.031881631599681826,0.2345591842001591,0.2664408157998409,0.0,0.0,0.031881631599681826,0.0,0.0
rep0341,0.35,0.34784415563146054,synth_only,0.1,0.010000000000000002,0.020000000000000004,0.06999999999999999,prop_127,1000,2000,0.3304759582344678,0.36552404176553216,True,0.03504808353106437,0.03504808353106437,0.3304759582344678,0.36552404176553216,0.0,0.0,0.03504808353106437,0.0,0.0
rep0342,0.49,0.4929314917112036,synth_only,0.1,0.010000000000000002,0.020000000000000004,0.06999999999999999,prop_127,1000,2000,0.5804658485760498,0.6165341514239503,False,0.036068302847900524,0.036068302847900524,0.5804658485760498,0.6165341514239503,0.0,0.0,0.036068302847900524,0.0,0.0
rep0343,0.66,0.6608447442021788,synth_only,0.1,0.010000000000000002,0.020000000000000004,0.06999999999999999,prop_127,1000,2000,0.6208251612096772,0.6561748387903227,False,0.035349677580645444,0.035349677580645444,0.6208251612096772,0.6561748387903227,0.0,0.0,0.035349677580645444,0.0,0.0
rep0344,0.38,0.37969779922686203,synth_only,0.1,0.010000000000000002,0.020000000000000004,0.06999999999999999,prop_127,1000,2000,0.3651160754595404,0.4008839245404596,True,0.035767849080919234,0.035767849080919234,0.3651160754595404,0.4008839245404596,0.0,0.0,0.035767849080919234,0.0,0.0
rep0345,0.96,0.9570659304741378,synth_only,0.1,0.010000000000000002,0.020000000000000004,0.06999999999999999,prop_127,1000,2000,0.9527908099949511,0.9672091900050488,True,0.014418380010097653,0.014418380010097653,0.9527908099949511,0.9672091900050488,0.0,0.0,0.014418380010097653,0.0,0.0
rep0346,0.86,0.8623801979751146,synth_only,0.1,0.010000000000000002,0.020000000000000004,0.06999999999999999,prop_127,1000,2000,0.8690880655566341,0.8929119344433659,False,0.023823868886731825,0.023823868886731825,0.8690880655566341,0.8929119344433659,0.0,0.0,0.023823868886731825,0.0,0.0
rep0347,0.40,0.3956994074496438,synth_only,0.1,0.010000000000000002,0.020000000000000004,0.06999999999999999,prop_127,1000,2000,0.5769404529252367,0.6130595470747633,False,0.03611909414952663,0.03611909414952663,0.5769404529252367,0.6130595470747633,0.0,0.0,0.03611909414952663,0.0,0.0
rep0348,0.41,0.40686582800690213,synth_only,0.1,0.010000000000000002,0.020000000000000004,0.06999999999999999,prop_127,1000,2000,0.4237295563209797,0.4602704436790203,False,0.03654088735804062,0.03654088735804062,0.4237295563209797,0.4602704436790203,0.0,0.0,0.03654088735804062,0.0,0.0
rep0349,0.83,0.8271548031327527,synth_only,0.1,0.010000000000000002,0.020000000000000004,0.06999999999999999,prop_127,1000,2000,0.8868657975434775,0.9091342024565225,False,0.022268404913045048,0.022268404913045048,0.8868657975434775,0.9091342024565225,0.0,0.0,0.022268404913045048,0.0,0.0
rep0350,0.37,0.36724731038587727,synth_only,0.1,0.010000000000000002,0.020000000000000004,0.06999999999999999,prop_127,1000,2000,0.3770155527290093,0.41298444727099076,False,0.03596889454198149,0.03596889454198149,0.3770155527290093,0.41298444727099076,0.0,0.0,0.03596889454198149,0.0,0.0
rep0351,0.64,0.6380978983502209,synth_only,0.1,0.010000000000000002,0.020000000000000004,0.06999999999999999,prop_127,1000,2000,0.8182457420874413,0.8457542579125586,False,0.027508515825117374,0.027508515825117374,0.8182457420874413,0.8457542579125586,0.0,0.0,0.027508515825117374,0.0,0.0
rep0352,0.47,0.4692598611978995,synth_only,0.1,0.010000000000000002,0.020000000000000004,0.06999999999999999,prop_127,1000,2000,0.6405479334839468,0.6754520665160533,False,0.03490413303210649,0.03490413303210649,0.6405479334839468,0.6754520665160533,0.0,0.0,0.03490413303210649,0.0,0.0
rep0353,0.39,0.388463302071118,synth_only,0.1,0.010000000000000002,0.020000000000000004,0.06999999999999999,prop_127,1000,2000,0.5031223918511756,0.5398776081488244,False,0.036755216297648774,0.036755216297648774,0.5031223918511756,0.5398776081488244,0.0,0.0,0.036755216297648774,0.0,0.0
rep0354,0.59,0.5867490284482921,synth_only,0.1,0.010000000000000002,0.020000000000000004,0.06999999999999999,prop_127,1000,2000,0.5452543246137423,0.5817456753862577,False,0.03649135077251531,0.03649135077251531,0.5452543246137423,0.5817456753862577,0.0,0.0,0.03649135077251531,0.0,0.0
rep0355,0.07,0.06891033291676682,synth_only,0.1,0.010000000000000002,0.020000000000000004,0.06999999999999999,prop_127,1000,2000,0.034620477529986496,0.04937952247001351,False,0.014759044940027014,0.014759044940027014,0.034620477529986496,0.04937952247001351,0.0,0.0,0.014759044940027014,0.0,0.0
rep0356,0.83,0.8339770816826412,synth_only,0.1,0.010000000000000002,0.020000000000000004,0.06999999999999999,prop_127,1000,2000,0.8737856583577014,0.8972143416422985,False,0.02342868328459713,0.02342868328459713,0.8737856583577014,0.8972143416422985,0.0,0.0,0.02342868328459713,0.0,0.0
rep0357,0.23,0.23357126087160932,synth_only,0.1,0.010000000000000002,0.020000000000000004,0.06999999999999999,prop_127,1000,2000,0.26691919969820094,0.300080800301799,False,0.033161600603598074,0.033161600603598074,0.26691919969820094,0.300080800301799,0.0,0.0,0.033161600603598074,0.0,0.0
rep0358,0.53,0.5265095333312138,synth_only,0.1,0.010000000000000002,0.020000000000000004,0.06999999999999999,prop_127,1000,2000,0.4063162952541578,0.4426837047458422,False,0.03636740949168438,0.03636740949168438,0.4063162952541578,0.4426837047458422,0.0,0.0,0.03636740949168438,0.0,0.0
rep0359,0.28,0.27842268685814014,synth_only,0.1,0.010000000000000002,0.020000000000000004,0.06999999999999999,prop_127,1000,2000,0.24778332808877804,0.28021667191122196,True,0.03243334382244392,0.03243334382244392,0.24778332808877804,0.28021667191122196,0.0,0.0,0.03243334382244392,0.0,0.0
rep0360,0.78,0.7796643858952914,synth_only,0.1,0.010000000000000002,0.020000000000000004,0.06999999999999999,prop_127,1000,2000,0.7361124979191607,0.7678875020808393,False,0.031775004161678666,0.031775004161678666,0.7361124979191607,0.7678875020808393,0.0,0.0,0.031775004161678666,0.0,0.0
rep0361,0.30,0.3027840076398436,synth_only,0.1,0.010000000000000002,0.020000000000000004,0.06999999999999999,prop_127,1000,2000,0.2203784709596535,0.25162152904034646,False,0.03124305808069297,0.03124305808069297,0.2203784709596535,0.25162152904034646,0.0,0.0,0.03124305808069297,0.0,0.0
rep0362,0.94,0.9371878343321084,synth_only,0.1,0.010000000000000002,0.020000000000000004,0.06999999999999999,prop_127,1000,2000,1.0,1.0,False,0.0,0.0,1.0,1.0,0.0,0.0,0.0,0.0,0.0
rep0363,0.37,0.3704822141512414,synth_only,0.1,0.010000000000000002,0.020000000000000004,0.06999999999999999,prop_127,1000,2000,0.34481459703494294,0.38018540296505704,True,0.0353708059301141,0.0353708059301141,0.34481459703494294,0.38018540296505704,0.0,0.0,0.0353708059301141,0.0,0.0
rep0364,0.53,0.5338018011999215,synth_only,0.1,0.010000000000000002,0.020000000000000004,0.06999999999999999,prop_127,1000,2000,0.6162782734354897,0.6517217265645103,False,0.03544345312902064,0.03544345312902064,0.6162782734354897,0.6517217265645103,0.0,0.0,0.03544345312902064,0.0,0.0
rep0365,0.84,0.8413168065896944,synth_only,0.1,0.010000000000000002,0.020000000000000004,0.06999999999999999,prop_127,1000,2000,0.8399727111510639,0.8660272888489361,True,0.026054577697872228,0.026054577697872228,0.8399727111510639,0.8660272888489361,0.0,0.0,0.026054577697872228,0.0,0.0
rep0366,0.12,0.11908796490391335,synth_only,0.1,0.010000000000000002,0.020000000000000004,0.06999999999999999,prop_127,1000,2000,0.13879189296018052,0.16520810703981947,False,0.026416214079638956,0.026416214079638956,0.13879189296018052,0.16520810703981947,0.0,0.0,0.026416214079638956,0.0,0.0
rep0367,0.47,0.4691687310789652,synth_only,0.1,0.010000000000000002,0.020000000000000004,0.06999999999999999,prop_127,1000,2000,0.4426614199643498,0.4793385800356502,True,0.036677160071300396,0.036677160071300396,0.4426614199643498,0.4793385800356502,0.0,0.0,0.036677160071300396,0.0,0.0
rep0368,0.37,0.3734818986954472,synth_only,0.1,0.010000000000000002,0.020000000000000004,0.06999999999999999,prop_127,1000,2000,0.536717004314029,0.5732829956859711,False,0.03656599137194205,0.03656599137194205,0.536717004314029,0.5732829956859711,0.0,0.0,0.03656599137194205,0.0,0.0
rep0369,0.36,0.35627210403937437,synth_only,0.1,0.010000000000000002,0.020000000000000004,0.06999999999999999,prop_127,1000,2000,0.42621904944412625,0.46278095055587376,False,0.03656190111174751,0.03656190111174751,0.42621904944412625,0.46278095055587376,0.0,0.0,0.03656190111174751,0.0,0.0
rep0370,0.38,0.3768362772936027,synth_only,0.1,0.010000000000000002,0.020000000000000004,0.06999999999999999,prop_127,1000,2000,0.3760234940541876,0.4119765059458124,True,0.03595301189162481,0.03595301189162481,0.3760234940541876,0.4119765059458124,0.0,0.0,0.03595301189162481,0.0,0.0
rep0371,0.25,0.25274354849262426,synth_only,0.1,0.010000000000000002,0.020000000000000004,0.06999999999999999,prop_127,1000,2000,0.2502344210679147,0.2827655789320853,True,0.0325311578641706,0.0325311578641706,0.2502344210679147,0.2827655789320853,0.0,0.0,0.0325311578641706,0.0,0.0
rep0372,0.19,0.19176179445253563,synth_only,0.1,0.010000000000000002,0.020000000000000004,0.06999999999999999,prop_127,1000,2000,0.2969255099578909,0.3310744900421091,False,0.03414898008421818,0.03414898008421818,0.2969255099578909,0.3310744900421091,0.0,0.0,0.03414898008421818,0.0,0.0
rep0373,0.63,0.6272188994392105,synth_only,0.1,0.010000000000000002,0.020000000000000004,0.06999999999999999,prop_127,1000,2000,0.6395357232631037,0.6744642767368964,False,0.034928553473792645,0.034928553473792645,0.6395357232631037,0.6744642767368964,0.0,0.0,0.034928553473792645,0.0,0.0
rep0374,0.27,0.2708767567903986,synth_only,0.1,0.010000000000000002,0.020000000000000004,0.06999999999999999,prop_127,1000,2000,0.24631299406580395,0.2786870059341961,True,0.032374011868392144,0.032374011868392144,0.24631299406580395,0.2786870059341961,0.0,0.0,0.032374011868392144,0.0,0.0
rep0375,0.54,0.5445132551941091,synth_only,0.1,0.010000000000000002,0.020000000000000004,0.06999999999999999,prop_127,1000,2000,0.6704477291628576,0.7045522708371424,False,0.034104541674284894,0.034104541674284894,0.6704477291628576,0.7045522708371424,0.0,0.0,0.034104541674284894,0.0,0.0
rep0376,0.65,0.6541327039046094,synth_only,0.1,0.010000000000000002,0.020000000000000004,0.06999999999999999,prop_127,1000,2000,0.8436023527770764,0.8693976472229237,False,0.025795294445847272,0.025795294445847272,0.8436023527770764,0.8693976472229237,0.0,0.0,0.025795294445847272,0.0,0.0
rep0377,0.43,0.42590792952605844,synth_only,0.1,0.010000000000000002,0.020000000000000004,0.06999999999999999,prop_127,1000,2000,0.5106363439731949,0.5473636560268051,False,0.03672731205361024,0.03672731205361024,0.5106363439731949,0.5473636560268051,0.0,0.0,0.03672731205361024,0.0,0.0
rep0378,0.20,0.2024341660241983,synth_only,0.1,0.010000000000000002,0.020000000000000004,0.06999999999999999,prop_127,1000,2000,0.19501543800886234,0.22498456199113764,True,0.029969123982275303,0.029969123982275303,0.19501543800886234,0.22498456199113764,0.0,0.0,0.029969123982275303,0.0,0.0
rep0379,0.46,0.46190430019363876,synth_only,0.1,0.010000000000000002,0.020000000000000004,0.06999999999999999,prop_127,1000,2000,0.4023393838143037,0.4386606161856963,False,0.03632123237139262,0.03632123237139262,0.4023393838143037,0.4386606161856963,0.0,0.0,0.03632123237139262,0.0,0.0
rep0380,0.55,0.5521673894549264,synth_only,0.1,0.010000000000000002,0.020000000000000004,0.06999999999999999,prop_127,1000,2000,0.45014191857539143,0.4868580814246086,False,0.03671616284921719,0.03671616284921719,0.45014191857539143,0.4868580814246086,0.0,0.0,0.03671616284921719,0.0,0.0
rep0381,0.17,0.1665206389869533,synth_only,0.1,0.010000000000000002,0.020000000000000004,0.06999999999999999,prop_127,1000,2000,0.39041600973174995,0.42658399026825,False,0.036167980536500055,0.036167980536500055,0.39041600973174995,0.42658399026825,0.0,0.0,0.036167980536500055,0.0,0.0
rep0382,0.34,0.3448362874284561,synth_only,0.1,0.010000000000000002,0.020000000000000004,0.06999999999999999,prop_127,1000,2000,0.43468682591167024,0.4713131740883298,False,0.03662634817665955,0.03662634817665955,0.43468682591167024,0.4713131740883298,0.0,0.0,0.03662634817665955,0.0,0.0
rep0383,0.47,0.4672960579978518,synth_only,0.1,0.010000000000000002,0.020000000000000004,0.06999999999999999,prop_127,1000,2000,0.4826054149443407,0.5193945850556593,False,0.03678917011131855,0.03678917011131855,0.4826054149443407,0.5193945850556593,0.0,0.0,0.03678917011131855,0.0,0.0
rep0384,0.45,0.45084726900616834,synth_only,0.1,0.010000000000000002,0.020000000000000004,0.06999999999999999,prop_127,1000,2000,0.4816053781550602,0.5183946218449398,False,0.03678924368987957,0.03678924368987957,0.4816053781550602,0.5183946218449398,0.0,0.0,0.03678924368987957,0.0,0.0
rep0385,0.89,0.8879136274603612,synth_only,0.1,0.010000000000000002,0.020000000000000004,0.06999999999999999,prop_127,1000,2000,0.8203114347943955,0.8476885652056044,False,0.027377130411208928,0.027377130411208928,0.8203114347943955,0.8476885652056044,0.0,0.0,0.027377130411208928,0.0,0.0
rep0386,0.41,0.4097240031897142,synth_only,0.1,0.010000000000000002,0.020000000000000004,0.06999999999999999,prop_127,1000,2000,0.507630264518364,0.544369735481636,False,0.036739470963272014,0.036739470963272014,0.507630264518364,0.544369735481636,0.0,0.0,0.036739470963272014,0.0,0.0
rep0387,0.68,0.6774976632423061,synth_only,0.1,0.010000000000000002,0.020000000000000004,0.06999999999999999,prop_127,1000,2000,0.8166969351184733,0.8443030648815267,False,0.027606129763053433,0.027606129763053433,0.8166969351184733,0.8443030648815267,0.0,0.0,0.027606129763053433,0.0,0.0
rep0388,0.75,0.7528096674183,synth_only,0.1,0.010000000000000002,0.020000000000000004,0.06999999999999999,prop_127,1000,2000,0.6420664104139213,0.6769335895860786,False,0.034867179172157314,0.034867179172157314,0.6420664104139213,0.6769335895860786,0.0,0.0,0.034867179172157314,0.0,0.0
rep0389,0.22,0.2183137079808773,synth_only,0.1,0.010000000000000002,0.020000000000000004,0.06999999999999999,prop_127,1000,2000,0.4326939222364039,0.4693060777635961,False,0.036612155527192214,0.036612155527192214,0.4326939222364039,0.4693060777635961,0.0,0.0,0.036612155527192214,0.0,0.0
rep0390,0.22,0.22139342431061027,synth_only,0.1,0.010000000000000002,0.020000000000000004,0.06999999999999999,prop_127,1000,2000,0.26544582141512235,0.2985541785848776,False,0.03310835716975524,0.03310835716975524,0.26544582141512235,0.2985541785848776,0.0,0.0,0.03310835716975524,0.0,0.0
rep0391,0.75,0.748822558646661,synth_only,0.1,0.010000000000000002,0.020000000000000004,0.06999999999999999,prop_127,1000,2000,0.799170235390343,0.827829764609657,False,0.028659529219313917,0.028659529219313917,0.799170235390343,0.827829764609657,0.0,0.0,0.028659529219313917,0.0,0.0
rep0392,0.94,0.9436897198162599,synth_only,0.1,0.010000000000000002,0.020000000000000004,0.06999999999999999,prop_127,1000,2000,0.7447991477125343,0.7762008522874656,False,0.0314017045749313,0.0314017045749313,0.7447991477125343,0.7762008522874656,0.0,0.0,0.0314017045749313,0.0,0.0
rep0393,0.83,0.8325016956044307,synth_only,0.1,0.010000000000000002,0.020000000000000004,0.06999999999999999,prop_127,1000,2000,0.8889632268930362,0.9110367731069638,False,0.022073546213927653,0.022073546213927653,0.8889632268930362,0.9110367731069638,0.0,0.0,0.022073546213927653,0.0,0.0
rep0394,0.39,0.39170946396776957,synth_only,0.1,0.010000000000000002,0.020000000000000004,0.06999999999999999,prop_127,1000,2000,0.2920003835376373,0.3259996164623627,False,0.0339992329247254,0.0339992329247254,0.2920003835376373,0.3259996164623627,0.0,0.0,0.0339992329247254,0.0,0.0
rep0395,0.39,0.39476446793846776,synth_only,0.1,0.010000000000000002,0.020000000000000004,0.06999999999999999,prop_127,1000,2000,0.6445976377562379,0.6794023622437622,False,0.03480472448752425,0.03480472448752425,0.6445976377562379,0.6794023622437622,0.0,0.0,0.03480472448752425,0.0,0.0
rep0396,0.67,0.6677316484909898,synth_only,0.1,0.010000000000000002,0.020000000000000004,0.06999999999999999,prop_127,1000,2000,0.6603034879248609,0.694696512075139,True,0.03439302415027812,0.03439302415027812,0.6603034879248609,0.694696512075139,0.0,0.0,0.03439302415027812,0.0,0.0
rep0397,0.14,0.1404332578252884,synth_only,0.1,0.010000000000000002,0.020000000000000004,0.06999999999999999,prop_127,1000,2000,0.36412497002568095,0.39987502997431906,False,0.03575005994863811,0.03575005994863811,0.36412497002568095,0.39987502997431906,0.0,0.0,0.03575005994863811,0.0,0.0
rep0398,0.65,0.6468092434677706,synth_only,0.1,0.010000000000000002,0.020000000000000004,0.06999999999999999,prop_127,1000,2000,0.6653744687574922,0.6996255312425078,False,0.03425106248501564,0.03425106248501564,0.6653744687574922,0.6996255312425078,0.0,0.0,0.03425106248501564,0.0,0.0
rep0399,0.77,0.7694144518072735,synth_only,0.1,0.010000000000000002,0.020000000000000004,0.06999999999999999,prop_127,1000,2000,0.9248658894067188,0.9431341105932813,False,0.018268221186562572,0.018268221186562572,0.9248658894067188,0.9431341105932813,0.0,0.0,0.018268221186562572,0.0,0.0
rep0400,0.49,0.48743787904866825,synth_only,0.1,0.010000000000000002,0.020000000000000004,0.06999999999999999,prop_127,1000,2000,0.5849999061613896,0.6210000938386103,False,0.036000187677220685,0.036000187677220685,0.5849999061613896,0.6210000938386103,0.0,0.0,0.036000187677220685,0.0,0.0
rep0401,0.27,0.2721180025440504,synth_only,0.1,0.010000000000000002,0.020000000000000004,0.06999999999999999,prop_127,1000,2000,0.41377628558225166,0.45022371441774833,False,0.036447428835496676,0.036447428835496676,0.41377628558225166,0.45022371441774833,0.0,0.0,0.036447428835496676,0.0,0.0
rep0402,0.68,0.6789503433601506,synth_only,0.1,0.010000000000000002,0.020000000000000004,0.06999999999999999,prop_127,1000,2000,0.681617073755443,0.715382926244557,False,0.03376585248911401,0.03376585248911401,0.681617073755443,0.715382926244557,0.0,0.0,0.03376585248911401,0.0,0.0
rep0403,0.47,0.4677354982899411,synth_only,0.1,0.010000000000000002,0.020000000000000004,0.06999999999999999,prop_127,1000,2000,0.4731080363699867,0.5098919636300132,False,0.036783927260026494,0.036783927260026494,0.4731080363699867,0.5098919636300132,0.0,0.0,0.036783927260026494,0.0,0.0
rep0404,0.21,0.20990604916350614,synth_only,0.1,0.010000000000000002,0.020000000000000004,0.06999999999999999,prop_127,1000,2000,0.28215715457713747,0.3158428454228625,False,0.033685690845725036,0.033685690845725036,0.28215715457713747,0.3158428454228625,0.0,0.0,0.033685690845725036,0.0,0.0
rep0405,0.43,0.4311467206251106,synth_only,0.1,0.010000000000000002,0.020000000000000004,0.06999999999999999,prop_127,1000,2000,0.43468682591167024,0.4713131740883298,False,0.03662634817665955,0.03662634817665955,0.43468682591167024,0.4713131740883298,0.0,0.0,0.03662634817665955,0.0,0.0
rep0406,0.47,0.46571649166241225,synth_only,0.1,0.010000000000000002,0.020000000000000004,0.06999999999999999,prop_127,1000,2000,0.6041613513384678,0.6398386486615322,False,0.03567729732306435,0.03567729732306435,0.6041613513384678,0.6398386486615322,0.0,0.0,0.03567729732306435,0.0,0.0
rep0407,0.41,0.41375333924820995,synth_only,0.1,0.010000000000000002,0.020000000000000004,0.06999999999999999,prop_127,1000,2000,0.5804658485760498,0.6165341514239503,False,0.036068302847900524,0.036068302847900524,0.5804658485760498,0.6165341514239503,0.0,0.0,0.036068302847900524,0.0,0.0
rep0408,0.49,0.49445316104049586,synth_only,0.1,0.010000000000000002,0.020000000000000004,0.06999999999999999,prop_127,1000,2000,0.38644402246953635,0.4225559775304637,False,0.03611195506092735,0.03611195506092735,0.38644402246953635,0.4225559775304637,0.0,0.0,0.03611195506092735,0.0,0.0
rep0409,0.38,0.3848050124696291,synth_only,0.1,0.010000000000000002,0.020000000000000004,0.06999999999999999,prop_127,1000,2000,0.37850378832514514,0.4144962116748549,True,0.03599242334970976,0.03599242334970976,0.37850378832514514,0.4144962116748549,0.0,0.0,0.03599242334970976,0.0,0.0
rep0410,0.78,0.7802973816084029,synth_only,0.1,0.010000000000000002,0.020000000000000004,0.06999999999999999,prop_127,1000,2000,0.7637353895587615,0.7942646104412385,True,0.030529220882477004,0.030529220882477004,0.7637353895587615,0.7942646104412385,0.0,0.0,0.030529220882477004,0.0,0.0
rep0411,0.67,0.6688147999147477,synth_only,0.1,0.010000000000000002,0.020000000000000004,0.06999999999999999,prop_127,1000,2000,0.8430836742880277,0.8689163257119723,False,0.02583265142394464,0.02583265142394464,0.8430836742880277,0.8689163257119723,0.0,0.0,0.02583265142394464,0.0,0.0
rep0412,0.31,0.306090033488935,synth_only,0.1,0.010000000000000002,0.020000000000000004,0.06999999999999999,prop_127,1000,2000,0.29298522337121735,0.32701477662878264,True,0.03402955325756529,0.03402955325756529,0.29298522337121735,0.32701477662878264,0.0,0.0,0.03402955325756529,0.0,0.0
rep0413,0.76,0.757066391808175,synth_only,0.1,0.010000000000000002,0.020000000000000004,0.06999999999999999,prop_127,1000,2000,0.771424588938314,0.801575411061686,False,0.030150822123371945,0.030150822123371945,0.771424588938314,0.801575411061686,0.0,0.0,0.030150822123371945,0.0,0.0
rep0414,0.79,0.7887919900296583,synth_only,0.1,0.010000000000000002,0.020000000000000004,0.06999999999999999,prop_127,1000,2000,0.9495370409877616,0.9644629590122383,False,0.014925918024476736,0.014925918024476736,0.9495370409877616,0.9644629590122383,0.0,0.0,0.014925918024476736,0.0,0.0
rep0415,0.54,0.5440700092001609,synth_only,0.1,0.010000000000000002,0.020000000000000004,0.06999999999999999,prop_127,1000,2000,0.4871064910633483,0.5238935089366517,False,0.03678701787330335,0.03678701787330335,0.4871064910633483,0.5238935089366517,0.0,0.0,0.03678701787330335,0.0,0.0
rep0416,0.25,0.24629157077116925,synth_only,0.1,0.010000000000000002,0.020000000000000004,0.06999999999999999,prop_127,1000,2000,0.22624337694466937,0.25775662305533065,True,0.03151324611066128,0.03151324611066128,0.22624337694466937,0.25775662305533065,0.0,0.0,0.03151324611066128,0.0,0.0
rep0417,0.40,0.4025470814349371,synth_only,0.1,0.010000000000000002,0.020000000000000004,0.06999999999999999,prop_127,1000,2000,0.3889263690099838,0.42507363099001616,True,0.036147261980032375,0.036147261980032375,0.3889263690099838,0.42507363099001616,0.0,0.0,0.036147261980032375,0.0,0.0
rep0418,0.89,0.8910069249903315,synth_only,0.1,0.010000000000000002,0.020000000000000004,0.06999999999999999,prop_127,1000,2000,0.8441210846282772,0.8698789153717228,False,0.02575783074344562,0.02575783074344562,0.8441210846282772,0.8698789153717228,0.0,0.0,0.02575783074344562,0.0,0.0
rep0419,0.59,0.5935607828378756,synth_only,0.1,0.010000000000000002,0.020000000000000004,0.06999999999999999,prop_127,1000,2000,0.6887308125909766,0.7222691874090235,False,0.03353837481804689,0.03353837481804689,0.6887308125909766,0.7222691874090235,0.0,0.0,0.03353837481804689,0.0,0.0
rep0420,0.57,0.5715466086620452,synth_only,0.1,0.010000000000000002,0.020000000000000004,0.06999999999999999,prop_127,1000,2000,0.5583219529619001,0.5946780470380999,True,0.036356094076199774,0.036356094076199774,0.5583219529619001,0.5946780470380999,0.0,0.0,0.036356094076199774,0.0,0.0
rep0421,0.25,0.25285566616842686,synth_only,0.1,0.010000000000000002,0.020000000000000004,0.06999999999999999,prop_127,1000,2000,0.17314070292463196,0.20185929707536804,False,0.028718594150736076,0.028718594150736076,0.17314070292463196,0.20185929707536804,0.0,0.0,0.028718594150736076,0.0,0.0
rep0422,0.17,0.16693479447728637,synth_only,0.1,0.010000000000000002,0.020000000000000004,0.06999999999999999,prop_127,1000,2000,0.14892812189984447,0.17607187810015554,True,0.027143756200311064,0.027143756200311064,0.14892812189984447,0.17607187810015554,0.0,0.0,0.027143756200311064,0.0,0.0
rep0423,0.83,0.8258695745189623,synth_only,0.1,0.010000000000000002,0.020000000000000004,0.06999999999999999,prop_127,1000,2000,0.8591886374921748,0.8838113625078253,False,0.02462272501565055,0.02462272501565055,0.8591886374921748,0.8838113625078253,0.0,0.0,0.02462272501565055,0.0,0.0
rep0424,0.64,0.6414983808673556,synth_only,0.1,0.010000000000000002,0.020000000000000004,0.06999999999999999,prop_127,1000,2000,0.7146861791719432,0.7473138208280568,False,0.03262764165611354,0.03262764165611354,0.7146861791719432,0.7473138208280568,0.0,0.0,0.03262764165611354,0.0,0.0
rep0425,0.26,0.2582053856343371,synth_only,0.1,0.010000000000000002,0.020000000000000004,0.06999999999999999,prop_127,1000,2000,0.24778332808877804,0.28021667191122196,True,0.03243334382244392,0.03243334382244392,0.24778332808877804,0.28021667191122196,0.0,0.0,0.03243334382244392,0.0,0.0
rep0426,0.38,0.38380573094991494,synth_only,0.1,0.010000000000000002,0.020000000000000004,0.06999999999999999,prop_127,1000,2000,0.6542212804696826,0.6887787195303173,False,0.03455743906063469,0.03455743906063469,0.6542212804696826,0.6887787195303173,0.0,0.0,0.03455743906063469,0.0,0.0
rep0427,0.65,0.6523685889158428,synth_only,0.1,0.010000000000000002,0.020000000000000004,0.06999999999999999,prop_127,1000,2000,0.5930643853060399,0.6289356146939601,False,0.0358712293879202,0.0358712293879202,0.5930643853060399,0.6289356146939601,0.0,0.0,0.0358712293879202,0.0,0.0
rep0428,0.34,0.34449647918286297,synth_only,0.1,0.010000000000000002,0.020000000000000004,0.06999999999999999,prop_127,1000,2000,0.34382516120967727,0.3791748387903227,True,0.035349677580645444,0.035349677580645444,0.34382516120967727,0.3791748387903227,0.0,0.0,0.035349677580645444,0.0,0.0
rep0429,0.22,0.21723207027850108,synth_only,0.1,0.010000000000000002,0.020000000000000004,0.06999999999999999,prop_127,1000,2000,0.3433304743897499,0.3786695256102501,False,0.035339051220500184,0.035339051220500184,0.3433304743897499,0.3786695256102501,0.0,0.0,0.035339051220500184,0.0,0.0
rep0430,0.68,0.6820695962174026,synth_only,0.1,0.010000000000000002,0.020000000000000004,0.06999999999999999,prop_127,1000,2000,0.8058660341231505,0.8341339658768494,False,0.028267931753698905,0.028267931753698905,0.8058660341231505,0.8341339658768494,0.0,0.0,0.028267931753698905,0.0,0.0
rep0431,0.28,0.284225366311842,synth_only,0.1,0.010000000000000002,0.020000000000000004,0.06999999999999999,prop_127,1000,2000,0.37354369249294744,0.4094563075070526,False,0.03591261501410514,0.03591261501410514,0.37354369249294744,0.4094563075070526,0.0,0.0,0.03591261501410514,0.0,0.0
rep0432,0.31,0.30768361282272644,synth_only,0.1,0.010000000000000002,0.020000000000000004,0.06999999999999999,prop_127,1000,2000,0.43917194918838276,0.4758280508116173,False,0.036656101623234516,0.036656101623234516,0.43917194918838276,0.4758280508116173,0.0,0.0,0.036656101623234516,0.0,0.0
rep0433,0.30,0.302376705474965,synth_only,0.1,0.010000000000000002,0.020000000000000004,0.06999999999999999,prop_127,1000,2000,0.3839621621613813,0.42003783783861876,False,0.03607567567723746,0.03607567567723746,0.3839621621613813,0.42003783783861876,0.0,0.0,0.03607567567723746,0.0,0.0
rep0434,0.57,0.567639441098303,synth_only,0.1,0.010000000000000002,0.020000000000000004,0.06999999999999999,prop_127,1000,2000,0.6724776781674474,0.7065223218325526,False,0.03404464366510518,0.03404464366510518,0.6724776781674474,0.7065223218325526,0.0,0.0,0.03404464366510518,0.0,0.0
rep0435,0.04,0.041969512259814074,synth_only,0.1,0.010000000000000002,0.020000000000000004,0.06999999999999999,prop_127,1000,2000,0.20378512340972357,0.23421487659027643,False,0.030429753180552854,0.030429753180552854,0.20378512340972357,0.23421487659027643,0.0,0.0,0.030429753180552854,0.0,0.0
rep0436,0.14,0.14023513953337763,synth_only,0.1,0.010000000000000002,0.020000000000000004,0.06999999999999999,prop_127,1000,2000,0.1663507330030761,0.1946492669969239,False,0.028298533993847796,0.028298533993847796,0.1663507330030761,0.1946492669969239,0.0,0.0,0.028298533993847796,0.0,0.0
rep0437,0.25,0.2515345925402716,synth_only,0.1,0.010000000000000002,0.020000000000000004,0.06999999999999999,prop_127,1000,2000,0.4053219529619001,0.4416780470380999,False,0.036356094076199774,0.036356094076199774,0.4053219529619001,0.4416780470380999,0.0,0.0,0.036356094076199774,0.0,0.0
rep0438,0.43,0.4292060522489633,synth_only,0.1,0.010000000000000002,0.020000000000000004,0.06999999999999999,prop_127,1000,2000,0.46211937258838154,0.4988806274116184,False,0.03676125482323689,0.03676125482323689,0.46211937258838154,0.4988806274116184,0.0,0.0,0.03676125482323689,0.0,0.0
rep0439,0.49,0.491701673642238,synth_only,0.1,0.010000000000000002,0.020000000000000004,0.06999999999999999,prop_127,1000,2000,0.39587951413254274,0.4321204858674572,False,0.03624097173491447,0.03624097173491447,0.39587951413254274,0.4321204858674572,0.0,0.0,0.03624097173491447,0.0,0.0
rep0440,0.50,0.4993100840412795,synth_only,0.1,0.010000000000000002,0.020000000000000004,0.06999999999999999,prop_127,1000,2000,0.385451219917181,0.42154878008281904,False,0.03609756016563803,0.03609756016563803,0.385451219917181,0.42154878008281904,0.0,0.0,0.03609756016563803,0.0,0.0
rep0441,0.04,0.037745194308399226,synth_only,0.1,0.010000000000000002,0.020000000000000004,0.06999999999999999,prop_127,1000,2000,0.06907651493344212,0.08892348506655788,False,0.01984697013311576,0.01984697013311576,0.06907651493344212,0.08892348506655788,0.0,0.0,0.01984697013311576,0.0,0.0
rep0442,0.31,0.31051142046596214,synth_only,0.1,0.010000000000000002,0.020000000000000004,0.06999999999999999,prop_127,1000,2000,0.3993575028097878,0.43564249719021214,False,0.03628499438042432,0.03628499438042432,0.3993575028097878,0.43564249719021214,0.0,0.0,0.03628499438042432,0.0,0.0
rep0443,0.35,0.35370322252362474,synth_only,0.1,0.010000000000000002,0.020000000000000004,0.06999999999999999,prop_127,1000,2000,0.2801896503430234,0.3138103496569766,False,0.03362069931395317,0.03362069931395317,0.2801896503430234,0.3138103496569766,0.0,0.0,0.03362069931395317,0.0,0.0
rep0444,0.53,0.5336519488191548,synth_only,0.1,0.010000000000000002,0.020000000000000004,0.06999999999999999,prop_127,1000,2000,0.633970099098894,0.6690299009011059,False,0.03505980180221191,0.03505980180221191,0.633970099098894,0.6690299009011059,0.0,0.0,0.03505980180221191,0.0,0.0
rep0445,0.46,0.4581531175440305,synth_only,0.1,0.010000000000000002,0.020000000000000004,0.06999999999999999,prop_127,1000,2000,0.37751161159613467,0.41348838840386537,False,0.035976776807730704,0.035976776807730704,0.37751161159613467,0.41348838840386537,0.0,0.0,0.035976776807730704,0.0,0.0
rep0446,0.25,0.2468451336990828,synth_only,0.1,0.010000000000000002,0.020000000000000004,0.06999999999999999,prop_127,1000,2000,0.1508611724557829,0.17813882754421712,False,0.027277655088434216,0.027277655088434216,0.1508611724557829,0.17813882754421712,0.0,0.0,0.027277655088434216,0.0,0.0
rep0447,0.41,0.4140230549574396,synth_only,0.1,0.010000000000000002,0.020000000000000004,0.06999999999999999,prop_127,1000,2000,0.5890315142123854,0.6249684857876145,False,0.035936971575229126,0.035936971575229126,0.5890315142123854,0.6249684857876145,0.0,0.0,0.035936971575229126,0.0,0.0
rep0448,0.83,0.8287472972503965,synth_only,0.1,0.010000000000000002,0.020000000000000004,0.06999999999999999,prop_127,1000,2000,0.9560555978106592,0.9699444021893407,False,0.013888804378681563,0.013888804378681563,0.9560555978106592,0.9699444021893407,0.0,0.0,0.013888804378681563,0.0,0.0
rep0449,0.56,0.5645067429946748,synth_only,0.1,0.010000000000000002,0.020000000000000004,0.06999999999999999,prop_127,1000,2000,0.6299239893619081,0.6650760106380919,False,0.035152021276183776,0.035152021276183776,0.6299239893619081,0.6650760106380919,0.0,0.0,0.035152021276183776,0.0,0.0
rep0450,0.94,0.9431920023976119,synth_only,0.1,0.010000000000000002,0.020000000000000004,0.06999999999999999,prop_127,1000,2000,0.8638749439353414,0.8881250560646586,False,0.02425011212931727,0.02425011212931727,0.8638749439353414,0.8881250560646586,0.0,0.0,0.02425011212931727,0.0,0.0
rep0451,0.43,0.43180080703757445,synth_only,0.1,0.010000000000000002,0.020000000000000004,0.06999999999999999,prop_127,1000,2000,0.4656147986136999,0.5023852013863,False,0.03677040277260013,0.03677040277260013,0.4656147986136999,0.5023852013863,0.0,0.0,0.03677040277260013,0.0,0.0
rep0452,0.56,0.5627620654820352,synth_only,0.1,0.010000000000000002,0.020000000000000004,0.06999999999999999,prop_127,1000,2000,0.573919443450857,0.610080556549143,False,0.03616111309828596,0.03616111309828596,0.573919443450857,0.610080556549143,0.0,0.0,0.03616111309828596,0.0,0.0
rep0453,0.14,0.14300716904163316,synth_only,0.1,0.010000000000000002,0.020000000000000004,0.06999999999999999,prop_127,1000,2000,0.09372213148647261,0.11627786851352738,False,0.022555737027054767,0.022555737027054767,0.09372213148647261,0.11627786851352738,0.0,0.0,0.022555737027054767,0.0,0.0
rep0454,0.51,0.5104109404691677,synth_only,0.1,0.010000000000000002,0.020000000000000004,0.06999999999999999,prop_127,1000,2000,0.4791056080892704,0.5158943919107296,True,0.036788783821459226,0.036788783821459226,0.4791056080892704,0.5158943919107296,0.0,0.0,0.036788783821459226,0.0,0.0
rep0455,0.77,0.7735376398629162,synth_only,0.1,0.010000000000000002,0.020000000000000004,0.06999999999999999,prop_127,1000,2000,0.8358276525248993,0.8621723474751006,False,0.02634469495020131,0.02634469495020131,0.8358276525248993,0.8621723474751006,0.0,0.0,0.02634469495020131,0.0,0.0
rep0456,0.87,0.8687078336632835,synth_only,0.1,0.010000000000000002,0.020000000000000004,0.06999999999999999,prop_127,1000,2000,0.9190209495506658,0.9379790504493342,False,0.01895810089866834,0.01895810089866834,0.9190209495506658,0.9379790504493342,0.0,0.0,0.01895810089866834,0.0,0.0
rep0457,0.18,0.1788003322874369,synth_only,0.1,0.010000000000000002,0.020000000000000004,0.06999999999999999,prop_127,1000,2000,0.19404169981194194,0.22395830018805804,False,0.029916600376116098,0.029916600376116098,0.19404169981194194,0.22395830018805804,0.0,0.0,0.029916600376116098,0.0,0.0
rep0458,0.41,0.41178511078346147,synth_only,0.1,0.010000000000000002,0.020000000000000004,0.06999999999999999,prop_127,1000,2000,0.5613393838143037,0.5976606161856963,False,0.03632123237139262,0.03632123237139262,0.5613393838143037,0.5976606161856963,0.0,0.0,0.03632123237139262,0.0,0.0
rep0459,0.20,0.20251553907939746,synth_only,0.1,0.010000000000000002,0.020000000000000004,0.06999999999999999,prop_127,1000,2000,0.31368797320931147,0.34831202679068857,False,0.0346240535813771,0.0346240535813771,0.31368797320931147,0.34831202679068857,0.0,0.0,0.0346240535813771,0.0,0.0
rep0460,0.40,0.40292299108370144,synth_only,0.1,0.010000000000000002,0.020000000000000004,0.06999999999999999,prop_127,1000,2000,0.4581257062472834,0.4948742937527166,False,0.036748587505433195,0.036748587505433195,0.4581257062472834,0.4948742937527166,0.0,0.0,0.036748587505433195,0.0,0.0
rep0461,0.43,0.42646524714843287,synth_only,0.1,0.010000000000000002,0.020000000000000004,0.06999999999999999,prop_127,1000,2000,0.4441571859865033,0.48084281401349677,False,0.03668562802699349,0.03668562802699349,0.4441571859865033,0.48084281401349677,0.0,0.0,0.03668562802699349,0.0,0.0
rep0462,0.24,0.2370260445746453,synth_only,0.1,0.010000000000000002,0.020000000000000004,0.06999999999999999,prop_127,1000,2000,0.2541575508405975,0.28684244915940255,False,0.032684898318805056,0.032684898318805056,0.2541575508405975,0.28684244915940255,0.0,0.0,0.032684898318805056,0.0,0.0
rep0463,0.45,0.45355346086975507,synth_only,0.1,0.010000000000000002,0.020000000000000004,0.06999999999999999,prop_127,1000,2000,0.39587951413254274,0.4321204858674572,False,0.03624097173491447,0.03624097173491447,0.39587951413254274,0.4321204858674572,0.0,0.0,0.03624097173491447,0.0,0.0
rep0464,0.20,0.19807628410058195,synth_only,0.1,0.010000000000000002,0.020000000000000004,0.06999999999999999,prop_127,1000,2000,0.35570382365959063,0.39129617634040936,False,0.03559235268081873,0.03559235268081873,0.35570382365959063,0.39129617634040936,0.0,0.0,0.03559235268081873,0.0,0.0
rep0465,0.37,0.3748762907363597,synth_only,0.1,0.010000000000000002,0.020000000000000004,0.06999999999999999,prop_127,1000,2000,0.4711094346164512,0.5078905653835488,False,0.0367811307670976,0.0367811307670976,0.4711094346164512,0.5078905653835488,0.0,0.0,0.0367811307670976,0.0,0.0
rep0466,0.30,0.2980440564126031,synth_only,0.1,0.010000000000000002,0.020000000000000004,0.06999999999999999,prop_127,1000,2000,0.3859476114629836,0.42205238853701643,False,0.03610477707403281,0.03610477707403281,0.3859476114629836,0.42205238853701643,0.0,0.0,0.03610477707403281,0.0,0.0
rep0467,0.65,0.6504546908666262,synth_only,0.1,0.010000000000000002,0.020000000000000004,0.06999999999999999,prop_127,1000,2000,0.7366232460812406,0.7683767539187593,False,0.031753507837518624,0.031753507837518624,0.7366232460812406,0.7683767539187593,0.0,0.0,0.031753507837518624,0.0,0.0
rep0468,0.21,0.21265349235947165,synth_only,0.1,0.010000000000000002,0.020000000000000004,0.06999999999999999,prop_127,1000,2000,0.320103948302793,0.35489605169720706,False,0.034792103394414076,0.034792103394414076,0.320103948302793,0.35489605169720706,0.0,0.0,0.034792103394414076,0.0,0.0
rep0469,0.21,0.21258697800944226,synth_only,0.1,0.010000000000000002,0.020000000000000004,0.06999999999999999,prop_127,1000,2000,0.18868860525784686,0.2183113947421531,True,0.029622789484306244,0.029622789484306244,0.18868860525784686,0.2183113947421531,0.0,0.0,0.029622789484306244,0.0,0.0
rep0470,0.54,0.5398146548536492,synth_only,0.1,0.010000000000000002,0.020000000000000004,0.06999999999999999,prop_127,1000,2000,0.5729125953715482,0.6090874046284518,False,0.03617480925690364,0.03617480925690364,0.5729125953715482,0.6090874046284518,0.0,0.0,0.03617480925690364,0.0,0.0
rep0471,0.48,0.4781086076909956,synth_only,0.1,0.010000000000000002,0.020000000000000004,0.06999999999999999,prop_127,1000,2000,0.36709852640003493,0.4029014735999651,False,0.03580294719993016,0.03580294719993016,0.36709852640003493,0.4029014735999651,0.0,0.0,0.03580294719993016,0.0,0.0
rep0472,0.49,0.4931837617701383,synth_only,0.1,0.010000000000000002,0.020000000000000004,0.06999999999999999,prop_127,1000,2000,0.4766062979091469,0.5133937020908531,True,0.03678740418170623,0.03678740418170623,0.4766062979091469,0.5133937020908531,0.0,0.0,0.03678740418170623,0.0,0.0
rep0473,0.55,0.5502374412026185,synth_only,0.1,0.010000000000000002,0.020000000000000004,0.06999999999999999,prop_127,1000,2000,0.4846057092612334,0.5213942907387666,False,0.03678858147753322,0.03678858147753322,0.4846057092612334,0.5213942907387666,0.0,0.0,0.03678858147753322,0.0,0.0
rep0474,0.50,0.5022598212886866,synth_only,0.1,0.010000000000000002,0.020000000000000004,0.06999999999999999,prop_127,1000,2000,0.6648672685680783,0.6991327314319218,False,0.034265462863843466,0.034265462863843466,0.6648672685680783,0.6991327314319218,0.0,0.0,0.034265462863843466,0.0,0.0
rep0475,0.41,0.40841533643567224,synth_only,0.1,0.010000000000000002,0.020000000000000004,0.06999999999999999,prop_127,1000,2000,0.41676147502916683,0.45323852497083317,False,0.03647704994166634,0.03647704994166634,0.41676147502916683,0.45323852497083317,0.0,0.0,0.03647704994166634,0.0,0.0
rep0476,0.87,0.8664063007034848,synth_only,0.1,0.010000000000000002,0.020000000000000004,0.06999999999999999,prop_127,1000,2000,0.7673227648316993,0.7976772351683007,False,0.030354470336601436,0.030354470336601436,0.7673227648316993,0.7976772351683007,0.0,0.0,0.030354470336601436,0.0,0.0
rep0477,0.84,0.842413403448983,synth_only,0.1,0.010000000000000002,0.020000000000000004,0.06999999999999999,prop_127,1000,2000,0.8565872960945446,0.8814127039054553,False,0.024825407810910693,0.024825407810910693,0.8565872960945446,0.8814127039054553,0.0,0.0,0.024825407810910693,0.0,0.0
rep0478,0.60,0.5960768894900287,synth_only,0.1,0.010000000000000002,0.020000000000000004,0.06999999999999999,prop_127,1000,2000,0.5708991313016253,0.6071008686983747,True,0.03620173739674937,0.03620173739674937,0.5708991313016253,0.6071008686983747,0.0,0.0,0.03620173739674937,0.0,0.0
rep0479,0.21,0.2117708448822024,synth_only,0.1,0.010000000000000002,0.020000000000000004,0.06999999999999999,prop_127,1000,2000,0.20281018505118398,0.23318981494881602,True,0.030379629897632043,0.030379629897632043,0.20281018505118398,0.23318981494881602,0.0,0.0,0.030379629897632043,0.0,0.0
rep0480,0.52,0.518975354700866,synth_only,0.1,0.010000000000000002,0.020000000000000004,0.06999999999999999,prop_127,1000,2000,0.2580823594658376,0.29091764053416247,False,0.032835281068324895,0.032835281068324895,0.2580823594658376,0.29091764053416247,0.0,0.0,0.032835281068324895,0.0,0.0
rep0481,0.30,0.29832708580489603,synth_only,0.1,0.010000000000000002,0.020000000000000004,0.06999999999999999,prop_127,1000,2000,0.3507529454884253,0.3862470545115747,False,0.03549410902314942,0.03549410902314942,0.3507529454884253,0.3862470545115747,0.0,0.0,0.03549410902314942,0.0,0.0
rep0482,0.69,0.6895096020922585,synth_only,0.1,0.010000000000000002,0.020000000000000004,0.06999999999999999,prop_127,1000,2000,0.6887308125909766,0.7222691874090235,True,0.03353837481804689,0.03353837481804689,0.6887308125909766,0.7222691874090235,0.0,0.0,0.03353837481804689,0.0,0.0
rep0483,0.57,0.5687260783204688,synth_only,0.1,0.010000000000000002,0.020000000000000004,0.06999999999999999,prop_127,1000,2000,0.6917810089005805,0.7252189910994196,False,0.03343798219883909,0.03343798219883909,0.6917810089005805,0.7252189910994196,0.0,0.0,0.03343798219883909,0.0,0.0
rep0484,0.50,0.4958900010470314,synth_only,0.1,0.010000000000000002,0.020000000000000004,0.06999999999999999,prop_127,1000,2000,0.5332032125999276,0.5697967874000723,False,0.03659357480014469,0.03659357480014469,0.5332032125999276,0.5697967874000723,0.0,0.0,0.03659357480014469,0.0,0.0
rep0485,0.21,0.2077513364690137,synth_only,0.1,0.010000000000000002,0.020000000000000004,0.06999999999999999,prop_127,1000,2000,0.11858729609454467,0.14341270390545532,False,0.024825407810910652,0.024825407810910652,0.11858729609454467,0.14341270390545532,0.0,0.0,0.024825407810910652,0.0,0.0
rep0486,0.54,0.5439935944688932,synth_only,0.1,0.010000000000000002,0.020000000000000004,0.06999999999999999,prop_127,1000,2000,0.6476358277268274,0.6823641722731727,False,0.034728344546345324,0.034728344546345324,0.6476358277268274,0.6823641722731727,0.0,0.0,0.034728344546345324,0.0,0.0
rep0487,0.79,0.7934340143658382,synth_only,0.1,0.010000000000000002,0.020000000000000004,0.06999999999999999,prop_127,1000,2000,0.7724503774376972,0.8025496225623028,True,0.0300992451246056,0.0300992451246056,0.7724503774376972,0.8025496225623028,0.0,0.0,0.0300992451246056,0.0,0.0
rep0488,0.34,0.3421267850596136,synth_only,0.1,0.010000000000000002,0.020000000000000004,0.06999999999999999,prop_127,1000,2000,0.22624337694466937,0.25775662305533065,False,0.03151324611066128,0.03151324611066128,0.22624337694466937,0.25775662305533065,0.0,0.0,0.03151324611066128,0.0,0.0
rep0489,0.54,0.5385172305758641,synth_only,0.1,0.010000000000000002,0.020000000000000004,0.06999999999999999,prop_127,1000,2000,0.6354877403507578,0.6705122596492422,False,0.03502451929848438,0.03502451929848438,0.6354877403507578,0.6705122596492422,0.0,0.0,0.03502451929848438,0.0,0.0
rep0490,0.61,0.6067307120236206,synth_only,0.1,0.010000000000000002,0.020000000000000004,0.06999999999999999,prop_127,1000,2000,0.6800933110316398,0.7139066889683601,False,0.033813377936720235,0.033813377936720235,0.6800933110316398,0.7139066889683601,0.0,0.0,0.033813377936720235,0.0,0.0
rep0491,0.18,0.18473671585054022,synth_only,0.1,0.010000000000000002,0.020000000000000004,0.06999999999999999,prop_127,1000,2000,0.07805109377469559,0.0989489062253044,False,0.020897812450608816,0.020897812450608816,0.07805109377469559,0.0989489062253044,0.0,0.0,0.020897812450608816,0.0,0.0
rep0492,0.93,0.9279487323921178,synth_only,0.1,0.010000000000000002,0.020000000000000004,0.06999999999999999,prop_127,1000,2000,0.8151485199706292,0.8428514800293707,False,0.02770296005874151,0.02770296005874151,0.8151485199706292,0.8428514800293707,0.0,0.0,0.02770296005874151,0.0,0.0
rep0493,0.08,0.07615839584433524,synth_only,0.1,0.010000000000000002,0.020000000000000004,0.06999999999999999,prop_127,1000,2000,0.049400755289923985,0.06659924471007601,False,0.01719848942015203,0.01719848942015203,0.049400755289923985,0.06659924471007601,0.0,0.0,0.01719848942015203,0.0,0.0
rep0494,0.28,0.27554641305052574,synth_only,0.1,0.010000000000000002,0.020000000000000004,0.06999999999999999,prop_127,1000,2000,0.3695770390042017,0.40542296099579833,False,0.03584592199159664,0.03584592199159664,0.3695770390042017,0.40542296099579833,0.0,0.0,0.03584592199159664,0.0,0.0
rep0495,0.64,0.643907691720275,synth_only,0.1,0.010000000000000002,0.020000000000000004,0.06999999999999999,prop_127,1000,2000,0.6861896503430234,0.7198103496569765,False,0.03362069931395317,0.03362069931395317,0.6861896503430234,0.7198103496569765,0.0,0.0,0.03362069931395317,0.0,0.0
rep0496,0.72,0.7224562595011754,synth_only,0.1,0.010000000000000002,0.020000000000000004,0.06999999999999999,prop_127,1000,2000,0.8430836742880277,0.8689163257119723,False,0.02583265142394464,0.02583265142394464,0.8430836742880277,0.8689163257119723,0.0,0.0,0.02583265142394464,0.0,0.0
rep0497,0.48,0.4821267248525993,synth_only,0.1,0.010000000000000002,0.020000000000000004,0.06999999999999999,prop_127,1000,2000,0.6567551425779282,0.6912448574220719,False,0.03448971484414365,0.03448971484414365,0.6567551425779282,0.6912448574220719,0.0,0.0,0.03448971484414365,0.0,0.0
rep0498,0.35,0.35439100144032015,synth_only,0.1,0.010000000000000002,0.020000000000000004,0.06999999999999999,prop_127,1000,2000,0.5437473438379057,0.5802526561620944,False,0.03650531232418874,0.03650531232418874,0.5437473438379057,0.5802526561620944,0.0,0.0,0.03650531232418874,0.0,0.0
rep0499,0.45,0.4507297648925736,synth_only,0.1,0.010000000000000002,0.020000000000000004,0.06999999999999999,prop_127,1000,2000,0.6511813780563328,0.6858186219436672,False,0.03463724388733436,0.03463724388733436,0.6511813780563328,0.6858186219436672,0.0,0.0,0.03463724388733436,0.0,0.0
rep0500,0.54,0.5425140017223532,synth_only,0.1,0.010000000000000002,0.020000000000000004,0.06999999999999999,prop_127,1000,2000,0.5724092003592905,0.6085907996407095,False,0.03618159928141895,0.03618159928141895,0.5724092003592905,0.6085907996407095,0.0,0.0,0.03618159928141895,0.0,0.0
rep0501,0.65,0.651013799572821,synth_only,0.1,0.010000000000000002,0.020000000000000004,0.06999999999999999,prop_127,1000,2000,0.6983928040248142,0.7316071959751858,False,0.03321439195037157,0.03321439195037157,0.6983928040248142,0.7316071959751858,0.0,0.0,0.03321439195037157,0.0,0.0
rep0502,0.76,0.7577751337859409,synth_only,0.1,0.010000000000000002,0.020000000000000004,0.06999999999999999,prop_127,1000,2000,0.9881226452384716,0.9948773547615285,False,0.006754709523056901,0.006754709523056901,0.9881226452384716,0.9948773547615285,0.0,0.0,0.006754709523056901,0.0,0.0
rep0503,0.78,0.7811027924399915,synth_only,0.1,0.010000000000000002,0.020000000000000004,0.06999999999999999,prop_127,1000,2000,0.8711751907859154,0.8948248092140846,False,0.02364961842816915,0.02364961842816915,0.8711751907859154,0.8948248092140846,0.0,0.0,0.02364961842816915,0.0,0.0
rep0504,0.54,0.5374088733396306,synth_only,0.1,0.010000000000000002,0.020000000000000004,0.06999999999999999,prop_127,1000,2000,0.5397295563209797,0.5762704436790204,False,0.03654088735804062,0.03654088735804062,0.5397295563209797,0.5762704436790204,0.0,0.0,0.03654088735804062,0.0,0.0
rep0505,0.49,0.48659234227195847,synth_only,0.1,0.010000000000000002,0.020000000000000004,0.06999999999999999,prop_127,1000,2000,0.6182989059585691,0.653701094041431,False,0.035402188082861885,0.035402188082861885,0.6182989059585691,0.653701094041431,0.0,0.0,0.035402188082861885,0.0,0.0
rep0506,0.83,0.8264610168743529,synth_only,0.1,0.010000000000000002,0.020000000000000004,0.06999999999999999,prop_127,1000,2000,0.899997991814317,0.9210020081856829,False,0.02100401637136584,0.02100401637136584,0.899997991814317,0.9210020081856829,0.0,0.0,0.02100401637136584,0.0,0.0
rep0507,0.49,0.48658506137891744,synth_only,0.1,0.010000000000000002,0.020000000000000004,0.06999999999999999,prop_127,1000,2000,0.6466230105233132,0.6813769894766869,False,0.03475397895337373,0.03475397895337373,0.6466230105233132,0.6813769894766869,0.0,0.0,0.03475397895337373,0.0,0.0
rep0508,0.49,0.4897346689641244,synth_only,0.1,0.010000000000000002,0.020000000000000004,0.06999999999999999,prop_127,1000,2000,0.8053507330030761,0.8336492669969239,False,0.02829853399384774,0.02829853399384774,0.8053507330030761,0.8336492669969239,0.0,0.0,0.02829853399384774,0.0,0.0
rep0509,0.72,0.7239383825384896,synth_only,0.1,0.010000000000000002,0.020000000000000004,0.06999999999999999,prop_127,1000,2000,0.8963152103290071,0.917684789670993,False,0.02136957934198591,0.02136957934198591,0.8963152103290071,0.917684789670993,0.0,0.0,0.02136957934198591,0.0,0.0
rep0510,0.39,0.38937928757928125,synth_only,0.1,0.010000000000000002,0.020000000000000004,0.06999999999999999,prop_127,1000,2000,0.2792060426917851,0.31279395730821485,False,0.03358791461642974,0.03358791461642974,0.2792060426917851,0.31279395730821485,0.0,0.0,0.03358791461642974,0.0,0.0
rep0511,0.63,0.628448931105837,synth_only,0.1,0.010000000000000002,0.020000000000000004,0.06999999999999999,prop_127,1000,2000,0.6907641791973564,0.7242358208026436,False,0.03347164160528715,0.03347164160528715,0.6907641791973564,0.7242358208026436,0.0,0.0,0.03347164160528715,0.0,0.0
rep0512,0.71,0.7070833695113737,synth_only,0.1,0.010000000000000002,0.020000000000000004,0.06999999999999999,prop_127,1000,2000,0.7366232460812406,0.7683767539187593,False,0.031753507837518624,0.031753507837518624,0.7366232460812406,0.7683767539187593,0.0,0.0,0.031753507837518624,0.0,0.0
rep0513,0.73,0.7319998696238893,synth_only,0.1,0.010000000000000002,0.020000000000000004,0.06999999999999999,prop_127,1000,2000,0.8001999234917859,0.8288000765082141,False,0.028600153016428154,0.028600153016428154,0.8001999234917859,0.8288000765082141,0.0,0.0,0.028600153016428154,0.0,0.0
rep0514,0.43,0.42705520959545085,synth_only,0.1,0.010000000000000002,0.020000000000000004,0.06999999999999999,prop_127,1000,2000,0.3928991313016253,0.42910086869837466,True,0.03620173739674937,0.03620173739674937,0.3928991313016253,0.42910086869837466,0.0,0.0,0.03620173739674937,0.0,0.0
rep0515,0.18,0.1831288089956043,synth_only,0.1,0.010000000000000002,0.020000000000000004,0.06999999999999999,prop_127,1000,2000,0.14941131626478588,0.17658868373521414,False,0.02717736747042826,0.02717736747042826,0.14941131626478588,0.17658868373521414,0.0,0.0,0.02717736747042826,0.0,0.0
rep0516,0.61,0.6119712700664859,synth_only,0.1,0.010000000000000002,0.020000000000000004,0.06999999999999999,prop_127,1000,2000,0.6689255099578909,0.7030744900421092,False,0.034148980084218294,0.034148980084218294,0.6689255099578909,0.7030744900421092,0.0,0.0,0.034148980084218294,0.0,0.0
rep0517,0.18,0.18373222846712717,synth_only,0.1,0.010000000000000002,0.020000000000000004,0.06999999999999999,prop_127,1000,2000,0.2179360301160055,0.2490639698839945,False,0.031127939767989,0.031127939767989,0.2179360301160055,0.2490639698839945,0.0,0.0,0.031127939767989,0.0,0.0
rep0518,0.47,0.4655653780823635,synth_only,0.1,0.010000000000000002,0.020000000000000004,0.06999999999999999,prop_127,1000,2000,0.7055179261212133,0.7384820738787866,False,0.03296414775757328,0.03296414775757328,0.7055179261212133,0.7384820738787866,0.0,0.0,0.03296414775757328,0.0,0.0
rep0519,0.35,0.3538173002835155,synth_only,0.1,0.010000000000000002,0.020000000000000004,0.06999999999999999,prop_127,1000,2000,0.3953827354950093,0.43161726450499066,False,0.036234529009981364,0.036234529009981364,0.3953827354950093,0.43161726450499066,0.0,0.0,0.036234529009981364,0.0,0.0
rep0520,0.34,0.34223023574669453,synth_only,0.1,0.010000000000000002,0.020000000000000004,0.06999999999999999,prop_127,1000,2000,0.5860076901324659,0.6219923098675341,False,0.03598461973506817,0.03598461973506817,0.5860076901324659,0.6219923098675341,0.0,0.0,0.03598461973506817,0.0,0.0
rep0521,0.29,0.29433630526202653,synth_only,0.1,0.010000000000000002,0.020000000000000004,0.06999999999999999,prop_127,1000,2000,0.36511607545954033,0.4008839245404597,False,0.035767849080919345,0.035767849080919345,0.36511607545954033,0.4008839245404597,0.0,0.0,0.035767849080919345,0.0,0.0
rep0522,0.56,0.5606917375225541,synth_only,0.1,0.010000000000000002,0.020000000000000004,0.06999999999999999,prop_127,1000,2000,0.6481422691178874,0.6828577308821125,False,0.03471546176422513,0.03471546176422513,0.6481422691178874,0.6828577308821125,0.0,0.0,0.03471546176422513,0.0,0.0
rep0523,0.38,0.37802882591253495,synth_only,0.1,0.010000000000000002,0.020000000000000004,0.06999999999999999,prop_127,1000,2000,0.5507813736867505,0.5872186263132494,False,0.036437252626498884,0.036437252626498884,0.5507813736867505,0.5872186263132494,0.0,0.0,0.036437252626498884,0.0,0.0
rep0524,0.28,0.2841266123127458,synth_only,0.1,0.010000000000000002,0.020000000000000004,0.06999999999999999,prop_127,1000,2000,0.1862567823109727,0.21574321768902732,False,0.02948643537805462,0.02948643537805462,0.1862567823109727,0.21574321768902732,0.0,0.0,0.02948643537805462,0.0,0.0
rep0525,0.51,0.5117009948119199,synth_only,0.1,0.010000000000000002,0.020000000000000004,0.06999999999999999,prop_127,1000,2000,0.6989015775334194,0.7320984224665806,False,0.03319684493316122,0.03319684493316122,0.6989015775334194,0.7320984224665806,0.0,0.0,0.03319684493316122,0.0,0.0
rep0526,0.39,0.3914095804768173,synth_only,0.1,0.010000000000000002,0.020000000000000004,0.06999999999999999,prop_127,1000,2000,0.4851058288288162,0.5218941711711838,False,0.03678834234236755,0.03678834234236755,0.4851058288288162,0.5218941711711838,0.0,0.0,0.03678834234236755,0.0,0.0
rep0527,0.66,0.6638612758122979,synth_only,0.1,0.010000000000000002,0.020000000000000004,0.06999999999999999,prop_127,1000,2000,0.6061800255490768,0.6418199744509232,False,0.03563994890184641,0.03563994890184641,0.6061800255490768,0.6418199744509232,0.0,0.0,0.03563994890184641,0.0,0.0
rep0528,0.39,0.3886195180612263,synth_only,0.1,0.010000000000000002,0.020000000000000004,0.06999999999999999,prop_127,1000,2000,0.4766062979091469,0.5133937020908531,False,0.03678740418170623,0.03678740418170623,0.4766062979091469,0.5133937020908531,0.0,0.0,0.03678740418170623,0.0,0.0
rep0529,0.33,0.3333618896671625,synth_only,0.1,0.010000000000000002,0.020000000000000004,0.06999999999999999,prop_127,1000,2000,0.3799922007138216,0.4160077992861784,False,0.03601559857235681,0.03601559857235681,0.3799922007138216,0.4160077992861784,0.0,0.0,0.03601559857235681,0.0,0.0
rep0530,0.60,0.5993463540570101,synth_only,0.1,0.010000000000000002,0.020000000000000004,0.06999999999999999,prop_127,1000,2000,0.5804658485760498,0.6165341514239503,True,0.036068302847900524,0.036068302847900524,0.5804658485760498,0.6165341514239503,0.0,0.0,0.036068302847900524,0.0,0.0
rep0531,0.10,0.10416798771099253,synth_only,0.1,0.010000000000000002,0.020000000000000004,0.06999999999999999,prop_127,1000,2000,0.040135702165521286,0.055864297834478716,False,0.01572859566895743,0.01572859566895743,0.040135702165521286,0.055864297834478716,0.0,0.0,0.01572859566895743,0.0,0.0
rep0532,0.29,0.28644741092525783,synth_only,0.1,0.010000000000000002,0.020000000000000004,0.06999999999999999,prop_127,1000,2000,0.3710643853060399,0.4069356146939601,False,0.0358712293879202,0.0358712293879202,0.3710643853060399,0.4069356146939601,0.0,0.0,0.0358712293879202,0.0,0.0
rep0533,0.22,0.21806200614285395,synth_only,0.1,0.010000000000000002,0.020000000000000004,0.06999999999999999,prop_127,1000,2000,0.198424588938314,0.228575411061686,True,0.030150822123372,0.030150822123372,0.198424588938314,0.228575411061686,0.0,0.0,0.030150822123372,0.0,0.0
rep0534,0.84,0.8363459811373498,synth_only,0.1,0.010000000000000002,0.020000000000000004,0.06999999999999999,prop_127,1000,2000,0.9036856186775992,0.9243143813224008,False,0.020628762644801624,0.020628762644801624,0.9036856186775992,0.9243143813224008,0.0,0.0,0.020628762644801624,0.0,0.0
rep0535,0.67,0.6725433957921486,synth_only,0.1,0.010000000000000002,0.020000000000000004,0.06999999999999999,prop_127,1000,2000,0.7146861791719432,0.7473138208280568,False,0.03262764165611354,0.03262764165611354,0.7146861791719432,0.7473138208280568,0.0,0.0,0.03262764165611354,0.0,0.0
rep0536,0.39,0.3909753595459846,synth_only,0.1,0.010000000000000002,0.020000000000000004,0.06999999999999999,prop_127,1000,2000,0.2870775877276844,0.3209224122723156,False,0.033844824544631225,0.033844824544631225,0.2870775877276844,0.3209224122723156,0.0,0.0,0.033844824544631225,0.0,0.0
rep0537,0.44,0.4372363842485678,synth_only,0.1,0.010000000000000002,0.020000000000000004,0.06999999999999999,prop_127,1000,2000,0.4551312315697696,0.49186876843023036,False,0.03673753686046077,0.03673753686046077,0.4551312315697696,0.49186876843023036,0.0,0.0,0.03673753686046077,0.0,0.0
rep0538,0.58,0.5785409651444965,synth_only,0.1,0.010000000000000002,0.020000000000000004,0.06999999999999999,prop_127,1000,2000,0.4941111273728424,0.5308888726271574,False,0.03677774525431504,0.03677774525431504,0.4941111273728424,0.5308888726271574,0.0,0.0,0.03677774525431504,0.0,0.0
rep0539,0.63,0.6263676809494493,synth_only,0.1,0.010000000000000002,0.020000000000000004,0.06999999999999999,prop_127,1000,2000,0.6248682488049352,0.6601317511950647,True,0.03526350239012954,0.03526350239012954,0.6248682488049352,0.6601317511950647,0.0,0.0,0.03526350239012954,0.0,0.0
rep0540,0.45,0.45180813368573075,synth_only,0.1,0.010000000000000002,0.020000000000000004,0.06999999999999999,prop_127,1000,2000,0.2885541798798479,0.3224458201201521,False,0.03389164024030422,0.03389164024030422,0.2885541798798479,0.3224458201201521,0.0,0.0,0.03389164024030422,0.0,0.0
rep0541,0.10,0.10309817248260121,synth_only,0.1,0.010000000000000002,0.020000000000000004,0.06999999999999999,prop_127,1000,2000,0.08421284418402025,0.10578715581597975,True,0.021574311631959497,0.021574311631959497,0.08421284418402025,0.10578715581597975,0.0,0.0,0.021574311631959497,0.0,0.0
rep0542,0.15,0.15403159536418579,synth_only,0.1,0.010000000000000002,0.020000000000000004,0.06999999999999999,prop_127,1000,2000,0.1697447495894325,0.1982552504105675,False,0.028510500821134988,0.028510500821134988,0.1697447495894325,0.1982552504105675,0.0,0.0,0.028510500821134988,0.0,0.0
rep0543,0.72,0.7156358023600347,synth_only,0.1,0.010000000000000002,0.020000000000000004,0.06999999999999999,prop_127,1000,2000,0.8327209684831425,0.8592790315168575,False,0.026558063033714996,0.026558063033714996,0.8327209684831425,0.8592790315168575,0.0,0.0,0.026558063033714996,0.0,0.0
rep0544,0.77,0.7695851389465319,synth_only,0.1,0.010000000000000002,0.020000000000000004,0.06999999999999999,prop_127,1000,2000,0.7310065770938614,0.7629934229061386,False,0.031986845812277176,0.031986845812277176,0.7310065770938614,0.7629934229061386,0.0,0.0,0.031986845812277176,0.0,0.0
rep0545,0.69,0.6909403648857109,synth_only,0.1,0.010000000000000002,0.020000000000000004,0.06999999999999999,prop_127,1000,2000,0.6856814903376278,0.7193185096623722,True,0.03363701932474439,0.03363701932474439,0.6856814903376278,0.7193185096623722,0.0,0.0,0.03363701932474439,0.0,0.0
rep0546,0.98,0.9808696653114115,synth_only,0.1,0.010000000000000002,0.020000000000000004,0.06999999999999999,prop_127,1000,2000,0.9015777949115654,0.9224222050884346,False,0.02084441017686922,0.02084441017686922,0.9015777949115654,0.9224222050884346,0.0,0.0,0.02084441017686922,0.0,0.0
rep0547,0.61,0.612845008460995,synth_only,0.1,0.010000000000000002,0.020000000000000004,0.06999999999999999,prop_127,1000,2000,0.7187636850826068,0.7512363149173932,False,0.03247262983478638,0.03247262983478638,0.7187636850826068,0.7512363149173932,0.0,0.0,0.03247262983478638,0.0,0.0
rep0548,0.46,0.45996588488369566,synth_only,0.1,0.010000000000000002,0.020000000000000004,0.06999999999999999,prop_127,1000,2000,0.516149218795942,0.552850781204058,False,0.03670156240811595,0.03670156240811595,0.516149218795942,0.552850781204058,0.0,0.0,0.03670156240811595,0.0,0.0
rep0549,0.64,0.6372865053482185,synth_only,0.1,0.010000000000000002,0.020000000000000004,0.06999999999999999,prop_127,1000,2000,0.6380175690790887,0.6729824309209113,False,0.03496486184182257,0.03496486184182257,0.6380175690790887,0.6729824309209113,0.0,0.0,0.03496486184182257,0.0,0.0
rep0550,0.28,0.2848782961167063,synth_only,0.1,0.010000000000000002,0.020000000000000004,0.06999999999999999,prop_127,1000,2000,0.4611208453375383,0.4978791546624617,False,0.03675830932492341,0.03675830932492341,0.4611208453375383,0.4978791546624617,0.0,0.0,0.03675830932492341,0.0,0.0
rep0551,0.55,0.5499569164623319,synth_only,0.1,0.010000000000000002,0.020000000000000004,0.06999999999999999,prop_127,1000,2000,0.501620099743529,0.5383799002564711,False,0.03675980051294214,0.03675980051294214,0.501620099743529,0.5383799002564711,0.0,0.0,0.03675980051294214,0.0,0.0
rep0552,0.82,0.8221159763041617,synth_only,0.1,0.010000000000000002,0.020000000000000004,0.06999999999999999,prop_127,1000,2000,0.8649170434955965,0.8890829565044035,False,0.024165913008806994,0.024165913008806994,0.8649170434955965,0.8890829565044035,0.0,0.0,0.024165913008806994,0.0,0.0
rep0553,0.11,0.1109605429412068,synth_only,0.1,0.010000000000000002,0.020000000000000004,0.06999999999999999,prop_127,1000,2000,0.30185293645821043,0.3361470635417896,False,0.03429412708357915,0.03429412708357915,0.30185293645821043,0.3361470635417896,0.0,0.0,0.03429412708357915,0.0,0.0
rep0554,0.94,0.9447001580691099,synth_only,0.1,0.010000000000000002,0.020000000000000004,0.06999999999999999,prop_127,1000,2000,0.7637353895587615,0.7942646104412385,False,0.030529220882477004,0.030529220882477004,0.7637353895587615,0.7942646104412385,0.0,0.0,0.030529220882477004,0.0,0.0
rep0555,0.32,0.32256430734712244,synth_only,0.1,0.010000000000000002,0.020000000000000004,0.06999999999999999,prop_127,1000,2000,0.36362944736994846,0.39937055263005156,False,0.0357411052601031,0.0357411052601031,0.36362944736994846,0.39937055263005156,0.0,0.0,0.0357411052601031,0.0,0.0
rep0556,0.18,0.18087054949827816,synth_only,0.1,0.010000000000000002,0.020000000000000004,0.06999999999999999,prop_127,1000,2000,0.21891291582347855,0.2500870841765214,False,0.031174168353042875,0.031174168353042875,0.21891291582347855,0.2500870841765214,0.0,0.0,0.031174168353042875,0.0,0.0
rep0557,0.47,0.46546789102588365,synth_only,0.1,0.010000000000000002,0.020000000000000004,0.06999999999999999,prop_127,1000,2000,0.5714024683351148,0.6075975316648853,False,0.036195063329770516,0.036195063329770516,0.5714024683351148,0.6075975316648853,0.0,0.0,0.036195063329770516,0.0,0.0
rep0558,0.21,0.21357871319143243,synth_only,0.1,0.010000000000000002,0.020000000000000004,0.06999999999999999,prop_127,1000,2000,0.22282166263721662,0.2541783373627834,False,0.031356674725566774,0.031356674725566774,0.22282166263721662,0.2541783373627834,0.0,0.0,0.031356674725566774,0.0,0.0
rep0559,0.49,0.49325959696581245,synth_only,0.1,0.010000000000000002,0.020000000000000004,0.06999999999999999,prop_127,1000,2000,0.49361067656923313,0.530389323430767,False,0.036778646861533815,0.036778646861533815,0.49361067656923313,0.530389323430767,0.0,0.0,0.036778646861533815,0.0,0.0
rep0560,0.63,0.631758122399257,synth_only,0.1,0.010000000000000002,0.020000000000000004,0.06999999999999999,prop_127,1000,2000,0.6203198687642799,0.6556801312357201,True,0.035360262471440196,0.035360262471440196,0.6203198687642799,0.6556801312357201,0.0,0.0,0.035360262471440196,0.0,0.0
rep0561,0.42,0.4159235320035706,synth_only,0.1,0.010000000000000002,0.020000000000000004,0.06999999999999999,prop_127,1000,2000,0.2674103760779297,0.3005896239220702,False,0.0331792478441405,0.0331792478441405,0.2674103760779297,0.3005896239220702,0.0,0.0,0.0331792478441405,0.0,0.0
rep0562,0.35,0.34576887920309607,synth_only,0.1,0.010000000000000002,0.020000000000000004,0.06999999999999999,prop_127,1000,2000,0.4521374219047647,0.48886257809523526,False,0.036725156190470565,0.036725156190470565,0.4521374219047647,0.48886257809523526,0.0,0.0,0.036725156190470565,0.0,0.0
rep0563,0.58,0.580960389201487,synth_only,0.1,0.010000000000000002,0.020000000000000004,0.06999999999999999,prop_127,1000,2000,0.3829695545105673,0.41903044548943275,False,0.036060890978865445,0.036060890978865445,0.3829695545105673,0.41903044548943275,0.0,0.0,0.036060890978865445,0.0,0.0
rep0564,0.19,0.19320089773917004,synth_only,0.1,0.010000000000000002,0.020000000000000004,0.06999999999999999,prop_127,1000,2000,0.23260177830648088,0.2643982216935191,False,0.03179644338703824,0.03179644338703824,0.23260177830648088,0.2643982216935191,0.0,0.0,0.03179644338703824,0.0,0.0
rep0565,0.69,0.6850878348782574,synth_only,0.1,0.010000000000000002,0.020000000000000004,0.06999999999999999,prop_127,1000,2000,0.6933064372850736,0.7266935627149264,False,0.03338712542985278,0.03338712542985278,0.6933064372850736,0.7266935627149264,0.0,0.0,0.03338712542985278,0.0,0.0
rep0566,0.44,0.4395773857734668,synth_only,0.1,0.010000000000000002,0.020000000000000004,0.06999999999999999,prop_127,1000,2000,0.39687312912392525,0.4331268708760747,False,0.03625374175214946,0.03625374175214946,0.39687312912392525,0.4331268708760747,0.0,0.0,0.03625374175214946,0.0,0.0
rep0567,0.44,0.43647146936868164,synth_only,0.1,0.010000000000000002,0.020000000000000004,0.06999999999999999,prop_127,1000,2000,0.46911112737284244,0.5058888726271575,False,0.0367777452543151,0.0367777452543151,0.46911112737284244,0.5058888726271575,0.0,0.0,0.0367777452543151,0.0,0.0
rep0568,0.40,0.4025698209814688,synth_only,0.1,0.010000000000000002,0.020000000000000004,0.06999999999999999,prop_127,1000,2000,0.48910744766643427,0.5258925523335656,False,0.03678510466713131,0.03678510466713131,0.48910744766643427,0.5258925523335656,0.0,0.0,0.03678510466713131,0.0,0.0
rep0569,0.64,0.6364065684615023,synth_only,0.1,0.010000000000000002,0.020000000000000004,0.06999999999999999,prop_127,1000,2000,0.6856814903376278,0.7193185096623722,False,0.03363701932474439,0.03363701932474439,0.6856814903376278,0.7193185096623722,0.0,0.0,0.03363701932474439,0.0,0.0
rep0570,0.76,0.7649953720403891,synth_only,0.1,0.010000000000000002,0.020000000000000004,0.06999999999999999,prop_127,1000,2000,0.9576925234771256,0.9713074765228744,False,0.013614953045748779,0.013614953045748779,0.9576925234771256,0.9713074765228744,0.0,0.0,0.013614953045748779,0.0,0.0
rep0571,0.94,0.9407087431104716,synth_only,0.1,0.010000000000000002,0.020000000000000004,0.06999999999999999,prop_127,1000,2000,0.9748495058834169,0.9851504941165831,False,0.010300988233166164,0.010300988233166164,0.9748495058834169,0.9851504941165831,0.0,0.0,0.010300988233166164,0.0,0.0
rep0572,0.75,0.7523853437805481,synth_only,0.1,0.010000000000000002,0.020000000000000004,0.06999999999999999,prop_127,1000,2000,0.6973753319568834,0.7306246680431165,False,0.03324933608623315,0.03324933608623315,0.6973753319568834,0.7306246680431165,0.0,0.0,0.03324933608623315,0.0,0.0
rep0573,0.74,0.7416686820244418,synth_only,0.1,0.010000000000000002,0.020000000000000004,0.06999999999999999,prop_127,1000,2000,0.7791213091139014,0.8088786908860987,False,0.029757381772197222,0.029757381772197222,0.7791213091139014,0.8088786908860987,0.0,0.0,0.029757381772197222,0.0,0.0
rep0574,0.54,0.5388677467881925,synth_only,0.1,0.010000000000000002,0.020000000000000004,0.06999999999999999,prop_127,1000,2000,0.8675234341940673,0.8914765658059326,False,0.023953131611865297,0.023953131611865297,0.8675234341940673,0.8914765658059326,0.0,0.0,0.023953131611865297,0.0,0.0
rep0575,0.60,0.6046972477384603,synth_only,0.1,0.010000000000000002,0.020000000000000004,0.06999999999999999,prop_127,1000,2000,0.6790775877276843,0.7129224122723156,False,0.033844824544631225,0.033844824544631225,0.6790775877276843,0.7129224122723156,0.0,0.0,0.033844824544631225,0.0,0.0
rep0576,0.54,0.5381818712273801,synth_only,0.1,0.010000000000000002,0.020000000000000004,0.06999999999999999,prop_127,1000,2000,0.5960898716714372,0.6319101283285627,False,0.035820256657125515,0.035820256657125515,0.5960898716714372,0.6319101283285627,0.0,0.0,0.035820256657125515,0.0,0.0
rep0577,0.27,0.26598676139715116,synth_only,0.1,0.010000000000000002,0.020000000000000004,0.06999999999999999,prop_127,1000,2000,0.19891174485575017,0.22908825514424982,False,0.03017651028849966,0.03017651028849966,0.19891174485575017,0.22908825514424982,0.0,0.0,0.03017651028849966,0.0,0.0
rep0578,0.64,0.6359489349827866,synth_only,0.1,0.010000000000000002,0.020000000000000004,0.06999999999999999,prop_127,1000,2000,0.7269238581985883,0.7590761418014117,False,0.032152283602823406,0.032152283602823406,0.7269238581985883,0.7590761418014117,0.0,0.0,0.032152283602823406,0.0,0.0
rep0579,0.50,0.502528199317781,synth_only,0.1,0.010000000000000002,0.020000000000000004,0.06999999999999999,prop_127,1000,2000,0.4706098301923084,0.5073901698076916,True,0.036780339615383184,0.036780339615383184,0.4706098301923084,0.5073901698076916,0.0,0.0,0.036780339615383184,0.0,0.0
rep0580,0.57,0.5717964033273751,synth_only,0.1,0.010000000000000002,0.020000000000000004,0.06999999999999999,prop_127,1000,2000,0.6198145970349429,0.655185402965057,False,0.0353708059301141,0.0353708059301141,0.6198145970349429,0.655185402965057,0.0,0.0,0.0353708059301141,0.0,0.0
rep0581,0.72,0.7247500146922884,synth_only,0.1,0.010000000000000002,0.020000000000000004,0.06999999999999999,prop_127,1000,2000,0.8915869342227203,0.9134130657772797,False,0.02182613155455937,0.02182613155455937,0.8915869342227203,0.9134130657772797,0.0,0.0,0.02182613155455937,0.0,0.0
rep0582,0.46,0.45679599120569614,synth_only,0.1,0.010000000000000002,0.020000000000000004,0.06999999999999999,prop_127,1000,2000,0.8436023527770764,0.8693976472229237,False,0.025795294445847272,0.025795294445847272,0.8436023527770764,0.8693976472229237,0.0,0.0,0.025795294445847272,0.0,0.0
rep0583,0.49,0.4854432243295074,synth_only,0.1,0.010000000000000002,0.020000000000000004,0.06999999999999999,prop_127,1000,2000,0.5512839461343415,0.5877160538656585,False,0.036432107731317,0.036432107731317,0.5512839461343415,0.5877160538656585,0.0,0.0,0.036432107731317,0.0,0.0
rep0584,0.46,0.4596330315210002,synth_only,0.1,0.010000000000000002,0.020000000000000004,0.06999999999999999,prop_127,1000,2000,0.7269238581985883,0.7590761418014117,False,0.032152283602823406,0.032152283602823406,0.7269238581985883,0.7590761418014117,0.0,0.0,0.032152283602823406,0.0,0.0
rep0585,0.49,0.49218485030567377,synth_only,0.1,0.010000000000000002,0.020000000000000004,0.06999999999999999,prop_127,1000,2000,0.37949604362849254,0.4155039563715075,False,0.03600791274301496,0.03600791274301496,0.37949604362849254,0.4155039563715075,0.0,0.0,0.03600791274301496,0.0,0.0
rep0586,0.83,0.8322295981314887,synth_only,0.1,0.010000000000000002,0.020000000000000004,0.06999999999999999,prop_127,1000,2000,0.9110765149334422,0.9309234850665579,False,0.01984697013311565,0.01984697013311565,0.9110765149334422,0.9309234850665579,0.0,0.0,0.01984697013311565,0.0,0.0
rep0587,0.19,0.19433133903168506,synth_only,0.1,0.010000000000000002,0.020000000000000004,0.06999999999999999,prop_127,1000,2000,0.37453555388682114,0.4104644461131789,False,0.035928892226357756,0.035928892226357756,0.37453555388682114,0.4104644461131789,0.0,0.0,0.035928892226357756,0.0,0.0
rep0588,0.65,0.652867814355372,synth_only,0.1,0.010000000000000002,0.020000000000000004,0.06999999999999999,prop_127,1000,2000,0.7606617529165117,0.7913382470834883,False,0.030676494166976598,0.030676494166976598,0.7606617529165117,0.7913382470834883,0.0,0.0,0.030676494166976598,0.0,0.0
rep0589,0.45,0.45058856272931086,synth_only,0.1,0.010000000000000002,0.020000000000000004,0.06999999999999999,prop_127,1000,2000,0.435683389617742,0.47231661038225803,True,0.03663322076451603,0.03663322076451603,0.435683389617742,0.47231661038225803,0.0,0.0,0.03663322076451603,0.0,0.0
rep0590,0.70,0.6978752355006593,synth_only,0.1,0.010000000000000002,0.020000000000000004,0.06999999999999999,prop_127,1000,2000,0.7703989341040794,0.8006010658959205,False,0.030202131791841058,0.030202131791841058,0.7703989341040794,0.8006010658959205,0.0,0.0,0.030202131791841058,0.0,0.0
rep0591,0.36,0.3566519998772018,synth_only,0.1,0.010000000000000002,0.020000000000000004,0.06999999999999999,prop_127,1000,2000,0.37651951354402363,0.4124804864559764,False,0.03596097291195277,0.03596097291195277,0.37651951354402363,0.4124804864559764,0.0,0.0,0.03596097291195277,0.0,0.0
rep0592,0.47,0.47016838771298314,synth_only,0.1,0.010000000000000002,0.020000000000000004,0.06999999999999999,prop_127,1000,2000,0.5427427841352755,0.5792572158647246,False,0.036514431729449015,0.036514431729449015,0.5427427841352755,0.5792572158647246,0.0,0.0,0.036514431729449015,0.0,0.0
rep0593,0.78,0.7812828144278238,synth_only,0.1,0.010000000000000002,0.020000000000000004,0.06999999999999999,prop_127,1000,2000,0.8363456073445719,0.8626543926554282,False,0.026308785310856342,0.026308785310856342,0.8363456073445719,0.8626543926554282,0.0,0.0,0.026308785310856342,0.0,0.0
rep0594,0.15,0.15337497450052387,synth_only,0.1,0.010000000000000002,0.020000000000000004,0.06999999999999999,prop_127,1000,2000,0.33097009909889397,0.366029900901106,False,0.03505980180221202,0.03505980180221202,0.33097009909889397,0.366029900901106,0.0,0.0,0.03505980180221202,0.0,0.0
rep0595,0.50,0.5029469343291464,synth_only,0.1,0.010000000000000002,0.020000000000000004,0.06999999999999999,prop_127,1000,2000,0.614763015097101,0.6502369849028989,False,0.03547396980579798,0.03547396980579798,0.614763015097101,0.6502369849028989,0.0,0.0,0.03547396980579798,0.0,0.0
rep0596,0.48,0.48057452723315863,synth_only,0.1,0.010000000000000002,0.020000000000000004,0.06999999999999999,prop_127,1000,2000,0.5266800278465139,0.5633199721534862,False,0.03663994430697226,0.03663994430697226,0.5266800278465139,0.5633199721534862,0.0,0.0,0.03663994430697226,0.0,0.0
rep0597,0.69,0.6861888709196698,synth_only,0.1,0.010000000000000002,0.020000000000000004,0.06999999999999999,prop_127,1000,2000,0.689747447191636,0.723252552808364,False,0.033505105616727926,0.033505105616727926,0.689747447191636,0.723252552808364,0.0,0.0,0.033505105616727926,0.0,0.0
rep0598,0.11,0.11258256296318113,synth_only,0.1,0.010000000000000002,0.020000000000000004,0.06999999999999999,prop_127,1000,2000,0.08516221100060968,0.10683778899939032,False,0.021675577998780643,0.021675577998780643,0.08516221100060968,0.10683778899939032,0.0,0.0,0.021675577998780643,0.0,0.0
rep0599,0.23,0.22808153862487301,synth_only,0.1,0.010000000000000002,0.020000000000000004,0.06999999999999999,prop_127,1000,2000,0.2752725818183903,0.30872741818160965,False,0.03345483636321933,0.03345483636321933,0.2752725818183903,0.30872741818160965,0.0,0.0,0.03345483636321933,0.0,0.0
rep0600,0.50,0.4967992746134487,synth_only,0.1,0.010000000000000002,0.020000000000000004,0.06999999999999999,prop_127,1000,2000,0.4851058288288162,0.5218941711711838,True,0.03678834234236755,0.03678834234236755,0.4851058288288162,0.5218941711711838,0.0,0.0,0.03678834234236755,0.0,0.0
rep0601,0.69,0.6902761432921406,synth_only,0.1,0.010000000000000002,0.020000000000000004,0.06999999999999999,prop_127,1000,2000,0.8177294293056209,0.8452705706943792,False,0.027541141388758295,0.027541141388758295,0.8177294293056209,0.8452705706943792,0.0,0.0,0.027541141388758295,0.0,0.0
rep0602,0.38,0.3800058624450191,synth_only,0.1,0.010000000000000002,0.020000000000000004,0.06999999999999999,prop_127,1000,2000,0.2964328933200723,0.3305671066799277,False,0.03413421335985545,0.03413421335985545,0.2964328933200723,0.3305671066799277,0.0,0.0,0.03413421335985545,0.0,0.0
rep0603,0.10,0.09891501159134349,synth_only,0.1,0.010000000000000002,0.020000000000000004,0.06999999999999999,prop_127,1000,2000,0.07237836037449606,0.09262163962550395,False,0.020243279251007884,0.020243279251007884,0.07237836037449606,0.09262163962550395,0.0,0.0,0.020243279251007884,0.0,0.0
rep0604,0.49,0.49369290489599743,synth_only,0.1,0.010000000000000002,0.020000000000000004,0.06999999999999999,prop_127,1000,2000,0.3621429998286386,0.3978570001713614,False,0.03571400034272276,0.03571400034272276,0.3621429998286386,0.3978570001713614,0.0,0.0,0.03571400034272276,0.0,0.0
rep0605,0.60,0.6035496709735864,synth_only,0.1,0.010000000000000002,0.020000000000000004,0.06999999999999999,prop_127,1000,2000,0.8125686876909036,0.8404313123090964,False,0.027862624618192777,0.027862624618192777,0.8125686876909036,0.8404313123090964,0.0,0.0,0.027862624618192777,0.0,0.0
rep0606,0.21,0.21319807329954524,synth_only,0.1,0.010000000000000002,0.020000000000000004,0.06999999999999999,prop_127,1000,2000,0.30776884350955835,0.34223115649044167,False,0.034462312980883314,0.034462312980883314,0.30776884350955835,0.34223115649044167,0.0,0.0,0.034462312980883314,0.0,0.0
rep0607,0.64,0.6443716841714197,synth_only,0.1,0.010000000000000002,0.020000000000000004,0.06999999999999999,prop_127,1000,2000,0.5824807895539688,0.6185192104460313,False,0.03603842089206255,0.03603842089206255,0.5824807895539688,0.6185192104460313,0.0,0.0,0.03603842089206255,0.0,0.0
rep0608,0.03,0.02827567590134843,synth_only,0.1,0.010000000000000002,0.020000000000000004,0.06999999999999999,prop_127,1000,2000,0.012676012613088525,0.02232398738691148,False,0.009647974773822954,0.009647974773822954,0.012676012613088525,0.02232398738691148,0.0,0.0,0.009647974773822954,0.0,0.0
rep0609,0.55,0.5474134707393462,synth_only,0.1,0.010000000000000002,0.020000000000000004,0.06999999999999999,prop_127,1000,2000,0.667910812202638,0.7020891877973621,False,0.03417837559472403,0.03417837559472403,0.667910812202638,0.7020891877973621,0.0,0.0,0.03417837559472403,0.0,0.0
rep0610,0.29,0.28684135798442517,synth_only,0.1,0.010000000000000002,0.020000000000000004,0.06999999999999999,prop_127,1000,2000,0.32701756907908874,0.3619824309209112,False,0.03496486184182246,0.03496486184182246,0.32701756907908874,0.3619824309209112,0.0,0.0,0.03496486184182246,0.0,0.0
rep0611,0.14,0.13578129059991748,synth_only,0.1,0.010000000000000002,0.020000000000000004,0.06999999999999999,prop_127,1000,2000,0.2870775877276844,0.3209224122723156,False,0.033844824544631225,0.033844824544631225,0.2870775877276844,0.3209224122723156,0.0,0.0,0.033844824544631225,0.0,0.0
rep0612,0.62,0.6187309196315114,synth_only,0.1,0.010000000000000002,0.020000000000000004,0.06999999999999999,prop_127,1000,2000,0.6253737285440668,0.6606262714559332,False,0.035252542911866414,0.035252542911866414,0.6253737285440668,0.6606262714559332,0.0,0.0,0.035252542911866414,0.0,0.0
rep0613,0.63,0.6270930836482813,synth_only,0.1,0.010000000000000002,0.020000000000000004,0.06999999999999999,prop_127,1000,2000,0.8228945562578195,0.8501054437421806,False,0.027210887484361068,0.027210887484361068,0.8228945562578195,0.8501054437421806,0.0,0.0,0.027210887484361068,0.0,0.0
rep0614,0.43,0.43038825650727186,synth_only,0.1,0.010000000000000002,0.020000000000000004,0.06999999999999999,prop_127,1000,2000,0.685173354398081,0.7188266456019189,False,0.033653291203837865,0.033653291203837865,0.685173354398081,0.7188266456019189,0.0,0.0,0.033653291203837865,0.0,0.0
rep0615,0.84,0.8391156500249953,synth_only,0.1,0.010000000000000002,0.020000000000000004,0.06999999999999999,prop_127,1000,2000,0.783229405003472,0.812770594996528,False,0.029541189993055994,0.029541189993055994,0.783229405003472,0.812770594996528,0.0,0.0,0.029541189993055994,0.0,0.0
rep0616,0.61,0.6123569717990613,synth_only,0.1,0.010000000000000002,0.020000000000000004,0.06999999999999999,prop_127,1000,2000,0.5372190494441262,0.5737809505558737,False,0.03656190111174751,0.03656190111174751,0.5372190494441262,0.5737809505558737,0.0,0.0,0.03656190111174751,0.0,0.0
rep0617,0.62,0.6205075481320748,synth_only,0.1,0.010000000000000002,0.020000000000000004,0.06999999999999999,prop_127,1000,2000,0.5141442779250807,0.5508557220749193,False,0.036711444149838623,0.036711444149838623,0.5141442779250807,0.5508557220749193,0.0,0.0,0.036711444149838623,0.0,0.0
rep0618,0.14,0.1429645586149851,synth_only,0.1,0.010000000000000002,0.020000000000000004,0.06999999999999999,prop_127,1000,2000,0.07994528524013103,0.10105471475986896,False,0.021109429519737932,0.021109429519737932,0.07994528524013103,0.10105471475986896,0.0,0.0,0.021109429519737932,0.0,0.0
rep0619,0.52,0.516527602766824,synth_only,0.1,0.010000000000000002,0.020000000000000004,0.06999999999999999,prop_127,1000,2000,0.4766062979091469,0.5133937020908531,False,0.03678740418170623,0.03678740418170623,0.4766062979091469,0.5133937020908531,0.0,0.0,0.03678740418170623,0.0,0.0
rep0620,0.15,0.154536062752559,synth_only,0.1,0.010000000000000002,0.020000000000000004,0.06999999999999999,prop_127,1000,2000,0.060144404188843224,0.07885559581115678,False,0.018711191622313557,0.018711191622313557,0.060144404188843224,0.07885559581115678,0.0,0.0,0.018711191622313557,0.0,0.0
rep0621,0.32,0.31841831039389845,synth_only,0.1,0.010000000000000002,0.020000000000000004,0.06999999999999999,prop_127,1000,2000,0.30579651412392267,0.34020348587607735,True,0.03440697175215468,0.03440697175215468,0.30579651412392267,0.34020348587607735,0.0,0.0,0.03440697175215468,0.0,0.0
rep0622,0.85,0.8457324695232843,synth_only,0.1,0.010000000000000002,0.020000000000000004,0.06999999999999999,prop_127,1000,2000,0.7264136428974537,0.7585863571025464,False,0.03217271420509271,0.03217271420509271,0.7264136428974537,0.7585863571025464,0.0,0.0,0.03217271420509271,0.0,0.0
rep0623,0.40,0.39839224799048806,synth_only,0.1,0.010000000000000002,0.020000000000000004,0.06999999999999999,prop_127,1000,2000,0.39587951413254274,0.4321204858674572,True,0.03624097173491447,0.03624097173491447,0.39587951413254274,0.4321204858674572,0.0,0.0,0.03624097173491447,0.0,0.0
rep0624,0.51,0.5112065288467394,synth_only,0.1,0.010000000000000002,0.020000000000000004,0.06999999999999999,prop_127,1000,2000,0.6628386951837257,0.6971613048162744,False,0.03432260963254863,0.03432260963254863,0.6628386951837257,0.6971613048162744,0.0,0.0,0.03432260963254863,0.0,0.0
rep0625,0.41,0.41172009420229283,synth_only,0.1,0.010000000000000002,0.020000000000000004,0.06999999999999999,prop_127,1000,2000,0.46062160937265384,0.4973783906273461,False,0.03675678125469228,0.03675678125469228,0.46062160937265384,0.4973783906273461,0.0,0.0,0.03675678125469228,0.0,0.0
rep0626,0.45,0.4490396417877701,synth_only,0.1,0.010000000000000002,0.020000000000000004,0.06999999999999999,prop_127,1000,2000,0.34580411565046554,0.38119588434953444,False,0.035391768699068904,0.035391768699068904,0.34580411565046554,0.38119588434953444,0.0,0.0,0.035391768699068904,0.0,0.0
rep0627,0.26,0.25677254203726624,synth_only,0.1,0.010000000000000002,0.020000000000000004,0.06999999999999999,prop_127,1000,2000,0.22135565799107518,0.2526443420089248,False,0.03128868401784965,0.03128868401784965,0.22135565799107518,0.2526443420089248,0.0,0.0,0.03128868401784965,0.0,0.0
rep0628,0.85,0.8498651658717413,synth_only,0.1,0.010000000000000002,0.020000000000000004,0.06999999999999999,prop_127,1000,2000,0.8586682477102149,0.8833317522897851,False,0.024663504579570228,0.024663504579570228,0.8586682477102149,0.8833317522897851,0.0,0.0,0.024663504579570228,0.0,0.0
rep0629,0.74,0.7420867049314198,synth_only,0.1,0.010000000000000002,0.020000000000000004,0.06999999999999999,prop_127,1000,2000,0.699919199698201,0.733080800301799,False,0.03316160060359796,0.03316160060359796,0.699919199698201,0.733080800301799,0.0,0.0,0.03316160060359796,0.0,0.0
rep0630,0.52,0.5201797266154914,synth_only,0.1,0.010000000000000002,0.020000000000000004,0.06999999999999999,prop_127,1000,2000,0.7151957746257119,0.7478042253742881,False,0.03260845074857621,0.03260845074857621,0.7151957746257119,0.7478042253742881,0.0,0.0,0.03260845074857621,0.0,0.0
rep0631,0.41,0.41433972053110196,synth_only,0.1,0.010000000000000002,0.020000000000000004,0.06999999999999999,prop_127,1000,2000,0.5066283858211563,0.5433716141788437,False,0.036743228357687396,0.036743228357687396,0.5066283858211563,0.5433716141788437,0.0,0.0,0.036743228357687396,0.0,0.0
rep0632,0.31,0.30685759098370324,synth_only,0.1,0.010000000000000002,0.020000000000000004,0.06999999999999999,prop_127,1000,2000,0.422236085662194,0.458763914337806,False,0.036527828675611995,0.036527828675611995,0.422236085662194,0.458763914337806,0.0,0.0,0.036527828675611995,0.0,0.0
rep0633,0.10,0.09710738774154229,synth_only,0.1,0.010000000000000002,0.020000000000000004,0.06999999999999999,prop_127,1000,2000,0.10183034114002863,0.1251696588599714,False,0.023339317719942757,0.023339317719942757,0.10183034114002863,0.1251696588599714,0.0,0.0,0.023339317719942757,0.0,0.0
rep0634,0.54,0.5370884766756563,synth_only,0.1,0.010000000000000002,0.020000000000000004,0.06999999999999999,prop_127,1000,2000,0.6390296504045386,0.6739703495954613,False,0.034940699190922686,0.034940699190922686,0.6390296504045386,0.6739703495954613,0.0,0.0,0.034940699190922686,0.0,0.0
rep0635,0.18,0.17827000773312507,synth_only,0.1,0.010000000000000002,0.020000000000000004,0.06999999999999999,prop_127,1000,2000,0.11954718065042721,0.1444528193495728,False,0.024905638699145582,0.024905638699145582,0.11954718065042721,0.1444528193495728,0.0,0.0,0.024905638699145582,0.0,0.0
rep0636,0.58,0.5834640635639543,synth_only,0.1,0.010000000000000002,0.020000000000000004,0.06999999999999999,prop_127,1000,2000,0.6552347585496138,0.6897652414503862,False,0.03453048290077243,0.03453048290077243,0.6552347585496138,0.6897652414503862,0.0,0.0,0.03453048290077243,0.0,0.0
rep0637,0.66,0.6606259632581091,synth_only,0.1,0.010000000000000002,0.020000000000000004,0.06999999999999999,prop_127,1000,2000,0.5875195135440237,0.6234804864559764,False,0.03596097291195277,0.03596097291195277,0.5875195135440237,0.6234804864559764,0.0,0.0,0.03596097291195277,0.0,0.0
rep0638,0.21,0.21433342558165774,synth_only,0.1,0.010000000000000002,0.020000000000000004,0.06999999999999999,prop_127,1000,2000,0.2443529268506276,0.2766470731493724,False,0.03229414629874483,0.03229414629874483,0.2443529268506276,0.2766470731493724,0.0,0.0,0.03229414629874483,0.0,0.0
rep0639,0.69,0.6903486977629466,synth_only,0.1,0.010000000000000002,0.020000000000000004,0.06999999999999999,prop_127,1000,2000,1.0,1.0,False,0.0,0.0,1.0,1.0,0.0,0.0,0.0,0.0,0.0
rep0640,0.79,0.786524726491391,synth_only,0.1,0.010000000000000002,0.020000000000000004,0.06999999999999999,prop_127,1000,2000,0.7044997473652767,0.7375002526347233,False,0.033000505269446645,0.033000505269446645,0.7044997473652767,0.7375002526347233,0.0,0.0,0.033000505269446645,0.0,0.0
rep0641,0.34,0.34238386107268753,synth_only,0.1,0.010000000000000002,0.020000000000000004,0.06999999999999999,prop_127,1000,2000,0.4551312315697696,0.49186876843023036,False,0.03673753686046077,0.03673753686046077,0.4551312315697696,0.49186876843023036,0.0,0.0,0.03673753686046077,0.0,0.0
rep0642,0.65,0.6487182596051031,synth_only,0.1,0.010000000000000002,0.020000000000000004,0.06999999999999999,prop_127,1000,2000,0.681617073755443,0.715382926244557,False,0.03376585248911401,0.03376585248911401,0.681617073755443,0.715382926244557,0.0,0.0,0.03376585248911401,0.0,0.0
rep0643,0.36,0.36343834785442014,synth_only,0.1,0.010000000000000002,0.020000000000000004,0.06999999999999999,prop_127,1000,2000,0.4941111273728424,0.5308888726271574,False,0.03677774525431504,0.03677774525431504,0.4941111273728424,0.5308888726271574,0.0,0.0,0.03677774525431504,0.0,0.0
rep0644,0.65,0.6481229391038595,synth_only,0.1,0.010000000000000002,0.020000000000000004,0.06999999999999999,prop_127,1000,2000,0.6648672685680783,0.6991327314319218,False,0.034265462863843466,0.034265462863843466,0.6648672685680783,0.6991327314319218,0.0,0.0,0.034265462863843466,0.0,0.0
rep0645,0.29,0.2941433730670103,synth_only,0.1,0.010000000000000002,0.020000000000000004,0.06999999999999999,prop_127,1000,2000,0.23994437152200743,0.2720556284779926,False,0.03211125695598516,0.03211125695598516,0.23994437152200743,0.2720556284779926,0.0,0.0,0.03211125695598516,0.0,0.0
rep0646,0.51,0.5120115362995212,synth_only,0.1,0.010000000000000002,0.020000000000000004,0.06999999999999999,prop_127,1000,2000,0.5181544560963942,0.5548455439036057,False,0.03669108780721153,0.03669108780721153,0.5181544560963942,0.5548455439036057,0.0,0.0,0.03669108780721153,0.0,0.0
rep0647,0.71,0.7065170718696113,synth_only,0.1,0.010000000000000002,0.020000000000000004,0.06999999999999999,prop_127,1000,2000,0.8327209684831425,0.8592790315168575,False,0.026558063033714996,0.026558063033714996,0.8327209684831425,0.8592790315168575,0.0,0.0,0.026558063033714996,0.0,0.0
rep0648,0.73,0.7257764503743807,synth_only,0.1,0.010000000000000002,0.020000000000000004,0.06999999999999999,prop_127,1000,2000,0.8384179316847642,0.8645820683152359,False,0.02616413663047168,0.02616413663047168,0.8384179316847642,0.8645820683152359,0.0,0.0,0.02616413663047168,0.0,0.0
rep0649,0.71,0.7092804785306875,synth_only,0.1,0.010000000000000002,0.020000000000000004,0.06999999999999999,prop_127,1000,2000,0.783743075843833,0.813256924156167,False,0.029513848312334057,0.029513848312334057,0.783743075843833,0.813256924156167,0.0,0.0,0.029513848312334057,0.0,0.0
rep0650,0.44,0.43598196325490673,synth_only,0.1,0.010000000000000002,0.020000000000000004,0.06999999999999999,prop_127,1000,2000,0.45064076665934377,0.4873592333406562,False,0.0367184666813124,0.0367184666813124,0.45064076665934377,0.4873592333406562,0.0,0.0,0.0367184666813124,0.0,0.0
rep0651,0.51,0.509779873494791,synth_only,0.1,0.010000000000000002,0.020000000000000004,0.06999999999999999,prop_127,1000,2000,0.6603034879248609,0.694696512075139,False,0.03439302415027812,0.03439302415027812,0.6603034879248609,0.694696512075139,0.0,0.0,0.03439302415027812,0.0,0.0
rep0652,0.30,0.3038326119750675,synth_only,0.1,0.010000000000000002,0.020000000000000004,0.06999999999999999,prop_127,1000,2000,0.26790157753341937,0.3010984224665806,False,0.03319684493316122,0.03319684493316122,0.26790157753341937,0.3010984224665806,0.0,0.0,0.03319684493316122,0.0,0.0
rep0653,0.81,0.8102823830810556,synth_only,0.1,0.010000000000000002,0.020000000000000004,0.06999999999999999,prop_127,1000,2000,0.7816886052578469,0.8113113947421531,True,0.02962278948430619,0.02962278948430619,0.7816886052578469,0.8113113947421531,0.0,0.0,0.02962278948430619,0.0,0.0
rep0654,0.71,0.7089897305189968,synth_only,0.1,0.010000000000000002,0.020000000000000004,0.06999999999999999,prop_127,1000,2000,0.7570772860281184,0.7879227139718815,False,0.030845427943763104,0.030845427943763104,0.7570772860281184,0.7879227139718815,0.0,0.0,0.030845427943763104,0.0,0.0
rep0655,0.29,0.29163199392445693,synth_only,0.1,0.010000000000000002,0.020000000000000004,0.06999999999999999,prop_127,1000,2000,0.37850378832514514,0.4144962116748549,False,0.03599242334970976,0.03599242334970976,0.37850378832514514,0.4144962116748549,0.0,0.0,0.03599242334970976,0.0,0.0
rep0656,0.56,0.562914990197144,synth_only,0.1,0.010000000000000002,0.020000000000000004,0.06999999999999999,prop_127,1000,2000,0.6092086441565645,0.6447913558434355,False,0.035582711686870994,0.035582711686870994,0.6092086441565645,0.6447913558434355,0.0,0.0,0.035582711686870994,0.0,0.0
rep0657,0.35,0.3470109004221037,synth_only,0.1,0.010000000000000002,0.020000000000000004,0.06999999999999999,prop_127,1000,2000,0.23358042449878702,0.265419575501213,False,0.03183915100242596,0.03183915100242596,0.23358042449878702,0.265419575501213,0.0,0.0,0.03183915100242596,0.0,0.0
rep0658,0.32,0.31902368868181874,synth_only,0.1,0.010000000000000002,0.020000000000000004,0.06999999999999999,prop_127,1000,2000,0.27822253172693884,0.31177746827306113,False,0.033554936546122294,0.033554936546122294,0.27822253172693884,0.31177746827306113,0.0,0.0,0.033554936546122294,0.0,0.0
rep0659,0.74,0.7420126698484341,synth_only,0.1,0.010000000000000002,0.020000000000000004,0.06999999999999999,prop_127,1000,2000,0.9533341437441715,0.9676658562558286,False,0.014331712511657102,0.014331712511657102,0.9533341437441715,0.9676658562558286,0.0,0.0,0.014331712511657102,0.0,0.0
rep0660,0.20,0.19621544316156792,synth_only,0.1,0.010000000000000002,0.020000000000000004,0.06999999999999999,prop_127,1000,2000,0.35768474464225997,0.39331525535774003,False,0.03563051071548007,0.03563051071548007,0.35768474464225997,0.39331525535774003,0.0,0.0,0.03563051071548007,0.0,0.0
rep0661,0.69,0.6919479229129536,synth_only,0.1,0.010000000000000002,0.020000000000000004,0.06999999999999999,prop_127,1000,2000,0.6674034977502742,0.7015965022497258,True,0.03419300449945162,0.03419300449945162,0.6674034977502742,0.7015965022497258,0.0,0.0,0.03419300449945162,0.0,0.0
rep0662,0.33,0.3251295165584837,synth_only,0.1,0.010000000000000002,0.020000000000000004,0.06999999999999999,prop_127,1000,2000,0.15956868769090354,0.18743131230909643,False,0.02786262461819289,0.02786262461819289,0.15956868769090354,0.18743131230909643,0.0,0.0,0.02786262461819289,0.0,0.0
rep0663,0.65,0.6539903087855193,synth_only,0.1,0.010000000000000002,0.020000000000000004,0.06999999999999999,prop_127,1000,2000,0.5849999061613896,0.6210000938386103,False,0.036000187677220685,0.036000187677220685,0.5849999061613896,0.6210000938386103,0.0,0.0,0.036000187677220685,0.0,0.0
rep0664,0.29,0.29232037114787135,synth_only,0.1,0.010000000000000002,0.020000000000000004,0.06999999999999999,prop_127,1000,2000,0.5156479557975504,0.5523520442024497,False,0.03670408840489925,0.03670408840489925,0.5156479557975504,0.5523520442024497,0.0,0.0,0.03670408840489925,0.0,0.0
rep0665,0.44,0.4435664527715359,synth_only,0.1,0.010000000000000002,0.020000000000000004,0.06999999999999999,prop_127,1000,2000,0.43468682591167024,0.4713131740883298,True,0.03662634817665955,0.03662634817665955,0.43468682591167024,0.4713131740883298,0.0,0.0,0.03662634817665955,0.0,0.0
rep0666,0.57,0.569426710310103,synth_only,0.1,0.010000000000000002,0.020000000000000004,0.06999999999999999,prop_127,1000,2000,0.43767674055696776,0.4743232594430323,False,0.036646518886064516,0.036646518886064516,0.43767674055696776,0.4743232594430323,0.0,0.0,0.036646518886064516,0.0,0.0
rep0667,0.25,0.24776737783479344,synth_only,0.1,0.010000000000000002,0.020000000000000004,0.06999999999999999,prop_127,1000,2000,0.2296665253886821,0.2613334746113179,True,0.0316669492226358,0.0316669492226358,0.2296665253886821,0.2613334746113179,0.0,0.0,0.0316669492226358,0.0,0.0
rep0668,0.59,0.5891451788470337,synth_only,0.1,0.010000000000000002,0.020000000000000004,0.06999999999999999,prop_127,1000,2000,0.7167247196691683,0.7492752803308317,False,0.0325505606616634,0.0325505606616634,0.7167247196691683,0.7492752803308317,0.0,0.0,0.0325505606616634,0.0,0.0
rep0669,0.43,0.43112417009251425,synth_only,0.1,0.010000000000000002,0.020000000000000004,0.06999999999999999,prop_127,1000,2000,0.48360552531262363,0.5203944746873764,False,0.0367889493747528,0.0367889493747528,0.48360552531262363,0.5203944746873764,0.0,0.0,0.0367889493747528,0.0,0.0
rep0670,0.52,0.5247541318418742,synth_only,0.1,0.010000000000000002,0.020000000000000004,0.06999999999999999,prop_127,1000,2000,0.5648605896888153,0.6011394103111847,False,0.03627882062236942,0.03627882062236942,0.5648605896888153,0.6011394103111847,0.0,0.0,0.03627882062236942,0.0,0.0
rep0671,0.43,0.4258243574979035,synth_only,0.1,0.010000000000000002,0.020000000000000004,0.06999999999999999,prop_127,1000,2000,0.42323171398691256,0.45976828601308745,True,0.036536572026174885,0.036536572026174885,0.42323171398691256,0.45976828601308745,0.0,0.0,0.036536572026174885,0.0,0.0
rep0672,0.81,0.8089839883601585,synth_only,0.1,0.010000000000000002,0.020000000000000004,0.06999999999999999,prop_127,1000,2000,0.6882225317269388,0.7217774682730611,False,0.033554936546122294,0.033554936546122294,0.6882225317269388,0.7217774682730611,0.0,0.0,0.033554936546122294,0.0,0.0
rep0673,0.52,0.5160903827108957,synth_only,0.1,0.010000000000000002,0.020000000000000004,0.06999999999999999,prop_127,1000,2000,0.49060835832521243,0.5273916416747876,True,0.03678328334957515,0.03678328334957515,0.49060835832521243,0.5273916416747876,0.0,0.0,0.03678328334957515,0.0,0.0
rep0674,0.06,0.06029974565196784,synth_only,0.1,0.010000000000000002,0.020000000000000004,0.06999999999999999,prop_127,1000,2000,0.0,0.0,False,0.0,0.0,0.0,0.0,0.0,0.0,0.0,0.0,0.0
rep0675,0.52,0.5161454616139173,synth_only,0.1,0.010000000000000002,0.020000000000000004,0.06999999999999999,prop_127,1000,2000,0.43119944042097413,0.4678005595790259,False,0.036601119158051754,0.036601119158051754,0.43119944042097413,0.4678005595790259,0.0,0.0,0.036601119158051754,0.0,0.0
rep0676,0.66,0.6578150737171017,synth_only,0.1,0.010000000000000002,0.020000000000000004,0.06999999999999999,prop_127,1000,2000,0.658275727528949,0.692724272471051,False,0.03444854494210192,0.03444854494210192,0.658275727528949,0.692724272471051,0.0,0.0,0.03444854494210192,0.0,0.0
rep0677,0.92,0.9205140610257226,synth_only,0.1,0.010000000000000002,0.020000000000000004,0.06999999999999999,prop_127,1000,2000,1.0,1.0,False,0.0,0.0,1.0,1.0,0.0,0.0,0.0,0.0,0.0
rep0678,0.09,0.09465568618272703,synth_only,0.1,0.010000000000000002,0.020000000000000004,0.06999999999999999,prop_127,1000,2000,0.13734560734457177,0.16365439265542822,False,0.026308785310856453,0.026308785310856453,0.13734560734457177,0.16365439265542822,0.0,0.0,0.026308785310856453,0.0,0.0
rep0679,0.71,0.7090958024890887,synth_only,0.1,0.010000000000000002,0.020000000000000004,0.06999999999999999,prop_127,1000,2000,0.6638529364582104,0.6981470635417897,False,0.03429412708357926,0.03429412708357926,0.6638529364582104,0.6981470635417897,0.0,0.0,0.03429412708357926,0.0,0.0
rep0680,0.11,0.11455441533880197,synth_only,0.1,0.010000000000000002,0.020000000000000004,0.06999999999999999,prop_127,1000,2000,0.08943874321638824,0.11156125678361177,False,0.02212251356722353,0.02212251356722353,0.08943874321638824,0.11156125678361177,0.0,0.0,0.02212251356722353,0.0,0.0
rep0681,0.26,0.25727511353445326,synth_only,0.1,0.010000000000000002,0.020000000000000004,0.06999999999999999,prop_127,1000,2000,0.35867532668805957,0.39432467331194043,False,0.03564934662388086,0.03564934662388086,0.35867532668805957,0.39432467331194043,0.0,0.0,0.03564934662388086,0.0,0.0
rep0682,0.83,0.825070707544665,synth_only,0.1,0.010000000000000002,0.020000000000000004,0.06999999999999999,prop_127,1000,2000,0.9253981188021196,0.9436018811978804,False,0.018203762395760714,0.018203762395760714,0.9253981188021196,0.9436018811978804,0.0,0.0,0.018203762395760714,0.0,0.0
rep0683,0.80,0.8007348882310458,synth_only,0.1,0.010000000000000002,0.020000000000000004,0.06999999999999999,prop_127,1000,2000,0.6856814903376278,0.7193185096623722,False,0.03363701932474439,0.03363701932474439,0.6856814903376278,0.7193185096623722,0.0,0.0,0.03363701932474439,0.0,0.0
rep0684,0.83,0.8284671553921638,synth_only,0.1,0.010000000000000002,0.020000000000000004,0.06999999999999999,prop_127,1000,2000,0.8285814543200986,0.8554185456799014,False,0.026837091359802834,0.026837091359802834,0.8285814543200986,0.8554185456799014,0.0,0.0,0.026837091359802834,0.0,0.0
rep0685,0.51,0.514309478391361,synth_only,0.1,0.010000000000000002,0.020000000000000004,0.06999999999999999,prop_127,1000,2000,0.4446558117680683,0.48134418823193176,False,0.03668837646386347,0.03668837646386347,0.4446558117680683,0.48134418823193176,0.0,0.0,0.03668837646386347,0.0,0.0
rep0686,0.05,0.04867548466027368,synth_only,0.1,0.010000000000000002,0.020000000000000004,0.06999999999999999,prop_127,1000,2000,0.05033154543380167,0.06766845456619833,False,0.01733690913239666,0.01733690913239666,0.05033154543380167,0.06766845456619833,0.0,0.0,0.01733690913239666,0.0,0.0
rep0687,0.70,0.7017411200593814,synth_only,0.1,0.010000000000000002,0.020000000000000004,0.06999999999999999,prop_127,1000,2000,0.6902558010006532,0.7237441989993467,True,0.03348839799869352,0.03348839799869352,0.6902558010006532,0.7237441989993467,0.0,0.0,0.03348839799869352,0.0,0.0
rep0688,0.78,0.7768841857553568,synth_only,0.1,0.010000000000000002,0.020000000000000004,0.06999999999999999,prop_127,1000,2000,0.9371487809074361,0.9538512190925639,False,0.016702438185127733,0.016702438185127733,0.9371487809074361,0.9538512190925639,0.0,0.0,0.016702438185127733,0.0,0.0
rep0689,0.41,0.40967933946466756,synth_only,0.1,0.010000000000000002,0.020000000000000004,0.06999999999999999,prop_127,1000,2000,0.36016135133846783,0.3958386486615322,False,0.03567729732306435,0.03567729732306435,0.36016135133846783,0.3958386486615322,0.0,0.0,0.03567729732306435,0.0,0.0
rep0690,0.47,0.46908505895471847,synth_only,0.1,0.010000000000000002,0.020000000000000004,0.06999999999999999,prop_127,1000,2000,0.614763015097101,0.6502369849028989,False,0.03547396980579798,0.03547396980579798,0.614763015097101,0.6502369849028989,0.0,0.0,0.03547396980579798,0.0,0.0
rep0691,0.71,0.7077778587278475,synth_only,0.1,0.010000000000000002,0.020000000000000004,0.06999999999999999,prop_127,1000,2000,0.6785697615300742,0.7124302384699258,True,0.033860476939851614,0.033860476939851614,0.6785697615300742,0.7124302384699258,0.0,0.0,0.033860476939851614,0.0,0.0
rep0692,0.70,0.7005041640051802,synth_only,0.1,0.010000000000000002,0.020000000000000004,0.06999999999999999,prop_127,1000,2000,0.6668962062087962,0.7011037937912039,True,0.03420758758240772,0.03420758758240772,0.6668962062087962,0.7011037937912039,0.0,0.0,0.03420758758240772,0.0,0.0
rep0693,0.56,0.5563453058616313,synth_only,0.1,0.010000000000000002,0.020000000000000004,0.06999999999999999,prop_127,1000,2000,0.5981072609570809,0.6338927390429191,False,0.03578547808583821,0.03578547808583821,0.5981072609570809,0.6338927390429191,0.0,0.0,0.03578547808583821,0.0,0.0
rep0694,0.86,0.8579152046654233,synth_only,0.1,0.010000000000000002,0.020000000000000004,0.06999999999999999,prop_127,1000,2000,0.9248658894067188,0.9431341105932813,False,0.018268221186562572,0.018268221186562572,0.9248658894067188,0.9431341105932813,0.0,0.0,0.018268221186562572,0.0,0.0
rep0695,0.13,0.133927768805338,synth_only,0.1,0.010000000000000002,0.020000000000000004,0.06999999999999999,prop_127,1000,2000,0.041981970227326186,0.05801802977267382,False,0.016036059545347633,0.016036059545347633,0.041981970227326186,0.05801802977267382,0.0,0.0,0.016036059545347633,0.0,0.0
rep0696,0.29,0.29447716121483336,synth_only,0.1,0.010000000000000002,0.020000000000000004,0.06999999999999999,prop_127,1000,2000,0.4406673251822942,0.47733267481770586,False,0.03666534963541168,0.03666534963541168,0.4406673251822942,0.47733267481770586,0.0,0.0,0.03666534963541168,0.0,0.0
rep0697,0.38,0.3774111129057389,synth_only,0.1,0.010000000000000002,0.020000000000000004,0.06999999999999999,prop_127,1000,2000,0.3112212804696826,0.3457787195303174,False,0.0345574390606348,0.0345574390606348,0.3112212804696826,0.3457787195303174,0.0,0.0,0.0345574390606348,0.0,0.0
rep0698,0.49,0.4857893021833887,synth_only,0.1,0.010000000000000002,0.020000000000000004,0.06999999999999999,prop_127,1000,2000,0.47810582882881625,0.5148941711711837,True,0.0367883423423675,0.0367883423423675,0.47810582882881625,0.5148941711711837,0.0,0.0,0.0367883423423675,0.0,0.0
rep0699,0.07,0.06956301432769134,synth_only,0.1,0.010000000000000002,0.020000000000000004,0.06999999999999999,prop_127,1000,2000,0.1262728888902492,0.15172711110975082,False,0.02545422221950161,0.02545422221950161,0.1262728888902492,0.15172711110975082,0.0,0.0,0.02545422221950161,0.0,0.0
rep0700,0.65,0.6506325430432847,synth_only,0.1,0.010000000000000002,0.020000000000000004,0.06999999999999999,prop_127,1000,2000,0.5804658485760498,0.6165341514239503,False,0.036068302847900524,0.036068302847900524,0.5804658485760498,0.6165341514239503,0.0,0.0,0.036068302847900524,0.0,0.0
rep0701,0.62,0.6187320249579185,synth_only,0.1,0.010000000000000002,0.020000000000000004,0.06999999999999999,prop_127,1000,2000,0.455630264518364,0.49236973548163593,False,0.0367394709632719,0.0367394709632719,0.455630264518364,0.49236973548163593,0.0,0.0,0.0367394709632719,0.0,0.0
rep0702,0.32,0.3183272441833459,synth_only,0.1,0.010000000000000002,0.020000000000000004,0.06999999999999999,prop_127,1000,2000,0.44116582101657853,0.4778341789834215,False,0.03666835796684298,0.03666835796684298,0.44116582101657853,0.4778341789834215,0.0,0.0,0.03666835796684298,0.0,0.0
rep0703,0.64,0.6352153071879647,synth_only,0.1,0.010000000000000002,0.020000000000000004,0.06999999999999999,prop_127,1000,2000,0.686697834449331,0.7203021655506691,False,0.03360433110133809,0.03360433110133809,0.686697834449331,0.7203021655506691,0.0,0.0,0.03360433110133809,0.0,0.0
rep0704,0.97,0.9723238313893882,synth_only,0.1,0.010000000000000002,0.020000000000000004,0.06999999999999999,prop_127,1000,2000,1.0,1.0,False,0.0,0.0,1.0,1.0,0.0,0.0,0.0,0.0,0.0
rep0705,0.47,0.46588421090109494,synth_only,0.1,0.010000000000000002,0.020000000000000004,0.06999999999999999,prop_127,1000,2000,0.5976028836927221,0.633397116307278,False,0.03579423261455594,0.03579423261455594,0.5976028836927221,0.633397116307278,0.0,0.0,0.03579423261455594,0.0,0.0
rep0706,0.53,0.5283740232519213,synth_only,0.1,0.010000000000000002,0.020000000000000004,0.06999999999999999,prop_127,1000,2000,0.5945770390042018,0.6304229609957983,False,0.03584592199159653,0.03584592199159653,0.5945770390042018,0.6304229609957983,0.0,0.0,0.03584592199159653,0.0,0.0
rep0707,0.73,0.7343174621456723,synth_only,0.1,0.010000000000000002,0.020000000000000004,0.06999999999999999,prop_127,1000,2000,1.0,1.0,False,0.0,0.0,1.0,1.0,0.0,0.0,0.0,0.0,0.0
rep0708,0.77,0.7735731870600265,synth_only,0.1,0.010000000000000002,0.020000000000000004,0.06999999999999999,prop_127,1000,2000,0.6127429578101802,0.6482570421898197,False,0.03551408437963954,0.03551408437963954,0.6127429578101802,0.6482570421898197,0.0,0.0,0.03551408437963954,0.0,0.0
rep0709,0.46,0.4597510487027871,synth_only,0.1,0.010000000000000002,0.020000000000000004,0.06999999999999999,prop_127,1000,2000,0.4023393838143037,0.4386606161856963,False,0.03632123237139262,0.03632123237139262,0.4023393838143037,0.4386606161856963,0.0,0.0,0.03632123237139262,0.0,0.0
rep0710,0.07,0.07345804081414554,synth_only,0.1,0.010000000000000002,0.020000000000000004,0.06999999999999999,prop_127,1000,2000,0.15666461507216095,0.18433538492783907,False,0.027670769855678123,0.027670769855678123,0.15666461507216095,0.18433538492783907,0.0,0.0,0.027670769855678123,0.0,0.0
rep0711,0.88,0.8815362152345295,synth_only,0.1,0.010000000000000002,0.020000000000000004,0.06999999999999999,prop_127,1000,2000,0.9506204775299865,0.9653795224700135,False,0.014759044940027,0.014759044940027,0.9506204775299865,0.9653795224700135,0.0,0.0,0.014759044940027,0.0,0.0
rep0712,0.71,0.7081656695993921,synth_only,0.1,0.010000000000000002,0.020000000000000004,0.06999999999999999,prop_127,1000,2000,0.7950530298225286,0.8239469701774714,False,0.02889394035494286,0.02889394035494286,0.7950530298225286,0.8239469701774714,0.0,0.0,0.02889394035494286,0.0,0.0
rep0713,0.34,0.3371108098177164,synth_only,0.1,0.010000000000000002,0.020000000000000004,0.06999999999999999,prop_127,1000,2000,0.31171457473318487,0.34628542526681516,True,0.03457085053363029,0.03457085053363029,0.31171457473318487,0.34628542526681516,0.0,0.0,0.03457085053363029,0.0,0.0
rep0714,0.08,0.07975518910225672,synth_only,0.1,0.010000000000000002,0.020000000000000004,0.06999999999999999,prop_127,1000,2000,0.0,0.0,False,0.0,0.0,0.0,0.0,0.0,0.0,0.0,0.0,0.0
rep0715,0.15,0.14884037317006904,synth_only,0.1,0.010000000000000002,0.020000000000000004,0.06999999999999999,prop_127,1000,2000,0.023275139294904424,0.03572486070509557,False,0.012449721410191145,0.012449721410191145,0.023275139294904424,0.03572486070509557,0.0,0.0,0.012449721410191145,0.0,0.0
rep0716,0.50,0.5002520736252362,synth_only,0.1,0.010000000000000002,0.020000000000000004,0.06999999999999999,prop_127,1000,2000,0.46261866386990796,0.499381336130092,False,0.03676267226018404,0.03676267226018404,0.46261866386990796,0.499381336130092,0.0,0.0,0.03676267226018404,0.0,0.0
rep0717,0.62,0.6181944409522758,synth_only,0.1,0.010000000000000002,0.020000000000000004,0.06999999999999999,prop_127,1000,2000,0.5031223918511756,0.5398776081488244,False,0.036755216297648774,0.036755216297648774,0.5031223918511756,0.5398776081488244,0.0,0.0,0.036755216297648774,0.0,0.0
rep0718,0.75,0.7467090556088825,synth_only,0.1,0.010000000000000002,0.020000000000000004,0.06999999999999999,prop_127,1000,2000,0.7151957746257119,0.7478042253742881,True,0.03260845074857621,0.03260845074857621,0.7151957746257119,0.7478042253742881,0.0,0.0,0.03260845074857621,0.0,0.0
rep0719,0.46,0.4594901234938354,synth_only,0.1,0.010000000000000002,0.020000000000000004,0.06999999999999999,prop_127,1000,2000,0.542240532507092,0.578759467492908,False,0.03651893498581593,0.03651893498581593,0.542240532507092,0.578759467492908,0.0,0.0,0.03651893498581593,0.0,0.0
rep0720,0.05,0.04671494424394169,synth_only,0.1,0.010000000000000002,0.020000000000000004,0.06999999999999999,prop_127,1000,2000,0.11139596143465645,0.13560403856534356,False,0.02420807713068711,0.02420807713068711,0.11139596143465645,0.13560403856534356,0.0,0.0,0.02420807713068711,0.0,0.0
rep0721,0.81,0.8117611590924323,synth_only,0.1,0.010000000000000002,0.020000000000000004,0.06999999999999999,prop_127,1000,2000,1.0,1.0,False,0.0,0.0,1.0,1.0,0.0,0.0,0.0,0.0,0.0
rep0722,0.22,0.2219104471600488,synth_only,0.1,0.010000000000000002,0.020000000000000004,0.06999999999999999,prop_127,1000,2000,0.3053034879248609,0.3396965120751391,False,0.03439302415027823,0.03439302415027823,0.3053034879248609,0.3396965120751391,0.0,0.0,0.03439302415027823,0.0,0.0
rep0723,0.51,0.5105466005402299,synth_only,0.1,0.010000000000000002,0.020000000000000004,0.06999999999999999,prop_127,1000,2000,0.5342070595440614,0.5707929404559385,False,0.03658588091187709,0.03658588091187709,0.5342070595440614,0.5707929404559385,0.0,0.0,0.03658588091187709,0.0,0.0
rep0724,0.48,0.477360257689102,synth_only,0.1,0.010000000000000002,0.020000000000000004,0.06999999999999999,prop_127,1000,2000,0.46062160937265384,0.4973783906273461,True,0.03675678125469228,0.03675678125469228,0.46062160937265384,0.4973783906273461,0.0,0.0,0.03675678125469228,0.0,0.0
rep0725,0.16,0.1643904436647521,synth_only,0.1,0.010000000000000002,0.020000000000000004,0.06999999999999999,prop_127,1000,2000,0.1624742847906581,0.1905257152093419,True,0.028051430418683798,0.028051430418683798,0.1624742847906581,0.1905257152093419,0.0,0.0,0.028051430418683798,0.0,0.0
rep0726,0.76,0.757057184239538,synth_only,0.1,0.010000000000000002,0.020000000000000004,0.06999999999999999,prop_127,1000,2000,0.6917810089005805,0.7252189910994196,False,0.03343798219883909,0.03343798219883909,0.6917810089005805,0.7252189910994196,0.0,0.0,0.03343798219883909,0.0,0.0
rep0727,0.34,0.34121970245937583,synth_only,0.1,0.010000000000000002,0.020000000000000004,0.06999999999999999,prop_127,1000,2000,0.38991944345085694,0.426080556549143,False,0.03616111309828607,0.03616111309828607,0.38991944345085694,0.426080556549143,0.0,0.0,0.03616111309828607,0.0,0.0
rep0728,0.20,0.196817766798613,synth_only,0.1,0.010000000000000002,0.020000000000000004,0.06999999999999999,prop_127,1000,2000,0.4122839461343415,0.4487160538656585,False,0.036432107731317,0.036432107731317,0.4122839461343415,0.4487160538656585,0.0,0.0,0.036432107731317,0.0,0.0
rep0729,0.29,0.28849501958605417,synth_only,0.1,0.010000000000000002,0.020000000000000004,0.06999999999999999,prop_127,1000,2000,0.19452855185183257,0.2244714481481674,False,0.029942896296334842,0.029942896296334842,0.19452855185183257,0.2244714481481674,0.0,0.0,0.029942896296334842,0.0,0.0
rep0730,0.48,0.477668445003829,synth_only,0.1,0.010000000000000002,0.020000000000000004,0.06999999999999999,prop_127,1000,2000,0.43169758235395794,0.4683024176460421,False,0.03660483529208414,0.03660483529208414,0.43169758235395794,0.4683024176460421,0.0,0.0,0.03660483529208414,0.0,0.0
rep0731,0.72,0.7209968835743404,synth_only,0.1,0.010000000000000002,0.020000000000000004,0.06999999999999999,prop_127,1000,2000,0.6740003835376372,0.7079996164623626,False,0.0339992329247254,0.0339992329247254,0.6740003835376372,0.7079996164623626,0.0,0.0,0.0339992329247254,0.0,0.0
rep0732,0.57,0.5718125239722864,synth_only,0.1,0.010000000000000002,0.020000000000000004,0.06999999999999999,prop_127,1000,2000,0.5653636957498518,0.6016363042501482,True,0.036272608500296455,0.036272608500296455,0.5653636957498518,0.6016363042501482,0.0,0.0,0.036272608500296455,0.0,0.0
rep0733,0.97,0.9677623027604382,synth_only,0.1,0.010000000000000002,0.020000000000000004,0.06999999999999999,prop_127,1000,2000,1.0,1.0,False,0.0,0.0,1.0,1.0,0.0,0.0,0.0,0.0,0.0
rep0734,0.48,0.4810283343490522,synth_only,0.1,0.010000000000000002,0.020000000000000004,0.06999999999999999,prop_127,1000,2000,0.4641166483134839,0.5008833516865161,True,0.03676670337303217,0.03676670337303217,0.4641166483134839,0.5008833516865161,0.0,0.0,0.03676670337303217,0.0,0.0
rep0735,0.78,0.7833574314760184,synth_only,0.1,0.010000000000000002,0.020000000000000004,0.06999999999999999,prop_127,1000,2000,0.6532078911645309,0.687792108835469,False,0.03458421767093811,0.03458421767093811,0.6532078911645309,0.687792108835469,0.0,0.0,0.03458421767093811,0.0,0.0
rep0736,0.19,0.19432774790338644,synth_only,0.1,0.010000000000000002,0.020000000000000004,0.06999999999999999,prop_127,1000,2000,0.14651284048247604,0.17348715951752397,False,0.026974319035047933,0.026974319035047933,0.14651284048247604,0.17348715951752397,0.0,0.0,0.026974319035047933,0.0,0.0
rep0737,0.33,0.3254942999348819,synth_only,0.1,0.010000000000000002,0.020000000000000004,0.06999999999999999,prop_127,1000,2000,0.4162638962330146,0.4527361037669854,False,0.036472207533970846,0.036472207533970846,0.4162638962330146,0.4527361037669854,0.0,0.0,0.036472207533970846,0.0,0.0
rep0738,0.51,0.5123079916353976,synth_only,0.1,0.010000000000000002,0.020000000000000004,0.06999999999999999,prop_127,1000,2000,0.5779476114629836,0.6140523885370164,False,0.03610477707403281,0.03610477707403281,0.5779476114629836,0.6140523885370164,0.0,0.0,0.03610477707403281,0.0,0.0
rep0739,0.06,0.062111997988286836,synth_only,0.1,0.010000000000000002,0.020000000000000004,0.06999999999999999,prop_127,1000,2000,0.16732025188297928,0.1956797481170207,False,0.028359496234041437,0.028359496234041437,0.16732025188297928,0.1956797481170207,0.0,0.0,0.028359496234041437,0.0,0.0
rep0740,0.75,0.7475448991454451,synth_only,0.1,0.010000000000000002,0.020000000000000004,0.06999999999999999,prop_127,1000,2000,0.8633539906624981,0.8876460093375018,False,0.024292018675003746,0.024292018675003746,0.8633539906624981,0.8876460093375018,0.0,0.0,0.024292018675003746,0.0,0.0
rep0741,0.33,0.3282612087940039,synth_only,0.1,0.010000000000000002,0.020000000000000004,0.06999999999999999,prop_127,1000,2000,0.2419034550999923,0.2740965449000077,False,0.03219308980001537,0.03219308980001537,0.2419034550999923,0.2740965449000077,0.0,0.0,0.03219308980001537,0.0,0.0
rep0742,0.18,0.17857762779265787,synth_only,0.1,0.010000000000000002,0.020000000000000004,0.06999999999999999,prop_127,1000,2000,0.2723235125305358,0.30567648746946413,False,0.033352974938928304,0.033352974938928304,0.2723235125305358,0.30567648746946413,0.0,0.0,0.033352974938928304,0.0,0.0
rep0743,0.30,0.3006284010448977,synth_only,0.1,0.010000000000000002,0.020000000000000004,0.06999999999999999,prop_127,1000,2000,0.18236772868091283,0.21163227131908718,False,0.02926454263817435,0.02926454263817435,0.18236772868091283,0.21163227131908718,0.0,0.0,0.02926454263817435,0.0,0.0
rep0744,0.77,0.7703311074821744,synth_only,0.1,0.010000000000000002,0.020000000000000004,0.06999999999999999,prop_127,1000,2000,0.783743075843833,0.813256924156167,False,0.029513848312334057,0.029513848312334057,0.783743075843833,0.813256924156167,0.0,0.0,0.029513848312334057,0.0,0.0
rep0745,0.30,0.2994687432846144,synth_only,0.1,0.010000000000000002,0.020000000000000004,0.06999999999999999,prop_127,1000,2000,0.40681349496797353,0.44318650503202645,False,0.03637301006405291,0.03637301006405291,0.40681349496797353,0.44318650503202645,0.0,0.0,0.03637301006405291,0.0,0.0
rep0746,0.86,0.8631013308792119,synth_only,0.1,0.010000000000000002,0.020000000000000004,0.06999999999999999,prop_127,1000,2000,0.879011987982181,0.9019880120178189,False,0.02297602403563781,0.02297602403563781,0.879011987982181,0.9019880120178189,0.0,0.0,0.02297602403563781,0.0,0.0
rep0747,0.78,0.7789905000161823,synth_only,0.1,0.010000000000000002,0.020000000000000004,0.06999999999999999,prop_127,1000,2000,0.935541353599534,0.9524586464004658,False,0.016917292800931794,0.016917292800931794,0.935541353599534,0.9524586464004658,0.0,0.0,0.016917292800931794,0.0,0.0
rep0748,0.51,0.5080678956883182,synth_only,0.1,0.010000000000000002,0.020000000000000004,0.06999999999999999,prop_127,1000,2000,0.4591240121479176,0.49587598785208237,False,0.036751975704164774,0.036751975704164774,0.4591240121479176,0.49587598785208237,0.0,0.0,0.036751975704164774,0.0,0.0
rep0749,0.02,0.01749168767955398,synth_only,0.1,0.010000000000000002,0.020000000000000004,0.06999999999999999,prop_127,1000,2000,0.074267579278177,0.09473242072182302,False,0.02046484144364602,0.02046484144364602,0.074267579278177,0.09473242072182302,0.0,0.0,0.02046484144364602,0.0,0.0
rep0750,0.39,0.39053994972898903,synth_only,0.1,0.010000000000000002,0.020000000000000004,0.06999999999999999,prop_127,1000,2000,0.5031223918511756,0.5398776081488244,False,0.036755216297648774,0.036755216297648774,0.5031223918511756,0.5398776081488244,0.0,0.0,0.036755216297648774,0.0,0.0
rep0751,0.30,0.30302091037636547,synth_only,0.1,0.010000000000000002,0.020000000000000004,0.06999999999999999,prop_127,1000,2000,0.3646205127272077,0.4003794872727923,False,0.03575897454558463,0.03575897454558463,0.3646205127272077,0.4003794872727923,0.0,0.0,0.03575897454558463,0.0,0.0
rep0752,0.67,0.6728906560484075,synth_only,0.1,0.010000000000000002,0.020000000000000004,0.06999999999999999,prop_127,1000,2000,0.752470929478746,0.783529070521254,False,0.031058141042507925,0.031058141042507925,0.752470929478746,0.783529070521254,0.0,0.0,0.031058141042507925,0.0,0.0
rep0753,0.45,0.4541601212035811,synth_only,0.1,0.010000000000000002,0.020000000000000004,0.06999999999999999,prop_127,1000,2000,0.39786682100275433,0.43413317899724563,False,0.036266357994491294,0.036266357994491294,0.39786682100275433,0.43413317899724563,0.0,0.0,0.036266357994491294,0.0,0.0
rep0754,0.36,0.3621350551377598,synth_only,0.1,0.010000000000000002,0.020000000000000004,0.06999999999999999,prop_127,1000,2000,0.24288316180760233,0.2751168381923977,False,0.03223367638479535,0.03223367638479535,0.24288316180760233,0.2751168381923977,0.0,0.0,0.03223367638479535,0.0,0.0
rep0755,0.30,0.30370365689607154,synth_only,0.1,0.010000000000000002,0.020000000000000004,0.06999999999999999,prop_127,1000,2000,0.41377628558225166,0.45022371441774833,False,0.036447428835496676,0.036447428835496676,0.41377628558225166,0.45022371441774833,0.0,0.0,0.036447428835496676,0.0,0.0
rep0756,0.39,0.39191424206051756,synth_only,0.1,0.010000000000000002,0.020000000000000004,0.06999999999999999,prop_127,1000,2000,0.2816652424894915,0.3153347575105085,False,0.033669515021017005,0.033669515021017005,0.2816652424894915,0.3153347575105085,0.0,0.0,0.033669515021017005,0.0,0.0
rep0757,0.93,0.9311693716628857,synth_only,0.1,0.010000000000000002,0.020000000000000004,0.06999999999999999,prop_127,1000,2000,0.8285814543200986,0.8554185456799014,False,0.026837091359802834,0.026837091359802834,0.8285814543200986,0.8554185456799014,0.0,0.0,0.026837091359802834,0.0,0.0
rep0758,0.73,0.7253501033985368,synth_only,0.1,0.010000000000000002,0.020000000000000004,0.06999999999999999,prop_127,1000,2000,0.566369965457448,0.602630034542552,False,0.03626006908510404,0.03626006908510404,0.566369965457448,0.602630034542552,0.0,0.0,0.03626006908510404,0.0,0.0
rep0759,0.37,0.3668140313848696,synth_only,0.1,0.010000000000000002,0.020000000000000004,0.06999999999999999,prop_127,1000,2000,0.378007690132466,0.41399230986753405,False,0.03598461973506806,0.03598461973506806,0.378007690132466,0.41399230986753405,0.0,0.0,0.03598461973506806,0.0,0.0
rep0760,0.65,0.649319239106947,synth_only,0.1,0.010000000000000002,0.020000000000000004,0.06999999999999999,prop_127,1000,2000,0.7796346984464732,0.8093653015535268,False,0.029730603107053666,0.029730603107053666,0.7796346984464732,0.8093653015535268,0.0,0.0,0.029730603107053666,0.0,0.0
rep0761,0.19,0.18909448403981105,synth_only,0.1,0.010000000000000002,0.020000000000000004,0.06999999999999999,prop_127,1000,2000,0.4157663363153592,0.4522336636846408,False,0.0364673273692816,0.0364673273692816,0.4157663363153592,0.4522336636846408,0.0,0.0,0.0364673273692816,0.0,0.0
rep0762,0.58,0.5811996148724241,synth_only,0.1,0.010000000000000002,0.020000000000000004,0.06999999999999999,prop_127,1000,2000,0.5658668210027543,0.6021331789972456,True,0.036266357994491294,0.036266357994491294,0.5658668210027543,0.6021331789972456,0.0,0.0,0.036266357994491294,0.0,0.0
rep0763,0.18,0.18132628957024227,synth_only,0.1,0.010000000000000002,0.020000000000000004,0.06999999999999999,prop_127,1000,2000,0.2605362071567648,0.29346379284323526,False,0.03292758568647047,0.03292758568647047,0.2605362071567648,0.29346379284323526,0.0,0.0,0.03292758568647047,0.0,0.0
rep0764,0.77,0.7746575608172306,synth_only,0.1,0.010000000000000002,0.020000000000000004,0.06999999999999999,prop_127,1000,2000,0.8415279566919972,0.8674720433080029,False,0.025944086616005668,0.025944086616005668,0.8415279566919972,0.8674720433080029,0.0,0.0,0.025944086616005668,0.0,0.0
rep0765,0.03,0.026227594970208438,synth_only,0.1,0.010000000000000002,0.020000000000000004,0.06999999999999999,prop_127,1000,2000,0.0,0.0,False,0.0,0.0,0.0,0.0,0.0,0.0,0.0,0.0,0.0
rep0766,0.38,0.37867548624001796,synth_only,0.1,0.010000000000000002,0.020000000000000004,0.06999999999999999,prop_127,1000,2000,0.39488597610991283,0.43111402389008713,False,0.0362280477801743,0.0362280477801743,0.39488597610991283,0.43111402389008713,0.0,0.0,0.0362280477801743,0.0,0.0
rep0767,0.61,0.6128422265947918,synth_only,0.1,0.010000000000000002,0.020000000000000004,0.06999999999999999,prop_127,1000,2000,0.6081990234760584,0.6438009765239416,True,0.03560195304788327,0.03560195304788327,0.6081990234760584,0.6438009765239416,0.0,0.0,0.03560195304788327,0.0,0.0
rep0768,0.63,0.630024733990203,synth_only,0.1,0.010000000000000002,0.020000000000000004,0.06999999999999999,prop_127,1000,2000,0.721312994065804,0.7536870059341961,False,0.03237401186839217,0.03237401186839217,0.721312994065804,0.7536870059341961,0.0,0.0,0.03237401186839217,0.0,0.0
rep0769,0.37,0.3691153843791364,synth_only,0.1,0.010000000000000002,0.020000000000000004,0.06999999999999999,prop_127,1000,2000,0.3621429998286386,0.3978570001713614,True,0.03571400034272276,0.03571400034272276,0.3621429998286386,0.3978570001713614,0.0,0.0,0.03571400034272276,0.0,0.0
rep0770,0.76,0.7602827163677804,synth_only,0.1,0.010000000000000002,0.020000000000000004,0.06999999999999999,prop_127,1000,2000,0.8110212976227194,0.8389787023772806,False,0.02795740475456121,0.02795740475456121,0.8110212976227194,0.8389787023772806,0.0,0.0,0.02795740475456121,0.0,0.0
rep0771,0.56,0.5569418507360329,synth_only,0.1,0.010000000000000002,0.020000000000000004,0.06999999999999999,prop_127,1000,2000,0.6182989059585691,0.653701094041431,False,0.035402188082861885,0.035402188082861885,0.6182989059585691,0.653701094041431,0.0,0.0,0.035402188082861885,0.0,0.0
rep0772,0.51,0.5123095731772616,synth_only,0.1,0.010000000000000002,0.020000000000000004,0.06999999999999999,prop_127,1000,2000,0.38445849525459647,0.4205415047454036,False,0.036083009490807116,0.036083009490807116,0.38445849525459647,0.4205415047454036,0.0,0.0,0.036083009490807116,0.0,0.0
rep0773,0.94,0.9438798022173757,synth_only,0.1,0.010000000000000002,0.020000000000000004,0.06999999999999999,prop_127,1000,2000,1.0,1.0,False,0.0,0.0,1.0,1.0,0.0,0.0,0.0,0.0,0.0
rep0774,0.32,0.3165110740887545,synth_only,0.1,0.010000000000000002,0.020000000000000004,0.06999999999999999,prop_127,1000,2000,0.39587951413254274,0.4321204858674572,False,0.03624097173491447,0.03624097173491447,0.39587951413254274,0.4321204858674572,0.0,0.0,0.03624097173491447,0.0,0.0
rep0775,0.44,0.4391276919154589,synth_only,0.1,0.010000000000000002,0.020000000000000004,0.06999999999999999,prop_127,1000,2000,0.5031223918511756,0.5398776081488244,False,0.036755216297648774,0.036755216297648774,0.5031223918511756,0.5398776081488244,0.0,0.0,0.036755216297648774,0.0,0.0
rep0776,0.14,0.1376244819698076,synth_only,0.1,0.010000000000000002,0.020000000000000004,0.06999999999999999,prop_127,1000,2000,0.14844497333270554,0.17555502666729447,False,0.027110053334588935,0.027110053334588935,0.14844497333270554,0.17555502666729447,0.0,0.0,0.027110053334588935,0.0,0.0
rep0777,0.69,0.6900240903357862,synth_only,0.1,0.010000000000000002,0.020000000000000004,0.06999999999999999,prop_127,1000,2000,0.5347090110677769,0.5712909889322232,False,0.03658197786444628,0.03658197786444628,0.5347090110677769,0.5712909889322232,0.0,0.0,0.03658197786444628,0.0,0.0
rep0778,0.23,0.22579168906928765,synth_only,0.1,0.010000000000000002,0.020000000000000004,0.06999999999999999,prop_127,1000,2000,0.36709852640003493,0.4029014735999651,False,0.03580294719993016,0.03580294719993016,0.36709852640003493,0.4029014735999651,0.0,0.0,0.03580294719993016,0.0,0.0
rep0779,0.28,0.2837869490913578,synth_only,0.1,0.010000000000000002,0.020000000000000004,0.06999999999999999,prop_127,1000,2000,0.40184235580450517,0.4381576441954948,False,0.03631528839098963,0.03631528839098963,0.40184235580450517,0.4381576441954948,0.0,0.0,0.03631528839098963,0.0,0.0
rep0780,0.53,0.5288656238903121,synth_only,0.1,0.010000000000000002,0.020000000000000004,0.06999999999999999,prop_127,1000,2000,0.6071894839836913,0.6428105160163087,False,0.03562103203261735,0.03562103203261735,0.6071894839836913,0.6428105160163087,0.0,0.0,0.03562103203261735,0.0,0.0
rep0781,0.73,0.7330093470103288,synth_only,0.1,0.010000000000000002,0.020000000000000004,0.06999999999999999,prop_127,1000,2000,0.6994103760779297,0.7325896239220703,False,0.033179247844140614,0.033179247844140614,0.6994103760779297,0.7325896239220703,0.0,0.0,0.033179247844140614,0.0,0.0
rep0782,0.84,0.838503187664904,synth_only,0.1,0.010000000000000002,0.020000000000000004,0.06999999999999999,prop_127,1000,2000,0.879011987982181,0.9019880120178189,False,0.02297602403563781,0.02297602403563781,0.879011987982181,0.9019880120178189,0.0,0.0,0.02297602403563781,0.0,0.0
rep0783,0.34,0.33656651734857845,synth_only,0.1,0.010000000000000002,0.020000000000000004,0.06999999999999999,prop_127,1000,2000,0.29594029971172536,0.33005970028827464,False,0.034119400576549275,0.034119400576549275,0.29594029971172536,0.33005970028827464,0.0,0.0,0.034119400576549275,0.0,0.0
rep0784,0.11,0.10949115789238008,synth_only,0.1,0.010000000000000002,0.020000000000000004,0.06999999999999999,prop_127,1000,2000,0.08563702963239302,0.10736297036760699,False,0.021725940735213972,0.021725940735213972,0.08563702963239302,0.10736297036760699,0.0,0.0,0.021725940735213972,0.0,0.0
rep0785,0.48,0.4762454626103595,synth_only,0.1,0.010000000000000002,0.020000000000000004,0.06999999999999999,prop_127,1000,2000,0.5981072609570809,0.6338927390429191,False,0.03578547808583821,0.03578547808583821,0.5981072609570809,0.6338927390429191,0.0,0.0,0.03578547808583821,0.0,0.0
rep0786,0.07,0.07488165227562806,synth_only,0.1,0.010000000000000002,0.020000000000000004,0.06999999999999999,prop_127,1000,2000,0.09039002909557756,0.11260997090442246,False,0.0222199418088449,0.0222199418088449,0.09039002909557756,0.11260997090442246,0.0,0.0,0.0222199418088449,0.0,0.0
rep0787,0.82,0.8170884972397916,synth_only,0.1,0.010000000000000002,0.020000000000000004,0.06999999999999999,prop_127,1000,2000,0.8105055849519481,0.8384944150480519,True,0.027988830096103756,0.027988830096103756,0.8105055849519481,0.8384944150480519,0.0,0.0,0.027988830096103756,0.0,0.0
rep0788,0.34,0.3362206627963597,synth_only,0.1,0.010000000000000002,0.020000000000000004,0.06999999999999999,prop_127,1000,2000,0.1911213091139014,0.22087869088609857,False,0.029757381772197167,0.029757381772197167,0.1911213091139014,0.22087869088609857,0.0,0.0,0.029757381772197167,0.0,0.0
rep0789,0.50,0.496171784003576,synth_only,0.1,0.010000000000000002,0.020000000000000004,0.06999999999999999,prop_127,1000,2000,0.6577688435095584,0.6922311564904416,False,0.0344623129808832,0.0344623129808832,0.6577688435095584,0.6922311564904416,0.0,0.0,0.0344623129808832,0.0,0.0
rep0790,0.53,0.5296143175516811,synth_only,0.1,0.010000000000000002,0.020000000000000004,0.06999999999999999,prop_127,1000,2000,0.46711311472050104,0.503886885279499,False,0.03677377055899794,0.03677377055899794,0.46711311472050104,0.503886885279499,0.0,0.0,0.03677377055899794,0.0,0.0
rep0791,0.71,0.7076541850555828,synth_only,0.1,0.010000000000000002,0.020000000000000004,0.06999999999999999,prop_127,1000,2000,0.6745079985625257,0.7084920014374743,True,0.033984002874948516,0.033984002874948516,0.6745079985625257,0.7084920014374743,0.0,0.0,0.033984002874948516,0.0,0.0
rep0792,0.15,0.1503767874147335,synth_only,0.1,0.010000000000000002,0.020000000000000004,0.06999999999999999,prop_127,1000,2000,0.14313341162474214,0.16986658837525787,True,0.02673317675051573,0.02673317675051573,0.14313341162474214,0.16986658837525787,0.0,0.0,0.02673317675051573,0.0,0.0
rep0793,0.68,0.6781218861290822,synth_only,0.1,0.010000000000000002,0.020000000000000004,0.06999999999999999,prop_127,1000,2000,0.6112281296105139,0.6467718703894861,False,0.035543740778972266,0.035543740778972266,0.6112281296105139,0.6467718703894861,0.0,0.0,0.035543740778972266,0.0,0.0
rep0794,0.42,0.4249101602725677,synth_only,0.1,0.010000000000000002,0.020000000000000004,0.06999999999999999,prop_127,1000,2000,0.5031223918511756,0.5398776081488244,False,0.036755216297648774,0.036755216297648774,0.5031223918511756,0.5398776081488244,0.0,0.0,0.036755216297648774,0.0,0.0
rep0795,0.70,0.6987247497061722,synth_only,0.1,0.010000000000000002,0.020000000000000004,0.06999999999999999,prop_127,1000,2000,0.6188041156504656,0.6541958843495344,False,0.03539176869906879,0.03539176869906879,0.6188041156504656,0.6541958843495344,0.0,0.0,0.03539176869906879,0.0,0.0
rep0796,0.52,0.5229072743297516,synth_only,0.1,0.010000000000000002,0.020000000000000004,0.06999999999999999,prop_127,1000,2000,0.5342070595440614,0.5707929404559385,False,0.03658588091187709,0.03658588091187709,0.5342070595440614,0.5707929404559385,0.0,0.0,0.03658588091187709,0.0,0.0
rep0797,0.83,0.8307010375574098,synth_only,0.1,0.010000000000000002,0.020000000000000004,0.06999999999999999,prop_127,1000,2000,0.935541353599534,0.9524586464004658,False,0.016917292800931794,0.016917292800931794,0.935541353599534,0.9524586464004658,0.0,0.0,0.016917292800931794,0.0,0.0
rep0798,0.88,0.8808234463324145,synth_only,0.1,0.010000000000000002,0.020000000000000004,0.06999999999999999,prop_127,1000,2000,0.9637242251528553,0.9762757748471447,False,0.012551549694289399,0.012551549694289399,0.9637242251528553,0.9762757748471447,0.0,0.0,0.012551549694289399,0.0,0.0
rep0799,0.43,0.43465681542082857,synth_only,0.1,0.010000000000000002,0.020000000000000004,0.06999999999999999,prop_127,1000,2000,0.44665050032111164,0.4833494996788884,False,0.03669899935777676,0.03669899935777676,0.44665050032111164,0.4833494996788884,0.0,0.0,0.03669899935777676,0.0,0.0
rep0800,0.17,0.17053459520841083,synth_only,0.1,0.010000000000000002,0.020000000000000004,0.06999999999999999,prop_127,1000,2000,0.2311340228507419,0.2628659771492581,False,0.03173195429851619,0.03173195429851619,0.2311340228507419,0.2628659771492581,0.0,0.0,0.03173195429851619,0.0,0.0
rep0801,0.41,0.41260411504675165,synth_only,0.1,0.010000000000000002,0.020000000000000004,0.06999999999999999,prop_127,1000,2000,0.411786537522835,0.448213462477165,True,0.036426924954329976,0.036426924954329976,0.411786537522835,0.448213462477165,0.0,0.0,0.036426924954329976,0.0,0.0
rep0802,0.20,0.19552982737023078,synth_only,0.1,0.010000000000000002,0.020000000000000004,0.06999999999999999,prop_127,1000,2000,0.15327849980850908,0.18072150019149094,False,0.027443000382981864,0.027443000382981864,0.15327849980850908,0.18072150019149094,0.0,0.0,0.027443000382981864,0.0,0.0
rep0803,0.80,0.7965926571332766,synth_only,0.1,0.010000000000000002,0.020000000000000004,0.06999999999999999,prop_127,1000,2000,0.7868258525515595,0.8161741474484405,True,0.029348294896881066,0.029348294896881066,0.7868258525515595,0.8161741474484405,0.0,0.0,0.029348294896881066,0.0,0.0
rep0804,0.75,0.7490393466418966,synth_only,0.1,0.010000000000000002,0.020000000000000004,0.06999999999999999,prop_127,1000,2000,0.813084568875808,0.8409154311241919,False,0.027830862248383825,0.027830862248383825,0.813084568875808,0.8409154311241919,0.0,0.0,0.027830862248383825,0.0,0.0
rep0805,0.86,0.8576137075694341,synth_only,0.1,0.010000000000000002,0.020000000000000004,0.06999999999999999,prop_127,1000,2000,0.8441210846282772,0.8698789153717228,True,0.02575783074344562,0.02575783074344562,0.8441210846282772,0.8698789153717228,0.0,0.0,0.02575783074344562,0.0,0.0
rep0806,0.11,0.11443861013573262,synth_only,0.1,0.010000000000000002,0.020000000000000004,0.06999999999999999,prop_127,1000,2000,0.12915870935188603,0.15484129064811394,False,0.025682581296227913,0.025682581296227913,0.12915870935188603,0.15484129064811394,0.0,0.0,0.025682581296227913,0.0,0.0
rep0807,0.22,0.21834185956132837,synth_only,0.1,0.010000000000000002,0.020000000000000004,0.06999999999999999,prop_127,1000,2000,0.15327849980850905,0.18072150019149097,False,0.02744300038298192,0.02744300038298192,0.15327849980850905,0.18072150019149097,0.0,0.0,0.02744300038298192,0.0,0.0
rep0808,0.31,0.3057032496583064,synth_only,0.1,0.010000000000000002,0.020000000000000004,0.06999999999999999,prop_127,1000,2000,0.3423411630288578,0.37765883697114216,False,0.035317673942284356,0.035317673942284356,0.3423411630288578,0.37765883697114216,0.0,0.0,0.035317673942284356,0.0,0.0
rep0809,0.50,0.49878505714525195,synth_only,0.1,0.010000000000000002,0.020000000000000004,0.06999999999999999,prop_127,1000,2000,0.3517429578101803,0.3872570421898197,False,0.03551408437963943,0.03551408437963943,0.3517429578101803,0.3872570421898197,0.0,0.0,0.03551408437963943,0.0,0.0
rep0810,0.13,0.13102580854362464,synth_only,0.1,0.010000000000000002,0.020000000000000004,0.06999999999999999,prop_127,1000,2000,0.15714851997062923,0.1848514800293708,False,0.027702960058741566,0.027702960058741566,0.15714851997062923,0.1848514800293708,0.0,0.0,0.027702960058741566,0.0,0.0
rep0811,0.33,0.3277871272852904,synth_only,0.1,0.010000000000000002,0.020000000000000004,0.06999999999999999,prop_127,1000,2000,0.3680898716714372,0.4039101283285628,False,0.035820256657125626,0.035820256657125626,0.3680898716714372,0.4039101283285628,0.0,0.0,0.035820256657125626,0.0,0.0
rep0812,0.17,0.1700617888306734,synth_only,0.1,0.010000000000000002,0.020000000000000004,0.06999999999999999,prop_127,1000,2000,0.15763246794911173,0.1853675320508883,True,0.027735064101776563,0.027735064101776563,0.15763246794911173,0.1853675320508883,0.0,0.0,0.027735064101776563,0.0,0.0
rep0813,0.74,0.7444332937639826,synth_only,0.1,0.010000000000000002,0.020000000000000004,0.06999999999999999,prop_127,1000,2000,0.8915869342227203,0.9134130657772797,False,0.02182613155455937,0.02182613155455937,0.8915869342227203,0.9134130657772797,0.0,0.0,0.02182613155455937,0.0,0.0
rep0814,0.55,0.5477911163155484,synth_only,0.1,0.010000000000000002,0.020000000000000004,0.06999999999999999,prop_127,1000,2000,0.5487712731459223,0.5852287268540776,False,0.03645745370815523,0.03645745370815523,0.5487712731459223,0.5852287268540776,0.0,0.0,0.03645745370815523,0.0,0.0
rep0815,0.44,0.44301852481339377,synth_only,0.1,0.010000000000000002,0.020000000000000004,0.06999999999999999,prop_127,1000,2000,0.5086322170935805,0.5453677829064195,False,0.03673556581283899,0.03673556581283899,0.5086322170935805,0.5453677829064195,0.0,0.0,0.03673556581283899,0.0,0.0
rep0816,0.76,0.7550653227665621,synth_only,0.1,0.010000000000000002,0.020000000000000004,0.06999999999999999,prop_127,1000,2000,1.0,1.0,False,0.0,0.0,1.0,1.0,0.0,0.0,0.0,0.0,0.0
rep0817,0.30,0.30281707381746487,synth_only,0.1,0.010000000000000002,0.020000000000000004,0.06999999999999999,prop_127,1000,2000,0.36362944736994846,0.39937055263005156,False,0.0357411052601031,0.0357411052601031,0.36362944736994846,0.39937055263005156,0.0,0.0,0.0357411052601031,0.0,0.0
rep0818,0.68,0.675641643703314,synth_only,0.1,0.010000000000000002,0.020000000000000004,0.06999999999999999,prop_127,1000,2000,0.8868657975434775,0.9091342024565225,False,0.022268404913045048,0.022268404913045048,0.8868657975434775,0.9091342024565225,0.0,0.0,0.022268404913045048,0.0,0.0
rep0819,0.34,0.34067507208923375,synth_only,0.1,0.010000000000000002,0.020000000000000004,0.06999999999999999,prop_127,1000,2000,0.4053219529619001,0.4416780470380999,False,0.036356094076199774,0.036356094076199774,0.4053219529619001,0.4416780470380999,0.0,0.0,0.036356094076199774,0.0,0.0
rep0820,0.87,0.8718592297890663,synth_only,0.1,0.010000000000000002,0.020000000000000004,0.06999999999999999,prop_127,1000,2000,0.8889632268930362,0.9110367731069638,False,0.022073546213927653,0.022073546213927653,0.8889632268930362,0.9110367731069638,0.0,0.0,0.022073546213927653,0.0,0.0
rep0821,0.31,0.3089734661518816,synth_only,0.1,0.010000000000000002,0.020000000000000004,0.06999999999999999,prop_127,1000,2000,0.32701756907908874,0.3619824309209112,False,0.03496486184182246,0.03496486184182246,0.32701756907908874,0.3619824309209112,0.0,0.0,0.03496486184182246,0.0,0.0
rep0822,0.26,0.25784403099715614,synth_only,0.1,0.010000000000000002,0.020000000000000004,0.06999999999999999,prop_127,1000,2000,0.3265235990172991,0.36147640098270084,False,0.034952801965401736,0.034952801965401736,0.3265235990172991,0.36147640098270084,0.0,0.0,0.034952801965401736,0.0,0.0
rep0823,0.07,0.0654069040861767,synth_only,0.1,0.010000000000000002,0.020000000000000004,0.06999999999999999,prop_127,1000,2000,0.10087531209851969,0.12412468790148032,False,0.02324937580296063,0.02324937580296063,0.10087531209851969,0.12412468790148032,0.0,0.0,0.02324937580296063,0.0,0.0
rep0824,0.60,0.5989494104440728,synth_only,0.1,0.010000000000000002,0.020000000000000004,0.06999999999999999,prop_127,1000,2000,0.5286868259116703,0.5653131740883298,False,0.03662634817665955,0.03662634817665955,0.5286868259116703,0.5653131740883298,0.0,0.0,0.03662634817665955,0.0,0.0
rep0825,0.19,0.19406387936257286,synth_only,0.1,0.010000000000000002,0.020000000000000004,0.06999999999999999,prop_127,1000,2000,0.43020321259992766,0.46679678740007235,False,0.03659357480014469,0.03659357480014469,0.43020321259992766,0.46679678740007235,0.0,0.0,0.03659357480014469,0.0,0.0
rep0826,0.25,0.254633407059406,synth_only,0.1,0.010000000000000002,0.020000000000000004,0.06999999999999999,prop_127,1000,2000,0.2272212739405178,0.2587787260594822,True,0.03155745211896441,0.03155745211896441,0.2272212739405178,0.2587787260594822,0.0,0.0,0.03155745211896441,0.0,0.0
rep0827,0.85,0.8472707896748068,synth_only,0.1,0.010000000000000002,0.020000000000000004,0.06999999999999999,prop_127,1000,2000,0.9851627919392607,0.9928372080607393,False,0.007674416121478567,0.007674416121478567,0.9851627919392607,0.9928372080607393,0.0,0.0,0.007674416121478567,0.0,0.0
rep0828,0.59,0.5851358430881207,synth_only,0.1,0.010000000000000002,0.020000000000000004,0.06999999999999999,prop_127,1000,2000,0.6208251612096772,0.6561748387903227,False,0.035349677580645444,0.035349677580645444,0.6208251612096772,0.6561748387903227,0.0,0.0,0.035349677580645444,0.0,0.0
rep0829,0.72,0.7197759140896983,synth_only,0.1,0.010000000000000002,0.020000000000000004,0.06999999999999999,prop_127,1000,2000,0.6329584445662626,0.6680415554337373,False,0.03508311086747473,0.03508311086747473,0.6329584445662626,0.6680415554337373,0.0,0.0,0.03508311086747473,0.0,0.0
rep0830,0.25,0.24736679372268616,synth_only,0.1,0.010000000000000002,0.020000000000000004,0.06999999999999999,prop_127,1000,2000,0.21842445782002956,0.24957554217997047,True,0.031151084359940906,0.031151084359940906,0.21842445782002956,0.24957554217997047,0.0,0.0,0.031151084359940906,0.0,0.0
rep0831,0.54,0.5396390757597858,synth_only,0.1,0.010000000000000002,0.020000000000000004,0.06999999999999999,prop_127,1000,2000,0.7218229366464611,0.7541770633535388,False,0.03235412670707771,0.03235412670707771,0.7218229366464611,0.7541770633535388,0.0,0.0,0.03235412670707771,0.0,0.0
rep0832,0.65,0.6509954189690357,synth_only,0.1,0.010000000000000002,0.020000000000000004,0.06999999999999999,prop_127,1000,2000,0.6892391177338393,0.7227608822661606,False,0.03352176453232136,0.03352176453232136,0.6892391177338393,0.7227608822661606,0.0,0.0,0.03352176453232136,0.0,0.0
rep0833,0.27,0.2744056716462595,synth_only,0.1,0.010000000000000002,0.020000000000000004,0.06999999999999999,prop_127,1000,2000,0.2600453861358519,0.2929546138641482,True,0.0329092277282963,0.0329092277282963,0.2600453861358519,0.2929546138641482,0.0,0.0,0.0329092277282963,0.0,0.0
rep0834,0.30,0.29643886014362586,synth_only,0.1,0.010000000000000002,0.020000000000000004,0.06999999999999999,prop_127,1000,2000,0.29298522337121735,0.32701477662878264,True,0.03402955325756529,0.03402955325756529,0.29298522337121735,0.32701477662878264,0.0,0.0,0.03402955325756529,0.0,0.0
rep0835,0.71,0.710451326157513,synth_only,0.1,0.010000000000000002,0.020000000000000004,0.06999999999999999,prop_127,1000,2000,0.631441121796891,0.666558878203109,False,0.03511775640621795,0.03511775640621795,0.631441121796891,0.666558878203109,0.0,0.0,0.03511775640621795,0.0,0.0
rep0836,0.06,0.0644549064093978,synth_only,0.1,0.010000000000000002,0.020000000000000004,0.06999999999999999,prop_127,1000,2000,0.17022976820032434,0.19877023179967565,False,0.028540463599351307,0.028540463599351307,0.17022976820032434,0.19877023179967565,0.0,0.0,0.028540463599351307,0.0,0.0
rep0837,0.80,0.8019562634935953,synth_only,0.1,0.010000000000000002,0.020000000000000004,0.06999999999999999,prop_127,1000,2000,0.8068967581403891,0.8351032418596108,False,0.028206483719221742,0.028206483719221742,0.8068967581403891,0.8351032418596108,0.0,0.0,0.028206483719221742,0.0,0.0
rep0838,0.18,0.1823185691949923,synth_only,0.1,0.010000000000000002,0.020000000000000004,0.06999999999999999,prop_127,1000,2000,0.2620088239794777,0.2949911760205223,False,0.032982352041044605,0.032982352041044605,0.2620088239794777,0.2949911760205223,0.0,0.0,0.032982352041044605,0.0,0.0
rep0839,0.22,0.22469835200361887,synth_only,0.1,0.010000000000000002,0.020000000000000004,0.06999999999999999,prop_127,1000,2000,0.19598931231690117,0.22601068768309882,True,0.030021375366197645,0.030021375366197645,0.19598931231690117,0.22601068768309882,0.0,0.0,0.030021375366197645,0.0,0.0
rep0840,0.74,0.7446698084269571,synth_only,0.1,0.010000000000000002,0.020000000000000004,0.06999999999999999,prop_127,1000,2000,0.7024636953448838,0.7355363046551161,False,0.03307260931023226,0.03307260931023226,0.7024636953448838,0.7355363046551161,0.0,0.0,0.03307260931023226,0.0,0.0
rep0841,0.38,0.37927089494916844,synth_only,0.1,0.010000000000000002,0.020000000000000004,0.06999999999999999,prop_127,1000,2000,0.49761479861369995,0.5343852013863001,False,0.03677040277260013,0.03677040277260013,0.49761479861369995,0.5343852013863001,0.0,0.0,0.03677040277260013,0.0,0.0
rep0842,0.77,0.7685009038564122,synth_only,0.1,0.010000000000000002,0.020000000000000004,0.06999999999999999,prop_127,1000,2000,0.7422433769446694,0.7737566230553307,True,0.03151324611066131,0.03151324611066131,0.7422433769446694,0.7737566230553307,0.0,0.0,0.03151324611066131,0.0,0.0
rep0843,0.61,0.6116441979544129,synth_only,0.1,0.010000000000000002,0.020000000000000004,0.06999999999999999,prop_127,1000,2000,0.6668962062087962,0.7011037937912039,False,0.03420758758240772,0.03420758758240772,0.6668962062087962,0.7011037937912039,0.0,0.0,0.03420758758240772,0.0,0.0
rep0844,0.81,0.8050544843956496,synth_only,0.1,0.010000000000000002,0.020000000000000004,0.06999999999999999,prop_127,1000,2000,0.8753527903891285,0.8986472096108715,False,0.023294419221743023,0.023294419221743023,0.8753527903891285,0.8986472096108715,0.0,0.0,0.023294419221743023,0.0,0.0
rep0845,0.50,0.5030770144484182,synth_only,0.1,0.010000000000000002,0.020000000000000004,0.06999999999999999,prop_127,1000,2000,0.5719058246840862,0.6080941753159137,False,0.03618835063182746,0.03618835063182746,0.5719058246840862,0.6080941753159137,0.0,0.0,0.03618835063182746,0.0,0.0
rep0846,0.46,0.46466388991028595,synth_only,0.1,0.010000000000000002,0.020000000000000004,0.06999999999999999,prop_127,1000,2000,0.49311024417615457,0.5298897558238453,False,0.03677951164769078,0.03677951164769078,0.49311024417615457,0.5298897558238453,0.0,0.0,0.03677951164769078,0.0,0.0
rep0847,0.67,0.6712039640702453,synth_only,0.1,0.010000000000000002,0.020000000000000004,0.06999999999999999,prop_127,1000,2000,0.5814732799769726,0.6175267200230274,False,0.03605344004605482,0.03605344004605482,0.5814732799769726,0.6175267200230274,0.0,0.0,0.03605344004605482,0.0,0.0
rep0848,0.54,0.5358246516531295,synth_only,0.1,0.010000000000000002,0.020000000000000004,0.06999999999999999,prop_127,1000,2000,0.5910477914515022,0.6269522085484978,False,0.035904417096995545,0.035904417096995545,0.5910477914515022,0.6269522085484978,0.0,0.0,0.035904417096995545,0.0,0.0
rep0849,0.48,0.47558808606764336,synth_only,0.1,0.010000000000000002,0.020000000000000004,0.06999999999999999,prop_127,1000,2000,0.5186558117680683,0.5553441882319318,False,0.03668837646386347,0.03668837646386347,0.5186558117680683,0.5553441882319318,0.0,0.0,0.03668837646386347,0.0,0.0
rep0850,0.34,0.34392989065238194,synth_only,0.1,0.010000000000000002,0.020000000000000004,0.06999999999999999,prop_127,1000,2000,0.25759166736925726,0.2904083326307428,False,0.03281666526148552,0.03281666526148552,0.25759166736925726,0.2904083326307428,0.0,0.0,0.03281666526148552,0.0,0.0
rep0851,0.56,0.5560594057482561,synth_only,0.1,0.010000000000000002,0.020000000000000004,0.06999999999999999,prop_127,1000,2000,0.48410560808927033,0.5208943919107296,False,0.03678878382145928,0.03678878382145928,0.48410560808927033,0.5208943919107296,0.0,0.0,0.03678878382145928,0.0,0.0
rep0852,0.26,0.26012302186838115,synth_only,0.1,0.010000000000000002,0.020000000000000004,0.06999999999999999,prop_127,1000,2000,0.2419034550999923,0.2740965449000077,True,0.03219308980001537,0.03219308980001537,0.2419034550999923,0.2740965449000077,0.0,0.0,0.03219308980001537,0.0,0.0
rep0853,0.75,0.7534773126797006,synth_only,0.1,0.010000000000000002,0.020000000000000004,0.06999999999999999,prop_127,1000,2000,0.783743075843833,0.813256924156167,False,0.029513848312334057,0.029513848312334057,0.783743075843833,0.813256924156167,0.0,0.0,0.029513848312334057,0.0,0.0
rep0854,0.30,0.2969324937571981,synth_only,0.1,0.010000000000000002,0.020000000000000004,0.06999999999999999,prop_127,1000,2000,0.2487636850826068,0.2812363149173932,False,0.03247262983478641,0.03247262983478641,0.2487636850826068,0.2812363149173932,0.0,0.0,0.03247262983478641,0.0,0.0
rep0855,0.41,0.405923986067375,synth_only,0.1,0.010000000000000002,0.020000000000000004,0.06999999999999999,prop_127,1000,2000,0.4043276869095353,0.4406723130904647,True,0.036344626180929374,0.036344626180929374,0.4043276869095353,0.4406723130904647,0.0,0.0,0.036344626180929374,0.0,0.0
rep0856,0.22,0.21692150971974478,synth_only,0.1,0.010000000000000002,0.020000000000000004,0.06999999999999999,prop_127,1000,2000,0.24631299406580395,0.2786870059341961,False,0.032374011868392144,0.032374011868392144,0.24631299406580395,0.2786870059341961,0.0,0.0,0.032374011868392144,0.0,0.0
rep0857,0.60,0.6039976457136771,synth_only,0.1,0.010000000000000002,0.020000000000000004,0.06999999999999999,prop_127,1000,2000,0.6902558010006532,0.7237441989993467,False,0.03348839799869352,0.03348839799869352,0.6902558010006532,0.7237441989993467,0.0,0.0,0.03348839799869352,0.0,0.0
rep0858,0.52,0.5226595818444564,synth_only,0.1,0.010000000000000002,0.020000000000000004,0.06999999999999999,prop_127,1000,2000,0.6400418176154006,0.6749581823845994,False,0.03491636476919879,0.03491636476919879,0.6400418176154006,0.6749581823845994,0.0,0.0,0.03491636476919879,0.0,0.0
rep0859,0.36,0.3649009557852776,synth_only,0.1,0.010000000000000002,0.020000000000000004,0.06999999999999999,prop_127,1000,2000,0.6127429578101802,0.6482570421898197,False,0.03551408437963954,0.03551408437963954,0.6127429578101802,0.6482570421898197,0.0,0.0,0.03551408437963954,0.0,0.0
rep0860,0.26,0.25912749383185896,synth_only,0.1,0.010000000000000002,0.020000000000000004,0.06999999999999999,prop_127,1000,2000,0.1306023527770763,0.15639764722292368,False,0.025795294445847383,0.025795294445847383,0.1306023527770763,0.15639764722292368,0.0,0.0,0.025795294445847383,0.0,0.0
rep0861,0.71,0.7062668668751864,synth_only,0.1,0.010000000000000002,0.020000000000000004,0.06999999999999999,prop_127,1000,2000,0.39836369574985175,0.4346363042501482,False,0.036272608500296455,0.036272608500296455,0.39836369574985175,0.4346363042501482,0.0,0.0,0.036272608500296455,0.0,0.0
rep0862,0.75,0.7541385997310633,synth_only,0.1,0.010000000000000002,0.020000000000000004,0.06999999999999999,prop_127,1000,2000,0.8456776026967783,0.8713223973032218,False,0.025644794606443533,0.025644794606443533,0.8456776026967783,0.8713223973032218,0.0,0.0,0.025644794606443533,0.0,0.0
rep0863,0.17,0.16819335324395354,synth_only,0.1,0.010000000000000002,0.020000000000000004,0.06999999999999999,prop_127,1000,2000,0.2905232986523931,0.32447670134760687,False,0.03395340269521374,0.03395340269521374,0.2905232986523931,0.32447670134760687,0.0,0.0,0.03395340269521374,0.0,0.0
rep0864,0.40,0.39622981499775667,synth_only,0.1,0.010000000000000002,0.020000000000000004,0.06999999999999999,prop_127,1000,2000,0.4801054609310448,0.5168945390689552,False,0.036789078137910436,0.036789078137910436,0.4801054609310448,0.5168945390689552,0.0,0.0,0.036789078137910436,0.0,0.0
rep0865,0.69,0.6858311175662823,synth_only,0.1,0.010000000000000002,0.020000000000000004,0.06999999999999999,prop_127,1000,2000,0.8905371911804475,0.9124628088195524,False,0.021925617639104944,0.021925617639104944,0.8905371911804475,0.9124628088195524,0.0,0.0,0.021925617639104944,0.0,0.0
rep0866,0.47,0.4721888504698195,synth_only,0.1,0.010000000000000002,0.020000000000000004,0.06999999999999999,prop_127,1000,2000,0.6613175030946677,0.6956824969053322,False,0.03436499381066449,0.03436499381066449,0.6613175030946677,0.6956824969053322,0.0,0.0,0.03436499381066449,0.0,0.0
rep0867,0.69,0.693794826548079,synth_only,0.1,0.010000000000000002,0.020000000000000004,0.06999999999999999,prop_127,1000,2000,0.7442879346516043,0.7757120653483958,False,0.03142413069679151,0.03142413069679151,0.7442879346516043,0.7757120653483958,0.0,0.0,0.03142413069679151,0.0,0.0
rep0868,0.26,0.2566978664394614,synth_only,0.1,0.010000000000000002,0.020000000000000004,0.06999999999999999,prop_127,1000,2000,0.33789029327917025,0.3731097067208297,False,0.035219413441659464,0.035219413441659464,0.33789029327917025,0.3731097067208297,0.0,0.0,0.035219413441659464,0.0,0.0
rep0869,0.24,0.24120304102613027,synth_only,0.1,0.010000000000000002,0.020000000000000004,0.06999999999999999,prop_127,1000,2000,0.248273493187115,0.280726506812885,False,0.03245301362577002,0.03245301362577002,0.248273493187115,0.280726506812885,0.0,0.0,0.03245301362577002,0.0,0.0
rep0870,0.54,0.535780639473449,synth_only,0.1,0.010000000000000002,0.020000000000000004,0.06999999999999999,prop_127,1000,2000,0.6319468748773825,0.6670531251226174,False,0.03510625024523484,0.03510625024523484,0.6319468748773825,0.6670531251226174,0.0,0.0,0.03510625024523484,0.0,0.0
rep0871,0.72,0.7154389851825377,synth_only,0.1,0.010000000000000002,0.020000000000000004,0.06999999999999999,prop_127,1000,2000,0.7253932947540145,0.7576067052459856,False,0.03221341049197113,0.03221341049197113,0.7253932947540145,0.7576067052459856,0.0,0.0,0.03221341049197113,0.0,0.0
rep0872,0.24,0.24101545269402924,synth_only,0.1,0.010000000000000002,0.020000000000000004,0.06999999999999999,prop_127,1000,2000,0.4446558117680683,0.48134418823193176,False,0.03668837646386347,0.03668837646386347,0.4446558117680683,0.48134418823193176,0.0,0.0,0.03668837646386347,0.0,0.0
rep0873,0.78,0.7778548045946253,synth_only,0.1,0.010000000000000002,0.020000000000000004,0.06999999999999999,prop_127,1000,2000,0.6552347585496138,0.6897652414503862,False,0.03453048290077243,0.03453048290077243,0.6552347585496138,0.6897652414503862,0.0,0.0,0.03453048290077243,0.0,0.0
rep0874,0.15,0.15193436593523885,synth_only,0.1,0.010000000000000002,0.020000000000000004,0.06999999999999999,prop_127,1000,2000,0.08896322689303614,0.11103677310696387,False,0.022073546213927736,0.022073546213927736,0.08896322689303614,0.11103677310696387,0.0,0.0,0.022073546213927736,0.0,0.0
rep0875,0.23,0.2346368809099312,synth_only,0.1,0.010000000000000002,0.020000000000000004,0.06999999999999999,prop_127,1000,2000,0.12915870935188603,0.15484129064811394,False,0.025682581296227913,0.025682581296227913,0.12915870935188603,0.15484129064811394,0.0,0.0,0.025682581296227913,0.0,0.0
rep0876,0.63,0.6328743671801009,synth_only,0.1,0.010000000000000002,0.020000000000000004,0.06999999999999999,prop_127,1000,2000,0.8007148262089416,0.8292851737910583,False,0.02857034758211663,0.02857034758211663,0.8007148262089416,0.8292851737910583,0.0,0.0,0.02857034758211663,0.0,0.0
rep0877,0.61,0.611707536587315,synth_only,0.1,0.010000000000000002,0.020000000000000004,0.06999999999999999,prop_127,1000,2000,0.6167834006656839,0.652216599334316,False,0.03543319866863204,0.03543319866863204,0.6167834006656839,0.652216599334316,0.0,0.0,0.03543319866863204,0.0,0.0
rep0878,0.69,0.6933386821204933,synth_only,0.1,0.010000000000000002,0.020000000000000004,0.06999999999999999,prop_127,1000,2000,0.720803078478959,0.753196921521041,False,0.03239384304208204,0.03239384304208204,0.720803078478959,0.753196921521041,0.0,0.0,0.03239384304208204,0.0,0.0
rep0879,0.03,0.03300402301366184,synth_only,0.1,0.010000000000000002,0.020000000000000004,0.06999999999999999,prop_127,1000,2000,0.000987994950861562,0.005012005049138438,False,0.004024010098276876,0.004024010098276876,0.000987994950861562,0.005012005049138438,0.0,0.0,0.004024010098276876,0.0,0.0
rep0880,0.39,0.3914563282154039,synth_only,0.1,0.010000000000000002,0.020000000000000004,0.06999999999999999,prop_127,1000,2000,0.4217382996850306,0.4582617003149694,False,0.03652340062993875,0.03652340062993875,0.4217382996850306,0.4582617003149694,0.0,0.0,0.03652340062993875,0.0,0.0
rep0881,0.19,0.1948530992919928,synth_only,0.1,0.010000000000000002,0.020000000000000004,0.06999999999999999,prop_127,1000,2000,0.3038245445186718,0.3381754554813282,False,0.03435091096265641,0.03435091096265641,0.3038245445186718,0.3381754554813282,0.0,0.0,0.03435091096265641,0.0,0.0
rep0882,0.43,0.43200730989615416,synth_only,0.1,0.010000000000000002,0.020000000000000004,0.06999999999999999,prop_127,1000,2000,0.633970099098894,0.6690299009011059,False,0.03505980180221191,0.03505980180221191,0.633970099098894,0.6690299009011059,0.0,0.0,0.03505980180221191,0.0,0.0
rep0883,0.94,0.9434516394468868,synth_only,0.1,0.010000000000000002,0.020000000000000004,0.06999999999999999,prop_127,1000,2000,0.9253981188021196,0.9436018811978804,True,0.018203762395760714,0.018203762395760714,0.9253981188021196,0.9436018811978804,0.0,0.0,0.018203762395760714,0.0,0.0
rep0884,0.33,0.3319831018965169,synth_only,0.1,0.010000000000000002,0.020000000000000004,0.06999999999999999,prop_127,1000,2000,0.26544582141512235,0.2985541785848776,False,0.03310835716975524,0.03310835716975524,0.26544582141512235,0.2985541785848776,0.0,0.0,0.03310835716975524,0.0,0.0
rep0885,0.73,0.7324859026395856,synth_only,0.1,0.010000000000000002,0.020000000000000004,0.06999999999999999,prop_127,1000,2000,0.8151485199706292,0.8428514800293707,False,0.02770296005874151,0.02770296005874151,0.8151485199706292,0.8428514800293707,0.0,0.0,0.02770296005874151,0.0,0.0
rep0886,0.54,0.5385283686566426,synth_only,0.1,0.010000000000000002,0.020000000000000004,0.06999999999999999,prop_127,1000,2000,0.5432450545765399,0.5797549454234601,False,0.036509890846920134,0.036509890846920134,0.5432450545765399,0.5797549454234601,0.0,0.0,0.036509890846920134,0.0,0.0
rep0887,0.35,0.3539669311911588,synth_only,0.1,0.010000000000000002,0.020000000000000004,0.06999999999999999,prop_127,1000,2000,0.33640704670525745,0.3715929532947425,True,0.03518590658948506,0.03518590658948506,0.33640704670525745,0.3715929532947425,0.0,0.0,0.03518590658948506,0.0,0.0
rep0888,0.20,0.1952673020933365,synth_only,0.1,0.010000000000000002,0.020000000000000004,0.06999999999999999,prop_127,1000,2000,0.19891174485575017,0.22908825514424982,False,0.03017651028849966,0.03017651028849966,0.19891174485575017,0.22908825514424982,0.0,0.0,0.03017651028849966,0.0,0.0
rep0889,0.26,0.26497849197301776,synth_only,0.1,0.010000000000000002,0.020000000000000004,0.06999999999999999,prop_127,1000,2000,0.3973699654574479,0.43363003454255206,False,0.03626006908510415,0.03626006908510415,0.3973699654574479,0.43363003454255206,0.0,0.0,0.03626006908510415,0.0,0.0
rep0890,0.63,0.6290537606592542,synth_only,0.1,0.010000000000000002,0.020000000000000004,0.06999999999999999,prop_127,1000,2000,0.7453103903531941,0.7766896096468059,False,0.03137921929361176,0.03137921929361176,0.7453103903531941,0.7766896096468059,0.0,0.0,0.03137921929361176,0.0,0.0
rep0891,0.55,0.5528966909490612,synth_only,0.1,0.010000000000000002,0.020000000000000004,0.06999999999999999,prop_127,1000,2000,0.6668962062087962,0.7011037937912039,False,0.03420758758240772,0.03420758758240772,0.6668962062087962,0.7011037937912039,0.0,0.0,0.03420758758240772,0.0,0.0
rep0892,0.80,0.8006173868245346,synth_only,0.1,0.010000000000000002,0.020000000000000004,0.06999999999999999,prop_127,1000,2000,0.9637242251528553,0.9762757748471447,False,0.012551549694289399,0.012551549694289399,0.9637242251528553,0.9762757748471447,0.0,0.0,0.012551549694289399,0.0,0.0
rep0893,0.29,0.29004347155906574,synth_only,0.1,0.010000000000000002,0.020000000000000004,0.06999999999999999,prop_127,1000,2000,0.34580411565046554,0.38119588434953444,False,0.035391768699068904,0.035391768699068904,0.34580411565046554,0.38119588434953444,0.0,0.0,0.035391768699068904,0.0,0.0
rep0894,0.25,0.25027163369822375,synth_only,0.1,0.010000000000000002,0.020000000000000004,0.06999999999999999,prop_127,1000,2000,0.1455470533541599,0.1724529466458401,False,0.026905893291680194,0.026905893291680194,0.1455470533541599,0.1724529466458401,0.0,0.0,0.026905893291680194,0.0,0.0
rep0895,0.50,0.5009754217237548,synth_only,0.1,0.010000000000000002,0.020000000000000004,0.06999999999999999,prop_127,1000,2000,0.5703958135729371,0.6066041864270629,False,0.036208372854125814,0.036208372854125814,0.5703958135729371,0.6066041864270629,0.0,0.0,0.036208372854125814,0.0,0.0
rep0896,0.42,0.42275257362258056,synth_only,0.1,0.010000000000000002,0.020000000000000004,0.06999999999999999,prop_127,1000,2000,0.31220789116453096,0.34679210883546907,False,0.03458421767093811,0.03458421767093811,0.31220789116453096,0.34679210883546907,0.0,0.0,0.03458421767093811,0.0,0.0
rep0897,0.57,0.5749317022579263,synth_only,0.1,0.010000000000000002,0.020000000000000004,0.06999999999999999,prop_127,1000,2000,0.5156479557975504,0.5523520442024497,False,0.03670408840489925,0.03670408840489925,0.5156479557975504,0.5523520442024497,0.0,0.0,0.03670408840489925,0.0,0.0
rep0898,0.41,0.40999482271590626,synth_only,0.1,0.010000000000000002,0.020000000000000004,0.06999999999999999,prop_127,1000,2000,0.4731080363699867,0.5098919636300132,False,0.036783927260026494,0.036783927260026494,0.4731080363699867,0.5098919636300132,0.0,0.0,0.036783927260026494,0.0,0.0
rep0899,0.60,0.6028749348952296,synth_only,0.1,0.010000000000000002,0.020000000000000004,0.06999999999999999,prop_127,1000,2000,0.5332032125999276,0.5697967874000723,False,0.03659357480014469,0.03659357480014469,0.5332032125999276,0.5697967874000723,0.0,0.0,0.03659357480014469,0.0,0.0
rep0900,0.08,0.08023105099107586,synth_only,0.1,0.010000000000000002,0.020000000000000004,0.06999999999999999,prop_127,1000,2000,0.10852343419406732,0.13247656580593267,False,0.023953131611865353,0.023953131611865353,0.10852343419406732,0.13247656580593267,0.0,0.0,0.023953131611865353,0.0,0.0
rep0901,0.25,0.24805563350972124,synth_only,0.1,0.010000000000000002,0.020000000000000004,0.06999999999999999,prop_127,1000,2000,0.3344296790597996,0.36957032094020037,False,0.03514064188040078,0.03514064188040078,0.3344296790597996,0.36957032094020037,0.0,0.0,0.03514064188040078,0.0,0.0
rep0902,0.46,0.459208285481113,synth_only,0.1,0.010000000000000002,0.020000000000000004,0.06999999999999999,prop_127,1000,2000,0.4651153967549616,0.5018846032450384,False,0.036769206490076756,0.036769206490076756,0.4651153967549616,0.5018846032450384,0.0,0.0,0.036769206490076756,0.0,0.0
rep0903,0.40,0.40470325308908073,synth_only,0.1,0.010000000000000002,0.020000000000000004,0.06999999999999999,prop_127,1000,2000,0.5744228965399009,0.6105771034600992,False,0.03615420692019833,0.03615420692019833,0.5744228965399009,0.6105771034600992,0.0,0.0,0.03615420692019833,0.0,0.0
rep0904,0.74,0.7367150862951151,synth_only,0.1,0.010000000000000002,0.020000000000000004,0.06999999999999999,prop_127,1000,2000,0.819278499808509,0.846721500191491,False,0.027443000382981975,0.027443000382981975,0.819278499808509,0.846721500191491,0.0,0.0,0.027443000382981975,0.0,0.0
rep0905,0.53,0.5262469525590572,synth_only,0.1,0.010000000000000002,0.020000000000000004,0.06999999999999999,prop_127,1000,2000,0.7811750759424687,0.8108249240575314,False,0.02964984811506266,0.02964984811506266,0.7811750759424687,0.8108249240575314,0.0,0.0,0.02964984811506266,0.0,0.0
rep0906,0.43,0.4295134784735216,synth_only,0.1,0.010000000000000002,0.020000000000000004,0.06999999999999999,prop_127,1000,2000,0.3914092003592905,0.42759079964070945,False,0.03618159928141895,0.03618159928141895,0.3914092003592905,0.42759079964070945,0.0,0.0,0.03618159928141895,0.0,0.0
rep0907,0.58,0.5849474766699793,synth_only,0.1,0.010000000000000002,0.020000000000000004,0.06999999999999999,prop_127,1000,2000,0.5191571859865032,0.5558428140134968,False,0.0366856280269936,0.0366856280269936,0.5191571859865032,0.5558428140134968,0.0,0.0,0.0366856280269936,0.0,0.0
rep0908,0.48,0.48492751275630064,synth_only,0.1,0.010000000000000002,0.020000000000000004,0.06999999999999999,prop_127,1000,2000,0.7162150448273816,0.7487849551726184,False,0.03256991034523682,0.03256991034523682,0.7162150448273816,0.7487849551726184,0.0,0.0,0.03256991034523682,0.0,0.0
rep0909,0.60,0.6005456321863921,synth_only,0.1,0.010000000000000002,0.020000000000000004,0.06999999999999999,prop_127,1000,2000,0.7822021698083819,0.8117978301916182,False,0.029595660383236355,0.029595660383236355,0.7822021698083819,0.8117978301916182,0.0,0.0,0.029595660383236355,0.0,0.0
rep0910,0.24,0.2355777817622394,synth_only,0.1,0.010000000000000002,0.020000000000000004,0.06999999999999999,prop_127,1000,2000,0.16683547229985027,0.19516452770014972,False,0.028329055400299452,0.028329055400299452,0.16683547229985027,0.19516452770014972,0.0,0.0,0.028329055400299452,0.0,0.0
rep0911,0.93,0.9274402226674996,synth_only,0.1,0.010000000000000002,0.020000000000000004,0.06999999999999999,prop_127,1000,2000,0.9805281770084714,0.9894718229915286,False,0.008943645983057191,0.008943645983057191,0.9805281770084714,0.9894718229915286,0.0,0.0,0.008943645983057191,0.0,0.0
rep0912,0.33,0.3328031798974252,synth_only,0.1,0.010000000000000002,0.020000000000000004,0.06999999999999999,prop_127,1000,2000,0.3725519101984235,0.40844808980157654,False,0.035896179603153056,0.035896179603153056,0.3725519101984235,0.40844808980157654,0.0,0.0,0.035896179603153056,0.0,0.0
rep0913,0.79,0.7928530932485195,synth_only,0.1,0.010000000000000002,0.020000000000000004,0.06999999999999999,prop_127,1000,2000,0.9031585082623151,0.9238414917376848,False,0.020682983475369676,0.020682983475369676,0.9031585082623151,0.9238414917376848,0.0,0.0,0.020682983475369676,0.0,0.0
rep0914,0.28,0.27955813148107167,synth_only,0.1,0.010000000000000002,0.020000000000000004,0.06999999999999999,prop_127,1000,2000,0.34382516120967727,0.3791748387903227,False,0.035349677580645444,0.035349677580645444,0.34382516120967727,0.3791748387903227,0.0,0.0,0.035349677580645444,0.0,0.0
rep0915,0.59,0.5854321739882112,synth_only,0.1,0.010000000000000002,0.020000000000000004,0.06999999999999999,prop_127,1000,2000,0.7269238581985883,0.7590761418014117,False,0.032152283602823406,0.032152283602823406,0.7269238581985883,0.7590761418014117,0.0,0.0,0.032152283602823406,0.0,0.0
rep0916,0.55,0.5465347024511903,synth_only,0.1,0.010000000000000002,0.020000000000000004,0.06999999999999999,prop_127,1000,2000,0.5849999061613896,0.6210000938386103,False,0.036000187677220685,0.036000187677220685,0.5849999061613896,0.6210000938386103,0.0,0.0,0.036000187677220685,0.0,0.0
rep0917,0.56,0.5579033237171087,synth_only,0.1,0.010000000000000002,0.020000000000000004,0.06999999999999999,prop_127,1000,2000,0.6836490906264666,0.7173509093735334,False,0.03370181874706679,0.03370181874706679,0.6836490906264666,0.7173509093735334,0.0,0.0,0.03370181874706679,0.0,0.0
rep0918,0.72,0.7218633328980577,synth_only,0.1,0.010000000000000002,0.020000000000000004,0.06999999999999999,prop_127,1000,2000,0.7177441490711679,0.7502558509288321,True,0.032511701857664166,0.032511701857664166,0.7177441490711679,0.7502558509288321,0.0,0.0,0.032511701857664166,0.0,0.0
rep0919,0.87,0.8656176910114827,synth_only,0.1,0.010000000000000002,0.020000000000000004,0.06999999999999999,prop_127,1000,2000,0.9269957245696793,0.9450042754303208,False,0.01800855086064157,0.01800855086064157,0.9269957245696793,0.9450042754303208,0.0,0.0,0.01800855086064157,0.0,0.0
rep0920,0.62,0.6233059094640105,synth_only,0.1,0.010000000000000002,0.020000000000000004,0.06999999999999999,prop_127,1000,2000,0.6026475575076201,0.63835244249238,True,0.03570488498475988,0.03570488498475988,0.6026475575076201,0.63835244249238,0.0,0.0,0.03570488498475988,0.0,0.0
rep0921,0.22,0.2173664709418197,synth_only,0.1,0.010000000000000002,0.020000000000000004,0.06999999999999999,prop_127,1000,2000,0.17750970742404623,0.20649029257595378,False,0.028980585151907545,0.028980585151907545,0.17750970742404623,0.20649029257595378,0.0,0.0,0.028980585151907545,0.0,0.0
rep0922,0.70,0.7005194618395932,synth_only,0.1,0.010000000000000002,0.020000000000000004,0.06999999999999999,prop_127,1000,2000,0.411786537522835,0.448213462477165,False,0.036426924954329976,0.036426924954329976,0.411786537522835,0.448213462477165,0.0,0.0,0.036426924954329976,0.0,0.0
rep0923,0.16,0.16440842251557405,synth_only,0.1,0.010000000000000002,0.020000000000000004,0.06999999999999999,prop_127,1000,2000,0.43618169941937607,0.47281830058062396,False,0.036636601161247895,0.036636601161247895,0.43618169941937607,0.47281830058062396,0.0,0.0,0.036636601161247895,0.0,0.0
rep0924,0.14,0.1429748606919633,synth_only,0.1,0.010000000000000002,0.020000000000000004,0.06999999999999999,prop_127,1000,2000,0.06531003166635266,0.08468996833364734,False,0.019379936667294678,0.019379936667294678,0.06531003166635266,0.08468996833364734,0.0,0.0,0.019379936667294678,0.0,0.0
rep0925,0.67,0.666712725019911,synth_only,0.1,0.010000000000000002,0.020000000000000004,0.06999999999999999,prop_127,1000,2000,0.7529826236525943,0.7840173763474056,False,0.031034752694811374,0.031034752694811374,0.7529826236525943,0.7840173763474056,0.0,0.0,0.031034752694811374,0.0,0.0
rep0926,0.17,0.16622442380947358,synth_only,0.1,0.010000000000000002,0.020000000000000004,0.06999999999999999,prop_127,1000,2000,0.1523114347943955,0.17968856520560453,True,0.02737713041120904,0.02737713041120904,0.1523114347943955,0.17968856520560453,0.0,0.0,0.02737713041120904,0.0,0.0
rep0927,0.51,0.5141555573393931,synth_only,0.1,0.010000000000000002,0.020000000000000004,0.06999999999999999,prop_127,1000,2000,0.6648672685680783,0.6991327314319218,False,0.034265462863843466,0.034265462863843466,0.6648672685680783,0.6991327314319218,0.0,0.0,0.034265462863843466,0.0,0.0
rep0928,0.38,0.38486703788990645,synth_only,0.1,0.010000000000000002,0.020000000000000004,0.06999999999999999,prop_127,1000,2000,0.5613393838143037,0.5976606161856963,False,0.03632123237139262,0.03632123237139262,0.5613393838143037,0.5976606161856963,0.0,0.0,0.03632123237139262,0.0,0.0
rep0929,0.53,0.5258807586557327,synth_only,0.1,0.010000000000000002,0.020000000000000004,0.06999999999999999,prop_127,1000,2000,0.4053219529619001,0.4416780470380999,False,0.036356094076199774,0.036356094076199774,0.4053219529619001,0.4416780470380999,0.0,0.0,0.036356094076199774,0.0,0.0
rep0930,0.69,0.6861048992827523,synth_only,0.1,0.010000000000000002,0.020000000000000004,0.06999999999999999,prop_127,1000,2000,0.755029707459891,0.785970292540109,False,0.03094058508021802,0.03094058508021802,0.755029707459891,0.785970292540109,0.0,0.0,0.03094058508021802,0.0,0.0
rep0931,0.79,0.7886264475385006,synth_only,0.1,0.010000000000000002,0.020000000000000004,0.06999999999999999,prop_127,1000,2000,0.9414441006165393,0.9575558993834608,False,0.01611179876692148,0.01611179876692148,0.9414441006165393,0.9575558993834608,0.0,0.0,0.01611179876692148,0.0,0.0
rep0932,0.75,0.7530435600518499,synth_only,0.1,0.010000000000000002,0.020000000000000004,0.06999999999999999,prop_127,1000,2000,0.5482687952837808,0.5847312047162192,False,0.03646240943243839,0.03646240943243839,0.5482687952837808,0.5847312047162192,0.0,0.0,0.03646240943243839,0.0,0.0
rep0933,0.46,0.4603632560540694,synth_only,0.1,0.010000000000000002,0.020000000000000004,0.06999999999999999,prop_127,1000,2000,0.62133047438975,0.65666952561025,False,0.03533905122050007,0.03533905122050007,0.62133047438975,0.65666952561025,0.0,0.0,0.03533905122050007,0.0,0.0
rep0934,0.36,0.3640486656919765,synth_only,0.1,0.010000000000000002,0.020000000000000004,0.06999999999999999,prop_127,1000,2000,0.30579651412392267,0.34020348587607735,False,0.03440697175215468,0.03440697175215468,0.30579651412392267,0.34020348587607735,0.0,0.0,0.03440697175215468,0.0,0.0
rep0935,0.45,0.4484190082718218,synth_only,0.1,0.010000000000000002,0.020000000000000004,0.06999999999999999,prop_127,1000,2000,0.4277129702484405,0.4642870297515595,True,0.03657405950311898,0.03657405950311898,0.4277129702484405,0.4642870297515595,0.0,0.0,0.03657405950311898,0.0,0.0
rep0936,0.47,0.4668823636384429,synth_only,0.1,0.010000000000000002,0.020000000000000004,0.06999999999999999,prop_127,1000,2000,0.5462590726962985,0.5827409273037015,False,0.03648185460740305,0.03648185460740305,0.5462590726962985,0.5827409273037015,0.0,0.0,0.03648185460740305,0.0,0.0
rep0937,0.49,0.48634738882638967,synth_only,0.1,0.010000000000000002,0.020000000000000004,0.06999999999999999,prop_127,1000,2000,0.5708991313016253,0.6071008686983747,False,0.03620173739674937,0.03620173739674937,0.5708991313016253,0.6071008686983747,0.0,0.0,0.03620173739674937,0.0,0.0
rep0938,0.05,0.050518539447385644,synth_only,0.1,0.010000000000000002,0.020000000000000004,0.06999999999999999,prop_127,1000,2000,0.1469958041349195,0.1740041958650805,False,0.027008391730161008,0.027008391730161008,0.1469958041349195,0.1740041958650805,0.0,0.0,0.027008391730161008,0.0,0.0
rep0939,0.29,0.28880775061146474,synth_only,0.1,0.010000000000000002,0.020000000000000004,0.06999999999999999,prop_127,1000,2000,0.32701756907908874,0.3619824309209112,False,0.03496486184182246,0.03496486184182246,0.32701756907908874,0.3619824309209112,0.0,0.0,0.03496486184182246,0.0,0.0
rep0940,0.87,0.8734333798785777,synth_only,0.1,0.010000000000000002,0.020000000000000004,0.06999999999999999,prop_127,1000,2000,0.7786079545405395,0.8083920454594604,False,0.02978409091892087,0.02978409091892087,0.7786079545405395,0.8083920454594604,0.0,0.0,0.02978409091892087,0.0,0.0
rep0941,0.68,0.683200274884099,synth_only,0.1,0.010000000000000002,0.020000000000000004,0.06999999999999999,prop_127,1000,2000,0.5407338904317462,0.5772661095682539,False,0.036532219136507615,0.036532219136507615,0.5407338904317462,0.5772661095682539,0.0,0.0,0.036532219136507615,0.0,0.0
rep0942,0.27,0.2710550747889007,synth_only,0.1,0.010000000000000002,0.020000000000000004,0.06999999999999999,prop_127,1000,2000,0.3205976377562379,0.35540236224376215,False,0.03480472448752425,0.03480472448752425,0.3205976377562379,0.35540236224376215,0.0,0.0,0.03480472448752425,0.0,0.0
rep0943,0.47,0.4731482432428844,synth_only,0.1,0.010000000000000002,0.020000000000000004,0.06999999999999999,prop_127,1000,2000,0.2890464243622116,0.32295357563778837,False,0.03390715127557675,0.03390715127557675,0.2890464243622116,0.32295357563778837,0.0,0.0,0.03390715127557675,0.0,0.0
rep0944,0.51,0.5146957667549181,synth_only,0.1,0.010000000000000002,0.020000000000000004,0.06999999999999999,prop_127,1000,2000,0.45612931593644657,0.4928706840635534,False,0.03674136812710682,0.03674136812710682,0.45612931593644657,0.4928706840635534,0.0,0.0,0.03674136812710682,0.0,0.0
rep0945,0.59,0.5886557890573638,synth_only,0.1,0.010000000000000002,0.020000000000000004,0.06999999999999999,prop_127,1000,2000,0.5462590726962985,0.5827409273037015,False,0.03648185460740305,0.03648185460740305,0.5462590726962985,0.5827409273037015,0.0,0.0,0.03648185460740305,0.0,0.0
rep0946,0.44,0.4370820847951539,synth_only,0.1,0.010000000000000002,0.020000000000000004,0.06999999999999999,prop_127,1000,2000,0.3443198687642799,0.3796801312357201,False,0.035360262471440196,0.035360262471440196,0.3443198687642799,0.3796801312357201,0.0,0.0,0.035360262471440196,0.0,0.0
rep0947,0.87,0.866519565812173,synth_only,0.1,0.010000000000000002,0.020000000000000004,0.06999999999999999,prop_127,1000,2000,1.0,1.0,False,0.0,0.0,1.0,1.0,0.0,0.0,0.0,0.0,0.0
rep0948,0.85,0.8452851546189601,synth_only,0.1,0.010000000000000002,0.020000000000000004,0.06999999999999999,prop_127,1000,2000,0.9005244929964803,0.9214755070035198,False,0.02095101400703947,0.02095101400703947,0.9005244929964803,0.9214755070035198,0.0,0.0,0.02095101400703947,0.0,0.0
rep0949,0.20,0.20032059485290374,synth_only,0.1,0.010000000000000002,0.020000000000000004,0.06999999999999999,prop_127,1000,2000,0.07663150136552582,0.09736849863447417,False,0.020736997268948343,0.020736997268948343,0.07663150136552582,0.09736849863447417,0.0,0.0,0.020736997268948343,0.0,0.0
rep0950,0.90,0.9021015317955764,synth_only,0.1,0.010000000000000002,0.020000000000000004,0.06999999999999999,prop_127,1000,2000,0.8931622110006097,0.9148377889993904,True,0.021675577998780726,0.021675577998780726,0.8931622110006097,0.9148377889993904,0.0,0.0,0.021675577998780726,0.0,0.0
rep0951,0.22,0.2157506964984059,synth_only,0.1,0.010000000000000002,0.020000000000000004,0.06999999999999999,prop_127,1000,2000,0.2924927918175994,0.3265072081824006,False,0.03401441636480118,0.03401441636480118,0.2924927918175994,0.3265072081824006,0.0,0.0,0.03401441636480118,0.0,0.0
rep0952,0.58,0.5800357124187395,synth_only,0.1,0.010000000000000002,0.020000000000000004,0.06999999999999999,prop_127,1000,2000,0.6780619589249917,0.7119380410750082,False,0.033876082150016584,0.033876082150016584,0.6780619589249917,0.7119380410750082,0.0,0.0,0.033876082150016584,0.0,0.0
rep0953,0.80,0.7973444873405898,synth_only,0.1,0.010000000000000002,0.020000000000000004,0.06999999999999999,prop_127,1000,2000,0.9010510937746956,0.9219489062253043,False,0.020897812450608733,0.020897812450608733,0.9010510937746956,0.9219489062253043,0.0,0.0,0.020897812450608733,0.0,0.0
rep0954,0.13,0.13271607730771978,synth_only,0.1,0.010000000000000002,0.020000000000000004,0.06999999999999999,prop_127,1000,2000,0.26102705383279956,0.2939729461672005,False,0.03294589233440093,0.03294589233440093,0.26102705383279956,0.2939729461672005,0.0,0.0,0.03294589233440093,0.0,0.0
rep0955,0.18,0.1837336297706667,synth_only,0.1,0.010000000000000002,0.020000000000000004,0.06999999999999999,prop_127,1000,2000,0.3280055734611183,0.36299442653888164,False,0.03498885307776334,0.03498885307776334,0.3280055734611183,0.36299442653888164,0.0,0.0,0.03498885307776334,0.0,0.0
rep0956,0.79,0.7854056279441578,synth_only,0.1,0.010000000000000002,0.020000000000000004,0.06999999999999999,prop_127,1000,2000,0.8670020241778464,0.8909979758221536,False,0.023995951644307123,0.023995951644307123,0.8670020241778464,0.8909979758221536,0.0,0.0,0.023995951644307123,0.0,0.0
rep0957,0.32,0.32124689447320376,synth_only,0.1,0.010000000000000002,0.020000000000000004,0.06999999999999999,prop_127,1000,2000,0.44315999008038887,0.4798400099196112,False,0.03668001983922231,0.03668001983922231,0.44315999008038887,0.4798400099196112,0.0,0.0,0.03668001983922231,0.0,0.0
rep0958,0.20,0.1951799771873339,synth_only,0.1,0.010000000000000002,0.020000000000000004,0.06999999999999999,prop_127,1000,2000,0.4596231927754596,0.49637680722454036,False,0.03675361444908076,0.03675361444908076,0.4596231927754596,0.49637680722454036,0.0,0.0,0.03675361444908076,0.0,0.0
rep0959,0.38,0.3812986858290224,synth_only,0.1,0.010000000000000002,0.020000000000000004,0.06999999999999999,prop_127,1000,2000,0.4771061231523314,0.5138938768476685,False,0.0367877536953371,0.0367877536953371,0.4771061231523314,0.5138938768476685,0.0,0.0,0.0367877536953371,0.0,0.0
rep0960,0.41,0.41380077638099233,synth_only,0.1,0.010000000000000002,0.020000000000000004,0.06999999999999999,prop_127,1000,2000,0.5392274174272953,0.5757725825727047,False,0.0365451651454094,0.0365451651454094,0.5392274174272953,0.5757725825727047,0.0,0.0,0.0365451651454094,0.0,0.0
rep0961,0.74,0.7387153100599416,synth_only,0.1,0.010000000000000002,0.020000000000000004,0.06999999999999999,prop_127,1000,2000,0.7621984274331862,0.7928015725668137,False,0.030603145133627496,0.030603145133627496,0.7621984274331862,0.7928015725668137,0.0,0.0,0.030603145133627496,0.0,0.0
rep0962,0.38,0.3817854357146475,synth_only,0.1,0.010000000000000002,0.020000000000000004,0.06999999999999999,prop_127,1000,2000,0.2571010011888226,0.2898989988111774,False,0.0327979976223548,0.0327979976223548,0.2571010011888226,0.2898989988111774,0.0,0.0,0.0327979976223548,0.0,0.0
rep0963,0.25,0.24572917508517655,synth_only,0.1,0.010000000000000002,0.020000000000000004,0.06999999999999999,prop_127,1000,2000,0.31368797320931147,0.34831202679068857,False,0.0346240535813771,0.0346240535813771,0.31368797320931147,0.34831202679068857,0.0,0.0,0.0346240535813771,0.0,0.0
rep0964,0.25,0.25425955518401544,synth_only,0.1,0.010000000000000002,0.020000000000000004,0.06999999999999999,prop_127,1000,2000,0.42472529729926783,0.4612747027007322,False,0.03654940540146434,0.03654940540146434,0.42472529729926783,0.4612747027007322,0.0,0.0,0.03654940540146434,0.0,0.0
rep0965,0.45,0.4517564805327457,synth_only,0.1,0.010000000000000002,0.020000000000000004,0.06999999999999999,prop_127,1000,2000,0.39438923598758807,0.4306107640124119,False,0.03622152802482381,0.03622152802482381,0.39438923598758807,0.4306107640124119,0.0,0.0,0.03622152802482381,0.0,0.0
rep0966,0.23,0.22964343595308967,synth_only,0.1,0.010000000000000002,0.020000000000000004,0.06999999999999999,prop_127,1000,2000,0.30974153094506424,0.3442584690549358,False,0.03451693810987155,0.03451693810987155,0.30974153094506424,0.3442584690549358,0.0,0.0,0.03451693810987155,0.0,0.0
rep0967,0.37,0.3666314767937022,synth_only,0.1,0.010000000000000002,0.020000000000000004,0.06999999999999999,prop_127,1000,2000,0.43717837489405753,0.4738216251059425,False,0.03664325021188497,0.03664325021188497,0.43717837489405753,0.4738216251059425,0.0,0.0,0.03664325021188497,0.0,0.0
rep0968,0.63,0.6272541597710806,synth_only,0.1,0.010000000000000002,0.020000000000000004,0.06999999999999999,prop_127,1000,2000,0.7361124979191607,0.7678875020808393,False,0.031775004161678666,0.031775004161678666,0.7361124979191607,0.7678875020808393,0.0,0.0,0.031775004161678666,0.0,0.0
rep0969,0.70,0.7008586148082405,synth_only,0.1,0.010000000000000002,0.020000000000000004,0.06999999999999999,prop_127,1000,2000,0.8063813757914794,0.8346186242085206,False,0.028237248417041227,0.028237248417041227,0.8063813757914794,0.8346186242085206,0.0,0.0,0.028237248417041227,0.0,0.0
rep0970,0.54,0.5406120721715562,synth_only,0.1,0.010000000000000002,0.020000000000000004,0.06999999999999999,prop_127,1000,2000,0.4966136575981845,0.5333863424018155,False,0.036772684803630995,0.036772684803630995,0.4966136575981845,0.5333863424018155,0.0,0.0,0.036772684803630995,0.0,0.0
rep0971,0.16,0.1556622029622385,synth_only,0.1,0.010000000000000002,0.020000000000000004,0.06999999999999999,prop_127,1000,2000,0.2257544723160754,0.25724552768392456,False,0.03149105536784916,0.03149105536784916,0.2257544723160754,0.25724552768392456,0.0,0.0,0.03149105536784916,0.0,0.0
rep0972,0.94,0.9379373051052255,synth_only,0.1,0.010000000000000002,0.020000000000000004,0.06999999999999999,prop_127,1000,2000,1.0,1.0,False,0.0,0.0,1.0,1.0,0.0,0.0,0.0,0.0,0.0
rep0973,0.27,0.27483004245897774,synth_only,0.1,0.010000000000000002,0.020000000000000004,0.06999999999999999,prop_127,1000,2000,0.36561165820777286,0.40138834179222715,False,0.035776683584454294,0.035776683584454294,0.36561165820777286,0.40138834179222715,0.0,0.0,0.035776683584454294,0.0,0.0
rep0974,0.61,0.6081572880828607,synth_only,0.1,0.010000000000000002,0.020000000000000004,0.06999999999999999,prop_127,1000,2000,0.7009369223264429,0.7340630776735572,False,0.03312615534711427,0.03312615534711427,0.7009369223264429,0.7340630776735572,0.0,0.0,0.03312615534711427,0.0,0.0
rep0975,0.55,0.5543986460906293,synth_only,0.1,0.010000000000000002,0.020000000000000004,0.06999999999999999,prop_127,1000,2000,0.6036567332470053,0.6393432667529948,False,0.03568653350598949,0.03568653350598949,0.6036567332470053,0.6393432667529948,0.0,0.0,0.03568653350598949,0.0,0.0
rep0976,0.88,0.8820978183499276,synth_only,0.1,0.010000000000000002,0.020000000000000004,0.06999999999999999,prop_127,1000,2000,0.7131575508405975,0.7458424491594026,False,0.032684898318805056,0.032684898318805056,0.7131575508405975,0.7458424491594026,0.0,0.0,0.032684898318805056,0.0,0.0
rep0977,0.64,0.637666516403361,synth_only,0.1,0.010000000000000002,0.020000000000000004,0.06999999999999999,prop_127,1000,2000,0.6983928040248142,0.7316071959751858,False,0.03321439195037157,0.03321439195037157,0.6983928040248142,0.7316071959751858,0.0,0.0,0.03321439195037157,0.0,0.0
rep0978,0.58,0.5822856282238834,synth_only,0.1,0.010000000000000002,0.020000000000000004,0.06999999999999999,prop_127,1000,2000,0.7494014040590935,0.7805985959409065,False,0.031197191881813024,0.031197191881813024,0.7494014040590935,0.7805985959409065,0.0,0.0,0.031197191881813024,0.0,0.0
rep0979,0.79,0.7928993920058985,synth_only,0.1,0.010000000000000002,0.020000000000000004,0.06999999999999999,prop_127,1000,2000,0.6892391177338393,0.7227608822661606,False,0.03352176453232136,0.03352176453232136,0.6892391177338393,0.7227608822661606,0.0,0.0,0.03352176453232136,0.0,0.0
rep0980,0.65,0.6542298263224308,synth_only,0.1,0.010000000000000002,0.020000000000000004,0.06999999999999999,prop_127,1000,2000,0.7919667236988109,0.821033276301189,False,0.029066552602378115,0.029066552602378115,0.7919667236988109,0.821033276301189,0.0,0.0,0.029066552602378115,0.0,0.0
rep0981,0.82,0.8216350162371281,synth_only,0.1,0.010000000000000002,0.020000000000000004,0.06999999999999999,prop_127,1000,2000,0.6699402997117254,0.7040597002882747,False,0.034119400576549275,0.034119400576549275,0.6699402997117254,0.7040597002882747,0.0,0.0,0.034119400576549275,0.0,0.0
rep0982,0.31,0.3122888464957295,synth_only,0.1,0.010000000000000002,0.020000000000000004,0.06999999999999999,prop_127,1000,2000,0.23994437152200743,0.2720556284779926,False,0.03211125695598516,0.03211125695598516,0.23994437152200743,0.2720556284779926,0.0,0.0,0.03211125695598516,0.0,0.0
rep0983,0.24,0.24341823882522612,synth_only,0.1,0.010000000000000002,0.020000000000000004,0.06999999999999999,prop_127,1000,2000,0.37850378832514514,0.4144962116748549,False,0.03599242334970976,0.03599242334970976,0.37850378832514514,0.4144962116748549,0.0,0.0,0.03599242334970976,0.0,0.0
rep0984,0.46,0.45508408535305495,synth_only,0.1,0.010000000000000002,0.020000000000000004,0.06999999999999999,prop_127,1000,2000,0.43369033677025703,0.470309663229743,True,0.03661932645948596,0.03661932645948596,0.43369033677025703,0.470309663229743,0.0,0.0,0.03661932645948596,0.0,0.0
rep0985,0.44,0.4375299950469971,synth_only,0.1,0.010000000000000002,0.020000000000000004,0.06999999999999999,prop_127,1000,2000,0.42870901106777687,0.46529098893222315,True,0.03658197786444628,0.03658197786444628,0.42870901106777687,0.46529098893222315,0.0,0.0,0.03658197786444628,0.0,0.0
rep0986,0.84,0.8420823032906237,synth_only,0.1,0.010000000000000002,0.020000000000000004,0.06999999999999999,prop_127,1000,2000,0.8182457420874413,0.8457542579125586,True,0.027508515825117374,0.027508515825117374,0.8182457420874413,0.8457542579125586,0.0,0.0,0.027508515825117374,0.0,0.0
rep0987,0.51,0.5125880374502091,synth_only,0.1,0.010000000000000002,0.020000000000000004,0.06999999999999999,prop_127,1000,2000,0.7167247196691683,0.7492752803308317,False,0.0325505606616634,0.0325505606616634,0.7167247196691683,0.7492752803308317,0.0,0.0,0.0325505606616634,0.0,0.0
rep0988,0.84,0.8375435844417034,synth_only,0.1,0.010000000000000002,0.020000000000000004,0.06999999999999999,prop_127,1000,2000,1.0,1.0,False,0.0,0.0,1.0,1.0,0.0,0.0,0.0,0.0,0.0
rep0989,0.16,0.15603075370580066,synth_only,0.1,0.010000000000000002,0.020000000000000004,0.06999999999999999,prop_127,1000,2000,0.0994433162315826,0.1225566837684174,False,0.023113367536834795,0.023113367536834795,0.0994433162315826,0.1225566837684174,0.0,0.0,0.023113367536834795,0.0,0.0
rep0990,0.30,0.30237411939330205,synth_only,0.1,0.010000000000000002,0.020000000000000004,0.06999999999999999,prop_127,1000,2000,0.45064076665934377,0.4873592333406562,False,0.0367184666813124,0.0367184666813124,0.45064076665934377,0.4873592333406562,0.0,0.0,0.0367184666813124,0.0,0.0
rep0991,0.60,0.6025508144464183,synth_only,0.1,0.010000000000000002,0.020000000000000004,0.06999999999999999,prop_127,1000,2000,0.7976259947551985,0.8263740052448016,False,0.028748010489603182,0.028748010489603182,0.7976259947551985,0.8263740052448016,0.0,0.0,0.028748010489603182,0.0,0.0
rep0992,0.80,0.8032639851808171,synth_only,0.1,0.010000000000000002,0.020000000000000004,0.06999999999999999,prop_127,1000,2000,0.8994715894761229,0.9205284105238771,False,0.021056821047754193,0.021056821047754193,0.8994715894761229,0.9205284105238771,0.0,0.0,0.021056821047754193,0.0,0.0
rep0993,0.61,0.6060913430792686,synth_only,0.1,0.010000000000000002,0.020000000000000004,0.06999999999999999,prop_127,1000,2000,0.5996205127272077,0.6353794872727924,True,0.03575897454558463,0.03575897454558463,0.5996205127272077,0.6353794872727924,0.0,0.0,0.03575897454558463,0.0,0.0
rep0994,0.63,0.63435798234609,synth_only,0.1,0.010000000000000002,0.020000000000000004,0.06999999999999999,prop_127,1000,2000,0.7202931898363805,0.7527068101636196,False,0.03241362032723916,0.03241362032723916,0.7202931898363805,0.7527068101636196,0.0,0.0,0.03241362032723916,0.0,0.0
rep0995,0.47,0.4677370119041559,synth_only,0.1,0.010000000000000002,0.020000000000000004,0.06999999999999999,prop_127,1000,2000,0.4696106765692331,0.5063893234307669,False,0.036778646861533815,0.036778646861533815,0.4696106765692331,0.5063893234307669,0.0,0.0,0.036778646861533815,0.0,0.0
rep0996,0.48,0.47833721845184457,synth_only,0.1,0.010000000000000002,0.020000000000000004,0.06999999999999999,prop_127,1000,2000,0.4571274741696886,0.4938725258303114,True,0.03674505166062281,0.03674505166062281,0.4571274741696886,0.4938725258303114,0.0,0.0,0.03674505166062281,0.0,0.0
rep0997,0.15,0.15449303723364252,synth_only,0.1,0.010000000000000002,0.020000000000000004,0.06999999999999999,prop_127,1000,2000,0.10948068045062861,0.13351931954937138,False,0.024038639098742764,0.024038639098742764,0.10948068045062861,0.13351931954937138,0.0,0.0,0.024038639098742764,0.0,0.0
rep0998,0.62,0.6166365598340153,synth_only,0.1,0.010000000000000002,0.020000000000000004,0.06999999999999999,prop_127,1000,2000,0.7627107160824934,0.7932892839175066,False,0.030578567835013226,0.030578567835013226,0.7627107160824934,0.7932892839175066,0.0,0.0,0.030578567835013226,0.0,0.0
rep0999,0.53,0.5271154519776099,synth_only,0.1,0.010000000000000002,0.020000000000000004,0.06999999999999999,prop_127,1000,2000,0.6927979365966407,0.7262020634033594,False,0.03340412680671867,0.03340412680671867,0.6927979365966407,0.7262020634033594,0.0,0.0,0.03340412680671867,0.0,0.0
