task_id,label,theta,algo,alpha,alpha1,alpha2,alpha3,alloc,n_j,N_j,L,U,covered,width,width_clip,L_tilde,U_tilde,delta_L,delta_U,W1,W2,W3
rep0000,0.25,0.2478634861040341,synth_only,0.15,0.015,0.03,0.105,prop_127,1000,2000,0.33909821665836726,0.3699017833416327,False,0.03080356668326545,0.03080356668326545,0.33909821665836726,0.3699017833416327,0.0,0.0,0.03080356668326545,0.0,0.0
rep0001,0.37,0.3686079524634063,synth_only,0.15,0.015,0.03,0.105,prop_127,1000,2000,0.41306465512441504,0.44493534487558495,False,0.03187068975116991,0.03187068975116991,0.41306465512441504,0.44493534487558495,0.0,0.0,0.03187068975116991,0.0,0.0
rep0002,0.17,0.17032800314766197,synth_only,0.15,0.015,0.03,0.105,prop_127,1000,2000,0.3569337224266993,0.3880662775733007,False,0.031132555146601404,0.031132555146601404,0.3569337224266993,0.3880662775733007,0.0,0.0,0.031132555146601404,0.0,0.0
rep0003,0.41,0.4119903665842383,synth_only,0.15,0.015,0.03,0.105,prop_127,1000,2000,0.5666221764424553,0.5983778235575448,False,0.03175564711508949,0.03175564711508949,0.5666221764424553,0.5983778235575448,0.0,0.0,0.03175564711508949,0.0,0.0
rep0004,0.36,0.36322332650332373,synth_only,0.15,0.015,0.03,0.105,prop_127,1000,2000,0.31535477291836755,0.3456452270816325,False,0.030290454163264924,0.030290454163264924,0.31535477291836755,0.3456452270816325,0.0,0.0,0.030290454163264924,0.0,0.0
rep0005,0.28,0.27660752268158256,synth_only,0.15,0.015,0.03,0.105,prop_127,1000,2000,0.3212865481377077,0.35171345186229236,False,0.030426903724584675,0.030426903724584675,0.3212865481377077,0.35171345186229236,0.0,0.0,0.030426903724584675,0.0,0.0
rep0006,0.40,0.39522788491940364,synth_only,0.15,0.015,0.03,0.105,prop_127,1000,2000,0.4559267859857877,0.4880732140142123,False,0.0321464280284246,0.0321464280284246,0.4559267859857877,0.4880732140142123,0.0,0.0,0.0321464280284246,0.0,0.0
rep0007,0.34,0.34221851206383785,synth_only,0.15,0.015,0.03,0.105,prop_127,1000,2000,0.42102982472220163,0.45297017527779837,False,0.03194035055559674,0.03194035055559674,0.42102982472220163,0.45297017527779837,0.0,0.0,0.03194035055559674,0.0,0.0
rep0008,0.89,0.8876454917096256,synth_only,0.15,0.015,0.03,0.105,prop_127,1000,2000,0.8742090687342106,0.8947909312657893,True,0.020581862531578787,0.020581862531578787,0.8742090687342106,0.8947909312657893,0.0,0.0,0.020581862531578787,0.0,0.0
rep0009,0.13,0.13218242080353054,synth_only,0.15,0.015,0.03,0.105,prop_127,1000,2000,0.21302344062773915,0.23997655937226087,False,0.02695311874452172,0.02695311874452172,0.21302344062773915,0.23997655937226087,0.0,0.0,0.02695311874452172,0.0,0.0
rep0010,0.32,0.32181545181669885,synth_only,0.15,0.015,0.03,0.105,prop_127,1000,2000,0.43747129280014985,0.4695287071998502,False,0.032057414399700335,0.032057414399700335,0.43747129280014985,0.4695287071998502,0.0,0.0,0.032057414399700335,0.0,0.0
rep0011,0.29,0.2854083438878526,synth_only,0.15,0.015,0.03,0.105,prop_127,1000,2000,0.44145978492433935,0.4735402150756607,False,0.03208043015132134,0.03208043015132134,0.44145978492433935,0.4735402150756607,0.0,0.0,0.03208043015132134,0.0,0.0
rep0012,0.44,0.43703005404805023,synth_only,0.15,0.015,0.03,0.105,prop_127,1000,2000,0.4849015559508767,0.5170984440491233,False,0.03219688809824661,0.03219688809824661,0.4849015559508767,0.5170984440491233,0.0,0.0,0.03219688809824661,0.0,0.0
rep0013,0.62,0.6208052270470665,synth_only,0.15,0.015,0.03,0.105,prop_127,1000,2000,0.48240159619719813,0.5145984038028019,False,0.03219680760560373,0.03219680760560373,0.48240159619719813,0.5145984038028019,0.0,0.0,0.03219680760560373,0.0,0.0
rep0014,0.71,0.7147259999129039,synth_only,0.15,0.015,0.03,0.105,prop_127,1000,2000,0.7121480391362698,0.7408519608637303,True,0.028703921727460502,0.028703921727460502,0.7121480391362698,0.7408519608637303,0.0,0.0,0.028703921727460502,0.0,0.0
rep0015,0.39,0.39454122151151017,synth_only,0.15,0.015,0.03,0.105,prop_127,1000,2000,0.40609861651073076,0.4379013834892692,False,0.031802766978538455,0.031802766978538455,0.40609861651073076,0.4379013834892692,0.0,0.0,0.031802766978538455,0.0,0.0
rep0016,0.17,0.16665588411027546,synth_only,0.15,0.015,0.03,0.105,prop_127,1000,2000,0.18809713405588188,0.21390286594411814,False,0.02580573188823626,0.02580573188823626,0.18809713405588188,0.21390286594411814,0.0,0.0,0.02580573188823626,0.0,0.0
rep0017,0.52,0.5214065008427691,synth_only,0.15,0.015,0.03,0.105,prop_127,1000,2000,0.5460257682853815,0.5779742317146186,False,0.03194846342923707,0.03194846342923707,0.5460257682853815,0.5779742317146186,0.0,0.0,0.03194846342923707,0.0,0.0
rep0018,0.36,0.35939977730659944,synth_only,0.15,0.015,0.03,0.105,prop_127,1000,2000,0.33167374331717747,0.3623262566828225,True,0.030652513365645007,0.030652513365645007,0.33167374331717747,0.3623262566828225,0.0,0.0,0.030652513365645007,0.0,0.0
rep0019,0.35,0.35459743075612077,synth_only,0.15,0.015,0.03,0.105,prop_127,1000,2000,0.3683407580276253,0.39965924197237473,False,0.03131848394474945,0.03131848394474945,0.3683407580276253,0.39965924197237473,0.0,0.0,0.03131848394474945,0.0,0.0
rep0020,0.88,0.8825365524342114,synth_only,0.15,0.015,0.03,0.105,prop_127,1000,2000,0.8633154618115038,0.8846845381884962,True,0.02136907637699248,0.02136907637699248,0.8633154618115038,0.8846845381884962,0.0,0.0,0.02136907637699248,0.0,0.0
rep0021,0.59,0.5949598193481452,synth_only,0.15,0.015,0.03,0.105,prop_127,1000,2000,0.5741644664417886,0.6058355335582113,True,0.031671067116422646,0.031671067116422646,0.5741644664417886,0.6058355335582113,0.0,0.0,0.031671067116422646,0.0,0.0
rep0022,0.72,0.7170696852830631,synth_only,0.15,0.015,0.03,0.105,prop_127,1000,2000,0.8240782549653727,0.8479217450346272,False,0.02384349006925457,0.02384349006925457,0.8240782549653727,0.8479217450346272,0.0,0.0,0.02384349006925457,0.0,0.0
rep0023,0.39,0.3897887441590057,synth_only,0.15,0.015,0.03,0.105,prop_127,1000,2000,0.256197529864239,0.28480247013576104,False,0.02860494027152205,0.02860494027152205,0.256197529864239,0.28480247013576104,0.0,0.0,0.02860494027152205,0.0,0.0
rep0024,0.56,0.5618562370971357,synth_only,0.15,0.015,0.03,0.105,prop_127,1000,2000,0.6806831125343835,0.7103168874656165,False,0.02963377493123298,0.02963377493123298,0.6806831125343835,0.7103168874656165,0.0,0.0,0.02963377493123298,0.0,0.0
rep0025,0.15,0.1536743850699371,synth_only,0.15,0.015,0.03,0.105,prop_127,1000,2000,0.1710373357350043,0.1959626642649957,False,0.02492532852999141,0.02492532852999141,0.1710373357350043,0.1959626642649957,0.0,0.0,0.02492532852999141,0.0,0.0
rep0026,0.45,0.4470975824569302,synth_only,0.15,0.015,0.03,0.105,prop_127,1000,2000,0.4974073927182975,0.5295926072817024,False,0.03218521456340495,0.03218521456340495,0.4974073927182975,0.5295926072817024,0.0,0.0,0.03218521456340495,0.0,0.0
rep0027,0.15,0.14555732938848953,synth_only,0.15,0.015,0.03,0.105,prop_127,1000,2000,0.375288711922465,0.40671128807753504,False,0.03142257615507005,0.03142257615507005,0.375288711922465,0.40671128807753504,0.0,0.0,0.03142257615507005,0.0,0.0
rep0028,0.72,0.7158400826850747,synth_only,0.15,0.015,0.03,0.105,prop_127,1000,2000,0.7060515032210625,0.7349484967789376,True,0.028896993557875117,0.028896993557875117,0.7060515032210625,0.7349484967789376,0.0,0.0,0.028896993557875117,0.0,0.0
rep0029,0.33,0.3291877284663172,synth_only,0.15,0.015,0.03,0.105,prop_127,1000,2000,0.3020185189347008,0.33198148106529923,True,0.02996296213059846,0.02996296213059846,0.3020185189347008,0.33198148106529923,0.0,0.0,0.02996296213059846,0.0,0.0
rep0030,0.79,0.7937062466334305,synth_only,0.15,0.015,0.03,0.105,prop_127,1000,2000,0.6969126928437721,0.7260873071562279,False,0.029174614312455827,0.029174614312455827,0.6969126928437721,0.7260873071562279,0.0,0.0,0.029174614312455827,0.0,0.0
rep0031,0.67,0.6704077234134693,synth_only,0.15,0.015,0.03,0.105,prop_127,1000,2000,0.6822037224221408,0.7117962775778591,False,0.029592555155718347,0.029592555155718347,0.6822037224221408,0.7117962775778591,0.0,0.0,0.029592555155718347,0.0,0.0
rep0032,0.49,0.49161387479740387,synth_only,0.15,0.015,0.03,0.105,prop_127,1000,2000,0.49240385015180393,0.5245961498481959,False,0.03219229969639198,0.03219229969639198,0.49240385015180393,0.5245961498481959,0.0,0.0,0.03219229969639198,0.0,0.0
rep0033,0.73,0.7281359113887491,synth_only,0.15,0.015,0.03,0.105,prop_127,1000,2000,0.4804019181713917,0.5125980818286082,False,0.0321961636572165,0.0321961636572165,0.4804019181713917,0.5125980818286082,0.0,0.0,0.0321961636572165,0.0,0.0
rep0034,0.26,0.25795044332393025,synth_only,0.15,0.015,0.03,0.105,prop_127,1000,2000,0.36486806456197374,0.3961319354380263,False,0.031263870876052535,0.031263870876052535,0.36486806456197374,0.3961319354380263,0.0,0.0,0.031263870876052535,0.0,0.0
rep0035,0.31,0.31207276260600325,synth_only,0.15,0.015,0.03,0.105,prop_127,1000,2000,0.27292776636475286,0.3020722336352471,False,0.029144467270494245,0.029144467270494245,0.27292776636475286,0.3020722336352471,0.0,0.0,0.029144467270494245,0.0,0.0
rep0036,0.38,0.3813002067209173,synth_only,0.15,0.015,0.03,0.105,prop_127,1000,2000,0.3837300736712968,0.41526992632870324,False,0.03153985265740644,0.03153985265740644,0.3837300736712968,0.41526992632870324,0.0,0.0,0.03153985265740644,0.0,0.0
rep0037,0.69,0.6948613205139563,synth_only,0.15,0.015,0.03,0.105,prop_127,1000,2000,0.7564504757246941,0.7835495242753059,False,0.027099048550611737,0.027099048550611737,0.7564504757246941,0.7835495242753059,0.0,0.0,0.027099048550611737,0.0,0.0
rep0038,0.79,0.7918600324246673,synth_only,0.15,0.015,0.03,0.105,prop_127,1000,2000,0.8137938299907692,0.8382061700092307,False,0.024412340018461487,0.024412340018461487,0.8137938299907692,0.8382061700092307,0.0,0.0,0.024412340018461487,0.0,0.0
rep0039,0.74,0.737128328560063,synth_only,0.15,0.015,0.03,0.105,prop_127,1000,2000,0.7850731741757497,0.8109268258242504,False,0.02585365164850062,0.02585365164850062,0.7850731741757497,0.8109268258242504,0.0,0.0,0.02585365164850062,0.0,0.0
rep0040,0.20,0.20217595771942773,synth_only,0.15,0.015,0.03,0.105,prop_127,1000,2000,0.30498088950858154,0.33501911049141847,False,0.030038220982836927,0.030038220982836927,0.30498088950858154,0.33501911049141847,0.0,0.0,0.030038220982836927,0.0,0.0
rep0041,0.63,0.6338665832251937,synth_only,0.15,0.015,0.03,0.105,prop_127,1000,2000,0.8271666234287358,0.8508333765712641,False,0.023666753142528307,0.023666753142528307,0.8271666234287358,0.8508333765712641,0.0,0.0,0.023666753142528307,0.0,0.0
rep0042,0.28,0.28273766256385496,synth_only,0.15,0.015,0.03,0.105,prop_127,1000,2000,0.17834373058230885,0.20365626941769116,False,0.025312538835382314,0.025312538835382314,0.17834373058230885,0.20365626941769116,0.0,0.0,0.025312538835382314,0.0,0.0
rep0043,0.12,0.11761149789511506,synth_only,0.15,0.015,0.03,0.105,prop_127,1000,2000,0.11001843306364054,0.13098156693635946,True,0.02096313387271892,0.02096313387271892,0.11001843306364054,0.13098156693635946,0.0,0.0,0.02096313387271892,0.0,0.0
rep0044,0.17,0.16718848316147858,synth_only,0.15,0.015,0.03,0.105,prop_127,1000,2000,0.32870512585368183,0.3592948741463181,False,0.030589748292636276,0.030589748292636276,0.32870512585368183,0.3592948741463181,0.0,0.0,0.030589748292636276,0.0,0.0
rep0045,0.14,0.13852317554366197,synth_only,0.15,0.015,0.03,0.105,prop_127,1000,2000,0.3609003273170932,0.3920996726829068,False,0.03119934536581359,0.03119934536581359,0.3609003273170932,0.3920996726829068,0.0,0.0,0.03119934536581359,0.0,0.0
rep0046,0.12,0.12296145833985304,synth_only,0.15,0.015,0.03,0.105,prop_127,1000,2000,0.1317287210938587,0.15427127890614128,False,0.022542557812282593,0.022542557812282593,0.1317287210938587,0.15427127890614128,0.0,0.0,0.022542557812282593,0.0,0.0
rep0047,0.48,0.47752701943189135,synth_only,0.15,0.015,0.03,0.105,prop_127,1000,2000,0.42053187767186045,0.45246812232813954,False,0.03193624465627909,0.03193624465627909,0.42053187767186045,0.45246812232813954,0.0,0.0,0.03193624465627909,0.0,0.0
rep0048,0.57,0.5726813089453829,synth_only,0.15,0.015,0.03,0.105,prop_127,1000,2000,0.7994202588155666,0.8245797411844336,False,0.025159482368867003,0.025159482368867003,0.7994202588155666,0.8245797411844336,0.0,0.0,0.025159482368867003,0.0,0.0
rep0049,0.74,0.7412554577471945,synth_only,0.15,0.015,0.03,0.105,prop_127,1000,2000,0.7523687061404046,0.7796312938595954,False,0.027262587719190767,0.027262587719190767,0.7523687061404046,0.7796312938595954,0.0,0.0,0.027262587719190767,0.0,0.0
rep0050,0.62,0.6173942815743904,synth_only,0.15,0.015,0.03,0.105,prop_127,1000,2000,0.5450217777567857,0.5769782222432144,False,0.03195644448642865,0.03195644448642865,0.5450217777567857,0.5769782222432144,0.0,0.0,0.03195644448642865,0.0,0.0
rep0051,0.27,0.26599598126632845,synth_only,0.15,0.015,0.03,0.105,prop_127,1000,2000,0.28968311253438345,0.31931688746561654,False,0.029633774931233092,0.029633774931233092,0.28968311253438345,0.31931688746561654,0.0,0.0,0.029633774931233092,0.0,0.0
rep0052,0.31,0.3073068139568365,synth_only,0.15,0.015,0.03,0.105,prop_127,1000,2000,0.39515860857423035,0.4268413914257696,False,0.03168278285153925,0.03168278285153925,0.39515860857423035,0.4268413914257696,0.0,0.0,0.03168278285153925,0.0,0.0
rep0053,0.62,0.6218265929743847,synth_only,0.15,0.015,0.03,0.105,prop_127,1000,2000,0.833347772095937,0.8566522279040629,False,0.0233044558081259,0.0233044558081259,0.833347772095937,0.8566522279040629,0.0,0.0,0.0233044558081259,0.0,0.0
rep0054,0.43,0.43339616303131784,synth_only,0.15,0.015,0.03,0.105,prop_127,1000,2000,0.34157396326313433,0.37242603673686564,False,0.030852073473731312,0.030852073473731312,0.34157396326313433,0.37242603673686564,0.0,0.0,0.030852073473731312,0.0,0.0
rep0055,0.74,0.740619116521778,synth_only,0.15,0.015,0.03,0.105,prop_127,1000,2000,0.9312942931963386,0.9467057068036613,False,0.015411413607322677,0.015411413607322677,0.9312942931963386,0.9467057068036613,0.0,0.0,0.015411413607322677,0.0,0.0
rep0056,0.79,0.7903021326927078,synth_only,0.15,0.015,0.03,0.105,prop_127,1000,2000,0.8591720542991388,0.8808279457008612,False,0.021655891401722416,0.021655891401722416,0.8591720542991388,0.8808279457008612,0.0,0.0,0.021655891401722416,0.0,0.0
rep0057,0.29,0.2885664653209669,synth_only,0.15,0.015,0.03,0.105,prop_127,1000,2000,0.35346387776643007,0.3845361222335699,False,0.031072244467139853,0.031072244467139853,0.35346387776643007,0.3845361222335699,0.0,0.0,0.031072244467139853,0.0,0.0
rep0058,0.68,0.680408527032369,synth_only,0.15,0.015,0.03,0.105,prop_127,1000,2000,0.5781885752294933,0.6098114247705066,False,0.031622849541013354,0.031622849541013354,0.5781885752294933,0.6098114247705066,0.0,0.0,0.031622849541013354,0.0,0.0
rep0059,0.42,0.42124425860033593,synth_only,0.15,0.015,0.03,0.105,prop_127,1000,2000,0.40013033147327853,0.43186966852672143,True,0.031739337053442895,0.031739337053442895,0.40013033147327853,0.43186966852672143,0.0,0.0,0.031739337053442895,0.0,0.0
rep0060,0.29,0.2851622642408732,synth_only,0.15,0.015,0.03,0.105,prop_127,1000,2000,0.3703255393944709,0.40167446060552914,False,0.031348921211058256,0.031348921211058256,0.3703255393944709,0.40167446060552914,0.0,0.0,0.031348921211058256,0.0,0.0
rep0061,0.28,0.28253385670631975,synth_only,0.15,0.015,0.03,0.105,prop_127,1000,2000,0.31288401942470045,0.3431159805752996,False,0.030231961150599118,0.030231961150599118,0.31288401942470045,0.3431159805752996,0.0,0.0,0.030231961150599118,0.0,0.0
rep0062,0.30,0.3032893933218672,synth_only,0.15,0.015,0.03,0.105,prop_127,1000,2000,0.2655436041851069,0.29445639581489313,False,0.028912791629786216,0.028912791629786216,0.2655436041851069,0.29445639581489313,0.0,0.0,0.028912791629786216,0.0,0.0
rep0063,0.23,0.22593861408608223,synth_only,0.15,0.015,0.03,0.105,prop_127,1000,2000,0.2321334636882418,0.25986653631175816,False,0.027733072623516347,0.027733072623516347,0.2321334636882418,0.25986653631175816,0.0,0.0,0.027733072623516347,0.0,0.0
rep0064,0.46,0.4645980018826924,synth_only,0.15,0.015,0.03,0.105,prop_127,1000,2000,0.6735893778611297,0.7034106221388703,False,0.029821244277740577,0.029821244277740577,0.6735893778611297,0.7034106221388703,0.0,0.0,0.029821244277740577,0.0,0.0
rep0065,0.35,0.34978067892353637,synth_only,0.15,0.015,0.03,0.105,prop_127,1000,2000,0.22870054429289857,0.25629945570710144,False,0.02759891141420287,0.02759891141420287,0.22870054429289857,0.25629945570710144,0.0,0.0,0.02759891141420287,0.0,0.0
rep0066,0.42,0.41951121206361075,synth_only,0.15,0.015,0.03,0.105,prop_127,1000,2000,0.5983255393944709,0.6296744606055291,False,0.031348921211058256,0.031348921211058256,0.5983255393944709,0.6296744606055291,0.0,0.0,0.031348921211058256,0.0,0.0
rep0067,0.55,0.5539775859677241,synth_only,0.15,0.015,0.03,0.105,prop_127,1000,2000,0.6675121975741874,0.6974878024258125,False,0.029975604851625093,0.029975604851625093,0.6675121975741874,0.6974878024258125,0.0,0.0,0.029975604851625093,0.0,0.0
rep0068,0.56,0.5583333805698807,synth_only,0.15,0.015,0.03,0.105,prop_127,1000,2000,0.4409611664029722,0.4730388335970278,False,0.03207766719405558,0.03207766719405558,0.4409611664029722,0.4730388335970278,0.0,0.0,0.03207766719405558,0.0,0.0
rep0069,0.78,0.7830577745455012,synth_only,0.15,0.015,0.03,0.105,prop_127,1000,2000,0.8596897922891168,0.8813102077108833,False,0.021620415421766515,0.021620415421766515,0.8596897922891168,0.8813102077108833,0.0,0.0,0.021620415421766515,0.0,0.0
rep0070,0.56,0.563090788980235,synth_only,0.15,0.015,0.03,0.105,prop_127,1000,2000,0.7830256268488512,0.8089743731511488,False,0.0259487463022976,0.0259487463022976,0.7830256268488512,0.8089743731511488,0.0,0.0,0.0259487463022976,0.0,0.0
rep0071,0.33,0.3264090036193587,synth_only,0.15,0.015,0.03,0.105,prop_127,1000,2000,0.30251219757418746,0.33248780242581255,True,0.029975604851625093,0.029975604851625093,0.30251219757418746,0.33248780242581255,0.0,0.0,0.029975604851625093,0.0,0.0
rep0072,0.49,0.48677170664394004,synth_only,0.15,0.015,0.03,0.105,prop_127,1000,2000,0.5154335029429008,0.5475664970570991,False,0.03213299411419834,0.03213299411419834,0.5154335029429008,0.5475664970570991,0.0,0.0,0.03213299411419834,0.0,0.0
rep0073,0.70,0.702623162955592,synth_only,0.15,0.015,0.03,0.105,prop_127,1000,2000,0.7697283318241492,0.7962716681758508,False,0.026543336351701585,0.026543336351701585,0.7697283318241492,0.7962716681758508,0.0,0.0,0.026543336351701585,0.0,0.0
rep0074,0.82,0.817783968025029,synth_only,0.15,0.015,0.03,0.105,prop_127,1000,2000,0.8215057060588434,0.8454942939411566,False,0.023988587882313173,0.023988587882313173,0.8215057060588434,0.8454942939411566,0.0,0.0,0.023988587882313173,0.0,0.0
rep0075,0.10,0.10267969872404988,synth_only,0.15,0.015,0.03,0.105,prop_127,1000,2000,0.14334777209593708,0.16665222790406292,False,0.023304455808125846,0.023304455808125846,0.14334777209593708,0.16665222790406292,0.0,0.0,0.023304455808125846,0.0,0.0
rep0076,0.02,0.018399745229811547,synth_only,0.15,0.015,0.03,0.105,prop_127,1000,2000,0.00025395297992331046,0.0027460470200766896,False,0.002492094040153379,0.002492094040153379,0.00025395297992331046,0.0027460470200766896,0.0,0.0,0.002492094040153379,0.0,0.0
rep0077,0.43,0.4319906624239277,synth_only,0.15,0.015,0.03,0.105,prop_127,1000,2000,0.4504376974253906,0.48256230257460947,False,0.03212460514921889,0.03212460514921889,0.4504376974253906,0.48256230257460947,0.0,0.0,0.03212460514921889,0.0,0.0
rep0078,0.13,0.12622531678299564,synth_only,0.15,0.015,0.03,0.105,prop_127,1000,2000,0.07269086731507898,0.09030913268492102,False,0.01761826536984204,0.01761826536984204,0.07269086731507898,0.09030913268492102,0.0,0.0,0.01761826536984204,0.0,0.0
rep0079,0.41,0.41262177518116394,synth_only,0.15,0.015,0.03,0.105,prop_127,1000,2000,0.4769031014818766,0.5090968985181233,False,0.03219379703624675,0.03219379703624675,0.4769031014818766,0.5090968985181233,0.0,0.0,0.03219379703624675,0.0,0.0
rep0080,0.52,0.5201792252244676,synth_only,0.15,0.015,0.03,0.105,prop_127,1000,2000,0.6604257819177194,0.6905742180822806,False,0.0301484361645612,0.0301484361645612,0.6604257819177194,0.6905742180822806,0.0,0.0,0.0301484361645612,0.0,0.0
rep0081,0.53,0.5264169210416092,synth_only,0.15,0.015,0.03,0.105,prop_127,1000,2000,0.44594808348290427,0.4780519165170958,False,0.03210383303419151,0.03210383303419151,0.44594808348290427,0.4780519165170958,0.0,0.0,0.03210383303419151,0.0,0.0
rep0082,0.60,0.6023582352932083,synth_only,0.15,0.015,0.03,0.105,prop_127,1000,2000,0.6311080465785639,0.661891953421436,False,0.030783906842872133,0.030783906842872133,0.6311080465785639,0.661891953421436,0.0,0.0,0.030783906842872133,0.0,0.0
rep0083,0.39,0.3924388249352025,synth_only,0.15,0.015,0.03,0.105,prop_127,1000,2000,0.39515860857423035,0.4268413914257696,False,0.03168278285153925,0.03168278285153925,0.39515860857423035,0.4268413914257696,0.0,0.0,0.03168278285153925,0.0,0.0
rep0084,0.58,0.5848810073817661,synth_only,0.15,0.015,0.03,0.105,prop_127,1000,2000,0.7544093768810304,0.7815906231189697,False,0.02718124623793927,0.02718124623793927,0.7544093768810304,0.7815906231189697,0.0,0.0,0.02718124623793927,0.0,0.0
rep0085,0.15,0.15233852136627424,synth_only,0.15,0.015,0.03,0.105,prop_127,1000,2000,0.27785326162605545,0.3071467383739445,False,0.02929347674788907,0.02929347674788907,0.27785326162605545,0.3071467383739445,0.0,0.0,0.02929347674788907,0.0,0.0
rep0086,0.53,0.5253253490104887,synth_only,0.15,0.015,0.03,0.105,prop_127,1000,2000,0.4939047437711752,0.5260952562288248,True,0.03219051245764959,0.03219051245764959,0.4939047437711752,0.5260952562288248,0.0,0.0,0.03219051245764959,0.0,0.0
rep0087,0.58,0.5822989281723502,synth_only,0.15,0.015,0.03,0.105,prop_127,1000,2000,0.6548605834631025,0.6851394165368976,False,0.030278833073795086,0.030278833073795086,0.6548605834631025,0.6851394165368976,0.0,0.0,0.030278833073795086,0.0,0.0
rep0088,0.46,0.46374490906187904,synth_only,0.15,0.015,0.03,0.105,prop_127,1000,2000,0.6174815030960941,0.648518496903906,False,0.031036993807811886,0.031036993807811886,0.6174815030960941,0.648518496903906,0.0,0.0,0.031036993807811886,0.0,0.0
rep0089,0.27,0.2686688295956495,synth_only,0.15,0.015,0.03,0.105,prop_127,1000,2000,0.2980698110474035,0.3279301889525965,False,0.029860377905193025,0.029860377905193025,0.2980698110474035,0.3279301889525965,0.0,0.0,0.029860377905193025,0.0,0.0
rep0090,0.39,0.3854407308027258,synth_only,0.15,0.015,0.03,0.105,prop_127,1000,2000,0.5942959384847711,0.6257040615152288,False,0.0314081230304577,0.0314081230304577,0.5942959384847711,0.6257040615152288,0.0,0.0,0.0314081230304577,0.0,0.0
rep0091,0.30,0.3007708905744602,synth_only,0.15,0.015,0.03,0.105,prop_127,1000,2000,0.4036115379351256,0.43538846206487436,False,0.03177692412974875,0.03177692412974875,0.4036115379351256,0.43538846206487436,0.0,0.0,0.03177692412974875,0.0,0.0
rep0092,0.90,0.8969673286747886,synth_only,0.15,0.015,0.03,0.105,prop_127,1000,2000,0.8716130016413437,0.8923869983586563,False,0.020773996717312615,0.020773996717312615,0.8716130016413437,0.8923869983586563,0.0,0.0,0.020773996717312615,0.0,0.0
rep0093,0.49,0.49389760047895553,synth_only,0.15,0.015,0.03,0.105,prop_127,1000,2000,0.6964051885568097,0.7255948114431903,False,0.029189622886380606,0.029189622886380606,0.6964051885568097,0.7255948114431903,0.0,0.0,0.029189622886380606,0.0,0.0
rep0094,0.36,0.36249953729567014,synth_only,0.15,0.015,0.03,0.105,prop_127,1000,2000,0.4854015961971981,0.5175984038028019,False,0.03219680760560378,0.03219680760560378,0.4854015961971981,0.5175984038028019,0.0,0.0,0.03219680760560378,0.0,0.0
rep0095,0.64,0.6384495913210911,synth_only,0.15,0.015,0.03,0.105,prop_127,1000,2000,0.5500423899887096,0.5819576100112903,False,0.03191522002258074,0.03191522002258074,0.5500423899887096,0.5819576100112903,0.0,0.0,0.03191522002258074,0.0,0.0
rep0096,0.19,0.1861533670927711,synth_only,0.15,0.015,0.03,0.105,prop_127,1000,2000,0.242930594871659,0.27106940512834105,False,0.02813881025668205,0.02813881025668205,0.242930594871659,0.27106940512834105,0.0,0.0,0.02813881025668205,0.0,0.0
rep0097,0.25,0.24732040969853472,synth_only,0.15,0.015,0.03,0.105,prop_127,1000,2000,0.39515860857423035,0.4268413914257696,False,0.03168278285153925,0.03168278285153925,0.39515860857423035,0.4268413914257696,0.0,0.0,0.03168278285153925,0.0,0.0
rep0098,0.27,0.2733129776799133,synth_only,0.15,0.015,0.03,0.105,prop_127,1000,2000,0.3633800308481135,0.3946199691518865,False,0.03123993830377303,0.03123993830377303,0.3633800308481135,0.3946199691518865,0.0,0.0,0.03123993830377303,0.0,0.0
rep0099,0.57,0.5665632698271305,synth_only,0.15,0.015,0.03,0.105,prop_127,1000,2000,0.7350397711939947,0.7629602288060053,False,0.027920457612010674,0.027920457612010674,0.7350397711939947,0.7629602288060053,0.0,0.0,0.027920457612010674,0.0,0.0
rep0100,0.84,0.8400038337233839,synth_only,0.15,0.015,0.03,0.105,prop_127,1000,2000,0.8617612785611947,0.8832387214388054,False,0.021477442877610775,0.021477442877610775,0.8617612785611947,0.8832387214388054,0.0,0.0,0.021477442877610775,0.0,0.0
rep0101,0.09,0.09259465524280322,synth_only,0.15,0.015,0.03,0.105,prop_127,1000,2000,0.14334777209593708,0.16665222790406292,False,0.023304455808125846,0.023304455808125846,0.14334777209593708,0.16665222790406292,0.0,0.0,0.023304455808125846,0.0,0.0
rep0102,0.55,0.54833822054849,synth_only,0.15,0.015,0.03,0.105,prop_127,1000,2000,0.6654871113733054,0.6955128886266946,False,0.030025777253389174,0.030025777253389174,0.6654871113733054,0.6955128886266946,0.0,0.0,0.030025777253389174,0.0,0.0
rep0103,0.49,0.4875898937659862,synth_only,0.15,0.015,0.03,0.105,prop_127,1000,2000,0.6928532616260555,0.7221467383739445,False,0.029293476747888958,0.029293476747888958,0.6928532616260555,0.7221467383739445,0.0,0.0,0.029293476747888958,0.0,0.0
rep0104,0.84,0.844527346239085,synth_only,0.15,0.015,0.03,0.105,prop_127,1000,2000,0.7101155002417063,0.7388844997582937,False,0.0287689995165874,0.0287689995165874,0.7101155002417063,0.7388844997582937,0.0,0.0,0.0287689995165874,0.0,0.0
rep0105,0.49,0.48638138528843694,synth_only,0.15,0.015,0.03,0.105,prop_127,1000,2000,0.4844015318031321,0.5165984681968678,True,0.03219693639373572,0.03219693639373572,0.4844015318031321,0.5165984681968678,0.0,0.0,0.03219693639373572,0.0,0.0
rep0106,0.30,0.2975758293502397,synth_only,0.15,0.015,0.03,0.105,prop_127,1000,2000,0.41256697281001947,0.4444330271899805,False,0.03186605437996104,0.03186605437996104,0.41256697281001947,0.4444330271899805,0.0,0.0,0.03186605437996104,0.0,0.0
rep0107,0.49,0.48727867062930913,synth_only,0.15,0.015,0.03,0.105,prop_127,1000,2000,0.5902674474965469,0.621732552503453,False,0.031465105006906136,0.031465105006906136,0.5902674474965469,0.621732552503453,0.0,0.0,0.031465105006906136,0.0,0.0
rep0108,0.35,0.351376552167757,synth_only,0.15,0.015,0.03,0.105,prop_127,1000,2000,0.5686330834151025,0.6003669165848975,False,0.031733833169794945,0.031733833169794945,0.5686330834151025,0.6003669165848975,0.0,0.0,0.031733833169794945,0.0,0.0
rep0109,0.03,0.03182158549482356,synth_only,0.15,0.015,0.03,0.105,prop_127,1000,2000,0.27391269284377207,0.3030873071562279,False,0.029174614312455827,0.029174614312455827,0.27391269284377207,0.3030873071562279,0.0,0.0,0.029174614312455827,0.0,0.0
rep0110,0.84,0.8408454680617381,synth_only,0.15,0.015,0.03,0.105,prop_127,1000,2000,0.8374719172418473,0.8605280827581526,True,0.023056165516305294,0.023056165516305294,0.8374719172418473,0.8605280827581526,0.0,0.0,0.023056165516305294,0.0,0.0
rep0111,0.43,0.42557647542285837,synth_only,0.15,0.015,0.03,0.105,prop_127,1000,2000,0.33563294401788346,0.3663670559821165,False,0.030734111964233035,0.030734111964233035,0.33563294401788346,0.3663670559821165,0.0,0.0,0.030734111964233035,0.0,0.0
rep0112,0.20,0.1977004476081061,synth_only,0.15,0.015,0.03,0.105,prop_127,1000,2000,0.3852202410647422,0.41677975893525787,False,0.031559517870515696,0.031559517870515696,0.3852202410647422,0.41677975893525787,0.0,0.0,0.031559517870515696,0.0,0.0
rep0113,0.50,0.4991791366377725,synth_only,0.15,0.015,0.03,0.105,prop_127,1000,2000,0.4474444754426755,0.47955552455732453,False,0.032111049114649015,0.032111049114649015,0.4474444754426755,0.47955552455732453,0.0,0.0,0.032111049114649015,0.0,0.0
rep0114,0.61,0.613244252167947,synth_only,0.15,0.015,0.03,0.105,prop_127,1000,2000,0.6847384873050191,0.714261512694981,False,0.029523025389961877,0.029523025389961877,0.6847384873050191,0.714261512694981,0.0,0.0,0.029523025389961877,0.0,0.0
rep0115,0.32,0.3202082063400753,synth_only,0.15,0.015,0.03,0.105,prop_127,1000,2000,0.3460314584437585,0.3769685415562415,False,0.030937083112483,0.030937083112483,0.3460314584437585,0.3769685415562415,0.0,0.0,0.030937083112483,0.0,0.0
rep0116,0.77,0.766382026743104,synth_only,0.15,0.015,0.03,0.105,prop_127,1000,2000,0.8132800051965748,0.8377199948034252,False,0.024439989606850343,0.024439989606850343,0.8132800051965748,0.8377199948034252,0.0,0.0,0.024439989606850343,0.0,0.0
rep0117,0.68,0.6784440571169228,synth_only,0.15,0.015,0.03,0.105,prop_127,1000,2000,0.7238422710548752,0.7521577289451248,False,0.028315457890249585,0.028315457890249585,0.7238422710548752,0.7521577289451248,0.0,0.0,0.028315457890249585,0.0,0.0
rep0118,0.42,0.4243860261335837,synth_only,0.15,0.015,0.03,0.105,prop_127,1000,2000,0.5983255393944709,0.6296744606055291,False,0.031348921211058256,0.031348921211058256,0.5983255393944709,0.6296744606055291,0.0,0.0,0.031348921211058256,0.0,0.0
rep0119,0.42,0.42460332203803136,synth_only,0.15,0.015,0.03,0.105,prop_127,1000,2000,0.41157165800415213,0.44342834199584785,True,0.03185668399169572,0.03185668399169572,0.41157165800415213,0.44342834199584785,0.0,0.0,0.03185668399169572,0.0,0.0
rep0120,0.65,0.6502263512603628,synth_only,0.15,0.015,0.03,0.105,prop_127,1000,2000,0.3623880964685696,0.3936119035314304,False,0.031223807062860764,0.031223807062860764,0.3623880964685696,0.3936119035314304,0.0,0.0,0.031223807062860764,0.0,0.0
rep0121,0.76,0.7644800016558357,synth_only,0.15,0.015,0.03,0.105,prop_127,1000,2000,0.9196774770180131,0.936322522981987,False,0.01664504596397398,0.01664504596397398,0.9196774770180131,0.936322522981987,0.0,0.0,0.01664504596397398,0.0,0.0
rep0122,0.57,0.5690757886312365,synth_only,0.15,0.015,0.03,0.105,prop_127,1000,2000,0.7630870513932646,0.7899129486067353,False,0.02682589721347073,0.02682589721347073,0.7630870513932646,0.7899129486067353,0.0,0.0,0.02682589721347073,0.0,0.0
rep0123,0.42,0.41719685876387674,synth_only,0.15,0.015,0.03,0.105,prop_127,1000,2000,0.3688369271640773,0.40016307283592273,False,0.03132614567184544,0.03132614567184544,0.3688369271640773,0.40016307283592273,0.0,0.0,0.03132614567184544,0.0,0.0
rep0124,0.21,0.20996606860775566,synth_only,0.15,0.015,0.03,0.105,prop_127,1000,2000,0.4150555502900297,0.44694444970997027,False,0.03188889941994055,0.03188889941994055,0.4150555502900297,0.44694444970997027,0.0,0.0,0.03188889941994055,0.0,0.0
rep0125,0.30,0.2967969555225577,synth_only,0.15,0.015,0.03,0.105,prop_127,1000,2000,0.49990976828487055,0.5320902317151295,False,0.03218046343025893,0.03218046343025893,0.49990976828487055,0.5320902317151295,0.0,0.0,0.03218046343025893,0.0,0.0
rep0126,0.70,0.6950525523728668,synth_only,0.15,0.015,0.03,0.105,prop_127,1000,2000,0.7182478470487041,0.7467521529512959,False,0.028504305902591787,0.028504305902591787,0.7182478470487041,0.7467521529512959,0.0,0.0,0.028504305902591787,0.0,0.0
rep0127,0.27,0.27417071432743445,synth_only,0.15,0.015,0.03,0.105,prop_127,1000,2000,0.40112487799561125,0.4328751220043887,False,0.03175024400877746,0.03175024400877746,0.40112487799561125,0.4328751220043887,0.0,0.0,0.03175024400877746,0.0,0.0
rep0128,0.21,0.20962222296074454,synth_only,0.15,0.015,0.03,0.105,prop_127,1000,2000,0.1812683951014988,0.2067316048985012,False,0.025463209797002395,0.025463209797002395,0.1812683951014988,0.2067316048985012,0.0,0.0,0.025463209797002395,0.0,0.0
rep0129,0.38,0.3824381869736448,synth_only,0.15,0.015,0.03,0.105,prop_127,1000,2000,0.3311789269875407,0.36182107301245925,False,0.03064214602491855,0.03064214602491855,0.3311789269875407,0.36182107301245925,0.0,0.0,0.03064214602491855,0.0,0.0
rep0130,0.77,0.7675142854691408,synth_only,0.15,0.015,0.03,0.105,prop_127,1000,2000,1.0,1.0,False,0.0,0.0,1.0,1.0,0.0,0.0,0.0,0.0,0.0
rep0131,0.33,0.3273477209373877,synth_only,0.15,0.015,0.03,0.105,prop_127,1000,2000,0.3069562000519057,0.3370437999480943,True,0.030087599896188588,0.030087599896188588,0.3069562000519057,0.3370437999480943,0.0,0.0,0.030087599896188588,0.0,0.0
rep0132,0.56,0.5611586307860696,synth_only,0.15,0.015,0.03,0.105,prop_127,1000,2000,0.5681303314732785,0.5998696685267214,False,0.031739337053442895,0.031739337053442895,0.5681303314732785,0.5998696685267214,0.0,0.0,0.031739337053442895,0.0,0.0
rep0133,0.74,0.7368054753056534,synth_only,0.15,0.015,0.03,0.105,prop_127,1000,2000,0.8364406214365815,0.8595593785634185,False,0.023118757126836975,0.023118757126836975,0.8364406214365815,0.8595593785634185,0.0,0.0,0.023118757126836975,0.0,0.0
rep0134,0.41,0.4088117305212921,synth_only,0.15,0.015,0.03,0.105,prop_127,1000,2000,0.5354871458177771,0.5675128541822229,False,0.03202570836444574,0.03202570836444574,0.5354871458177771,0.5675128541822229,0.0,0.0,0.03202570836444574,0.0,0.0
rep0135,0.25,0.25154474241705743,synth_only,0.15,0.015,0.03,0.105,prop_127,1000,2000,0.10617045941403797,0.12682954058596205,False,0.020659081171924082,0.020659081171924082,0.10617045941403797,0.12682954058596205,0.0,0.0,0.020659081171924082,0.0,0.0
rep0136,0.69,0.6887079765048779,synth_only,0.15,0.015,0.03,0.105,prop_127,1000,2000,0.7131644447484012,0.7418355552515988,False,0.028671110503197594,0.028671110503197594,0.7131644447484012,0.7418355552515988,0.0,0.0,0.028671110503197594,0.0,0.0
rep0137,0.53,0.5275458634709043,synth_only,0.15,0.015,0.03,0.105,prop_127,1000,2000,0.42003394711748143,0.45196605288251857,False,0.03193210576503713,0.03193210576503713,0.42003394711748143,0.45196605288251857,0.0,0.0,0.03193210576503713,0.0,0.0
rep0138,0.68,0.6836662035569702,synth_only,0.15,0.015,0.03,0.105,prop_127,1000,2000,0.7243509962007837,0.7526490037992164,False,0.028298007598432706,0.028298007598432706,0.7243509962007837,0.7526490037992164,0.0,0.0,0.028298007598432706,0.0,0.0
rep0139,0.34,0.34246234424060046,synth_only,0.15,0.015,0.03,0.105,prop_127,1000,2000,0.2370397711939947,0.2649602288060053,False,0.02792045761201059,0.02792045761201059,0.2370397711939947,0.2649602288060053,0.0,0.0,0.02792045761201059,0.0,0.0
rep0140,0.76,0.76026167043702,synth_only,0.15,0.015,0.03,0.105,prop_127,1000,2000,0.677135744140577,0.7068642558594229,False,0.02972851171884594,0.02972851171884594,0.677135744140577,0.7068642558594229,0.0,0.0,0.02972851171884594,0.0,0.0
rep0141,0.37,0.3662954280554882,synth_only,0.15,0.015,0.03,0.105,prop_127,1000,2000,0.23458630574491085,0.26241369425508915,False,0.027827388510178297,0.027827388510178297,0.23458630574491085,0.26241369425508915,0.0,0.0,0.027827388510178297,0.0,0.0
rep0142,0.75,0.7451563627738389,synth_only,0.15,0.015,0.03,0.105,prop_127,1000,2000,0.8908624162353892,0.9101375837646107,False,0.019275167529221537,0.019275167529221537,0.8908624162353892,0.9101375837646107,0.0,0.0,0.019275167529221537,0.0,0.0
rep0143,0.90,0.897294643447469,synth_only,0.15,0.015,0.03,0.105,prop_127,1000,2000,0.9580020266178838,0.9699979733821161,False,0.011995946764232324,0.011995946764232324,0.9580020266178838,0.9699979733821161,0.0,0.0,0.011995946764232324,0.0,0.0
rep0144,0.74,0.7412687251743392,synth_only,0.15,0.015,0.03,0.105,prop_127,1000,2000,0.6331279275855438,0.6638720724144561,False,0.0307441448289123,0.0307441448289123,0.6331279275855438,0.6638720724144561,0.0,0.0,0.0307441448289123,0.0,0.0
rep0145,0.83,0.8325232975898993,synth_only,0.15,0.015,0.03,0.105,prop_127,1000,2000,1.0,1.0,False,0.0,0.0,1.0,1.0,0.0,0.0,0.0,0.0,0.0
rep0146,0.41,0.4065789411622467,synth_only,0.15,0.015,0.03,0.105,prop_127,1000,2000,0.43099222048023667,0.46300777951976335,False,0.032015559039526686,0.032015559039526686,0.43099222048023667,0.46300777951976335,0.0,0.0,0.032015559039526686,0.0,0.0
rep0147,0.55,0.5491873758139197,synth_only,0.15,0.015,0.03,0.105,prop_127,1000,2000,0.5983255393944709,0.6296744606055291,False,0.031348921211058256,0.031348921211058256,0.5983255393944709,0.6296744606055291,0.0,0.0,0.031348921211058256,0.0,0.0
rep0148,0.73,0.7275578003271946,synth_only,0.15,0.015,0.03,0.105,prop_127,1000,2000,0.70198893138168,0.7310110686183201,True,0.029022137236640155,0.029022137236640155,0.70198893138168,0.7310110686183201,0.0,0.0,0.029022137236640155,0.0,0.0
rep0149,0.15,0.14942201113331577,synth_only,0.15,0.015,0.03,0.105,prop_127,1000,2000,0.24833356957680816,0.27666643042319183,False,0.028332860846383673,0.028332860846383673,0.24833356957680816,0.27666643042319183,0.0,0.0,0.028332860846383673,0.0,0.0
rep0150,0.66,0.6594739645358743,synth_only,0.15,0.015,0.03,0.105,prop_127,1000,2000,0.6280787772796717,0.6589212227203283,False,0.03084244544065662,0.03084244544065662,0.6280787772796717,0.6589212227203283,0.0,0.0,0.03084244544065662,0.0,0.0
rep0151,0.25,0.24827371044222815,synth_only,0.15,0.015,0.03,0.105,prop_127,1000,2000,0.1885851385260185,0.21441486147398153,False,0.02582972294796304,0.02582972294796304,0.1885851385260185,0.21441486147398153,0.0,0.0,0.02582972294796304,0.0,0.0
rep0152,0.51,0.5121843296922564,synth_only,0.15,0.015,0.03,0.105,prop_127,1000,2000,0.4949054200566533,0.5270945799433467,True,0.032189159886693464,0.032189159886693464,0.4949054200566533,0.5270945799433467,0.0,0.0,0.032189159886693464,0.0,0.0
rep0153,0.26,0.25937349786959984,synth_only,0.15,0.015,0.03,0.105,prop_127,1000,2000,0.1827311680328463,0.2082688319671537,False,0.025537663934307397,0.025537663934307397,0.1827311680328463,0.2082688319671537,0.0,0.0,0.025537663934307397,0.0,0.0
rep0154,0.21,0.2082717208448632,synth_only,0.15,0.015,0.03,0.105,prop_127,1000,2000,0.20275049438040188,0.22924950561959812,True,0.026499011239196235,0.026499011239196235,0.20275049438040188,0.22924950561959812,0.0,0.0,0.026499011239196235,0.0,0.0
rep0155,0.25,0.2453504546980276,synth_only,0.15,0.015,0.03,0.105,prop_127,1000,2000,0.33464303242575805,0.3653569675742419,False,0.030713935148483862,0.030713935148483862,0.33464303242575805,0.3653569675742419,0.0,0.0,0.030713935148483862,0.0,0.0
rep0156,0.75,0.7475338642148317,synth_only,0.15,0.015,0.03,0.105,prop_127,1000,2000,0.8898194867997756,0.9091805132002243,False,0.019361026400448678,0.019361026400448678,0.8898194867997756,0.9091805132002243,0.0,0.0,0.019361026400448678,0.0,0.0
rep0157,0.04,0.039363710895215086,synth_only,0.15,0.015,0.03,0.105,prop_127,1000,2000,0.041117378930216955,0.05488262106978305,False,0.013765242139566092,0.013765242139566092,0.041117378930216955,0.05488262106978305,0.0,0.0,0.013765242139566092,0.0,0.0
rep0158,0.81,0.8083218996639709,synth_only,0.15,0.015,0.03,0.105,prop_127,1000,2000,0.7228248917229965,0.7511751082770035,False,0.028350216554007046,0.028350216554007046,0.7228248917229965,0.7511751082770035,0.0,0.0,0.028350216554007046,0.0,0.0
rep0159,0.74,0.7437225016026947,synth_only,0.15,0.015,0.03,0.105,prop_127,1000,2000,0.6837245189162418,0.7132754810837583,False,0.029550962167516515,0.029550962167516515,0.6837245189162418,0.7132754810837583,0.0,0.0,0.029550962167516515,0.0,0.0
rep0160,0.16,0.16231761868478653,synth_only,0.15,0.015,0.03,0.105,prop_127,1000,2000,0.163252465903983,0.18774753409601697,False,0.024495068192033953,0.024495068192033953,0.163252465903983,0.18774753409601697,0.0,0.0,0.024495068192033953,0.0,0.0
rep0161,0.18,0.17989688605408732,synth_only,0.15,0.015,0.03,0.105,prop_127,1000,2000,0.2813023821265006,0.31069761787349937,False,0.02939523574699876,0.02939523574699876,0.2813023821265006,0.31069761787349937,0.0,0.0,0.02939523574699876,0.0,0.0
rep0162,0.81,0.8138683302030187,synth_only,0.15,0.015,0.03,0.105,prop_127,1000,2000,0.7794435998212036,0.8055564001787964,False,0.02611280035759278,0.02611280035759278,0.7794435998212036,0.8055564001787964,0.0,0.0,0.02611280035759278,0.0,0.0
rep0163,0.22,0.22125079618287574,synth_only,0.15,0.015,0.03,0.105,prop_127,1000,2000,0.1506222588291191,0.17437774117088092,False,0.023755482341761835,0.023755482341761835,0.1506222588291191,0.17437774117088092,0.0,0.0,0.023755482341761835,0.0,0.0
rep0164,0.59,0.5875930004047152,synth_only,0.15,0.015,0.03,0.105,prop_127,1000,2000,0.43647433277563624,0.4685256672243638,False,0.03205133444872754,0.03205133444872754,0.43647433277563624,0.4685256672243638,0.0,0.0,0.03205133444872754,0.0,0.0
rep0165,0.52,0.5153033839925631,synth_only,0.15,0.015,0.03,0.105,prop_127,1000,2000,0.6695376029646701,0.6994623970353299,False,0.029924794070659733,0.029924794070659733,0.6695376029646701,0.6994623970353299,0.0,0.0,0.029924794070659733,0.0,0.0
rep0166,0.22,0.2213474430979118,synth_only,0.15,0.015,0.03,0.105,prop_127,1000,2000,0.25177331829683325,0.2802266817031668,False,0.02845336340633353,0.02845336340633353,0.25177331829683325,0.2802266817031668,0.0,0.0,0.02845336340633353,0.0,0.0
rep0167,0.42,0.41672139865128677,synth_only,0.15,0.015,0.03,0.105,prop_127,1000,2000,0.41057640967780124,0.44242359032219875,True,0.03184718064439751,0.03184718064439751,0.41057640967780124,0.44242359032219875,0.0,0.0,0.03184718064439751,0.0,0.0
rep0168,0.56,0.5566249948334794,synth_only,0.15,0.015,0.03,0.105,prop_127,1000,2000,0.48890232869782846,0.5210976713021716,False,0.03219534260434309,0.03219534260434309,0.48890232869782846,0.5210976713021716,0.0,0.0,0.03219534260434309,0.0,0.0
rep0169,0.71,0.713573030530184,synth_only,0.15,0.015,0.03,0.105,prop_127,1000,2000,0.902355399470354,0.9206446005296459,False,0.018289201059291882,0.018289201059291882,0.902355399470354,0.9206446005296459,0.0,0.0,0.018289201059291882,0.0,0.0
rep0170,0.45,0.44651945910683194,synth_only,0.15,0.015,0.03,0.105,prop_127,1000,2000,0.5384974425060023,0.5705025574939977,False,0.03200511498799541,0.03200511498799541,0.5384974425060023,0.5705025574939977,0.0,0.0,0.03200511498799541,0.0,0.0
rep0171,0.27,0.270264513131053,synth_only,0.15,0.015,0.03,0.105,prop_127,1000,2000,0.4484421512287345,0.48055784877126556,False,0.032115697542531074,0.032115697542531074,0.4484421512287345,0.48055784877126556,0.0,0.0,0.032115697542531074,0.0,0.0
rep0172,0.65,0.6499845599620253,synth_only,0.15,0.015,0.03,0.105,prop_127,1000,2000,0.6346430324257581,0.6653569675742419,True,0.03071393514848375,0.03071393514848375,0.6346430324257581,0.6653569675742419,0.0,0.0,0.03071393514848375,0.0,0.0
rep0173,0.30,0.3042174784626514,synth_only,0.15,0.015,0.03,0.105,prop_127,1000,2000,0.625554889995309,0.6564451100046911,False,0.03089022000938213,0.03089022000938213,0.625554889995309,0.6564451100046911,0.0,0.0,0.03089022000938213,0.0,0.0
rep0174,0.87,0.872140940226587,synth_only,0.15,0.015,0.03,0.105,prop_127,1000,2000,0.7948059150829688,0.8201940849170312,False,0.025388169834062335,0.025388169834062335,0.7948059150829688,0.8201940849170312,0.0,0.0,0.025388169834062335,0.0,0.0
rep0175,0.48,0.48412155508506133,synth_only,0.15,0.015,0.03,0.105,prop_127,1000,2000,0.4629157288771655,0.4950842711228345,True,0.03216854224566901,0.03216854224566901,0.4629157288771655,0.4950842711228345,0.0,0.0,0.03216854224566901,0.0,0.0
rep0176,0.50,0.5005474447127507,synth_only,0.15,0.015,0.03,0.105,prop_127,1000,2000,0.44245707078652924,0.4745429292134708,False,0.03208585842694156,0.03208585842694156,0.44245707078652924,0.4745429292134708,0.0,0.0,0.03208585842694156,0.0,0.0
rep0177,0.20,0.195947343891667,synth_only,0.15,0.015,0.03,0.105,prop_127,1000,2000,0.263083322407411,0.29191667759258905,False,0.028833355185178045,0.028833355185178045,0.263083322407411,0.29191667759258905,0.0,0.0,0.028833355185178045,0.0,0.0
rep0178,0.80,0.7991816460721677,synth_only,0.15,0.015,0.03,0.105,prop_127,1000,2000,0.8591720542991388,0.8808279457008612,False,0.021655891401722416,0.021655891401722416,0.8591720542991388,0.8808279457008612,0.0,0.0,0.021655891401722416,0.0,0.0
rep0179,0.81,0.8054567094885533,synth_only,0.15,0.015,0.03,0.105,prop_127,1000,2000,0.7498184639221166,0.7771815360778833,False,0.02736307215576672,0.02736307215576672,0.7498184639221166,0.7771815360778833,0.0,0.0,0.02736307215576672,0.0,0.0
rep0180,0.86,0.859919993968241,synth_only,0.15,0.015,0.03,0.105,prop_127,1000,2000,0.9212579732005689,0.9377420267994311,False,0.01648405359886218,0.01648405359886218,0.9212579732005689,0.9377420267994311,0.0,0.0,0.01648405359886218,0.0,0.0
rep0181,0.09,0.0869791866737043,synth_only,0.15,0.015,0.03,0.105,prop_127,1000,2000,0.0627310227299783,0.07926897727002169,False,0.016537954540043392,0.016537954540043392,0.0627310227299783,0.07926897727002169,0.0,0.0,0.016537954540043392,0.0,0.0
rep0182,0.59,0.5935736228241957,synth_only,0.15,0.015,0.03,0.105,prop_127,1000,2000,0.6194994159753042,0.6505005840246958,False,0.03100116804939157,0.03100116804939157,0.6194994159753042,0.6505005840246958,0.0,0.0,0.03100116804939157,0.0,0.0
rep0183,0.68,0.6831723230360666,synth_only,0.15,0.015,0.03,0.105,prop_127,1000,2000,0.5224493186360085,0.5545506813639914,False,0.03210136272798292,0.03210136272798292,0.5224493186360085,0.5545506813639914,0.0,0.0,0.03210136272798292,0.0,0.0
rep0184,0.64,0.6429866477224246,synth_only,0.15,0.015,0.03,0.105,prop_127,1000,2000,0.5892604974632261,0.6207395025367739,False,0.03147900507354784,0.03147900507354784,0.5892604974632261,0.6207395025367739,0.0,0.0,0.03147900507354784,0.0,0.0
rep0185,0.57,0.5745381165713259,synth_only,0.15,0.015,0.03,0.105,prop_127,1000,2000,0.5359888210069627,0.5680111789930374,False,0.03202235798607478,0.03202235798607478,0.5359888210069627,0.5680111789930374,0.0,0.0,0.03202235798607478,0.0,0.0
rep0186,0.26,0.25552835430643,synth_only,0.15,0.015,0.03,0.105,prop_127,1000,2000,0.2267394372144532,0.25426056278554676,False,0.02752112557109357,0.02752112557109357,0.2267394372144532,0.25426056278554676,0.0,0.0,0.02752112557109357,0.0,0.0
rep0187,0.45,0.45437456814992283,synth_only,0.15,0.015,0.03,0.105,prop_127,1000,2000,0.42102982472220163,0.45297017527779837,False,0.03194035055559674,0.03194035055559674,0.42102982472220163,0.45297017527779837,0.0,0.0,0.03194035055559674,0.0,0.0
rep0188,0.22,0.22024719648747457,synth_only,0.15,0.015,0.03,0.105,prop_127,1000,2000,0.31930898272073505,0.349691017279265,False,0.030382034558529947,0.030382034558529947,0.31930898272073505,0.349691017279265,0.0,0.0,0.030382034558529947,0.0,0.0
rep0189,0.40,0.4042896228583839,synth_only,0.15,0.015,0.03,0.105,prop_127,1000,2000,0.41406006953990854,0.44593993046009145,False,0.03187986092018291,0.03187986092018291,0.41406006953990854,0.44593993046009145,0.0,0.0,0.03187986092018291,0.0,0.0
rep0190,0.42,0.4202381271065776,synth_only,0.15,0.015,0.03,0.105,prop_127,1000,2000,0.4085861127026805,0.44041388729731945,True,0.031827774594638925,0.031827774594638925,0.4085861127026805,0.44041388729731945,0.0,0.0,0.031827774594638925,0.0,0.0
rep0191,0.63,0.6349261713699239,synth_only,0.15,0.015,0.03,0.105,prop_127,1000,2000,0.7983946155424181,0.823605384457582,False,0.02521076891516394,0.02521076891516394,0.7983946155424181,0.823605384457582,0.0,0.0,0.02521076891516394,0.0,0.0
rep0192,0.73,0.7341189948490754,synth_only,0.15,0.015,0.03,0.105,prop_127,1000,2000,0.7681953033005249,0.7948046966994751,False,0.026609393398950187,0.026609393398950187,0.7681953033005249,0.7948046966994751,0.0,0.0,0.026609393398950187,0.0,0.0
rep0193,0.24,0.24281262584577007,synth_only,0.15,0.015,0.03,0.105,prop_127,1000,2000,0.3000440043758339,0.3299559956241661,False,0.029911991248332215,0.029911991248332215,0.3000440043758339,0.3299559956241661,0.0,0.0,0.029911991248332215,0.0,0.0
rep0194,0.15,0.14717550424342188,synth_only,0.15,0.015,0.03,0.105,prop_127,1000,2000,0.2203687061404046,0.24763129385959542,False,0.027262587719190823,0.027262587719190823,0.2203687061404046,0.24763129385959542,0.0,0.0,0.027262587719190823,0.0,0.0
rep0195,0.22,0.22276054321615973,synth_only,0.15,0.015,0.03,0.105,prop_127,1000,2000,0.1793184872839711,0.2046815127160289,False,0.025363025432057817,0.025363025432057817,0.1793184872839711,0.2046815127160289,0.0,0.0,0.025363025432057817,0.0,0.0
rep0196,0.89,0.8937836441238065,synth_only,0.15,0.015,0.03,0.105,prop_127,1000,2000,0.9844942264338005,0.9915057735661995,False,0.007011547132399043,0.007011547132399043,0.9844942264338005,0.9915057735661995,0.0,0.0,0.007011547132399043,0.0,0.0
rep0197,0.29,0.28710412471458546,synth_only,0.15,0.015,0.03,0.105,prop_127,1000,2000,0.3272210702787017,0.3577789297212984,False,0.030557859442596702,0.030557859442596702,0.3272210702787017,0.3577789297212984,0.0,0.0,0.030557859442596702,0.0,0.0
rep0198,0.39,0.389571296268631,synth_only,0.15,0.015,0.03,0.105,prop_127,1000,2000,0.6417157366661645,0.6722842633338355,False,0.03056852666767096,0.03056852666767096,0.6417157366661645,0.6722842633338355,0.0,0.0,0.03056852666767096,0.0,0.0
rep0199,0.59,0.5869226771015745,synth_only,0.15,0.015,0.03,0.105,prop_127,1000,2000,0.7294395591437092,0.7575604408562909,False,0.028120881712581758,0.028120881712581758,0.7294395591437092,0.7575604408562909,0.0,0.0,0.028120881712581758,0.0,0.0
rep0200,0.48,0.4770473858657075,synth_only,0.15,0.015,0.03,0.105,prop_127,1000,2000,0.5937923165385335,0.6252076834614666,False,0.03141536692293312,0.03141536692293312,0.5937923165385335,0.6252076834614666,0.0,0.0,0.03141536692293312,0.0,0.0
rep0201,0.94,0.9420692937562978,synth_only,0.15,0.015,0.03,0.105,prop_127,1000,2000,0.942449694429225,0.956550305570775,False,0.014100611141550035,0.014100611141550035,0.942449694429225,0.956550305570775,0.0,0.0,0.014100611141550035,0.0,0.0
rep0202,0.64,0.6419627186113309,synth_only,0.15,0.015,0.03,0.105,prop_127,1000,2000,0.506918564961333,0.539081435038667,False,0.03216287007733398,0.03216287007733398,0.506918564961333,0.539081435038667,0.0,0.0,0.03216287007733398,0.0,0.0
rep0203,0.87,0.8728690804042695,synth_only,0.15,0.015,0.03,0.105,prop_127,1000,2000,1.0,1.0,False,0.0,0.0,1.0,1.0,0.0,0.0,0.0,0.0,0.0
rep0204,0.68,0.6817865461635606,synth_only,0.15,0.015,0.03,0.105,prop_127,1000,2000,0.6746025236623531,0.7043974763376469,True,0.029794952675293862,0.029794952675293862,0.6746025236623531,0.7043974763376469,0.0,0.0,0.029794952675293862,0.0,0.0
rep0205,0.79,0.7948124942749676,synth_only,0.15,0.015,0.03,0.105,prop_127,1000,2000,0.7907065114528805,0.8162934885471195,True,0.02558697709423896,0.02558697709423896,0.7907065114528805,0.8162934885471195,0.0,0.0,0.02558697709423896,0.0,0.0
rep0206,0.67,0.6718404300401883,synth_only,0.15,0.015,0.03,0.105,prop_127,1000,2000,0.7871212190031137,0.8128787809968864,False,0.02575756199377266,0.02575756199377266,0.7871212190031137,0.8128787809968864,0.0,0.0,0.02575756199377266,0.0,0.0
rep0207,0.44,0.44111121344232923,synth_only,0.15,0.015,0.03,0.105,prop_127,1000,2000,0.49240385015180393,0.5245961498481959,False,0.03219229969639198,0.03219229969639198,0.49240385015180393,0.5245961498481959,0.0,0.0,0.03219229969639198,0.0,0.0
rep0208,0.39,0.3870028123802113,synth_only,0.15,0.015,0.03,0.105,prop_127,1000,2000,0.32969459012773933,0.3603054098722606,False,0.03061081974452129,0.03061081974452129,0.32969459012773933,0.3603054098722606,0.0,0.0,0.03061081974452129,0.0,0.0
rep0209,0.37,0.3701065675818841,synth_only,0.15,0.015,0.03,0.105,prop_127,1000,2000,0.4919035844907471,0.5240964155092529,False,0.032192831018505785,0.032192831018505785,0.4919035844907471,0.5240964155092529,0.0,0.0,0.032192831018505785,0.0,0.0
rep0210,0.57,0.5720635590694718,synth_only,0.15,0.015,0.03,0.105,prop_127,1000,2000,0.48340153180313217,0.5155984681968678,False,0.032196936393735665,0.032196936393735665,0.48340153180313217,0.5155984681968678,0.0,0.0,0.032196936393735665,0.0,0.0
rep0211,0.64,0.642605059077068,synth_only,0.15,0.015,0.03,0.105,prop_127,1000,2000,0.7411525028392613,0.7688474971607387,False,0.027694994321477484,0.027694994321477484,0.7411525028392613,0.7688474971607387,0.0,0.0,0.027694994321477484,0.0,0.0
rep0212,0.73,0.7290562436856705,synth_only,0.15,0.015,0.03,0.105,prop_127,1000,2000,0.8545147626447286,0.8764852373552715,False,0.02197047471054292,0.02197047471054292,0.8545147626447286,0.8764852373552715,0.0,0.0,0.02197047471054292,0.0,0.0
rep0213,0.45,0.4504926383647331,synth_only,0.15,0.015,0.03,0.105,prop_127,1000,2000,0.6705504258637435,0.7004495741362565,False,0.029899148272513054,0.029899148272513054,0.6705504258637435,0.7004495741362565,0.0,0.0,0.029899148272513054,0.0,0.0
rep0214,0.20,0.20067437122531753,synth_only,0.15,0.015,0.03,0.105,prop_127,1000,2000,0.16763033478753708,0.1923696652124629,False,0.02473933042492582,0.02473933042492582,0.16763033478753708,0.1923696652124629,0.0,0.0,0.02473933042492582,0.0,0.0
rep0215,0.49,0.4875285464639332,synth_only,0.15,0.015,0.03,0.105,prop_127,1000,2000,0.5209456618899113,0.5530543381100888,False,0.032108676220177435,0.032108676220177435,0.5209456618899113,0.5530543381100888,0.0,0.0,0.032108676220177435,0.0,0.0
rep0216,0.74,0.7395392601390693,synth_only,0.15,0.015,0.03,0.105,prop_127,1000,2000,0.6882880359855805,0.7177119640144194,False,0.029423928028838864,0.029423928028838864,0.6882880359855805,0.7177119640144194,0.0,0.0,0.029423928028838864,0.0,0.0
rep0217,0.50,0.4987971719081355,synth_only,0.15,0.015,0.03,0.105,prop_127,1000,2000,0.64879212811889,0.6792078718811101,False,0.030415743762220115,0.030415743762220115,0.64879212811889,0.6792078718811101,0.0,0.0,0.030415743762220115,0.0,0.0
rep0218,0.51,0.5073383061225171,synth_only,0.15,0.015,0.03,0.105,prop_127,1000,2000,0.5279639782007222,0.5600360217992779,False,0.032072043598555755,0.032072043598555755,0.5279639782007222,0.5600360217992779,0.0,0.0,0.032072043598555755,0.0,0.0
rep0219,0.89,0.8941658073214155,synth_only,0.15,0.015,0.03,0.105,prop_127,1000,2000,0.8524461831777961,0.874553816822204,False,0.02210763364440793,0.02210763364440793,0.8524461831777961,0.874553816822204,0.0,0.0,0.02210763364440793,0.0,0.0
rep0220,0.79,0.7864265865773533,synth_only,0.15,0.015,0.03,0.105,prop_127,1000,2000,0.7268949784893755,0.7551050215106245,False,0.028210043021249076,0.028210043021249076,0.7268949784893755,0.7551050215106245,0.0,0.0,0.028210043021249076,0.0,0.0
rep0221,0.22,0.2163437682887907,synth_only,0.15,0.015,0.03,0.105,prop_127,1000,2000,0.25226480461111506,0.280735195388885,False,0.028470390777769916,0.028470390777769916,0.25226480461111506,0.280735195388885,0.0,0.0,0.028470390777769916,0.0,0.0
rep0222,0.68,0.6820867442155607,synth_only,0.15,0.015,0.03,0.105,prop_127,1000,2000,0.8820066966282722,0.9019933033717278,False,0.019986606743455537,0.019986606743455537,0.8820066966282722,0.9019933033717278,0.0,0.0,0.019986606743455537,0.0,0.0
rep0223,0.08,0.07965047967022967,synth_only,0.15,0.015,0.03,0.105,prop_127,1000,2000,0.21596081778268264,0.24303918221731738,False,0.02707836443463474,0.02707836443463474,0.21596081778268264,0.24303918221731738,0.0,0.0,0.02707836443463474,0.0,0.0
rep0224,0.25,0.24867478111818783,synth_only,0.15,0.015,0.03,0.105,prop_127,1000,2000,0.2951091270209155,0.3248908729790845,False,0.02978174595816896,0.02978174595816896,0.2951091270209155,0.3248908729790845,0.0,0.0,0.02978174595816896,0.0,0.0
rep0225,0.48,0.4845689469039558,synth_only,0.15,0.015,0.03,0.105,prop_127,1000,2000,0.4285010057961063,0.46049899420389373,False,0.03199798840778745,0.03199798840778745,0.4285010057961063,0.46049899420389373,0.0,0.0,0.03199798840778745,0.0,0.0
rep0226,0.48,0.47816637756057156,synth_only,0.15,0.015,0.03,0.105,prop_127,1000,2000,0.5249557381190935,0.5570442618809066,False,0.03208852376181315,0.03208852376181315,0.5249557381190935,0.5570442618809066,0.0,0.0,0.03208852376181315,0.0,0.0
rep0227,0.36,0.35928621215960094,synth_only,0.15,0.015,0.03,0.105,prop_127,1000,2000,0.4230217777567857,0.4549782222432143,False,0.03195644448642865,0.03195644448642865,0.4230217777567857,0.4549782222432143,0.0,0.0,0.03195644448642865,0.0,0.0
rep0228,0.76,0.7594286059822114,synth_only,0.15,0.015,0.03,0.105,prop_127,1000,2000,0.8040373357350042,0.8289626642649958,False,0.02492532852999152,0.02492532852999152,0.8040373357350042,0.8289626642649958,0.0,0.0,0.02492532852999152,0.0,0.0
rep0229,0.25,0.2514890147025645,synth_only,0.15,0.015,0.03,0.105,prop_127,1000,2000,0.33563294401788346,0.3663670559821165,False,0.030734111964233035,0.030734111964233035,0.33563294401788346,0.3663670559821165,0.0,0.0,0.030734111964233035,0.0,0.0
rep0230,0.50,0.49641499509083253,synth_only,0.15,0.015,0.03,0.105,prop_127,1000,2000,0.6003407580276253,0.6316592419723747,False,0.03131848394474934,0.03131848394474934,0.6003407580276253,0.6316592419723747,0.0,0.0,0.03131848394474934,0.0,0.0
rep0231,0.80,0.7983434811723167,synth_only,0.15,0.015,0.03,0.105,prop_127,1000,2000,0.7218076067149187,0.7501923932850812,False,0.028384786570162523,0.028384786570162523,0.7218076067149187,0.7501923932850812,0.0,0.0,0.028384786570162523,0.0,0.0
rep0232,0.76,0.7565532997342485,synth_only,0.15,0.015,0.03,0.105,prop_127,1000,2000,0.6862595965689063,0.7157404034310936,False,0.029480806862187237,0.029480806862187237,0.6862595965689063,0.7157404034310936,0.0,0.0,0.029480806862187237,0.0,0.0
rep0233,0.52,0.5169508350813503,synth_only,0.15,0.015,0.03,0.105,prop_127,1000,2000,0.5983255393944709,0.6296744606055291,False,0.031348921211058256,0.031348921211058256,0.5983255393944709,0.6296744606055291,0.0,0.0,0.031348921211058256,0.0,0.0
rep0234,0.24,0.2370544948518857,synth_only,0.15,0.015,0.03,0.105,prop_127,1000,2000,0.3609003273170932,0.3920996726829068,False,0.03119934536581359,0.03119934536581359,0.3609003273170932,0.3920996726829068,0.0,0.0,0.03119934536581359,0.0,0.0
rep0235,0.17,0.17288434210222248,synth_only,0.15,0.015,0.03,0.105,prop_127,1000,2000,0.42501399422765346,0.45698600577234655,False,0.03197201154469309,0.03197201154469309,0.42501399422765346,0.45698600577234655,0.0,0.0,0.03197201154469309,0.0,0.0
rep0236,0.47,0.47392236061284154,synth_only,0.15,0.015,0.03,0.105,prop_127,1000,2000,0.5505445420114616,0.5824554579885384,False,0.03191091597707674,0.03191091597707674,0.5505445420114616,0.5824554579885384,0.0,0.0,0.03191091597707674,0.0,0.0
rep0237,0.21,0.20973108962931705,synth_only,0.15,0.015,0.03,0.105,prop_127,1000,2000,0.20568435092383217,0.23231564907616783,True,0.02663129815233567,0.02663129815233567,0.20568435092383217,0.23231564907616783,0.0,0.0,0.02663129815233567,0.0,0.0
rep0238,0.49,0.4874129907226953,synth_only,0.15,0.015,0.03,0.105,prop_127,1000,2000,0.5475318776718605,0.5794681223281395,False,0.03193624465627898,0.03193624465627898,0.5475318776718605,0.5794681223281395,0.0,0.0,0.03193624465627898,0.0,0.0
rep0239,0.61,0.6112675775109,synth_only,0.15,0.015,0.03,0.105,prop_127,1000,2000,0.7457394372144531,0.7732605627855468,False,0.027521125571093652,0.027521125571093652,0.7457394372144531,0.7732605627855468,0.0,0.0,0.027521125571093652,0.0,0.0
rep0240,0.83,0.8330230644374834,synth_only,0.15,0.015,0.03,0.105,prop_127,1000,2000,0.80044603704308,0.8255539629569199,False,0.025107925913839813,0.025107925913839813,0.80044603704308,0.8255539629569199,0.0,0.0,0.025107925913839813,0.0,0.0
rep0241,0.09,0.08800068387601229,synth_only,0.15,0.015,0.03,0.105,prop_127,1000,2000,0.05800607309816953,0.07399392690183047,False,0.01598785380366094,0.01598785380366094,0.05800607309816953,0.07399392690183047,0.0,0.0,0.01598785380366094,0.0,0.0
rep0242,0.36,0.35514568575172045,synth_only,0.15,0.015,0.03,0.105,prop_127,1000,2000,0.3668523556189432,0.3981476443810568,False,0.03129528876211363,0.03129528876211363,0.3668523556189432,0.3981476443810568,0.0,0.0,0.03129528876211363,0.0,0.0
rep0243,0.05,0.046892072024196256,synth_only,0.15,0.015,0.03,0.105,prop_127,1000,2000,0.3069562000519057,0.3370437999480943,False,0.030087599896188588,0.030087599896188588,0.3069562000519057,0.3370437999480943,0.0,0.0,0.030087599896188588,0.0,0.0
rep0244,0.69,0.6944375779997,synth_only,0.15,0.015,0.03,0.105,prop_127,1000,2000,0.6498033453892451,0.680196654610755,False,0.030393309221509845,0.030393309221509845,0.6498033453892451,0.680196654610755,0.0,0.0,0.030393309221509845,0.0,0.0
rep0245,0.89,0.886166604165183,synth_only,0.15,0.015,0.03,0.105,prop_127,1000,2000,1.0,1.0,False,0.0,0.0,1.0,1.0,0.0,0.0,0.0,0.0,0.0
rep0246,0.30,0.298515702451568,synth_only,0.15,0.015,0.03,0.105,prop_127,1000,2000,0.32969459012773933,0.3603054098722606,False,0.03061081974452129,0.03061081974452129,0.32969459012773933,0.3603054098722606,0.0,0.0,0.03061081974452129,0.0,0.0
rep0247,0.79,0.7946551174615434,synth_only,0.15,0.015,0.03,0.105,prop_127,1000,2000,0.7431908850965427,0.7708091149034573,False,0.02761822980691453,0.02761822980691453,0.7431908850965427,0.7708091149034573,0.0,0.0,0.02761822980691453,0.0,0.0
rep0248,0.56,0.563712294337859,synth_only,0.15,0.015,0.03,0.105,prop_127,1000,2000,0.7457394372144531,0.7732605627855468,False,0.027521125571093652,0.027521125571093652,0.7457394372144531,0.7732605627855468,0.0,0.0,0.027521125571093652,0.0,0.0
rep0249,0.42,0.4186202762119195,synth_only,0.15,0.015,0.03,0.105,prop_127,1000,2000,0.4919035844907471,0.5240964155092529,False,0.032192831018505785,0.032192831018505785,0.4919035844907471,0.5240964155092529,0.0,0.0,0.032192831018505785,0.0,0.0
rep0250,0.61,0.6068156800833652,synth_only,0.15,0.015,0.03,0.105,prop_127,1000,2000,0.7646192316405955,0.7913807683594045,False,0.026761536718808987,0.026761536718808987,0.7646192316405955,0.7913807683594045,0.0,0.0,0.026761536718808987,0.0,0.0
rep0251,0.86,0.8618993400469015,synth_only,0.15,0.015,0.03,0.105,prop_127,1000,2000,0.6498033453892451,0.680196654610755,False,0.030393309221509845,0.030393309221509845,0.6498033453892451,0.680196654610755,0.0,0.0,0.030393309221509845,0.0,0.0
rep0252,0.67,0.6697353685544964,synth_only,0.15,0.015,0.03,0.105,prop_127,1000,2000,0.6023562565261865,0.6336437434738135,False,0.03128748694762695,0.03128748694762695,0.6023562565261865,0.6336437434738135,0.0,0.0,0.03128748694762695,0.0,0.0
rep0253,0.23,0.2315792110325076,synth_only,0.15,0.015,0.03,0.105,prop_127,1000,2000,0.1905374673402773,0.21646253265972268,False,0.025925065319445384,0.025925065319445384,0.1905374673402773,0.21646253265972268,0.0,0.0,0.025925065319445384,0.0,0.0
rep0254,0.35,0.3488156308575838,synth_only,0.15,0.015,0.03,0.105,prop_127,1000,2000,0.256197529864239,0.28480247013576104,False,0.02860494027152205,0.02860494027152205,0.256197529864239,0.28480247013576104,0.0,0.0,0.02860494027152205,0.0,0.0
rep0255,0.55,0.5452873026238187,synth_only,0.15,0.015,0.03,0.105,prop_127,1000,2000,0.7472688773741063,0.7747311226258937,False,0.02746224525178742,0.02746224525178742,0.7472688773741063,0.7747311226258937,0.0,0.0,0.02746224525178742,0.0,0.0
rep0256,0.33,0.3276252070311755,synth_only,0.15,0.015,0.03,0.105,prop_127,1000,2000,0.6089085696562541,0.640091430343746,False,0.031182860687491987,0.031182860687491987,0.6089085696562541,0.640091430343746,0.0,0.0,0.031182860687491987,0.0,0.0
rep0257,0.22,0.220046292910381,synth_only,0.15,0.015,0.03,0.105,prop_127,1000,2000,0.5064178317211834,0.5385821682788166,False,0.03216433655763318,0.03216433655763318,0.5064178317211834,0.5385821682788166,0.0,0.0,0.03216433655763318,0.0,0.0
rep0258,0.31,0.31273323894841487,synth_only,0.15,0.015,0.03,0.105,prop_127,1000,2000,0.4479433052234658,0.48005669477653423,False,0.03211338955306842,0.03211338955306842,0.4479433052234658,0.48005669477653423,0.0,0.0,0.03211338955306842,0.0,0.0
rep0259,0.84,0.8399520058838762,synth_only,0.15,0.015,0.03,0.105,prop_127,1000,2000,0.8627973460346082,0.8842026539653919,False,0.021405307930783657,0.021405307930783657,0.8627973460346082,0.8842026539653919,0.0,0.0,0.021405307930783657,0.0,0.0
rep0260,0.21,0.21464953008967663,synth_only,0.15,0.015,0.03,0.105,prop_127,1000,2000,0.3178260097565367,0.34817399024346335,False,0.030347980486926662,0.030347980486926662,0.3178260097565367,0.34817399024346335,0.0,0.0,0.030347980486926662,0.0,0.0
rep0261,0.61,0.6065874678869797,synth_only,0.15,0.015,0.03,0.105,prop_127,1000,2000,0.6018523556189432,0.6331476443810569,True,0.03129528876211363,0.03129528876211363,0.6018523556189432,0.6331476443810569,0.0,0.0,0.03129528876211363,0.0,0.0
rep0262,0.42,0.41841575630940175,synth_only,0.15,0.015,0.03,0.105,prop_127,1000,2000,0.46341506021426704,0.4955849397857329,False,0.03216987957146589,0.03216987957146589,0.46341506021426704,0.4955849397857329,0.0,0.0,0.03216987957146589,0.0,0.0
rep0263,0.64,0.6354933957032018,synth_only,0.15,0.015,0.03,0.105,prop_127,1000,2000,0.6644746874685596,0.6945253125314403,False,0.030050625062880698,0.030050625062880698,0.6644746874685596,0.6945253125314403,0.0,0.0,0.030050625062880698,0.0,0.0
rep0264,0.36,0.36398743894398605,synth_only,0.15,0.015,0.03,0.105,prop_127,1000,2000,0.3544551726263969,0.38554482737360307,True,0.031089654747206152,0.031089654747206152,0.3544551726263969,0.38554482737360307,0.0,0.0,0.031089654747206152,0.0,0.0
rep0265,0.58,0.5839228597765382,synth_only,0.15,0.015,0.03,0.105,prop_127,1000,2000,0.3638760244803484,0.3951239755196516,False,0.031247951039303223,0.031247951039303223,0.3638760244803484,0.3951239755196516,0.0,0.0,0.031247951039303223,0.0,0.0
rep0266,0.86,0.8571151432735223,synth_only,0.15,0.015,0.03,0.105,prop_127,1000,2000,0.8752479245696363,0.8957520754303636,False,0.02050415086072732,0.02050415086072732,0.8752479245696363,0.8957520754303636,0.0,0.0,0.02050415086072732,0.0,0.0
rep0267,0.62,0.6225927707554104,synth_only,0.15,0.015,0.03,0.105,prop_127,1000,2000,0.7600234406277391,0.7869765593722609,False,0.026953118744521776,0.026953118744521776,0.7600234406277391,0.7869765593722609,0.0,0.0,0.026953118744521776,0.0,0.0
rep0268,0.27,0.27127696002390533,synth_only,0.15,0.015,0.03,0.105,prop_127,1000,2000,0.33909821665836726,0.3699017833416327,False,0.03080356668326545,0.03080356668326545,0.33909821665836726,0.3699017833416327,0.0,0.0,0.03080356668326545,0.0,0.0
rep0269,0.81,0.80995904835551,synth_only,0.15,0.015,0.03,0.105,prop_127,1000,2000,1.0,1.0,False,0.0,0.0,1.0,1.0,0.0,0.0,0.0,0.0,0.0
rep0270,0.85,0.8472666218190608,synth_only,0.15,0.015,0.03,0.105,prop_127,1000,2000,1.0,1.0,False,0.0,0.0,1.0,1.0,0.0,0.0,0.0,0.0,0.0
rep0271,0.73,0.7295466983738702,synth_only,0.15,0.015,0.03,0.105,prop_127,1000,2000,0.841598868633797,0.864401131366203,False,0.022802262732406042,0.022802262732406042,0.841598868633797,0.864401131366203,0.0,0.0,0.022802262732406042,0.0,0.0
rep0272,0.05,0.054946033858017725,synth_only,0.15,0.015,0.03,0.105,prop_127,1000,2000,0.0,0.0,False,0.0,0.0,0.0,0.0,0.0,0.0,0.0,0.0,0.0
rep0273,0.28,0.28188189656186624,synth_only,0.15,0.015,0.03,0.105,prop_127,1000,2000,0.18321882365874415,0.20878117634125587,False,0.025562352682511724,0.025562352682511724,0.18321882365874415,0.20878117634125587,0.0,0.0,0.025562352682511724,0.0,0.0
rep0274,0.45,0.4520708586248962,synth_only,0.15,0.015,0.03,0.105,prop_127,1000,2000,0.516936624501588,0.5490633754984121,False,0.03212675099682416,0.03212675099682416,0.516936624501588,0.5490633754984121,0.0,0.0,0.03212675099682416,0.0,0.0
rep0275,0.53,0.5272745302056078,synth_only,0.15,0.015,0.03,0.105,prop_127,1000,2000,0.45442956757821207,0.4865704324217879,False,0.03214086484357581,0.03214086484357581,0.45442956757821207,0.4865704324217879,0.0,0.0,0.03214086484357581,0.0,0.0
rep0276,0.19,0.18801833515699878,synth_only,0.15,0.015,0.03,0.105,prop_127,1000,2000,0.32919984861461365,0.3598001513853863,False,0.030600302770772636,0.030600302770772636,0.32919984861461365,0.3598001513853863,0.0,0.0,0.030600302770772636,0.0,0.0
rep0277,0.39,0.39456858338614365,synth_only,0.15,0.015,0.03,0.105,prop_127,1000,2000,0.48890232869782846,0.5210976713021716,False,0.03219534260434309,0.03219534260434309,0.48890232869782846,0.5210976713021716,0.0,0.0,0.03219534260434309,0.0,0.0
rep0278,0.76,0.7554225841633077,synth_only,0.15,0.015,0.03,0.105,prop_127,1000,2000,0.7753516637667203,0.8016483362332797,False,0.026296672466559423,0.026296672466559423,0.7753516637667203,0.8016483362332797,0.0,0.0,0.026296672466559423,0.0,0.0
rep0279,0.04,0.04151735625906018,synth_only,0.15,0.015,0.03,0.105,prop_127,1000,2000,0.0,0.0,False,0.0,0.0,0.0,0.0,0.0,0.0,0.0,0.0,0.0
rep0280,0.54,0.53504006680339,synth_only,0.15,0.015,0.03,0.105,prop_127,1000,2000,0.5696386377484584,0.6013613622515417,False,0.03172272450308333,0.03172272450308333,0.5696386377484584,0.6013613622515417,0.0,0.0,0.03172272450308333,0.0,0.0
rep0281,0.55,0.5504709865207026,synth_only,0.15,0.015,0.03,0.105,prop_127,1000,2000,0.5500423899887096,0.5819576100112903,True,0.03191522002258074,0.03191522002258074,0.5500423899887096,0.5819576100112903,0.0,0.0,0.03191522002258074,0.0,0.0
rep0282,0.23,0.22710822033450845,synth_only,0.15,0.015,0.03,0.105,prop_127,1000,2000,0.3272210702787017,0.3577789297212984,False,0.030557859442596702,0.030557859442596702,0.3272210702787017,0.3577789297212984,0.0,0.0,0.030557859442596702,0.0,0.0
rep0283,0.48,0.4777436706812082,synth_only,0.15,0.015,0.03,0.105,prop_127,1000,2000,0.5049157288771655,0.5370842711228345,False,0.03216854224566901,0.03216854224566901,0.5049157288771655,0.5370842711228345,0.0,0.0,0.03216854224566901,0.0,0.0
rep0284,0.41,0.4093964434284971,synth_only,0.15,0.015,0.03,0.105,prop_127,1000,2000,0.4759035844907471,0.5080964155092529,False,0.032192831018505785,0.032192831018505785,0.4759035844907471,0.5080964155092529,0.0,0.0,0.032192831018505785,0.0,0.0
rep0285,0.34,0.3408505284075688,synth_only,0.15,0.015,0.03,0.105,prop_127,1000,2000,0.4689087696989074,0.5010912303010926,False,0.032182460602185214,0.032182460602185214,0.4689087696989074,0.5010912303010926,0.0,0.0,0.032182460602185214,0.0,0.0
rep0286,0.63,0.6326601693945919,synth_only,0.15,0.015,0.03,0.105,prop_127,1000,2000,0.7106236010206455,0.7393763989793545,False,0.028752797958708998,0.028752797958708998,0.7106236010206455,0.7393763989793545,0.0,0.0,0.028752797958708998,0.0,0.0
rep0287,0.29,0.2853408007468048,synth_only,0.15,0.015,0.03,0.105,prop_127,1000,2000,0.3301893503737374,0.3608106496262625,False,0.030621299252525103,0.030621299252525103,0.3301893503737374,0.3608106496262625,0.0,0.0,0.030621299252525103,0.0,0.0
rep0288,0.12,0.1191548375086374,synth_only,0.15,0.015,0.03,0.105,prop_127,1000,2000,0.11965436921487362,0.14134563078512638,False,0.021691261570252765,0.021691261570252765,0.11965436921487362,0.14134563078512638,0.0,0.0,0.021691261570252765,0.0,0.0
rep0289,0.55,0.5483031100363225,synth_only,0.15,0.015,0.03,0.105,prop_127,1000,2000,0.58724680400982,0.61875319599018,False,0.03150639198035998,0.03150639198035998,0.58724680400982,0.61875319599018,0.0,0.0,0.03150639198035998,0.0,0.0
rep0290,0.21,0.20681973976642407,synth_only,0.15,0.015,0.03,0.105,prop_127,1000,2000,0.1230320335841065,0.14496796641589352,False,0.02193593283178702,0.02193593283178702,0.1230320335841065,0.14496796641589352,0.0,0.0,0.02193593283178702,0.0,0.0
rep0291,0.36,0.3560093623139204,synth_only,0.15,0.015,0.03,0.105,prop_127,1000,2000,0.32969459012773933,0.3603054098722606,True,0.03061081974452129,0.03061081974452129,0.32969459012773933,0.3603054098722606,0.0,0.0,0.03061081974452129,0.0,0.0
rep0292,0.65,0.6539878698642645,synth_only,0.15,0.015,0.03,0.105,prop_127,1000,2000,0.7421716431684554,0.7698283568315446,False,0.027656713663089194,0.027656713663089194,0.7421716431684554,0.7698283568315446,0.0,0.0,0.027656713663089194,0.0,0.0
rep0293,0.60,0.6000084135548737,synth_only,0.15,0.015,0.03,0.105,prop_127,1000,2000,0.7284216547159956,0.7565783452840045,False,0.028156690568008846,0.028156690568008846,0.7284216547159956,0.7565783452840045,0.0,0.0,0.028156690568008846,0.0,0.0
rep0294,0.33,0.32763210151945477,synth_only,0.15,0.015,0.03,0.105,prop_127,1000,2000,0.4659119589485987,0.49808804105140125,False,0.03217608210280254,0.03217608210280254,0.4659119589485987,0.49808804105140125,0.0,0.0,0.03217608210280254,0.0,0.0
rep0295,0.88,0.8832141421695131,synth_only,0.15,0.015,0.03,0.105,prop_127,1000,2000,0.9574620841152317,0.9695379158847683,False,0.012075831769536638,0.012075831769536638,0.9574620841152317,0.9695379158847683,0.0,0.0,0.012075831769536638,0.0,0.0
rep0296,0.41,0.4081027203307714,synth_only,0.15,0.015,0.03,0.105,prop_127,1000,2000,0.5259584197202433,0.5580415802797568,False,0.032083160559513546,0.032083160559513546,0.5259584197202433,0.5580415802797568,0.0,0.0,0.032083160559513546,0.0,0.0
rep0297,0.27,0.2739059571062849,synth_only,0.15,0.015,0.03,0.105,prop_127,1000,2000,0.4334838445086341,0.46551615549136593,False,0.03203231098273185,0.03203231098273185,0.4334838445086341,0.46551615549136593,0.0,0.0,0.03203231098273185,0.0,0.0
rep0298,0.51,0.5140009157446145,synth_only,0.15,0.015,0.03,0.105,prop_127,1000,2000,0.4819016525422172,0.5140983474577828,True,0.03219669491556565,0.03219669491556565,0.4819016525422172,0.5140983474577828,0.0,0.0,0.03219669491556565,0.0,0.0
rep0299,0.17,0.1667066850284299,synth_only,0.15,0.015,0.03,0.105,prop_127,1000,2000,0.23654902853341797,0.26445097146658203,False,0.02790194293316406,0.02790194293316406,0.23654902853341797,0.26445097146658203,0.0,0.0,0.02790194293316406,0.0,0.0
rep0300,0.29,0.2857072276657689,synth_only,0.15,0.015,0.03,0.105,prop_127,1000,2000,0.274897705874331,0.30410229412566897,True,0.029204588251337982,0.029204588251337982,0.274897705874331,0.30410229412566897,0.0,0.0,0.029204588251337982,0.0,0.0
rep0301,0.73,0.7339092242236632,synth_only,0.15,0.015,0.03,0.105,prop_127,1000,2000,0.7799552267872867,0.8060447732127134,False,0.026089546425426713,0.026089546425426713,0.7799552267872867,0.8060447732127134,0.0,0.0,0.026089546425426713,0.0,0.0
rep0302,0.68,0.6834706483229728,synth_only,0.15,0.015,0.03,0.105,prop_127,1000,2000,0.6396945901277393,0.6703054098722607,False,0.0306108197445214,0.0306108197445214,0.6396945901277393,0.6703054098722607,0.0,0.0,0.0306108197445214,0.0,0.0
rep0303,0.61,0.6109959230101963,synth_only,0.15,0.015,0.03,0.105,prop_127,1000,2000,0.6882880359855805,0.7177119640144194,False,0.029423928028838864,0.029423928028838864,0.6882880359855805,0.7177119640144194,0.0,0.0,0.029423928028838864,0.0,0.0
rep0304,0.56,0.5551292467317489,synth_only,0.15,0.015,0.03,0.105,prop_127,1000,2000,0.5922815546332024,0.6237184453667975,False,0.031436890733595124,0.031436890733595124,0.5922815546332024,0.6237184453667975,0.0,0.0,0.031436890733595124,0.0,0.0
rep0305,0.10,0.1005941094292902,synth_only,0.15,0.015,0.03,0.105,prop_127,1000,2000,0.18712121900311363,0.2128787809968864,False,0.02575756199377277,0.02575756199377277,0.18712121900311363,0.2128787809968864,0.0,0.0,0.02575756199377277,0.0,0.0
rep0306,0.72,0.7188019784642963,synth_only,0.15,0.015,0.03,0.105,prop_127,1000,2000,0.7610445337598732,0.7879554662401267,False,0.026910932480253447,0.026910932480253447,0.7610445337598732,0.7879554662401267,0.0,0.0,0.026910932480253447,0.0,0.0
rep0307,0.51,0.5068510117643481,synth_only,0.15,0.015,0.03,0.105,prop_127,1000,2000,0.5852333854440804,0.6167666145559195,False,0.03153322911183909,0.03153322911183909,0.5852333854440804,0.6167666145559195,0.0,0.0,0.03153322911183909,0.0,0.0
rep0308,0.14,0.1375084237151595,synth_only,0.15,0.015,0.03,0.105,prop_127,1000,2000,0.23949385382194419,0.26750614617805585,False,0.028012292356111662,0.028012292356111662,0.23949385382194419,0.26750614617805585,0.0,0.0,0.028012292356111662,0.0,0.0
rep0309,0.82,0.8230979952228714,synth_only,0.15,0.015,0.03,0.105,prop_127,1000,2000,1.0,1.0,False,0.0,0.0,1.0,1.0,0.0,0.0,0.0,0.0,0.0
rep0310,0.38,0.3849178123777623,synth_only,0.15,0.015,0.03,0.105,prop_127,1000,2000,0.4749041319183223,0.5070958680816776,False,0.0321917361633553,0.0321917361633553,0.4749041319183223,0.5070958680816776,0.0,0.0,0.0321917361633553,0.0,0.0
rep0311,0.14,0.13772731348913403,synth_only,0.15,0.015,0.03,0.105,prop_127,1000,2000,0.2763753871226586,0.3056246128773414,False,0.029249225754682806,0.029249225754682806,0.2763753871226586,0.3056246128773414,0.0,0.0,0.029249225754682806,0.0,0.0
rep0312,0.77,0.7651640383991807,synth_only,0.15,0.015,0.03,0.105,prop_127,1000,2000,0.7090993663439329,0.7379006336560672,False,0.028801267312134282,0.028801267312134282,0.7090993663439329,0.7379006336560672,0.0,0.0,0.028801267312134282,0.0,0.0
rep0313,0.87,0.8651511229833888,synth_only,0.15,0.015,0.03,0.105,prop_127,1000,2000,0.8768066767104736,0.8971933232895264,False,0.02038664657905276,0.02038664657905276,0.8768066767104736,0.8971933232895264,0.0,0.0,0.02038664657905276,0.0,0.0
rep0314,0.55,0.5451150387422286,synth_only,0.15,0.015,0.03,0.105,prop_127,1000,2000,0.47340507385934655,0.5055949261406534,False,0.03218985228130683,0.03218985228130683,0.47340507385934655,0.5055949261406534,0.0,0.0,0.03218985228130683,0.0,0.0
rep0315,0.56,0.5644661717184385,synth_only,0.15,0.015,0.03,0.105,prop_127,1000,2000,0.5862400604102131,0.6177599395897868,False,0.03151987917957366,0.03151987917957366,0.5862400604102131,0.6177599395897868,0.0,0.0,0.03151987917957366,0.0,0.0
rep0316,0.63,0.6280829997175954,synth_only,0.15,0.015,0.03,0.105,prop_127,1000,2000,0.4939047437711752,0.5260952562288248,False,0.03219051245764959,0.03219051245764959,0.4939047437711752,0.5260952562288248,0.0,0.0,0.03219051245764959,0.0,0.0
rep0317,0.69,0.6902270980137905,synth_only,0.15,0.015,0.03,0.105,prop_127,1000,2000,0.41157165800415213,0.44342834199584785,False,0.03185668399169572,0.03185668399169572,0.41157165800415213,0.44342834199584785,0.0,0.0,0.03185668399169572,0.0,0.0
rep0318,0.14,0.14100463235908287,synth_only,0.15,0.015,0.03,0.105,prop_127,1000,2000,0.27785326162605545,0.3071467383739445,False,0.02929347674788907,0.02929347674788907,0.27785326162605545,0.3071467383739445,0.0,0.0,0.02929347674788907,0.0,0.0
rep0319,0.24,0.23699663893414466,synth_only,0.15,0.015,0.03,0.105,prop_127,1000,2000,0.1929785715725962,0.21902142842740377,False,0.02604285685480756,0.02604285685480756,0.1929785715725962,0.21902142842740377,0.0,0.0,0.02604285685480756,0.0,0.0
rep0320,0.83,0.827387100801788,synth_only,0.15,0.015,0.03,0.105,prop_127,1000,2000,0.8132800051965748,0.8377199948034252,True,0.024439989606850343,0.024439989606850343,0.8132800051965748,0.8377199948034252,0.0,0.0,0.024439989606850343,0.0,0.0
rep0321,0.15,0.14973648197777956,synth_only,0.15,0.015,0.03,0.105,prop_127,1000,2000,0.17980591508296878,0.20519408491703123,False,0.025388169834062446,0.025388169834062446,0.17980591508296878,0.20519408491703123,0.0,0.0,0.025388169834062446,0.0,0.0
rep0322,0.54,0.5440223548145217,synth_only,0.15,0.015,0.03,0.105,prop_127,1000,2000,0.660931826233643,0.6910681737663571,False,0.030136347532714103,0.030136347532714103,0.660931826233643,0.6910681737663571,0.0,0.0,0.030136347532714103,0.0,0.0
rep0323,0.62,0.6227358224359697,synth_only,0.15,0.015,0.03,0.105,prop_127,1000,2000,0.7106236010206455,0.7393763989793545,False,0.028752797958708998,0.028752797958708998,0.7106236010206455,0.7393763989793545,0.0,0.0,0.028752797958708998,0.0,0.0
rep0324,0.53,0.530734929476436,synth_only,0.15,0.015,0.03,0.105,prop_127,1000,2000,0.5440178530870452,0.5759821469129549,False,0.031964293825909706,0.031964293825909706,0.5440178530870452,0.5759821469129549,0.0,0.0,0.031964293825909706,0.0,0.0
rep0325,0.79,0.7936689707678996,synth_only,0.15,0.015,0.03,0.105,prop_127,1000,2000,0.8276814924933295,0.8513185075066706,False,0.023637015013341145,0.023637015013341145,0.8276814924933295,0.8513185075066706,0.0,0.0,0.023637015013341145,0.0,0.0
rep0326,0.54,0.5426056725752102,synth_only,0.15,0.015,0.03,0.105,prop_127,1000,2000,0.3470222129633429,0.3779777870366571,False,0.030955574073314174,0.030955574073314174,0.3470222129633429,0.3779777870366571,0.0,0.0,0.030955574073314174,0.0,0.0
rep0327,0.42,0.41630742171441215,synth_only,0.15,0.015,0.03,0.105,prop_127,1000,2000,0.574667420741559,0.6063325792584411,False,0.03166515851688212,0.03166515851688212,0.574667420741559,0.6063325792584411,0.0,0.0,0.03166515851688212,0.0,0.0
rep0328,0.65,0.6474016966509429,synth_only,0.15,0.015,0.03,0.105,prop_127,1000,2000,0.7182478470487041,0.7467521529512959,False,0.028504305902591787,0.028504305902591787,0.7182478470487041,0.7467521529512959,0.0,0.0,0.028504305902591787,0.0,0.0
rep0329,0.56,0.5580866708595992,synth_only,0.15,0.015,0.03,0.105,prop_127,1000,2000,0.6225268266384824,0.6534731733615177,False,0.030946346723035312,0.030946346723035312,0.6225268266384824,0.6534731733615177,0.0,0.0,0.030946346723035312,0.0,0.0
rep0330,0.08,0.07776087515982376,synth_only,0.15,0.015,0.03,0.105,prop_127,1000,2000,0.14577156674686823,0.16922843325313178,False,0.023456866506263552,0.023456866506263552,0.14577156674686823,0.16922843325313178,0.0,0.0,0.023456866506263552,0.0,0.0
rep0331,0.49,0.4925135823439831,synth_only,0.15,0.015,0.03,0.105,prop_127,1000,2000,0.4699078355939437,0.5020921644060563,True,0.032184328812112584,0.032184328812112584,0.4699078355939437,0.5020921644060563,0.0,0.0,0.032184328812112584,0.0,0.0
rep0332,0.20,0.19968993750111136,synth_only,0.15,0.015,0.03,0.105,prop_127,1000,2000,0.2532478470487041,0.2817521529512959,False,0.028504305902591787,0.028504305902591787,0.2532478470487041,0.2817521529512959,0.0,0.0,0.028504305902591787,0.0,0.0
rep0333,0.74,0.7356380718063558,synth_only,0.15,0.015,0.03,0.105,prop_127,1000,2000,0.8009589770246165,0.8260410229753835,False,0.025082045950767018,0.025082045950767018,0.8009589770246165,0.8260410229753835,0.0,0.0,0.025082045950767018,0.0,0.0
rep0334,0.61,0.6078119313330457,synth_only,0.15,0.015,0.03,0.105,prop_127,1000,2000,0.6548605834631025,0.6851394165368976,False,0.030278833073795086,0.030278833073795086,0.6548605834631025,0.6851394165368976,0.0,0.0,0.030278833073795086,0.0,0.0
rep0335,0.76,0.7579572902940152,synth_only,0.15,0.015,0.03,0.105,prop_127,1000,2000,0.7676843509238321,0.7943156490761679,False,0.02663129815233578,0.02663129815233578,0.7676843509238321,0.7943156490761679,0.0,0.0,0.02663129815233578,0.0,0.0
rep0336,0.06,0.056437219944274426,synth_only,0.15,0.015,0.03,0.105,prop_127,1000,2000,0.03322863613669692,0.045771363863303084,False,0.012542727726606168,0.012542727726606168,0.03322863613669692,0.045771363863303084,0.0,0.0,0.012542727726606168,0.0,0.0
rep0337,0.51,0.5060089444970216,synth_only,0.15,0.015,0.03,0.105,prop_127,1000,2000,0.6205084805570771,0.6514915194429229,False,0.03098303888584586,0.03098303888584586,0.6205084805570771,0.6514915194429229,0.0,0.0,0.03098303888584586,0.0,0.0
rep0338,0.64,0.6436869556622545,synth_only,0.15,0.015,0.03,0.105,prop_127,1000,2000,0.8856506922606694,0.9053493077393305,False,0.01969861547866114,0.01969861547866114,0.8856506922606694,0.9053493077393305,0.0,0.0,0.01969861547866114,0.0,0.0
rep0339,0.33,0.3281110030493755,synth_only,0.15,0.015,0.03,0.105,prop_127,1000,2000,0.33761298915781957,0.3683870108421804,False,0.03077402168436083,0.03077402168436083,0.33761298915781957,0.3683870108421804,0.0,0.0,0.03077402168436083,0.0,0.0
rep0340,0.24,0.2389022860716452,synth_only,0.15,0.015,0.03,0.105,prop_127,1000,2000,0.23654902853341797,0.26445097146658203,True,0.02790194293316406,0.02790194293316406,0.23654902853341797,0.26445097146658203,0.0,0.0,0.02790194293316406,0.0,0.0
rep0341,0.35,0.34784415563146054,synth_only,0.15,0.015,0.03,0.105,prop_127,1000,2000,0.3326634319272059,0.3633365680727941,True,0.030673136145588198,0.030673136145588198,0.3326634319272059,0.3633365680727941,0.0,0.0,0.030673136145588198,0.0,0.0
rep0342,0.49,0.4929314917112036,synth_only,0.15,0.015,0.03,0.105,prop_127,1000,2000,0.5827169977309404,0.6142830022690596,False,0.0315660045381192,0.0315660045381192,0.5827169977309404,0.6142830022690596,0.0,0.0,0.0315660045381192,0.0,0.0
rep0343,0.66,0.6608447442021788,synth_only,0.15,0.015,0.03,0.105,prop_127,1000,2000,0.6230314584437585,0.6539685415562414,False,0.030937083112482888,0.030937083112482888,0.6230314584437585,0.6539685415562414,0.0,0.0,0.030937083112482888,0.0,0.0
rep0344,0.38,0.37969779922686203,synth_only,0.15,0.015,0.03,0.105,prop_127,1000,2000,0.3673484722421202,0.3986515277578798,True,0.031303055515759626,0.031303055515759626,0.3673484722421202,0.3986515277578798,0.0,0.0,0.031303055515759626,0.0,0.0
rep0345,0.96,0.9570659304741378,synth_only,0.15,0.015,0.03,0.105,prop_127,1000,2000,0.9536907116097152,0.9663092883902847,True,0.012618576780569546,0.012618576780569546,0.9536907116097152,0.9663092883902847,0.0,0.0,0.012618576780569546,0.0,0.0
rep0346,0.86,0.8623801979751146,synth_only,0.15,0.015,0.03,0.105,prop_127,1000,2000,0.8705749966866281,0.8914250033133719,False,0.020850006626743856,0.020850006626743856,0.8705749966866281,0.8914250033133719,0.0,0.0,0.020850006626743856,0.0,0.0
rep0347,0.40,0.3956994074496438,synth_only,0.15,0.015,0.03,0.105,prop_127,1000,2000,0.5791947721432216,0.6108052278567784,False,0.031610455713556807,0.031610455713556807,0.5791947721432216,0.6108052278567784,0.0,0.0,0.031610455713556807,0.0,0.0
rep0348,0.41,0.40686582800690213,synth_only,0.15,0.015,0.03,0.105,prop_127,1000,2000,0.4260102011309641,0.4579897988690359,False,0.0319795977380718,0.0319795977380718,0.4260102011309641,0.4579897988690359,0.0,0.0,0.0319795977380718,0.0,0.0
rep0349,0.83,0.8271548031327527,synth_only,0.15,0.015,0.03,0.105,prop_127,1000,2000,0.8882556467169237,0.9077443532830763,False,0.019488706566152647,0.019488706566152647,0.8882556467169237,0.9077443532830763,0.0,0.0,0.019488706566152647,0.0,0.0
rep0350,0.37,0.36724731038587727,synth_only,0.15,0.015,0.03,0.105,prop_127,1000,2000,0.3792604974632261,0.41073950253677394,False,0.03147900507354784,0.03147900507354784,0.3792604974632261,0.41073950253677394,0.0,0.0,0.03147900507354784,0.0,0.0
rep0351,0.64,0.6380978983502209,synth_only,0.15,0.015,0.03,0.105,prop_127,1000,2000,0.8199626449429249,0.844037355057075,False,0.024074710114150077,0.024074710114150077,0.8199626449429249,0.844037355057075,0.0,0.0,0.024074710114150077,0.0,0.0
rep0352,0.47,0.4692598611978995,synth_only,0.15,0.015,0.03,0.105,prop_127,1000,2000,0.642726422721679,0.673273577278321,False,0.03054715455664203,0.03054715455664203,0.642726422721679,0.673273577278321,0.0,0.0,0.03054715455664203,0.0,0.0
rep0353,0.39,0.388463302071118,synth_only,0.15,0.015,0.03,0.105,prop_127,1000,2000,0.505416413681235,0.5375835863187649,False,0.032167172637529884,0.032167172637529884,0.505416413681235,0.5375835863187649,0.0,0.0,0.032167172637529884,0.0,0.0
rep0354,0.59,0.5867490284482921,synth_only,0.15,0.015,0.03,0.105,prop_127,1000,2000,0.5475318776718605,0.5794681223281395,False,0.03193624465627898,0.03193624465627898,0.5475318776718605,0.5794681223281395,0.0,0.0,0.03193624465627898,0.0,0.0
rep0355,0.07,0.06891033291676682,synth_only,0.15,0.015,0.03,0.105,prop_127,1000,2000,0.03554164123663063,0.048458358763369375,False,0.012916717526738744,0.012916717526738744,0.03554164123663063,0.048458358763369375,0.0,0.0,0.012916717526738744,0.0,0.0
rep0356,0.83,0.8339770816826412,synth_only,0.15,0.015,0.03,0.105,prop_127,1000,2000,0.8752479245696363,0.8957520754303636,False,0.02050415086072732,0.02050415086072732,0.8752479245696363,0.8957520754303636,0.0,0.0,0.02050415086072732,0.0,0.0
rep0357,0.23,0.23357126087160932,synth_only,0.15,0.015,0.03,0.105,prop_127,1000,2000,0.26898893138167984,0.2980110686183201,False,0.029022137236640266,0.029022137236640266,0.26898893138167984,0.2980110686183201,0.0,0.0,0.029022137236640266,0.0,0.0
rep0358,0.53,0.5265095333312138,synth_only,0.15,0.015,0.03,0.105,prop_127,1000,2000,0.4085861127026805,0.44041388729731945,False,0.031827774594638925,0.031827774594638925,0.4085861127026805,0.44041388729731945,0.0,0.0,0.031827774594638925,0.0,0.0
rep0359,0.28,0.27842268685814014,synth_only,0.15,0.015,0.03,0.105,prop_127,1000,2000,0.2498076067149187,0.27819239328508133,False,0.028384786570162635,0.028384786570162635,0.2498076067149187,0.27819239328508133,0.0,0.0,0.028384786570162635,0.0,0.0
rep0360,0.78,0.7796643858952914,synth_only,0.15,0.015,0.03,0.105,prop_127,1000,2000,0.7380956872604184,0.7659043127395816,False,0.027808625479163185,0.027808625479163185,0.7380956872604184,0.7659043127395816,0.0,0.0,0.027808625479163185,0.0,0.0
rep0361,0.30,0.3027840076398436,synth_only,0.15,0.015,0.03,0.105,prop_127,1000,2000,0.2223284596821932,0.24967154031780678,False,0.02734308063561358,0.02734308063561358,0.2223284596821932,0.24967154031780678,0.0,0.0,0.02734308063561358,0.0,0.0
rep0362,0.94,0.9371878343321084,synth_only,0.15,0.015,0.03,0.105,prop_127,1000,2000,1.0,1.0,False,0.0,0.0,1.0,1.0,0.0,0.0,0.0,0.0,0.0
rep0363,0.37,0.3704822141512414,synth_only,0.15,0.015,0.03,0.105,prop_127,1000,2000,0.3470222129633429,0.3779777870366571,True,0.030955574073314174,0.030955574073314174,0.3470222129633429,0.3779777870366571,0.0,0.0,0.030955574073314174,0.0,0.0
rep0364,0.53,0.5338018011999215,synth_only,0.15,0.015,0.03,0.105,prop_127,1000,2000,0.6184904235301106,0.6495095764698894,False,0.03101915293977875,0.03101915293977875,0.6184904235301106,0.6495095764698894,0.0,0.0,0.03101915293977875,0.0,0.0
rep0365,0.84,0.8413168065896944,synth_only,0.15,0.015,0.03,0.105,prop_127,1000,2000,0.841598868633797,0.864401131366203,False,0.022802262732406042,0.022802262732406042,0.841598868633797,0.864401131366203,0.0,0.0,0.022802262732406042,0.0,0.0
rep0366,0.12,0.11908796490391335,synth_only,0.15,0.015,0.03,0.105,prop_127,1000,2000,0.14044062143658156,0.16355937856341843,False,0.023118757126836864,0.023118757126836864,0.14044062143658156,0.16355937856341843,0.0,0.0,0.023118757126836864,0.0,0.0
rep0367,0.47,0.4691687310789652,synth_only,0.15,0.015,0.03,0.105,prop_127,1000,2000,0.4449505700318336,0.47704942996816646,True,0.03209885993633288,0.03209885993633288,0.4449505700318336,0.47704942996816646,0.0,0.0,0.03209885993633288,0.0,0.0
rep0368,0.37,0.3734818986954472,synth_only,0.15,0.015,0.03,0.105,prop_127,1000,2000,0.5389992159534791,0.571000784046521,False,0.03200156809304189,0.03200156809304189,0.5389992159534791,0.571000784046521,0.0,0.0,0.03200156809304189,0.0,0.0
rep0369,0.36,0.35627210403937437,synth_only,0.15,0.015,0.03,0.105,prop_127,1000,2000,0.4285010057961063,0.46049899420389373,False,0.03199798840778745,0.03199798840778745,0.4285010057961063,0.46049899420389373,0.0,0.0,0.03199798840778745,0.0,0.0
rep0370,0.38,0.3768362772936027,synth_only,0.15,0.015,0.03,0.105,prop_127,1000,2000,0.37826744749654695,0.4097325525034531,False,0.031465105006906136,0.031465105006906136,0.37826744749654695,0.4097325525034531,0.0,0.0,0.031465105006906136,0.0,0.0
rep0371,0.25,0.25274354849262426,synth_only,0.15,0.015,0.03,0.105,prop_127,1000,2000,0.252264804611115,0.28073519538888503,True,0.028470390777770027,0.028470390777770027,0.252264804611115,0.28073519538888503,0.0,0.0,0.028470390777770027,0.0,0.0
rep0372,0.19,0.19176179445253563,synth_only,0.15,0.015,0.03,0.105,prop_127,1000,2000,0.29905686745428167,0.32894313254571833,False,0.02988626509143666,0.02988626509143666,0.29905686745428167,0.32894313254571833,0.0,0.0,0.02988626509143666,0.0,0.0
rep0373,0.63,0.6272188994392105,synth_only,0.15,0.015,0.03,0.105,prop_127,1000,2000,0.6417157366661645,0.6722842633338355,False,0.03056852666767096,0.03056852666767096,0.6417157366661645,0.6722842633338355,0.0,0.0,0.03056852666767096,0.0,0.0
rep0374,0.27,0.2708767567903986,synth_only,0.15,0.015,0.03,0.105,prop_127,1000,2000,0.24833356957680816,0.27666643042319183,True,0.028332860846383673,0.028332860846383673,0.24833356957680816,0.27666643042319183,0.0,0.0,0.028332860846383673,0.0,0.0
rep0375,0.54,0.5445132551941091,synth_only,0.15,0.015,0.03,0.105,prop_127,1000,2000,0.6725763131023835,0.7024236868976165,False,0.029847373795232945,0.029847373795232945,0.6725763131023835,0.7024236868976165,0.0,0.0,0.029847373795232945,0.0,0.0
rep0376,0.65,0.6541327039046094,synth_only,0.15,0.015,0.03,0.105,prop_127,1000,2000,0.8452123274835881,0.867787672516412,False,0.02257534503282388,0.02257534503282388,0.8452123274835881,0.867787672516412,0.0,0.0,0.02257534503282388,0.0,0.0
rep0377,0.43,0.42590792952605844,synth_only,0.15,0.015,0.03,0.105,prop_127,1000,2000,0.5129286242016144,0.5450713757983856,False,0.03214275159677116,0.03214275159677116,0.5129286242016144,0.5450713757983856,0.0,0.0,0.03214275159677116,0.0,0.0
rep0378,0.20,0.2024341660241983,synth_only,0.15,0.015,0.03,0.105,prop_127,1000,2000,0.19688591604077893,0.22311408395922105,True,0.026228167918442125,0.026228167918442125,0.19688591604077893,0.22311408395922105,0.0,0.0,0.026228167918442125,0.0,0.0
rep0379,0.46,0.46190430019363876,synth_only,0.15,0.015,0.03,0.105,prop_127,1000,2000,0.40460631918695616,0.4363936808130438,False,0.03178736162608764,0.03178736162608764,0.40460631918695616,0.4363936808130438,0.0,0.0,0.03178736162608764,0.0,0.0
rep0380,0.55,0.5521673894549264,synth_only,0.15,0.015,0.03,0.105,prop_127,1000,2000,0.4524335029429008,0.48456649705709925,False,0.032132994114198454,0.032132994114198454,0.4524335029429008,0.48456649705709925,0.0,0.0,0.032132994114198454,0.0,0.0
rep0381,0.17,0.1665206389869533,synth_only,0.15,0.015,0.03,0.105,prop_127,1000,2000,0.39267338012043135,0.4243266198795686,False,0.03165323975913725,0.03165323975913725,0.39267338012043135,0.4243266198795686,0.0,0.0,0.03165323975913725,0.0,0.0
rep0382,0.34,0.3448362874284561,synth_only,0.15,0.015,0.03,0.105,prop_127,1000,2000,0.4369728046307776,0.46902719536922244,False,0.03205439073844485,0.03205439073844485,0.4369728046307776,0.46902719536922244,0.0,0.0,0.03205439073844485,0.0,0.0
rep0383,0.47,0.4672960579978518,synth_only,0.15,0.015,0.03,0.105,prop_127,1000,2000,0.4849015559508767,0.5170984440491233,False,0.03219688809824661,0.03219688809824661,0.4849015559508767,0.5170984440491233,0.0,0.0,0.03219688809824661,0.0,0.0
rep0384,0.45,0.45084726900616834,synth_only,0.15,0.015,0.03,0.105,prop_127,1000,2000,0.483901523753892,0.5160984762461079,False,0.032196952492215936,0.032196952492215936,0.483901523753892,0.5160984762461079,0.0,0.0,0.032196952492215936,0.0,0.0
rep0385,0.89,0.8879136274603612,synth_only,0.15,0.015,0.03,0.105,prop_127,1000,2000,0.822020137425856,0.8459798625741439,False,0.023959725148287925,0.023959725148287925,0.822020137425856,0.8459798625741439,0.0,0.0,0.023959725148287925,0.0,0.0
rep0386,0.41,0.4097240031897142,synth_only,0.15,0.015,0.03,0.105,prop_127,1000,2000,0.5099233036269373,0.5420766963730628,False,0.0321533927461255,0.0321533927461255,0.5099233036269373,0.5420766963730628,0.0,0.0,0.0321533927461255,0.0,0.0
rep0387,0.68,0.6774976632423061,synth_only,0.15,0.015,0.03,0.105,prop_127,1000,2000,0.8184199304018379,0.8425800695981621,False,0.024160139196324204,0.024160139196324204,0.8184199304018379,0.8425800695981621,0.0,0.0,0.024160139196324204,0.0,0.0
rep0388,0.75,0.7528096674183,synth_only,0.15,0.015,0.03,0.105,prop_127,1000,2000,0.6442425932317772,0.6747574067682227,False,0.030514813536445473,0.030514813536445473,0.6442425932317772,0.6747574067682227,0.0,0.0,0.030514813536445473,0.0,0.0
rep0389,0.22,0.2183137079808773,synth_only,0.15,0.015,0.03,0.105,prop_127,1000,2000,0.4349790151425305,0.4670209848574695,False,0.032041969714939,0.032041969714939,0.4349790151425305,0.4670209848574695,0.0,0.0,0.032041969714939,0.0,0.0
rep0390,0.22,0.22139342431061027,synth_only,0.15,0.015,0.03,0.105,prop_127,1000,2000,0.26751222998934365,0.2964877700106563,False,0.02897554002131264,0.02897554002131264,0.26751222998934365,0.2964877700106563,0.0,0.0,0.02897554002131264,0.0,0.0
rep0391,0.75,0.748822558646661,synth_only,0.15,0.015,0.03,0.105,prop_127,1000,2000,0.8009589770246165,0.8260410229753835,False,0.025082045950767018,0.025082045950767018,0.8009589770246165,0.8260410229753835,0.0,0.0,0.025082045950767018,0.0,0.0
rep0392,0.94,0.9436897198162599,synth_only,0.15,0.015,0.03,0.105,prop_127,1000,2000,0.7467590381186364,0.7742409618813635,False,0.027481923762727067,0.027481923762727067,0.7467590381186364,0.7742409618813635,0.0,0.0,0.027481923762727067,0.0,0.0
rep0393,0.83,0.8325016956044307,synth_only,0.15,0.015,0.03,0.105,prop_127,1000,2000,0.8903409142523352,0.9096590857476649,False,0.01931817149532966,0.01931817149532966,0.8903409142523352,0.9096590857476649,0.0,0.0,0.01931817149532966,0.0,0.0
rep0394,0.39,0.39170946396776957,synth_only,0.15,0.015,0.03,0.105,prop_127,1000,2000,0.2941223947891282,0.3238776052108718,False,0.02975521042174356,0.02975521042174356,0.2941223947891282,0.3238776052108718,0.0,0.0,0.02975521042174356,0.0,0.0
rep0395,0.39,0.39476446793846776,synth_only,0.15,0.015,0.03,0.105,prop_127,1000,2000,0.6467699225584005,0.6772300774415996,False,0.030460154883199086,0.030460154883199086,0.6467699225584005,0.6772300774415996,0.0,0.0,0.030460154883199086,0.0,0.0
rep0396,0.67,0.6677316484909898,synth_only,0.15,0.015,0.03,0.105,prop_127,1000,2000,0.6624500770664827,0.6925499229335172,True,0.030099845867034514,0.030099845867034514,0.6624500770664827,0.6925499229335172,0.0,0.0,0.030099845867034514,0.0,0.0
rep0397,0.14,0.1404332578252884,synth_only,0.15,0.015,0.03,0.105,prop_127,1000,2000,0.36635625652618653,0.3976437434738135,False,0.03128748694762695,0.03128748694762695,0.36635625652618653,0.3976437434738135,0.0,0.0,0.03128748694762695,0.0,0.0
rep0398,0.65,0.6468092434677706,synth_only,0.15,0.015,0.03,0.105,prop_127,1000,2000,0.6675121975741874,0.6974878024258125,False,0.029975604851625093,0.029975604851625093,0.6675121975741874,0.6974878024258125,0.0,0.0,0.029975604851625093,0.0,0.0
rep0399,0.77,0.7694144518072735,synth_only,0.15,0.015,0.03,0.105,prop_127,1000,2000,0.9260060730981696,0.9419939269018305,False,0.015987853803660856,0.015987853803660856,0.9260060730981696,0.9419939269018305,0.0,0.0,0.015987853803660856,0.0,0.0
rep0400,0.49,0.48743787904866825,synth_only,0.15,0.015,0.03,0.105,prop_127,1000,2000,0.58724680400982,0.61875319599018,False,0.03150639198035998,0.03150639198035998,0.58724680400982,0.61875319599018,0.0,0.0,0.03150639198035998,0.0,0.0
rep0401,0.27,0.2721180025440504,synth_only,0.15,0.015,0.03,0.105,prop_127,1000,2000,0.4160510973183892,0.4479489026816108,False,0.03189780536322162,0.03189780536322162,0.4160510973183892,0.4479489026816108,0.0,0.0,0.03189780536322162,0.0,0.0
rep0402,0.68,0.6789503433601506,synth_only,0.15,0.015,0.03,0.105,prop_127,1000,2000,0.6837245189162418,0.7132754810837583,False,0.029550962167516515,0.029550962167516515,0.6837245189162418,0.7132754810837583,0.0,0.0,0.029550962167516515,0.0,0.0
rep0403,0.47,0.4677354982899411,synth_only,0.15,0.015,0.03,0.105,prop_127,1000,2000,0.475403850151804,0.507596149848196,False,0.032192299696392035,0.032192299696392035,0.475403850151804,0.507596149848196,0.0,0.0,0.032192299696392035,0.0,0.0
rep0404,0.21,0.20990604916350614,synth_only,0.15,0.015,0.03,0.105,prop_127,1000,2000,0.2842595965689063,0.31374040343109366,False,0.029480806862187348,0.029480806862187348,0.2842595965689063,0.31374040343109366,0.0,0.0,0.029480806862187348,0.0,0.0
rep0405,0.43,0.4311467206251106,synth_only,0.15,0.015,0.03,0.105,prop_127,1000,2000,0.4369728046307776,0.46902719536922244,False,0.03205439073844485,0.03205439073844485,0.4369728046307776,0.46902719536922244,0.0,0.0,0.03205439073844485,0.0,0.0
rep0406,0.47,0.46571649166241225,synth_only,0.15,0.015,0.03,0.105,prop_127,1000,2000,0.6063880964685696,0.6376119035314304,False,0.031223807062860764,0.031223807062860764,0.6063880964685696,0.6376119035314304,0.0,0.0,0.031223807062860764,0.0,0.0
rep0407,0.41,0.41375333924820995,synth_only,0.15,0.015,0.03,0.105,prop_127,1000,2000,0.5827169977309404,0.6142830022690596,False,0.0315660045381192,0.0315660045381192,0.5827169977309404,0.6142830022690596,0.0,0.0,0.0315660045381192,0.0,0.0
rep0408,0.49,0.49445316104049586,synth_only,0.15,0.015,0.03,0.105,prop_127,1000,2000,0.38869789611198824,0.4203021038880118,False,0.031604207776023574,0.031604207776023574,0.38869789611198824,0.4203021038880118,0.0,0.0,0.031604207776023574,0.0,0.0
rep0409,0.38,0.3848050124696291,synth_only,0.15,0.015,0.03,0.105,prop_127,1000,2000,0.3807502015746913,0.41224979842530873,True,0.03149959685061743,0.03149959685061743,0.3807502015746913,0.41224979842530873,0.0,0.0,0.03149959685061743,0.0,0.0
rep0410,0.78,0.7802973816084029,synth_only,0.15,0.015,0.03,0.105,prop_127,1000,2000,0.7656408252006567,0.7923591747993434,True,0.026718349598686686,0.026718349598686686,0.7656408252006567,0.7923591747993434,0.0,0.0,0.026718349598686686,0.0,0.0
rep0411,0.67,0.6688147999147477,synth_only,0.15,0.015,0.03,0.105,prop_127,1000,2000,0.8446959805744318,0.8673040194255681,False,0.02260803885113627,0.02260803885113627,0.8446959805744318,0.8673040194255681,0.0,0.0,0.02260803885113627,0.0,0.0
rep0412,0.31,0.306090033488935,synth_only,0.15,0.015,0.03,0.105,prop_127,1000,2000,0.2951091270209155,0.3248908729790845,True,0.02978174595816896,0.02978174595816896,0.2951091270209155,0.3248908729790845,0.0,0.0,0.02978174595816896,0.0,0.0
rep0413,0.76,0.757066391808175,synth_only,0.15,0.015,0.03,0.105,prop_127,1000,2000,0.7733064073878405,0.7996935926121594,False,0.026387185224318932,0.026387185224318932,0.7733064073878405,0.7996935926121594,0.0,0.0,0.026387185224318932,0.0,0.0
rep0414,0.79,0.7887919900296583,synth_only,0.15,0.015,0.03,0.105,prop_127,1000,2000,0.9504686198282871,0.9635313801717128,False,0.013062760343425683,0.013062760343425683,0.9504686198282871,0.9635313801717128,0.0,0.0,0.013062760343425683,0.0,0.0
rep0415,0.54,0.5440700092001609,synth_only,0.15,0.015,0.03,0.105,prop_127,1000,2000,0.4894024977411689,0.5215975022588311,False,0.03219500451766216,0.03219500451766216,0.4894024977411689,0.5215975022588311,0.0,0.0,0.03219500451766216,0.0,0.0
rep0416,0.25,0.24629157077116925,synth_only,0.15,0.015,0.03,0.105,prop_127,1000,2000,0.22821022904882945,0.2557897709511705,True,0.027579541902341048,0.027579541902341048,0.22821022904882945,0.2557897709511705,0.0,0.0,0.027579541902341048,0.0,0.0
rep0417,0.40,0.4025470814349371,synth_only,0.15,0.015,0.03,0.105,prop_127,1000,2000,0.39118244628096355,0.4228175537190364,True,0.03163510743807285,0.03163510743807285,0.39118244628096355,0.4228175537190364,0.0,0.0,0.03163510743807285,0.0,0.0
rep0418,0.89,0.8910069249903315,synth_only,0.15,0.015,0.03,0.105,prop_127,1000,2000,0.8457287210938587,0.8682712789061413,False,0.02254255781228265,0.02254255781228265,0.8457287210938587,0.8682712789061413,0.0,0.0,0.02254255781228265,0.0,0.0
rep0419,0.59,0.5935607828378756,synth_only,0.15,0.015,0.03,0.105,prop_127,1000,2000,0.6908240600733002,0.7201759399266998,False,0.0293518798533996,0.0293518798533996,0.6908240600733002,0.7201759399266998,0.0,0.0,0.0293518798533996,0.0,0.0
rep0420,0.57,0.5715466086620452,synth_only,0.15,0.015,0.03,0.105,prop_127,1000,2000,0.5605910641756962,0.5924089358243039,True,0.03181787164860772,0.03181787164860772,0.5605910641756962,0.5924089358243039,0.0,0.0,0.03181787164860772,0.0,0.0
rep0421,0.25,0.25285566616842686,synth_only,0.15,0.015,0.03,0.105,prop_127,1000,2000,0.17493313100822394,0.20006686899177606,False,0.025133737983552118,0.025133737983552118,0.17493313100822394,0.20006686899177606,0.0,0.0,0.025133737983552118,0.0,0.0
rep0422,0.17,0.16693479447728637,synth_only,0.15,0.015,0.03,0.105,prop_127,1000,2000,0.1506222588291191,0.17437774117088092,True,0.023755482341761835,0.023755482341761835,0.1506222588291191,0.17437774117088092,0.0,0.0,0.023755482341761835,0.0,0.0
rep0423,0.83,0.8258695745189623,synth_only,0.15,0.015,0.03,0.105,prop_127,1000,2000,0.8607254280321631,0.882274571967837,False,0.021549143935673865,0.021549143935673865,0.8607254280321631,0.882274571967837,0.0,0.0,0.021549143935673865,0.0,0.0
rep0424,0.64,0.6414983808673556,synth_only,0.15,0.015,0.03,0.105,prop_127,1000,2000,0.7167225846066534,0.7452774153933466,False,0.028554830786693186,0.028554830786693186,0.7167225846066534,0.7452774153933466,0.0,0.0,0.028554830786693186,0.0,0.0
rep0425,0.26,0.2582053856343371,synth_only,0.15,0.015,0.03,0.105,prop_127,1000,2000,0.2498076067149187,0.27819239328508133,True,0.028384786570162635,0.028384786570162635,0.2498076067149187,0.27819239328508133,0.0,0.0,0.028384786570162635,0.0,0.0
rep0426,0.38,0.38380573094991494,synth_only,0.15,0.015,0.03,0.105,prop_127,1000,2000,0.6563781313219279,0.6866218686780721,False,0.030243737356144162,0.030243737356144162,0.6563781313219279,0.6866218686780721,0.0,0.0,0.030243737356144162,0.0,0.0
rep0427,0.65,0.6523685889158428,synth_only,0.15,0.015,0.03,0.105,prop_127,1000,2000,0.5953032344157979,0.6266967655842021,False,0.031393531168404154,0.031393531168404154,0.5953032344157979,0.6266967655842021,0.0,0.0,0.031393531168404154,0.0,0.0
rep0428,0.34,0.34449647918286297,synth_only,0.15,0.015,0.03,0.105,prop_127,1000,2000,0.3460314584437585,0.3769685415562415,False,0.030937083112483,0.030937083112483,0.3460314584437585,0.3769685415562415,0.0,0.0,0.030937083112483,0.0,0.0
rep0429,0.22,0.21723207027850108,synth_only,0.15,0.015,0.03,0.105,prop_127,1000,2000,0.34553610839546245,0.3764638916045375,False,0.030927783209075077,0.030927783209075077,0.34553610839546245,0.3764638916045375,0.0,0.0,0.030927783209075077,0.0,0.0
rep0430,0.68,0.6820695962174026,synth_only,0.15,0.015,0.03,0.105,prop_127,1000,2000,0.807630334787537,0.8323696652124629,False,0.02473933042492593,0.02473933042492593,0.807630334787537,0.8323696652124629,0.0,0.0,0.02473933042492593,0.0,0.0
rep0431,0.28,0.284225366311842,synth_only,0.15,0.015,0.03,0.105,prop_127,1000,2000,0.37578512462464037,0.40721487537535966,False,0.0314297507507193,0.0314297507507193,0.37578512462464037,0.40721487537535966,0.0,0.0,0.0314297507507193,0.0,0.0
rep0432,0.31,0.30768361282272644,synth_only,0.15,0.015,0.03,0.105,prop_127,1000,2000,0.44145978492433935,0.4735402150756607,False,0.03208043015132134,0.03208043015132134,0.44145978492433935,0.4735402150756607,0.0,0.0,0.03208043015132134,0.0,0.0
rep0433,0.30,0.302376705474965,synth_only,0.15,0.015,0.03,0.105,prop_127,1000,2000,0.3862137714803834,0.41778622851961666,False,0.03157245703923328,0.03157245703923328,0.3862137714803834,0.41778622851961666,0.0,0.0,0.03157245703923328,0.0,0.0
rep0434,0.57,0.567639441098303,synth_only,0.15,0.015,0.03,0.105,prop_127,1000,2000,0.6746025236623531,0.7043974763376469,False,0.029794952675293862,0.029794952675293862,0.6746025236623531,0.7043974763376469,0.0,0.0,0.029794952675293862,0.0,0.0
rep0435,0.04,0.041969512259814074,synth_only,0.15,0.015,0.03,0.105,prop_127,1000,2000,0.20568435092383217,0.23231564907616783,False,0.02663129815233567,0.02663129815233567,0.20568435092383217,0.23231564907616783,0.0,0.0,0.02663129815233567,0.0,0.0
rep0436,0.14,0.14023513953337763,synth_only,0.15,0.015,0.03,0.105,prop_127,1000,2000,0.1681169436604928,0.1928830563395072,False,0.024766112679014407,0.024766112679014407,0.1681169436604928,0.1928830563395072,0.0,0.0,0.024766112679014407,0.0,0.0
rep0437,0.25,0.2515345925402716,synth_only,0.15,0.015,0.03,0.105,prop_127,1000,2000,0.4075910641756962,0.4394089358243038,False,0.03181787164860761,0.03181787164860761,0.4075910641756962,0.4394089358243038,0.0,0.0,0.03181787164860761,0.0,0.0
rep0438,0.43,0.4292060522489633,synth_only,0.15,0.015,0.03,0.105,prop_127,1000,2000,0.4644137713039803,0.49658622869601965,False,0.03217245739203933,0.03217245739203933,0.4644137713039803,0.49658622869601965,0.0,0.0,0.03217245739203933,0.0,0.0
rep0439,0.49,0.491701673642238,synth_only,0.15,0.015,0.03,0.105,prop_127,1000,2000,0.3981414401576598,0.42985855984234017,False,0.031717119684680384,0.031717119684680384,0.3981414401576598,0.42985855984234017,0.0,0.0,0.031717119684680384,0.0,0.0
rep0440,0.50,0.4993100840412795,synth_only,0.15,0.015,0.03,0.105,prop_127,1000,2000,0.38770419512378185,0.4192958048762182,False,0.031591609752436356,0.031591609752436356,0.38770419512378185,0.4192958048762182,0.0,0.0,0.031591609752436356,0.0,0.0
rep0441,0.04,0.037745194308399226,synth_only,0.15,0.015,0.03,0.105,prop_127,1000,2000,0.07031523387818185,0.08768476612181815,False,0.0173695322436363,0.0173695322436363,0.07031523387818185,0.08768476612181815,0.0,0.0,0.0173695322436363,0.0,0.0
rep0442,0.31,0.31051142046596214,synth_only,0.15,0.015,0.03,0.105,prop_127,1000,2000,0.4016221764424553,0.4333778235575447,False,0.03175564711508938,0.03175564711508938,0.4016221764424553,0.4333778235575447,0.0,0.0,0.03175564711508938,0.0,0.0
rep0443,0.35,0.35370322252362474,synth_only,0.15,0.015,0.03,0.105,prop_127,1000,2000,0.2822880359855806,0.31171196401441936,False,0.029423928028838753,0.029423928028838753,0.2822880359855806,0.31171196401441936,0.0,0.0,0.029423928028838753,0.0,0.0
rep0444,0.53,0.5336519488191548,synth_only,0.15,0.015,0.03,0.105,prop_127,1000,2000,0.6361583041699922,0.6668416958300077,False,0.030683391660015547,0.030683391660015547,0.6361583041699922,0.6668416958300077,0.0,0.0,0.030683391660015547,0.0,0.0
rep0445,0.46,0.4581531175440305,synth_only,0.15,0.015,0.03,0.105,prop_127,1000,2000,0.37975704829017437,0.41124295170982567,False,0.031485903419651295,0.031485903419651295,0.37975704829017437,0.41124295170982567,0.0,0.0,0.031485903419651295,0.0,0.0
rep0446,0.25,0.2468451336990828,synth_only,0.15,0.015,0.03,0.105,prop_127,1000,2000,0.1525636664838129,0.17643633351618712,False,0.02387266703237423,0.02387266703237423,0.1525636664838129,0.17643633351618712,0.0,0.0,0.02387266703237423,0.0,0.0
rep0447,0.41,0.4140230549574396,synth_only,0.15,0.015,0.03,0.105,prop_127,1000,2000,0.5912744665223973,0.6227255334776026,False,0.031451066955205276,0.031451066955205276,0.5912744665223973,0.6227255334776026,0.0,0.0,0.031451066955205276,0.0,0.0
rep0448,0.83,0.8287472972503965,synth_only,0.15,0.015,0.03,0.105,prop_127,1000,2000,0.9569224467547683,0.9690775532452316,False,0.012155106490463252,0.012155106490463252,0.9569224467547683,0.9690775532452316,0.0,0.0,0.012155106490463252,0.0,0.0
rep0449,0.56,0.5645067429946748,synth_only,0.15,0.015,0.03,0.105,prop_127,1000,2000,0.6321179501734905,0.6628820498265094,False,0.03076409965301896,0.03076409965301896,0.6321179501734905,0.6628820498265094,0.0,0.0,0.03076409965301896,0.0,0.0
rep0450,0.94,0.9431920023976119,synth_only,0.15,0.015,0.03,0.105,prop_127,1000,2000,0.8653884783995529,0.8866115216004471,False,0.021223043200894187,0.021223043200894187,0.8653884783995529,0.8866115216004471,0.0,0.0,0.021223043200894187,0.0,0.0
rep0451,0.43,0.43180080703757445,synth_only,0.15,0.015,0.03,0.105,prop_127,1000,2000,0.4679097682848705,0.5000902317151295,False,0.03218046343025893,0.03218046343025893,0.4679097682848705,0.5000902317151295,0.0,0.0,0.03218046343025893,0.0,0.0
rep0452,0.56,0.5627620654820352,synth_only,0.15,0.015,0.03,0.105,prop_127,1000,2000,0.5761763852186577,0.6078236147813423,False,0.03164722956268462,0.03164722956268462,0.5761763852186577,0.6078236147813423,0.0,0.0,0.03164722956268462,0.0,0.0
rep0453,0.14,0.14300716904163316,synth_only,0.15,0.015,0.03,0.105,prop_127,1000,2000,0.09512991406389283,0.11487008593610716,False,0.01974017187221433,0.01974017187221433,0.09512991406389283,0.11487008593610716,0.0,0.0,0.01974017187221433,0.0,0.0
rep0454,0.51,0.5104109404691677,synth_only,0.15,0.015,0.03,0.105,prop_127,1000,2000,0.4814017249861028,0.5135982750138972,True,0.032196550027794424,0.032196550027794424,0.4814017249861028,0.5135982750138972,0.0,0.0,0.032196550027794424,0.0,0.0
rep0455,0.77,0.7735376398629162,synth_only,0.15,0.015,0.03,0.105,prop_127,1000,2000,0.8374719172418473,0.8605280827581526,False,0.023056165516305294,0.023056165516305294,0.8374719172418473,0.8605280827581526,0.0,0.0,0.023056165516305294,0.0,0.0
rep0456,0.87,0.8687078336632835,synth_only,0.15,0.015,0.03,0.105,prop_127,1000,2000,0.9202041910521122,0.9367958089478878,False,0.01659161789577568,0.01659161789577568,0.9202041910521122,0.9367958089478878,0.0,0.0,0.01659161789577568,0.0,0.0
rep0457,0.18,0.1788003322874369,synth_only,0.15,0.015,0.03,0.105,prop_127,1000,2000,0.1959088996615688,0.22209110033843119,False,0.02618220067686239,0.02618220067686239,0.1959088996615688,0.22209110033843119,0.0,0.0,0.02618220067686239,0.0,0.0
rep0458,0.41,0.41178511078346147,synth_only,0.15,0.015,0.03,0.105,prop_127,1000,2000,0.5636063191869561,0.5953936808130439,False,0.03178736162608775,0.03178736162608775,0.5636063191869561,0.5953936808130439,0.0,0.0,0.03178736162608775,0.0,0.0
rep0459,0.20,0.20251553907939746,synth_only,0.15,0.015,0.03,0.105,prop_127,1000,2000,0.31584898170719655,0.3461510182928035,False,0.03030203658560693,0.03030203658560693,0.31584898170719655,0.3461510182928035,0.0,0.0,0.03030203658560693,0.0,0.0
rep0460,0.40,0.40292299108370144,synth_only,0.15,0.015,0.03,0.105,prop_127,1000,2000,0.460419314351195,0.492580685648805,False,0.032161371297609986,0.032161371297609986,0.460419314351195,0.492580685648805,0.0,0.0,0.032161371297609986,0.0,0.0
rep0461,0.43,0.42646524714843287,synth_only,0.15,0.015,0.03,0.105,prop_127,1000,2000,0.4464468645687715,0.47855313543122857,False,0.0321062708624571,0.0321062708624571,0.4464468645687715,0.47855313543122857,0.0,0.0,0.0321062708624571,0.0,0.0
rep0462,0.24,0.2370260445746453,synth_only,0.15,0.015,0.03,0.105,prop_127,1000,2000,0.256197529864239,0.28480247013576104,False,0.02860494027152205,0.02860494027152205,0.256197529864239,0.28480247013576104,0.0,0.0,0.02860494027152205,0.0,0.0
rep0463,0.45,0.45355346086975507,synth_only,0.15,0.015,0.03,0.105,prop_127,1000,2000,0.3981414401576598,0.42985855984234017,False,0.031717119684680384,0.031717119684680384,0.3981414401576598,0.42985855984234017,0.0,0.0,0.031717119684680384,0.0,0.0
rep0464,0.20,0.19807628410058195,synth_only,0.15,0.015,0.03,0.105,prop_127,1000,2000,0.35792526709694544,0.38907473290305455,False,0.03114946580610911,0.03114946580610911,0.35792526709694544,0.38907473290305455,0.0,0.0,0.03114946580610911,0.0,0.0
rep0465,0.37,0.3748762907363597,synth_only,0.15,0.015,0.03,0.105,prop_127,1000,2000,0.47340507385934655,0.5055949261406534,False,0.03218985228130683,0.03218985228130683,0.47340507385934655,0.5055949261406534,0.0,0.0,0.03218985228130683,0.0,0.0
rep0466,0.30,0.2980440564126031,synth_only,0.15,0.015,0.03,0.105,prop_127,1000,2000,0.3882010371021236,0.41979896289787644,False,0.031597925795752824,0.031597925795752824,0.3882010371021236,0.41979896289787644,0.0,0.0,0.031597925795752824,0.0,0.0
rep0467,0.65,0.6504546908666262,synth_only,0.15,0.015,0.03,0.105,prop_127,1000,2000,0.7386050937615898,0.7663949062384101,False,0.02778981247682033,0.02778981247682033,0.7386050937615898,0.7663949062384101,0.0,0.0,0.02778981247682033,0.0,0.0
rep0468,0.21,0.21265349235947165,synth_only,0.15,0.015,0.03,0.105,prop_127,1000,2000,0.32227544537831354,0.3527245546216865,False,0.030449109243372963,0.030449109243372963,0.32227544537831354,0.3527245546216865,0.0,0.0,0.030449109243372963,0.0,0.0
rep0469,0.21,0.21258697800944226,synth_only,0.15,0.015,0.03,0.105,prop_127,1000,2000,0.1905374673402773,0.21646253265972268,True,0.025925065319445384,0.025925065319445384,0.1905374673402773,0.21646253265972268,0.0,0.0,0.025925065319445384,0.0,0.0
rep0470,0.54,0.5398146548536492,synth_only,0.15,0.015,0.03,0.105,prop_127,1000,2000,0.5751703919645961,0.6068296080354039,False,0.031659216070807794,0.031659216070807794,0.5751703919645961,0.6068296080354039,0.0,0.0,0.031659216070807794,0.0,0.0
rep0471,0.48,0.4781086076909956,synth_only,0.15,0.015,0.03,0.105,prop_127,1000,2000,0.36933311377919714,0.4006668862208029,False,0.031333772441605734,0.031333772441605734,0.36933311377919714,0.4006668862208029,0.0,0.0,0.031333772441605734,0.0,0.0
rep0472,0.49,0.4931837617701383,synth_only,0.15,0.015,0.03,0.105,prop_127,1000,2000,0.47890232869782845,0.5110976713021715,True,0.03219534260434309,0.03219534260434309,0.47890232869782845,0.5110976713021715,0.0,0.0,0.03219534260434309,0.0,0.0
rep0473,0.55,0.5502374412026185,synth_only,0.15,0.015,0.03,0.105,prop_127,1000,2000,0.48690181352907247,0.5190981864709275,False,0.03219637294185507,0.03219637294185507,0.48690181352907247,0.5190981864709275,0.0,0.0,0.03219637294185507,0.0,0.0
rep0474,0.50,0.5022598212886866,synth_only,0.15,0.015,0.03,0.105,prop_127,1000,2000,0.6670058961628715,0.6969941038371286,False,0.029988207674257028,0.029988207674257028,0.6670058961628715,0.6969941038371286,0.0,0.0,0.029988207674257028,0.0,0.0
rep0475,0.41,0.40841533643567224,synth_only,0.15,0.015,0.03,0.105,prop_127,1000,2000,0.4190381355223252,0.4509618644776748,False,0.03192372895534956,0.03192372895534956,0.4190381355223252,0.4509618644776748,0.0,0.0,0.03192372895534956,0.0,0.0
rep0476,0.87,0.8664063007034848,synth_only,0.15,0.015,0.03,0.105,prop_127,1000,2000,0.7692172936797449,0.795782706320255,False,0.026565412640510155,0.026565412640510155,0.7692172936797449,0.795782706320255,0.0,0.0,0.026565412640510155,0.0,0.0
rep0477,0.84,0.842413403448983,synth_only,0.15,0.015,0.03,0.105,prop_127,1000,2000,0.8581367367779341,0.8798632632220659,False,0.021726526444131755,0.021726526444131755,0.8581367367779341,0.8798632632220659,0.0,0.0,0.021726526444131755,0.0,0.0
rep0478,0.60,0.5960768894900287,synth_only,0.15,0.015,0.03,0.105,prop_127,1000,2000,0.5731586085742303,0.6048413914257696,True,0.03168278285153936,0.03168278285153936,0.5731586085742303,0.6048413914257696,0.0,0.0,0.03168278285153936,0.0,0.0
rep0479,0.21,0.2117708448822024,synth_only,0.15,0.015,0.03,0.105,prop_127,1000,2000,0.20470628419558626,0.23129371580441374,True,0.026587431608827483,0.026587431608827483,0.20470628419558626,0.23129371580441374,0.0,0.0,0.026587431608827483,0.0,0.0
rep0480,0.52,0.518975354700866,synth_only,0.15,0.015,0.03,0.105,prop_127,1000,2000,0.26013172440377946,0.2888682755962206,False,0.028736551192441118,0.028736551192441118,0.26013172440377946,0.2888682755962206,0.0,0.0,0.028736551192441118,0.0,0.0
rep0481,0.30,0.29832708580489603,synth_only,0.15,0.015,0.03,0.105,prop_127,1000,2000,0.3529682571948842,0.38403174280511576,False,0.031063485610231534,0.031063485610231534,0.3529682571948842,0.38403174280511576,0.0,0.0,0.031063485610231534,0.0,0.0
rep0482,0.69,0.6895096020922585,synth_only,0.15,0.015,0.03,0.105,prop_127,1000,2000,0.6908240600733002,0.7201759399266998,False,0.0293518798533996,0.0293518798533996,0.6908240600733002,0.7201759399266998,0.0,0.0,0.0293518798533996,0.0,0.0
rep0483,0.57,0.5687260783204688,synth_only,0.15,0.015,0.03,0.105,prop_127,1000,2000,0.6938679905277891,0.7231320094722109,False,0.029264018944421766,0.029264018944421766,0.6938679905277891,0.7231320094722109,0.0,0.0,0.029264018944421766,0.0,0.0
rep0484,0.50,0.4958900010470314,synth_only,0.15,0.015,0.03,0.105,prop_127,1000,2000,0.5354871458177771,0.5675128541822229,False,0.03202570836444574,0.03202570836444574,0.5354871458177771,0.5675128541822229,0.0,0.0,0.03202570836444574,0.0,0.0
rep0485,0.21,0.2077513364690137,synth_only,0.15,0.015,0.03,0.105,prop_127,1000,2000,0.1201367367779341,0.1418632632220659,False,0.02172652644413181,0.02172652644413181,0.1201367367779341,0.1418632632220659,0.0,0.0,0.02172652644413181,0.0,0.0
rep0486,0.54,0.5439935944688932,synth_only,0.15,0.015,0.03,0.105,prop_127,1000,2000,0.6498033453892451,0.680196654610755,False,0.030393309221509845,0.030393309221509845,0.6498033453892451,0.680196654610755,0.0,0.0,0.030393309221509845,0.0,0.0
rep0487,0.79,0.7934340143658382,synth_only,0.15,0.015,0.03,0.105,prop_127,1000,2000,0.774328976786018,0.800671023213982,True,0.026342046427964005,0.026342046427964005,0.774328976786018,0.800671023213982,0.0,0.0,0.026342046427964005,0.0,0.0
rep0488,0.34,0.3421267850596136,synth_only,0.15,0.015,0.03,0.105,prop_127,1000,2000,0.22821022904882945,0.2557897709511705,False,0.027579541902341048,0.027579541902341048,0.22821022904882945,0.2557897709511705,0.0,0.0,0.027579541902341048,0.0,0.0
rep0489,0.54,0.5385172305758641,synth_only,0.15,0.015,0.03,0.105,prop_127,1000,2000,0.6376737433171775,0.6683262566828225,False,0.030652513365645007,0.030652513365645007,0.6376737433171775,0.6683262566828225,0.0,0.0,0.030652513365645007,0.0,0.0
rep0490,0.61,0.6067307120236206,synth_only,0.15,0.015,0.03,0.105,prop_127,1000,2000,0.6822037224221408,0.7117962775778591,False,0.029592555155718347,0.029592555155718347,0.6822037224221408,0.7117962775778591,0.0,0.0,0.029592555155718347,0.0,0.0
rep0491,0.18,0.18473671585054022,synth_only,0.15,0.015,0.03,0.105,prop_127,1000,2000,0.07935539947035408,0.09764460052964591,False,0.018289201059291826,0.018289201059291826,0.07935539947035408,0.09764460052964591,0.0,0.0,0.018289201059291826,0.0,0.0
rep0492,0.93,0.9279487323921178,synth_only,0.15,0.015,0.03,0.105,prop_127,1000,2000,0.8168775587720164,0.8411224412279835,False,0.02424488245596712,0.02424488245596712,0.8168775587720164,0.8411224412279835,0.0,0.0,0.02424488245596712,0.0,0.0
rep0493,0.08,0.07615839584433524,synth_only,0.15,0.015,0.03,0.105,prop_127,1000,2000,0.050474173273765306,0.0655258267262347,False,0.0150516534524694,0.0150516534524694,0.050474173273765306,0.0655258267262347,0.0,0.0,0.0150516534524694,0.0,0.0
rep0494,0.28,0.27554641305052574,synth_only,0.15,0.015,0.03,0.105,prop_127,1000,2000,0.37181430859068454,0.4031856914093155,False,0.031371382818630944,0.031371382818630944,0.37181430859068454,0.4031856914093155,0.0,0.0,0.031371382818630944,0.0,0.0
rep0495,0.64,0.643907691720275,synth_only,0.15,0.015,0.03,0.105,prop_127,1000,2000,0.6882880359855805,0.7177119640144194,False,0.029423928028838864,0.029423928028838864,0.6882880359855805,0.7177119640144194,0.0,0.0,0.029423928028838864,0.0,0.0
rep0496,0.72,0.7224562595011754,synth_only,0.15,0.015,0.03,0.105,prop_127,1000,2000,0.8446959805744318,0.8673040194255681,False,0.02260803885113627,0.02260803885113627,0.8446959805744318,0.8673040194255681,0.0,0.0,0.02260803885113627,0.0,0.0
rep0497,0.48,0.4821267248525993,synth_only,0.15,0.015,0.03,0.105,prop_127,1000,2000,0.6589077665245339,0.6890922334754662,False,0.030184466950932354,0.030184466950932354,0.6589077665245339,0.6890922334754662,0.0,0.0,0.030184466950932354,0.0,0.0
rep0498,0.35,0.35439100144032015,synth_only,0.15,0.015,0.03,0.105,prop_127,1000,2000,0.5460257682853815,0.5779742317146186,False,0.03194846342923707,0.03194846342923707,0.5460257682853815,0.5779742317146186,0.0,0.0,0.03194846342923707,0.0,0.0
rep0499,0.45,0.4507297648925736,synth_only,0.15,0.015,0.03,0.105,prop_127,1000,2000,0.6533432098074282,0.6836567901925718,False,0.030313580385143535,0.030313580385143535,0.6533432098074282,0.6836567901925718,0.0,0.0,0.030313580385143535,0.0,0.0
rep0500,0.54,0.5425140017223532,synth_only,0.15,0.015,0.03,0.105,prop_127,1000,2000,0.574667420741559,0.6063325792584411,False,0.03166515851688212,0.03166515851688212,0.574667420741559,0.6063325792584411,0.0,0.0,0.03166515851688212,0.0,0.0
rep0501,0.65,0.651013799572821,synth_only,0.15,0.015,0.03,0.105,prop_127,1000,2000,0.7004658306012127,0.7295341693987872,False,0.029068338797574533,0.029068338797574533,0.7004658306012127,0.7295341693987872,0.0,0.0,0.029068338797574533,0.0,0.0
rep0502,0.76,0.7577751337859409,synth_only,0.15,0.015,0.03,0.105,prop_127,1000,2000,0.9885442303265886,0.9944557696734115,False,0.0059115393468229804,0.0059115393468229804,0.9885442303265886,0.9944557696734115,0.0,0.0,0.0059115393468229804,0.0,0.0
rep0503,0.78,0.7811027924399915,synth_only,0.15,0.015,0.03,0.105,prop_127,1000,2000,0.8726512463342612,0.8933487536657388,False,0.020697507331477683,0.020697507331477683,0.8726512463342612,0.8933487536657388,0.0,0.0,0.020697507331477683,0.0,0.0
rep0504,0.54,0.5374088733396306,synth_only,0.15,0.015,0.03,0.105,prop_127,1000,2000,0.5420102011309641,0.573989798869036,False,0.03197959773807191,0.03197959773807191,0.5420102011309641,0.573989798869036,0.0,0.0,0.03197959773807191,0.0,0.0
rep0505,0.49,0.48659234227195847,synth_only,0.15,0.015,0.03,0.105,prop_127,1000,2000,0.6205084805570771,0.6514915194429229,False,0.03098303888584586,0.03098303888584586,0.6205084805570771,0.6514915194429229,0.0,0.0,0.03098303888584586,0.0,0.0
rep0506,0.83,0.8264610168743529,synth_only,0.15,0.015,0.03,0.105,prop_127,1000,2000,0.9013089260687814,0.9196910739312185,False,0.01838214786243708,0.01838214786243708,0.9013089260687814,0.9196910739312185,0.0,0.0,0.01838214786243708,0.0,0.0
rep0507,0.49,0.48658506137891744,synth_only,0.15,0.015,0.03,0.105,prop_127,1000,2000,0.64879212811889,0.6792078718811101,False,0.030415743762220115,0.030415743762220115,0.64879212811889,0.6792078718811101,0.0,0.0,0.030415743762220115,0.0,0.0
rep0508,0.49,0.4897346689641244,synth_only,0.15,0.015,0.03,0.105,prop_127,1000,2000,0.8071169436604928,0.8318830563395072,False,0.024766112679014407,0.024766112679014407,0.8071169436604928,0.8318830563395072,0.0,0.0,0.024766112679014407,0.0,0.0
rep0509,0.72,0.7239383825384896,synth_only,0.15,0.015,0.03,0.105,prop_127,1000,2000,0.8976489606493075,0.9163510393506925,False,0.01870207870138496,0.01870207870138496,0.8976489606493075,0.9163510393506925,0.0,0.0,0.01870207870138496,0.0,0.0
rep0510,0.39,0.38937928757928125,synth_only,0.15,0.015,0.03,0.105,prop_127,1000,2000,0.2813023821265006,0.31069761787349937,False,0.02939523574699876,0.02939523574699876,0.2813023821265006,0.31069761787349937,0.0,0.0,0.02939523574699876,0.0,0.0
rep0511,0.63,0.628448931105837,synth_only,0.15,0.015,0.03,0.105,prop_127,1000,2000,0.6928532616260555,0.7221467383739445,False,0.029293476747888958,0.029293476747888958,0.6928532616260555,0.7221467383739445,0.0,0.0,0.029293476747888958,0.0,0.0
rep0512,0.71,0.7070833695113737,synth_only,0.15,0.015,0.03,0.105,prop_127,1000,2000,0.7386050937615898,0.7663949062384101,False,0.02778981247682033,0.02778981247682033,0.7386050937615898,0.7663949062384101,0.0,0.0,0.02778981247682033,0.0,0.0
rep0513,0.73,0.7319998696238893,synth_only,0.15,0.015,0.03,0.105,prop_127,1000,2000,0.8019849592491981,0.8270150407508019,False,0.025030081501603796,0.025030081501603796,0.8019849592491981,0.8270150407508019,0.0,0.0,0.025030081501603796,0.0,0.0
rep0514,0.43,0.42705520959545085,synth_only,0.15,0.015,0.03,0.105,prop_127,1000,2000,0.39515860857423035,0.4268413914257696,False,0.03168278285153925,0.03168278285153925,0.39515860857423035,0.4268413914257696,0.0,0.0,0.03168278285153925,0.0,0.0
rep0515,0.18,0.1831288089956043,synth_only,0.15,0.015,0.03,0.105,prop_127,1000,2000,0.15110755099119383,0.17489244900880618,False,0.023784898017612355,0.023784898017612355,0.15110755099119383,0.17489244900880618,0.0,0.0,0.023784898017612355,0.0,0.0
rep0516,0.61,0.6119712700664859,synth_only,0.15,0.015,0.03,0.105,prop_127,1000,2000,0.6710568674542817,0.7009431325457184,False,0.02988626509143666,0.02988626509143666,0.6710568674542817,0.7009431325457184,0.0,0.0,0.02988626509143666,0.0,0.0
rep0517,0.18,0.18373222846712717,synth_only,0.15,0.015,0.03,0.105,prop_127,1000,2000,0.21987883390130408,0.24712116609869594,False,0.02724233219739186,0.02724233219739186,0.21987883390130408,0.24712116609869594,0.0,0.0,0.02724233219739186,0.0,0.0
rep0518,0.47,0.4655653780823635,synth_only,0.15,0.015,0.03,0.105,prop_127,1000,2000,0.7075753340807474,0.7364246659192526,False,0.028849331838505243,0.028849331838505243,0.7075753340807474,0.7364246659192526,0.0,0.0,0.028849331838505243,0.0,0.0
rep0519,0.35,0.3538173002835155,synth_only,0.15,0.015,0.03,0.105,prop_127,1000,2000,0.3976442594070896,0.4293557405929104,False,0.03171148118582079,0.03171148118582079,0.3976442594070896,0.4293557405929104,0.0,0.0,0.03171148118582079,0.0,0.0
rep0520,0.34,0.34223023574669453,synth_only,0.15,0.015,0.03,0.105,prop_127,1000,2000,0.5882536163310804,0.6197463836689195,False,0.03149276733783912,0.03149276733783912,0.5882536163310804,0.6197463836689195,0.0,0.0,0.03149276733783912,0.0,0.0
rep0521,0.29,0.29433630526202653,synth_only,0.15,0.015,0.03,0.105,prop_127,1000,2000,0.3673484722421202,0.3986515277578798,False,0.031303055515759626,0.031303055515759626,0.3673484722421202,0.3986515277578798,0.0,0.0,0.031303055515759626,0.0,0.0
rep0522,0.56,0.5606917375225541,synth_only,0.15,0.015,0.03,0.105,prop_127,1000,2000,0.650308982720735,0.680691017279265,False,0.030382034558529947,0.030382034558529947,0.650308982720735,0.680691017279265,0.0,0.0,0.030382034558529947,0.0,0.0
rep0523,0.38,0.37802882591253495,synth_only,0.15,0.015,0.03,0.105,prop_127,1000,2000,0.5530555502900296,0.5849444497099703,False,0.031888899419940664,0.031888899419940664,0.5530555502900296,0.5849444497099703,0.0,0.0,0.031888899419940664,0.0,0.0
rep0524,0.28,0.2841266123127458,synth_only,0.15,0.015,0.03,0.105,prop_127,1000,2000,0.18809713405588188,0.21390286594411814,False,0.02580573188823626,0.02580573188823626,0.18809713405588188,0.21390286594411814,0.0,0.0,0.02580573188823626,0.0,0.0
rep0525,0.51,0.5117009948119199,synth_only,0.15,0.015,0.03,0.105,prop_127,1000,2000,0.7009735089389935,0.7300264910610066,False,0.029052982122013127,0.029052982122013127,0.7009735089389935,0.7300264910610066,0.0,0.0,0.029052982122013127,0.0,0.0
rep0526,0.39,0.3914095804768173,synth_only,0.15,0.015,0.03,0.105,prop_127,1000,2000,0.48740191817139167,0.5195980818286082,False,0.03219616365721656,0.03219616365721656,0.48740191817139167,0.5195980818286082,0.0,0.0,0.03219616365721656,0.0,0.0
rep0527,0.66,0.6638612758122979,synth_only,0.15,0.015,0.03,0.105,prop_127,1000,2000,0.608404439633351,0.639595560366649,False,0.031191120733297995,0.031191120733297995,0.608404439633351,0.639595560366649,0.0,0.0,0.031191120733297995,0.0,0.0
rep0528,0.39,0.3886195180612263,synth_only,0.15,0.015,0.03,0.105,prop_127,1000,2000,0.47890232869782845,0.5110976713021715,False,0.03219534260434309,0.03219534260434309,0.47890232869782845,0.5110976713021715,0.0,0.0,0.03219534260434309,0.0,0.0
rep0529,0.33,0.3333618896671625,synth_only,0.15,0.015,0.03,0.105,prop_127,1000,2000,0.38224006041021324,0.4137599395897868,False,0.03151987917957355,0.03151987917957355,0.38224006041021324,0.4137599395897868,0.0,0.0,0.03151987917957355,0.0,0.0
rep0530,0.60,0.5993463540570101,synth_only,0.15,0.015,0.03,0.105,prop_127,1000,2000,0.5827169977309404,0.6142830022690596,True,0.0315660045381192,0.0315660045381192,0.5827169977309404,0.6142830022690596,0.0,0.0,0.0315660045381192,0.0,0.0
rep0531,0.10,0.10416798771099253,synth_only,0.15,0.015,0.03,0.105,prop_127,1000,2000,0.041117378930216955,0.05488262106978305,False,0.013765242139566092,0.013765242139566092,0.041117378930216955,0.05488262106978305,0.0,0.0,0.013765242139566092,0.0,0.0
rep0532,0.29,0.28644741092525783,synth_only,0.15,0.015,0.03,0.105,prop_127,1000,2000,0.373303234415798,0.40469676558420203,False,0.03139353116840404,0.03139353116840404,0.373303234415798,0.40469676558420203,0.0,0.0,0.03139353116840404,0.0,0.0
rep0533,0.22,0.21806200614285395,synth_only,0.15,0.015,0.03,0.105,prop_127,1000,2000,0.2003064073878405,0.2266935926121595,True,0.026387185224318987,0.026387185224318987,0.2003064073878405,0.2266935926121595,0.0,0.0,0.026387185224318987,0.0,0.0
rep0534,0.84,0.8363459811373498,synth_only,0.15,0.015,0.03,0.105,prop_127,1000,2000,0.9049731320321953,0.9230268679678048,False,0.01805373593560944,0.01805373593560944,0.9049731320321953,0.9230268679678048,0.0,0.0,0.01805373593560944,0.0,0.0
rep0535,0.67,0.6725433957921486,synth_only,0.15,0.015,0.03,0.105,prop_127,1000,2000,0.7167225846066534,0.7452774153933466,False,0.028554830786693186,0.028554830786693186,0.7167225846066534,0.7452774153933466,0.0,0.0,0.028554830786693186,0.0,0.0
rep0536,0.39,0.3909753595459846,synth_only,0.15,0.015,0.03,0.105,prop_127,1000,2000,0.2891899618111659,0.3188100381888341,False,0.02962007637766817,0.02962007637766817,0.2891899618111659,0.3188100381888341,0.0,0.0,0.02962007637766817,0.0,0.0
rep0537,0.44,0.4372363842485678,synth_only,0.15,0.015,0.03,0.105,prop_127,1000,2000,0.45742414996420977,0.4895758500357902,False,0.032151700071580414,0.032151700071580414,0.45742414996420977,0.4895758500357902,0.0,0.0,0.032151700071580414,0.0,0.0
rep0538,0.58,0.5785409651444965,synth_only,0.15,0.015,0.03,0.105,prop_127,1000,2000,0.49640655531402306,0.5285934446859769,False,0.03218688937195385,0.03218688937195385,0.49640655531402306,0.5285934446859769,0.0,0.0,0.03218688937195385,0.0,0.0
rep0539,0.63,0.6263676809494493,synth_only,0.15,0.015,0.03,0.105,prop_127,1000,2000,0.6270691675434404,0.6579308324565595,False,0.030861664913119036,0.030861664913119036,0.6270691675434404,0.6579308324565595,0.0,0.0,0.030861664913119036,0.0,0.0
rep0540,0.45,0.45180813368573075,synth_only,0.15,0.015,0.03,0.105,prop_127,1000,2000,0.2906694758949267,0.3203305241050733,False,0.02966104821014659,0.02966104821014659,0.2906694758949267,0.3203305241050733,0.0,0.0,0.02966104821014659,0.0,0.0
rep0541,0.10,0.10309817248260121,synth_only,0.15,0.015,0.03,0.105,prop_127,1000,2000,0.0855593725638678,0.10444062743613221,True,0.018881254872264414,0.018881254872264414,0.0855593725638678,0.10444062743613221,0.0,0.0,0.018881254872264414,0.0,0.0
rep0542,0.15,0.15403159536418579,synth_only,0.15,0.015,0.03,0.105,prop_127,1000,2000,0.17152418983921802,0.19647581016078197,False,0.02495162032156395,0.02495162032156395,0.17152418983921802,0.19647581016078197,0.0,0.0,0.02495162032156395,0.0,0.0
rep0543,0.72,0.7156358023600347,synth_only,0.15,0.015,0.03,0.105,prop_127,1000,2000,0.83437855024977,0.8576214497502299,False,0.02324289950045988,0.02324289950045988,0.83437855024977,0.8576214497502299,0.0,0.0,0.02324289950045988,0.0,0.0
rep0544,0.77,0.7695851389465319,synth_only,0.15,0.015,0.03,0.105,prop_127,1000,2000,0.7330029882147722,0.7609970117852278,False,0.02799402357045566,0.02799402357045566,0.7330029882147722,0.7609970117852278,0.0,0.0,0.02799402357045566,0.0,0.0
rep0545,0.69,0.6909403648857109,synth_only,0.15,0.015,0.03,0.105,prop_127,1000,2000,0.6877808945692396,0.7172191054307604,True,0.029438210861520764,0.029438210861520764,0.6877808945692396,0.7172191054307604,0.0,0.0,0.029438210861520764,0.0,0.0
rep0546,0.98,0.9808696653114115,synth_only,0.15,0.015,0.03,0.105,prop_127,1000,2000,0.9028787675842118,0.9211212324157882,False,0.018242464831576433,0.018242464831576433,0.9028787675842118,0.9211212324157882,0.0,0.0,0.018242464831576433,0.0,0.0
rep0547,0.61,0.612845008460995,synth_only,0.15,0.015,0.03,0.105,prop_127,1000,2000,0.7207904156864259,0.7492095843135741,False,0.028419168627148217,0.028419168627148217,0.7207904156864259,0.7492095843135741,0.0,0.0,0.028419168627148217,0.0,0.0
rep0548,0.46,0.45996588488369566,synth_only,0.15,0.015,0.03,0.105,prop_127,1000,2000,0.518439891898766,0.5505601081012339,False,0.032120216202467855,0.032120216202467855,0.518439891898766,0.5505601081012339,0.0,0.0,0.032120216202467855,0.0,0.0
rep0549,0.64,0.6372865053482185,synth_only,0.15,0.015,0.03,0.105,prop_127,1000,2000,0.6401998486146137,0.6708001513853863,False,0.030600302770772636,0.030600302770772636,0.6401998486146137,0.6708001513853863,0.0,0.0,0.030600302770772636,0.0,0.0
rep0550,0.28,0.2848782961167063,synth_only,0.15,0.015,0.03,0.105,prop_127,1000,2000,0.46341506021426704,0.4955849397857329,False,0.03216987957146589,0.03216987957146589,0.46341506021426704,0.4955849397857329,0.0,0.0,0.03216987957146589,0.0,0.0
rep0551,0.55,0.5499569164623319,synth_only,0.15,0.015,0.03,0.105,prop_127,1000,2000,0.5039144076905266,0.5360855923094734,False,0.032171184618946747,0.032171184618946747,0.5039144076905266,0.5360855923094734,0.0,0.0,0.032171184618946747,0.0,0.0
rep0552,0.82,0.8221159763041617,synth_only,0.15,0.015,0.03,0.105,prop_127,1000,2000,0.8664253227976847,0.8875746772023153,False,0.021149354404630616,0.021149354404630616,0.8664253227976847,0.8875746772023153,0.0,0.0,0.021149354404630616,0.0,0.0
rep0553,0.11,0.1109605429412068,synth_only,0.15,0.015,0.03,0.105,prop_127,1000,2000,0.30399335308738945,0.33400664691261056,False,0.03001329382522111,0.03001329382522111,0.30399335308738945,0.33400664691261056,0.0,0.0,0.03001329382522111,0.0,0.0
rep0554,0.94,0.9447001580691099,synth_only,0.15,0.015,0.03,0.105,prop_127,1000,2000,0.7656408252006567,0.7923591747993434,False,0.026718349598686686,0.026718349598686686,0.7656408252006567,0.7923591747993434,0.0,0.0,0.026718349598686686,0.0,0.0
rep0555,0.32,0.32256430734712244,synth_only,0.15,0.015,0.03,0.105,prop_127,1000,2000,0.3658601749769676,0.3971398250230324,False,0.03127965004606481,0.03127965004606481,0.3658601749769676,0.3971398250230324,0.0,0.0,0.03127965004606481,0.0,0.0
rep0556,0.18,0.18087054949827816,synth_only,0.15,0.015,0.03,0.105,prop_127,1000,2000,0.22085860489674353,0.24814139510325645,False,0.02728279020651292,0.02728279020651292,0.22085860489674353,0.24814139510325645,0.0,0.0,0.02728279020651292,0.0,0.0
rep0557,0.47,0.46546789102588365,synth_only,0.15,0.015,0.03,0.105,prop_127,1000,2000,0.5736615290558155,0.6053384709441846,False,0.031676941888369115,0.031676941888369115,0.5736615290558155,0.6053384709441846,0.0,0.0,0.031676941888369115,0.0,0.0
rep0558,0.21,0.21357871319143243,synth_only,0.15,0.015,0.03,0.105,prop_127,1000,2000,0.22477874257264668,0.2522212574273533,False,0.027442514854706612,0.027442514854706612,0.22477874257264668,0.2522212574273533,0.0,0.0,0.027442514854706612,0.0,0.0
rep0559,0.49,0.49325959696581245,synth_only,0.15,0.015,0.03,0.105,prop_127,1000,2000,0.49590616078287925,0.5280938392171207,False,0.03218767843424147,0.03218767843424147,0.49590616078287925,0.5280938392171207,0.0,0.0,0.03218767843424147,0.0,0.0
rep0560,0.63,0.631758122399257,synth_only,0.15,0.015,0.03,0.105,prop_127,1000,2000,0.6225268266384824,0.6534731733615177,True,0.030946346723035312,0.030946346723035312,0.6225268266384824,0.6534731733615177,0.0,0.0,0.030946346723035312,0.0,0.0
rep0561,0.42,0.4159235320035706,synth_only,0.15,0.015,0.03,0.105,prop_127,1000,2000,0.2694812091875223,0.2985187908124777,False,0.0290375816249554,0.0290375816249554,0.2694812091875223,0.2985187908124777,0.0,0.0,0.0290375816249554,0.0,0.0
rep0562,0.35,0.34576887920309607,synth_only,0.15,0.015,0.03,0.105,prop_127,1000,2000,0.45442956757821207,0.4865704324217879,False,0.03214086484357581,0.03214086484357581,0.45442956757821207,0.4865704324217879,0.0,0.0,0.03214086484357581,0.0,0.0
rep0563,0.58,0.580960389201487,synth_only,0.15,0.015,0.03,0.105,prop_127,1000,2000,0.3852202410647422,0.41677975893525787,False,0.031559517870515696,0.031559517870515696,0.3852202410647422,0.41677975893525787,0.0,0.0,0.031559517870515696,0.0,0.0
rep0564,0.19,0.19320089773917004,synth_only,0.15,0.015,0.03,0.105,prop_127,1000,2000,0.23458630574491085,0.26241369425508915,False,0.027827388510178297,0.027827388510178297,0.23458630574491085,0.26241369425508915,0.0,0.0,0.027827388510178297,0.0,0.0
rep0565,0.69,0.6850878348782574,synth_only,0.15,0.015,0.03,0.105,prop_127,1000,2000,0.6953902447631406,0.7246097552368593,False,0.029219510473718735,0.029219510473718735,0.6953902447631406,0.7246097552368593,0.0,0.0,0.029219510473718735,0.0,0.0
rep0566,0.44,0.4395773857734668,synth_only,0.15,0.015,0.03,0.105,prop_127,1000,2000,0.39913585217056086,0.4308641478294391,False,0.03172829565887825,0.03172829565887825,0.39913585217056086,0.4308641478294391,0.0,0.0,0.03172829565887825,0.0,0.0
rep0567,0.44,0.43647146936868164,synth_only,0.15,0.015,0.03,0.105,prop_127,1000,2000,0.4714065553140231,0.5035934446859769,False,0.0321868893719538,0.0321868893719538,0.4714065553140231,0.5035934446859769,0.0,0.0,0.0321868893719538,0.0,0.0
rep0568,0.40,0.4025698209814688,synth_only,0.15,0.015,0.03,0.105,prop_127,1000,2000,0.4914033349343543,0.5235966650656456,False,0.03219333013129133,0.03219333013129133,0.4914033349343543,0.5235966650656456,0.0,0.0,0.03219333013129133,0.0,0.0
rep0569,0.64,0.6364065684615023,synth_only,0.15,0.015,0.03,0.105,prop_127,1000,2000,0.6877808945692396,0.7172191054307604,False,0.029438210861520764,0.029438210861520764,0.6877808945692396,0.7172191054307604,0.0,0.0,0.029438210861520764,0.0,0.0
rep0570,0.76,0.7649953720403891,synth_only,0.15,0.015,0.03,0.105,prop_127,1000,2000,0.9585422804000411,0.970457719599959,False,0.011915439199917888,0.011915439199917888,0.9585422804000411,0.970457719599959,0.0,0.0,0.011915439199917888,0.0,0.0
rep0571,0.94,0.9407087431104716,synth_only,0.15,0.015,0.03,0.105,prop_127,1000,2000,0.9754924266510897,0.9845075733489103,False,0.009015146697820553,0.009015146697820553,0.9754924266510897,0.9845075733489103,0.0,0.0,0.009015146697820553,0.0,0.0
rep0572,0.75,0.7523853437805481,synth_only,0.15,0.015,0.03,0.105,prop_127,1000,2000,0.6994505395192363,0.7285494604807636,False,0.02909892096152733,0.02909892096152733,0.6994505395192363,0.7285494604807636,0.0,0.0,0.02909892096152733,0.0,0.0
rep0573,0.74,0.7416686820244418,synth_only,0.15,0.015,0.03,0.105,prop_127,1000,2000,0.7809785715725963,0.8070214284274038,False,0.02604285685480745,0.02604285685480745,0.7809785715725963,0.8070214284274038,0.0,0.0,0.02604285685480745,0.0,0.0
rep0574,0.54,0.5388677467881925,synth_only,0.15,0.015,0.03,0.105,prop_127,1000,2000,0.8690184330636405,0.8899815669363594,False,0.020963133872718975,0.020963133872718975,0.8690184330636405,0.8899815669363594,0.0,0.0,0.020963133872718975,0.0,0.0
rep0575,0.60,0.6046972477384603,synth_only,0.15,0.015,0.03,0.105,prop_127,1000,2000,0.6811899618111659,0.710810038188834,False,0.02962007637766817,0.02962007637766817,0.6811899618111659,0.710810038188834,0.0,0.0,0.02962007637766817,0.0,0.0
rep0576,0.54,0.5381818712273801,synth_only,0.15,0.015,0.03,0.105,prop_127,1000,2000,0.5983255393944709,0.6296744606055291,False,0.031348921211058256,0.031348921211058256,0.5983255393944709,0.6296744606055291,0.0,0.0,0.031348921211058256,0.0,0.0
rep0577,0.27,0.26598676139715116,synth_only,0.15,0.015,0.03,0.105,prop_127,1000,2000,0.20079516659366706,0.22720483340633293,False,0.026409666812665877,0.026409666812665877,0.20079516659366706,0.22720483340633293,0.0,0.0,0.026409666812665877,0.0,0.0
rep0578,0.64,0.6359489349827866,synth_only,0.15,0.015,0.03,0.105,prop_127,1000,2000,0.728930594871659,0.757069405128341,False,0.028138810256681968,0.028138810256681968,0.728930594871659,0.757069405128341,0.0,0.0,0.028138810256681968,0.0,0.0
rep0579,0.50,0.502528199317781,synth_only,0.15,0.015,0.03,0.105,prop_127,1000,2000,0.47290542005665326,0.5050945799433467,True,0.032189159886693464,0.032189159886693464,0.47290542005665326,0.5050945799433467,0.0,0.0,0.032189159886693464,0.0,0.0
rep0580,0.57,0.5717964033273751,synth_only,0.15,0.015,0.03,0.105,prop_127,1000,2000,0.6220222129633428,0.6529777870366571,False,0.030955574073314285,0.030955574073314285,0.6220222129633428,0.6529777870366571,0.0,0.0,0.030955574073314285,0.0,0.0
rep0581,0.72,0.7247500146922884,synth_only,0.15,0.015,0.03,0.105,prop_127,1000,2000,0.8929491795662502,0.9120508204337497,False,0.019101640867499547,0.019101640867499547,0.8929491795662502,0.9120508204337497,0.0,0.0,0.019101640867499547,0.0,0.0
rep0582,0.46,0.45679599120569614,synth_only,0.15,0.015,0.03,0.105,prop_127,1000,2000,0.8452123274835881,0.867787672516412,False,0.02257534503282388,0.02257534503282388,0.8452123274835881,0.867787672516412,0.0,0.0,0.02257534503282388,0.0,0.0
rep0583,0.49,0.4854432243295074,synth_only,0.15,0.015,0.03,0.105,prop_127,1000,2000,0.5535578016266859,0.5854421983733141,False,0.03188439674662824,0.03188439674662824,0.5535578016266859,0.5854421983733141,0.0,0.0,0.03188439674662824,0.0,0.0
rep0584,0.46,0.4596330315210002,synth_only,0.15,0.015,0.03,0.105,prop_127,1000,2000,0.728930594871659,0.757069405128341,False,0.028138810256681968,0.028138810256681968,0.728930594871659,0.757069405128341,0.0,0.0,0.028138810256681968,0.0,0.0
rep0585,0.49,0.49218485030567377,synth_only,0.15,0.015,0.03,0.105,prop_127,1000,2000,0.38174342362534575,0.4132565763746543,False,0.03151315274930855,0.03151315274930855,0.38174342362534575,0.4132565763746543,0.0,0.0,0.03151315274930855,0.0,0.0
rep0586,0.83,0.8322295981314887,synth_only,0.15,0.015,0.03,0.105,prop_127,1000,2000,0.9123152338781819,0.9296847661218182,False,0.017369532243636243,0.017369532243636243,0.9123152338781819,0.9296847661218182,0.0,0.0,0.017369532243636243,0.0,0.0
rep0587,0.19,0.19433133903168506,synth_only,0.15,0.015,0.03,0.105,prop_127,1000,2000,0.37677800193636196,0.40822199806363807,False,0.03144399612727611,0.03144399612727611,0.37677800193636196,0.40822199806363807,0.0,0.0,0.03144399612727611,0.0,0.0
rep0588,0.65,0.652867814355372,synth_only,0.15,0.015,0.03,0.105,prop_127,1000,2000,0.7625763804001006,0.7894236195998995,False,0.026847239199798922,0.026847239199798922,0.7625763804001006,0.7894236195998995,0.0,0.0,0.026847239199798922,0.0,0.0
rep0589,0.45,0.45058856272931086,synth_only,0.15,0.015,0.03,0.105,prop_127,1000,2000,0.43796979727913726,0.47003020272086277,True,0.032060405441725504,0.032060405441725504,0.43796979727913726,0.47003020272086277,0.0,0.0,0.032060405441725504,0.0,0.0
rep0590,0.70,0.6978752355006593,synth_only,0.15,0.015,0.03,0.105,prop_127,1000,2000,0.7722839549697912,0.7987160450302088,False,0.02643209006041758,0.02643209006041758,0.7722839549697912,0.7987160450302088,0.0,0.0,0.02643209006041758,0.0,0.0
rep0591,0.36,0.3566519998772018,synth_only,0.15,0.015,0.03,0.105,prop_127,1000,2000,0.37876396386155503,0.410236036138445,False,0.03147207227688997,0.03147207227688997,0.37876396386155503,0.410236036138445,0.0,0.0,0.03147207227688997,0.0,0.0
rep0592,0.47,0.47016838771298314,synth_only,0.15,0.015,0.03,0.105,prop_127,1000,2000,0.5450217777567857,0.5769782222432144,False,0.03195644448642865,0.03195644448642865,0.5450217777567857,0.5769782222432144,0.0,0.0,0.03195644448642865,0.0,0.0
rep0593,0.78,0.7812828144278238,synth_only,0.15,0.015,0.03,0.105,prop_127,1000,2000,0.8379876308151101,0.86101236918489,False,0.023024738369779918,0.023024738369779918,0.8379876308151101,0.86101236918489,0.0,0.0,0.023024738369779918,0.0,0.0
rep0594,0.15,0.15337497450052387,synth_only,0.15,0.015,0.03,0.105,prop_127,1000,2000,0.33315830416999226,0.3638416958300077,False,0.030683391660015435,0.030683391660015435,0.33315830416999226,0.3638416958300077,0.0,0.0,0.030683391660015435,0.0,0.0
rep0595,0.50,0.5029469343291464,synth_only,0.15,0.015,0.03,0.105,prop_127,1000,2000,0.6169770698444422,0.6480229301555577,False,0.031045860311115447,0.031045860311115447,0.6169770698444422,0.6480229301555577,0.0,0.0,0.031045860311115447,0.0,0.0
rep0596,0.48,0.48057452723315863,synth_only,0.15,0.015,0.03,0.105,prop_127,1000,2000,0.5289668551477514,0.5610331448522486,False,0.03206628970449721,0.03206628970449721,0.5289668551477514,0.5610331448522486,0.0,0.0,0.03206628970449721,0.0,0.0
rep0597,0.69,0.6861888709196698,synth_only,0.15,0.015,0.03,0.105,prop_127,1000,2000,0.6918386182265385,0.7211613817734616,False,0.029322763546923092,0.029322763546923092,0.6918386182265385,0.7211613817734616,0.0,0.0,0.029322763546923092,0.0,0.0
rep0598,0.11,0.11258256296318113,synth_only,0.15,0.015,0.03,0.105,prop_127,1000,2000,0.08651505976922211,0.1054849402307779,False,0.018969880461555788,0.018969880461555788,0.08651505976922211,0.1054849402307779,0.0,0.0,0.018969880461555788,0.0,0.0
rep0599,0.23,0.22808153862487301,synth_only,0.15,0.015,0.03,0.105,prop_127,1000,2000,0.2773606153730506,0.30663938462694934,False,0.029278769253898718,0.029278769253898718,0.2773606153730506,0.30663938462694934,0.0,0.0,0.029278769253898718,0.0,0.0
rep0600,0.50,0.4967992746134487,synth_only,0.15,0.015,0.03,0.105,prop_127,1000,2000,0.48740191817139167,0.5195980818286082,True,0.03219616365721656,0.03219616365721656,0.48740191817139167,0.5195980818286082,0.0,0.0,0.03219616365721656,0.0,0.0
rep0601,0.69,0.6902761432921406,synth_only,0.15,0.015,0.03,0.105,prop_127,1000,2000,0.8194483684368431,0.8435516315631569,False,0.024103263126313834,0.024103263126313834,0.8194483684368431,0.8435516315631569,0.0,0.0,0.024103263126313834,0.0,0.0
rep0602,0.38,0.3800058624450191,synth_only,0.15,0.015,0.03,0.105,prop_127,1000,2000,0.29856332917345674,0.32843667082654326,False,0.029873341653086527,0.029873341653086527,0.29856332917345674,0.32843667082654326,0.0,0.0,0.029873341653086527,0.0,0.0
rep0603,0.10,0.09891501159134349,synth_only,0.15,0.015,0.03,0.105,prop_127,1000,2000,0.0736418143598497,0.0913581856401503,False,0.017716371280300597,0.017716371280300597,0.0736418143598497,0.0913581856401503,0.0,0.0,0.017716371280300597,0.0,0.0
rep0604,0.49,0.49369290489599743,synth_only,0.15,0.015,0.03,0.105,prop_127,1000,2000,0.36437203572279536,0.39562796427720465,False,0.031255928554409285,0.031255928554409285,0.36437203572279536,0.39562796427720465,0.0,0.0,0.031255928554409285,0.0,0.0
rep0605,0.60,0.6035496709735864,synth_only,0.15,0.015,0.03,0.105,prop_127,1000,2000,0.8143076917168701,0.8386923082831299,False,0.024384616566259787,0.024384616566259787,0.8143076917168701,0.8386923082831299,0.0,0.0,0.024384616566259787,0.0,0.0
rep0606,0.21,0.21319807329954524,synth_only,0.15,0.015,0.03,0.105,prop_127,1000,2000,0.30991975720986875,0.34008024279013127,False,0.03016048558026252,0.03016048558026252,0.30991975720986875,0.34008024279013127,0.0,0.0,0.03016048558026252,0.0,0.0
rep0607,0.64,0.6443716841714197,synth_only,0.15,0.015,0.03,0.105,prop_127,1000,2000,0.5847300736712968,0.6162699263287033,False,0.03153985265740644,0.03153985265740644,0.5847300736712968,0.6162699263287033,0.0,0.0,0.03153985265740644,0.0,0.0
rep0608,0.03,0.02827567590134843,synth_only,0.15,0.015,0.03,0.105,prop_127,1000,2000,0.013278176522770854,0.02172182347722915,False,0.008443646954458296,0.008443646954458296,0.013278176522770854,0.02172182347722915,0.0,0.0,0.008443646954458296,0.0,0.0
rep0609,0.55,0.5474134707393462,synth_only,0.15,0.015,0.03,0.105,prop_127,1000,2000,0.6700440043758339,0.6999559956241662,False,0.029911991248332326,0.029911991248332326,0.6700440043758339,0.6999559956241662,0.0,0.0,0.029911991248332326,0.0,0.0
rep0610,0.29,0.28684135798442517,synth_only,0.15,0.015,0.03,0.105,prop_127,1000,2000,0.32919984861461365,0.3598001513853863,False,0.030600302770772636,0.030600302770772636,0.32919984861461365,0.3598001513853863,0.0,0.0,0.030600302770772636,0.0,0.0
rep0611,0.14,0.13578129059991748,synth_only,0.15,0.015,0.03,0.105,prop_127,1000,2000,0.2891899618111659,0.3188100381888341,False,0.02962007637766817,0.02962007637766817,0.2891899618111659,0.3188100381888341,0.0,0.0,0.02962007637766817,0.0,0.0
rep0612,0.62,0.6187309196315114,synth_only,0.15,0.015,0.03,0.105,prop_127,1000,2000,0.6275739632631344,0.6584260367368656,False,0.0308520734737312,0.0308520734737312,0.6275739632631344,0.6584260367368656,0.0,0.0,0.0308520734737312,0.0,0.0
rep0613,0.63,0.6270930836482813,synth_only,0.15,0.015,0.03,0.105,prop_127,1000,2000,0.8245928830857425,0.8484071169142575,False,0.023814233828514997,0.023814233828514997,0.8245928830857425,0.8484071169142575,0.0,0.0,0.023814233828514997,0.0,0.0
rep0614,0.43,0.43038825650727186,synth_only,0.15,0.015,0.03,0.105,prop_127,1000,2000,0.6872737742146796,0.7167262257853203,False,0.029452451570640692,0.029452451570640692,0.6872737742146796,0.7167262257853203,0.0,0.0,0.029452451570640692,0.0,0.0
rep0615,0.84,0.8391156500249953,synth_only,0.15,0.015,0.03,0.105,prop_127,1000,2000,0.7850731741757497,0.8109268258242504,False,0.02585365164850062,0.02585365164850062,0.7850731741757497,0.8109268258242504,0.0,0.0,0.02585365164850062,0.0,0.0
rep0616,0.61,0.6123569717990613,synth_only,0.15,0.015,0.03,0.105,prop_127,1000,2000,0.5395010057961063,0.5714989942038937,False,0.03199798840778745,0.03199798840778745,0.5395010057961063,0.5714989942038937,0.0,0.0,0.03199798840778745,0.0,0.0
rep0617,0.62,0.6205075481320748,synth_only,0.15,0.015,0.03,0.105,prop_127,1000,2000,0.5164355677820288,0.5485644322179711,False,0.03212886443594232,0.03212886443594232,0.5164355677820288,0.5485644322179711,0.0,0.0,0.03212886443594232,0.0,0.0
rep0618,0.14,0.1429645586149851,synth_only,0.15,0.015,0.03,0.105,prop_127,1000,2000,0.0812627986985262,0.09973720130147379,False,0.01847440260294758,0.01847440260294758,0.0812627986985262,0.09973720130147379,0.0,0.0,0.01847440260294758,0.0,0.0
rep0619,0.52,0.516527602766824,synth_only,0.15,0.015,0.03,0.105,prop_127,1000,2000,0.47890232869782845,0.5110976713021715,False,0.03219534260434309,0.03219534260434309,0.47890232869782845,0.5110976713021715,0.0,0.0,0.03219534260434309,0.0,0.0
rep0620,0.15,0.154536062752559,synth_only,0.15,0.015,0.03,0.105,prop_127,1000,2000,0.06131223521724495,0.07768776478275506,False,0.01637552956551011,0.01637552956551011,0.06131223521724495,0.07768776478275506,0.0,0.0,0.01637552956551011,0.0,0.0
rep0621,0.32,0.31841831039389845,synth_only,0.15,0.015,0.03,0.105,prop_127,1000,2000,0.3079439737842465,0.33805602621575354,True,0.030112052431507053,0.030112052431507053,0.3079439737842465,0.33805602621575354,0.0,0.0,0.030112052431507053,0.0,0.0
rep0622,0.85,0.8457324695232843,synth_only,0.15,0.015,0.03,0.105,prop_127,1000,2000,0.7284216547159956,0.7565783452840045,False,0.028156690568008846,0.028156690568008846,0.7284216547159956,0.7565783452840045,0.0,0.0,0.028156690568008846,0.0,0.0
rep0623,0.40,0.39839224799048806,synth_only,0.15,0.015,0.03,0.105,prop_127,1000,2000,0.3981414401576598,0.42985855984234017,True,0.031717119684680384,0.031717119684680384,0.3981414401576598,0.42985855984234017,0.0,0.0,0.031717119684680384,0.0,0.0
rep0624,0.51,0.5112065288467394,synth_only,0.15,0.015,0.03,0.105,prop_127,1000,2000,0.6649808895085816,0.6950191104914185,False,0.030038220982836927,0.030038220982836927,0.6649808895085816,0.6950191104914185,0.0,0.0,0.030038220982836927,0.0,0.0
rep0625,0.41,0.41172009420229283,synth_only,0.15,0.015,0.03,0.105,prop_127,1000,2000,0.4629157288771655,0.4950842711228345,False,0.03216854224566901,0.03216854224566901,0.4629157288771655,0.4950842711228345,0.0,0.0,0.03216854224566901,0.0,0.0
rep0626,0.45,0.4490396417877701,synth_only,0.15,0.015,0.03,0.105,prop_127,1000,2000,0.3480130399387242,0.3789869600612758,False,0.030973920122551624,0.030973920122551624,0.3480130399387242,0.3789869600612758,0.0,0.0,0.030973920122551624,0.0,0.0
rep0627,0.26,0.25677254203726624,synth_only,0.15,0.015,0.03,0.105,prop_127,1000,2000,0.22330849438821448,0.2506915056117855,False,0.027383011223571008,0.027383011223571008,0.22330849438821448,0.2506915056117855,0.0,0.0,0.027383011223571008,0.0,0.0
rep0628,0.85,0.8498651658717413,synth_only,0.15,0.015,0.03,0.105,prop_127,1000,2000,0.8602075834456686,0.8817924165543314,False,0.02158483310866277,0.02158483310866277,0.8602075834456686,0.8817924165543314,0.0,0.0,0.02158483310866277,0.0,0.0
rep0629,0.74,0.7420867049314198,synth_only,0.15,0.015,0.03,0.105,prop_127,1000,2000,0.70198893138168,0.7310110686183201,False,0.029022137236640155,0.029022137236640155,0.70198893138168,0.7310110686183201,0.0,0.0,0.029022137236640155,0.0,0.0
rep0630,0.52,0.5201797266154914,synth_only,0.15,0.015,0.03,0.105,prop_127,1000,2000,0.7172309822886426,0.7457690177113575,False,0.028538035422714936,0.028538035422714936,0.7172309822886426,0.7457690177113575,0.0,0.0,0.028538035422714936,0.0,0.0
rep0631,0.41,0.41433972053110196,synth_only,0.15,0.015,0.03,0.105,prop_127,1000,2000,0.5089216594418801,0.54107834055812,False,0.03215668111623993,0.03215668111623993,0.5089216594418801,0.54107834055812,0.0,0.0,0.03215668111623993,0.0,0.0
rep0632,0.31,0.30685759098370324,synth_only,0.15,0.015,0.03,0.105,prop_127,1000,2000,0.4245159154340537,0.4564840845659463,False,0.0319681691318926,0.0319681691318926,0.4245159154340537,0.4564840845659463,0.0,0.0,0.0319681691318926,0.0,0.0
rep0633,0.10,0.09710738774154229,synth_only,0.15,0.015,0.03,0.105,prop_127,1000,2000,0.10328702973395931,0.1237129702660407,False,0.020425940532081382,0.020425940532081382,0.10328702973395931,0.1237129702660407,0.0,0.0,0.020425940532081382,0.0,0.0
rep0634,0.54,0.5370884766756563,synth_only,0.15,0.015,0.03,0.105,prop_127,1000,2000,0.6412104218643611,0.6717895781356389,False,0.03057915627127783,0.03057915627127783,0.6412104218643611,0.6717895781356389,0.0,0.0,0.03057915627127783,0.0,0.0
rep0635,0.18,0.17827000773312507,synth_only,0.15,0.015,0.03,0.105,prop_127,1000,2000,0.12110162882466,0.14289837117534002,False,0.02179674235068002,0.02179674235068002,0.12110162882466,0.14289837117534002,0.0,0.0,0.02179674235068002,0.0,0.0
rep0636,0.58,0.5834640635639543,synth_only,0.15,0.015,0.03,0.105,prop_127,1000,2000,0.6573899269734745,0.6876100730265254,False,0.0302201460530509,0.0302201460530509,0.6573899269734745,0.6876100730265254,0.0,0.0,0.0302201460530509,0.0,0.0
rep0637,0.66,0.6606259632581091,synth_only,0.15,0.015,0.03,0.105,prop_127,1000,2000,0.589763963861555,0.621236036138445,False,0.03147207227688997,0.03147207227688997,0.589763963861555,0.621236036138445,0.0,0.0,0.03147207227688997,0.0,0.0
rep0638,0.21,0.21433342558165774,synth_only,0.15,0.015,0.03,0.105,prop_127,1000,2000,0.24636851767160148,0.2746314823283985,False,0.028262964656797035,0.028262964656797035,0.24636851767160148,0.2746314823283985,0.0,0.0,0.028262964656797035,0.0,0.0
rep0639,0.69,0.6903486977629466,synth_only,0.15,0.015,0.03,0.105,prop_127,1000,2000,1.0,1.0,False,0.0,0.0,1.0,1.0,0.0,0.0,0.0,0.0,0.0
rep0640,0.79,0.786524726491391,synth_only,0.15,0.015,0.03,0.105,prop_127,1000,2000,0.7065594245245141,0.7354405754754858,False,0.028881150950971657,0.028881150950971657,0.7065594245245141,0.7354405754754858,0.0,0.0,0.028881150950971657,0.0,0.0
rep0641,0.34,0.34238386107268753,synth_only,0.15,0.015,0.03,0.105,prop_127,1000,2000,0.45742414996420977,0.4895758500357902,False,0.032151700071580414,0.032151700071580414,0.45742414996420977,0.4895758500357902,0.0,0.0,0.032151700071580414,0.0,0.0
rep0642,0.65,0.6487182596051031,synth_only,0.15,0.015,0.03,0.105,prop_127,1000,2000,0.6837245189162418,0.7132754810837583,False,0.029550962167516515,0.029550962167516515,0.6837245189162418,0.7132754810837583,0.0,0.0,0.029550962167516515,0.0,0.0
rep0643,0.36,0.36343834785442014,synth_only,0.15,0.015,0.03,0.105,prop_127,1000,2000,0.49640655531402306,0.5285934446859769,False,0.03218688937195385,0.03218688937195385,0.49640655531402306,0.5285934446859769,0.0,0.0,0.03218688937195385,0.0,0.0
rep0644,0.65,0.6481229391038595,synth_only,0.15,0.015,0.03,0.105,prop_127,1000,2000,0.6670058961628715,0.6969941038371286,False,0.029988207674257028,0.029988207674257028,0.6670058961628715,0.6969941038371286,0.0,0.0,0.029988207674257028,0.0,0.0
rep0645,0.29,0.2941433730670103,synth_only,0.15,0.015,0.03,0.105,prop_127,1000,2000,0.241948547578302,0.27005145242169803,False,0.02810290484339603,0.02810290484339603,0.241948547578302,0.27005145242169803,0.0,0.0,0.02810290484339603,0.0,0.0
rep0646,0.51,0.5120115362995212,synth_only,0.15,0.015,0.03,0.105,prop_127,1000,2000,0.5204444754426755,0.5525555245573245,False,0.032111049114649015,0.032111049114649015,0.5204444754426755,0.5525555245573245,0.0,0.0,0.032111049114649015,0.0,0.0
rep0647,0.71,0.7065170718696113,synth_only,0.15,0.015,0.03,0.105,prop_127,1000,2000,0.83437855024977,0.8576214497502299,False,0.02324289950045988,0.02324289950045988,0.83437855024977,0.8576214497502299,0.0,0.0,0.02324289950045988,0.0,0.0
rep0648,0.73,0.7257764503743807,synth_only,0.15,0.015,0.03,0.105,prop_127,1000,2000,0.8400509271243475,0.8629490728756526,False,0.02289814575130511,0.02289814575130511,0.8400509271243475,0.8629490728756526,0.0,0.0,0.02289814575130511,0.0,0.0
rep0649,0.71,0.7092804785306875,synth_only,0.15,0.015,0.03,0.105,prop_127,1000,2000,0.7855851385260185,0.8114148614739815,False,0.02582972294796293,0.02582972294796293,0.7855851385260185,0.8114148614739815,0.0,0.0,0.02582972294796293,0.0,0.0
rep0650,0.44,0.43598196325490673,synth_only,0.15,0.015,0.03,0.105,prop_127,1000,2000,0.4529324948170863,0.48506750518291364,False,0.03213501036582733,0.03213501036582733,0.4529324948170863,0.48506750518291364,0.0,0.0,0.03213501036582733,0.0,0.0
rep0651,0.51,0.509779873494791,synth_only,0.15,0.015,0.03,0.105,prop_127,1000,2000,0.6624500770664827,0.6925499229335172,False,0.030099845867034514,0.030099845867034514,0.6624500770664827,0.6925499229335172,0.0,0.0,0.030099845867034514,0.0,0.0
rep0652,0.30,0.3038326119750675,synth_only,0.15,0.015,0.03,0.105,prop_127,1000,2000,0.2699735089389934,0.29902649106100654,False,0.029052982122013127,0.029052982122013127,0.2699735089389934,0.29902649106100654,0.0,0.0,0.029052982122013127,0.0,0.0
rep0653,0.81,0.8102823830810556,synth_only,0.15,0.015,0.03,0.105,prop_127,1000,2000,0.7835374673402773,0.8094625326597227,False,0.025925065319445384,0.025925065319445384,0.7835374673402773,0.8094625326597227,0.0,0.0,0.025925065319445384,0.0,0.0
rep0654,0.71,0.7089897305189968,synth_only,0.15,0.015,0.03,0.105,prop_127,1000,2000,0.7590024572606175,0.7859975427393824,False,0.026995085478764835,0.026995085478764835,0.7590024572606175,0.7859975427393824,0.0,0.0,0.026995085478764835,0.0,0.0
rep0655,0.29,0.29163199392445693,synth_only,0.15,0.015,0.03,0.105,prop_127,1000,2000,0.3807502015746913,0.41224979842530873,False,0.03149959685061743,0.03149959685061743,0.3807502015746913,0.41224979842530873,0.0,0.0,0.03149959685061743,0.0,0.0
rep0656,0.56,0.562914990197144,synth_only,0.15,0.015,0.03,0.105,prop_127,1000,2000,0.6114294858657074,0.6425705141342926,False,0.031141028268585114,0.031141028268585114,0.6114294858657074,0.6425705141342926,0.0,0.0,0.031141028268585114,0.0,0.0
rep0657,0.35,0.3470109004221037,synth_only,0.15,0.015,0.03,0.105,prop_127,1000,2000,0.23556761746912994,0.26343238253087004,False,0.0278647650617401,0.0278647650617401,0.23556761746912994,0.26343238253087004,0.0,0.0,0.0278647650617401,0.0,0.0
rep0658,0.32,0.31902368868181874,synth_only,0.15,0.015,0.03,0.105,prop_127,1000,2000,0.2803168128847397,0.30968318711526027,False,0.029366374230520575,0.029366374230520575,0.2803168128847397,0.30968318711526027,0.0,0.0,0.029366374230520575,0.0,0.0
rep0659,0.74,0.7420126698484341,synth_only,0.15,0.015,0.03,0.105,prop_127,1000,2000,0.954228636136697,0.9667713638633031,False,0.01254272772660614,0.01254272772660614,0.954228636136697,0.9667713638633031,0.0,0.0,0.01254272772660614,0.0,0.0
rep0660,0.20,0.19621544316156792,synth_only,0.15,0.015,0.03,0.105,prop_127,1000,2000,0.35990856965625406,0.39109143034374594,False,0.031182860687491876,0.031182860687491876,0.35990856965625406,0.39109143034374594,0.0,0.0,0.031182860687491876,0.0,0.0
rep0661,0.69,0.6919479229129536,synth_only,0.15,0.015,0.03,0.105,prop_127,1000,2000,0.6695376029646701,0.6994623970353299,True,0.029924794070659733,0.029924794070659733,0.6695376029646701,0.6994623970353299,0.0,0.0,0.029924794070659733,0.0,0.0
rep0662,0.33,0.3251295165584837,synth_only,0.15,0.015,0.03,0.105,prop_127,1000,2000,0.16130769171687012,0.18569230828312985,False,0.02438461656625973,0.02438461656625973,0.16130769171687012,0.18569230828312985,0.0,0.0,0.02438461656625973,0.0,0.0
rep0663,0.65,0.6539903087855193,synth_only,0.15,0.015,0.03,0.105,prop_127,1000,2000,0.58724680400982,0.61875319599018,False,0.03150639198035998,0.03150639198035998,0.58724680400982,0.61875319599018,0.0,0.0,0.03150639198035998,0.0,0.0
rep0664,0.29,0.29232037114787135,synth_only,0.15,0.015,0.03,0.105,prop_127,1000,2000,0.5179387865566841,0.5500612134433159,False,0.032122426886631805,0.032122426886631805,0.5179387865566841,0.5500612134433159,0.0,0.0,0.032122426886631805,0.0,0.0
rep0665,0.44,0.4435664527715359,synth_only,0.15,0.015,0.03,0.105,prop_127,1000,2000,0.4369728046307776,0.46902719536922244,True,0.03205439073844485,0.03205439073844485,0.4369728046307776,0.46902719536922244,0.0,0.0,0.03205439073844485,0.0,0.0
rep0666,0.57,0.569426710310103,synth_only,0.15,0.015,0.03,0.105,prop_127,1000,2000,0.4399639782007221,0.47203602179927795,False,0.032072043598555866,0.032072043598555866,0.4399639782007221,0.47203602179927795,0.0,0.0,0.032072043598555866,0.0,0.0
rep0667,0.25,0.24776737783479344,synth_only,0.15,0.015,0.03,0.105,prop_127,1000,2000,0.23164297064259712,0.2593570293574029,True,0.027714058714805784,0.027714058714805784,0.23164297064259712,0.2593570293574029,0.0,0.0,0.027714058714805784,0.0,0.0
rep0668,0.59,0.5891451788470337,synth_only,0.15,0.015,0.03,0.105,prop_127,1000,2000,0.7187563142089426,0.7472436857910574,False,0.028487371582114784,0.028487371582114784,0.7187563142089426,0.7472436857910574,0.0,0.0,0.028487371582114784,0.0,0.0
rep0669,0.43,0.43112417009251425,synth_only,0.15,0.015,0.03,0.105,prop_127,1000,2000,0.4859016525422172,0.5180983474577828,False,0.03219669491556565,0.03219669491556565,0.4859016525422172,0.5180983474577828,0.0,0.0,0.03219669491556565,0.0,0.0
rep0670,0.52,0.5247541318418742,synth_only,0.15,0.015,0.03,0.105,prop_127,1000,2000,0.5671248779956113,0.5988751220043886,False,0.03175024400877735,0.03175024400877735,0.5671248779956113,0.5988751220043886,0.0,0.0,0.03175024400877735,0.0,0.0
rep0671,0.43,0.4258243574979035,synth_only,0.15,0.015,0.03,0.105,prop_127,1000,2000,0.4255120894619154,0.45748791053808463,True,0.03197582107616925,0.03197582107616925,0.4255120894619154,0.45748791053808463,0.0,0.0,0.03197582107616925,0.0,0.0
rep0672,0.81,0.8089839883601585,synth_only,0.15,0.015,0.03,0.105,prop_127,1000,2000,0.6903168128847397,0.7196831871152602,False,0.029366374230520575,0.029366374230520575,0.6903168128847397,0.7196831871152602,0.0,0.0,0.029366374230520575,0.0,0.0
rep0673,0.52,0.5160903827108957,synth_only,0.15,0.015,0.03,0.105,prop_127,1000,2000,0.49290413191832233,0.5250958680816776,True,0.0321917361633553,0.0321917361633553,0.49290413191832233,0.5250958680816776,0.0,0.0,0.0321917361633553,0.0,0.0
rep0674,0.06,0.06029974565196784,synth_only,0.15,0.015,0.03,0.105,prop_127,1000,2000,0.0,0.0,False,0.0,0.0,0.0,0.0,0.0,0.0,0.0,0.0,0.0
rep0675,0.52,0.5161454616139173,synth_only,0.15,0.015,0.03,0.105,prop_127,1000,2000,0.4334838445086341,0.46551615549136593,False,0.03203231098273185,0.03203231098273185,0.4334838445086341,0.46551615549136593,0.0,0.0,0.03203231098273185,0.0,0.0
rep0676,0.66,0.6578150737171017,synth_only,0.15,0.015,0.03,0.105,prop_127,1000,2000,0.6604257819177194,0.6905742180822806,False,0.0301484361645612,0.0301484361645612,0.6604257819177194,0.6905742180822806,0.0,0.0,0.0301484361645612,0.0,0.0
rep0677,0.92,0.9205140610257226,synth_only,0.15,0.015,0.03,0.105,prop_127,1000,2000,1.0,1.0,False,0.0,0.0,1.0,1.0,0.0,0.0,0.0,0.0,0.0
rep0678,0.09,0.09465568618272703,synth_only,0.15,0.015,0.03,0.105,prop_127,1000,2000,0.13898763081511004,0.16201236918488995,False,0.023024738369779918,0.023024738369779918,0.13898763081511004,0.16201236918488995,0.0,0.0,0.023024738369779918,0.0,0.0
rep0679,0.71,0.7090958024890887,synth_only,0.15,0.015,0.03,0.105,prop_127,1000,2000,0.6659933530873895,0.6960066469126106,False,0.03001329382522111,0.03001329382522111,0.6659933530873895,0.6960066469126106,0.0,0.0,0.03001329382522111,0.0,0.0
rep0680,0.11,0.11455441533880197,synth_only,0.15,0.015,0.03,0.105,prop_127,1000,2000,0.09081948679977565,0.11018051320022436,False,0.019361026400448705,0.019361026400448705,0.09081948679977565,0.11018051320022436,0.0,0.0,0.019361026400448705,0.0,0.0
rep0681,0.26,0.25727511353445326,synth_only,0.15,0.015,0.03,0.105,prop_127,1000,2000,0.3609003273170932,0.3920996726829068,False,0.03119934536581359,0.03119934536581359,0.3609003273170932,0.3920996726829068,0.0,0.0,0.03119934536581359,0.0,0.0
rep0682,0.83,0.825070707544665,synth_only,0.15,0.015,0.03,0.105,prop_127,1000,2000,0.9265342793945893,0.9424657206054107,False,0.01593144121082135,0.01593144121082135,0.9265342793945893,0.9424657206054107,0.0,0.0,0.01593144121082135,0.0,0.0
rep0683,0.80,0.8007348882310458,synth_only,0.15,0.015,0.03,0.105,prop_127,1000,2000,0.6877808945692396,0.7172191054307604,False,0.029438210861520764,0.029438210861520764,0.6877808945692396,0.7172191054307604,0.0,0.0,0.029438210861520764,0.0,0.0
rep0684,0.83,0.8284671553921638,synth_only,0.15,0.015,0.03,0.105,prop_127,1000,2000,0.8302564512222015,0.8537435487777985,False,0.02348709755559697,0.02348709755559697,0.8302564512222015,0.8537435487777985,0.0,0.0,0.02348709755559697,0.0,0.0
rep0685,0.51,0.514309478391361,synth_only,0.15,0.015,0.03,0.105,prop_127,1000,2000,0.44694566188991136,0.4790543381100887,False,0.032108676220177323,0.032108676220177323,0.44694566188991136,0.4790543381100887,0.0,0.0,0.032108676220177323,0.0,0.0
rep0686,0.05,0.04867548466027368,synth_only,0.15,0.015,0.03,0.105,prop_127,1000,2000,0.05141360267687161,0.06658639732312838,False,0.015172794646256767,0.015172794646256767,0.05141360267687161,0.06658639732312838,0.0,0.0,0.015172794646256767,0.0,0.0
rep0687,0.70,0.7017411200593814,synth_only,0.15,0.015,0.03,0.105,prop_127,1000,2000,0.6923459292545749,0.721654070745425,True,0.029308141490850037,0.029308141490850037,0.6923459292545749,0.721654070745425,0.0,0.0,0.029308141490850037,0.0,0.0
rep0688,0.78,0.7768841857553568,synth_only,0.15,0.015,0.03,0.105,prop_127,1000,2000,0.9381912385956623,0.9528087614043377,False,0.014617522808675343,0.014617522808675343,0.9381912385956623,0.9528087614043377,0.0,0.0,0.014617522808675343,0.0,0.0
rep0689,0.41,0.40967933946466756,synth_only,0.15,0.015,0.03,0.105,prop_127,1000,2000,0.3623880964685696,0.3936119035314304,False,0.031223807062860764,0.031223807062860764,0.3623880964685696,0.3936119035314304,0.0,0.0,0.031223807062860764,0.0,0.0
rep0690,0.47,0.46908505895471847,synth_only,0.15,0.015,0.03,0.105,prop_127,1000,2000,0.6169770698444422,0.6480229301555577,False,0.031045860311115447,0.031045860311115447,0.6169770698444422,0.6480229301555577,0.0,0.0,0.031045860311115447,0.0,0.0
rep0691,0.71,0.7077778587278475,synth_only,0.15,0.015,0.03,0.105,prop_127,1000,2000,0.6806831125343835,0.7103168874656165,True,0.02963377493123298,0.02963377493123298,0.6806831125343835,0.7103168874656165,0.0,0.0,0.02963377493123298,0.0,0.0
rep0692,0.70,0.7005041640051802,synth_only,0.15,0.015,0.03,0.105,prop_127,1000,2000,0.6690312216044947,0.6989687783955054,False,0.029937556791010733,0.029937556791010733,0.6690312216044947,0.6989687783955054,0.0,0.0,0.029937556791010733,0.0,0.0
rep0693,0.56,0.5563453058616313,synth_only,0.15,0.015,0.03,0.105,prop_127,1000,2000,0.6003407580276253,0.6316592419723747,False,0.03131848394474934,0.03131848394474934,0.6003407580276253,0.6316592419723747,0.0,0.0,0.03131848394474934,0.0,0.0
rep0694,0.86,0.8579152046654233,synth_only,0.15,0.015,0.03,0.105,prop_127,1000,2000,0.9260060730981696,0.9419939269018305,False,0.015987853803660856,0.015987853803660856,0.9260060730981696,0.9419939269018305,0.0,0.0,0.015987853803660856,0.0,0.0
rep0695,0.13,0.133927768805338,synth_only,0.15,0.015,0.03,0.105,prop_127,1000,2000,0.04298283688982254,0.05701716311017747,False,0.014034326220354928,0.014034326220354928,0.04298283688982254,0.05701716311017747,0.0,0.0,0.014034326220354928,0.0,0.0
rep0696,0.29,0.29447716121483336,synth_only,0.15,0.015,0.03,0.105,prop_127,1000,2000,0.44295573811909345,0.4750442618809066,False,0.03208852376181315,0.03208852376181315,0.44295573811909345,0.4750442618809066,0.0,0.0,0.03208852376181315,0.0,0.0
rep0697,0.38,0.3774111129057389,synth_only,0.15,0.015,0.03,0.105,prop_127,1000,2000,0.3133781313219279,0.34362186867807215,False,0.030243737356144273,0.030243737356144273,0.3133781313219279,0.34362186867807215,0.0,0.0,0.030243737356144273,0.0,0.0
rep0698,0.49,0.4857893021833887,synth_only,0.15,0.015,0.03,0.105,prop_127,1000,2000,0.4804019181713917,0.5125980818286082,True,0.0321961636572165,0.0321961636572165,0.4804019181713917,0.5125980818286082,0.0,0.0,0.0321961636572165,0.0,0.0
rep0699,0.07,0.06956301432769134,synth_only,0.15,0.015,0.03,0.105,prop_127,1000,2000,0.12786157608408444,0.1501384239159156,False,0.022276847831831148,0.022276847831831148,0.12786157608408444,0.1501384239159156,0.0,0.0,0.022276847831831148,0.0,0.0
rep0700,0.65,0.6506325430432847,synth_only,0.15,0.015,0.03,0.105,prop_127,1000,2000,0.5827169977309404,0.6142830022690596,False,0.0315660045381192,0.0315660045381192,0.5827169977309404,0.6142830022690596,0.0,0.0,0.0315660045381192,0.0,0.0
rep0701,0.62,0.6187320249579185,synth_only,0.15,0.015,0.03,0.105,prop_127,1000,2000,0.4579233036269373,0.49007669637306267,False,0.03215339274612539,0.03215339274612539,0.4579233036269373,0.49007669637306267,0.0,0.0,0.03215339274612539,0.0,0.0
rep0702,0.32,0.3183272441833459,synth_only,0.15,0.015,0.03,0.105,prop_127,1000,2000,0.44345442171388283,0.4755455782861172,False,0.03209115657223438,0.03209115657223438,0.44345442171388283,0.4755455782861172,0.0,0.0,0.03209115657223438,0.0,0.0
rep0703,0.64,0.6352153071879647,synth_only,0.15,0.015,0.03,0.105,prop_127,1000,2000,0.6887951984943887,0.7182048015056113,False,0.02940960301122253,0.02940960301122253,0.6887951984943887,0.7182048015056113,0.0,0.0,0.02940960301122253,0.0,0.0
rep0704,0.97,0.9723238313893882,synth_only,0.15,0.015,0.03,0.105,prop_127,1000,2000,1.0,1.0,False,0.0,0.0,1.0,1.0,0.0,0.0,0.0,0.0,0.0
rep0705,0.47,0.46588421090109494,synth_only,0.15,0.015,0.03,0.105,prop_127,1000,2000,0.5998369271640773,0.6311630728359228,False,0.03132614567184544,0.03132614567184544,0.5998369271640773,0.6311630728359228,0.0,0.0,0.03132614567184544,0.0,0.0
rep0706,0.53,0.5283740232519213,synth_only,0.15,0.015,0.03,0.105,prop_127,1000,2000,0.5968143085906845,0.6281856914093156,False,0.031371382818631055,0.031371382818631055,0.5968143085906845,0.6281856914093156,0.0,0.0,0.031371382818631055,0.0,0.0
rep0707,0.73,0.7343174621456723,synth_only,0.15,0.015,0.03,0.105,prop_127,1000,2000,1.0,1.0,False,0.0,0.0,1.0,1.0,0.0,0.0,0.0,0.0,0.0
rep0708,0.77,0.7735731870600265,synth_only,0.15,0.015,0.03,0.105,prop_127,1000,2000,0.6149595162486262,0.6460404837513737,False,0.03108096750274747,0.03108096750274747,0.6149595162486262,0.6460404837513737,0.0,0.0,0.03108096750274747,0.0,0.0
rep0709,0.46,0.4597510487027871,synth_only,0.15,0.015,0.03,0.105,prop_127,1000,2000,0.40460631918695616,0.4363936808130438,False,0.03178736162608764,0.03178736162608764,0.40460631918695616,0.4363936808130438,0.0,0.0,0.03178736162608764,0.0,0.0
rep0710,0.07,0.07345804081414554,synth_only,0.15,0.015,0.03,0.105,prop_127,1000,2000,0.15839164477018874,0.18260835522981128,False,0.024216710459622537,0.024216710459622537,0.15839164477018874,0.18260835522981128,0.0,0.0,0.024216710459622537,0.0,0.0
rep0711,0.88,0.8815362152345295,synth_only,0.15,0.015,0.03,0.105,prop_127,1000,2000,0.9515416412366305,0.9644583587633694,False,0.012916717526738841,0.012916717526738841,0.9515416412366305,0.9644583587633694,0.0,0.0,0.012916717526738841,0.0,0.0
rep0712,0.71,0.7081656695993921,synth_only,0.15,0.015,0.03,0.105,prop_127,1000,2000,0.7968564018770936,0.8221435981229064,False,0.02528719624581277,0.02528719624581277,0.7968564018770936,0.8221435981229064,0.0,0.0,0.02528719624581277,0.0,0.0
rep0713,0.34,0.3371108098177164,synth_only,0.15,0.015,0.03,0.105,prop_127,1000,2000,0.31387226264245016,0.34412773735754987,True,0.030255474715099706,0.030255474715099706,0.31387226264245016,0.34412773735754987,0.0,0.0,0.030255474715099706,0.0,0.0
rep0714,0.08,0.07975518910225672,synth_only,0.15,0.015,0.03,0.105,prop_127,1000,2000,0.0,0.0,False,0.0,0.0,0.0,0.0,0.0,0.0,0.0,0.0,0.0
rep0715,0.15,0.14884037317006904,synth_only,0.15,0.015,0.03,0.105,prop_127,1000,2000,0.024052170028769616,0.03494782997123038,False,0.010895659942460764,0.010895659942460764,0.024052170028769616,0.03494782997123038,0.0,0.0,0.010895659942460764,0.0,0.0
rep0716,0.50,0.5002520736252362,synth_only,0.15,0.015,0.03,0.105,prop_127,1000,2000,0.46491315105271297,0.497086848947287,False,0.03217369789457403,0.03217369789457403,0.46491315105271297,0.497086848947287,0.0,0.0,0.03217369789457403,0.0,0.0
rep0717,0.62,0.6181944409522758,synth_only,0.15,0.015,0.03,0.105,prop_127,1000,2000,0.505416413681235,0.5375835863187649,False,0.032167172637529884,0.032167172637529884,0.505416413681235,0.5375835863187649,0.0,0.0,0.032167172637529884,0.0,0.0
rep0718,0.75,0.7467090556088825,synth_only,0.15,0.015,0.03,0.105,prop_127,1000,2000,0.7172309822886426,0.7457690177113575,False,0.028538035422714936,0.028538035422714936,0.7172309822886426,0.7457690177113575,0.0,0.0,0.028538035422714936,0.0,0.0
rep0719,0.46,0.4594901234938354,synth_only,0.15,0.015,0.03,0.105,prop_127,1000,2000,0.5445198071926103,0.5764801928073897,False,0.03196038561477943,0.03196038561477943,0.5445198071926103,0.5764801928073897,0.0,0.0,0.03196038561477943,0.0,0.0
rep0720,0.05,0.04671494424394169,synth_only,0.15,0.015,0.03,0.105,prop_127,1000,2000,0.11290687234732354,0.13409312765267645,False,0.02118625530535291,0.02118625530535291,0.11290687234732354,0.13409312765267645,0.0,0.0,0.02118625530535291,0.0,0.0
rep0721,0.81,0.8117611590924323,synth_only,0.15,0.015,0.03,0.105,prop_127,1000,2000,1.0,1.0,False,0.0,0.0,1.0,1.0,0.0,0.0,0.0,0.0,0.0
rep0722,0.22,0.2219104471600488,synth_only,0.15,0.015,0.03,0.105,prop_127,1000,2000,0.3074500770664828,0.3375499229335172,False,0.030099845867034403,0.030099845867034403,0.3074500770664828,0.3375499229335172,0.0,0.0,0.030099845867034403,0.0,0.0
rep0723,0.51,0.5105466005402299,synth_only,0.15,0.015,0.03,0.105,prop_127,1000,2000,0.5364905125593867,0.5685094874406132,False,0.032018974881226514,0.032018974881226514,0.5364905125593867,0.5685094874406132,0.0,0.0,0.032018974881226514,0.0,0.0
rep0724,0.48,0.477360257689102,synth_only,0.15,0.015,0.03,0.105,prop_127,1000,2000,0.4629157288771655,0.4950842711228345,True,0.03216854224566901,0.03216854224566901,0.4629157288771655,0.4950842711228345,0.0,0.0,0.03216854224566901,0.0,0.0
rep0725,0.16,0.1643904436647521,synth_only,0.15,0.015,0.03,0.105,prop_127,1000,2000,0.16422507284816076,0.18877492715183922,True,0.024549854303678453,0.024549854303678453,0.16422507284816076,0.18877492715183922,0.0,0.0,0.024549854303678453,0.0,0.0
rep0726,0.76,0.757057184239538,synth_only,0.15,0.015,0.03,0.105,prop_127,1000,2000,0.6938679905277891,0.7231320094722109,False,0.029264018944421766,0.029264018944421766,0.6938679905277891,0.7231320094722109,0.0,0.0,0.029264018944421766,0.0,0.0
rep0727,0.34,0.34121970245937583,synth_only,0.15,0.015,0.03,0.105,prop_127,1000,2000,0.3921763852186577,0.42382361478134223,False,0.03164722956268451,0.03164722956268451,0.3921763852186577,0.42382361478134223,0.0,0.0,0.03164722956268451,0.0,0.0
rep0728,0.20,0.196817766798613,synth_only,0.15,0.015,0.03,0.105,prop_127,1000,2000,0.4145578016266859,0.4464421983733141,False,0.03188439674662824,0.03188439674662824,0.4145578016266859,0.4464421983733141,0.0,0.0,0.03188439674662824,0.0,0.0
rep0729,0.29,0.28849501958605417,synth_only,0.15,0.015,0.03,0.105,prop_127,1000,2000,0.1963973929219745,0.22260260707802548,False,0.026205214156050982,0.026205214156050982,0.1963973929219745,0.22260260707802548,0.0,0.0,0.026205214156050982,0.0,0.0
rep0730,0.48,0.477668445003829,synth_only,0.15,0.015,0.03,0.105,prop_127,1000,2000,0.4339822183785632,0.4660177816214368,False,0.0320355632428736,0.0320355632428736,0.4339822183785632,0.4660177816214368,0.0,0.0,0.0320355632428736,0.0,0.0
rep0731,0.72,0.7209968835743404,synth_only,0.15,0.015,0.03,0.105,prop_127,1000,2000,0.6761223947891282,0.7058776052108717,False,0.02975521042174356,0.02975521042174356,0.6761223947891282,0.7058776052108717,0.0,0.0,0.02975521042174356,0.0,0.0
rep0732,0.57,0.5718125239722864,synth_only,0.15,0.015,0.03,0.105,prop_127,1000,2000,0.5676275963363435,0.5993724036636565,True,0.031744807327312996,0.031744807327312996,0.5676275963363435,0.5993724036636565,0.0,0.0,0.031744807327312996,0.0,0.0
rep0733,0.97,0.9677623027604382,synth_only,0.15,0.015,0.03,0.105,prop_127,1000,2000,1.0,1.0,False,0.0,0.0,1.0,1.0,0.0,0.0,0.0,0.0,0.0
rep0734,0.48,0.4810283343490522,synth_only,0.15,0.015,0.03,0.105,prop_127,1000,2000,0.46641138709216573,0.49858861290783424,True,0.03217722581566851,0.03217722581566851,0.46641138709216573,0.49858861290783424,0.0,0.0,0.03217722581566851,0.0,0.0
rep0735,0.78,0.7833574314760184,synth_only,0.15,0.015,0.03,0.105,prop_127,1000,2000,0.6553664133636706,0.6856335866363293,False,0.03026717327265871,0.03026717327265871,0.6553664133636706,0.6856335866363293,0.0,0.0,0.03026717327265871,0.0,0.0
rep0736,0.19,0.19432774790338644,synth_only,0.15,0.015,0.03,0.105,prop_127,1000,2000,0.14819640224460187,0.17180359775539814,False,0.023607195510796264,0.023607195510796264,0.14819640224460187,0.17180359775539814,0.0,0.0,0.023607195510796264,0.0,0.0
rep0737,0.33,0.3254942999348819,synth_only,0.15,0.015,0.03,0.105,prop_127,1000,2000,0.41854025449454213,0.45045974550545786,False,0.031919491010915735,0.031919491010915735,0.41854025449454213,0.45045974550545786,0.0,0.0,0.031919491010915735,0.0,0.0
rep0738,0.51,0.5123079916353976,synth_only,0.15,0.015,0.03,0.105,prop_127,1000,2000,0.5802010371021236,0.6117989628978764,False,0.031597925795752824,0.031597925795752824,0.5802010371021236,0.6117989628978764,0.0,0.0,0.031597925795752824,0.0,0.0
rep0739,0.06,0.062111997988286836,synth_only,0.15,0.015,0.03,0.105,prop_127,1000,2000,0.16909026740740266,0.19390973259259733,False,0.024819465185194678,0.024819465185194678,0.16909026740740266,0.19390973259259733,0.0,0.0,0.024819465185194678,0.0,0.0
rep0740,0.75,0.7475448991454451,synth_only,0.15,0.015,0.03,0.105,prop_127,1000,2000,0.8648701406610558,0.8861298593389441,False,0.02125971867788823,0.02125971867788823,0.8648701406610558,0.8861298593389441,0.0,0.0,0.02125971867788823,0.0,0.0
rep0741,0.33,0.3282612087940039,synth_only,0.15,0.015,0.03,0.105,prop_127,1000,2000,0.24391273863080426,0.27208726136919575,False,0.028174522738391494,0.028174522738391494,0.24391273863080426,0.27208726136919575,0.0,0.0,0.028174522738391494,0.0,0.0
rep0742,0.18,0.17857762779265787,synth_only,0.15,0.015,0.03,0.105,prop_127,1000,2000,0.2744051885568096,0.30359481144319034,False,0.029189622886380717,0.029189622886380717,0.2744051885568096,0.30359481144319034,0.0,0.0,0.029189622886380717,0.0,0.0
rep0743,0.30,0.3006284010448977,synth_only,0.15,0.015,0.03,0.105,prop_127,1000,2000,0.1841942313224704,0.20980576867752962,False,0.025611537355059222,0.025611537355059222,0.1841942313224704,0.20980576867752962,0.0,0.0,0.025611537355059222,0.0,0.0
rep0744,0.77,0.7703311074821744,synth_only,0.15,0.015,0.03,0.105,prop_127,1000,2000,0.7855851385260185,0.8114148614739815,False,0.02582972294796293,0.02582972294796293,0.7855851385260185,0.8114148614739815,0.0,0.0,0.02582972294796293,0.0,0.0
rep0745,0.30,0.2994687432846144,synth_only,0.15,0.015,0.03,0.105,prop_127,1000,2000,0.40908366196784085,0.4409163380321591,False,0.03183267606431828,0.03183267606431828,0.40908366196784085,0.4409163380321591,0.0,0.0,0.03183267606431828,0.0,0.0
rep0746,0.86,0.8631013308792119,synth_only,0.15,0.015,0.03,0.105,prop_127,1000,2000,0.8804460021443857,0.9005539978556142,False,0.020107995711228455,0.020107995711228455,0.8804460021443857,0.9005539978556142,0.0,0.0,0.020107995711228455,0.0,0.0
rep0747,0.78,0.7789905000161823,synth_only,0.15,0.015,0.03,0.105,prop_127,1000,2000,0.9365972211171285,0.9514027788828714,False,0.014805557765742883,0.014805557765742883,0.9365972211171285,0.9514027788828714,0.0,0.0,0.014805557765742883,0.0,0.0
rep0748,0.51,0.5080678956883182,synth_only,0.15,0.015,0.03,0.105,prop_127,1000,2000,0.46141783172118345,0.4935821682788165,False,0.032164336557633066,0.032164336557633066,0.46141783172118345,0.4935821682788165,0.0,0.0,0.032164336557633066,0.0,0.0
rep0749,0.02,0.01749168767955398,synth_only,0.15,0.015,0.03,0.105,prop_127,1000,2000,0.07554486173627073,0.09345513826372928,False,0.017910276527458552,0.017910276527458552,0.07554486173627073,0.09345513826372928,0.0,0.0,0.017910276527458552,0.0,0.0
rep0750,0.39,0.39053994972898903,synth_only,0.15,0.015,0.03,0.105,prop_127,1000,2000,0.505416413681235,0.5375835863187649,False,0.032167172637529884,0.032167172637529884,0.505416413681235,0.5375835863187649,0.0,0.0,0.032167172637529884,0.0,0.0
rep0751,0.30,0.30302091037636547,synth_only,0.15,0.015,0.03,0.105,prop_127,1000,2000,0.3668523556189432,0.3981476443810568,False,0.03129528876211363,0.03129528876211363,0.3668523556189432,0.3981476443810568,0.0,0.0,0.03129528876211363,0.0,0.0
rep0752,0.67,0.6728906560484075,synth_only,0.15,0.015,0.03,0.105,prop_127,1000,2000,0.7544093768810304,0.7815906231189697,False,0.02718124623793927,0.02718124623793927,0.7544093768810304,0.7815906231189697,0.0,0.0,0.02718124623793927,0.0,0.0
rep0753,0.45,0.4541601212035811,synth_only,0.15,0.015,0.03,0.105,prop_127,1000,2000,0.40013033147327853,0.43186966852672143,False,0.031739337053442895,0.031739337053442895,0.40013033147327853,0.43186966852672143,0.0,0.0,0.031739337053442895,0.0,0.0
rep0754,0.36,0.3621350551377598,synth_only,0.15,0.015,0.03,0.105,prop_127,1000,2000,0.24489497848937544,0.27310502151062455,False,0.028210043021249104,0.028210043021249104,0.24489497848937544,0.27310502151062455,0.0,0.0,0.028210043021249104,0.0,0.0
rep0755,0.30,0.30370365689607154,synth_only,0.15,0.015,0.03,0.105,prop_127,1000,2000,0.4160510973183892,0.4479489026816108,False,0.03189780536322162,0.03189780536322162,0.4160510973183892,0.4479489026816108,0.0,0.0,0.03189780536322162,0.0,0.0
rep0756,0.39,0.39191424206051756,synth_only,0.15,0.015,0.03,0.105,prop_127,1000,2000,0.28376667489136437,0.3132333251086356,False,0.02946665021727124,0.02946665021727124,0.28376667489136437,0.3132333251086356,0.0,0.0,0.02946665021727124,0.0,0.0
rep0757,0.93,0.9311693716628857,synth_only,0.15,0.015,0.03,0.105,prop_127,1000,2000,0.8302564512222015,0.8537435487777985,False,0.02348709755559697,0.02348709755559697,0.8302564512222015,0.8537435487777985,0.0,0.0,0.02348709755559697,0.0,0.0
rep0758,0.73,0.7253501033985368,synth_only,0.15,0.015,0.03,0.105,prop_127,1000,2000,0.5686330834151025,0.6003669165848975,False,0.031733833169794945,0.031733833169794945,0.5686330834151025,0.6003669165848975,0.0,0.0,0.031733833169794945,0.0,0.0
rep0759,0.37,0.3668140313848696,synth_only,0.15,0.015,0.03,0.105,prop_127,1000,2000,0.38025361633108046,0.4117463836689196,False,0.03149276733783912,0.03149276733783912,0.38025361633108046,0.4117463836689196,0.0,0.0,0.03149276733783912,0.0,0.0
rep0760,0.65,0.649319239106947,synth_only,0.15,0.015,0.03,0.105,prop_127,1000,2000,0.7814902895548508,0.8075097104451492,False,0.026019420890298406,0.026019420890298406,0.7814902895548508,0.8075097104451492,0.0,0.0,0.026019420890298406,0.0,0.0
rep0761,0.19,0.18909448403981105,synth_only,0.15,0.015,0.03,0.105,prop_127,1000,2000,0.41804238998870963,0.44995761001129037,False,0.03191522002258074,0.03191522002258074,0.41804238998870963,0.44995761001129037,0.0,0.0,0.03191522002258074,0.0,0.0
rep0762,0.58,0.5811996148724241,synth_only,0.15,0.015,0.03,0.105,prop_127,1000,2000,0.5681303314732785,0.5998696685267214,True,0.031739337053442895,0.031739337053442895,0.5681303314732785,0.5998696685267214,0.0,0.0,0.031739337053442895,0.0,0.0
rep0763,0.18,0.18132628957024227,synth_only,0.15,0.015,0.03,0.105,prop_127,1000,2000,0.262591333149337,0.291408666850663,False,0.028817333701325998,0.028817333701325998,0.262591333149337,0.291408666850663,0.0,0.0,0.028817333701325998,0.0,0.0
rep0764,0.77,0.7746575608172306,synth_only,0.15,0.015,0.03,0.105,prop_127,1000,2000,0.8431472180391784,0.8658527819608217,False,0.022705563921643357,0.022705563921643357,0.8431472180391784,0.8658527819608217,0.0,0.0,0.022705563921643357,0.0,0.0
rep0765,0.03,0.026227594970208438,synth_only,0.15,0.015,0.03,0.105,prop_127,1000,2000,0.0,0.0,False,0.0,0.0,0.0,0.0,0.0,0.0,0.0,0.0,0.0
rep0766,0.38,0.37867548624001796,synth_only,0.15,0.015,0.03,0.105,prop_127,1000,2000,0.3971470955057323,0.42885290449426766,False,0.03170580898853537,0.03170580898853537,0.3971470955057323,0.42885290449426766,0.0,0.0,0.03170580898853537,0.0,0.0
rep0767,0.61,0.6128422265947918,synth_only,0.15,0.015,0.03,0.105,prop_127,1000,2000,0.610421066105959,0.641578933894041,True,0.03115786778808194,0.03115786778808194,0.610421066105959,0.641578933894041,0.0,0.0,0.03115786778808194,0.0,0.0
rep0768,0.63,0.630024733990203,synth_only,0.15,0.015,0.03,0.105,prop_127,1000,2000,0.7233335695768082,0.7516664304231919,False,0.028332860846383756,0.028332860846383756,0.7233335695768082,0.7516664304231919,0.0,0.0,0.028332860846383756,0.0,0.0
rep0769,0.37,0.3691153843791364,synth_only,0.15,0.015,0.03,0.105,prop_127,1000,2000,0.36437203572279536,0.39562796427720465,True,0.031255928554409285,0.031255928554409285,0.36437203572279536,0.39562796427720465,0.0,0.0,0.031255928554409285,0.0,0.0
rep0770,0.76,0.7602827163677804,synth_only,0.15,0.015,0.03,0.105,prop_127,1000,2000,0.8127662172090822,0.8372337827909178,False,0.024467565581835604,0.024467565581835604,0.8127662172090822,0.8372337827909178,0.0,0.0,0.024467565581835604,0.0,0.0
rep0771,0.56,0.5569418507360329,synth_only,0.15,0.015,0.03,0.105,prop_127,1000,2000,0.6205084805570771,0.6514915194429229,False,0.03098303888584586,0.03098303888584586,0.6205084805570771,0.6514915194429229,0.0,0.0,0.03098303888584586,0.0,0.0
rep0772,0.51,0.5123095731772616,synth_only,0.15,0.015,0.03,0.105,prop_127,1000,2000,0.3867105623025993,0.41828943769740073,False,0.03157887539480142,0.03157887539480142,0.3867105623025993,0.41828943769740073,0.0,0.0,0.03157887539480142,0.0,0.0
rep0773,0.94,0.9438798022173757,synth_only,0.15,0.015,0.03,0.105,prop_127,1000,2000,1.0,1.0,False,0.0,0.0,1.0,1.0,0.0,0.0,0.0,0.0,0.0
rep0774,0.32,0.3165110740887545,synth_only,0.15,0.015,0.03,0.105,prop_127,1000,2000,0.3981414401576598,0.42985855984234017,False,0.031717119684680384,0.031717119684680384,0.3981414401576598,0.42985855984234017,0.0,0.0,0.031717119684680384,0.0,0.0
rep0775,0.44,0.4391276919154589,synth_only,0.15,0.015,0.03,0.105,prop_127,1000,2000,0.505416413681235,0.5375835863187649,False,0.032167172637529884,0.032167172637529884,0.505416413681235,0.5375835863187649,0.0,0.0,0.032167172637529884,0.0,0.0
rep0776,0.14,0.1376244819698076,synth_only,0.15,0.015,0.03,0.105,prop_127,1000,2000,0.15013700674804417,0.17386299325195584,False,0.023725986503911667,0.023725986503911667,0.15013700674804417,0.17386299325195584,0.0,0.0,0.023725986503911667,0.0,0.0
rep0777,0.69,0.6900240903357862,synth_only,0.15,0.015,0.03,0.105,prop_127,1000,2000,0.5369922204802368,0.5690077795197633,False,0.032015559039526575,0.032015559039526575,0.5369922204802368,0.5690077795197633,0.0,0.0,0.032015559039526575,0.0,0.0
rep0778,0.23,0.22579168906928765,synth_only,0.15,0.015,0.03,0.105,prop_127,1000,2000,0.36933311377919714,0.4006668862208029,False,0.031333772441605734,0.031333772441605734,0.36933311377919714,0.4006668862208029,0.0,0.0,0.031333772441605734,0.0,0.0
rep0779,0.28,0.2837869490913578,synth_only,0.15,0.015,0.03,0.105,prop_127,1000,2000,0.40410892019251454,0.4358910798074854,False,0.031782159614970884,0.031782159614970884,0.40410892019251454,0.4358910798074854,0.0,0.0,0.031782159614970884,0.0,0.0
rep0780,0.53,0.5288656238903121,synth_only,0.15,0.015,0.03,0.105,prop_127,1000,2000,0.609412717399877,0.640587282600123,False,0.031174565200245974,0.031174565200245974,0.609412717399877,0.640587282600123,0.0,0.0,0.031174565200245974,0.0,0.0
rep0781,0.73,0.7330093470103288,synth_only,0.15,0.015,0.03,0.105,prop_127,1000,2000,0.7014812091875223,0.7305187908124776,False,0.02903758162495529,0.02903758162495529,0.7014812091875223,0.7305187908124776,0.0,0.0,0.02903758162495529,0.0,0.0
rep0782,0.84,0.838503187664904,synth_only,0.15,0.015,0.03,0.105,prop_127,1000,2000,0.8804460021443857,0.9005539978556142,False,0.020107995711228455,0.020107995711228455,0.8804460021443857,0.9005539978556142,0.0,0.0,0.020107995711228455,0.0,0.0
rep0783,0.34,0.33656651734857845,synth_only,0.15,0.015,0.03,0.105,prop_127,1000,2000,0.2980698110474035,0.3279301889525965,False,0.029860377905193025,0.029860377905193025,0.2980698110474035,0.3279301889525965,0.0,0.0,0.029860377905193025,0.0,0.0
rep0784,0.11,0.10949115789238008,synth_only,0.15,0.015,0.03,0.105,prop_127,1000,2000,0.08699302171584444,0.10600697828415556,False,0.01901395656831112,0.01901395656831112,0.08699302171584444,0.10600697828415556,0.0,0.0,0.01901395656831112,0.0,0.0
rep0785,0.48,0.4762454626103595,synth_only,0.15,0.015,0.03,0.105,prop_127,1000,2000,0.6003407580276253,0.6316592419723747,False,0.03131848394474934,0.03131848394474934,0.6003407580276253,0.6316592419723747,0.0,0.0,0.03131848394474934,0.0,0.0
rep0786,0.07,0.07488165227562806,synth_only,0.15,0.015,0.03,0.105,prop_127,1000,2000,0.09177685351688833,0.11122314648311168,False,0.019446292966223355,0.019446292966223355,0.09177685351688833,0.11122314648311168,0.0,0.0,0.019446292966223355,0.0,0.0
rep0787,0.82,0.8170884972397916,synth_only,0.15,0.015,0.03,0.105,prop_127,1000,2000,0.812252465903983,0.836747534096017,True,0.024495068192033953,0.024495068192033953,0.812252465903983,0.836747534096017,0.0,0.0,0.024495068192033953,0.0,0.0
rep0788,0.34,0.3362206627963597,synth_only,0.15,0.015,0.03,0.105,prop_127,1000,2000,0.1929785715725962,0.21902142842740377,False,0.02604285685480756,0.02604285685480756,0.1929785715725962,0.21902142842740377,0.0,0.0,0.02604285685480756,0.0,0.0
rep0789,0.50,0.496171784003576,synth_only,0.15,0.015,0.03,0.105,prop_127,1000,2000,0.6599197572098687,0.6900802427901314,False,0.03016048558026263,0.03016048558026263,0.6599197572098687,0.6900802427901314,0.0,0.0,0.03016048558026263,0.0,0.0
rep0790,0.53,0.5296143175516811,synth_only,0.15,0.015,0.03,0.105,prop_127,1000,2000,0.4694082945870206,0.5015917054129794,False,0.03218341082595877,0.03218341082595877,0.4694082945870206,0.5015917054129794,0.0,0.0,0.03218341082595877,0.0,0.0
rep0791,0.71,0.7076541850555828,synth_only,0.15,0.015,0.03,0.105,prop_127,1000,2000,0.6766290592532479,0.7063709407467521,False,0.029741881493504208,0.029741881493504208,0.6766290592532479,0.7063709407467521,0.0,0.0,0.029741881493504208,0.0,0.0
rep0792,0.15,0.1503767874147335,synth_only,0.15,0.015,0.03,0.105,prop_127,1000,2000,0.14480192285198912,0.16819807714801088,True,0.023396154296021765,0.023396154296021765,0.14480192285198912,0.16819807714801088,0.0,0.0,0.023396154296021765,0.0,0.0
rep0793,0.68,0.6781218861290822,synth_only,0.15,0.015,0.03,0.105,prop_127,1000,2000,0.6134465390087507,0.6445534609912493,False,0.031106921982498648,0.031106921982498648,0.6134465390087507,0.6445534609912493,0.0,0.0,0.031106921982498648,0.0,0.0
rep0794,0.42,0.4249101602725677,synth_only,0.15,0.015,0.03,0.105,prop_127,1000,2000,0.505416413681235,0.5375835863187649,False,0.032167172637529884,0.032167172637529884,0.505416413681235,0.5375835863187649,0.0,0.0,0.032167172637529884,0.0,0.0
rep0795,0.70,0.6987247497061722,synth_only,0.15,0.015,0.03,0.105,prop_127,1000,2000,0.6210130399387241,0.6519869600612758,False,0.030973920122551624,0.030973920122551624,0.6210130399387241,0.6519869600612758,0.0,0.0,0.030973920122551624,0.0,0.0
rep0796,0.52,0.5229072743297516,synth_only,0.15,0.015,0.03,0.105,prop_127,1000,2000,0.5364905125593867,0.5685094874406132,False,0.032018974881226514,0.032018974881226514,0.5364905125593867,0.5685094874406132,0.0,0.0,0.032018974881226514,0.0,0.0
rep0797,0.83,0.8307010375574098,synth_only,0.15,0.015,0.03,0.105,prop_127,1000,2000,0.9365972211171285,0.9514027788828714,False,0.014805557765742883,0.014805557765742883,0.9365972211171285,0.9514027788828714,0.0,0.0,0.014805557765742883,0.0,0.0
rep0798,0.88,0.8808234463324145,synth_only,0.15,0.015,0.03,0.105,prop_127,1000,2000,0.9645076113467114,0.9754923886532886,False,0.01098477730657721,0.01098477730657721,0.9645076113467114,0.9754923886532886,0.0,0.0,0.01098477730657721,0.0,0.0
rep0799,0.43,0.43465681542082857,synth_only,0.15,0.015,0.03,0.105,prop_127,1000,2000,0.4489410134549837,0.48105898654501633,False,0.032117973090032614,0.032117973090032614,0.4489410134549837,0.48105898654501633,0.0,0.0,0.032117973090032614,0.0,0.0
rep0800,0.17,0.17053459520841083,synth_only,0.15,0.015,0.03,0.105,prop_127,1000,2000,0.23311452529920385,0.26088547470079615,False,0.027770949401592304,0.027770949401592304,0.23311452529920385,0.26088547470079615,0.0,0.0,0.027770949401592304,0.0,0.0
rep0801,0.41,0.41260411504675165,synth_only,0.15,0.015,0.03,0.105,prop_127,1000,2000,0.41406006953990854,0.44593993046009145,False,0.03187986092018291,0.03187986092018291,0.41406006953990854,0.44593993046009145,0.0,0.0,0.03187986092018291,0.0,0.0
rep0802,0.20,0.19552982737023078,synth_only,0.15,0.015,0.03,0.105,prop_127,1000,2000,0.15499131361569962,0.1790086863843004,False,0.024017372768600775,0.024017372768600775,0.15499131361569962,0.1790086863843004,0.0,0.0,0.024017372768600775,0.0,0.0
rep0803,0.80,0.7965926571332766,synth_only,0.15,0.015,0.03,0.105,prop_127,1000,2000,0.7886575824650295,0.8143424175349705,True,0.025684835069941014,0.025684835069941014,0.7886575824650295,0.8143424175349705,0.0,0.0,0.025684835069941014,0.0,0.0
rep0804,0.75,0.7490393466418966,synth_only,0.15,0.015,0.03,0.105,prop_127,1000,2000,0.8148215905009876,0.8391784094990123,False,0.024356818998024776,0.024356818998024776,0.8148215905009876,0.8391784094990123,0.0,0.0,0.024356818998024776,0.0,0.0
rep0805,0.86,0.8576137075694341,synth_only,0.15,0.015,0.03,0.105,prop_127,1000,2000,0.8457287210938587,0.8682712789061413,True,0.02254255781228265,0.02254255781228265,0.8457287210938587,0.8682712789061413,0.0,0.0,0.02254255781228265,0.0,0.0
rep0806,0.11,0.11443861013573262,synth_only,0.15,0.015,0.03,0.105,prop_127,1000,2000,0.13076164923581185,0.15323835076418812,False,0.022476701528376275,0.022476701528376275,0.13076164923581185,0.15323835076418812,0.0,0.0,0.022476701528376275,0.0,0.0
rep0807,0.22,0.21834185956132837,synth_only,0.15,0.015,0.03,0.105,prop_127,1000,2000,0.15499131361569962,0.1790086863843004,False,0.024017372768600775,0.024017372768600775,0.15499131361569962,0.1790086863843004,0.0,0.0,0.024017372768600775,0.0,0.0
rep0808,0.31,0.3057032496583064,synth_only,0.15,0.015,0.03,0.105,prop_127,1000,2000,0.3445454628037363,0.37545453719626365,False,0.030909074392527325,0.030909074392527325,0.3445454628037363,0.37545453719626365,0.0,0.0,0.030909074392527325,0.0,0.0
rep0809,0.50,0.49878505714525195,synth_only,0.15,0.015,0.03,0.105,prop_127,1000,2000,0.3539595162486263,0.3850404837513737,False,0.03108096750274736,0.03108096750274736,0.3539595162486263,0.3850404837513737,0.0,0.0,0.03108096750274736,0.0,0.0
rep0810,0.13,0.13102580854362464,synth_only,0.15,0.015,0.03,0.105,prop_127,1000,2000,0.15887755877201648,0.18312244122798355,False,0.024244882455967065,0.024244882455967065,0.15887755877201648,0.18312244122798355,0.0,0.0,0.024244882455967065,0.0,0.0
rep0811,0.33,0.3277871272852904,synth_only,0.15,0.015,0.03,0.105,prop_127,1000,2000,0.3703255393944709,0.40167446060552914,False,0.031348921211058256,0.031348921211058256,0.3703255393944709,0.40167446060552914,0.0,0.0,0.031348921211058256,0.0,0.0
rep0812,0.17,0.1700617888306734,synth_only,0.15,0.015,0.03,0.105,prop_127,1000,2000,0.15936351047630917,0.18363648952369085,True,0.024272979047381682,0.024272979047381682,0.15936351047630917,0.18363648952369085,0.0,0.0,0.024272979047381682,0.0,0.0
rep0813,0.74,0.7444332937639826,synth_only,0.15,0.015,0.03,0.105,prop_127,1000,2000,0.8929491795662502,0.9120508204337497,False,0.019101640867499547,0.019101640867499547,0.8929491795662502,0.9120508204337497,0.0,0.0,0.019101640867499547,0.0,0.0
rep0814,0.55,0.5477911163155484,synth_only,0.15,0.015,0.03,0.105,prop_127,1000,2000,0.5510467105694871,0.5829532894305128,False,0.03190657886102577,0.03190657886102577,0.5510467105694871,0.5829532894305128,0.0,0.0,0.03190657886102577,0.0,0.0
rep0815,0.44,0.44301852481339377,synth_only,0.15,0.015,0.03,0.105,prop_127,1000,2000,0.5109250124680326,0.5430749875319675,False,0.03214997506393491,0.03214997506393491,0.5109250124680326,0.5430749875319675,0.0,0.0,0.03214997506393491,0.0,0.0
rep0816,0.76,0.7550653227665621,synth_only,0.15,0.015,0.03,0.105,prop_127,1000,2000,1.0,1.0,False,0.0,0.0,1.0,1.0,0.0,0.0,0.0,0.0,0.0
rep0817,0.30,0.30281707381746487,synth_only,0.15,0.015,0.03,0.105,prop_127,1000,2000,0.3658601749769676,0.3971398250230324,False,0.03127965004606481,0.03127965004606481,0.3658601749769676,0.3971398250230324,0.0,0.0,0.03127965004606481,0.0,0.0
rep0818,0.68,0.675641643703314,synth_only,0.15,0.015,0.03,0.105,prop_127,1000,2000,0.8882556467169237,0.9077443532830763,False,0.019488706566152647,0.019488706566152647,0.8882556467169237,0.9077443532830763,0.0,0.0,0.019488706566152647,0.0,0.0
rep0819,0.34,0.34067507208923375,synth_only,0.15,0.015,0.03,0.105,prop_127,1000,2000,0.4075910641756962,0.4394089358243038,False,0.03181787164860761,0.03181787164860761,0.4075910641756962,0.4394089358243038,0.0,0.0,0.03181787164860761,0.0,0.0
rep0820,0.87,0.8718592297890663,synth_only,0.15,0.015,0.03,0.105,prop_127,1000,2000,0.8903409142523352,0.9096590857476649,False,0.01931817149532966,0.01931817149532966,0.8903409142523352,0.9096590857476649,0.0,0.0,0.01931817149532966,0.0,0.0
rep0821,0.31,0.3089734661518816,synth_only,0.15,0.015,0.03,0.105,prop_127,1000,2000,0.32919984861461365,0.3598001513853863,False,0.030600302770772636,0.030600302770772636,0.32919984861461365,0.3598001513853863,0.0,0.0,0.030600302770772636,0.0,0.0
rep0822,0.26,0.25784403099715614,synth_only,0.15,0.015,0.03,0.105,prop_127,1000,2000,0.32870512585368183,0.3592948741463181,False,0.030589748292636276,0.030589748292636276,0.32870512585368183,0.3592948741463181,0.0,0.0,0.030589748292636276,0.0,0.0
rep0823,0.07,0.0654069040861767,synth_only,0.15,0.015,0.03,0.105,prop_127,1000,2000,0.10232638710227793,0.12267361289772208,False,0.02034722579544415,0.02034722579544415,0.10232638710227793,0.12267361289772208,0.0,0.0,0.02034722579544415,0.0,0.0
rep0824,0.60,0.5989494104440728,synth_only,0.15,0.015,0.03,0.105,prop_127,1000,2000,0.5309728046307776,0.5630271953692225,False,0.03205439073844496,0.03205439073844496,0.5309728046307776,0.5630271953692225,0.0,0.0,0.03205439073844496,0.0,0.0
rep0825,0.19,0.19406387936257286,synth_only,0.15,0.015,0.03,0.105,prop_127,1000,2000,0.43248714581777714,0.4645128541822229,False,0.03202570836444574,0.03202570836444574,0.43248714581777714,0.4645128541822229,0.0,0.0,0.03202570836444574,0.0,0.0
rep0826,0.25,0.254633407059406,synth_only,0.15,0.015,0.03,0.105,prop_127,1000,2000,0.2291908850965427,0.2568091149034573,True,0.027618229806914613,0.027618229806914613,0.2291908850965427,0.2568091149034573,0.0,0.0,0.027618229806914613,0.0,0.0
rep0827,0.85,0.8472707896748068,synth_only,0.15,0.015,0.03,0.105,prop_127,1000,2000,0.985641779138603,0.992358220861397,False,0.006716441722794064,0.006716441722794064,0.985641779138603,0.992358220861397,0.0,0.0,0.006716441722794064,0.0,0.0
rep0828,0.59,0.5851358430881207,synth_only,0.15,0.015,0.03,0.105,prop_127,1000,2000,0.6230314584437585,0.6539685415562414,False,0.030937083112482888,0.030937083112482888,0.6230314584437585,0.6539685415562414,0.0,0.0,0.030937083112482888,0.0,0.0
rep0829,0.72,0.7197759140896983,synth_only,0.15,0.015,0.03,0.105,prop_127,1000,2000,0.6351481044377929,0.665851895562207,False,0.030703791124414126,0.030703791124414126,0.6351481044377929,0.665851895562207,0.0,0.0,0.030703791124414126,0.0,0.0
rep0830,0.25,0.24736679372268616,synth_only,0.15,0.015,0.03,0.105,prop_127,1000,2000,0.2203687061404046,0.24763129385959542,True,0.027262587719190823,0.027262587719190823,0.2203687061404046,0.24763129385959542,0.0,0.0,0.027262587719190823,0.0,0.0
rep0831,0.54,0.5396390757597858,synth_only,0.15,0.015,0.03,0.105,prop_127,1000,2000,0.7238422710548752,0.7521577289451248,False,0.028315457890249585,0.028315457890249585,0.7238422710548752,0.7521577289451248,0.0,0.0,0.028315457890249585,0.0,0.0
rep0832,0.65,0.6509954189690357,synth_only,0.15,0.015,0.03,0.105,prop_127,1000,2000,0.6913313285100325,0.7206686714899674,False,0.029337342979934844,0.029337342979934844,0.6913313285100325,0.7206686714899674,0.0,0.0,0.029337342979934844,0.0,0.0
rep0833,0.27,0.2744056716462595,synth_only,0.15,0.015,0.03,0.105,prop_127,1000,2000,0.2620993663439328,0.2909006336560672,True,0.028801267312134393,0.028801267312134393,0.2620993663439328,0.2909006336560672,0.0,0.0,0.028801267312134393,0.0,0.0
rep0834,0.30,0.29643886014362586,synth_only,0.15,0.015,0.03,0.105,prop_127,1000,2000,0.2951091270209155,0.3248908729790845,True,0.02978174595816896,0.02978174595816896,0.2951091270209155,0.3248908729790845,0.0,0.0,0.02978174595816896,0.0,0.0
rep0835,0.71,0.710451326157513,synth_only,0.15,0.015,0.03,0.105,prop_127,1000,2000,0.6336329440178835,0.6643670559821165,False,0.030734111964233035,0.030734111964233035,0.6336329440178835,0.6643670559821165,0.0,0.0,0.030734111964233035,0.0,0.0
rep0836,0.06,0.0644549064093978,synth_only,0.15,0.015,0.03,0.105,prop_127,1000,2000,0.17201107853208028,0.19698892146791971,False,0.024977842935839434,0.024977842935839434,0.17201107853208028,0.19698892146791971,0.0,0.0,0.024977842935839434,0.0,0.0
rep0837,0.80,0.8019562634935953,synth_only,0.15,0.015,0.03,0.105,prop_127,1000,2000,0.8086572236176457,0.8333427763823542,False,0.024685552764708518,0.024685552764708518,0.8086572236176457,0.8333427763823542,0.0,0.0,0.024685552764708518,0.0,0.0
rep0838,0.18,0.1823185691949923,synth_only,0.15,0.015,0.03,0.105,prop_127,1000,2000,0.2640673681321263,0.29293263186787377,False,0.028865263735747493,0.028865263735747493,0.2640673681321263,0.29293263186787377,0.0,0.0,0.028865263735747493,0.0,0.0
rep0839,0.22,0.22469835200361887,synth_only,0.15,0.015,0.03,0.105,prop_127,1000,2000,0.19786305154076392,0.22413694845923607,False,0.02627389691847215,0.02627389691847215,0.19786305154076392,0.22413694845923607,0.0,0.0,0.02627389691847215,0.0,0.0
rep0840,0.74,0.7446698084269571,synth_only,0.15,0.015,0.03,0.105,prop_127,1000,2000,0.704527872769941,0.733472127230059,False,0.028944254460117946,0.028944254460117946,0.704527872769941,0.733472127230059,0.0,0.0,0.028944254460117946,0.0,0.0
rep0841,0.38,0.37927089494916844,synth_only,0.15,0.015,0.03,0.105,prop_127,1000,2000,0.49990976828487055,0.5320902317151295,False,0.03218046343025893,0.03218046343025893,0.49990976828487055,0.5320902317151295,0.0,0.0,0.03218046343025893,0.0,0.0
rep0842,0.77,0.7685009038564122,synth_only,0.15,0.015,0.03,0.105,prop_127,1000,2000,0.7442102290488295,0.7717897709511705,True,0.02757954190234102,0.02757954190234102,0.7442102290488295,0.7717897709511705,0.0,0.0,0.02757954190234102,0.0,0.0
rep0843,0.61,0.6116441979544129,synth_only,0.15,0.015,0.03,0.105,prop_127,1000,2000,0.6690312216044947,0.6989687783955054,False,0.029937556791010733,0.029937556791010733,0.6690312216044947,0.6989687783955054,0.0,0.0,0.029937556791010733,0.0,0.0
rep0844,0.81,0.8050544843956496,synth_only,0.15,0.015,0.03,0.105,prop_127,1000,2000,0.8768066767104736,0.8971933232895264,False,0.02038664657905276,0.02038664657905276,0.8768066767104736,0.8971933232895264,0.0,0.0,0.02038664657905276,0.0,0.0
rep0845,0.50,0.5030770144484182,synth_only,0.15,0.015,0.03,0.105,prop_127,1000,2000,0.5741644664417886,0.6058355335582113,False,0.031671067116422646,0.031671067116422646,0.5741644664417886,0.6058355335582113,0.0,0.0,0.031671067116422646,0.0,0.0
rep0846,0.46,0.46466388991028595,synth_only,0.15,0.015,0.03,0.105,prop_127,1000,2000,0.4954057823641348,0.5275942176358651,False,0.03218843527173032,0.03218843527173032,0.4954057823641348,0.5275942176358651,0.0,0.0,0.03218843527173032,0.0,0.0
rep0847,0.67,0.6712039640702453,synth_only,0.15,0.015,0.03,0.105,prop_127,1000,2000,0.5837235014923247,0.6152764985076754,False,0.03155299701535075,0.03155299701535075,0.5837235014923247,0.6152764985076754,0.0,0.0,0.03155299701535075,0.0,0.0
rep0848,0.54,0.5358246516531295,synth_only,0.15,0.015,0.03,0.105,prop_127,1000,2000,0.5932887119224649,0.6247112880775351,False,0.03142257615507016,0.03142257615507016,0.5932887119224649,0.6247112880775351,0.0,0.0,0.03142257615507016,0.0,0.0
rep0849,0.48,0.47558808606764336,synth_only,0.15,0.015,0.03,0.105,prop_127,1000,2000,0.5209456618899113,0.5530543381100888,False,0.032108676220177435,0.032108676220177435,0.5209456618899113,0.5530543381100888,0.0,0.0,0.032108676220177435,0.0,0.0
rep0850,0.34,0.34392989065238194,synth_only,0.15,0.015,0.03,0.105,prop_127,1000,2000,0.25963987042946923,0.2883601295705308,False,0.028720259141061577,0.028720259141061577,0.25963987042946923,0.2883601295705308,0.0,0.0,0.028720259141061577,0.0,0.0
rep0851,0.56,0.5560594057482561,synth_only,0.15,0.015,0.03,0.105,prop_127,1000,2000,0.48640172498610273,0.5185982750138971,False,0.03219655002779437,0.03219655002779437,0.48640172498610273,0.5185982750138971,0.0,0.0,0.03219655002779437,0.0,0.0
rep0852,0.26,0.26012302186838115,synth_only,0.15,0.015,0.03,0.105,prop_127,1000,2000,0.24391273863080426,0.27208726136919575,True,0.028174522738391494,0.028174522738391494,0.24391273863080426,0.27208726136919575,0.0,0.0,0.028174522738391494,0.0,0.0
rep0853,0.75,0.7534773126797006,synth_only,0.15,0.015,0.03,0.105,prop_127,1000,2000,0.7855851385260185,0.8114148614739815,False,0.02582972294796293,0.02582972294796293,0.7855851385260185,0.8114148614739815,0.0,0.0,0.02582972294796293,0.0,0.0
rep0854,0.30,0.2969324937571981,synth_only,0.15,0.015,0.03,0.105,prop_127,1000,2000,0.25079041568642596,0.27920958431357407,False,0.028419168627148106,0.028419168627148106,0.25079041568642596,0.27920958431357407,0.0,0.0,0.028419168627148106,0.0,0.0
rep0855,0.41,0.405923986067375,synth_only,0.15,0.015,0.03,0.105,prop_127,1000,2000,0.4065960823718069,0.4384039176281931,False,0.0318078352563862,0.0318078352563862,0.4065960823718069,0.4384039176281931,0.0,0.0,0.0318078352563862,0.0,0.0
rep0856,0.22,0.21692150971974478,synth_only,0.15,0.015,0.03,0.105,prop_127,1000,2000,0.24833356957680816,0.27666643042319183,False,0.028332860846383673,0.028332860846383673,0.24833356957680816,0.27666643042319183,0.0,0.0,0.028332860846383673,0.0,0.0
rep0857,0.60,0.6039976457136771,synth_only,0.15,0.015,0.03,0.105,prop_127,1000,2000,0.6923459292545749,0.721654070745425,False,0.029308141490850037,0.029308141490850037,0.6923459292545749,0.721654070745425,0.0,0.0,0.029308141490850037,0.0,0.0
rep0858,0.52,0.5226595818444564,synth_only,0.15,0.015,0.03,0.105,prop_127,1000,2000,0.6422210702787017,0.6727789297212983,False,0.03055785944259659,0.03055785944259659,0.6422210702787017,0.6727789297212983,0.0,0.0,0.03055785944259659,0.0,0.0
rep0859,0.36,0.3649009557852776,synth_only,0.15,0.015,0.03,0.105,prop_127,1000,2000,0.6149595162486262,0.6460404837513737,False,0.03108096750274747,0.03108096750274747,0.6149595162486262,0.6460404837513737,0.0,0.0,0.03108096750274747,0.0,0.0
rep0860,0.26,0.25912749383185896,synth_only,0.15,0.015,0.03,0.105,prop_127,1000,2000,0.13221232748358805,0.15478767251641193,False,0.02257534503282388,0.02257534503282388,0.13221232748358805,0.15478767251641193,0.0,0.0,0.02257534503282388,0.0,0.0
rep0861,0.71,0.7062668668751864,synth_only,0.15,0.015,0.03,0.105,prop_127,1000,2000,0.40062759633634343,0.43237240366365653,False,0.03174480732731311,0.03174480732731311,0.40062759633634343,0.43237240366365653,0.0,0.0,0.03174480732731311,0.0,0.0
rep0862,0.75,0.7541385997310633,synth_only,0.15,0.015,0.03,0.105,prop_127,1000,2000,0.8472781841809996,0.8697218158190004,False,0.022443631638000783,0.022443631638000783,0.8472781841809996,0.8697218158190004,0.0,0.0,0.022443631638000783,0.0,0.0
rep0863,0.17,0.16819335324395354,synth_only,0.15,0.015,0.03,0.105,prop_127,1000,2000,0.29264244947868273,0.32235755052131726,False,0.02971510104263453,0.02971510104263453,0.29264244947868273,0.32235755052131726,0.0,0.0,0.02971510104263453,0.0,0.0
rep0864,0.40,0.39622981499775667,synth_only,0.15,0.015,0.03,0.105,prop_127,1000,2000,0.48240159619719813,0.5145984038028019,False,0.03219680760560373,0.03219680760560373,0.48240159619719813,0.5145984038028019,0.0,0.0,0.03219680760560373,0.0,0.0
rep0865,0.69,0.6858311175662823,synth_only,0.15,0.015,0.03,0.105,prop_127,1000,2000,0.8919056457990878,0.9110943542009121,False,0.019188708401824295,0.019188708401824295,0.8919056457990878,0.9110943542009121,0.0,0.0,0.019188708401824295,0.0,0.0
rep0866,0.47,0.4721888504698195,synth_only,0.15,0.015,0.03,0.105,prop_127,1000,2000,0.6634623427645832,0.6935376572354168,False,0.03007531447083367,0.03007531447083367,0.6634623427645832,0.6935376572354168,0.0,0.0,0.03007531447083367,0.0,0.0
rep0867,0.69,0.693794826548079,synth_only,0.15,0.015,0.03,0.105,prop_127,1000,2000,0.746249224750547,0.773750775249453,False,0.027501550498906013,0.027501550498906013,0.746249224750547,0.773750775249453,0.0,0.0,0.027501550498906013,0.0,0.0
rep0868,0.26,0.2566978664394614,synth_only,0.15,0.015,0.03,0.105,prop_127,1000,2000,0.340088460271925,0.37091153972807495,False,0.030823079456149927,0.030823079456149927,0.340088460271925,0.37091153972807495,0.0,0.0,0.030823079456149927,0.0,0.0
rep0869,0.24,0.24120304102613027,synth_only,0.15,0.015,0.03,0.105,prop_127,1000,2000,0.2502989994745992,0.2787010005254008,False,0.028402001050801595,0.028402001050801595,0.2502989994745992,0.2787010005254008,0.0,0.0,0.028402001050801595,0.0,0.0
rep0870,0.54,0.535780639473449,synth_only,0.15,0.015,0.03,0.105,prop_127,1000,2000,0.6341379789585534,0.6648620210414465,False,0.030724042082893144,0.030724042082893144,0.6341379789585534,0.6648620210414465,0.0,0.0,0.030724042082893144,0.0,0.0
rep0871,0.72,0.7154389851825377,synth_only,0.15,0.015,0.03,0.105,prop_127,1000,2000,0.7274038465704099,0.7555961534295902,False,0.028192306859180283,0.028192306859180283,0.7274038465704099,0.7555961534295902,0.0,0.0,0.028192306859180283,0.0,0.0
rep0872,0.24,0.24101545269402924,synth_only,0.15,0.015,0.03,0.105,prop_127,1000,2000,0.44694566188991136,0.4790543381100887,False,0.032108676220177323,0.032108676220177323,0.44694566188991136,0.4790543381100887,0.0,0.0,0.032108676220177323,0.0,0.0
rep0873,0.78,0.7778548045946253,synth_only,0.15,0.015,0.03,0.105,prop_127,1000,2000,0.6573899269734745,0.6876100730265254,False,0.0302201460530509,0.0302201460530509,0.6573899269734745,0.6876100730265254,0.0,0.0,0.0302201460530509,0.0,0.0
rep0874,0.15,0.15193436593523885,synth_only,0.15,0.015,0.03,0.105,prop_127,1000,2000,0.09034091425233522,0.1096590857476648,False,0.019318171495329578,0.019318171495329578,0.09034091425233522,0.1096590857476648,0.0,0.0,0.019318171495329578,0.0,0.0
rep0875,0.23,0.2346368809099312,synth_only,0.15,0.015,0.03,0.105,prop_127,1000,2000,0.13076164923581185,0.15323835076418812,False,0.022476701528376275,0.022476701528376275,0.13076164923581185,0.15323835076418812,0.0,0.0,0.022476701528376275,0.0,0.0
rep0876,0.63,0.6328743671801009,synth_only,0.15,0.015,0.03,0.105,prop_127,1000,2000,0.8024980017047678,0.8275019982952321,False,0.02500399659046426,0.02500399659046426,0.8024980017047678,0.8275019982952321,0.0,0.0,0.02500399659046426,0.0,0.0
rep0877,0.61,0.611707536587315,synth_only,0.15,0.015,0.03,0.105,prop_127,1000,2000,0.618994910743503,0.6500050892564969,False,0.031010178512993924,0.031010178512993924,0.618994910743503,0.6500050892564969,0.0,0.0,0.031010178512993924,0.0,0.0
rep0878,0.69,0.6933386821204933,synth_only,0.15,0.015,0.03,0.105,prop_127,1000,2000,0.7228248917229965,0.7511751082770035,False,0.028350216554007046,0.028350216554007046,0.7228248917229965,0.7511751082770035,0.0,0.0,0.028350216554007046,0.0,0.0
rep0879,0.03,0.03300402301366184,synth_only,0.15,0.015,0.03,0.105,prop_127,1000,2000,0.0012391475202022293,0.00476085247979777,False,0.003521704959595541,0.003521704959595541,0.0012391475202022293,0.00476085247979777,0.0,0.0,0.003521704959595541,0.0,0.0
rep0880,0.39,0.3914563282154039,synth_only,0.15,0.015,0.03,0.105,prop_127,1000,2000,0.42401785308704515,0.45598214691295486,False,0.031964293825909706,0.031964293825909706,0.42401785308704515,0.45598214691295486,0.0,0.0,0.031964293825909706,0.0,0.0
rep0881,0.19,0.1948530992919928,synth_only,0.15,0.015,0.03,0.105,prop_127,1000,2000,0.30596850522870034,0.3360314947712997,False,0.03006298954259934,0.03006298954259934,0.30596850522870034,0.3360314947712997,0.0,0.0,0.03006298954259934,0.0,0.0
rep0882,0.43,0.43200730989615416,synth_only,0.15,0.015,0.03,0.105,prop_127,1000,2000,0.6361583041699922,0.6668416958300077,False,0.030683391660015547,0.030683391660015547,0.6361583041699922,0.6668416958300077,0.0,0.0,0.030683391660015547,0.0,0.0
rep0883,0.94,0.9434516394468868,synth_only,0.15,0.015,0.03,0.105,prop_127,1000,2000,0.9265342793945893,0.9424657206054107,False,0.01593144121082135,0.01593144121082135,0.9265342793945893,0.9424657206054107,0.0,0.0,0.01593144121082135,0.0,0.0
rep0884,0.33,0.3319831018965169,synth_only,0.15,0.015,0.03,0.105,prop_127,1000,2000,0.26751222998934365,0.2964877700106563,False,0.02897554002131264,0.02897554002131264,0.26751222998934365,0.2964877700106563,0.0,0.0,0.02897554002131264,0.0,0.0
rep0885,0.73,0.7324859026395856,synth_only,0.15,0.015,0.03,0.105,prop_127,1000,2000,0.8168775587720164,0.8411224412279835,False,0.02424488245596712,0.02424488245596712,0.8168775587720164,0.8411224412279835,0.0,0.0,0.02424488245596712,0.0,0.0
rep0886,0.54,0.5385283686566426,synth_only,0.15,0.015,0.03,0.105,prop_127,1000,2000,0.5455237647856613,0.5774762352143387,False,0.031952470428677326,0.031952470428677326,0.5455237647856613,0.5774762352143387,0.0,0.0,0.031952470428677326,0.0,0.0
rep0887,0.35,0.3539669311911588,synth_only,0.15,0.015,0.03,0.105,prop_127,1000,2000,0.33860312241796847,0.3693968775820315,True,0.03079375516406302,0.03079375516406302,0.33860312241796847,0.3693968775820315,0.0,0.0,0.03079375516406302,0.0,0.0
rep0888,0.20,0.1952673020933365,synth_only,0.15,0.015,0.03,0.105,prop_127,1000,2000,0.20079516659366706,0.22720483340633293,False,0.026409666812665877,0.026409666812665877,0.20079516659366706,0.22720483340633293,0.0,0.0,0.026409666812665877,0.0,0.0
rep0889,0.26,0.26497849197301776,synth_only,0.15,0.015,0.03,0.105,prop_127,1000,2000,0.39963308341510256,0.4313669165848974,False,0.031733833169794834,0.031733833169794834,0.39963308341510256,0.4313669165848974,0.0,0.0,0.031733833169794834,0.0,0.0
rep0890,0.63,0.6290537606592542,synth_only,0.15,0.015,0.03,0.105,prop_127,1000,2000,0.7472688773741063,0.7747311226258937,False,0.02746224525178742,0.02746224525178742,0.7472688773741063,0.7747311226258937,0.0,0.0,0.02746224525178742,0.0,0.0
rep0891,0.55,0.5528966909490612,synth_only,0.15,0.015,0.03,0.105,prop_127,1000,2000,0.6690312216044947,0.6989687783955054,False,0.029937556791010733,0.029937556791010733,0.6690312216044947,0.6989687783955054,0.0,0.0,0.029937556791010733,0.0,0.0
rep0892,0.80,0.8006173868245346,synth_only,0.15,0.015,0.03,0.105,prop_127,1000,2000,0.9645076113467114,0.9754923886532886,False,0.01098477730657721,0.01098477730657721,0.9645076113467114,0.9754923886532886,0.0,0.0,0.01098477730657721,0.0,0.0
rep0893,0.29,0.29004347155906574,synth_only,0.15,0.015,0.03,0.105,prop_127,1000,2000,0.3480130399387242,0.3789869600612758,False,0.030973920122551624,0.030973920122551624,0.3480130399387242,0.3789869600612758,0.0,0.0,0.030973920122551624,0.0,0.0
rep0894,0.25,0.25027163369822375,synth_only,0.15,0.015,0.03,0.105,prop_127,1000,2000,0.14722634442589577,0.17077365557410423,False,0.02354731114820846,0.02354731114820846,0.14722634442589577,0.17077365557410423,0.0,0.0,0.02354731114820846,0.0,0.0
rep0895,0.50,0.5009754217237548,synth_only,0.15,0.015,0.03,0.105,prop_127,1000,2000,0.5726557049876859,0.6043442950123141,False,0.031688590024628205,0.031688590024628205,0.5726557049876859,0.6043442950123141,0.0,0.0,0.031688590024628205,0.0,0.0
rep0896,0.42,0.42275257362258056,synth_only,0.15,0.015,0.03,0.105,prop_127,1000,2000,0.31436641336367066,0.34463358663632937,False,0.03026717327265871,0.03026717327265871,0.31436641336367066,0.34463358663632937,0.0,0.0,0.03026717327265871,0.0,0.0
rep0897,0.57,0.5749317022579263,synth_only,0.15,0.015,0.03,0.105,prop_127,1000,2000,0.5179387865566841,0.5500612134433159,False,0.032122426886631805,0.032122426886631805,0.5179387865566841,0.5500612134433159,0.0,0.0,0.032122426886631805,0.0,0.0
rep0898,0.41,0.40999482271590626,synth_only,0.15,0.015,0.03,0.105,prop_127,1000,2000,0.475403850151804,0.507596149848196,False,0.032192299696392035,0.032192299696392035,0.475403850151804,0.507596149848196,0.0,0.0,0.032192299696392035,0.0,0.0
rep0899,0.60,0.6028749348952296,synth_only,0.15,0.015,0.03,0.105,prop_127,1000,2000,0.5354871458177771,0.5675128541822229,False,0.03202570836444574,0.03202570836444574,0.5354871458177771,0.5675128541822229,0.0,0.0,0.03202570836444574,0.0,0.0
rep0900,0.08,0.08023105099107586,synth_only,0.15,0.015,0.03,0.105,prop_127,1000,2000,0.11001843306364054,0.13098156693635946,False,0.02096313387271892,0.02096313387271892,0.11001843306364054,0.13098156693635946,0.0,0.0,0.02096313387271892,0.0,0.0
rep0901,0.25,0.24805563350972124,synth_only,0.15,0.015,0.03,0.105,prop_127,1000,2000,0.33662292964342067,0.3673770703565793,False,0.03075414071315863,0.03075414071315863,0.33662292964342067,0.3673770703565793,0.0,0.0,0.03075414071315863,0.0,0.0
rep0902,0.46,0.459208285481113,synth_only,0.15,0.015,0.03,0.105,prop_127,1000,2000,0.4674102917619484,0.49958970823805154,False,0.03217941647610312,0.03217941647610312,0.4674102917619484,0.49958970823805154,0.0,0.0,0.03217941647610312,0.0,0.0
rep0903,0.40,0.40470325308908073,synth_only,0.15,0.015,0.03,0.105,prop_127,1000,2000,0.5766794072689296,0.6083205927310704,False,0.031641185462140786,0.031641185462140786,0.5766794072689296,0.6083205927310704,0.0,0.0,0.031641185462140786,0.0,0.0
rep0904,0.74,0.7367150862951151,synth_only,0.15,0.015,0.03,0.105,prop_127,1000,2000,0.8209913136156995,0.8450086863843004,False,0.02401737276860083,0.02401737276860083,0.8209913136156995,0.8450086863843004,0.0,0.0,0.02401737276860083,0.0,0.0
rep0905,0.53,0.5262469525590572,synth_only,0.15,0.015,0.03,0.105,prop_127,1000,2000,0.7830256268488512,0.8089743731511488,False,0.0259487463022976,0.0259487463022976,0.7830256268488512,0.8089743731511488,0.0,0.0,0.0259487463022976,0.0,0.0
rep0906,0.43,0.4295134784735216,synth_only,0.15,0.015,0.03,0.105,prop_127,1000,2000,0.3936674207415589,0.42533257925844103,False,0.03166515851688212,0.03166515851688212,0.3936674207415589,0.42533257925844103,0.0,0.0,0.03166515851688212,0.0,0.0
rep0907,0.58,0.5849474766699793,synth_only,0.15,0.015,0.03,0.105,prop_127,1000,2000,0.5214468645687714,0.5535531354312285,False,0.0321062708624571,0.0321062708624571,0.5214468645687714,0.5535531354312285,0.0,0.0,0.0321062708624571,0.0,0.0
rep0908,0.48,0.48492751275630064,synth_only,0.15,0.015,0.03,0.105,prop_127,1000,2000,0.7182478470487041,0.7467521529512959,False,0.028504305902591787,0.028504305902591787,0.7182478470487041,0.7467521529512959,0.0,0.0,0.028504305902591787,0.0,0.0
rep0909,0.60,0.6005456321863921,synth_only,0.15,0.015,0.03,0.105,prop_127,1000,2000,0.7840493386685611,0.809950661331439,False,0.025901322662877924,0.025901322662877924,0.7840493386685611,0.809950661331439,0.0,0.0,0.025901322662877924,0.0,0.0
rep0910,0.24,0.2355777817622394,synth_only,0.15,0.015,0.03,0.105,prop_127,1000,2000,0.16860358790518287,0.19339641209481712,False,0.024792824189634244,0.024792824189634244,0.16860358790518287,0.19339641209481712,0.0,0.0,0.024792824189634244,0.0,0.0
rep0911,0.93,0.9274402226674996,synth_only,0.15,0.015,0.03,0.105,prop_127,1000,2000,0.9810863812905333,0.9889136187094667,False,0.00782723741893343,0.00782723741893343,0.9810863812905333,0.9889136187094667,0.0,0.0,0.00782723741893343,0.0,0.0
rep0912,0.33,0.3328031798974252,synth_only,0.15,0.015,0.03,0.105,prop_127,1000,2000,0.3747923165385334,0.40620768346146663,False,0.03141536692293323,0.03141536692293323,0.3747923165385334,0.40620768346146663,0.0,0.0,0.03141536692293323,0.0,0.0
rep0913,0.79,0.7928530932485195,synth_only,0.15,0.015,0.03,0.105,prop_127,1000,2000,0.9044494057289229,0.9225505942710771,False,0.018101188542154256,0.018101188542154256,0.9044494057289229,0.9225505942710771,0.0,0.0,0.018101188542154256,0.0,0.0
rep0914,0.28,0.27955813148107167,synth_only,0.15,0.015,0.03,0.105,prop_127,1000,2000,0.3460314584437585,0.3769685415562415,False,0.030937083112483,0.030937083112483,0.3460314584437585,0.3769685415562415,0.0,0.0,0.030937083112483,0.0,0.0
rep0915,0.59,0.5854321739882112,synth_only,0.15,0.015,0.03,0.105,prop_127,1000,2000,0.728930594871659,0.757069405128341,False,0.028138810256681968,0.028138810256681968,0.728930594871659,0.757069405128341,0.0,0.0,0.028138810256681968,0.0,0.0
rep0916,0.55,0.5465347024511903,synth_only,0.15,0.015,0.03,0.105,prop_127,1000,2000,0.58724680400982,0.61875319599018,False,0.03150639198035998,0.03150639198035998,0.58724680400982,0.61875319599018,0.0,0.0,0.03150639198035998,0.0,0.0
rep0917,0.56,0.5579033237171087,synth_only,0.15,0.015,0.03,0.105,prop_127,1000,2000,0.6857525392170664,0.7152474607829337,False,0.029494921565867305,0.029494921565867305,0.6857525392170664,0.7152474607829337,0.0,0.0,0.029494921565867305,0.0,0.0
rep0918,0.72,0.7218633328980577,synth_only,0.15,0.015,0.03,0.105,prop_127,1000,2000,0.7197733182968332,0.7482266817031668,True,0.02845336340633353,0.02845336340633353,0.7197733182968332,0.7482266817031668,0.0,0.0,0.02845336340633353,0.0,0.0
rep0919,0.87,0.8656176910114827,synth_only,0.15,0.015,0.03,0.105,prop_127,1000,2000,0.9281197013262706,0.9438802986737295,False,0.015760597347458827,0.015760597347458827,0.9281197013262706,0.9438802986737295,0.0,0.0,0.015760597347458827,0.0,0.0
rep0920,0.62,0.6233059094640105,synth_only,0.15,0.015,0.03,0.105,prop_127,1000,2000,0.6048760244803485,0.6361239755196516,True,0.031247951039303112,0.031247951039303112,0.6048760244803485,0.6361239755196516,0.0,0.0,0.031247951039303112,0.0,0.0
rep0921,0.22,0.2173664709418197,synth_only,0.15,0.015,0.03,0.105,prop_127,1000,2000,0.1793184872839711,0.2046815127160289,False,0.025363025432057817,0.025363025432057817,0.1793184872839711,0.2046815127160289,0.0,0.0,0.025363025432057817,0.0,0.0
rep0922,0.70,0.7005194618395932,synth_only,0.15,0.015,0.03,0.105,prop_127,1000,2000,0.41406006953990854,0.44593993046009145,False,0.03187986092018291,0.03187986092018291,0.41406006953990854,0.44593993046009145,0.0,0.0,0.03187986092018291,0.0,0.0
rep0923,0.16,0.16440842251557405,synth_only,0.15,0.015,0.03,0.105,prop_127,1000,2000,0.43846831806317543,0.4705316819368246,False,0.032063363873649164,0.032063363873649164,0.43846831806317543,0.4705316819368246,0.0,0.0,0.032063363873649164,0.0,0.0
rep0924,0.14,0.1429748606919633,synth_only,0.15,0.015,0.03,0.105,prop_127,1000,2000,0.06651960141612409,0.0834803985838759,False,0.016960797167751812,0.016960797167751812,0.06651960141612409,0.0834803985838759,0.0,0.0,0.016960797167751812,0.0,0.0
rep0925,0.67,0.666712725019911,synth_only,0.15,0.015,0.03,0.105,prop_127,1000,2000,0.754919611306152,0.7820803886938479,False,0.027160777387695845,0.027160777387695845,0.754919611306152,0.7820803886938479,0.0,0.0,0.027160777387695845,0.0,0.0
rep0926,0.17,0.16622442380947358,synth_only,0.15,0.015,0.03,0.105,prop_127,1000,2000,0.15402013742585607,0.17797986257414394,True,0.02395972514828787,0.02395972514828787,0.15402013742585607,0.17797986257414394,0.0,0.0,0.02395972514828787,0.0,0.0
rep0927,0.51,0.5141555573393931,synth_only,0.15,0.015,0.03,0.105,prop_127,1000,2000,0.6670058961628715,0.6969941038371286,False,0.029988207674257028,0.029988207674257028,0.6670058961628715,0.6969941038371286,0.0,0.0,0.029988207674257028,0.0,0.0
rep0928,0.38,0.38486703788990645,synth_only,0.15,0.015,0.03,0.105,prop_127,1000,2000,0.5636063191869561,0.5953936808130439,False,0.03178736162608775,0.03178736162608775,0.5636063191869561,0.5953936808130439,0.0,0.0,0.03178736162608775,0.0,0.0
rep0929,0.53,0.5258807586557327,synth_only,0.15,0.015,0.03,0.105,prop_127,1000,2000,0.4075910641756962,0.4394089358243038,False,0.03181787164860761,0.03181787164860761,0.4075910641756962,0.4394089358243038,0.0,0.0,0.03181787164860761,0.0,0.0
rep0930,0.69,0.6861048992827523,synth_only,0.15,0.015,0.03,0.105,prop_127,1000,2000,0.7569608177826826,0.7840391822173173,False,0.027078364434634628,0.027078364434634628,0.7569608177826826,0.7840391822173173,0.0,0.0,0.027078364434634628,0.0,0.0
rep0931,0.79,0.7886264475385006,synth_only,0.15,0.015,0.03,0.105,prop_127,1000,2000,0.942449694429225,0.956550305570775,False,0.014100611141550035,0.014100611141550035,0.942449694429225,0.956550305570775,0.0,0.0,0.014100611141550035,0.0,0.0
rep0932,0.75,0.7530435600518499,synth_only,0.15,0.015,0.03,0.105,prop_127,1000,2000,0.5505445420114616,0.5824554579885384,False,0.03191091597707674,0.03191091597707674,0.5505445420114616,0.5824554579885384,0.0,0.0,0.03191091597707674,0.0,0.0
rep0933,0.46,0.4603632560540694,synth_only,0.15,0.015,0.03,0.105,prop_127,1000,2000,0.6235361083954625,0.6544638916045376,False,0.030927783209075077,0.030927783209075077,0.6235361083954625,0.6544638916045376,0.0,0.0,0.030927783209075077,0.0,0.0
rep0934,0.36,0.3640486656919765,synth_only,0.15,0.015,0.03,0.105,prop_127,1000,2000,0.3079439737842465,0.33805602621575354,False,0.030112052431507053,0.030112052431507053,0.3079439737842465,0.33805602621575354,0.0,0.0,0.030112052431507053,0.0,0.0
rep0935,0.45,0.4484190082718218,synth_only,0.15,0.015,0.03,0.105,prop_127,1000,2000,0.429995685448226,0.46200431455177404,True,0.03200862910354807,0.03200862910354807,0.429995685448226,0.46200431455177404,0.0,0.0,0.03200862910354807,0.0,0.0
rep0936,0.47,0.4668823636384429,synth_only,0.15,0.015,0.03,0.105,prop_127,1000,2000,0.5485360330654797,0.5804639669345203,False,0.03192793386904058,0.03192793386904058,0.5485360330654797,0.5804639669345203,0.0,0.0,0.03192793386904058,0.0,0.0
rep0937,0.49,0.48634738882638967,synth_only,0.15,0.015,0.03,0.105,prop_127,1000,2000,0.5731586085742303,0.6048413914257696,False,0.03168278285153936,0.03168278285153936,0.5731586085742303,0.6048413914257696,0.0,0.0,0.03168278285153936,0.0,0.0
rep0938,0.05,0.050518539447385644,synth_only,0.15,0.015,0.03,0.105,prop_127,1000,2000,0.1486814924933294,0.1723185075066706,False,0.0236370150133412,0.0236370150133412,0.1486814924933294,0.1723185075066706,0.0,0.0,0.0236370150133412,0.0,0.0
rep0939,0.29,0.28880775061146474,synth_only,0.15,0.015,0.03,0.105,prop_127,1000,2000,0.32919984861461365,0.3598001513853863,False,0.030600302770772636,0.030600302770772636,0.32919984861461365,0.3598001513853863,0.0,0.0,0.030600302770772636,0.0,0.0
rep0940,0.87,0.8734333798785777,synth_only,0.15,0.015,0.03,0.105,prop_127,1000,2000,0.7804668840106634,0.8065331159893365,False,0.026066231978673082,0.026066231978673082,0.7804668840106634,0.8065331159893365,0.0,0.0,0.026066231978673082,0.0,0.0
rep0941,0.68,0.683200274884099,synth_only,0.15,0.015,0.03,0.105,prop_127,1000,2000,0.5430139942276535,0.5749860057723466,False,0.03197201154469309,0.03197201154469309,0.5430139942276535,0.5749860057723466,0.0,0.0,0.03197201154469309,0.0,0.0
rep0942,0.27,0.2710550747889007,synth_only,0.15,0.015,0.03,0.105,prop_127,1000,2000,0.3227699225584005,0.35323007744159957,False,0.030460154883199086,0.030460154883199086,0.3227699225584005,0.35323007744159957,0.0,0.0,0.030460154883199086,0.0,0.0
rep0943,0.47,0.4731482432428844,synth_only,0.15,0.015,0.03,0.105,prop_127,1000,2000,0.2911626884753485,0.3208373115246515,False,0.029674623049303017,0.029674623049303017,0.2911626884753485,0.3208373115246515,0.0,0.0,0.029674623049303017,0.0,0.0
rep0944,0.51,0.5146957667549181,synth_only,0.15,0.015,0.03,0.105,prop_127,1000,2000,0.45842247345366194,0.490577526546338,False,0.03215505309267608,0.03215505309267608,0.45842247345366194,0.490577526546338,0.0,0.0,0.03215505309267608,0.0,0.0
rep0945,0.59,0.5886557890573638,synth_only,0.15,0.015,0.03,0.105,prop_127,1000,2000,0.5485360330654797,0.5804639669345203,False,0.03192793386904058,0.03192793386904058,0.5485360330654797,0.5804639669345203,0.0,0.0,0.03192793386904058,0.0,0.0
rep0946,0.44,0.4370820847951539,synth_only,0.15,0.015,0.03,0.105,prop_127,1000,2000,0.3465268266384824,0.3774731733615176,False,0.0309463467230352,0.0309463467230352,0.3465268266384824,0.3774731733615176,0.0,0.0,0.0309463467230352,0.0,0.0
rep0947,0.87,0.866519565812173,synth_only,0.15,0.015,0.03,0.105,prop_127,1000,2000,1.0,1.0,False,0.0,0.0,1.0,1.0,0.0,0.0,0.0,0.0,0.0
rep0948,0.85,0.8452851546189601,synth_only,0.15,0.015,0.03,0.105,prop_127,1000,2000,0.9018321191876804,0.9201678808123197,False,0.018335761624639346,0.018335761624639346,0.9018321191876804,0.9201678808123197,0.0,0.0,0.018335761624639346,0.0,0.0
rep0949,0.20,0.20032059485290374,synth_only,0.15,0.015,0.03,0.105,prop_127,1000,2000,0.07792577002224141,0.09607422997775858,False,0.01814845995551717,0.01814845995551717,0.07792577002224141,0.09607422997775858,0.0,0.0,0.01814845995551717,0.0,0.0
rep0950,0.90,0.9021015317955764,synth_only,0.15,0.015,0.03,0.105,prop_127,1000,2000,0.8945150597692221,0.913484940230778,True,0.0189698804615559,0.0189698804615559,0.8945150597692221,0.913484940230778,0.0,0.0,0.0189698804615559,0.0,0.0
rep0951,0.22,0.2157506964984059,synth_only,0.15,0.015,0.03,0.105,prop_127,1000,2000,0.2946157507207844,0.3243842492792156,False,0.029768498558431222,0.029768498558431222,0.2946157507207844,0.3243842492792156,0.0,0.0,0.029768498558431222,0.0,0.0
rep0952,0.58,0.5800357124187395,synth_only,0.15,0.015,0.03,0.105,prop_127,1000,2000,0.6801762839051441,0.7098237160948558,False,0.029647432189711775,0.029647432189711775,0.6801762839051441,0.7098237160948558,0.0,0.0,0.029647432189711775,0.0,0.0
rep0953,0.80,0.7973444873405898,synth_only,0.15,0.015,0.03,0.105,prop_127,1000,2000,0.902355399470354,0.9206446005296459,False,0.018289201059291882,0.018289201059291882,0.902355399470354,0.9206446005296459,0.0,0.0,0.018289201059291882,0.0,0.0
rep0954,0.13,0.13271607730771978,synth_only,0.15,0.015,0.03,0.105,prop_127,1000,2000,0.263083322407411,0.29191667759258905,False,0.028833355185178045,0.028833355185178045,0.263083322407411,0.29191667759258905,0.0,0.0,0.028833355185178045,0.0,0.0
rep0955,0.18,0.1837336297706667,synth_only,0.15,0.015,0.03,0.105,prop_127,1000,2000,0.3301893503737374,0.3608106496262625,False,0.030621299252525103,0.030621299252525103,0.3301893503737374,0.3608106496262625,0.0,0.0,0.030621299252525103,0.0,0.0
rep0956,0.79,0.7854056279441578,synth_only,0.15,0.015,0.03,0.105,prop_127,1000,2000,0.8684996955956749,0.8895003044043251,False,0.02100060880865029,0.02100060880865029,0.8684996955956749,0.8895003044043251,0.0,0.0,0.02100060880865029,0.0,0.0
rep0957,0.32,0.32124689447320376,synth_only,0.15,0.015,0.03,0.105,prop_127,1000,2000,0.44544931863600856,0.4775506813639915,False,0.03210136272798292,0.03210136272798292,0.44544931863600856,0.4775506813639915,0.0,0.0,0.03210136272798292,0.0,0.0
rep0958,0.20,0.1951799771873339,synth_only,0.15,0.015,0.03,0.105,prop_127,1000,2000,0.46191711462853735,0.4940828853714626,False,0.03216577074292526,0.03216577074292526,0.46191711462853735,0.4940828853714626,0.0,0.0,0.03216577074292526,0.0,0.0
rep0959,0.38,0.3812986858290224,synth_only,0.15,0.015,0.03,0.105,prop_127,1000,2000,0.4794021757553833,0.5115978242446168,False,0.03219564848923345,0.03219564848923345,0.4794021757553833,0.5115978242446168,0.0,0.0,0.03219564848923345,0.0,0.0
rep0960,0.41,0.41380077638099233,synth_only,0.15,0.015,0.03,0.105,prop_127,1000,2000,0.5415083292289776,0.5734916707710224,False,0.03198334154204474,0.03198334154204474,0.5415083292289776,0.5734916707710224,0.0,0.0,0.03198334154204474,0.0,0.0
rep0961,0.74,0.7387153100599416,synth_only,0.15,0.015,0.03,0.105,prop_127,1000,2000,0.7641084769466074,0.7908915230533925,False,0.026783046106785058,0.026783046106785058,0.7641084769466074,0.7908915230533925,0.0,0.0,0.026783046106785058,0.0,0.0
rep0962,0.38,0.3817854357146475,synth_only,0.15,0.015,0.03,0.105,prop_127,1000,2000,0.2591480391362698,0.2878519608637302,False,0.02870392172746039,0.02870392172746039,0.2591480391362698,0.2878519608637302,0.0,0.0,0.02870392172746039,0.0,0.0
rep0963,0.25,0.24572917508517655,synth_only,0.15,0.015,0.03,0.105,prop_127,1000,2000,0.31584898170719655,0.3461510182928035,False,0.03030203658560693,0.03030203658560693,0.31584898170719655,0.3461510182928035,0.0,0.0,0.03030203658560693,0.0,0.0
rep0964,0.25,0.25425955518401544,synth_only,0.15,0.015,0.03,0.105,prop_127,1000,2000,0.4270064737501873,0.4589935262498127,False,0.03198705249962541,0.03198705249962541,0.4270064737501873,0.4589935262498127,0.0,0.0,0.03198705249962541,0.0,0.0
rep0965,0.45,0.4517564805327457,synth_only,0.15,0.015,0.03,0.105,prop_127,1000,2000,0.3966499484626326,0.4283500515373674,False,0.03170010307473481,0.03170010307473481,0.3966499484626326,0.4283500515373674,0.0,0.0,0.03170010307473481,0.0,0.0
rep0966,0.23,0.22964343595308967,synth_only,0.15,0.015,0.03,0.105,prop_127,1000,2000,0.31189585399106734,0.3421041460089327,False,0.030208292017865346,0.030208292017865346,0.31189585399106734,0.3421041460089327,0.0,0.0,0.030208292017865346,0.0,0.0
rep0967,0.37,0.3666314767937022,synth_only,0.15,0.015,0.03,0.105,prop_127,1000,2000,0.4394654085284037,0.4715345914715963,False,0.03206918294319261,0.03206918294319261,0.4394654085284037,0.4715345914715963,0.0,0.0,0.03206918294319261,0.0,0.0
rep0968,0.63,0.6272541597710806,synth_only,0.15,0.015,0.03,0.105,prop_127,1000,2000,0.7380956872604184,0.7659043127395816,False,0.027808625479163185,0.027808625479163185,0.7380956872604184,0.7659043127395816,0.0,0.0,0.027808625479163185,0.0,0.0
rep0969,0.70,0.7008586148082405,synth_only,0.15,0.015,0.03,0.105,prop_127,1000,2000,0.8081437614013185,0.8328562385986815,False,0.024712477197363025,0.024712477197363025,0.8081437614013185,0.8328562385986815,0.0,0.0,0.024712477197363025,0.0,0.0
rep0970,0.54,0.5406120721715562,synth_only,0.15,0.015,0.03,0.105,prop_127,1000,2000,0.4989087696989074,0.5310912303010926,False,0.032182460602185214,0.032182460602185214,0.4989087696989074,0.5310912303010926,0.0,0.0,0.032182460602185214,0.0,0.0
rep0971,0.16,0.1556622029622385,synth_only,0.15,0.015,0.03,0.105,prop_127,1000,2000,0.22771993941822588,0.2552800605817741,False,0.027560121163548223,0.027560121163548223,0.22771993941822588,0.2552800605817741,0.0,0.0,0.027560121163548223,0.0,0.0
rep0972,0.94,0.9379373051052255,synth_only,0.15,0.015,0.03,0.105,prop_127,1000,2000,1.0,1.0,False,0.0,0.0,1.0,1.0,0.0,0.0,0.0,0.0,0.0
rep0973,0.27,0.27483004245897774,synth_only,0.15,0.015,0.03,0.105,prop_127,1000,2000,0.36784460638267213,0.3991553936173279,False,0.031310787234655746,0.031310787234655746,0.36784460638267213,0.3991553936173279,0.0,0.0,0.031310787234655746,0.0,0.0
rep0974,0.61,0.6081572880828607,synth_only,0.15,0.015,0.03,0.105,prop_127,1000,2000,0.7030044417472735,0.7319955582527266,False,0.028991116505453052,0.028991116505453052,0.7030044417472735,0.7319955582527266,0.0,0.0,0.028991116505453052,0.0,0.0
rep0975,0.55,0.5543986460906293,synth_only,0.15,0.015,0.03,0.105,prop_127,1000,2000,0.6058840548396448,0.6371159451603553,False,0.031231890320710498,0.031231890320710498,0.6058840548396448,0.6371159451603553,0.0,0.0,0.031231890320710498,0.0,0.0
rep0976,0.88,0.8820978183499276,synth_only,0.15,0.015,0.03,0.105,prop_127,1000,2000,0.715197529864239,0.7438024701357611,False,0.02860494027152205,0.02860494027152205,0.715197529864239,0.7438024701357611,0.0,0.0,0.02860494027152205,0.0,0.0
rep0977,0.64,0.637666516403361,synth_only,0.15,0.015,0.03,0.105,prop_127,1000,2000,0.7004658306012127,0.7295341693987872,False,0.029068338797574533,0.029068338797574533,0.7004658306012127,0.7295341693987872,0.0,0.0,0.029068338797574533,0.0,0.0
rep0978,0.58,0.5822856282238834,synth_only,0.15,0.015,0.03,0.105,prop_127,1000,2000,0.7513485301114576,0.7786514698885424,False,0.027302939777084756,0.027302939777084756,0.7513485301114576,0.7786514698885424,0.0,0.0,0.027302939777084756,0.0,0.0
rep0979,0.79,0.7928993920058985,synth_only,0.15,0.015,0.03,0.105,prop_127,1000,2000,0.6913313285100325,0.7206686714899674,False,0.029337342979934844,0.029337342979934844,0.6913313285100325,0.7206686714899674,0.0,0.0,0.029337342979934844,0.0,0.0
rep0980,0.65,0.6542298263224308,synth_only,0.15,0.015,0.03,0.105,prop_127,1000,2000,0.7937808690885277,0.8192191309114722,False,0.025438261822944508,0.025438261822944508,0.7937808690885277,0.8192191309114722,0.0,0.0,0.025438261822944508,0.0,0.0
rep0981,0.82,0.8216350162371281,synth_only,0.15,0.015,0.03,0.105,prop_127,1000,2000,0.6720698110474035,0.7019301889525966,False,0.029860377905193136,0.029860377905193136,0.6720698110474035,0.7019301889525966,0.0,0.0,0.029860377905193136,0.0,0.0
rep0982,0.31,0.3122888464957295,synth_only,0.15,0.015,0.03,0.105,prop_127,1000,2000,0.241948547578302,0.27005145242169803,False,0.02810290484339603,0.02810290484339603,0.241948547578302,0.27005145242169803,0.0,0.0,0.02810290484339603,0.0,0.0
rep0983,0.24,0.24341823882522612,synth_only,0.15,0.015,0.03,0.105,prop_127,1000,2000,0.3807502015746913,0.41224979842530873,False,0.03149959685061743,0.03149959685061743,0.3807502015746913,0.41224979842530873,0.0,0.0,0.03149959685061743,0.0,0.0
rep0984,0.46,0.45508408535305495,synth_only,0.15,0.015,0.03,0.105,prop_127,1000,2000,0.43597587723939324,0.4680241227606068,True,0.03204824552121355,0.03204824552121355,0.43597587723939324,0.4680241227606068,0.0,0.0,0.03204824552121355,0.0,0.0
rep0985,0.44,0.4375299950469971,synth_only,0.15,0.015,0.03,0.105,prop_127,1000,2000,0.43099222048023667,0.46300777951976335,True,0.032015559039526686,0.032015559039526686,0.43099222048023667,0.46300777951976335,0.0,0.0,0.032015559039526686,0.0,0.0
rep0986,0.84,0.8420823032906237,synth_only,0.15,0.015,0.03,0.105,prop_127,1000,2000,0.8199626449429249,0.844037355057075,True,0.024074710114150077,0.024074710114150077,0.8199626449429249,0.844037355057075,0.0,0.0,0.024074710114150077,0.0,0.0
rep0987,0.51,0.5125880374502091,synth_only,0.15,0.015,0.03,0.105,prop_127,1000,2000,0.7187563142089426,0.7472436857910574,False,0.028487371582114784,0.028487371582114784,0.7187563142089426,0.7472436857910574,0.0,0.0,0.028487371582114784,0.0,0.0
rep0988,0.84,0.8375435844417034,synth_only,0.15,0.015,0.03,0.105,prop_127,1000,2000,1.0,1.0,False,0.0,0.0,1.0,1.0,0.0,0.0,0.0,0.0,0.0
rep0989,0.16,0.15603075370580066,synth_only,0.15,0.015,0.03,0.105,prop_127,1000,2000,0.10088590248291357,0.12111409751708643,False,0.020228195034172863,0.020228195034172863,0.10088590248291357,0.12111409751708643,0.0,0.0,0.020228195034172863,0.0,0.0
rep0990,0.30,0.30237411939330205,synth_only,0.15,0.015,0.03,0.105,prop_127,1000,2000,0.4529324948170863,0.48506750518291364,False,0.03213501036582733,0.03213501036582733,0.4529324948170863,0.48506750518291364,0.0,0.0,0.03213501036582733,0.0,0.0
rep0991,0.60,0.6025508144464183,synth_only,0.15,0.015,0.03,0.105,prop_127,1000,2000,0.7994202588155666,0.8245797411844336,False,0.025159482368867003,0.025159482368867003,0.7994202588155666,0.8245797411844336,0.0,0.0,0.025159482368867003,0.0,0.0
rep0992,0.80,0.8032639851808171,synth_only,0.15,0.015,0.03,0.105,prop_127,1000,2000,0.9007858194554549,0.9192141805445452,False,0.018428361089090295,0.018428361089090295,0.9007858194554549,0.9192141805445452,0.0,0.0,0.018428361089090295,0.0,0.0
rep0993,0.61,0.6060913430792686,synth_only,0.15,0.015,0.03,0.105,prop_127,1000,2000,0.6018523556189432,0.6331476443810569,True,0.03129528876211363,0.03129528876211363,0.6018523556189432,0.6331476443810569,0.0,0.0,0.03129528876211363,0.0,0.0
rep0994,0.63,0.63435798234609,synth_only,0.15,0.015,0.03,0.105,prop_127,1000,2000,0.7223162374500793,0.7506837625499208,False,0.028367525099841417,0.028367525099841417,0.7223162374500793,0.7506837625499208,0.0,0.0,0.028367525099841417,0.0,0.0
rep0995,0.47,0.4677370119041559,synth_only,0.15,0.015,0.03,0.105,prop_127,1000,2000,0.4719061607828792,0.5040938392171207,False,0.03218767843424147,0.03218767843424147,0.4719061607828792,0.5040938392171207,0.0,0.0,0.03218767843424147,0.0,0.0
rep0996,0.48,0.47833721845184457,synth_only,0.15,0.015,0.03,0.105,prop_127,1000,2000,0.45942086158913686,0.4915791384108631,True,0.03215827682172623,0.03215827682172623,0.45942086158913686,0.4915791384108631,0.0,0.0,0.03215827682172623,0.0,0.0
rep0997,0.15,0.15449303723364252,synth_only,0.15,0.015,0.03,0.105,prop_127,1000,2000,0.11098101614205431,0.13201898385794567,False,0.02103796771589135,0.02103796771589135,0.11098101614205431,0.13201898385794567,0.0,0.0,0.02103796771589135,0.0,0.0
rep0998,0.62,0.6166365598340153,synth_only,0.15,0.015,0.03,0.105,prop_127,1000,2000,0.7646192316405955,0.7913807683594045,False,0.026761536718808987,0.026761536718808987,0.7646192316405955,0.7913807683594045,0.0,0.0,0.026761536718808987,0.0,0.0
rep0999,0.53,0.5271154519776099,synth_only,0.15,0.015,0.03,0.105,prop_127,1000,2000,0.6948828051902064,0.7241171948097936,False,0.029234389619587242,0.029234389619587242,0.6948828051902064,0.7241171948097936,0.0,0.0,0.029234389619587242,0.0,0.0
