task_id,label,theta,algo,alpha,alpha1,alpha2,alpha3,alloc,n_j,N_j,L,U,covered,width,width_clip,L_tilde,U_tilde,delta_L,delta_U,W1,W2,W3
rep0000,0.64,0.6373258281549462,alg2,0.15,0.005,0.005,0.13999999999999999,abs_005_005,1000,2000,0.4871038296944198,1.0433312013515552,True,0.5562273716571354,0.5128961703055802,0.7487829784871016,0.8012170215128984,-0.26167914879268184,0.24211417983865685,0.052434043025796795,0.11179332863133873,0.392
rep0001,0.63,0.6286775031272058,alg2,0.15,0.005,0.005,0.13999999999999999,abs_005_005,1000,2000,0.24270216889045482,0.7952974084212345,True,0.5525952395307797,0.5525952395307797,0.5051923137765774,0.5678076862234226,-0.26249014488612255,0.22748972219781188,0.06261537244684523,0.13247986708393455,0.3574999999999999
rep0002,0.41,0.41163350278134125,alg2,0.15,0.005,0.005,0.13999999999999999,abs_005_005,1000,2000,0.2952574641841186,0.7776283638511007,True,0.4823708996669821,0.4823708996669821,0.5651925996378261,0.6268074003621739,-0.2699351354537075,0.15082096348892685,0.061614800724347774,0.13225609894263435,0.2885
rep0003,0.61,0.6096642639308459,alg2,0.15,0.005,0.005,0.13999999999999999,abs_005_005,1000,2000,0.26810698700139435,0.7838300065413177,True,0.5157230195399234,0.5157230195399234,0.5535600924311396,0.6154399075688605,-0.2854531054297452,0.16839009897245732,0.061879815137720895,0.13834320440220255,0.3155
rep0004,0.49,0.48771390184223834,alg2,0.15,0.005,0.005,0.13999999999999999,abs_005_005,1000,2000,0.41350331653569866,0.9737600386443221,True,0.5602567221086234,0.5602567221086234,0.6902646077134704,0.7467353922865296,-0.27676129117777176,0.22702464635779246,0.05647078457305921,0.12428593753556422,0.3795
rep0005,0.45,0.45399106596774735,alg2,0.15,0.005,0.005,0.13999999999999999,abs_005_005,1000,2000,0.13295998812346443,0.6440484741605119,True,0.5110884860370475,0.5110884860370475,0.3914879417487185,0.4535120582512815,-0.25852795362525405,0.19053641590923043,0.06202411650256301,0.13556436953448442,0.31350000000000006
rep0006,0.55,0.5464766064649674,alg2,0.15,0.005,0.005,0.13999999999999999,abs_005_005,1000,2000,0.28059811595626094,0.8994607735676046,True,0.6188626576113436,0.6188626576113436,0.607827877329488,0.6681721226705121,-0.327229761373227,0.23128865089709255,0.060344245341024116,0.13801841227031952,0.4205
rep0007,0.86,0.8640043102014627,alg2,0.15,0.005,0.005,0.13999999999999999,abs_005_005,1000,2000,0.581326764301574,1.1615814278226573,True,0.5802546635210832,0.41867323569842596,0.9090142925758743,0.9419857074241257,-0.3276875282743002,0.21959572039853156,0.03297141484825139,0.13278324867283176,0.4145
rep0008,0.39,0.3885451173297374,alg2,0.15,0.005,0.005,0.13999999999999999,abs_005_005,1000,2000,0.21704073733970844,0.7042358812242016,True,0.48719514388449314,0.48719514388449314,0.4536226888809052,0.5163773111190948,-0.23658195154119674,0.1878585701051067,0.06275462223818962,0.12094052164630342,0.3035
rep0009,0.65,0.6548269806048382,alg2,0.15,0.005,0.005,0.13999999999999999,abs_005_005,1000,2000,0.25696731484504926,0.847132277498301,True,0.5901649626532517,0.5901649626532517,0.5565929786575801,0.61840702134242,-0.2996256638125308,0.22872525615588102,0.06181404268483992,0.13985091996841176,0.3885
rep0010,0.04,0.04485482439916032,alg2,0.15,0.005,0.005,0.13999999999999999,abs_005_005,1000,2000,-0.1172985022698261,0.43110441813078904,True,0.5484029204006151,0.43110441813078904,0.1882510573577341,0.2397489426422659,-0.3055495596275602,0.19135547548852314,0.05149788528453181,0.1269050351160833,0.37
rep0011,0.48,0.4849986644406866,alg2,0.15,0.005,0.005,0.13999999999999999,abs_005_005,1000,2000,0.25706886626951164,0.7938464147598709,True,0.5367775484903593,0.5367775484903593,0.549518079532449,0.611481920467551,-0.2924492132629374,0.18236449429231993,0.06196384093510199,0.13281370755525734,0.34199999999999997
rep0012,0.16,0.15828025818708946,alg2,0.15,0.005,0.005,0.13999999999999999,abs_005_005,1000,2000,-0.14400963507051728,0.345397407404307,True,0.4894070424748243,0.345397407404307,0.13368917700510524,0.17931082299489476,-0.2776988120756225,0.16608658440941226,0.04562164598978952,0.12428539648503478,0.3195
rep0013,0.55,0.5484808341249996,alg2,0.15,0.005,0.005,0.13999999999999999,abs_005_005,1000,2000,0.1206629762280183,0.7420328826994057,True,0.6213699064713873,0.6213699064713873,0.46410983093197367,0.5268901690680263,-0.34344685470395536,0.2151427136313794,0.06278033813605266,0.1270895683353348,0.4315
rep0014,0.31,0.3109773362624415,alg2,0.15,0.005,0.005,0.13999999999999999,abs_005_005,1000,2000,0.1213167469591081,0.6817129409666063,True,0.5603961940074982,0.5603961940074982,0.3949542621576793,0.45704573784232067,-0.2736375151985712,0.22466720312428556,0.06209147568464135,0.1293047183228569,0.3689999999999999
rep0015,0.29,0.289124392982063,alg2,0.15,0.005,0.005,0.13999999999999999,abs_005_005,1000,2000,0.04575345422533833,0.5685122413691864,True,0.5227587871438482,0.5227587871438482,0.33084597641644675,0.3911540235835532,-0.2850925221911084,0.17735821778563324,0.06030804716710647,0.13695073997674168,0.3255
rep0016,0.55,0.5512395986675925,alg2,0.15,0.005,0.005,0.13999999999999999,abs_005_005,1000,2000,0.2768194147171915,0.786886465346539,True,0.5100670506293475,0.5100670506293475,0.5303469250981944,0.5926530749018056,-0.25352751038100285,0.19423339044473345,0.062306149803611266,0.13576090082573627,0.312
rep0017,0.27,0.27104730882952244,alg2,0.15,0.005,0.005,0.13999999999999999,abs_005_005,1000,2000,0.17820058456432786,0.7292714787179886,True,0.5510708941536607,0.5510708941536607,0.4711089519483476,0.5338910480516523,-0.29290836738401976,0.19538043066633626,0.06278209610330471,0.12528879805035603,0.363
rep0018,0.44,0.43911829646560946,alg2,0.15,0.005,0.005,0.13999999999999999,abs_005_005,1000,2000,0.16795807721677286,0.7009838621404738,True,0.533025784923701,0.533025784923701,0.41826908201666446,0.48073091798333556,-0.2503110047998916,0.22025294415713828,0.0624618359666711,0.14306394895702995,0.32749999999999996
rep0019,0.33,0.32544495723094996,alg2,0.15,0.005,0.005,0.13999999999999999,abs_005_005,1000,2000,-0.009411303785795355,0.5310545367670537,True,0.5404658405528491,0.5310545367670537,0.26151151112356935,0.3184884888764306,-0.2709228149093647,0.21256604789062314,0.05697697775286126,0.12448886279998783,0.359
rep0020,0.24,0.23833631651545992,alg2,0.15,0.005,0.005,0.13999999999999999,abs_005_005,1000,2000,0.1759599168424874,0.6236861949411814,True,0.447726278098694,0.447726278098694,0.42423313252885964,0.4867668674711404,-0.24827321568637223,0.13691932747004104,0.06253373494228076,0.13919254315641336,0.2459999999999999
rep0021,0.18,0.17954220887381017,alg2,0.15,0.005,0.005,0.13999999999999999,abs_005_005,1000,2000,0.04083394495873138,0.5851061261660447,True,0.5442721812073134,0.5442721812073134,0.359870591203506,0.421129408796494,-0.3190366462447746,0.16397671736955072,0.06125881759298801,0.14351336361432537,0.33949999999999997
rep0022,0.22,0.22156152657943062,alg2,0.15,0.005,0.005,0.13999999999999999,abs_005_005,1000,2000,-0.148713032271948,0.396934731259258,True,0.545647763531206,0.396934731259258,0.17345775506433925,0.22354224493566077,-0.32217078733628723,0.17339248632359722,0.050084489871321525,0.1305632736598844,0.36500000000000005
rep0023,0.50,0.4979884610796338,alg2,0.15,0.005,0.005,0.13999999999999999,abs_005_005,1000,2000,0.2849037377173663,0.7684751177165954,True,0.48357137999922906,0.48357137999922906,0.549518079532449,0.611481920467551,-0.2646143418150827,0.1569931972490444,0.06196384093510199,0.13260753906412692,0.28900000000000015
rep0024,0.69,0.688591058724187,alg2,0.15,0.005,0.005,0.13999999999999999,abs_005_005,1000,2000,0.45343555658761564,1.11420655971695,True,0.6607710031293343,0.5465644434123844,0.7775053355578222,0.8274946644421778,-0.32406977897020656,0.28671189527477225,0.04998932888435559,0.14228167424497878,0.46849999999999997
rep0025,0.76,0.7562608277116923,alg2,0.15,0.005,0.005,0.13999999999999999,abs_005_005,1000,2000,0.6456371233454956,1.1342655040358298,True,0.4886283806903342,0.3543628766545044,0.9079129874333186,0.9410870125666814,-0.26227586408782305,0.19317849146914837,0.03317402513336276,0.12295435555697143,0.3325
rep0026,0.63,0.6260146732349109,alg2,0.15,0.005,0.005,0.13999999999999999,abs_005_005,1000,2000,0.48030426723353836,1.004439792842206,True,0.5241355256086676,0.5196957327664616,0.7326674053744279,0.786332594625572,-0.2523631381408895,0.21810719821663394,0.05366518925114416,0.14497033635752343,0.3255
rep0027,0.83,0.8309972605657512,alg2,0.15,0.005,0.005,0.13999999999999999,abs_005_005,1000,2000,0.6954824838210127,1.189774778010347,True,0.4942922941893342,0.30451751617898726,1.0,1.0,-0.30451751617898726,0.18977477801034695,0.0,0.1427922941893342,0.3515
rep0028,0.40,0.39958981826499174,alg2,0.15,0.005,0.005,0.13999999999999999,abs_005_005,1000,2000,0.18503765702620834,0.7339546804382984,True,0.54891702341209,0.54891702341209,0.4846246360870454,0.5473753639129546,-0.2995869790608371,0.18657931652534376,0.06275072782590918,0.14466629558618083,0.3415
rep0029,0.22,0.22173165915440826,alg2,0.15,0.005,0.005,0.13999999999999999,abs_005_005,1000,2000,-0.0712172202378584,0.4273812238319079,True,0.4985984440697663,0.4273812238319079,0.22281421511141605,0.277185784888584,-0.29403143534927445,0.15019543894332393,0.05437156977716792,0.13322687429259833,0.31100000000000005
rep0030,0.46,0.4618527292941355,alg2,0.15,0.005,0.005,0.13999999999999999,abs_005_005,1000,2000,0.03325516471279166,0.6330371793829607,True,0.599782014670169,0.599782014670169,0.39693573094867596,0.459064269051324,-0.3636805662358843,0.17397291033163664,0.06212853810264807,0.1301534765675208,0.40750000000000014
rep0031,0.77,0.7723091706612852,alg2,0.15,0.005,0.005,0.13999999999999999,abs_005_005,1000,2000,0.550047534350287,1.1634858172431466,True,0.6134382828928596,0.44995246564971303,0.8682003855111966,0.9077996144888034,-0.31815285116090963,0.25568620275434323,0.039599228977606815,0.14233905391525292,0.4315
rep0032,0.50,0.49757483899438837,alg2,0.15,0.005,0.005,0.13999999999999999,abs_005_005,1000,2000,0.252335314320556,0.7398282122269141,True,0.4874928979063581,0.4874928979063581,0.5167535461327661,0.579246453867234,-0.26441823181221014,0.16058175835968014,0.062492907734467806,0.11799999017189028,0.307
rep0033,0.75,0.7459443379237577,alg2,0.15,0.005,0.005,0.13999999999999999,abs_005_005,1000,2000,0.3694872276289537,0.8740696237689825,True,0.5045823961400288,0.5045823961400288,0.656348876686611,0.714651123313389,-0.2868616490576573,0.15941850045559341,0.058302246626777965,0.14128014951325074,0.305
rep0034,0.31,0.3084834294561743,alg2,0.15,0.005,0.005,0.13999999999999999,abs_005_005,1000,2000,0.01927059069222825,0.543201374747233,True,0.5239307840550047,0.5239307840550047,0.34017971958597354,0.40082028041402645,-0.3209091288937453,0.1423810943332065,0.060640560828052914,0.13179022322695177,0.3315
rep0035,0.20,0.1959782333196279,alg2,0.15,0.005,0.005,0.13999999999999999,abs_005_005,1000,2000,-0.06859882912378124,0.5251437311211683,True,0.5937425602449495,0.5251437311211683,0.2382584905168944,0.2937415094831056,-0.30685731964067564,0.23140222163806265,0.05548301896621122,0.13425954127873835,0.40399999999999997
rep0036,0.42,0.4160199443510504,alg2,0.15,0.005,0.005,0.13999999999999999,abs_005_005,1000,2000,0.1898094367888507,0.8175491413108712,True,0.6277397045220205,0.6277397045220205,0.4741104587924903,0.5368895412075095,-0.2843010220036396,0.28065960010336166,0.06277908241501923,0.14196062210700128,0.423
rep0037,0.28,0.2840810100970807,alg2,0.15,0.005,0.005,0.13999999999999999,abs_005_005,1000,2000,-0.03150943325986394,0.48134770647250397,True,0.5128571397323679,0.48134770647250397,0.25423419106990974,0.3107658089300902,-0.2857436243297737,0.17058189754241376,0.05653161786018046,0.1418255218721874,0.31450000000000006
rep0038,0.48,0.48023584030473343,alg2,0.15,0.005,0.005,0.13999999999999999,abs_005_005,1000,2000,0.5155667681512327,1.067562051311953,False,0.5519952831607203,0.4844332318487673,0.8053616825552764,0.8526383174447235,-0.2897949144040437,0.21492373386722954,0.04727663488944711,0.12321864827127327,0.38149999999999995
rep0039,0.70,0.6955050096988645,alg2,0.15,0.005,0.005,0.13999999999999999,abs_005_005,1000,2000,0.4620976565119729,1.0075724033078064,True,0.5454747467958335,0.5379023434880271,0.7098759783112845,0.7651240216887156,-0.24777832179931156,0.24244838161909088,0.055248043377431166,0.12922670341840253,0.36099999999999993
rep0040,0.49,0.48556792845004704,alg2,0.15,0.005,0.005,0.13999999999999999,abs_005_005,1000,2000,0.27992708896692897,0.7981005526356444,True,0.5181734636687154,0.5181734636687154,0.5819134749016186,0.6430865250983815,-0.3019863859346896,0.1550140275372629,0.06117305019676289,0.14650041347195253,0.3105
rep0041,0.40,0.40081966311313716,alg2,0.15,0.005,0.005,0.13999999999999999,abs_005_005,1000,2000,0.06164067591339284,0.6762457101208402,True,0.6146050342074474,0.6146050342074474,0.39445897605294405,0.4565410239470559,-0.3328183001395512,0.21970468617378433,0.06208204789411187,0.13502298631333554,0.4175
rep0042,0.24,0.2366620648525915,alg2,0.15,0.005,0.005,0.13999999999999999,abs_005_005,1000,2000,-0.02861187565480533,0.5762410933680135,True,0.6048529690228188,0.5762410933680135,0.2941294362177544,0.3528705637822456,-0.3227413118725597,0.22337052958576792,0.058741127564491236,0.1411118414583276,0.4050000000000001
rep0043,0.37,0.37116903621671166,alg2,0.15,0.005,0.005,0.13999999999999999,abs_005_005,1000,2000,0.017315977390180315,0.6493585086403246,True,0.6320425312501443,0.6320425312501443,0.37072372228082295,0.4322762777191771,-0.35340774489064264,0.2170822309211476,0.06155255543835414,0.13398997581179023,0.43650000000000005
rep0044,0.20,0.20193288516558,alg2,0.15,0.005,0.005,0.13999999999999999,abs_005_005,1000,2000,-0.2641579278155637,0.32130059184603976,True,0.5854585196616034,0.32130059184603976,0.10516554094179285,0.14683445905820713,-0.36932346875735655,0.17446613278783263,0.04166891811641428,0.14528960154518922,0.39849999999999997
rep0045,0.18,0.17729474994311067,alg2,0.15,0.005,0.005,0.13999999999999999,abs_005_005,1000,2000,-0.26056423769284287,0.3041664553490193,True,0.5647306930418622,0.3041664553490193,0.08759297977703961,0.12640702022296038,-0.3481572174698825,0.17775943512605896,0.03881404044592077,0.14391665259594144,0.382
rep0046,0.33,0.32892784278327797,alg2,0.15,0.005,0.005,0.13999999999999999,abs_005_005,1000,2000,0.2637745338237654,0.727214230075522,True,0.46343969625175657,0.46343969625175657,0.46261081981797425,0.5253891801820257,-0.19883628599420883,0.2018250498934963,0.06277836036405149,0.12116133588770517,0.27949999999999997
rep0047,0.61,0.6085043089070807,alg2,0.15,0.005,0.005,0.13999999999999999,abs_005_005,1000,2000,0.37896718838143073,0.878559498514123,True,0.49959231013269223,0.49959231013269223,0.65788667708642,0.7161133229135801,-0.2789194887049893,0.1624461756005428,0.058226645827160084,0.12186566430553208,0.3195
rep0048,0.36,0.3559637341021695,alg2,0.15,0.005,0.005,0.13999999999999999,abs_005_005,1000,2000,0.05526747224995604,0.7107333572821017,True,0.6554658850321458,0.6554658850321458,0.39891771804241316,0.4610822819575868,-0.3436502457924571,0.24965107532451494,0.062164563915173665,0.13630132111697202,0.4570000000000001
rep0049,0.25,0.2506045039611167,alg2,0.15,0.005,0.005,0.13999999999999999,abs_005_005,1000,2000,-0.02059187113849245,0.491998370853615,True,0.5125902419921075,0.491998370853615,0.22474210530174416,0.27925789469825585,-0.2453339764402366,0.21274047615535915,0.054515789396511694,0.1320744525955957,0.32600000000000007
rep0050,0.68,0.6780087649711394,alg2,0.15,0.005,0.005,0.13999999999999999,abs_005_005,1000,2000,0.481775872003502,1.0198002657810707,True,0.5380243937775687,0.518224127996498,0.797984747897319,0.8460152521026809,-0.31620887589381697,0.1737850136783899,0.048030504205361924,0.11949388957220686,0.3705
rep0051,0.79,0.788090391319667,alg2,0.15,0.005,0.005,0.13999999999999999,abs_005_005,1000,2000,0.5123961127931839,1.0582354490763373,True,0.5458393362831534,0.48760388720681613,0.8585247900890872,0.8994752099109128,-0.34612867729590335,0.15876023916542445,0.04095041982182557,0.11688891646132782,0.388
rep0052,0.63,0.6252377323249299,alg2,0.15,0.005,0.005,0.13999999999999999,abs_005_005,1000,2000,0.31688102568654875,0.8942873476962212,True,0.5774063220096725,0.5774063220096725,0.645594077586143,0.7044059224138571,-0.3287130518995942,0.18988142528236407,0.05881184482771418,0.13459447718195827,0.384
rep0053,0.65,0.650945553244556,alg2,0.15,0.005,0.005,0.13999999999999999,abs_005_005,1000,2000,0.271308660952572,0.8646695025340557,True,0.5933608415814837,0.5933608415814837,0.6338343247628427,0.6931656752371572,-0.36252566381027074,0.1715038272968985,0.05933135047431448,0.13152949110716927,0.40249999999999997
rep0054,0.92,0.9209425285210213,alg2,0.15,0.005,0.005,0.13999999999999999,abs_005_005,1000,2000,0.47188144901687024,1.0118047830769208,True,0.5399233340600506,0.5281185509831298,0.7440990893933053,0.7969009106066947,-0.27221764037643503,0.21490387247022624,0.05280182121338939,0.1376215128466613,0.3495
rep0055,0.41,0.40980934548043735,alg2,0.15,0.005,0.005,0.13999999999999999,abs_005_005,1000,2000,0.2993916911015041,0.7803186608091531,True,0.48092696970764903,0.48092696970764903,0.5560874154958706,0.6179125845041293,-0.2566957243943665,0.1624060763050238,0.06182516900825874,0.1416018006993902,0.2775000000000001
rep0056,0.35,0.34638669732430877,alg2,0.15,0.005,0.005,0.13999999999999999,abs_005_005,1000,2000,0.1482213256546256,0.7282945552630669,True,0.5800732296084412,0.5800732296084412,0.4098278728670918,0.4721721271329082,-0.26160654721246623,0.2561224281301587,0.06234425426581636,0.13672897534262485,0.381
rep0057,0.34,0.3432835413957498,alg2,0.15,0.005,0.005,0.13999999999999999,abs_005_005,1000,2000,0.024358770315355327,0.55710962342245,True,0.5327508531070946,0.5327508531070946,0.28437403766906927,0.34262596233093073,-0.26001526735371394,0.21448366109151923,0.058251924661861465,0.14349892844523315,0.331
rep0058,0.38,0.37654526701835733,alg2,0.15,0.005,0.005,0.13999999999999999,abs_005_005,1000,2000,0.16142027979649204,0.688989466449202,True,0.5275691866527099,0.5275691866527099,0.3964403151242497,0.4585596848757503,-0.23502003532775767,0.23042978157345168,0.062119369751500564,0.1364498169012094,0.32899999999999996
rep0059,0.80,0.8016451030066674,alg2,0.15,0.005,0.005,0.13999999999999999,abs_005_005,1000,2000,0.6270536035459829,1.156038200593384,True,0.5289845970474011,0.37294639645401706,0.9505722852879687,0.9744277147120314,-0.3235186817419857,0.18161048588135267,0.023855429424062713,0.14462916762333844,0.36049999999999993
rep0060,0.91,0.9112811319195454,alg2,0.15,0.005,0.005,0.13999999999999999,abs_005_005,1000,2000,0.6514198656924117,1.1406399973345458,True,0.48922013164213407,0.3485801343075883,0.9397127037075208,0.9662872962924791,-0.28829283801510913,0.17435270104206657,0.026574592584958312,0.13564553905717575,0.32699999999999996
rep0061,0.24,0.23673657540056603,alg2,0.15,0.005,0.005,0.13999999999999999,abs_005_005,1000,2000,0.04735592820772566,0.6227413629874061,True,0.5753854347796805,0.5753854347796805,0.32937339075353705,0.3896266092464629,-0.2820174625458114,0.2331147537409432,0.060253218492925864,0.13963221628675465,0.3755
rep0062,0.73,0.7250989479557236,alg2,0.15,0.005,0.005,0.13999999999999999,abs_005_005,1000,2000,0.44125846791824497,1.0850819007740549,True,0.6438234328558099,0.558741532081755,0.7649503949626186,0.8160496050373813,-0.32369192704437366,0.2690322957366736,0.0510992100747627,0.1382242227810473,0.4544999999999999
rep0063,0.81,0.8066952517827325,alg2,0.15,0.005,0.005,0.13999999999999999,abs_005_005,1000,2000,0.4807536758322135,0.9904651964334867,True,0.5097115206012732,0.5097115206012732,0.7665178834118486,0.8174821165881515,-0.28576420757963505,0.17298307984533517,0.05096423317630294,0.14124728742497022,0.3175
rep0064,0.81,0.8138791456112554,alg2,0.15,0.005,0.005,0.13999999999999999,abs_005_005,1000,2000,0.23905190889011463,0.7687506608591823,False,0.5296987519690677,0.5296987519690677,0.5474978572785675,0.6095021427214325,-0.30844594838845285,0.15924851813774982,0.06200428544286507,0.1326944665262026,0.3350000000000001
rep0065,0.30,0.29551388697284364,alg2,0.15,0.005,0.005,0.13999999999999999,abs_005_005,1000,2000,-0.13980147930667564,0.4057053520637004,True,0.545506831370376,0.4057053520637004,0.18968564065241328,0.24131435934758672,-0.3294871199590889,0.16439099271611368,0.05162871869517344,0.1253781126752026,0.3685
rep0066,0.21,0.20986478582471357,alg2,0.15,0.005,0.005,0.13999999999999999,abs_005_005,1000,2000,-0.025383137072168216,0.47795024822103926,True,0.5033333852932075,0.47795024822103926,0.2702567519186526,0.32774324808134736,-0.29563988899082083,0.1502070001396919,0.057486496162694745,0.13534688913051268,0.31050000000000005
rep0067,0.73,0.7264906891111869,alg2,0.15,0.005,0.005,0.13999999999999999,abs_005_005,1000,2000,0.34861867048862655,0.9796606642738398,True,0.6310419937852132,0.6310419937852132,0.6619892134613913,0.7200107865386086,-0.31337054297276473,0.2596498777352312,0.05802157307721734,0.14552042070799587,0.4275
rep0068,0.60,0.6036724431929373,alg2,0.15,0.005,0.005,0.13999999999999999,abs_005_005,1000,2000,0.5406141451410711,1.0452119125148573,True,0.5045977673737863,0.4593858548589289,0.8414122727884706,0.8845877272115293,-0.3007981276473995,0.16062418530332795,0.0431754544230587,0.1369223129507275,0.32449999999999996
rep0069,0.71,0.7146461153736874,alg2,0.15,0.005,0.005,0.13999999999999999,abs_005_005,1000,2000,0.46500810595973796,1.002273121544083,True,0.537265015584345,0.534991894040262,0.7545136695890364,0.8064863304109635,-0.28950556362929847,0.1957867911331195,0.051972660821927086,0.11179235476241794,0.3735
rep0070,0.38,0.38493011072598804,alg2,0.15,0.005,0.005,0.13999999999999999,abs_005_005,1000,2000,0.15415758420272918,0.649576541766666,True,0.49541895756393683,0.49541895756393683,0.4207535461327661,0.4832464538672339,-0.26659596193003693,0.1663300878994321,0.062492907734467806,0.12492604982946903,0.308
rep0071,0.59,0.589244588033342,alg2,0.15,0.005,0.005,0.13999999999999999,abs_005_005,1000,2000,0.27538872494308975,0.8126185119017095,True,0.5372297869586198,0.5372297869586198,0.5651925996378261,0.6268074003621739,-0.28980387469473634,0.1858111115395356,0.061614800724347774,0.14161498623427204,0.3339999999999999
rep0072,0.36,0.35856004626953336,alg2,0.15,0.005,0.005,0.13999999999999999,abs_005_005,1000,2000,0.1011794546395483,0.60171020339395,True,0.5005307487544017,0.5005307487544017,0.3677621689742447,0.42923783102575536,-0.2665827143346964,0.17247237236819463,0.06147566205151067,0.13055508670289107,0.30849999999999994
rep0073,0.31,0.3098747873646647,alg2,0.15,0.005,0.005,0.13999999999999999,abs_005_005,1000,2000,-0.034403852199540674,0.5106553698277999,True,0.5450592220273406,0.5106553698277999,0.3176042878964205,0.3773957121035795,-0.35200814009596115,0.13325965772422044,0.059791424207158994,0.1347677978201816,0.3505
rep0074,0.90,0.9049964966462319,alg2,0.15,0.005,0.005,0.13999999999999999,abs_005_005,1000,2000,0.6909407269292231,1.1608782879611206,True,0.46993756103189743,0.30905927307077685,1.0,1.0,-0.30905927307077685,0.16087828796112053,0.0,0.12793756103189735,0.342
rep0075,0.32,0.31874561649802047,alg2,0.15,0.005,0.005,0.13999999999999999,abs_005_005,1000,2000,0.14264161300359024,0.755505351627362,True,0.6128637386237717,0.6128637386237717,0.46261081981797425,0.5253891801820257,-0.319969206814384,0.23011617144533625,0.06277836036405149,0.14108537825972034,0.4089999999999999
rep0076,0.71,0.7130176578255591,alg2,0.15,0.005,0.005,0.13999999999999999,abs_005_005,1000,2000,0.4604458873066953,1.038641595911594,True,0.5781957086048988,0.5395541126933048,0.7759340576564474,0.8260659423435527,-0.31548817034975213,0.21257565356804123,0.05013188468710528,0.14056382391779332,0.38750000000000007
rep0077,0.23,0.22551714755685845,alg2,0.15,0.005,0.005,0.13999999999999999,abs_005_005,1000,2000,0.053155880363379704,0.6089986926071426,True,0.5558428122437629,0.5558428122437629,0.3176042878964205,0.3773957121035795,-0.2644484075330408,0.2316029805035631,0.059791424207158994,0.12755138803660393,0.36849999999999994
rep0078,0.22,0.21628460971412697,alg2,0.15,0.005,0.005,0.13999999999999999,abs_005_005,1000,2000,-0.22716374267691306,0.35582385785594195,True,0.582987600532855,0.35582385785594195,0.14830696849208294,0.19569303150791703,-0.375470711168996,0.1601308263480249,0.04738606301583409,0.14210153751702087,0.3935
rep0079,0.95,0.9510635793135657,alg2,0.15,0.005,0.005,0.13999999999999999,abs_005_005,1000,2000,0.6853638717222467,1.145872505139994,True,0.4605086334177474,0.31463612827775334,0.9290043926582024,0.9579956073417976,-0.24364052093595576,0.18787689779819652,0.028991214683595112,0.14301741873415225,0.28850000000000003
rep0080,0.71,0.7113832984140084,alg2,0.15,0.005,0.005,0.13999999999999999,abs_005_005,1000,2000,0.6837117739708564,1.1750479127138627,True,0.4913361387430063,0.31628822602914364,1.0,1.0,-0.31628822602914364,0.17504791271386264,0.0,0.14083613874300632,0.3505
rep0081,0.12,0.12213959433561365,alg2,0.15,0.005,0.005,0.13999999999999999,abs_005_005,1000,2000,-0.09703992437198022,0.3740218938236279,True,0.4710618181956081,0.3740218938236279,0.16204546344268006,0.21095453655731994,-0.2590853878146603,0.16306735726630794,0.04890907311463988,0.13165274508096825,0.2905
rep0082,0.82,0.8178167395012349,alg2,0.15,0.005,0.005,0.13999999999999999,abs_005_005,1000,2000,0.6436430257046203,1.1643769004920634,True,0.5207338747874432,0.3563569742953797,0.9284442524630578,0.9575557475369421,-0.28480122675843755,0.20682115295512132,0.02911149507388422,0.1436223797135589,0.348
rep0083,0.06,0.060662964465063446,alg2,0.15,0.005,0.005,0.13999999999999999,abs_005_005,1000,2000,-0.28355992108662237,0.2522980929208919,True,0.5358580140075142,0.2522980929208919,0.02220296243628548,0.044797037563714524,-0.30576288352290787,0.2075010553571774,0.022594075127429045,0.1217639388800853,0.39149999999999996
rep0084,0.62,0.6150758790395158,alg2,0.15,0.005,0.005,0.13999999999999999,abs_005_005,1000,2000,0.2447455262507363,0.8045095188560282,True,0.5597639926052919,0.5597639926052919,0.5581098655587582,0.6198901344412417,-0.3133643393080219,0.1846193844147864,0.06178026888248356,0.11948372372280819,0.3785000000000001
rep0085,0.29,0.2902428209069779,alg2,0.15,0.005,0.005,0.13999999999999999,abs_005_005,1000,2000,-0.05117065370670365,0.5022605958472042,True,0.5534312495539078,0.5022605958472042,0.21847929908416402,0.27252070091583597,-0.2696499527908677,0.2297398949313682,0.05404140183167194,0.1343898477222359,0.365
rep0086,0.25,0.24637299433828597,alg2,0.15,0.005,0.005,0.13999999999999999,abs_005_005,1000,2000,-0.060926650190083365,0.5115018697897301,True,0.5724285199798135,0.5115018697897301,0.22474210530174416,0.27925789469825585,-0.2856687554918275,0.23224397509147426,0.054515789396511694,0.1054127305833018,0.4125
rep0087,0.61,0.6119961961191355,alg2,0.15,0.005,0.005,0.13999999999999999,abs_005_005,1000,2000,0.31190560571739057,0.899370470728885,True,0.5874648650114944,0.5874648650114944,0.6338343247628427,0.6931656752371572,-0.32192871904545217,0.20620479549172782,0.05933135047431448,0.13963351453717993,0.3885
rep0088,0.80,0.799499301024024,alg2,0.15,0.005,0.005,0.13999999999999999,abs_005_005,1000,2000,0.5271000797322032,1.0403413567098443,True,0.5132412769776411,0.4728999202677968,0.8398132852208581,0.883186714779142,-0.3127132054886549,0.15715464193070233,0.04337342955828394,0.11036784741935723,0.3595
rep0089,0.55,0.5544814732727213,alg2,0.15,0.005,0.005,0.13999999999999999,abs_005_005,1000,2000,0.18009460920259288,0.6940072269654659,True,0.513912617762873,0.513912617762873,0.417772284788868,0.480227715211132,-0.23767767558627514,0.21377951175433388,0.06245543042226398,0.12945718734060896,0.32200000000000006
rep0090,0.92,0.9180134247207182,alg2,0.15,0.005,0.005,0.13999999999999999,abs_005_005,1000,2000,0.719559158182739,1.2225083680820763,True,0.5029492098993373,0.28044084181726103,1.0,1.0,-0.2804408418172611,0.2225083680820762,0.0,0.1309492098993374,0.37199999999999994
rep0091,0.84,0.8398910044723701,alg2,0.15,0.005,0.005,0.13999999999999999,abs_005_005,1000,2000,0.4712731990235868,1.0200015679318026,True,0.5487283689082159,0.5287268009764132,0.78169815947531,0.83130184052469,-0.3104249604517232,0.18869972740711255,0.049603681049380066,0.1431246878588357,0.35600000000000004
rep0092,0.28,0.2777960637703798,alg2,0.15,0.005,0.005,0.13999999999999999,abs_005_005,1000,2000,0.16327416980531728,0.7100198258020312,True,0.5467456559967139,0.5467456559967139,0.4192627720965005,0.48173722790349954,-0.2559886022911832,0.22828259789853156,0.06247445580699906,0.14227120018971473,0.342
rep0093,0.63,0.6264023877908076,alg2,0.15,0.005,0.005,0.13999999999999999,abs_005_005,1000,2000,0.372057126112545,0.8403462245477357,True,0.4682890984351907,0.4682890984351907,0.607318880831548,0.667681119168452,-0.23526175471900296,0.1726651053792837,0.06036223833690402,0.12542686009828657,0.2825000000000001
rep0094,0.72,0.719674020727301,alg2,0.15,0.005,0.005,0.13999999999999999,abs_005_005,1000,2000,0.6145038115565018,1.1361473939013012,True,0.5216435823447994,0.3854961884434982,0.9062626208900766,0.9397373791099235,-0.29175880933357473,0.1964100147913776,0.03347475821984691,0.1431688241249523,0.34500000000000003
rep0095,0.20,0.20396992166666802,alg2,0.15,0.005,0.005,0.13999999999999999,abs_005_005,1000,2000,0.029862357031346543,0.6185697777504644,True,0.5887074207191179,0.5887074207191179,0.30879117326680194,0.3682088267331981,-0.2789288162354554,0.2503609510172663,0.05941765346639616,0.13378976725272163,0.3955000000000001
rep0096,0.59,0.5921568741881831,alg2,0.15,0.005,0.005,0.13999999999999999,abs_005_005,1000,2000,0.20470843945139605,0.7998520325113743,True,0.5951435930599782,0.5951435930599782,0.549518079532449,0.611481920467551,-0.34480964008105297,0.18837011204382328,0.06196384093510199,0.1396797521248761,0.3935000000000001
rep0097,0.57,0.5667784780317234,alg2,0.15,0.005,0.005,0.13999999999999999,abs_005_005,1000,2000,0.2549781806561892,0.79372328883487,True,0.5387451081786807,0.5387451081786807,0.5550763877737737,0.6169236122262263,-0.30009820711758445,0.17679967660864376,0.06184722445245261,0.1363978837262283,0.3404999999999999
rep0098,0.49,0.4860515321766179,alg2,0.15,0.005,0.005,0.13999999999999999,abs_005_005,1000,2000,0.4331024006144606,0.9546280495309705,True,0.5215256489165099,0.5215256489165099,0.6707155896253978,0.7282844103746022,-0.23761318901093723,0.22634363915636818,0.05756882074920444,0.11395682816730546,0.35
rep0099,0.47,0.4665370407527249,alg2,0.15,0.005,0.005,0.13999999999999999,abs_005_005,1000,2000,0.20527147938827278,0.7542630823086772,True,0.5489916029204045,0.5489916029204045,0.47811422621935307,0.5408857737806468,-0.2728427468310803,0.2133773085280304,0.06277154756129377,0.1342200553591108,0.3519999999999999
rep0100,0.23,0.2314452131134777,alg2,0.15,0.005,0.005,0.13999999999999999,abs_005_005,1000,2000,0.0008737461540759273,0.5276067897680757,True,0.5267330436139999,0.5267330436139999,0.3210348023418273,0.38096519765817266,-0.32016105618775137,0.14664159210990307,0.059930395316345364,0.14230264829765443,0.3245
rep0101,0.18,0.18241329731071446,alg2,0.15,0.005,0.005,0.13999999999999999,abs_005_005,1000,2000,-0.08059980767949373,0.49044975903957566,True,0.5710495667190694,0.49044975903957566,0.1935136695890364,0.2454863304109636,-0.27411347726853014,0.2449634286286121,0.0519726608219272,0.14307690589714228,0.376
rep0102,0.37,0.3696194439412057,alg2,0.15,0.005,0.005,0.13999999999999999,abs_005_005,1000,2000,0.22060618350246586,0.7269428443788312,True,0.5063366608763653,0.5063366608763653,0.5077041980027415,0.5702958019972586,-0.2870980145002756,0.15664704238157257,0.06259160399451713,0.11774505688184822,0.32599999999999996
rep0103,0.53,0.5313669461368673,alg2,0.15,0.005,0.005,0.13999999999999999,abs_005_005,1000,2000,0.2176051666167093,0.7212436684021222,True,0.5036385017854128,0.5036385017854128,0.4816191716535089,0.5443808283464912,-0.2640140050367996,0.17686284005563102,0.06276165669298223,0.11737684509243074,0.3234999999999999
rep0104,0.73,0.7304876450895312,alg2,0.15,0.005,0.005,0.13999999999999999,abs_005_005,1000,2000,0.41342604521945375,1.0118430170236037,True,0.5984169718041499,0.5865739547805462,0.7305915655985304,0.7844084344014695,-0.3171655203790767,0.22743458262213417,0.05381686880293901,0.13760010300121084,0.40700000000000003
rep0105,0.57,0.5667347679489478,alg2,0.15,0.005,0.005,0.13999999999999999,abs_005_005,1000,2000,0.30402966124671427,0.8122171180050739,True,0.5081874567583596,0.5081874567583596,0.5636743247433105,0.6253256752566896,-0.2596446634965962,0.18689144274838437,0.06165135051337911,0.12953610624498052,0.31700000000000006
rep0106,0.38,0.37986130137793056,alg2,0.15,0.005,0.005,0.13999999999999999,abs_005_005,1000,2000,-0.08880099127546726,0.4406724890823605,True,0.5294734803578278,0.4406724890823605,0.23439294587556614,0.2896070541244339,-0.3231939371510334,0.15106543495792663,0.055214108248867744,0.11775937210895998,0.35650000000000004
rep0107,0.27,0.27407532462958295,alg2,0.15,0.005,0.005,0.13999999999999999,abs_005_005,1000,2000,0.2759995077210178,0.7783771153173837,False,0.502377607596366,0.502377607596366,0.5288353975019042,0.5911646024980959,-0.25283588978088645,0.18721251281928783,0.062329204996191656,0.14204840260017426,0.29800000000000004
rep0108,0.47,0.4707711637301804,alg2,0.15,0.005,0.005,0.13999999999999999,abs_005_005,1000,2000,0.23638130865282464,0.7122860744126236,True,0.47590476575979895,0.47590476575979895,0.45961364537822724,0.5223863546217727,-0.2232323367254026,0.1898997197908509,0.0627727092435455,0.1436320565162535,0.2695
rep0109,0.38,0.3848717507370416,alg2,0.15,0.005,0.005,0.13999999999999999,abs_005_005,1000,2000,0.16307781088377787,0.7256199765372825,True,0.5625421656535046,0.5625421656535046,0.4546208674103579,0.5173791325896421,-0.29154305652658,0.20824084394764042,0.06275826517928418,0.1362839004742205,0.36349999999999993
rep0110,0.80,0.7989159746856644,alg2,0.15,0.005,0.005,0.13999999999999999,abs_005_005,1000,2000,0.6201692168495908,1.1325424434644908,True,0.5123732266149,0.3798307831504092,0.9150874190503846,0.9469125809496155,-0.2949182022007938,0.18562986251487534,0.0318251618992309,0.1410480647156691,0.3395
rep0111,0.12,0.12400952746142559,alg2,0.15,0.005,0.005,0.13999999999999999,abs_005_005,1000,2000,-0.05558629858712966,0.44452402469206026,True,0.5001103232791899,0.44452402469206026,0.19830367837274548,0.2506963216272545,-0.25388997695987514,0.19382770306480573,0.05239264325450904,0.14321768002468083,0.30450000000000005
rep0112,0.39,0.38563753348671403,alg2,0.15,0.005,0.005,0.13999999999999999,abs_005_005,1000,2000,0.027154055977427205,0.5728537956316735,True,0.5456997396542462,0.5456997396542462,0.3195643646066943,0.37943563539330566,-0.2924103086292671,0.1934181602383679,0.059871270786611364,0.145828468867635,0.33999999999999997
rep0113,0.63,0.6343612694543586,alg2,0.15,0.005,0.005,0.13999999999999999,abs_005_005,1000,2000,0.49329870472233944,1.0014888141517906,True,0.5081901094294512,0.5067012952776606,0.7953534926105922,0.8436465073894078,-0.30205478788825274,0.15784230676238276,0.048293014778815646,0.1298970946506356,0.3299999999999999
rep0114,0.21,0.21241080187871833,alg2,0.15,0.005,0.005,0.13999999999999999,abs_005_005,1000,2000,0.17091039070880243,0.7040421272062245,True,0.5331317364974221,0.5331317364974221,0.43717091780294814,0.4998290821970519,-0.2662605270941457,0.20421304500917253,0.06265816439410377,0.13997357210331823,0.3305
rep0115,0.56,0.5572411844543719,alg2,0.15,0.005,0.005,0.13999999999999999,abs_005_005,1000,2000,0.22719377639330646,0.8173648768737649,True,0.5901711004804584,0.5901711004804584,0.49715959643633084,0.559840403563669,-0.2699658200430244,0.25752447331009587,0.0626808071273382,0.12999029335312023,0.3975
rep0116,0.53,0.5326044114477568,alg2,0.15,0.005,0.005,0.13999999999999999,abs_005_005,1000,2000,0.22249079878052352,0.7623925589565661,True,0.5399017601760425,0.5399017601760425,0.5409357309486759,0.603064269051324,-0.31844493216815234,0.15932828990524212,0.06212853810264818,0.10727322207339446,0.3705
rep0117,0.18,0.18098441911046229,alg2,0.15,0.005,0.005,0.13999999999999999,abs_005_005,1000,2000,-0.23470974106352627,0.3228713310793444,True,0.5575810721428707,0.3228713310793444,0.07066836310775715,0.10633163689224284,-0.3053781041712834,0.2165396941871016,0.035663273784485694,0.14091779835838503,0.381
rep0118,0.45,0.4474671950089837,alg2,0.15,0.005,0.005,0.13999999999999999,abs_005_005,1000,2000,0.31228630407598806,0.8175049080322527,True,0.5052186039562647,0.5052186039562647,0.5687364043778771,0.630263595622123,-0.25645010030188903,0.1872413124101298,0.06152719124424588,0.1321914127120189,0.31149999999999994
rep0119,0.28,0.2787521235495636,alg2,0.15,0.005,0.005,0.13999999999999999,abs_005_005,1000,2000,0.050326206968709986,0.5021414160630229,True,0.4518152090943129,0.4518152090943129,0.30536707878957486,0.3646329212104252,-0.2550408718208649,0.1375084948525977,0.05926584242085031,0.12604936667346262,0.26649999999999996
rep0120,0.60,0.596182596130875,alg2,0.15,0.005,0.005,0.13999999999999999,abs_005_005,1000,2000,0.5011212828781002,1.0222864073798148,True,0.5211651245017146,0.4988787171218998,0.78904546344268,0.83795453655732,-0.2879241805645798,0.18433187082249483,0.04890907311463999,0.14075605138707464,0.33149999999999996
rep0121,0.25,0.2485601873078287,alg2,0.15,0.005,0.005,0.13999999999999999,abs_005_005,1000,2000,-0.06923282163982197,0.38020442525735787,True,0.44943724689717984,0.38020442525735787,0.17822353496003787,0.2287764650399621,-0.24745635659985984,0.1514279602173958,0.05055293007992423,0.11688431681725564,0.28200000000000003
rep0122,0.08,0.07709053478553804,alg2,0.15,0.005,0.005,0.13999999999999999,abs_005_005,1000,2000,-0.1682942756411955,0.39171741860828524,True,0.5600116942494807,0.39171741860828524,0.1653702190117967,0.21462978098820332,-0.3336644946529922,0.1770876376200819,0.04925956197640663,0.1432521322730741,0.36750000000000005
rep0123,0.53,0.5298974392230134,alg2,0.15,0.005,0.005,0.13999999999999999,abs_005_005,1000,2000,0.41916251930054016,0.9434436550398945,True,0.5242811357393543,0.5242811357393543,0.7197063384648152,0.7742936615351848,-0.3005438191642751,0.16914999350470972,0.05458732307036951,0.12319381266898483,0.3465
rep0124,0.71,0.7125174212717241,alg2,0.15,0.005,0.005,0.13999999999999999,abs_005_005,1000,2000,0.5104953250015664,0.9982387020604593,True,0.4877433770588929,0.4877433770588929,0.7958796048190212,0.8441203951809787,-0.28538427981745484,0.15411830687948053,0.0482407903619575,0.11050258669693541,0.32899999999999996
rep0125,0.45,0.45243036585239726,alg2,0.15,0.005,0.005,0.13999999999999999,abs_005_005,1000,2000,0.165440953343654,0.6601935137318429,True,0.4947525603881889,0.4947525603881889,0.4297041980027415,0.49229580199725853,-0.2642632446590875,0.16789771173458434,0.06259160399451702,0.13716095639367182,0.29500000000000004
rep0126,0.42,0.4156068894601565,alg2,0.15,0.005,0.005,0.13999999999999999,abs_005_005,1000,2000,0.04274190740553785,0.5881491353416697,True,0.5454072279361318,0.5454072279361318,0.30976981987800734,0.3692301801219927,-0.2670279124724695,0.21891895521967702,0.05946036024398538,0.13144686769214659,0.3544999999999999
rep0127,0.59,0.5939947331228512,alg2,0.15,0.005,0.005,0.13999999999999999,abs_005_005,1000,2000,0.3442610949310994,0.893992799545017,True,0.5497317046139176,0.5497317046139176,0.6119011247137863,0.6720988752862137,-0.2676400297826869,0.22189392425880322,0.06019775057242738,0.12153395404149014,0.368
rep0128,0.52,0.515352207355193,alg2,0.15,0.005,0.005,0.13999999999999999,abs_005_005,1000,2000,0.3563144008429088,0.8507767656167228,True,0.494462364773814,0.494462364773814,0.6047744275378668,0.6652255724621332,-0.24846002669495804,0.18555119315458954,0.0604511449242664,0.14451121984954762,0.2895
rep0129,0.76,0.7626184336266676,alg2,0.15,0.005,0.005,0.13999999999999999,abs_005_005,1000,2000,0.4647336983542652,0.9313622141089369,True,0.46662851575467174,0.46662851575467174,0.7352633368606162,0.7887366631393838,-0.270529638506351,0.14262555096955307,0.05347332627876766,0.13315518947590388,0.28000000000000014
rep0130,0.76,0.760274583270415,alg2,0.15,0.005,0.005,0.13999999999999999,abs_005_005,1000,2000,0.5306699040688776,1.05312943393636,True,0.5224595298674823,0.4693300959311224,0.7597291951008449,0.811270804899155,-0.22905929103196732,0.2418586290372049,0.05154160979831013,0.1419179200691723,0.3289999999999999
rep0131,0.52,0.5229193925795493,alg2,0.15,0.005,0.005,0.13999999999999999,abs_005_005,1000,2000,0.3631690253134131,0.9229374304895975,True,0.5597684051761844,0.5597684051761844,0.6861439709253001,0.7428560290746999,-0.322974945611887,0.18008140141489762,0.056712058149399835,0.11655634702678458,0.3865
rep0132,0.84,0.84236346040491,alg2,0.15,0.005,0.005,0.13999999999999999,abs_005_005,1000,2000,0.4705087331165376,0.9557431646477641,True,0.4852344315312265,0.4852344315312265,0.7461802848537862,0.7988197151462137,-0.27567155173724855,0.1569234495015503,0.05263943029242757,0.13709500123879886,0.2955
rep0133,0.83,0.8317829406902948,alg2,0.15,0.005,0.005,0.13999999999999999,abs_005_005,1000,2000,0.5036868503616709,1.0017338222134657,True,0.4980469718517948,0.49631314963832907,0.7953534926105922,0.8436465073894078,-0.2916666422489212,0.15808731482405788,0.048293014778815646,0.13525395707297905,0.3145
rep0134,0.84,0.8361878329836531,alg2,0.15,0.005,0.005,0.13999999999999999,abs_005_005,1000,2000,0.4706573708484999,0.9261142699758164,True,0.45545689912731646,0.45545689912731646,0.7420187382697412,0.7949812617302587,-0.2713613674212413,0.1311330082455576,0.05296252346051755,0.14349437566679896,0.25899999999999995
rep0135,0.86,0.8550909895959153,alg2,0.15,0.005,0.005,0.13999999999999999,abs_005_005,1000,2000,0.5062445614668825,0.993316942470307,True,0.48707238100342454,0.48707238100342454,0.8043069684920829,0.851693031507917,-0.2980624070252004,0.14162391096239008,0.047386063015834035,0.14518631798759057,0.29449999999999993
rep0136,0.56,0.5591669730250985,alg2,0.15,0.005,0.005,0.13999999999999999,abs_005_005,1000,2000,0.29301218368764564,0.8457266440867081,True,0.5527144603990624,0.5527144603990624,0.6425243902109112,0.7014756097890888,-0.3495122065232656,0.1442510342976192,0.058951219578177616,0.1362632408208848,0.3575
rep0137,0.87,0.869250465774666,alg2,0.15,0.005,0.005,0.13999999999999999,abs_005_005,1000,2000,0.6647529896437322,1.1981870606390268,True,0.5334340709952946,0.3352470103562678,1.0,1.0,-0.3352470103562678,0.1981870606390268,0.0,0.1369340709952946,0.3965
rep0138,0.67,0.6714526155779372,alg2,0.15,0.005,0.005,0.13999999999999999,abs_005_005,1000,2000,0.3824189626537586,0.9053282710850533,True,0.5229093084312948,0.5229093084312948,0.6558363550198262,0.7141636449801739,-0.2734173923660676,0.19116462610487941,0.05832728996034775,0.1365820184709471,0.32799999999999996
rep0139,0.55,0.5459346046903469,alg2,0.15,0.005,0.005,0.13999999999999999,abs_005_005,1000,2000,0.3753371445274617,0.9857861361088924,True,0.6104489915814307,0.6104489915814307,0.677910841263611,0.735089158736389,-0.3025736967361493,0.25069697737250335,0.05717831747277802,0.14427067410865274,0.40899999999999986
rep0140,0.62,0.6190868499708994,alg2,0.15,0.005,0.005,0.13999999999999999,abs_005_005,1000,2000,0.3771991703417863,0.9312823968014527,True,0.5540832264596665,0.5540832264596665,0.6655810198973708,0.7234189801026292,-0.28838184955558455,0.20786341669882355,0.05783796020525833,0.12574526625440818,0.37049999999999994
rep0141,0.29,0.2937715974362318,alg2,0.15,0.005,0.005,0.13999999999999999,abs_005_005,1000,2000,0.0943386821140646,0.6615462841180502,True,0.5672076020039856,0.5672076020039856,0.42870917340287934,0.4912908265971207,-0.33437049128881474,0.17025545752092952,0.06258165319424136,0.1321259488097442,0.3725
rep0142,0.83,0.834391376856184,alg2,0.15,0.005,0.005,0.13999999999999999,abs_005_005,1000,2000,0.547424613695512,1.14799790533485,True,0.6005732916393379,0.452575386304488,0.8784576562181166,0.9165423437818834,-0.33103304252260457,0.23145556155296665,0.03808468756376682,0.13148860407557128,0.43099999999999994
rep0143,0.39,0.3911087817219962,alg2,0.15,0.005,0.005,0.13999999999999999,abs_005_005,1000,2000,0.17418400216381055,0.7051254930675264,True,0.5309414909037158,0.5309414909037158,0.41528877716653484,0.4777112228334652,-0.2411047750027243,0.22741427023406113,0.06242244566693034,0.13201904523678543,0.3365
rep0144,0.35,0.3548673598577421,alg2,0.15,0.005,0.005,0.13999999999999999,abs_005_005,1000,2000,0.20954987471166292,0.7323889598164839,True,0.522839085104821,0.522839085104821,0.47961615720090445,0.5423838427990956,-0.2700662824892415,0.19000511701738834,0.06276768559819113,0.1380713995066299,0.322
rep0145,0.60,0.5990818840046812,alg2,0.15,0.005,0.005,0.13999999999999999,abs_005_005,1000,2000,0.3859011814850831,0.973571847320161,True,0.5876706658350779,0.5876706658350779,0.7493036783727455,0.8016963216272545,-0.36340249688766235,0.1718755256929065,0.052392643254508986,0.14227802258056882,0.39300000000000007
rep0146,0.69,0.6862154216878891,alg2,0.15,0.005,0.005,0.13999999999999999,abs_005_005,1000,2000,0.471999721222496,0.9481778135709775,True,0.4761780923484815,0.4761780923484815,0.6882039464237457,0.7447960535762543,-0.2162042252012497,0.20338175999472324,0.05659210715250862,0.101585985195973,0.31799999999999995
rep0147,0.62,0.6215751588168773,alg2,0.15,0.005,0.005,0.13999999999999999,abs_005_005,1000,2000,0.36418578076484487,0.9595746354394331,True,0.5953888546745882,0.5953888546745882,0.6471294362177544,0.7058705637822456,-0.28294365545290956,0.25370407165718756,0.058741127564491125,0.14064772711009715,0.39599999999999996
rep0148,0.06,0.05817545956037128,alg2,0.15,0.005,0.005,0.13999999999999999,abs_005_005,1000,2000,-0.13618456739390006,0.43054600467603965,True,0.5667305720699397,0.43054600467603965,0.16584544565307102,0.21515455434692898,-0.3020300130469711,0.2153914503291107,0.04930910869385796,0.12592146337608173,0.3915
rep0149,0.59,0.5922523293443875,alg2,0.15,0.005,0.005,0.13999999999999999,abs_005_005,1000,2000,0.37930274944320885,0.9161354907527861,True,0.5368327413095773,0.5368327413095773,0.6032481778009178,0.6637518221990821,-0.22394542835770892,0.2523836685537039,0.06050364439816436,0.13432909691141282,0.342
rep0150,0.50,0.49525634585942097,alg2,0.15,0.005,0.005,0.13999999999999999,abs_005_005,1000,2000,0.19980650524701715,0.7267016490328325,True,0.5268951437858154,0.5268951437858154,0.4991670177592699,0.56183298224073,-0.29936051251225276,0.16486866679210252,0.06266596448146006,0.13272917930435524,0.3315
rep0151,0.51,0.5129933787050873,alg2,0.15,0.005,0.005,0.13999999999999999,abs_005_005,1000,2000,0.28820813058465605,0.8818853141796221,True,0.5936771835949661,0.5936771835949661,0.6328126747877151,0.6921873252122849,-0.344604544203059,0.1896979889673372,0.0593746504245698,0.13080253317039625,0.40349999999999997
rep0152,0.09,0.0865692862724574,alg2,0.15,0.005,0.005,0.13999999999999999,abs_005_005,1000,2000,-0.06444066723635902,0.41071380221411646,True,0.47515446945047546,0.41071380221411646,0.17536333468898577,0.22563666531101426,-0.2398040019253448,0.18507713690310218,0.05027333062202849,0.11388113882844708,0.3109999999999999
rep0153,0.48,0.4832073173983341,alg2,0.15,0.005,0.005,0.13999999999999999,abs_005_005,1000,2000,0.10815220403817394,0.6068506167858769,True,0.498698412747703,0.498698412747703,0.365295127213065,0.42670487278693503,-0.25714292317489107,0.18014574399894193,0.06140974557387002,0.11828866717383296,0.319
rep0154,0.40,0.40109208941257574,alg2,0.15,0.005,0.005,0.13999999999999999,abs_005_005,1000,2000,0.14152327732806358,0.7939669428312697,True,0.6524436655032061,0.6524436655032061,0.45212565684821965,0.5148743431517804,-0.31060237952015607,0.2790925996794893,0.06274868630356073,0.1416949791996453,0.448
rep0155,0.69,0.689446032969343,alg2,0.15,0.005,0.005,0.13999999999999999,abs_005_005,1000,2000,0.5080587171703147,0.9863419927269732,True,0.4782832755566585,0.4782832755566585,0.8006177560334617,0.8483822439665383,-0.29255903886314705,0.13795974876043499,0.04776448793307653,0.12001878762358204,0.3105
rep0156,0.14,0.1393879721073728,alg2,0.15,0.005,0.005,0.13999999999999999,abs_005_005,1000,2000,-0.13482731259569578,0.4571086531477567,True,0.5919359657434525,0.4571086531477567,0.11587918099943281,0.1591208190005672,-0.2507064935951286,0.29798783414718955,0.0432416380011344,0.1226943277423182,0.426
rep0157,0.59,0.589150430142333,alg2,0.15,0.005,0.005,0.13999999999999999,abs_005_005,1000,2000,0.4317892384194046,1.0581192980527006,True,0.6263300596332959,0.5682107615805954,0.7191885267325684,0.7738114732674317,-0.2873992883131638,0.2843078247852688,0.054622946534863326,0.10870711309843262,0.46299999999999997
rep0158,0.61,0.6073199373638452,alg2,0.15,0.005,0.005,0.13999999999999999,abs_005_005,1000,2000,0.3214644301559415,0.8601423481452359,True,0.5386779179892944,0.5386779179892944,0.5808990448485053,0.6421009551514948,-0.2594346146925638,0.21804139299374115,0.06120191030298949,0.11647600768630495,0.361
rep0159,0.63,0.6314245779213238,alg2,0.15,0.005,0.005,0.13999999999999999,abs_005_005,1000,2000,0.4270273710702226,0.9253981376407723,True,0.4983707665705497,0.4983707665705497,0.7150477411140992,0.7699522588859009,-0.2880203700438766,0.15544587875487134,0.05490451777180172,0.1429662487987478,0.30050000000000016
rep0160,0.74,0.7376564844095054,alg2,0.15,0.005,0.005,0.13999999999999999,abs_005_005,1000,2000,0.3817509508432555,0.8787497501823837,True,0.49699879933912816,0.49699879933912816,0.6261755542841347,0.6858244457158653,-0.24442460344087924,0.19292530446651832,0.05964889143173058,0.12484990790739758,0.3125
rep0161,0.01,0.013813185400586675,alg2,0.15,0.005,0.005,0.13999999999999999,abs_005_005,1000,2000,-0.2534519729567477,0.22494739382603118,True,0.4783993667827789,0.22494739382603118,0.0,0.0,-0.2534519729567477,0.22494739382603118,0.0,0.1198993667827789,0.3585
rep0162,0.61,0.6134028005860644,alg2,0.15,0.005,0.005,0.13999999999999999,abs_005_005,1000,2000,0.3306427097862535,0.9621656263308478,True,0.6315229165445944,0.6315229165445944,0.6583993558560483,0.7166006441439517,-0.32775664606979477,0.24556498218689604,0.058201288287903497,0.14182162825669092,0.43149999999999994
rep0163,0.19,0.18524019663743344,alg2,0.15,0.005,0.005,0.13999999999999999,abs_005_005,1000,2000,-0.04436190975348053,0.44151843964020515,True,0.4858803493936857,0.44151843964020515,0.22040544055020816,0.27459455944979183,-0.2647673503036887,0.16692388019041332,0.054189118899583666,0.13319123049410203,0.2985
rep0164,0.11,0.11484174020317689,alg2,0.15,0.005,0.005,0.13999999999999999,abs_005_005,1000,2000,-0.20866460685785765,0.3197589128911737,True,0.5284235197490313,0.3197589128911737,0.09589535692838332,0.1361046430716167,-0.30455996378624095,0.183654269819557,0.040209286143233394,0.13771423360579793,0.35050000000000003
rep0165,0.38,0.38084826730824745,alg2,0.15,0.005,0.005,0.13999999999999999,abs_005_005,1000,2000,0.16344811492651695,0.6619615920449209,True,0.49851347711840394,0.49851347711840394,0.4491324418280405,0.5118675581719595,-0.28568432690152357,0.15009403387296133,0.06273511634391898,0.1227783607744849,0.313
rep0166,0.38,0.3787299719871194,alg2,0.15,0.005,0.005,0.13999999999999999,abs_005_005,1000,2000,0.2433019548889127,0.7400060849778527,True,0.49670413008894,0.49670413008894,0.5505283865119034,0.6124716134880966,-0.3072264316229907,0.12753447148975605,0.061943226976193255,0.13376090311274685,0.3009999999999999
rep0167,0.82,0.8222140268041133,alg2,0.15,0.005,0.005,0.13999999999999999,abs_005_005,1000,2000,0.34488570345698105,0.8919674562889284,True,0.5470817528319474,0.5470817528319474,0.660450465490264,0.718549534509736,-0.31556476203328293,0.17341792177919235,0.05809906901947204,0.12848268381247524,0.36050000000000004
rep0168,0.71,0.7093086415110121,alg2,0.15,0.005,0.005,0.13999999999999999,abs_005_005,1000,2000,0.46151305974310775,0.9986963084669884,True,0.5371832487238807,0.5371832487238807,0.7995643405755413,0.8474356594244588,-0.3380512808324335,0.15126064904252967,0.04787131884891749,0.12581192987496315,0.36350000000000005
rep0169,0.52,0.5225953371690368,alg2,0.15,0.005,0.005,0.13999999999999999,abs_005_005,1000,2000,0.2323956709111964,0.8399834128861732,True,0.6075877419749768,0.6075877419749768,0.5490129750300087,0.6109870249699912,-0.3166173041188123,0.22899638791618188,0.06197404993998257,0.12661369203499412,0.419
rep0170,0.70,0.7013023530707954,alg2,0.15,0.005,0.005,0.13999999999999999,abs_005_005,1000,2000,0.5303693582356666,1.0577797242037987,True,0.5274103659681322,0.46963064176433345,0.8122245857929675,0.8587754142070325,-0.28185522755730097,0.1990043099967662,0.04655082841406499,0.1318595375540672,0.349
rep0171,0.56,0.5599383249133976,alg2,0.15,0.005,0.005,0.13999999999999999,abs_005_005,1000,2000,0.4033971349687896,0.8941227152533553,True,0.4907255802845657,0.4907255802845657,0.6820260600177641,0.7389739399822359,-0.2786289250489745,0.15514877527111942,0.056947879964471815,0.135777700320094,0.29799999999999993
rep0172,0.26,0.2590639202579069,alg2,0.15,0.005,0.005,0.13999999999999999,abs_005_005,1000,2000,-0.07445201055923878,0.5001726878227875,True,0.5746246983820262,0.5001726878227875,0.19638701936754355,0.24861298063245646,-0.2708390299267823,0.25155970719033105,0.05222596126491291,0.13189873711711342,0.39049999999999996
rep0173,0.74,0.7363251066811258,alg2,0.15,0.005,0.005,0.13999999999999999,abs_005_005,1000,2000,0.4024764137772407,0.9776888006136824,True,0.5752123868364416,0.5752123868364416,0.7109099595912739,0.7660900404087262,-0.3084335458140332,0.21159876020495616,0.05518008081745229,0.1445323060189893,0.3755
rep0174,0.81,0.8139286848050418,alg2,0.15,0.005,0.005,0.13999999999999999,abs_005_005,1000,2000,0.6900384100536531,1.1952359955758134,True,0.5051975855221603,0.3099615899463469,0.9786236126321113,0.9933763873678887,-0.2885852025784582,0.20185960820792476,0.014752774735777407,0.11694481078638291,0.37350000000000005
rep0175,0.63,0.6348894231411129,alg2,0.15,0.005,0.005,0.13999999999999999,abs_005_005,1000,2000,0.20465069337698133,0.7828182121347254,True,0.578167518757744,0.578167518757744,0.4931462676250192,0.5558537323749808,-0.28849557424803784,0.2269644797597446,0.06270746474996164,0.13346005400778238,0.3820000000000001
rep0176,0.47,0.4725869259755337,alg2,0.15,0.005,0.005,0.13999999999999999,abs_005_005,1000,2000,0.10816361819251552,0.743895392354011,True,0.6357317741614955,0.6357317741614955,0.38901297503000876,0.4509870249699912,-0.28084935683749324,0.29290836738401976,0.061974049939982456,0.12525772422151304,0.4485
rep0177,0.37,0.3661877553272999,alg2,0.15,0.005,0.005,0.13999999999999999,abs_005_005,1000,2000,0.21709588554125236,0.7305985491501825,True,0.5135026636089302,0.5135026636089302,0.4891349551560032,0.5518650448439967,-0.27203906961475083,0.17873350430618587,0.06273008968799348,0.13477257392093667,0.31600000000000006
rep0178,0.58,0.5808139347307457,alg2,0.15,0.005,0.005,0.13999999999999999,abs_005_005,1000,2000,0.4684388981128826,0.928252203779993,True,0.4598133056671104,0.4598133056671104,0.705741889140831,0.7612581108591691,-0.23730299102794844,0.16699409292082396,0.05551622171833803,0.11579708394877242,0.2885
rep0179,0.22,0.22017317015237053,alg2,0.15,0.005,0.005,0.13999999999999999,abs_005_005,1000,2000,-0.06426759768359219,0.4840667733918817,True,0.5483343710754739,0.4840667733918817,0.1968661026423435,0.2491338973576565,-0.2611337003259357,0.2349328760342252,0.05226779471531301,0.1265665763601609,0.3695
rep0180,0.24,0.23704842462935202,alg2,0.15,0.005,0.005,0.13999999999999999,abs_005_005,1000,2000,0.07175624880210427,0.6019350432701214,True,0.5301787944680171,0.5301787944680171,0.3185842537117882,0.37841574628821173,-0.24682800490968396,0.22351929698190964,0.059831492576423506,0.1373473018915935,0.3330000000000001
rep0181,0.81,0.8124731630569871,alg2,0.15,0.005,0.005,0.13999999999999999,abs_005_005,1000,2000,0.5246194113653221,0.9928922239394739,True,0.46827281257415176,0.46827281257415176,0.797984747897319,0.8460152521026809,-0.2733653365319969,0.14687697183679294,0.048030504205361924,0.12874230836878997,0.29149999999999987
rep0182,0.20,0.1997976959635074,alg2,0.15,0.005,0.005,0.13999999999999999,abs_005_005,1000,2000,-0.07147657216090281,0.5652415637869879,True,0.6367181359478906,0.5652415637869879,0.24793499885601095,0.3040650011439891,-0.31941157101691375,0.2611765626429988,0.056130002287978153,0.1290881336599125,0.45150000000000007
rep0183,0.37,0.37134566744195185,alg2,0.15,0.005,0.005,0.13999999999999999,abs_005_005,1000,2000,0.14797081426124858,0.7048390171316581,True,0.5568682028704095,0.5568682028704095,0.4321923137765774,0.49480768622342264,-0.2842214995153288,0.21003133090823548,0.06261537244684523,0.12925283042356428,0.365
rep0184,0.74,0.7354696566930434,alg2,0.15,0.005,0.005,0.13999999999999999,abs_005_005,1000,2000,0.48094943257594847,1.0568918832360281,True,0.5759424506600797,0.5190505674240515,0.7775053355578222,0.8274946644421778,-0.29655590298187373,0.2293972187938504,0.04998932888435559,0.144453121775724,0.38150000000000006
rep0185,0.10,0.10340771969498831,alg2,0.15,0.005,0.005,0.13999999999999999,abs_005_005,1000,2000,-0.1824164015188345,0.307026005092252,True,0.4894424066110865,0.307026005092252,0.07841891874855758,0.11558108125144242,-0.2608353202673921,0.19144492384080952,0.03716216250288484,0.10928024410820153,0.3430000000000001
rep0186,0.69,0.6920835306051816,alg2,0.15,0.005,0.005,0.13999999999999999,abs_005_005,1000,2000,0.5923797332495315,1.0467015363849277,True,0.45432180313539616,0.4076202667504685,0.8435456096491836,0.8864543903508164,-0.25116587639965204,0.16024714603411122,0.04290878070163284,0.13741302243376324,0.274
rep0187,0.80,0.798533047494207,alg2,0.15,0.005,0.005,0.13999999999999999,abs_005_005,1000,2000,0.43253030144702204,0.9657594365408507,True,0.5332291350938287,0.5332291350938287,0.7352633368606162,0.7887366631393838,-0.30273303541359414,0.17702277340146685,0.05347332627876766,0.11825580881506093,0.36150000000000004
rep0188,0.89,0.8878576726046554,alg2,0.15,0.005,0.005,0.13999999999999999,abs_005_005,1000,2000,0.5481946267820457,1.0258860610182015,True,0.4776914342361558,0.45180537321795433,0.822278581355488,0.8677214186445119,-0.27408395457344237,0.1581646423736896,0.045442837289023874,0.13174859694713198,0.3005
rep0189,0.68,0.6820614866402894,alg2,0.15,0.005,0.005,0.13999999999999999,abs_005_005,1000,2000,0.5725853236791484,1.028007040721742,True,0.4554217170425937,0.4274146763208516,0.8456805199179263,0.8883194800820737,-0.27309519623877787,0.13968756063966836,0.04263896016414748,0.12228275687844625,0.2905
rep0190,0.38,0.3784619675117847,alg2,0.15,0.005,0.005,0.13999999999999999,abs_005_005,1000,2000,0.20892986675031128,0.7506174445321361,True,0.5416875777818249,0.5416875777818249,0.47010870081468936,0.5328912991853105,-0.2611788340643781,0.2177261453468255,0.06278259837062117,0.1349049794112036,0.344
rep0191,0.28,0.2819871291482782,alg2,0.15,0.005,0.005,0.13999999999999999,abs_005_005,1000,2000,0.13041967590090225,0.7129442771628222,True,0.5825246012619198,0.5825246012619198,0.4068508318494414,0.4691491681505586,-0.2764311559485391,0.24379510901226353,0.06229833630111725,0.14422626496080287,0.37599999999999983
rep0192,0.26,0.2642608355159435,alg2,0.15,0.005,0.005,0.13999999999999999,abs_005_005,1000,2000,0.009764201858478594,0.5754212507889409,True,0.5656570489304623,0.5656570489304623,0.3210348023418273,0.38096519765817266,-0.3112706004833487,0.19445605313076822,0.059930395316345364,0.13972665361411696,0.366
rep0193,0.10,0.10065366890913507,alg2,0.15,0.005,0.005,0.13999999999999999,abs_005_005,1000,2000,-0.26774053364241834,0.203694889972441,True,0.47143542361485935,0.203694889972441,0.0,0.0,-0.26774053364241834,0.203694889972441,0.0,0.14043542361485928,0.33100000000000007
rep0194,0.61,0.6065689152312473,alg2,0.15,0.005,0.005,0.13999999999999999,abs_005_005,1000,2000,0.30714875070549513,0.8477122668296699,True,0.5405635161241749,0.5405635161241749,0.5369002225382923,0.5990997774617076,-0.22975147183279715,0.24861248936796226,0.062199554923415334,0.1388639612007595,0.3394999999999999
rep0195,0.10,0.10236788996150449,alg2,0.15,0.005,0.005,0.13999999999999999,abs_005_005,1000,2000,-0.16626272934197642,0.29086667560090207,True,0.45712940494287846,0.29086667560090207,0.10052479008908718,0.1414752099109128,-0.2667875194310636,0.14939146568998923,0.04095041982182562,0.1396789851210528,0.2765
rep0196,0.11,0.10640820495151106,alg2,0.15,0.005,0.005,0.13999999999999999,abs_005_005,1000,2000,-0.21184345957176867,0.29021592065517915,True,0.5020593802269478,0.29021592065517915,0.061163415202838606,0.0948365847971614,-0.2730068747746073,0.19537933585801776,0.03367316959432279,0.13438621063262507,0.33399999999999996
rep0197,0.80,0.7955389051940175,alg2,0.15,0.005,0.005,0.13999999999999999,abs_005_005,1000,2000,0.6119635678078242,1.104694438302359,True,0.4927308704945347,0.38803643219217576,0.9278844271523231,0.9571155728476769,-0.31592085934449887,0.14757886545468207,0.02923114569535379,0.140499724799181,0.32299999999999995
rep0198,0.72,0.7201597538360408,alg2,0.15,0.005,0.005,0.13999999999999999,abs_005_005,1000,2000,0.6038899124803674,1.138396350080831,True,0.5345064376004636,0.3961100875196326,0.9206337055296383,0.9513662944703618,-0.3167437930492709,0.18703005561046912,0.030732588940723504,0.14127384865974002,0.36250000000000004
rep0199,0.36,0.3552953142149884,alg2,0.15,0.005,0.005,0.13999999999999999,abs_005_005,1000,2000,0.08280890764106585,0.6729740101831767,True,0.5901651025421109,0.5901651025421109,0.38901297503000876,0.4509870249699912,-0.3062040673889429,0.22198698521318555,0.061974049939982456,0.14469105260212856,0.38349999999999995
rep0200,0.28,0.27875301908221095,alg2,0.15,0.005,0.005,0.13999999999999999,abs_005_005,1000,2000,0.048403279161345236,0.568613768059716,True,0.5202104888983707,0.5202104888983707,0.3068343247628427,0.3661656752371573,-0.2584310456014975,0.20244809282255868,0.05933135047431459,0.13187913842405607,0.32900000000000007
rep0201,0.62,0.6187795427961023,alg2,0.15,0.005,0.005,0.13999999999999999,abs_005_005,1000,2000,0.33500887822709235,0.8412739139074318,True,0.5062650356803394,0.5062650356803394,0.6302591986333589,0.6897408013666412,-0.29525032040626653,0.1515331125407906,0.05948160273328229,0.14078343294705709,0.30600000000000005
rep0202,0.26,0.2611469262103015,alg2,0.15,0.005,0.005,0.13999999999999999,abs_005_005,1000,2000,-0.05619909735576509,0.5680970587924135,True,0.6242961561481786,0.5680970587924135,0.235842181297473,0.291157818702527,-0.2920412786532381,0.27693924008988646,0.05531563740505399,0.13748051874312456,0.43149999999999994
rep0203,0.13,0.13085876155232837,alg2,0.15,0.005,0.005,0.13999999999999999,abs_005_005,1000,2000,-0.0548538324028906,0.4720456139887998,True,0.5268994463916904,0.4720456139887998,0.21751652327784582,0.27148347672215417,-0.2723703556807364,0.20056213726664562,0.05396695344430835,0.14543249294738203,0.3275
rep0204,0.41,0.4108195104512688,alg2,0.15,0.005,0.005,0.13999999999999999,abs_005_005,1000,2000,0.14281938782931702,0.7132758179479198,True,0.5704564301186028,0.5704564301186028,0.40734692509819437,0.46965307490180563,-0.26452753726887734,0.24362274304611423,0.062306149803611266,0.14015028031499155,0.368
rep0205,0.79,0.7878764979526736,alg2,0.15,0.005,0.005,0.13999999999999999,abs_005_005,1000,2000,0.4248313612933547,1.0183107900285666,True,0.5934794287352119,0.5751686387066453,0.7036759368478658,0.7593240631521343,-0.2788445755545111,0.2589867268764322,0.05564812630426852,0.13683130243094332,0.401
rep0206,0.64,0.6364942699927159,alg2,0.15,0.005,0.005,0.13999999999999999,abs_005_005,1000,2000,0.34199999796096625,0.8445857464254946,True,0.5025857484645283,0.5025857484645283,0.634856123517449,0.6941438764825509,-0.29285612555648277,0.15044186994294362,0.059287752965101914,0.1277979954994264,0.3155
rep0207,0.49,0.4906848418763044,alg2,0.15,0.005,0.005,0.13999999999999999,abs_005_005,1000,2000,0.32562515574083045,0.8652774717559253,True,0.5396523160150948,0.5396523160150948,0.607318880831548,0.667681119168452,-0.2816937250907175,0.19759635258747327,0.06036223833690402,0.12279007767819072,0.35650000000000004
rep0208,0.79,0.7884131600923425,alg2,0.15,0.005,0.005,0.13999999999999999,abs_005_005,1000,2000,0.4743617829068448,0.9535389392174565,True,0.4791771563106117,0.4791771563106117,0.7171177555385134,0.7718822444614867,-0.24275597263166865,0.18165669475596985,0.05476448892297325,0.13941266738763847,0.28500000000000003
rep0209,0.53,0.5343534617948776,alg2,0.15,0.005,0.005,0.13999999999999999,abs_005_005,1000,2000,0.21514887421355366,0.8605277207964334,True,0.6453788465828797,0.6453788465828797,0.5601328427394102,0.6218671572605897,-0.34498396852585655,0.23866056353584364,0.0617343145211795,0.12214453206170028,0.4614999999999999
rep0210,0.33,0.33438574106348895,alg2,0.15,0.005,0.005,0.13999999999999999,abs_005_005,1000,2000,0.05459040504849855,0.5671655455455136,True,0.512575140497015,0.512575140497015,0.28924979672637796,0.34775020327362205,-0.23465939167787941,0.21941534227189152,0.05850040654724409,0.12657473394977092,0.3275
rep0211,0.60,0.6037659353980034,alg2,0.15,0.005,0.005,0.13999999999999999,abs_005_005,1000,2000,0.42168592508923075,0.9040699568649992,True,0.4823840317757685,0.4823840317757685,0.6794537348955416,0.7365462651044583,-0.25776780980631087,0.16752369176054094,0.05709253020891669,0.13779150156685177,0.28750000000000003
rep0212,0.98,0.9780460218423522,alg2,0.15,0.005,0.005,0.13999999999999999,abs_005_005,1000,2000,0.7401976778248676,1.2474168605605407,True,0.5072191827356731,0.25980232217513244,1.0,1.0,-0.2598023221751325,0.24741686056054063,0.0,0.13371918273567313,0.3735
rep0213,0.15,0.1484121191028399,alg2,0.15,0.005,0.005,0.13999999999999999,abs_005_005,1000,2000,-0.15276078480651756,0.3804927272713041,True,0.5332535120778217,0.3804927272713041,0.12664373986503585,0.17135626013496413,-0.2794045246715534,0.20913646713634,0.04471252026992828,0.14104099180789337,0.34750000000000003
rep0214,0.66,0.6628431392335704,alg2,0.15,0.005,0.005,0.13999999999999999,abs_005_005,1000,2000,0.44788088334550696,1.001125164075307,True,0.5532442807297999,0.552119116654493,0.7264422717773495,0.7805577282226503,-0.2785613884318426,0.22056743585265665,0.0541154564453008,0.13762882428449918,0.36150000000000004
rep0215,0.68,0.6753815297588844,alg2,0.15,0.005,0.005,0.13999999999999999,abs_005_005,1000,2000,0.2653253129670337,0.9448251302015828,True,0.679499817234549,0.679499817234549,0.6425243902109112,0.7014756097890888,-0.3771990772438775,0.2433495204124939,0.058951219578177616,0.13954859765637134,0.48100000000000004
rep0216,0.82,0.8173556056467988,alg2,0.15,0.005,0.005,0.13999999999999999,abs_005_005,1000,2000,0.6068853659035289,1.2236987966257389,True,0.61681343072221,0.39311463409647107,0.9368817939745024,0.9641182060254976,-0.3299964280709735,0.2595805906002413,0.02723641205099514,0.13857701867121475,0.45100000000000007
rep0217,0.70,0.6971727626112771,alg2,0.15,0.005,0.005,0.13999999999999999,abs_005_005,1000,2000,0.48721136258544895,1.0518637667024424,True,0.5646524041169935,0.512788637414551,0.7874699643497826,0.8365300356502176,-0.3002586017643336,0.21533373105222497,0.04906007130043499,0.13959233281655847,0.3760000000000001
rep0218,0.53,0.5325584219827054,alg2,0.15,0.005,0.005,0.13999999999999999,abs_005_005,1000,2000,-0.01184491607059096,0.564822038046304,True,0.576666954116895,0.564822038046304,0.29266513979650605,0.35133486020349397,-0.304510055867097,0.21348717784281013,0.058669720406987924,0.14099723370990713,0.377
rep0219,0.26,0.26006522148105754,alg2,0.15,0.005,0.005,0.13999999999999999,abs_005_005,1000,2000,0.10585808066110497,0.7141758277325402,True,0.6083177470714352,0.6083177470714352,0.4212505344848741,0.48374946551512593,-0.3153924538237691,0.23042636221741425,0.062498931030251836,0.13881881604118346,0.407
rep0220,0.85,0.853759876232515,alg2,0.15,0.005,0.005,0.13999999999999999,abs_005_005,1000,2000,0.6170238161115464,1.0961173570722398,True,0.47909354096069334,0.38297618388845356,0.9117713842872605,0.9442286157127396,-0.294747568175714,0.1518887413595001,0.03245723142547918,0.1196363095352142,0.3269999999999999
rep0221,0.29,0.29471783594394063,alg2,0.15,0.005,0.005,0.13999999999999999,abs_005_005,1000,2000,-0.02909209867484311,0.5101847853427184,True,0.5392768840175615,0.5101847853427184,0.23004774111409912,0.28495225888590087,-0.25913983978894223,0.22523252645681752,0.05490451777180175,0.14287236624575972,0.3415
rep0222,0.60,0.5974502663194311,alg2,0.15,0.005,0.005,0.13999999999999999,abs_005_005,1000,2000,0.44350695545934793,0.904711392017284,True,0.4612044365579361,0.4612044365579361,0.7191885267325684,0.7738114732674317,-0.27568157127322046,0.13089991874985227,0.054622946534863326,0.10508149002307277,0.3015
rep0223,0.16,0.16311492076100237,alg2,0.15,0.005,0.005,0.13999999999999999,abs_005_005,1000,2000,-0.16193513071924354,0.3966840548149866,True,0.5586191855342302,0.3966840548149866,0.14972544435065938,0.1972745556493406,-0.3116605750699029,0.19940949916564601,0.047549111298681224,0.13207007423554895,0.379
rep0224,0.09,0.09398225610587806,alg2,0.15,0.005,0.005,0.13999999999999999,abs_005_005,1000,2000,-0.30997363836866193,0.20881953907498657,True,0.5187931774436485,0.20881953907498657,0.0,0.0,-0.30997363836866193,0.20881953907498657,0.0,0.1397931774436486,0.3789999999999999
rep0225,0.30,0.29551341108301227,alg2,0.15,0.005,0.005,0.13999999999999999,abs_005_005,1000,2000,-0.22003311898584438,0.323650440476819,True,0.5436835594626634,0.323650440476819,0.10748997836188186,0.14951002163811816,-0.3275230973477262,0.17414041883870085,0.042020043276236305,0.13866351618642714,0.363
rep0226,0.26,0.2588609592951638,alg2,0.15,0.005,0.005,0.13999999999999999,abs_005_005,1000,2000,0.014846821259440812,0.5223511424453844,True,0.5075043211859436,0.5075043211859436,0.2726883517776822,0.3303116482223178,-0.2578415305182414,0.19203949422306663,0.0576232964446356,0.11838102474130802,0.33149999999999996
rep0227,0.17,0.17268934084441262,alg2,0.15,0.005,0.005,0.13999999999999999,abs_005_005,1000,2000,0.0070778885700441,0.47549846485028247,True,0.46842057628023837,0.46842057628023837,0.2673401821925919,0.32465981780740805,-0.2602622936225478,0.15083864704287445,0.05731963561481612,0.12760094066542227,0.2835
rep0228,0.85,0.8487852341549722,alg2,0.15,0.005,0.005,0.13999999999999999,abs_005_005,1000,2000,0.5674464441536441,1.1907591273872864,True,0.6233126832336423,0.4325535558463559,0.8822491382009472,0.9197508617990529,-0.3148026940473031,0.27100826558823343,0.03750172359810566,0.13731095963553652,0.4485
rep0229,0.49,0.4925986285027818,alg2,0.15,0.005,0.005,0.13999999999999999,abs_005_005,1000,2000,0.15208381074189536,0.658985646078038,True,0.5069018353361426,0.5069018353361426,0.4571168636872549,0.5198831363127451,-0.30503305294535954,0.13910250976529293,0.06276627262549017,0.1306355627106524,0.31350000000000006
rep0230,0.37,0.3698093315210323,alg2,0.15,0.005,0.005,0.13999999999999999,abs_005_005,1000,2000,-0.020932432110171095,0.5556024490311963,True,0.5765348811413673,0.5556024490311963,0.28242483165822146,0.34057516834177853,-0.30335726376839256,0.2150272806894177,0.05815033668355707,0.13988454445781034,0.3784999999999999
rep0231,0.52,0.5174532275906403,alg2,0.15,0.005,0.005,0.13999999999999999,abs_005_005,1000,2000,0.19711612176453502,0.6877006214154079,True,0.49058449965087286,0.49058449965087286,0.46261081981797425,0.5253891801820257,-0.2654946980534392,0.16231144123338215,0.06277836036405149,0.12180613928682138,0.306
rep0232,0.32,0.3249276305613271,alg2,0.15,0.005,0.005,0.13999999999999999,abs_005_005,1000,2000,-0.03188952708322895,0.4292025125765926,True,0.46109203965982154,0.4292025125765926,0.21270562642137494,0.26629437357862507,-0.2445951535046039,0.16290813899796752,0.05358874715725012,0.14300329250257138,0.26450000000000007
rep0233,0.44,0.4411253571753426,alg2,0.15,0.005,0.005,0.13999999999999999,abs_005_005,1000,2000,0.28385319201787634,0.8039338491302477,True,0.5200806571123713,0.5200806571123713,0.5682300466632261,0.6297699533367739,-0.28437685464534973,0.17416389579347383,0.061539906673547806,0.12804075043882357,0.3305
rep0234,0.30,0.3017142302716192,alg2,0.15,0.005,0.005,0.13999999999999999,abs_005_005,1000,2000,0.15810091162842776,0.6971118401521537,True,0.5390109285237259,0.5390109285237259,0.4481349551560032,0.5108650448439968,-0.29003404352757545,0.18624679530815685,0.06273008968799354,0.13828083883573233,0.33799999999999997
rep0235,0.35,0.34969421484523144,alg2,0.15,0.005,0.005,0.13999999999999999,abs_005_005,1000,2000,-0.04998033465532742,0.5521596717597095,True,0.6021400064150368,0.5521596717597095,0.29803590971516086,0.35696409028483916,-0.3480162443704883,0.19519558147487032,0.0589281805696783,0.14421182584535863,0.399
rep0236,0.55,0.5457336066147829,alg2,0.15,0.005,0.005,0.13999999999999999,abs_005_005,1000,2000,0.26670158090176166,0.7913071394706546,True,0.5246055585688929,0.5246055585688929,0.5278278728670919,0.5901721271329082,-0.2611262919653302,0.20113501233774633,0.06234425426581636,0.13926130430307654,0.323
rep0237,0.30,0.29548634029776705,alg2,0.15,0.005,0.005,0.13999999999999999,abs_005_005,1000,2000,0.09734170711332973,0.6536547409453857,True,0.5563130338320559,0.5563130338320559,0.3840654914031138,0.44593450859688616,-0.28672378428978407,0.20772023234849957,0.06186901719377236,0.14394401663828355,0.3505000000000001
rep0238,0.69,0.6908595209258626,alg2,0.15,0.005,0.005,0.13999999999999999,abs_005_005,1000,2000,0.5772801416705791,1.049539885273298,True,0.47225974360271894,0.42271985832942094,0.8371502044113772,0.8808497955886228,-0.25987006274079816,0.16869008968467517,0.043699591177245534,0.12356015242547336,0.30499999999999994
rep0239,0.62,0.6241144830557169,alg2,0.15,0.005,0.005,0.13999999999999999,abs_005_005,1000,2000,0.45864078602422975,0.930283762322299,True,0.4716429762980693,0.4716429762980693,0.7644280154636486,0.8155719845363515,-0.30578722943941883,0.11471177778594756,0.05114396907270291,0.1429990072253664,0.27749999999999997
rep0240,0.24,0.24453791070407824,alg2,0.15,0.005,0.005,0.13999999999999999,abs_005_005,1000,2000,0.0367275686458311,0.6284415996002133,True,0.5917140309543822,0.5917140309543822,0.3731925996378262,0.43480740036217386,-0.3364650309919951,0.19363419923803937,0.06161480072434766,0.1155992302300346,0.41449999999999987
rep0241,0.52,0.5164645066009014,alg2,0.15,0.005,0.005,0.13999999999999999,abs_005_005,1000,2000,0.4513268477519499,0.9901174287565854,True,0.5387905810046354,0.5387905810046354,0.7985112083691187,0.8464887916308813,-0.3471843606171688,0.14362863712570403,0.0479775832617626,0.12931299774287275,0.36150000000000004
rep0242,0.35,0.35169019236869076,alg2,0.15,0.005,0.005,0.13999999999999999,abs_005_005,1000,2000,0.35990565026255605,0.7892884378554396,False,0.4293827875928835,0.4293827875928835,0.6083369091805317,0.6686630908194682,-0.24843125891797568,0.12062534703597137,0.06032618163893644,0.1375566059539471,0.23149999999999998
rep0243,0.23,0.23019375670154454,alg2,0.15,0.005,0.005,0.13999999999999999,abs_005_005,1000,2000,-0.11630640541663106,0.62446680877881,True,0.7407732141954411,0.62446680877881,0.285348876686611,0.343651123313389,-0.4016552821032421,0.280815685465421,0.058302246626777965,0.12297096756866321,0.5594999999999999
rep0244,0.74,0.7415957082065188,alg2,0.15,0.005,0.005,0.13999999999999999,abs_005_005,1000,2000,0.49403709069097573,0.9988927253404436,True,0.5048556346494679,0.5048556346494679,0.7958796048190212,0.8441203951809787,-0.30184251412804547,0.15477233015946487,0.0482407903619575,0.1226148442875103,0.334
rep0245,0.47,0.47499254802102725,alg2,0.15,0.005,0.005,0.13999999999999999,abs_005_005,1000,2000,0.3377590287081785,0.9236277224221621,True,0.5858686937139836,0.5858686937139836,0.6609633417981763,0.7190366582018236,-0.3232043130899978,0.2045910642203384,0.058073316403647324,0.13879537731033614,0.38900000000000007
rep0246,0.78,0.7758975009320978,alg2,0.15,0.005,0.005,0.13999999999999999,abs_005_005,1000,2000,0.6611322659661477,1.111461918651931,True,0.4503296526857833,0.3388677340338523,0.9128757964690508,0.9451242035309493,-0.2517435305029031,0.1663377151209817,0.032248407061898465,0.14658124562388486,0.27149999999999996
rep0247,0.28,0.2821271416173694,alg2,0.15,0.005,0.005,0.13999999999999999,abs_005_005,1000,2000,-0.13172445149783354,0.38469255895604665,True,0.5164170104538802,0.38469255895604665,0.18538343052408027,0.23661656947591972,-0.3171078820219138,0.14807598948012693,0.05123313895183945,0.13168387150204075,0.3335
rep0248,0.67,0.672988765329577,alg2,0.15,0.005,0.005,0.13999999999999999,abs_005_005,1000,2000,0.5846826132451106,1.058903485283302,True,0.4742208720381913,0.4153173867548894,0.838747770270886,0.8822522297291141,-0.2540651570257754,0.1766512555541878,0.04350445945822812,0.1337164125799632,0.29700000000000004
rep0249,0.98,0.9801107746609174,alg2,0.15,0.005,0.005,0.13999999999999999,abs_005_005,1000,2000,0.7068193245568497,1.182859175997226,True,0.4760398514403763,0.2931806754431503,0.9546219126941008,0.9773780873058991,-0.24780258813725115,0.20548108869132686,0.022756174611798352,0.14228367682857795,0.31100000000000005
rep0250,0.62,0.6172560258772761,alg2,0.15,0.005,0.005,0.13999999999999999,abs_005_005,1000,2000,0.39079779130560083,0.9631571760321851,True,0.5723593847265842,0.5723593847265842,0.6717429903404378,0.7292570096595622,-0.280945199034837,0.23390016637262284,0.057514019319124365,0.10384536540745981,0.41100000000000003
rep0251,0.29,0.2924388188288769,alg2,0.15,0.005,0.005,0.13999999999999999,abs_005_005,1000,2000,0.12493448112840316,0.598501756110859,True,0.4735672749824558,0.4735672749824558,0.35789904484850527,0.41910095515149476,-0.2329645637201021,0.17940080095936423,0.06120191030298949,0.14686536467946626,0.26550000000000007
rep0252,0.09,0.0896720602135544,alg2,0.15,0.005,0.005,0.13999999999999999,abs_005_005,1000,2000,-0.00388981896304591,0.5129075309659485,True,0.5167973499289944,0.5129075309659485,0.2809633417981763,0.3390366582018237,-0.2848531607612222,0.17387087276412486,0.058073316403647435,0.13672403352534707,0.322
rep0253,0.78,0.7765999665262309,alg2,0.15,0.005,0.005,0.13999999999999999,abs_005_005,1000,2000,0.47960963948987556,0.9903458756243366,True,0.5107362361344611,0.5107362361344611,0.7321483703007181,0.7858516296992819,-0.25253873081084255,0.20449424592505472,0.053703259398563796,0.13953297673589732,0.31749999999999995
rep0254,0.83,0.8252481785937431,alg2,0.15,0.005,0.005,0.13999999999999999,abs_005_005,1000,2000,0.5051390590087286,1.0391515215534888,True,0.5340124625447602,0.4948609409912714,0.8430121290770501,0.88598787092295,-0.33787307006832157,0.15316365063053877,0.042975741845899806,0.1335367206988604,0.35749999999999993
rep0255,0.13,0.13437713505510218,alg2,0.15,0.005,0.005,0.13999999999999999,abs_005_005,1000,2000,-0.2145337795856051,0.25492011287284855,True,0.46945389245845365,0.25492011287284855,0.07933372985757266,0.11666627014242735,-0.29386750944317774,0.1382538427304212,0.03733254028485469,0.1396213521735989,0.29250000000000004
rep0256,0.78,0.7814779027125283,alg2,0.15,0.005,0.005,0.13999999999999999,abs_005_005,1000,2000,0.6014677199321803,1.1075314818935622,True,0.5060637619613819,0.3985322800678197,0.8698168158625901,0.9091831841374098,-0.26834909593040973,0.19834829775615245,0.03936636827481976,0.1286973936865622,0.33799999999999997
rep0257,0.45,0.45240573026405834,alg2,0.15,0.005,0.005,0.13999999999999999,abs_005_005,1000,2000,0.08755664291284904,0.6984304822266943,True,0.6108738393138453,0.6108738393138453,0.46261081981797425,0.5253891801820257,-0.3750541769051252,0.17304130204466864,0.06277836036405149,0.12209547894979378,0.42600000000000005
rep0258,0.07,0.07418392827862928,alg2,0.15,0.005,0.005,0.13999999999999999,abs_005_005,1000,2000,-0.15184406188809538,0.32488163888236665,True,0.47672570077046206,0.32488163888236665,0.08575369307414563,0.12424630692585437,-0.237597754962241,0.2006353319565123,0.03849261385170874,0.1422330869187533,0.296
rep0259,0.68,0.6761520985115335,alg2,0.15,0.005,0.005,0.13999999999999999,abs_005_005,1000,2000,0.4954772385265003,0.9583027995186497,True,0.46282556099214944,0.46282556099214944,0.7487829784871016,0.8012170215128984,-0.25330573996060135,0.1570857780057513,0.052434043025796795,0.14639151796635264,0.264
rep0260,0.10,0.10492620020216502,alg2,0.15,0.005,0.005,0.13999999999999999,abs_005_005,1000,2000,-0.015034519963275955,0.4941887176612278,True,0.5092232376245037,0.4941887176612278,0.23535905681343752,0.29064094318656253,-0.2503935767767135,0.20354777447466527,0.055281886373125005,0.1409413512513788,0.31299999999999994
rep0261,0.71,0.7113348004426951,alg2,0.15,0.005,0.005,0.13999999999999999,abs_005_005,1000,2000,0.3624541196136874,0.8756448756110645,True,0.5131907559973772,0.5131907559973772,0.6088459764164468,0.6691540235835532,-0.24639185680275938,0.2064908520275113,0.06030804716710647,0.11838270883027069,0.3345
rep0262,0.38,0.3806497009582499,alg2,0.15,0.005,0.005,0.13999999999999999,abs_005_005,1000,2000,0.1468764133163889,0.7461228791779777,True,0.5992464658615888,0.5992464658615888,0.4227416904324266,0.48525830956757343,-0.2758652771160377,0.2608645696104042,0.06251661913514683,0.13822984672644184,0.3985
rep0263,0.24,0.24076696152715216,alg2,0.15,0.005,0.005,0.13999999999999999,abs_005_005,1000,2000,-0.13287688733873765,0.3506807110387037,True,0.48355759837744133,0.3506807110387037,0.15114457057593728,0.1988554294240627,-0.2840214579146749,0.15182528161464098,0.047710858848125426,0.1163467395293159,0.3195
rep0264,0.52,0.5212902081011369,alg2,0.15,0.005,0.005,0.13999999999999999,abs_005_005,1000,2000,0.3561344679543387,0.9977542814660001,True,0.6416198135116614,0.6416198135116614,0.6650677846772033,0.7229322153227966,-0.3089333167228646,0.2748220661432035,0.05786443064559332,0.14275538286606815,0.44099999999999995
rep0265,0.68,0.6761706844565677,alg2,0.15,0.005,0.005,0.13999999999999999,abs_005_005,1000,2000,0.3653039459716705,0.8404024676491738,True,0.4750985216775033,0.4750985216775033,0.5854650503371998,0.6465349496628002,-0.22016110436552927,0.19386751798637358,0.061069899325600474,0.12752862235190282,0.28650000000000003
rep0266,0.63,0.6259585314297184,alg2,0.15,0.005,0.005,0.13999999999999999,abs_005_005,1000,2000,0.4705383683945519,1.0609691327510282,True,0.5904307643564763,0.5294616316054481,0.7529500972809454,0.8050499027190546,-0.28241172888639354,0.25591923003197364,0.052099805438109215,0.13783095891836716,0.40049999999999997
rep0267,0.64,0.6425878750607568,alg2,0.15,0.005,0.005,0.13999999999999999,abs_005_005,1000,2000,0.432848863109843,0.9373948636432506,True,0.5045460005334077,0.5045460005334077,0.7109099595912739,0.7660900404087262,-0.2780610964814309,0.17130482323452445,0.05518008081745229,0.13686591971595535,0.3125
rep0268,0.57,0.5688767604756515,alg2,0.15,0.005,0.005,0.13999999999999999,abs_005_005,1000,2000,0.36628454038065517,0.8857662792995104,True,0.5194817389188552,0.5194817389188552,0.6420129086256539,0.7009870913743461,-0.2757283682449987,0.18477918792516426,0.05897418274869226,0.14550755617016287,0.31500000000000006
rep0269,0.61,0.6090884634770819,alg2,0.15,0.005,0.005,0.13999999999999999,abs_005_005,1000,2000,0.48048584078278567,0.9570565432200371,True,0.4765707024372514,0.4765707024372514,0.7373409959336705,0.7906590040663295,-0.25685515515088486,0.16639753915370759,0.05331800813265897,0.11975269430459246,0.3035
rep0270,0.12,0.11526616192747224,alg2,0.15,0.005,0.005,0.13999999999999999,abs_005_005,1000,2000,-0.17535946179237694,0.3863515902181787,True,0.5617110520105557,0.3863515902181787,0.12899010444620118,0.1740098955537988,-0.3043495662385781,0.2123416946643799,0.04501979110759763,0.11969126090295801,0.397
rep0271,0.47,0.4681751684593391,alg2,0.15,0.005,0.005,0.13999999999999999,abs_005_005,1000,2000,0.2194190206694155,0.69355331656561,True,0.47413429589619455,0.47413429589619455,0.4531236467655985,0.5158763532344015,-0.23370462609618303,0.17767696333120847,0.06275270646880299,0.13738158942739148,0.274
rep0272,0.40,0.39833590945832087,alg2,0.15,0.005,0.005,0.13999999999999999,abs_005_005,1000,2000,0.09758981337855682,0.6887822199757164,True,0.5911924065971597,0.5911924065971597,0.4351790968905382,0.49782090310946187,-0.33758928351198136,0.1909613168662546,0.06264180621892368,0.13405060037823602,0.39449999999999996
rep0273,0.71,0.7075613822911984,alg2,0.15,0.005,0.005,0.13999999999999999,abs_005_005,1000,2000,0.4498199289126621,1.0726629323876493,True,0.6228430034749872,0.5501800710873379,0.7545136695890364,0.8064863304109635,-0.30469374067637434,0.26617660197668574,0.051972660821927086,0.12637034265306019,0.44449999999999995
rep0274,0.85,0.8471606975483279,alg2,0.15,0.005,0.005,0.13999999999999999,abs_005_005,1000,2000,0.5266906592110407,1.1033948396258604,True,0.5767041804148196,0.47330934078895925,0.8328940950358161,0.8771059049641838,-0.3062034358247753,0.2262889346616766,0.04421180992836771,0.12399237048645195,0.4085
rep0275,0.40,0.39745467775964205,alg2,0.15,0.005,0.005,0.13999999999999999,abs_005_005,1000,2000,0.08963872750294283,0.6477630647897855,True,0.5581243372868427,0.5581243372868427,0.38505472624513776,0.4469452737548622,-0.29541599874219493,0.2008177910349233,0.06189054750972445,0.13473378977711814,0.3615000000000001
rep0276,0.79,0.7949538983229296,alg2,0.15,0.005,0.005,0.13999999999999999,abs_005_005,1000,2000,0.4696010158502593,0.9259176801000246,True,0.4563166642497653,0.4563166642497653,0.7103929458755661,0.7656070541244339,-0.2407919300253068,0.16031062597559081,0.055214108248867744,0.12260255600089764,0.27849999999999997
rep0277,0.93,0.930301199871631,alg2,0.15,0.005,0.005,0.13999999999999999,abs_005_005,1000,2000,0.6958899407717691,1.1539316887570554,True,0.4580417479852863,0.30411005922823087,0.9499961495962436,0.9740038504037564,-0.2541062088244745,0.179927838353299,0.0240077008075128,0.14503404717777346,0.28900000000000003
rep0278,0.37,0.3696752001735406,alg2,0.15,0.005,0.005,0.13999999999999999,abs_005_005,1000,2000,0.0522954796987416,0.5907163577914671,True,0.5384208780927255,0.5384208780927255,0.3524800927735901,0.4135199072264099,-0.3001846130748485,0.17719645056505723,0.06103981445281981,0.1348810636399057,0.3425
rep0279,0.13,0.13147382621153028,alg2,0.15,0.005,0.005,0.13999999999999999,abs_005_005,1000,2000,0.04519874204313651,0.6484712550868246,True,0.603272513043688,0.603272513043688,0.3337921031411069,0.39420789685889307,-0.2885933610979704,0.25426335822793145,0.06041579371778616,0.1278567193259018,0.41500000000000004
rep0280,0.36,0.35594285033815837,alg2,0.15,0.005,0.005,0.13999999999999999,abs_005_005,1000,2000,-0.06667350503790545,0.40261566984074965,True,0.46928917487865507,0.40261566984074965,0.21270562642137494,0.26629437357862507,-0.2793791314592804,0.13632129626212458,0.05358874715725012,0.11270042772140493,0.30300000000000005
rep0281,0.20,0.19703011471716847,alg2,0.15,0.005,0.005,0.13999999999999999,abs_005_005,1000,2000,-0.07451899956854868,0.5269115610723105,True,0.6014305606408592,0.5269115610723105,0.2522951969108842,0.30870480308911585,-0.3268141964794329,0.21820675798319464,0.05640960617823165,0.13252095446262757,0.4125
rep0282,0.53,0.534914057172963,alg2,0.15,0.005,0.005,0.13999999999999999,abs_005_005,1000,2000,0.23534084461407323,0.7333386276999038,True,0.49799778308583054,0.49799778308583054,0.5066993493231869,0.5693006506768131,-0.2713585047091137,0.16403797702309064,0.06260130135362618,0.12139648173220435,0.314
rep0283,0.41,0.41419228502596483,alg2,0.15,0.005,0.005,0.13999999999999999,abs_005_005,1000,2000,0.25272864828808,0.8139860745038696,True,0.5612574262157897,0.5612574262157897,0.542449580714241,0.604550419285759,-0.289720932426161,0.20943565521811056,0.06210083857151805,0.13415658764427152,0.365
rep0284,0.39,0.3925913844947507,alg2,0.15,0.005,0.005,0.13999999999999999,abs_005_005,1000,2000,0.26123325600128683,0.7693059892717067,True,0.5080727332704198,0.5080727332704198,0.526316826326671,0.588683173673329,-0.26508357032538415,0.18062281559837762,0.062366347346658024,0.13870638592376183,0.30699999999999994
rep0285,0.61,0.6124263297024947,alg2,0.15,0.005,0.005,0.13999999999999999,abs_005_005,1000,2000,0.29378370362042106,0.9367008316225924,True,0.6429171280021714,0.6429171280021714,0.6892341910699098,0.7457658089300903,-0.39545048744948874,0.19093502269250223,0.05653161786018046,0.11338551014199105,0.473
rep0286,0.09,0.09137197017140981,alg2,0.15,0.005,0.005,0.13999999999999999,abs_005_005,1000,2000,-0.12620834547955823,0.4100639361645704,True,0.5362722816441285,0.4100639361645704,0.14405551123320842,0.1909444887667916,-0.27026385671276665,0.21911944739777875,0.046888977533583176,0.1358833041105454,0.35350000000000004
rep0287,0.42,0.42216382842444045,alg2,0.15,0.005,0.005,0.13999999999999999,abs_005_005,1000,2000,0.2397875167256871,0.7533066038313442,True,0.5135190871056571,0.5135190871056571,0.5082066698589959,0.5707933301410041,-0.2684191531333088,0.1825132736903401,0.06258666028200821,0.12593242682364886,0.325
rep0288,0.33,0.3283444126896285,alg2,0.15,0.005,0.005,0.13999999999999999,abs_005_005,1000,2000,-0.07457739272216266,0.48918889459900305,True,0.5637662873211657,0.48918889459900305,0.24648238759923183,0.3025176124007682,-0.3210597803213945,0.1866712821982349,0.05603522480153636,0.14473106251962936,0.36300000000000004
rep0289,0.49,0.48946100113100743,alg2,0.15,0.005,0.005,0.13999999999999999,abs_005_005,1000,2000,0.09912586226323122,0.5919298584868431,True,0.4928039962236119,0.4928039962236119,0.3964403151242497,0.4585596848757503,-0.2973144528610185,0.13337017361109288,0.062119369751500564,0.12118462647211131,0.30950000000000005
rep0290,0.28,0.2770114750704152,alg2,0.15,0.005,0.005,0.13999999999999999,abs_005_005,1000,2000,0.11059917757322052,0.6378606847583714,True,0.527261507185151,0.527261507185151,0.39891771804241316,0.4610822819575868,-0.28831854046919264,0.17677840280078466,0.062164563915173665,0.13959694326997735,0.32549999999999996
rep0291,0.52,0.5193958589819763,alg2,0.15,0.005,0.005,0.13999999999999999,abs_005_005,1000,2000,0.17252324406281327,0.6338813131898311,True,0.4613580691270178,0.4613580691270178,0.42224460664375535,0.4847553933562447,-0.24972136258094207,0.14912591983358645,0.06251078671248933,0.0933472824145285,0.3055
rep0292,0.38,0.3772387157893864,alg2,0.15,0.005,0.005,0.13999999999999999,abs_005_005,1000,2000,0.14484591823177295,0.747911878025363,True,0.60306595979359,0.60306595979359,0.42970419800274146,0.4922958019972586,-0.2848582797709685,0.2556160760281044,0.06259160399451713,0.13147435579907296,0.4089999999999999
rep0293,0.51,0.5051984499773295,alg2,0.15,0.005,0.005,0.13999999999999999,abs_005_005,1000,2000,0.20495687035379484,0.7840382161319861,True,0.5790813457781913,0.5790813457781913,0.4856267090521901,0.54837329094781,-0.28066983869839524,0.2356649251841762,0.06274658189561988,0.13183476388257154,0.38449999999999995
rep0294,0.21,0.21121855142287588,alg2,0.15,0.005,0.005,0.13999999999999999,abs_005_005,1000,2000,-0.2058081692738464,0.33169000096112133,True,0.5374981702349677,0.33169000096112133,0.07522190417734079,0.11177809582265921,-0.2810300734511872,0.21991190513846215,0.036556191645318425,0.1254419785896494,0.3755
rep0295,0.17,0.17080313050950222,alg2,0.15,0.005,0.005,0.13999999999999999,abs_005_005,1000,2000,-0.15153701372950631,0.3762549022809475,True,0.5277919160104538,0.3762549022809475,0.13462998370932114,0.18037001629067886,-0.28616699743882745,0.19588488599026865,0.045740032581357726,0.1430518834290962,0.3389999999999999
rep0296,0.79,0.7918184605324403,alg2,0.15,0.005,0.005,0.13999999999999999,abs_005_005,1000,2000,0.5306988536413058,1.0311846449774793,True,0.5004857913361735,0.46930114635869424,0.8212188962137241,0.8667811037862758,-0.2905200425724183,0.16440354119120348,0.045562207572551694,0.12842358376362178,0.3265
rep0297,0.73,0.7341329586862794,alg2,0.15,0.005,0.005,0.13999999999999999,abs_005_005,1000,2000,0.6174950773599166,1.0538035786720836,True,0.43630850131216703,0.3825049226400834,0.8898541181812,0.9261458818188001,-0.27235904082128337,0.1276576968532836,0.036291763637600116,0.134516737674567,0.26549999999999996
rep0298,0.83,0.8339748580835719,alg2,0.15,0.005,0.005,0.13999999999999999,abs_005_005,1000,2000,0.5595397061572037,1.0574347083232323,True,0.49789500216602856,0.4404602938427963,0.824929248701566,0.870070751298434,-0.2653895425443623,0.1873639570247982,0.045141502596868,0.1432534995691605,0.3095
rep0299,0.51,0.5115871638625324,alg2,0.15,0.005,0.005,0.13999999999999999,abs_005_005,1000,2000,0.04502514908563643,0.6705487699598025,True,0.6255236208741661,0.6255236208741661,0.4172755194488647,0.4797244805511353,-0.3722503703632283,0.19082428940866722,0.062448961102270606,0.13057465977189547,0.43250000000000005
rep0300,0.40,0.40364277439345886,alg2,0.15,0.005,0.005,0.13999999999999999,abs_005_005,1000,2000,0.018620808184588722,0.5007935231591455,True,0.48217271497455677,0.48217271497455677,0.2697705543888063,0.32722944561119366,-0.2511497462042176,0.17356407754795183,0.05745889122238734,0.1322138237521694,0.29250000000000004
rep0301,0.87,0.8664360110278116,alg2,0.15,0.005,0.005,0.13999999999999999,abs_005_005,1000,2000,0.41486883630296945,0.9312559132987552,True,0.5163870769957858,0.5163870769957858,0.65788667708642,0.7161133229135801,-0.24301784078345057,0.21514259038517508,0.058226645827160084,0.13166043116862575,0.3264999999999999
rep0302,0.49,0.4898968316994281,alg2,0.15,0.005,0.005,0.13999999999999999,abs_005_005,1000,2000,0.32252481087172996,0.8432863435958605,True,0.5207615327241306,0.5207615327241306,0.5905416309021364,0.6514583690978636,-0.26801682003040644,0.19182797449799696,0.06091673819572718,0.13634479452840348,0.32349999999999995
rep0303,0.92,0.924732878909452,alg2,0.15,0.005,0.005,0.13999999999999999,abs_005_005,1000,2000,0.6801902835094708,1.124214145913355,True,0.44402386240388425,0.31980971649052925,0.9476971181781783,0.9723028818218217,-0.2675068346687075,0.1519112640915334,0.02460576364364342,0.14691809876024092,0.2725
rep0304,0.33,0.32739430932171654,alg2,0.15,0.005,0.005,0.13999999999999999,abs_005_005,1000,2000,0.20983838922653208,0.7346224533374752,True,0.5247840641109431,0.5247840641109431,0.5056946273053349,0.5683053726946652,-0.2958562380788028,0.16631708064281,0.06261074538933031,0.14517331872161282,0.317
rep0305,0.73,0.7336793722224937,alg2,0.15,0.005,0.005,0.13999999999999999,abs_005_005,1000,2000,0.5558280582405737,1.0849209351324527,True,0.529092876891879,0.4441719417594263,0.8206891770051052,0.8663108229948948,-0.26486111876453156,0.21861011213755782,0.04562164598978957,0.11897123090208944,0.36449999999999994
rep0306,0.59,0.5870863789564866,alg2,0.15,0.005,0.005,0.13999999999999999,abs_005_005,1000,2000,0.3333636301159073,0.834678481769556,True,0.5013148516536486,0.5013148516536486,0.607318880831548,0.667681119168452,-0.27395525071564064,0.16699736260110398,0.06036223833690402,0.14595261331674464,0.295
rep0307,0.45,0.44910197027138676,alg2,0.15,0.005,0.005,0.13999999999999999,abs_005_005,1000,2000,-0.06795706643409336,0.46900392768528476,True,0.5369609941193781,0.46900392768528476,0.21270562642137494,0.26629437357862507,-0.2806626928554683,0.2027095541066597,0.05358874715725012,0.14487224696212797,0.3385
rep0308,0.77,0.7703970605576107,alg2,0.15,0.005,0.005,0.13999999999999999,abs_005_005,1000,2000,0.6209759938418905,1.1334591910337433,True,0.5124831971918528,0.3790240061581095,0.9051634152028386,0.9388365847971615,-0.2841874213609481,0.19462260623658167,0.03367316959432287,0.1353100275975298,0.34349999999999997
rep0309,0.58,0.5780358107220455,alg2,0.15,0.005,0.005,0.13999999999999999,abs_005_005,1000,2000,0.4172573829865799,0.8532050875410792,True,0.43594770455449927,0.43594770455449927,0.6333234811982477,0.6926765188017524,-0.21606609821166778,0.16052856873932675,0.059353037603504744,0.12659466695099453,0.25
rep0310,0.39,0.38669066923314943,alg2,0.15,0.005,0.005,0.13999999999999999,abs_005_005,1000,2000,0.054902964042829794,0.585429018663155,True,0.5305260546203252,0.5305260546203252,0.31809425265098834,0.3779057473490116,-0.26319128860815855,0.20752327131414333,0.05981149469802327,0.14621455992230192,0.32449999999999996
rep0311,0.49,0.4882251147484456,alg2,0.15,0.005,0.005,0.13999999999999999,abs_005_005,1000,2000,0.32795991919876577,0.8373344642855372,True,0.5093745450867714,0.5093745450867714,0.6185250204820637,0.6784749795179362,-0.29056510128329793,0.15885948476760087,0.059949959035872524,0.1299245860508989,0.3194999999999999
rep0312,0.72,0.7212445504770939,alg2,0.15,0.005,0.005,0.13999999999999999,abs_005_005,1000,2000,0.6706286804230692,1.1518999444301607,True,0.4812712640070915,0.3293713195769308,0.9223026842418599,0.9526973157581401,-0.25167400381879074,0.1992026286720206,0.03039463151628019,0.13187663249081133,0.319
rep0313,0.48,0.48016340603663465,alg2,0.15,0.005,0.005,0.13999999999999999,abs_005_005,1000,2000,0.14178019540093623,0.7395636949145865,True,0.5977834995136503,0.5977834995136503,0.45062890780126924,0.5133710921987307,-0.308848712400333,0.22619260271585584,0.06274218439746143,0.14354131511618884,0.39149999999999996
rep0314,0.72,0.7171292909872643,alg2,0.15,0.005,0.005,0.13999999999999999,abs_005_005,1000,2000,0.6308839188690851,1.0850973757614923,True,0.4542134568924072,0.3691160811309149,0.8741329567489138,0.9128670432510861,-0.24324903787982863,0.17223033251040631,0.03873408650217236,0.13047937039023505,0.2849999999999999
rep0315,0.66,0.6617456357742059,alg2,0.15,0.005,0.005,0.13999999999999999,abs_005_005,1000,2000,0.44412139083715196,1.0043775589317028,True,0.5602561680945508,0.555878609162848,0.7467007165612073,0.7992992834387928,-0.3025793257240553,0.20507827549290997,0.05259856687758546,0.13665760121696535,0.371
rep0316,0.12,0.11918135634522453,alg2,0.15,0.005,0.005,0.13999999999999999,abs_005_005,1000,2000,-0.16009442181457417,0.47678489165257365,True,0.6368793134671478,0.47678489165257365,0.18060869036509092,0.23139130963490906,-0.3407031121796651,0.2453935820176646,0.05078261926981814,0.13709669419732967,0.449
rep0317,0.21,0.21108536838904637,alg2,0.15,0.005,0.005,0.13999999999999999,abs_005_005,1000,2000,-0.02405637331670535,0.5530995279607707,True,0.5771559012774761,0.5530995279607707,0.2595699593389326,0.31643004066106734,-0.28362633265563797,0.2366694872997033,0.056860081322134715,0.11929581995534122,0.401
rep0318,0.80,0.8040956201975279,alg2,0.15,0.005,0.005,0.13999999999999999,abs_005_005,1000,2000,0.5352419649515769,1.0001650487766507,True,0.46492308382507375,0.46475803504842306,0.7592073895803303,0.8107926104196698,-0.22396542462875332,0.1893724383569809,0.051585220839339474,0.13983786298573425,0.27349999999999997
rep0319,0.46,0.46119366142127793,alg2,0.15,0.005,0.005,0.13999999999999999,abs_005_005,1000,2000,0.31353939425827354,0.8575408344200159,True,0.5440014401617423,0.5440014401617423,0.5505283865119034,0.6124716134880966,-0.23698899225362985,0.2450692209319193,0.061943226976193255,0.13805821318554917,0.344
rep0320,0.62,0.6179707333947683,alg2,0.15,0.005,0.005,0.13999999999999999,abs_005_005,1000,2000,0.2800106480959259,0.7577607841415688,True,0.47775013604564287,0.47775013604564287,0.4956543616871941,0.5583456383128059,-0.2156437135912682,0.1994151458287629,0.0626912766256118,0.1275588594200311,0.2875
rep0321,0.22,0.21594663720172308,alg2,0.15,0.005,0.005,0.13999999999999999,abs_005_005,1000,2000,0.02125991325230886,0.6690069648119396,True,0.6477470515596306,0.6477470515596306,0.35789904484850527,0.41910095515149476,-0.3366391315961964,0.2499060096604448,0.06120191030298949,0.13804514125664114,0.4485
rep0322,0.46,0.459954081350642,alg2,0.15,0.005,0.005,0.13999999999999999,abs_005_005,1000,2000,0.2241818783089014,0.7173788705839137,True,0.4931969922750123,0.4931969922750123,0.48713005435299045,0.5498699456470095,-0.26294817604408904,0.1675089249369042,0.06273989129401908,0.14245710098099318,0.28800000000000003
rep0323,0.66,0.6611761223874517,alg2,0.15,0.005,0.005,0.13999999999999999,abs_005_005,1000,2000,0.3791633098064281,1.013348130974918,True,0.6341848211684898,0.6208366901935719,0.7628612247808005,0.8141387752191994,-0.38369791497437244,0.19920935575571852,0.05127755043839888,0.13840727073009107,0.4444999999999999
rep0324,0.59,0.5893382976232248,alg2,0.15,0.005,0.005,0.13999999999999999,abs_005_005,1000,2000,0.4497082953336859,1.022059028071414,True,0.572350732737728,0.550291704666314,0.7827469982492978,0.8322530017507022,-0.33303870291561194,0.1898060263207118,0.04950600350140433,0.12834472923632367,0.3945000000000001
rep0325,0.67,0.6677027912669447,alg2,0.15,0.005,0.005,0.13999999999999999,abs_005_005,1000,2000,0.4727813952012994,0.9787580035209202,True,0.5059766083196209,0.5059766083196209,0.7633834305240803,0.8146165694759198,-0.2906020353227809,0.16414143404500045,0.05123313895183945,0.1342434693677813,0.3205
rep0326,0.46,0.4623903026098371,alg2,0.15,0.005,0.005,0.13999999999999999,abs_005_005,1000,2000,0.11313004579972791,0.6384616378014236,True,0.5253315920016957,0.5253315920016957,0.42423313252885964,0.4867668674711404,-0.31110308672913173,0.15169477033028328,0.06253373494228076,0.11379785705941503,0.349
rep0327,0.57,0.5668670944773284,alg2,0.15,0.005,0.005,0.13999999999999999,abs_005_005,1000,2000,0.13183596881158777,0.6960145686860943,True,0.5641785998745066,0.5641785998745066,0.4098278728670918,0.4721721271329082,-0.27799190405550406,0.22384244155318622,0.06234425426581636,0.13583434560869023,0.366
rep0328,0.36,0.3553453240229853,alg2,0.15,0.005,0.005,0.13999999999999999,abs_005_005,1000,2000,-0.04230671239450251,0.5313764149986593,True,0.5736831273931617,0.5313764149986593,0.25568888842730475,0.3123111115726952,-0.29799560082180726,0.21906530342596414,0.05662222314539045,0.1320609042477714,0.385
rep0329,0.32,0.3171603949473484,alg2,0.15,0.005,0.005,0.13999999999999999,abs_005_005,1000,2000,0.0976891178053983,0.5783306495381559,True,0.48064153173275764,0.48064153173275764,0.3855493928280553,0.4474506071719447,-0.287860275022657,0.1308800423662112,0.0619012143438894,0.14474031738886817,0.274
rep0330,0.25,0.2517098915594002,alg2,0.15,0.005,0.005,0.13999999999999999,abs_005_005,1000,2000,-0.03420576573413986,0.5122904054497185,True,0.5464961711838583,0.5122904054497185,0.2165539451743535,0.2704460548256465,-0.25075971090849336,0.241844350624072,0.053892109651292985,0.1466040615325654,0.346
rep0331,0.59,0.5850644392287365,alg2,0.15,0.005,0.005,0.13999999999999999,abs_005_005,1000,2000,0.174258689056061,0.6732853213396701,True,0.4990266322836091,0.4990266322836091,0.4446447433461683,0.5073552566538316,-0.2703860542901073,0.16593006468583843,0.06271051330766331,0.1403161189759456,0.29600000000000015
rep0332,0.32,0.31964031645980046,alg2,0.15,0.005,0.005,0.13999999999999999,abs_005_005,1000,2000,0.08133218427601685,0.6001676798153324,True,0.5188354955393155,0.5188354955393155,0.35494274242878854,0.4160572575712115,-0.2736105581527717,0.18411042224412089,0.06111451514242294,0.13322098039689256,0.3245
rep0333,0.71,0.71193238295495,alg2,0.15,0.005,0.005,0.13999999999999999,abs_005_005,1000,2000,0.6128241825420778,1.1201969787037511,True,0.5073727961616733,0.3871758174579222,0.8789988671533279,0.9170011328466722,-0.26617468461125005,0.20319584585707895,0.038002265693344306,0.14437053046832915,0.32499999999999984
rep0334,0.91,0.9057710364771338,alg2,0.15,0.005,0.005,0.13999999999999999,abs_005_005,1000,2000,0.5626172213883236,1.0884660986754227,True,0.5258488772870991,0.4373827786116764,0.8811651357317338,0.9188348642682662,-0.3185479143434102,0.1696312344071565,0.03766972853653239,0.14317914875056664,0.34500000000000003
rep0335,0.60,0.5970340885379877,alg2,0.15,0.005,0.005,0.13999999999999999,abs_005_005,1000,2000,0.29112341599487523,0.7843427833712382,True,0.49321936737636296,0.49321936737636296,0.561144529365839,0.6228554706341609,-0.2700211133709638,0.16148731273707734,0.061710941268321884,0.1250084261080412,0.30649999999999994
rep0336,0.49,0.4896935424380086,alg2,0.15,0.005,0.005,0.13999999999999999,abs_005_005,1000,2000,0.22145215481401864,0.8824424421155553,True,0.6609902873015367,0.6609902873015367,0.567723722280823,0.629276277719177,-0.3462715674668044,0.2531661643963783,0.06155255543835403,0.1399377318631827,0.4595
rep0337,0.32,0.3188697102776968,alg2,0.15,0.005,0.005,0.13999999999999999,abs_005_005,1000,2000,-0.2136158920318026,0.432338171835961,True,0.6459540638677637,0.432338171835961,0.2054987815147163,0.25850121848528373,-0.4191146735465189,0.17383695335067728,0.053002436970567446,0.13345162689719614,0.4595
rep0338,0.54,0.5395303569899255,alg2,0.15,0.005,0.005,0.13999999999999999,abs_005_005,1000,2000,0.24019905889521037,0.8339615230938726,True,0.5937624641986623,0.5937624641986623,0.5323627449298406,0.5946372550701594,-0.2921636860346302,0.23932426802371315,0.06227451014031882,0.14148795405834336,0.39
rep0339,0.12,0.12154911962725856,alg2,0.15,0.005,0.005,0.13999999999999999,abs_005_005,1000,2000,-0.2597246352113077,0.23429084584991688,True,0.49401548106122456,0.23429084584991688,0.01764253705437411,0.03835746294562589,-0.2773671722656818,0.195933382904291,0.020714925891251783,0.1258005551699729,0.3474999999999999
rep0340,0.31,0.3102217756660081,alg2,0.15,0.005,0.005,0.13999999999999999,abs_005_005,1000,2000,-0.0033972704920117724,0.5520906216784838,True,0.5554878921704955,0.5520906216784838,0.2936412990213143,0.3523587009786857,-0.2970385695133261,0.19973192069979803,0.05871740195737141,0.13077049021312415,0.366
rep0341,0.37,0.37343317605093007,alg2,0.15,0.005,0.005,0.13999999999999999,abs_005_005,1000,2000,0.16254685919497985,0.7566565766774451,True,0.5941097174824652,0.5941097174824652,0.5278278728670919,0.5901721271329082,-0.365281013672112,0.16648444954453695,0.06234425426581636,0.1442654632166489,0.38750000000000007
rep0342,0.13,0.12752717516458828,alg2,0.15,0.005,0.005,0.13999999999999999,abs_005_005,1000,2000,-0.059307559539363036,0.46957409294377733,True,0.5288816524831403,0.46957409294377733,0.23680856787515667,0.2921914321248434,-0.2961161274145197,0.17738266081893395,0.05538286424968672,0.13599878823345368,0.33749999999999997
rep0343,0.75,0.7506331851311092,alg2,0.15,0.005,0.005,0.13999999999999999,abs_005_005,1000,2000,0.6417053441997712,1.1499983482648366,True,0.5082930040650654,0.3582946558002288,0.9223026842418599,0.9526973157581401,-0.2805973400420887,0.19730103250669645,0.03039463151628019,0.13889837254878512,0.339
rep0344,0.80,0.7973487844017139,alg2,0.15,0.005,0.005,0.13999999999999999,abs_005_005,1000,2000,0.658812639104819,1.2162908346107912,True,0.5574781955059722,0.341187360895181,1.0,1.0,-0.3411873608951809,0.2162908346107913,0.0,0.14147819550597218,0.41600000000000004
rep0345,0.45,0.44564247441258986,alg2,0.15,0.005,0.005,0.13999999999999999,abs_005_005,1000,2000,0.3031487623335819,0.835417691716103,True,0.5322689293825211,0.5322689293825211,0.5971463275185068,0.6578536724814931,-0.2939975651849249,0.17756401923460996,0.06070734496298624,0.14006158441953487,0.3315
rep0346,0.64,0.6358154888318488,alg2,0.15,0.005,0.005,0.13999999999999999,abs_005_005,1000,2000,0.25789658310832386,0.8174085504997506,True,0.5595119673914267,0.5595119673914267,0.6083369091805317,0.6686630908194682,-0.3504403260722079,0.14874545968028247,0.06032618163893644,0.1356857857524903,0.36350000000000005
rep0347,0.41,0.40797144380603984,alg2,0.15,0.005,0.005,0.13999999999999999,abs_005_005,1000,2000,0.18020672890102657,0.671863295382394,True,0.4916565664813674,0.4916565664813674,0.4711089519483476,0.5338910480516523,-0.29090222304732105,0.13797224733074168,0.06278209610330471,0.14187447037806267,0.28700000000000003
rep0348,0.29,0.29376251328837416,alg2,0.15,0.005,0.005,0.13999999999999999,abs_005_005,1000,2000,0.1669643956058388,0.6881399522754841,True,0.5211755566696452,0.5211755566696452,0.4461403594932203,0.5088596405067797,-0.2791759638873815,0.1792803117687044,0.06271928101355939,0.1339562756560858,0.32450000000000007
rep0349,0.44,0.44186947927296477,alg2,0.15,0.005,0.005,0.13999999999999999,abs_005_005,1000,2000,0.206484985717646,0.7367241025337188,True,0.5302391168160727,0.5302391168160727,0.4906389611887628,0.5533610388112372,-0.2841539754711168,0.18336306372248162,0.06272207762247439,0.14651703919359838,0.32100000000000006
rep0350,0.38,0.38486196980731546,alg2,0.15,0.005,0.005,0.13999999999999999,abs_005_005,1000,2000,0.06275194200481948,0.5955423769986785,True,0.532790434993859,0.532790434993859,0.36332209748033867,0.42467790251966137,-0.3005701554755192,0.17086447447901712,0.0613558050393227,0.13943462995453626,0.3320000000000001
rep0351,0.10,0.09872763892192564,alg2,0.15,0.005,0.005,0.13999999999999999,abs_005_005,1000,2000,-0.1159161754812959,0.3218969618912031,True,0.437813137372499,0.3218969618912031,0.15872396174143183,0.20727603825856816,-0.27464013722272773,0.11462092363263494,0.04855207651713633,0.12126106085536276,0.2679999999999999
rep0352,0.28,0.2844427574292811,alg2,0.15,0.005,0.005,0.13999999999999999,abs_005_005,1000,2000,0.20956533016492634,0.7094285248209734,True,0.49986319465604706,0.49986319465604706,0.4536226888809052,0.5163773111190948,-0.24405735871597883,0.1930512137018786,0.06275462223818962,0.1381085724178575,0.29899999999999993
rep0353,0.55,0.5500653841041604,alg2,0.15,0.005,0.005,0.13999999999999999,abs_005_005,1000,2000,0.5207690637545558,1.0717111491875815,True,0.5509420854330257,0.4792309362454442,0.7785531648028003,0.8284468351971996,-0.25778410104824456,0.24326431399038195,0.04989367039439929,0.12754841503862652,0.3735
rep0354,0.25,0.24510482126387192,alg2,0.15,0.005,0.005,0.13999999999999999,abs_005_005,1000,2000,-0.059292673294461945,0.47750048715161975,True,0.5367931604460817,0.47750048715161975,0.20357892275812303,0.25642107724187696,-0.262871596052585,0.22107940990974279,0.05284215448375393,0.14195100596232774,0.342
rep0355,0.95,0.9522585919166384,alg2,0.15,0.005,0.005,0.13999999999999999,abs_005_005,1000,2000,0.6642373843293579,1.159949312002528,True,0.49571192767317007,0.33576261567064214,0.9598769306179393,0.9811230693820607,-0.2956395462885814,0.17882624262046715,0.021246138764121403,0.11846578890904857,0.356
rep0356,0.68,0.6785408078428427,alg2,0.15,0.005,0.005,0.13999999999999999,abs_005_005,1000,2000,0.3402472577364429,0.8572459963302895,True,0.5169987385938466,0.5169987385938466,0.6185250204820637,0.6784749795179362,-0.2782777627456208,0.17877101681235327,0.059949959035872524,0.11954877955797405,0.3375
rep0357,0.58,0.583331807645915,alg2,0.15,0.005,0.005,0.13999999999999999,abs_005_005,1000,2000,0.3740157038555107,0.9748487829982957,True,0.6008330791427849,0.6008330791427849,0.6307698198780073,0.6902301801219927,-0.2567541160224966,0.28461860287630303,0.05946036024398538,0.13037271889879964,0.4109999999999999
rep0358,0.38,0.3809641548377436,alg2,0.15,0.005,0.005,0.13999999999999999,abs_005_005,1000,2000,0.13455036321517488,0.8369747041347213,True,0.7024243409195464,0.7024243409195464,0.5147416904324267,0.5772583095675734,-0.3801913272172518,0.2597163945671479,0.06251661913514672,0.13840772178439964,0.5015000000000001
rep0359,0.66,0.6648549710783686,alg2,0.15,0.005,0.005,0.13999999999999999,abs_005_005,1000,2000,0.5548330395109021,1.0759644376493558,True,0.5211313981384537,0.4451669604890979,0.8275820274778096,0.8724179725221903,-0.2727489879669075,0.20354646512716534,0.04483594504438071,0.14529545309407282,0.331
rep0360,0.43,0.4332237833125718,alg2,0.15,0.005,0.005,0.13999999999999999,abs_005_005,1000,2000,0.1845621884053359,0.6880615868700448,True,0.5034993984647089,0.5034993984647089,0.4446447433461683,0.5073552566538316,-0.26008255494083243,0.1807063302162132,0.06271051330766331,0.13228888515704562,0.3085
rep0361,0.17,0.17310515974696308,alg2,0.15,0.005,0.005,0.13999999999999999,abs_005_005,1000,2000,0.07396347492013533,0.6153182545886691,True,0.5413547796685337,0.5413547796685337,0.4078430504644922,0.4701569495355078,-0.3338795755443569,0.1451613050531613,0.06231389907101559,0.12404088059751811,0.35500000000000004
rep0362,0.59,0.5929987418172065,alg2,0.15,0.005,0.005,0.13999999999999999,abs_005_005,1000,2000,0.32916824759690166,0.827393218770213,True,0.4982249711733113,0.4982249711733113,0.5885105877497496,0.6494894122502504,-0.25934234015284796,0.17790380651996263,0.06097882450050074,0.1442461466728106,0.293
rep0363,0.78,0.7797202523798891,alg2,0.15,0.005,0.005,0.13999999999999999,abs_005_005,1000,2000,0.38392801213049466,0.9045111700618087,True,0.520583157931314,0.520583157931314,0.6589120740294125,0.7170879259705873,-0.2749840618989179,0.1874232440912214,0.058175851941174805,0.13840730599013923,0.32400000000000007
rep0364,0.86,0.8645679323305089,alg2,0.15,0.005,0.005,0.13999999999999999,abs_005_005,1000,2000,0.4482962535237529,0.9699423799827438,True,0.5216461264589909,0.5216461264589909,0.7639056940347361,0.8150943059652639,-0.31560944051098316,0.1548480740174799,0.051188611930527816,0.1374575145284631,0.33299999999999996
rep0365,0.26,0.25974986988586085,alg2,0.15,0.005,0.005,0.13999999999999999,abs_005_005,1000,2000,0.12359459896906427,0.6997705177422036,True,0.5761759187731392,0.5761759187731392,0.3776386695341029,0.43936133046589704,-0.25404407056503864,0.26040918727630646,0.06172266093179413,0.1284532578413451,0.386
rep0366,0.87,0.8690627549595847,alg2,0.15,0.005,0.005,0.13999999999999999,abs_005_005,1000,2000,0.4713076610425511,1.0220879912309482,True,0.5507803301883971,0.5286923389574489,0.775410421907136,0.8255895780928639,-0.30410276086458493,0.19649841313808417,0.05017915618572788,0.14360117400266909,0.35700000000000004
rep0367,0.64,0.6428989626416638,alg2,0.15,0.005,0.005,0.13999999999999999,abs_005_005,1000,2000,0.4721048176259248,1.0453589498692817,True,0.5732541322433569,0.5278951823740752,0.7321483703007181,0.7858516296992819,-0.2600435526747933,0.2595073201699999,0.053703259398563796,0.1330508728447931,0.38650000000000007
rep0368,0.68,0.6753208609633297,alg2,0.15,0.005,0.005,0.13999999999999999,abs_005_005,1000,2000,0.6224756737720252,1.1630751269151658,True,0.5405994531431406,0.3775243262279748,0.8969443807826016,0.9320556192173983,-0.2744687070105764,0.23101950769776752,0.03511123843479669,0.14448821470834394,0.361
rep0369,0.51,0.5065372343729166,alg2,0.15,0.005,0.005,0.13999999999999999,abs_005_005,1000,2000,0.35964666410954227,0.9127101754385405,True,0.5530635113289982,0.5530635113289982,0.6266858813114448,0.6863141186885552,-0.2670392172019025,0.2263960567499853,0.05962823737711043,0.14393527395188782,0.3495
rep0370,0.24,0.23632333791984533,alg2,0.15,0.005,0.005,0.13999999999999999,abs_005_005,1000,2000,-0.06334906916723776,0.4634112347511218,True,0.5267603039183595,0.4634112347511218,0.2697705543888063,0.32722944561119366,-0.3331196235560441,0.13618178913992815,0.05745889122238734,0.12930141269597223,0.34
rep0371,0.58,0.575749758105001,alg2,0.15,0.005,0.005,0.13999999999999999,abs_005_005,1000,2000,0.2905375966134542,0.8343231075018953,True,0.5437855108884411,0.5437855108884411,0.549518079532449,0.611481920467551,-0.25898048291899484,0.2228411870343443,0.06196384093510199,0.12682166995333904,0.3550000000000001
rep0372,0.72,0.718979006591431,alg2,0.15,0.005,0.005,0.13999999999999999,abs_005_005,1000,2000,0.4045152192454896,0.8841446324026889,True,0.4796294131571993,0.4796294131571993,0.6548114290827928,0.7131885709172073,-0.25029620983730316,0.17095606148548154,0.05837714183441456,0.13125227132278466,0.29000000000000004
rep0373,0.55,0.5517662944553136,alg2,0.15,0.005,0.005,0.13999999999999999,abs_005_005,1000,2000,0.3076738687135127,0.8622133776159817,True,0.554539508902469,0.554539508902469,0.582420740819448,0.643579259180552,-0.27474687210593524,0.21863411843542968,0.061158518361104086,0.12638099054136487,0.36700000000000005
rep0374,0.88,0.8793070293832355,alg2,0.15,0.005,0.005,0.13999999999999999,abs_005_005,1000,2000,0.6076253573051058,1.1454363383615818,True,0.537810981056476,0.3923746426948942,0.9156409212560109,0.9473590787439891,-0.3080155639509051,0.1980772596175928,0.03171815748797813,0.11809282356849793,0.388
rep0375,0.24,0.24001764706486642,alg2,0.15,0.005,0.005,0.13999999999999999,abs_005_005,1000,2000,-0.1703906944027611,0.3049443218451853,True,0.4753350162479464,0.3049443218451853,0.1351005089885372,0.1808994910114628,-0.3054912033912983,0.12404483083372245,0.045798982022925594,0.1460360342250207,0.28350000000000003
rep0376,0.44,0.4387207683937876,alg2,0.15,0.005,0.005,0.13999999999999999,abs_005_005,1000,2000,0.2091065963189288,0.7580866427503843,True,0.5489800464314555,0.5489800464314555,0.5041877816443183,0.5668122183556816,-0.2950811853253895,0.19127442439470266,0.06262443671136331,0.13935560972009214,0.34700000000000003
rep0377,0.12,0.12480370420166471,alg2,0.15,0.005,0.005,0.13999999999999999,abs_005_005,1000,2000,-0.05808192940149659,0.5398080267013089,True,0.5978899561028055,0.5398080267013089,0.22377806393026178,0.2782219360697382,-0.2818599933317584,0.2615860906315707,0.054443872139476435,0.14594608396332898,0.3975000000000001
rep0378,0.11,0.11430449700984965,alg2,0.15,0.005,0.005,0.13999999999999999,abs_005_005,1000,2000,-0.17664597877513932,0.2731041138786614,True,0.4497500926538007,0.2731041138786614,0.08851342357700832,0.12748657642299166,-0.26515940235214763,0.14561753745566974,0.038973152845983336,0.1372769398078173,0.2735000000000001
rep0379,0.20,0.20453031647305683,alg2,0.15,0.005,0.005,0.13999999999999999,abs_005_005,1000,2000,-0.21448175998507368,0.28640967023772745,True,0.5008914302228011,0.28640967023772745,0.12711284039819992,0.17188715960180007,-0.3415946003832736,0.11452251063592742,0.044774319203600144,0.136117111019201,0.32000000000000006
rep0380,0.24,0.23811846326039054,alg2,0.15,0.005,0.005,0.13999999999999999,abs_005_005,1000,2000,-0.01131910216377413,0.5032423270171672,True,0.5145614291809413,0.5032423270171672,0.2741477993740821,0.33185220062591786,-0.28546690153785625,0.17139012639124931,0.057704401251835735,0.12935702792910558,0.32749999999999996
rep0381,0.11,0.11380558123415879,alg2,0.15,0.005,0.005,0.13999999999999999,abs_005_005,1000,2000,-0.2009826424084381,0.36510315553102046,True,0.5660857979394586,0.36510315553102046,0.09081681586259016,0.13018318413740984,-0.29179945827102827,0.23491997139361065,0.03936636827481968,0.1402194296646389,0.3865
rep0382,0.49,0.4919757483035177,alg2,0.15,0.005,0.005,0.13999999999999999,abs_005_005,1000,2000,0.4482015118702621,0.9244792717302603,True,0.47627775985999826,0.47627775985999826,0.7150477411140992,0.7699522588859009,-0.2668462292438371,0.15452701284435943,0.05490451777180172,0.13337324208819656,0.288
rep0383,0.15,0.1489197703131804,alg2,0.15,0.005,0.005,0.13999999999999999,abs_005_005,1000,2000,-0.028872414605982333,0.4647087755416438,True,0.49358119014762614,0.4647087755416438,0.2242600605946784,0.2787399394053216,-0.25313247520066073,0.18596883613632217,0.0544798788106432,0.1416013113369829,0.29750000000000004
rep0384,0.20,0.20007340189381725,alg2,0.15,0.005,0.005,0.13999999999999999,abs_005_005,1000,2000,-0.20555901139042673,0.3058124014538347,True,0.5113714128442615,0.3058124014538347,0.1028437881465318,0.1441562118534682,-0.30840279953695854,0.16165618960036654,0.041312423706936385,0.14555898913732507,0.3245
rep0385,0.55,0.5456431806537574,alg2,0.15,0.005,0.005,0.13999999999999999,abs_005_005,1000,2000,0.296619482003407,0.7857274773665031,True,0.48910799536309607,0.48910799536309607,0.5672174312101228,0.6287825687898771,-0.2705979492067158,0.15694490857662588,0.06156513757975435,0.12154285778334162,0.30600000000000005
rep0386,0.52,0.5224872490939236,alg2,0.15,0.005,0.005,0.13999999999999999,abs_005_005,1000,2000,0.0797095340658211,0.588231175091011,True,0.5085216410251898,0.5085216410251898,0.34460536848371986,0.40539463151628014,-0.26489583441789877,0.18283654357473078,0.06078926303256027,0.12873237799262954,0.319
rep0387,0.69,0.6886972502706856,alg2,0.15,0.005,0.005,0.13999999999999999,abs_005_005,1000,2000,0.6500138668586851,1.0904726391719586,True,0.44045877231327346,0.3499861331413149,0.9575340482781219,0.9794659517218781,-0.3075201814194368,0.11100668745008035,0.021931903443756173,0.1335268688695171,0.2850000000000001
rep0388,0.23,0.2251468741488763,alg2,0.15,0.005,0.005,0.13999999999999999,abs_005_005,1000,2000,-0.04740911362223155,0.5235468181725798,True,0.5709559317948113,0.5235468181725798,0.27755458955295315,0.33544541044704684,-0.3249637031751847,0.18810140772553297,0.0578908208940937,0.1330651109007176,0.38
rep0389,0.55,0.5505908481778488,alg2,0.15,0.005,0.005,0.13999999999999999,abs_005_005,1000,2000,0.47198054554201563,1.0220677357312689,True,0.5500871901892532,0.5280194544579844,0.7659953287825826,0.8170046712174174,-0.29401478324056696,0.2050630645138514,0.05100934243483479,0.13857784775441834,0.3605
rep0390,0.80,0.795669704744102,alg2,0.15,0.005,0.005,0.13999999999999999,abs_005_005,1000,2000,0.6978183037632799,1.175562327369955,True,0.477744023606675,0.3021816962367201,0.9557846857446515,0.9782153142553485,-0.25796638198137156,0.19734701311460656,0.022430628510696993,0.14481339509597818,0.31049999999999994
rep0391,0.45,0.45358503651580734,alg2,0.15,0.005,0.005,0.13999999999999999,abs_005_005,1000,2000,0.3606191727327617,0.8610830331547249,True,0.5004638604219632,0.5004638604219632,0.6358780713799941,0.6951219286200059,-0.2752588986472324,0.165961104534719,0.0592438572400118,0.13122000318195148,0.30999999999999994
rep0392,0.42,0.4224205634563259,alg2,0.15,0.005,0.005,0.13999999999999999,abs_005_005,1000,2000,0.26349562473377275,0.8592059549946941,True,0.5957103302609214,0.5957103302609214,0.5082066698589959,0.5707933301410041,-0.24471104512522313,0.28841262485369,0.06258666028200821,0.13812366997891318,0.39499999999999996
rep0393,0.23,0.22617613393867625,alg2,0.15,0.005,0.005,0.13999999999999999,abs_005_005,1000,2000,-0.05805102851124941,0.4619509045307638,True,0.5200019330420133,0.4619509045307638,0.21270562642137494,0.26629437357862507,-0.27075665493262435,0.19565653095213872,0.05358874715725012,0.1409131858847631,0.3255
rep0394,0.68,0.6802362956247577,alg2,0.15,0.005,0.005,0.13999999999999999,abs_005_005,1000,2000,0.5443912962673673,1.078878140458553,True,0.5344868441911858,0.45560870373263274,0.8440791885540256,0.8869208114459745,-0.2996878922866584,0.19195732901257856,0.042841622891948816,0.1376452212992369,0.35400000000000004
rep0395,0.21,0.2071078162527467,alg2,0.15,0.005,0.005,0.13999999999999999,abs_005_005,1000,2000,0.02789182982734162,0.680994274927542,True,0.6531024451002004,0.6531024451002004,0.33035507906916306,0.3906449209308369,-0.30246324924182144,0.29034935399670514,0.060289841861673854,0.13681260323852656,0.456
rep0396,0.35,0.3458165390188869,alg2,0.15,0.005,0.005,0.13999999999999999,abs_005_005,1000,2000,0.20695495655844276,0.7057239642151585,True,0.4987690076567157,0.4987690076567157,0.4526246360870454,0.5153753639129546,-0.24566967952860264,0.19034860030220396,0.06275072782590918,0.1465182798308065,0.2895000000000001
rep0397,0.23,0.22569766624517135,alg2,0.15,0.005,0.005,0.13999999999999999,abs_005_005,1000,2000,-0.1433878671971638,0.44528178635087234,True,0.5886696535480361,0.44528178635087234,0.1558796048190213,0.2041203951809787,-0.2992674720161851,0.24116139116989366,0.048240790361957386,0.14542886318607873,0.395
rep0398,0.29,0.2869560971077115,alg2,0.15,0.005,0.005,0.13999999999999999,abs_005_005,1000,2000,0.05848329347457637,0.5910707309836002,True,0.5325874375090238,0.5325874375090238,0.3391966245287671,0.3998033754712329,-0.2807133310541907,0.1912673555123673,0.060606750942465815,0.143480686566558,0.3285
rep0399,0.96,0.9596574247528689,alg2,0.15,0.005,0.005,0.13999999999999999,abs_005_005,1000,2000,0.7058963184660667,1.1951578540244017,True,0.48926153555833496,0.2941036815339333,1.0,1.0,-0.29410368153393335,0.19515785402440167,0.0,0.14126153555833515,0.34799999999999986
rep0400,0.16,0.1648274519207478,alg2,0.15,0.005,0.005,0.13999999999999999,abs_005_005,1000,2000,-0.18886269923465138,0.3222710856437596,True,0.511133784878411,0.3222710856437596,0.09358508115965104,0.13341491884034895,-0.2824477803943024,0.18885616680341066,0.03982983768069791,0.13230394719771305,0.339
rep0401,0.20,0.20279397822435086,alg2,0.15,0.005,0.005,0.13999999999999999,abs_005_005,1000,2000,-0.1832170124744553,0.28500814719853984,True,0.46822515967299516,0.28500814719853984,0.07339851298967662,0.10960148701032338,-0.2566155254641319,0.1754066601882165,0.03620297402064676,0.14202218565234848,0.2899999999999999
rep0402,0.29,0.2937077187390615,alg2,0.15,0.005,0.005,0.13999999999999999,abs_005_005,1000,2000,0.17471633180737234,0.7739203575995799,True,0.5992040257922076,0.5992040257922076,0.48312176243008637,0.5458782375699135,-0.308405430622714,0.2280421200296664,0.06275647513982713,0.13294755065238045,0.4035
rep0403,0.33,0.3312987531193831,alg2,0.15,0.005,0.005,0.13999999999999999,abs_005_005,1000,2000,0.07267435919860699,0.5275880769262727,True,0.45491371772766576,0.45491371772766576,0.359870591203506,0.421129408796494,-0.287196232004899,0.10645866812977876,0.06125881759298801,0.12515490013467778,0.2685
rep0404,0.31,0.3104127522123926,alg2,0.15,0.005,0.005,0.13999999999999999,abs_005_005,1000,2000,0.03682092318265523,0.5781352988494739,True,0.5413143756668186,0.5413143756668186,0.36282892407447737,0.42417107592552267,-0.32600800089182214,0.15396422292395126,0.0613421518510453,0.09797222381577342,0.382
rep0405,0.61,0.6104709216473704,alg2,0.15,0.005,0.005,0.13999999999999999,abs_005_005,1000,2000,0.47180449465777924,0.9777059344849496,True,0.5059014398271704,0.5059014398271704,0.749824432274652,0.802175567725348,-0.27801993761687277,0.17553036675960154,0.05235113545069603,0.1300503043764743,0.3235
rep0406,0.18,0.17755348382106342,alg2,0.15,0.005,0.005,0.13999999999999999,abs_005_005,1000,2000,-0.06558429133480209,0.49916400049566223,True,0.5647482918304643,0.49916400049566223,0.22618852673256828,0.2808114732674317,-0.2917728180673704,0.21835252722823054,0.05462294653486344,0.12212534529560087,0.38800000000000007
rep0407,0.16,0.1551990367178863,alg2,0.15,0.005,0.005,0.13999999999999999,abs_005_005,1000,2000,-0.03727562618366875,0.5253187600767069,True,0.5625943862603756,0.5253187600767069,0.275120966685489,0.33287903331451096,-0.3123965928691578,0.19243972676219584,0.05775806662902194,0.13833631963135362,0.36650000000000005
rep0408,0.25,0.2535757297881408,alg2,0.15,0.005,0.005,0.13999999999999999,abs_005_005,1000,2000,-0.022728303477567713,0.5125075611569174,True,0.5352358646344851,0.5125075611569174,0.2566589007459293,0.31334109925407067,-0.279387204223497,0.19916646190284673,0.05668219850814138,0.1385536661263438,0.33999999999999997
rep0409,0.65,0.6500053033514692,alg2,0.15,0.005,0.005,0.13999999999999999,abs_005_005,1000,2000,0.3372429865579206,0.8283899603609827,True,0.49114697380306205,0.49114697380306205,0.5900338186313858,0.6509661813686143,-0.2527908320734652,0.1774237789923684,0.06093236273722846,0.11921461106583364,0.31099999999999994
rep0410,0.49,0.4853730339511101,alg2,0.15,0.005,0.005,0.13999999999999999,abs_005_005,1000,2000,0.008092842783978094,0.4988006804328335,True,0.4907078376488554,0.4907078376488554,0.26248253926752246,0.3195174607324775,-0.25438969648354437,0.179283219700356,0.057034921464955035,0.1271729161839003,0.30650000000000005
rep0411,0.44,0.4400543646308077,alg2,0.15,0.005,0.005,0.13999999999999999,abs_005_005,1000,2000,0.3166263720810655,0.7750064082443271,True,0.4583800361632616,0.4583800361632616,0.5682300466632261,0.6297699533367739,-0.2516036745821606,0.14523645490755321,0.061539906673547806,0.13584012948971375,0.26100000000000007
rep0412,0.28,0.2754297489682956,alg2,0.15,0.005,0.005,0.13999999999999999,abs_005_005,1000,2000,-0.06289941746760341,0.4938159435051356,True,0.556715360972739,0.4938159435051356,0.19159920802103558,0.24340079197896441,-0.254498625488639,0.25041515152617116,0.05180158395792883,0.1259137770148102,0.379
rep0413,0.45,0.445499730616442,alg2,0.15,0.005,0.005,0.13999999999999999,abs_005_005,1000,2000,0.31320062628419165,0.8557493972693446,True,0.542548770985153,0.542548770985153,0.5819134749016186,0.6430865250983815,-0.26871284861742695,0.21266287217096314,0.06117305019676289,0.13687572078839016,0.3444999999999999
rep0414,0.61,0.6067062022574174,alg2,0.15,0.005,0.005,0.13999999999999999,abs_005_005,1000,2000,0.4531315518457445,0.9592746693603396,True,0.5061431175145951,0.5061431175145951,0.702126946251105,0.7578730537488949,-0.24899539440536053,0.20140161561144465,0.055746107497789854,0.12839701001680526,0.32199999999999995
rep0415,0.18,0.17827364188760167,alg2,0.15,0.005,0.005,0.13999999999999999,abs_005_005,1000,2000,-0.060425120846195335,0.49559527643571344,True,0.5560203972819088,0.49559527643571344,0.22618852673256828,0.2808114732674317,-0.2866136475787636,0.2147838031682817,0.05462294653486344,0.1403974507470453,0.36100000000000004
rep0416,0.02,0.01738533997491688,alg2,0.15,0.005,0.005,0.13999999999999999,abs_005_005,1000,2000,-0.07489662788832385,0.44673319824267577,True,0.5216298261309996,0.44673319824267577,0.20261930879868628,0.25538069120131374,-0.27751593668701013,0.19135250704136203,0.052761382402627455,0.14236844372837215,0.3265
rep0417,0.95,0.9462361712408387,alg2,0.15,0.005,0.005,0.13999999999999999,abs_005_005,1000,2000,0.6960191760404002,1.1937148866237293,True,0.49769571058332907,0.3039808239595998,0.9557846857446515,0.9782153142553485,-0.2597655097042513,0.21549957236838085,0.022430628510696993,0.12026508207263209,0.35500000000000004
rep0418,0.53,0.5251161563676663,alg2,0.15,0.005,0.005,0.13999999999999999,abs_005_005,1000,2000,0.32968384944903506,0.8618002201401322,True,0.5321163706910972,0.5321163706910972,0.6190348023418274,0.6789651976581726,-0.28935095289279233,0.18283502248195957,0.05993039531634525,0.13668597537475197,0.33549999999999996
rep0419,0.41,0.41264708194635696,alg2,0.15,0.005,0.005,0.13999999999999999,abs_005_005,1000,2000,0.25983535226749943,0.8149561379084,True,0.5551207856409006,0.5551207856409006,0.53185874175302,0.5941412582469799,-0.2720233894855205,0.22081487966142005,0.062282516493959994,0.14183826914694053,0.35100000000000003
rep0420,0.85,0.8477361422226604,alg2,0.15,0.005,0.005,0.13999999999999999,abs_005_005,1000,2000,0.6590837033995391,1.1390926936435843,True,0.4800089902440452,0.34091629660046086,0.9448350028478034,0.9701649971521966,-0.2857512994482642,0.16892769649138764,0.0253299943043932,0.11867899593965181,0.3360000000000001
rep0421,0.74,0.7426791938620335,alg2,0.15,0.005,0.005,0.13999999999999999,abs_005_005,1000,2000,0.4588605619988196,0.9754677128013662,True,0.5166071508025467,0.5166071508025467,0.71194412581914,0.7670558741808601,-0.25308356382032043,0.2084118386205062,0.05511174836172006,0.12049540244082668,0.34099999999999997
rep0422,0.35,0.34612874823543205,alg2,0.15,0.005,0.005,0.13999999999999999,abs_005_005,1000,2000,0.14964593377377544,0.7155176468916364,True,0.565871713117861,0.565871713117861,0.40040454795607344,0.46259545204392655,-0.250758614182298,0.25292219484770984,0.062190904087853105,0.13168080903000773,0.37200000000000005
rep0423,0.76,0.7624919541659595,alg2,0.15,0.005,0.005,0.13999999999999999,abs_005_005,1000,2000,0.6537593802072263,1.1052956673379872,True,0.4515362871307609,0.34624061979277365,0.9284442524630578,0.9575557475369421,-0.2746848722558315,0.14773991980104514,0.02911149507388422,0.12392479205687668,0.2985
rep0424,0.36,0.35814025055484455,alg2,0.15,0.005,0.005,0.13999999999999999,abs_005_005,1000,2000,0.10625181837999603,0.6199302838406906,True,0.5136784654606945,0.5136784654606945,0.411316826326671,0.473683173673329,-0.30506500794667496,0.1462471101673616,0.062366347346658024,0.13031211811403653,0.32100000000000006
rep0425,0.41,0.4118253375202507,alg2,0.15,0.005,0.005,0.13999999999999999,abs_005_005,1000,2000,0.21339006161493174,0.6931699803995703,True,0.4797799187846386,0.4797799187846386,0.4556191716535089,0.5183808283464911,-0.24222911003857717,0.17478915205307918,0.06276165669298223,0.13101826209165646,0.2859999999999999
rep0426,0.89,0.8892382178246042,alg2,0.15,0.005,0.005,0.13999999999999999,abs_005_005,1000,2000,0.6115115987885906,1.1242310177787431,True,0.5127194189901525,0.3884884012114094,0.9178573897741681,0.9491426102258319,-0.30634579098557746,0.17508840755291127,0.03128522045166382,0.13243419853848876,0.349
rep0427,0.67,0.6661452233932901,alg2,0.15,0.005,0.005,0.13999999999999999,abs_005_005,1000,2000,0.3012899690471056,0.8494549188943289,True,0.5481649498472233,0.5481649498472233,0.5758289240744774,0.6371710759255227,-0.2745389550273718,0.2122838429688062,0.0613421518510453,0.12682279799617796,0.36000000000000004
rep0428,0.37,0.3683436695959424,alg2,0.15,0.005,0.005,0.13999999999999999,abs_005_005,1000,2000,0.07856196023361653,0.5808969830659506,True,0.5023350228323341,0.5023350228323341,0.31809425265098834,0.3779057473490116,-0.2395322924173718,0.202991235716939,0.05981149469802327,0.13402352813431084,0.3085
rep0429,0.54,0.53538173545435,alg2,0.15,0.005,0.005,0.13999999999999999,abs_005_005,1000,2000,0.2942604990714705,0.7782614897114573,True,0.48400099063998675,0.48400099063998675,0.549518079532449,0.611481920467551,-0.2552575804609785,0.1667795692439062,0.06196384093510199,0.14103714970488473,0.28099999999999997
rep0430,0.60,0.6004174548191368,alg2,0.15,0.005,0.005,0.13999999999999999,abs_005_005,1000,2000,0.31904542319996104,0.8596413370397441,True,0.5405959138397831,0.5405959138397831,0.6063009937687206,0.6666990062312793,-0.28725557056875956,0.1929423308084648,0.060398012462558714,0.13419790137722432,0.34600000000000003
rep0431,0.51,0.5123730347347926,alg2,0.15,0.005,0.005,0.13999999999999999,abs_005_005,1000,2000,0.20507890403998502,0.7856721471037673,True,0.5805932430637823,0.5805932430637823,0.4811183709112936,0.5438816290887063,-0.2760394668713086,0.24179051801506107,0.06276325817741268,0.12132998488636965,0.3965
rep0432,0.85,0.8486664875364552,alg2,0.15,0.005,0.005,0.13999999999999999,abs_005_005,1000,2000,0.5956961091515112,1.1047308787629844,True,0.5090347696114732,0.40430389084848883,0.857988365837068,0.899011634162932,-0.26229225668555683,0.20571924460005242,0.041023268325864004,0.11701150128560928,0.351
rep0433,0.60,0.5999105382172571,alg2,0.15,0.005,0.005,0.13999999999999999,abs_005_005,1000,2000,0.419718131481845,0.8816377315315526,True,0.46191960004970756,0.46191960004970756,0.677910841263611,0.735089158736389,-0.258192709781766,0.14654857279516353,0.05717831747277802,0.11624128257692956,0.2885
rep0434,0.33,0.3265377362700484,alg2,0.15,0.005,0.005,0.13999999999999999,abs_005_005,1000,2000,0.07117577581032003,0.5656744010268531,True,0.49449862521653304,0.49449862521653304,0.35297255448892356,0.41402744551107645,-0.28179677867860353,0.15164695551577664,0.06105489102215289,0.1319437341943801,0.3015000000000001
rep0435,0.15,0.14977152771680624,alg2,0.15,0.005,0.005,0.13999999999999999,abs_005_005,1000,2000,-0.13190004033112526,0.3512867277486881,True,0.4831867680798133,0.3512867277486881,0.13510050898853723,0.18089949101146277,-0.2670005493196625,0.17038723673722533,0.04579898202292554,0.1443877860568878,0.29300000000000004
rep0436,0.54,0.5401868898627346,alg2,0.15,0.005,0.005,0.13999999999999999,abs_005_005,1000,2000,0.2766408052082395,0.8231643063941511,True,0.5465235011859115,0.5465235011859115,0.5288353975019042,0.5911646024980959,-0.2521945922936647,0.23199970389605518,0.062329204996191656,0.1456942961897199,0.33849999999999997
rep0437,0.37,0.37375328603034585,alg2,0.15,0.005,0.005,0.13999999999999999,abs_005_005,1000,2000,0.21749191590369826,0.8031534539889792,True,0.585661538085281,0.585661538085281,0.529339207936354,0.591660792063646,-0.31184729203265577,0.21149266192533323,0.06232158412729194,0.13933995395798904,0.384
rep0438,0.90,0.9000160248531138,alg2,0.15,0.005,0.005,0.13999999999999999,abs_005_005,1000,2000,0.7557490186369138,1.1642506728794009,True,0.4085016542424871,0.2442509813630862,1.0,1.0,-0.24425098136308618,0.16425067287940084,0.0,0.1225016542424871,0.2859999999999999
rep0439,0.52,0.5161664041144599,alg2,0.15,0.005,0.005,0.13999999999999999,abs_005_005,1000,2000,0.21068640476695868,0.7773888078320439,True,0.5667024030650852,0.5667024030650852,0.4441462676250192,0.5068537323749808,-0.2334598628580605,0.2705350754570632,0.06270746474996158,0.14599493831512367,0.358
rep0440,0.05,0.05345555884825453,alg2,0.15,0.005,0.005,0.13999999999999999,abs_005_005,1000,2000,-0.22878406764668563,0.26739826851593307,True,0.4961823361626187,0.26739826851593307,0.03762402456716245,0.06537597543283755,-0.2664080922138481,0.2020222930830955,0.0277519508656751,0.1154303852969436,0.353
rep0441,0.23,0.22929022495825693,alg2,0.15,0.005,0.005,0.13999999999999999,abs_005_005,1000,2000,0.018036986619813594,0.4409583199766327,True,0.42292133335681914,0.42292133335681914,0.24599827205167388,0.30200172794832614,-0.22796128543186028,0.13895659202830657,0.05600345589665226,0.1199178774601668,0.24700000000000005
rep0442,0.35,0.34669088534373405,alg2,0.15,0.005,0.005,0.13999999999999999,abs_005_005,1000,2000,0.10228618080515633,0.6025223491926601,True,0.5002361683875038,0.5002361683875038,0.3638153045193952,0.42518469548060484,-0.26152912371423886,0.17733765371205523,0.061369390961209636,0.14386677742629406,0.29500000000000004
rep0443,0.40,0.3983478948712932,alg2,0.15,0.005,0.005,0.13999999999999999,abs_005_005,1000,2000,0.12531573292828357,0.6447813797671978,True,0.5194656468389143,0.5194656468389143,0.3667752518093203,0.42822474819067974,-0.24145951888103673,0.2165566315765181,0.061449496381359436,0.13401615045755483,0.324
rep0444,0.86,0.8562660280433344,alg2,0.15,0.005,0.005,0.13999999999999999,abs_005_005,1000,2000,0.5761128929218946,1.0676976160267722,True,0.49158472310487755,0.4238871070781054,0.8692778794073356,0.9087221205926644,-0.293164986485441,0.15897549543410783,0.039444241185328854,0.12864048191954885,0.32349999999999995
rep0445,0.22,0.22298442642290608,alg2,0.15,0.005,0.005,0.13999999999999999,abs_005_005,1000,2000,0.08877119275056383,0.6678221777622455,True,0.5790509850116816,0.5790509850116816,0.39346850125821037,0.4555314987417896,-0.30469730850764654,0.21229067902045584,0.06206299748357924,0.1159879875281023,0.4010000000000001
rep0446,0.63,0.6256453427510474,alg2,0.15,0.005,0.005,0.13999999999999999,abs_005_005,1000,2000,0.20918114506015567,0.731595657784738,True,0.5224145127245823,0.5224145127245823,0.4496312323607329,0.5123687676392671,-0.2404500873005772,0.2192268901454709,0.0627375352785342,0.14267697744604801,0.31700000000000006
rep0447,0.91,0.9078740806315482,alg2,0.15,0.005,0.005,0.13999999999999999,abs_005_005,1000,2000,0.556693775471002,1.0637327210301866,True,0.5070389455591846,0.44330622452899804,0.854772162700473,0.8962278372995269,-0.29807838722947105,0.16750488373065972,0.04145567459905397,0.12958327096013073,0.336
rep0448,0.78,0.7758737271373656,alg2,0.15,0.005,0.005,0.13999999999999999,abs_005_005,1000,2000,0.38693975395228986,0.9728740120443748,True,0.585934258092085,0.585934258092085,0.6882039464237457,0.7447960535762543,-0.30126419247145586,0.2280779584681205,0.05659210715250862,0.10834215093957633,0.42100000000000004
rep0449,0.36,0.36175984274945505,alg2,0.15,0.005,0.005,0.13999999999999999,abs_005_005,1000,2000,0.3103977381068931,0.8259397092707361,True,0.515541971163843,0.515541971163843,0.5905416309021364,0.6514583690978636,-0.2801438927952433,0.1744813401728725,0.06091673819572718,0.13212523296811596,0.3224999999999999
rep0450,0.89,0.8859738272378596,alg2,0.15,0.005,0.005,0.13999999999999999,abs_005_005,1000,2000,0.7290001898932592,1.2200660647693822,True,0.49106587487612297,0.2709998101067408,1.0,1.0,-0.2709998101067408,0.22006606476938223,0.0,0.11806587487612308,0.37299999999999994
rep0451,0.87,0.8653336032057626,alg2,0.15,0.005,0.005,0.13999999999999999,abs_005_005,1000,2000,0.6554078142518677,1.1574287799269856,True,0.5020209656751179,0.34459218574813233,0.9431235387714477,0.9688764612285522,-0.28771572451958005,0.18855231869843347,0.025752922457104477,0.1462680432180135,0.33
rep0452,0.39,0.394610039489141,alg2,0.15,0.005,0.005,0.13999999999999999,abs_005_005,1000,2000,0.11652133762335704,0.6290375919498886,True,0.5125162543265316,0.5125162543265316,0.3801098655587582,0.44189013444124176,-0.26358852793540116,0.18714745750864686,0.06178026888248356,0.13223598544404797,0.31850000000000006
rep0453,0.09,0.09455027447648914,alg2,0.15,0.005,0.005,0.13999999999999999,abs_005_005,1000,2000,-0.059811987874137884,0.4498042930380002,True,0.5096162809121381,0.4498042930380002,0.16632073709124556,0.21567926290875444,-0.22613272496538345,0.23412503012924574,0.04935852581750888,0.13825775509462912,0.32200000000000006
rep0454,0.58,0.5837290921475382,alg2,0.15,0.005,0.005,0.13999999999999999,abs_005_005,1000,2000,0.4726122112238534,0.9429496452883079,True,0.47033743406445455,0.47033743406445455,0.7612949526600655,0.8127050473399345,-0.28868274143621214,0.13024459794837345,0.05141009467986901,0.12792733938458561,0.291
rep0455,0.54,0.5415444686338559,alg2,0.15,0.005,0.005,0.13999999999999999,abs_005_005,1000,2000,0.4700508008442966,1.0089138103184885,True,0.5388630094741919,0.5299491991557034,0.7493036783727455,0.8016963216272545,-0.27925287752844885,0.20721748869123396,0.052392643254508986,0.1429703662196828,0.3435
rep0456,0.64,0.6437481035648497,alg2,0.15,0.005,0.005,0.13999999999999999,abs_005_005,1000,2000,0.3809439328554982,0.9442269020103017,True,0.5632829691548035,0.5632829691548035,0.7026432315022798,0.7583567684977203,-0.3216992986467816,0.18587013351258141,0.05571353699544046,0.122569432159363,0.385
rep0457,0.26,0.2640833764558463,alg2,0.15,0.005,0.005,0.13999999999999999,abs_005_005,1000,2000,0.029694688323921803,0.5491496880317092,True,0.5194549997077873,0.5194549997077873,0.2819376287944344,0.3400623712055656,-0.2522429404705126,0.2090873168261436,0.05812474241113119,0.13883025729665616,0.32250000000000006
rep0458,0.58,0.5847717451956117,alg2,0.15,0.005,0.005,0.13999999999999999,abs_005_005,1000,2000,0.36493948367449913,0.852949571650222,True,0.4880100879757229,0.4880100879757229,0.5986713193851936,0.6593286806148064,-0.23373183571069447,0.19362089103541552,0.06065736122961285,0.13335272674610998,0.29400000000000004
rep0459,0.78,0.7803407890735662,alg2,0.15,0.005,0.005,0.13999999999999999,abs_005_005,1000,2000,0.585556563651279,1.0357441641802103,True,0.45018760052893136,0.41444343634872105,0.8323624900031567,0.8766375099968434,-0.24680592635187765,0.1591066541833669,0.04427501999368677,0.14441258053524447,0.26150000000000007
rep0460,0.63,0.6319873927279865,alg2,0.15,0.005,0.005,0.13999999999999999,abs_005_005,1000,2000,0.27541055168142076,0.826331933273845,True,0.5509213815924243,0.5509213815924243,0.5874952718430843,0.6485047281569157,-0.3120847201616635,0.17782720511692934,0.06100945631383148,0.1294119252785929,0.36049999999999993
rep0461,0.79,0.7893090503791472,alg2,0.15,0.005,0.005,0.13999999999999999,abs_005_005,1000,2000,0.5736060845803912,1.1381245766741876,True,0.5645184920937965,0.4263939154196088,0.8703558796568108,0.9096441203431892,-0.29674979507641963,0.22848045633099848,0.03928824068637837,0.12873025140741806,0.3965
rep0462,0.82,0.8165787770202874,alg2,0.15,0.005,0.005,0.13999999999999999,abs_005_005,1000,2000,0.4412868979465268,0.9583992669235404,True,0.5171123689770136,0.5171123689770136,0.7295539451743535,0.7834460548256464,-0.28826704722782664,0.17495321209789397,0.053892109651292985,0.13822025932572063,0.325
rep0463,0.67,0.6702796967456214,alg2,0.15,0.005,0.005,0.13999999999999999,abs_005_005,1000,2000,0.3336890085354236,0.8459848895778092,True,0.5122958810423855,0.5122958810423855,0.6108825998498743,0.6711174001501258,-0.27719359131445065,0.17486748942768338,0.06023480030025152,0.13756108074213408,0.31449999999999995
rep0464,0.25,0.24854893018852145,alg2,0.15,0.005,0.005,0.13999999999999999,abs_005_005,1000,2000,-0.26051872875153614,0.35422429530594346,True,0.6147430240574796,0.35422429530594346,0.12476821042933361,0.16923178957066637,-0.38528693918086976,0.18499250573527712,0.044463579141332754,0.13927944491614686,0.43100000000000005
rep0465,0.73,0.7322550138031816,alg2,0.15,0.005,0.005,0.13999999999999999,abs_005_005,1000,2000,0.3068883368579342,0.820002922877058,True,0.5131145860191237,0.5131145860191237,0.6353670787895749,0.6946329212104252,-0.32847874193164067,0.12537000166663276,0.05926584242085031,0.12984874359827336,0.32400000000000007
rep0466,0.19,0.19034587241629047,alg2,0.15,0.005,0.005,0.13999999999999999,abs_005_005,1000,2000,-0.019473162512122222,0.4809875318349707,True,0.500460694347093,0.4809875318349707,0.22618852673256828,0.2808114732674317,-0.2456616892446905,0.200176058567539,0.05462294653486344,0.14583774781222952,0.3
rep0467,0.29,0.29274855713431724,alg2,0.15,0.005,0.005,0.13999999999999999,abs_005_005,1000,2000,0.30266886164648216,0.8469608661370363,False,0.5442920044905541,0.5442920044905541,0.612410440547034,0.672589559452966,-0.3097415789005518,0.17437130668407025,0.06017911890593197,0.1326128855846221,0.3515
rep0468,0.30,0.3027014172094155,alg2,0.15,0.005,0.005,0.13999999999999999,abs_005_005,1000,2000,0.2146971031355707,0.6893145788269213,True,0.4746174756913506,0.4746174756913506,0.4526246360870454,0.5153753639129546,-0.2379275329514747,0.17393921491396674,0.06275072782590918,0.10386674786544148,0.30799999999999994
rep0469,0.69,0.692436354301288,alg2,0.15,0.005,0.005,0.13999999999999999,abs_005_005,1000,2000,0.47050872081212464,0.9543193947346081,True,0.4838106739224835,0.4838106739224835,0.7430588087723963,0.7959411912276037,-0.27255008796027164,0.15837820350700452,0.05288238245520738,0.11642829146727618,0.3145
rep0470,0.74,0.7434616566202104,alg2,0.15,0.005,0.005,0.13999999999999999,abs_005_005,1000,2000,0.5834317566895956,1.103507949708902,True,0.5200761930193064,0.41656824331040443,0.8660468932185561,0.9059531067814439,-0.28261513652896053,0.19755484292745798,0.039906213562887816,0.1351699794564184,0.3450000000000001
rep0471,0.30,0.3048098630189149,alg2,0.15,0.005,0.005,0.13999999999999999,abs_005_005,1000,2000,-0.04696788874970331,0.419633907164566,True,0.4666017959142693,0.419633907164566,0.2131864907121777,0.26681350928782227,-0.260154379461881,0.15282039787674373,0.05362701857564456,0.1444747773386248,0.26849999999999996
rep0472,0.45,0.45077422443821824,alg2,0.15,0.005,0.005,0.13999999999999999,abs_005_005,1000,2000,0.12341557448989976,0.6674313578585581,True,0.5440157833686583,0.5440157833686583,0.4157854148552344,0.4782145851447656,-0.29236984036533464,0.18921677271379247,0.06242917028953121,0.14508661307912718,0.3364999999999999
rep0473,0.51,0.5071386075108679,alg2,0.15,0.005,0.005,0.13999999999999999,abs_005_005,1000,2000,0.25310792520817804,0.7759048288494845,True,0.5227969036413065,0.5227969036413065,0.5323627449298406,0.5946372550701594,-0.27925481972166255,0.18126757377932518,0.06227451014031882,0.13752239350098772,0.323
rep0474,0.37,0.36586133903478896,alg2,0.15,0.005,0.005,0.13999999999999999,abs_005_005,1000,2000,-0.027544151623355384,0.5488750214017953,True,0.5764191730251507,0.5488750214017953,0.2610260600177641,0.31797393998223583,-0.2885702116411195,0.23090108141955953,0.056947879964471704,0.13147129306067906,0.388
rep0475,0.52,0.5178202732421197,alg2,0.15,0.005,0.005,0.13999999999999999,abs_005_005,1000,2000,0.22082518752238423,0.7171997236243881,True,0.4963745361020039,0.4963745361020039,0.47010870081468936,0.5328912991853105,-0.24928351329230514,0.18430842443907763,0.06278259837062117,0.1420919377313828,0.2915
rep0476,0.84,0.8406559881807929,alg2,0.15,0.005,0.005,0.13999999999999999,abs_005_005,1000,2000,0.74955619987973,1.1657600531015722,True,0.41620385322184217,0.25044380012027,1.0,1.0,-0.25044380012027007,0.1657600531015722,0.0,0.13720385322184225,0.279
rep0477,0.14,0.14204946977544622,alg2,0.15,0.005,0.005,0.13999999999999999,abs_005_005,1000,2000,0.016522023113914708,0.5870450100430455,True,0.5705229869291308,0.5705229869291308,0.2946176117415047,0.35338238825849533,-0.27809558862759,0.23366262178455027,0.058764776516990636,0.14475821041214038,0.36699999999999994
rep0478,0.66,0.655505023483159,alg2,0.15,0.005,0.005,0.13999999999999999,abs_005_005,1000,2000,0.5588924044279708,1.0698383386402188,True,0.510945934212248,0.44110759557202917,0.8595979785784666,0.9004020214215334,-0.30070557415049576,0.16943631721868557,0.04080404284306671,0.1216418913691813,0.34850000000000003
rep0479,0.47,0.47342875933991696,alg2,0.15,0.005,0.005,0.13999999999999999,abs_005_005,1000,2000,0.24277752169190792,0.757645181274944,True,0.514867659583036,0.514867659583036,0.5298430504644922,0.5921569495355079,-0.2870655287725843,0.16548823173943603,0.0623138990710157,0.13555376051202034,0.317
rep0480,0.67,0.6666146655076384,alg2,0.15,0.005,0.005,0.13999999999999999,abs_005_005,1000,2000,0.42357269356041993,0.9190180525469106,True,0.49544535898649067,0.49544535898649067,0.6702019503720724,0.7277980496279275,-0.2466292568116525,0.1912200029189831,0.05759609925585507,0.13884925973063555,0.29900000000000004
rep0481,0.62,0.6236445793214657,alg2,0.15,0.005,0.005,0.13999999999999999,abs_005_005,1000,2000,0.47663475523654936,0.9645534759598178,True,0.4879187207232684,0.4879187207232684,0.7222961154038772,0.7767038845961229,-0.2456613601673278,0.1878495913636948,0.05440776919224577,0.1390109515310226,0.2945
rep0482,0.37,0.3698861950035576,alg2,0.15,0.005,0.005,0.13999999999999999,abs_005_005,1000,2000,0.17107699064479498,0.7526066251407834,True,0.5815296344959884,0.5815296344959884,0.47361012916415324,0.5363898708358468,-0.30253313851935826,0.21621675430493656,0.06277974167169353,0.13774989282429478,0.38100000000000006
rep0483,0.46,0.459924882847166,alg2,0.15,0.005,0.005,0.13999999999999999,abs_005_005,1000,2000,0.2833788180621756,0.717895640702759,True,0.43451682264058344,0.43451682264058344,0.47461081981797426,0.5373891801820257,-0.19123200175579866,0.18050646052073327,0.06277836036405149,0.12673846227653196,0.245
rep0484,0.66,0.6603997911653662,alg2,0.15,0.005,0.005,0.13999999999999999,abs_005_005,1000,2000,0.5121548123409372,1.0379446086359359,True,0.5257897962949987,0.4878451876590628,0.782222546943567,0.8317774530564331,-0.27006773460262984,0.20616715557950283,0.04955490611286617,0.1382348901821328,0.33799999999999986
rep0485,0.24,0.24217090812958247,alg2,0.15,0.005,0.005,0.13999999999999999,abs_005_005,1000,2000,-0.0861665669270304,0.4613190667433249,True,0.5474856336703553,0.4613190667433249,0.21799788651935592,0.27200211348064407,-0.3041644534463863,0.18931695326268086,0.05400422696128815,0.13298140670906716,0.3605
rep0486,0.76,0.760035639995173,alg2,0.15,0.005,0.005,0.13999999999999999,abs_005_005,1000,2000,0.553706360330513,1.1312961774848709,True,0.5775898171543579,0.446293639669487,0.8499551820702528,0.8920448179297472,-0.2962488217397398,0.2392513595551236,0.042089635859494434,0.13700018129486347,0.39849999999999997
rep0487,0.39,0.3872144194396676,alg2,0.15,0.005,0.005,0.13999999999999999,abs_005_005,1000,2000,0.2382221169906651,0.7111215670550654,True,0.47289945006440026,0.47289945006440026,0.4606125779144584,0.5233874220855416,-0.22239046092379333,0.18773414496952376,0.06277484417108314,0.10612460589331707,0.30400000000000005
rep0488,0.92,0.9231065213725952,alg2,0.15,0.005,0.005,0.13999999999999999,abs_005_005,1000,2000,0.5546110563114581,1.0995905473960859,True,0.5449794910846277,0.44538894368854187,0.8064166906940602,0.8535833093059397,-0.25180563438260206,0.24600723809014613,0.04716661861187954,0.13781287247274826,0.35999999999999993
rep0489,0.63,0.6309729787707437,alg2,0.15,0.005,0.005,0.13999999999999999,abs_005_005,1000,2000,0.427947854008034,0.8821050011815644,True,0.45415714717353045,0.45415714717353045,0.6804825392675224,0.7375174607324775,-0.25253468525948847,0.14458754044908695,0.057034921464955035,0.14462222570857547,0.25249999999999995
rep0490,0.74,0.7378423983075558,alg2,0.15,0.005,0.005,0.13999999999999999,abs_005_005,1000,2000,0.4775936606938306,1.0264820376053858,True,0.5488883769115552,0.5224063393061694,0.8085275974795285,0.8554724025204714,-0.33093393678569794,0.17100963508491446,0.046944805040942894,0.1294435718706125,0.37249999999999994
rep0491,0.71,0.7065743599972876,alg2,0.15,0.005,0.005,0.13999999999999999,abs_005_005,1000,2000,0.613495890930789,1.1782755173186297,True,0.5647796263878406,0.38650410906921095,0.8914877949862932,0.9275122050137068,-0.27799190405550406,0.25076331230492294,0.036024410027413634,0.14275521636042693,0.38600000000000007
rep0492,0.86,0.8627654697954618,alg2,0.15,0.005,0.005,0.13999999999999999,abs_005_005,1000,2000,0.6147573316611947,1.186658621405885,True,0.5719012897446902,0.38524266833880527,0.9024189309980288,0.9365810690019711,-0.2876615993368341,0.2500775524039137,0.0341621380039423,0.14173915174074775,0.3960000000000001
rep0493,0.29,0.2879040614514467,alg2,0.15,0.005,0.005,0.13999999999999999,abs_005_005,1000,2000,-0.029675603291157843,0.4697421924568466,True,0.4994177957480045,0.4697421924568466,0.17822353496003787,0.2287764650399621,-0.20789913825119571,0.24096572741688452,0.05055293007992423,0.10186486566808017,0.3470000000000001
rep0494,0.45,0.44773830152782795,alg2,0.15,0.005,0.005,0.13999999999999999,abs_005_005,1000,2000,0.1455480892474429,0.625806840531054,True,0.48025875128361106,0.48025875128361106,0.41826908201666446,0.48073091798333556,-0.27272099276922157,0.1450759225477184,0.0624618359666711,0.12729691531693987,0.2905000000000001
rep0495,0.71,0.7120820002216378,alg2,0.15,0.005,0.005,0.13999999999999999,abs_005_005,1000,2000,0.3728610467545472,0.9587577072958411,True,0.5858966605412939,0.5858966605412939,0.6768824533967464,0.7341175466032537,-0.3040214066421992,0.22464016069258738,0.057235093206507326,0.14566156733478652,0.383
rep0496,0.57,0.5672526840309957,alg2,0.15,0.005,0.005,0.13999999999999999,abs_005_005,1000,2000,0.2564210372120166,0.806550646521752,True,0.5501296093097354,0.5501296093097354,0.5829280406970085,0.6440719593029915,-0.32650700348499195,0.16247868721876046,0.061143918605983005,0.11348569070375242,0.3755
rep0497,0.91,0.9059420139393258,alg2,0.15,0.005,0.005,0.13999999999999999,abs_005_005,1000,2000,0.6912495517597349,1.1979349042445082,True,0.5066853524847733,0.3087504482402651,1.0,1.0,-0.3087504482402651,0.1979349042445083,0.0,0.14068535248477343,0.366
rep0498,0.30,0.30189760469625243,alg2,0.15,0.005,0.005,0.13999999999999999,abs_005_005,1000,2000,-0.11834102747426262,0.355581582700784,True,0.4739226101750466,0.355581582700784,0.16632073709124556,0.21567926290875444,-0.2846617645655082,0.13990231979202955,0.04935852581750888,0.1380640843575378,0.2864999999999999
rep0499,0.93,0.9289382895149473,alg2,0.15,0.005,0.005,0.13999999999999999,abs_005_005,1000,2000,0.6673945809212124,1.1308863596177139,True,0.4634917786965015,0.3326054190787876,0.9073626550217191,0.940637344978281,-0.2399680741005067,0.1902490146394329,0.03327468995656191,0.12071708873993953,0.30950000000000005
rep0500,0.57,0.5734326800154889,alg2,0.15,0.005,0.005,0.13999999999999999,abs_005_005,1000,2000,0.41121090394030313,0.9382134469009336,True,0.5270025429606304,0.5270025429606304,0.6573740376690693,0.7156259623309307,-0.2461631337287662,0.22258748457000288,0.058251924661861354,0.13325061829876916,0.3354999999999999
rep0501,0.40,0.40497540524506176,alg2,0.15,0.005,0.005,0.13999999999999999,abs_005_005,1000,2000,-0.02695422979458617,0.4883597495265171,True,0.5153139793211032,0.4883597495265171,0.2868114290827928,0.3451885709172072,-0.31376565887737895,0.1431711786093099,0.05837714183441445,0.1354368374866889,0.32149999999999995
rep0502,0.12,0.12480475992732076,alg2,0.15,0.005,0.005,0.13999999999999999,abs_005_005,1000,2000,-0.11188791246963128,0.4394885741639515,True,0.5513764866335827,0.4394885741639515,0.20357892275812303,0.25642107724187696,-0.3154668352277543,0.1830674969220745,0.05284215448375393,0.1265343321498288,0.372
rep0503,0.91,0.9050390105903781,alg2,0.15,0.005,0.005,0.13999999999999999,abs_005_005,1000,2000,0.6048666713437573,1.2175788846500213,True,0.612712213306264,0.39513332865624273,0.9546219126941008,0.9773780873058991,-0.3497552413503435,0.24020079734412214,0.022756174611798352,0.12945603869446565,0.4605
rep0504,0.47,0.46724572744993587,alg2,0.15,0.005,0.005,0.13999999999999999,abs_005_005,1000,2000,0.2833129023030643,0.8992835257254385,True,0.6159706234223742,0.6159706234223742,0.5798847503457281,0.641115249654272,-0.2965718480426638,0.25816827607116644,0.06123049930854396,0.1297401241138303,0.42499999999999993
rep0505,0.53,0.5318571099071661,alg2,0.15,0.005,0.005,0.13999999999999999,abs_005_005,1000,2000,0.26104489671749476,0.7814773457676849,True,0.5204324490501901,0.5204324490501901,0.5409357309486759,0.603064269051324,-0.2798908342311811,0.17841307671636084,0.06212853810264818,0.13880391094754196,0.3195
rep0506,0.48,0.4822668283351881,alg2,0.15,0.005,0.005,0.13999999999999999,abs_005_005,1000,2000,0.20600782790016886,0.7019900093723688,True,0.4959821814721999,0.4959821814721999,0.4396614044357072,0.5023385955642927,-0.23365357653553837,0.1996514138080761,0.0626771911285855,0.1358049903436146,0.2974999999999999
rep0507,0.74,0.7437366300478815,alg2,0.15,0.005,0.005,0.13999999999999999,abs_005_005,1000,2000,0.6436294628428041,1.180673722600011,True,0.5370442597572069,0.3563705371571959,0.9267657058620491,0.9562342941379509,-0.28313624301924506,0.2244394284620602,0.02946858827590182,0.11607567148130526,0.39149999999999996
rep0508,0.40,0.404182804431366,alg2,0.15,0.005,0.005,0.13999999999999999,abs_005_005,1000,2000,0.026903970766342933,0.4993808923265465,True,0.47247692156020354,0.47247692156020354,0.2809633417981763,0.3390366582018237,-0.25405937103183335,0.16034423412472276,0.058073316403647435,0.13540360515655608,0.279
rep0509,0.65,0.6481999629909212,alg2,0.15,0.005,0.005,0.13999999999999999,abs_005_005,1000,2000,0.5225206384621739,0.9683586575597389,True,0.44583801909756504,0.44583801909756504,0.8122245857929675,0.8587754142070325,-0.2897039473307936,0.10958324335270646,0.04655082841406499,0.13478719068349998,0.26450000000000007
rep0510,0.57,0.5721736043975432,alg2,0.15,0.005,0.005,0.13999999999999999,abs_005_005,1000,2000,0.03751392217661109,0.5463461646233936,False,0.5088322424467825,0.5088322424467825,0.35740624291932444,0.4185937570806756,-0.31989232074271334,0.12775240754271805,0.06118751416135115,0.12564472828543144,0.32199999999999995
rep0511,0.45,0.45457728234462863,alg2,0.15,0.005,0.005,0.13999999999999999,abs_005_005,1000,2000,0.03542537922465655,0.5142322193957163,True,0.47880684017105973,0.47880684017105973,0.30830190549068665,0.3676980945093134,-0.2728765262660301,0.1465341248864029,0.059396189018626755,0.13291065115243306,0.2865
rep0512,0.43,0.4325267337117133,alg2,0.15,0.005,0.005,0.13999999999999999,abs_005_005,1000,2000,0.23132037429942903,0.7673932736416191,True,0.5360728993421902,0.5360728993421902,0.5172565896111158,0.5797434103888842,-0.2859362153116867,0.18764986325273492,0.06248682077776846,0.13008607856442161,0.3435
rep0513,0.83,0.8277117370689172,alg2,0.15,0.005,0.005,0.13999999999999999,abs_005_005,1000,2000,0.6835328075328226,1.2068758832408697,True,0.5233430757080471,0.31646719246717736,1.0,1.0,-0.3164671924671774,0.20687588324086972,0.0,0.1328430757080472,0.39049999999999996
rep0514,0.59,0.5933413778937866,alg2,0.15,0.005,0.005,0.13999999999999999,abs_005_005,1000,2000,0.32827823205556683,0.8946112809094116,True,0.5663330488538447,0.5663330488538447,0.5662049489222777,0.6277950510777223,-0.23792671686671088,0.2668162298316893,0.06159010215544458,0.13074294669840014,0.374
rep0515,0.81,0.806166418341096,alg2,0.15,0.005,0.005,0.13999999999999999,abs_005_005,1000,2000,0.7718150951735274,1.1761889215967853,True,0.4043738264232579,0.22818490482647258,0.9877656243813507,0.9982343756186493,-0.21595052920782332,0.17795454597813606,0.010468751237298513,0.1384050751859593,0.2555000000000001
rep0516,0.61,0.6067540217721716,alg2,0.15,0.005,0.005,0.13999999999999999,abs_005_005,1000,2000,0.345785728038732,0.96596077662011,True,0.6201750485813781,0.6201750485813781,0.6599376287944344,0.7180623712055655,-0.31415190075570243,0.24789840541454455,0.05812474241113108,0.12655030617024704,0.43549999999999994
rep0517,0.42,0.4167877795529873,alg2,0.15,0.005,0.005,0.13999999999999999,abs_005_005,1000,2000,0.18709509121112827,0.7441250687044128,True,0.5570299774932845,0.5570299774932845,0.46910857524861366,0.5318914247513862,-0.2820134840374854,0.21223364395302652,0.06278284950277252,0.13574712799051186,0.35850000000000004
rep0518,0.16,0.16438034557877632,alg2,0.15,0.005,0.005,0.13999999999999999,abs_005_005,1000,2000,0.05459262677330484,0.5795124570045468,True,0.5249198302312419,0.5249198302312419,0.3288825998498743,0.3891174001501257,-0.27428997307656944,0.1903950568544211,0.06023480030025141,0.1271850299309905,0.3375
rep0519,0.56,0.5622779558093569,alg2,0.15,0.005,0.005,0.13999999999999999,abs_005_005,1000,2000,0.2054911142490674,0.7449571707446525,True,0.5394660564955851,0.5394660564955851,0.4751112122416882,0.5378887877583117,-0.26962009799262077,0.20706838298634078,0.06277757551662355,0.13768848097896152,0.339
rep0520,0.43,0.4326281458496036,alg2,0.15,0.005,0.005,0.13999999999999999,abs_005_005,1000,2000,0.3260898727247471,0.8084555182672072,True,0.4823656455424601,0.4823656455424601,0.5697492198867277,0.6312507801132724,-0.2436593471619806,0.17720473815393478,0.06150156022654474,0.14136408531591538,0.27949999999999997
rep0521,0.55,0.5514422589777986,alg2,0.15,0.005,0.005,0.13999999999999999,abs_005_005,1000,2000,0.375527874560278,0.9004831047533775,True,0.5249552301930995,0.5249552301930995,0.6486651397965061,0.707334860203494,-0.2731372652362281,0.19314824454988344,0.058669720406987924,0.13778550978611154,0.3285
rep0522,0.38,0.3777243504273541,alg2,0.15,0.005,0.005,0.13999999999999999,abs_005_005,1000,2000,0.1153797970682795,0.6527122548991958,True,0.5373324578309163,0.5373324578309163,0.38901297503000876,0.4509870249699912,-0.27363317796172926,0.2017252299292046,0.061974049939982456,0.1338584078909339,0.34149999999999997
rep0523,0.48,0.4805649545239059,alg2,0.15,0.005,0.005,0.13999999999999999,abs_005_005,1000,2000,0.0948336793089376,0.6655654680240021,True,0.5707317887150645,0.5707317887150645,0.4142955976146664,0.4767044023853336,-0.3194619183057288,0.18886106563866845,0.06240880477066724,0.12232298394439711,0.3860000000000001
rep0524,0.51,0.5091013726161637,alg2,0.15,0.005,0.005,0.13999999999999999,abs_005_005,1000,2000,0.3264625488911966,0.8026954738519111,True,0.4762329249607145,0.4762329249607145,0.5834353745586324,0.6445646254413676,-0.2569728256674358,0.15813084841054348,0.06112925088273524,0.1386036740779793,0.27649999999999997
rep0525,0.85,0.853701137127399,alg2,0.15,0.005,0.005,0.13999999999999999,abs_005_005,1000,2000,0.6130982781832132,1.1494893759312172,True,0.5363910977480041,0.38690172181678684,0.9267657058620491,0.9562342941379509,-0.31366742767883593,0.1932550817932664,0.02946858827590182,0.13292250947210243,0.37399999999999994
rep0526,0.80,0.7988554886949664,alg2,0.15,0.005,0.005,0.13999999999999999,abs_005_005,1000,2000,0.6517571455675193,1.1944992584994105,True,0.5427421129318912,0.3482428544324807,0.9239741532967438,0.9540258467032561,-0.27221700772922447,0.2404734117961544,0.03005169340651226,0.14419041952537892,0.36849999999999994
rep0527,0.32,0.31690980769397253,alg2,0.15,0.005,0.005,0.13999999999999999,abs_005_005,1000,2000,0.01750071577644441,0.5046670680190808,True,0.4871663522426364,0.4871663522426364,0.2921771178617746,0.35082288213822543,-0.2746764020853302,0.1538441858808553,0.05864576427645085,0.14202058796618544,0.28650000000000003
rep0528,0.52,0.5180556111198258,alg2,0.15,0.005,0.005,0.13999999999999999,abs_005_005,1000,2000,0.2492371353545798,0.7816539248360495,True,0.5324167894814696,0.5324167894814696,0.5591212881864525,0.6208787118135475,-0.30988415283187265,0.16077521302250197,0.06175742362709502,0.1316593658543745,0.33900000000000013
rep0529,0.69,0.693035507698672,alg2,0.15,0.005,0.005,0.13999999999999999,abs_005_005,1000,2000,0.3235873112265193,0.9065386262078887,True,0.5829513149813694,0.5829513149813694,0.623624467452457,0.6833755325475429,-0.30003715622593774,0.2231630936603458,0.059751065095085876,0.14420024988628355,0.379
rep0530,0.75,0.7498518402748506,alg2,0.15,0.005,0.005,0.13999999999999999,abs_005_005,1000,2000,0.5089612228755767,1.0852417996671446,True,0.576280576791568,0.49103877712442334,0.7921982600647358,0.8408017399352642,-0.2832370371891592,0.2444400597318805,0.04860347987052838,0.11767709692103961,0.4100000000000001
rep0531,0.34,0.34311797330549854,alg2,0.15,0.005,0.005,0.13999999999999999,abs_005_005,1000,2000,-0.16236660090716123,0.34810116855397466,True,0.5104677694611359,0.34810116855397466,0.1318085479375906,0.1771914520624094,-0.2941751488447518,0.17090971649156525,0.045382904124818824,0.13758486533631714,0.32749999999999996
rep0532,0.89,0.893355587107331,alg2,0.15,0.005,0.005,0.13999999999999999,abs_005_005,1000,2000,0.6454343104513971,1.150905029105739,True,0.5054707186543419,0.3545656895486029,0.9651980258620476,0.9848019741379523,-0.31976371541065046,0.1661030549677867,0.019603948275904726,0.11936677037843718,0.3665
rep0533,0.51,0.5050569732631356,alg2,0.15,0.005,0.005,0.13999999999999999,abs_005_005,1000,2000,0.1136663010831293,0.6830177176755208,True,0.5693514165923914,0.5693514165923914,0.4162820844719838,0.47871791552801624,-0.3026157833888545,0.2042998021475046,0.062435831056032454,0.13491558553635907,0.372
rep0534,0.75,0.7527924050435153,alg2,0.15,0.005,0.005,0.13999999999999999,abs_005_005,1000,2000,0.5239539924691916,1.067722740493328,True,0.5437687480241364,0.4760460075308084,0.7670404967277312,0.8179595032722687,-0.24308650425853967,0.2497632372210594,0.050919006544537515,0.138849741479599,0.35400000000000004
rep0535,0.69,0.6878573655625912,alg2,0.15,0.005,0.005,0.13999999999999999,abs_005_005,1000,2000,0.3742881830816477,0.9452549455231064,True,0.5709667624414587,0.5709667624414587,0.6856290836948062,0.7423709163051937,-0.31134090061315856,0.2028840292179127,0.056741832610387455,0.14272492983107127,0.3715
rep0536,0.32,0.31718992870948665,alg2,0.15,0.005,0.005,0.13999999999999999,abs_005_005,1000,2000,0.1770479527669845,0.6448311995651305,True,0.467783246798146,0.467783246798146,0.4048667802731847,0.4671332197268153,-0.22781882750620017,0.17769797983831517,0.06226643945363064,0.12651680734451531,0.279
rep0537,0.44,0.4395079866789626,alg2,0.15,0.005,0.005,0.13999999999999999,abs_005_005,1000,2000,0.1480072780851226,0.6320247234136979,True,0.48401744532857527,0.48401744532857527,0.45112779270212033,0.5138722072978796,-0.30312051461699774,0.11815251611581819,0.0627444145957593,0.12527303073281593,0.296
rep0538,0.51,0.5080405165190043,alg2,0.15,0.005,0.005,0.13999999999999999,abs_005_005,1000,2000,0.20396381269649216,0.791831663413142,True,0.5878678507166499,0.5878678507166499,0.5389177180424132,0.6010822819575867,-0.334953905345921,0.1907493814555553,0.062164563915173554,0.14470328680147643,0.38099999999999995
rep0539,0.61,0.605947645961291,alg2,0.15,0.005,0.005,0.13999999999999999,abs_005_005,1000,2000,0.4711141181954822,1.039546964572179,True,0.5684328463766969,0.5288858818045178,0.7769815143060201,0.82701848569398,-0.3058673961105379,0.21252847887819926,0.05003697138795982,0.1428958749887373,0.3754999999999999
rep0540,0.28,0.27858368570850345,alg2,0.15,0.005,0.005,0.13999999999999999,abs_005_005,1000,2000,0.11319803996798777,0.6799814217417744,True,0.5667833817737866,0.5667833817737866,0.3736864748218329,0.4353135251781671,-0.26048843485384515,0.24466789656360732,0.0616270503563342,0.13065633141745248,0.37450000000000006
rep0541,0.43,0.4251961899039096,alg2,0.15,0.005,0.005,0.13999999999999999,abs_005_005,1000,2000,0.2426968452467746,0.7114947413024799,True,0.4687978960557053,0.4687978960557053,0.4611120912886112,0.5238879087113888,-0.2184152460418366,0.18760683259109112,0.0627758174227776,0.14152207863292776,0.26449999999999996
rep0542,0.79,0.7940209501629047,alg2,0.15,0.005,0.005,0.13999999999999999,abs_005_005,1000,2000,0.4792109198114894,0.9372261807338689,True,0.4580152609223795,0.4580152609223795,0.7363020643399371,0.789697935660063,-0.25709114452844767,0.14752824507380588,0.05339587132012591,0.1246193896022535,0.28
rep0543,0.38,0.3831363526824304,alg2,0.15,0.005,0.005,0.13999999999999999,abs_005_005,1000,2000,-0.074639914278119,0.5113587511943294,True,0.5859986654724484,0.5113587511943294,0.2946176117415047,0.35338238825849533,-0.3692575260196237,0.15797636293583409,0.058764776516990636,0.1307338889554578,0.39649999999999996
rep0544,0.59,0.5914617767466555,alg2,0.15,0.005,0.005,0.13999999999999999,abs_005_005,1000,2000,0.4052382369185487,0.9415609145981183,True,0.5363226776795695,0.5363226776795695,0.6825406509751828,0.7394593490248171,-0.2773024140566341,0.2021015655733011,0.05691869804963434,0.12790397962993527,0.3514999999999999
rep0545,0.40,0.4045296863004263,alg2,0.15,0.005,0.005,0.13999999999999999,abs_005_005,1000,2000,-0.02560082988486795,0.5849893783516497,True,0.6105902082365176,0.5849893783516497,0.2912011895834573,0.3497988104165427,-0.31680201946832526,0.23519056793510695,0.058597620833085395,0.14199258740343212,0.41000000000000003
rep0546,0.62,0.6221462295275441,alg2,0.15,0.005,0.005,0.13999999999999999,abs_005_005,1000,2000,0.27385634958685384,0.8804485805296944,True,0.6065922309428406,0.6065922309428406,0.6088459764164468,0.6691540235835532,-0.33498962682959293,0.2112945569461412,0.06030804716710647,0.1452841837757341,0.4010000000000001
rep0547,0.54,0.5398389563768513,alg2,0.15,0.005,0.005,0.13999999999999999,abs_005_005,1000,2000,0.23549637037004822,0.8121528323874412,True,0.576656462017393,0.576656462017393,0.5333708477955615,0.5956291522044385,-0.2978744774255133,0.21652368018300272,0.06225830440887692,0.144898157608516,0.36950000000000005
rep0548,0.52,0.5199645804683984,alg2,0.15,0.005,0.005,0.13999999999999999,abs_005_005,1000,2000,0.2122314841523371,0.7329947529185604,True,0.5207632687662234,0.5207632687662234,0.47461081981797426,0.5373891801820257,-0.26237933566563715,0.19560557273653467,0.06277836036405149,0.1214849084021718,0.3365
rep0549,0.62,0.6208409396546456,alg2,0.15,0.005,0.005,0.13999999999999999,abs_005_005,1000,2000,0.6053211959190894,1.1381486709607525,True,0.5328274750416631,0.3946788040809106,0.8811651357317338,0.9188348642682662,-0.2758439398126445,0.21931380669248612,0.03766972853653239,0.13565774650513063,0.3595
rep0550,0.99,0.9936861934525361,alg2,0.15,0.005,0.005,0.13999999999999999,abs_005_005,1000,2000,0.6303587490878823,1.2015234419265082,True,0.5711646928386259,0.36964125091211775,0.974267598483385,0.9907324015166151,-0.3439088493955027,0.21079104040989294,0.01646480303323017,0.12319988980539565,0.4315
rep0551,0.87,0.8691550462741996,alg2,0.15,0.005,0.005,0.13999999999999999,abs_005_005,1000,2000,0.5316608008665376,1.0702365270729226,True,0.538575726206385,0.46833919913346245,0.8159253480735558,0.8620746519264442,-0.2842645472070182,0.20816187514647838,0.0461493038528884,0.14342642235349667,0.3489999999999999
rep0552,0.30,0.3049738261693674,alg2,0.15,0.005,0.005,0.13999999999999999,abs_005_005,1000,2000,-0.030349041238297625,0.5095489141791922,True,0.5398979554174899,0.5095489141791922,0.2819376287944344,0.3400623712055656,-0.312286670032732,0.1694865429736267,0.05812474241113119,0.14627321300635865,0.3355000000000001
rep0553,0.62,0.6161624006122597,alg2,0.15,0.005,0.005,0.13999999999999999,abs_005_005,1000,2000,0.5641079535366835,1.0880486867568964,True,0.5239407332202128,0.4358920464633165,0.8302369611528674,0.8747630388471327,-0.26612900761618385,0.2132856479097637,0.04452607769426531,0.14441465552594762,0.3349999999999999
rep0554,0.00,0.0026144279964859323,alg2,0.15,0.005,0.005,0.13999999999999999,abs_005_005,1000,2000,-0.02728878180908695,0.5780589017833797,True,0.6053476835924667,0.5780589017833797,0.23729182980186742,0.2927081701981326,-0.26458061161095436,0.28535073158524704,0.055416340396265196,0.12843134319620148,0.42149999999999993
rep0555,0.66,0.6568972912097388,alg2,0.15,0.005,0.005,0.13999999999999999,abs_005_005,1000,2000,0.4226636062181456,0.8994840187970932,True,0.4768204125789476,0.4768204125789476,0.7368215045667629,0.790178495433237,-0.3141578983486173,0.10930552336385618,0.05335699086647416,0.1399634217124735,0.2835
rep0556,0.53,0.5297247668406883,alg2,0.15,0.005,0.005,0.13999999999999999,abs_005_005,1000,2000,0.23562806646234624,0.7534701747056578,True,0.5178421082433116,0.5178421082433116,0.5248060680085661,0.587193931991434,-0.28917800154621986,0.16627624271422378,0.062387863982867886,0.13945424426044373,0.31599999999999995
rep0557,0.48,0.4754731400813595,alg2,0.15,0.005,0.005,0.13999999999999999,abs_005_005,1000,2000,0.11985700191161713,0.6649120264819882,True,0.5450550245703711,0.5450550245703711,0.4361749441637992,0.49882505583620085,-0.31631794225218207,0.16608697064578737,0.06265011167240164,0.1324049128979694,0.35000000000000003
rep0558,0.31,0.3120902571492485,alg2,0.15,0.005,0.005,0.13999999999999999,abs_005_005,1000,2000,0.03371159421088124,0.541735773352876,True,0.5080241791419948,0.5080241791419948,0.2717155896253978,0.32928441037460215,-0.23800399541451658,0.21245136297827383,0.05756882074920433,0.14095535839279044,0.30949999999999994
rep0559,0.42,0.42110416982339,alg2,0.15,0.005,0.005,0.13999999999999999,abs_005_005,1000,2000,0.2424451395677416,0.7097236197157706,True,0.467278480148029,0.467278480148029,0.45512000381903034,0.5178799961809697,-0.21267486425128873,0.1918436235348009,0.06275999236193935,0.13901848778608966,0.26549999999999996
rep0560,0.29,0.2869455415315838,alg2,0.15,0.005,0.005,0.13999999999999999,abs_005_005,1000,2000,-0.05466277628533825,0.4877836840115722,True,0.5424464602969105,0.4877836840115722,0.2160727305185802,0.26992726948141976,-0.27073550680391845,0.21785641453015242,0.053854538962839565,0.12809192133407094,0.36049999999999993
rep0561,0.75,0.7548790789403604,alg2,0.15,0.005,0.005,0.13999999999999999,abs_005_005,1000,2000,0.4795795992875238,0.9353226465056756,True,0.45574304721815184,0.45574304721815184,0.7026432315022798,0.7583567684977203,-0.22306363221475597,0.17696587800795543,0.05571353699544046,0.13302951022271148,0.2669999999999999
rep0562,0.26,0.25715189795729787,alg2,0.15,0.005,0.005,0.13999999999999999,abs_005_005,1000,2000,0.02379714321928822,0.5270510465578637,True,0.5032539033385754,0.5032539033385754,0.2795022089229074,0.3374977910770926,-0.25570506570361917,0.18955325548077118,0.05799558215418521,0.13125832118439035,0.314
rep0563,0.69,0.694134812909248,alg2,0.15,0.005,0.005,0.13999999999999999,abs_005_005,1000,2000,0.23248462449905183,0.8164448315442147,True,0.5839602070451628,0.5839602070451628,0.5885105877497496,0.6494894122502504,-0.3560259632506978,0.16695541929396426,0.06097882450050074,0.13998138254466208,0.383
rep0564,0.75,0.7462469932611169,alg2,0.15,0.005,0.005,0.13999999999999999,abs_005_005,1000,2000,0.43098521442345117,1.0009641888339518,True,0.5699789744105006,0.5690147855765488,0.7503452403214073,0.8026547596785927,-0.3193600258979561,0.19830942915535904,0.05230951935718542,0.11066945505331516,0.40700000000000003
rep0565,0.53,0.525622655628258,alg2,0.15,0.005,0.005,0.13999999999999999,abs_005_005,1000,2000,0.29917553842611805,0.8324186914872489,True,0.5332431530611308,0.5332431530611308,0.5793776538663249,0.6406223461336751,-0.28020211544020684,0.19179634535357387,0.06124469226735019,0.1374984607937808,0.3344999999999999
rep0566,0.23,0.22973697006701982,alg2,0.15,0.005,0.005,0.13999999999999999,abs_005_005,1000,2000,-0.07345531376861131,0.4029823988347702,True,0.4764377126033815,0.4029823988347702,0.20597887693294353,0.2590211230670565,-0.27943419070155484,0.14396127576771373,0.05304224613411296,0.11789546646926857,0.3055
rep0567,0.47,0.46653122626074534,alg2,0.15,0.005,0.005,0.13999999999999999,abs_005_005,1000,2000,0.16105041974929374,0.6800520901408686,True,0.519001670391575,0.519001670391575,0.4292066698589959,0.4917933301410041,-0.2681562501097022,0.18825875999986455,0.06258666028200821,0.11141501010956678,0.345
rep0568,0.65,0.6476528899256542,alg2,0.15,0.005,0.005,0.13999999999999999,abs_005_005,1000,2000,0.35009808423488303,0.8825789948482459,True,0.5324809106133628,0.5324809106133628,0.6440590626588248,0.7029409373411751,-0.2939609784239418,0.17963805750707074,0.05888187468235029,0.12559903593101257,0.348
rep0569,0.62,0.6210820569798082,alg2,0.15,0.005,0.005,0.13999999999999999,abs_005_005,1000,2000,0.35150691513824367,0.906980586239702,True,0.5554736711014583,0.5554736711014583,0.6717429903404378,0.7292570096595622,-0.32023607520219416,0.17772357658013985,0.057514019319124365,0.145459651782334,0.35250000000000004
rep0570,0.91,0.908173164325695,alg2,0.15,0.005,0.005,0.13999999999999999,abs_005_005,1000,2000,0.7594363713514071,1.1513511089725865,True,0.39191473762117945,0.24056362864859293,1.0,1.0,-0.2405636286485929,0.1513511089725865,0.0,0.14041473762117945,0.25149999999999995
rep0571,0.76,0.7582617190446,alg2,0.15,0.005,0.005,0.13999999999999999,abs_005_005,1000,2000,0.41798019492870503,0.9387350101089393,True,0.5207548151802344,0.5207548151802344,0.7114270195438397,0.7665729804561603,-0.29344682461513466,0.17216202965277905,0.0551459609123206,0.13610885426791364,0.32950000000000007
rep0572,0.57,0.57152858566112,alg2,0.15,0.005,0.005,0.13999999999999999,abs_005_005,1000,2000,0.12285034358492047,0.7237687440954074,True,0.6009184005104868,0.6009184005104868,0.4396614044357072,0.5023385955642927,-0.31681106085078675,0.22143014853111465,0.0626771911285855,0.13124120938190137,0.407
rep0573,0.75,0.7499681206873676,alg2,0.15,0.005,0.005,0.13999999999999999,abs_005_005,1000,2000,0.39049210792119005,0.8551052606524652,True,0.4646131527312751,0.4646131527312751,0.6317911732668019,0.6912088267331981,-0.24129906534561182,0.16389643391926706,0.05941765346639616,0.1431954992648788,0.26200000000000007
rep0574,0.65,0.64924090326269,alg2,0.15,0.005,0.005,0.13999999999999999,abs_005_005,1000,2000,0.32482900005365767,0.8531470769792072,True,0.5283180769255496,0.5283180769255496,0.5768426782523224,0.6381573217476777,-0.2520136781986647,0.2149897552315295,0.061314643495355314,0.12950343343019421,0.3375
rep0575,0.28,0.2828330061268331,alg2,0.15,0.005,0.005,0.13999999999999999,abs_005_005,1000,2000,0.08664439105544441,0.5940612443128268,True,0.5074168532573824,0.5074168532573824,0.37418038319688673,0.4358196168031133,-0.2875359921414423,0.15824162750971346,0.061639233606226584,0.12477761965115586,0.32099999999999995
rep0576,0.71,0.7100476042846439,alg2,0.15,0.005,0.005,0.13999999999999999,abs_005_005,1000,2000,0.5828499641282376,1.083979578747397,True,0.5011296146191593,0.41715003587176236,0.8472827532104118,0.8897172467895883,-0.2644327890821741,0.19426233195780862,0.0424344935791765,0.14269512103998272,0.316
rep0577,0.18,0.18453341897546627,alg2,0.15,0.005,0.005,0.13999999999999999,abs_005_005,1000,2000,0.07516049360827165,0.6066864249330526,True,0.5315259313247809,0.5315259313247809,0.34706527401502557,0.40793472598497443,-0.2719047804067539,0.1987516989480781,0.06086945196994886,0.135156479354832,0.3355
rep0578,0.41,0.40843208300883915,alg2,0.15,0.005,0.005,0.13999999999999999,abs_005_005,1000,2000,0.05485697442534865,0.5589191399430029,True,0.5040621655176543,0.5040621655176543,0.3117275562240648,0.37127244377593527,-0.25687058179871614,0.18764669616706764,0.059544887551870485,0.1455172779657839,0.2989999999999999
rep0579,0.38,0.381134139048079,alg2,0.15,0.005,0.005,0.13999999999999999,abs_005_005,1000,2000,-0.0501913372690265,0.5479110875688498,True,0.5981024248378762,0.5479110875688498,0.23680856787515667,0.2921914321248434,-0.28699990514418317,0.2557196554440063,0.05538286424968672,0.1332195605881895,0.4095
rep0580,0.32,0.32374466693507603,alg2,0.15,0.005,0.005,0.13999999999999999,abs_005_005,1000,2000,-0.06419175913054109,0.5635781400953717,True,0.6277698992259128,0.5635781400953717,0.3185842537117882,0.37841574628821173,-0.3827760128423293,0.18516239380715993,0.059831492576423506,0.12393840664948913,0.4440000000000001
rep0581,0.30,0.2954218366557133,alg2,0.15,0.005,0.005,0.13999999999999999,abs_005_005,1000,2000,0.08950128409894109,0.6904748311698347,True,0.6009735470708936,0.6009735470708936,0.39297331259811824,0.45502668740188174,-0.30347202849917715,0.23544814376795295,0.062053374803763495,0.12392017226713015,0.4149999999999999
rep0582,0.55,0.55252721058902,alg2,0.15,0.005,0.005,0.13999999999999999,abs_005_005,1000,2000,0.06226994949995324,0.6635895390476412,True,0.6013195895476879,0.6013195895476879,0.3776386695341029,0.43936133046589704,-0.3153687200341497,0.22422820858174417,0.06172266093179413,0.12109692861589383,0.4185
rep0583,0.36,0.36461157786988,alg2,0.15,0.005,0.005,0.13999999999999999,abs_005_005,1000,2000,0.07264595164899462,0.6085302964479515,True,0.535884344798957,0.535884344798957,0.38604409216295477,0.4479559078370452,-0.31339814051396014,0.16057438861090637,0.06191181567409043,0.13647252912486652,0.3375
rep0584,0.36,0.3578882772937474,alg2,0.15,0.005,0.005,0.13999999999999999,abs_005_005,1000,2000,0.12377620586828081,0.7148354271725421,True,0.5910592213042614,0.5910592213042614,0.4292066698589959,0.4917933301410041,-0.3054304639907151,0.223042097031538,0.06258666028200821,0.1459725610222531,0.38250000000000006
rep0585,0.24,0.2445422485786722,alg2,0.15,0.005,0.005,0.13999999999999999,abs_005_005,1000,2000,0.04873909793907982,0.6065277798092051,True,0.5577886818701253,0.5577886818701253,0.3391966245287671,0.3998033754712329,-0.29045752658968726,0.20672440433797223,0.060606750942465815,0.14568193092765946,0.35150000000000003
rep0586,0.59,0.5939722175187477,alg2,0.15,0.005,0.005,0.13999999999999999,abs_005_005,1000,2000,0.4264261908681439,0.95696069431936,True,0.5305345034512161,0.5305345034512161,0.7166001812129407,0.7713998187870593,-0.2901739903447968,0.1855608755323007,0.054799637574118654,0.14523486587709744,0.3305
rep0587,0.51,0.5119910843087874,alg2,0.15,0.005,0.005,0.13999999999999999,abs_005_005,1000,2000,0.3681406295147459,0.8371879802367201,True,0.46904735072197423,0.46904735072197423,0.5961298399344417,0.6568701600655582,-0.22798921041969578,0.18031782017116194,0.06074032013111652,0.12580703059085763,0.2825000000000001
rep0588,0.14,0.14082339519018963,alg2,0.15,0.005,0.005,0.13999999999999999,abs_005_005,1000,2000,0.08275168461280502,0.6283271484845214,True,0.5455754638717164,0.5455754638717164,0.38208741549587055,0.4439125845041294,-0.29933573088306553,0.18441456398039197,0.06182516900825885,0.13625029486345747,0.34750000000000003
rep0589,0.29,0.2857319512975673,alg2,0.15,0.005,0.005,0.13999999999999999,abs_005_005,1000,2000,0.11885148749650681,0.7160616393777945,True,0.5972101518812878,0.5972101518812878,0.4316946273053349,0.4943053726946651,-0.3128431398088281,0.22175626668312937,0.0626107453893302,0.12959940649195756,0.4049999999999999
rep0590,0.29,0.2855115380831413,alg2,0.15,0.005,0.005,0.13999999999999999,abs_005_005,1000,2000,-0.1489356652797703,0.3747253514221608,True,0.5236610167019311,0.3747253514221608,0.08851342357700832,0.12748657642299166,-0.23744908885677862,0.2472387749991691,0.038973152845983336,0.13468786385594778,0.35
rep0591,0.68,0.6805692535643133,alg2,0.15,0.005,0.005,0.13999999999999999,abs_005_005,1000,2000,0.27907230069768485,0.8249326315405289,True,0.545860330842844,0.545860330842844,0.5814062429193244,0.6425937570806756,-0.30233394222163956,0.1823388744598533,0.06118751416135115,0.13317281668149294,0.3514999999999999
rep0592,0.90,0.8957370925949865,alg2,0.15,0.005,0.005,0.13999999999999999,abs_005_005,1000,2000,0.6819789373378626,1.25968060183215,True,0.5777016644942874,0.31802106266213737,1.0,1.0,-0.3180210626621374,0.25968060183215,0.0,0.14220166449428745,0.43549999999999994
rep0593,0.41,0.41146676632931023,alg2,0.15,0.005,0.005,0.13999999999999999,abs_005_005,1000,2000,0.15516464489276155,0.6655156188979083,True,0.5103509740051468,0.5103509740051468,0.47010870081468936,0.5328912991853105,-0.3149440559219278,0.13262431971259775,0.06278259837062117,0.1390683756345255,0.30850000000000005
rep0594,0.24,0.23616052570756335,alg2,0.15,0.005,0.005,0.13999999999999999,abs_005_005,1000,2000,0.004911474730186688,0.4587916924048937,True,0.453880217674707,0.453880217674707,0.23874188914083103,0.294258110859169,-0.23383041441064434,0.16453358154572473,0.05551622171833795,0.14186399595636912,0.25649999999999995
rep0595,0.91,0.9071305911747453,alg2,0.15,0.005,0.005,0.13999999999999999,abs_005_005,1000,2000,0.6479373130670816,1.131984113657802,True,0.48404680059072036,0.3520626869329184,0.8833337298575726,0.9206662701424274,-0.235396416790491,0.21131784351537442,0.037332540284854776,0.14471426030586537,0.30200000000000005
rep0596,0.16,0.1568685661239671,alg2,0.15,0.005,0.005,0.13999999999999999,abs_005_005,1000,2000,-0.20465593546304983,0.3186832566536372,True,0.523339192116687,0.3186832566536372,0.12476821042933361,0.16923178957066637,-0.32942414589238345,0.14945146708297086,0.044463579141332754,0.13137561297535427,0.34750000000000003
rep0597,0.27,0.27393466907869957,alg2,0.15,0.005,0.005,0.13999999999999999,abs_005_005,1000,2000,-0.0012220528255248997,0.5300016469138309,True,0.5312236997393558,0.5300016469138309,0.281450465490264,0.339549534509736,-0.2826725183157889,0.19045211240409488,0.05809906901947204,0.12112463071988377,0.352
rep0598,0.54,0.5420283130202336,alg2,0.15,0.005,0.005,0.13999999999999999,abs_005_005,1000,2000,0.33012075468916796,0.7774332648842492,True,0.4473125101950813,0.4473125101950813,0.5748153045193952,0.6361846954806049,-0.24469454983022726,0.14124856940364444,0.061369390961209636,0.1314431192338718,0.2544999999999999
rep0599,0.50,0.5021331271343222,alg2,0.15,0.005,0.005,0.13999999999999999,abs_005_005,1000,2000,0.1341047137467366,0.6392707782864051,True,0.5051660645396685,0.5051660645396685,0.42224460664375535,0.4847553933562447,-0.28813989289701875,0.15451538493016043,0.06251078671248933,0.12465527782717911,0.31800000000000006
rep0600,0.13,0.12998473245606057,alg2,0.15,0.005,0.005,0.13999999999999999,abs_005_005,1000,2000,-0.18092224381843672,0.45952472411829653,True,0.6404469679367333,0.45952472411829653,0.210302064339937,0.26369793566006294,-0.3912243081583737,0.1958267884582336,0.05339587132012594,0.14155109661660736,0.4455
rep0601,0.13,0.12502403401150727,alg2,0.15,0.005,0.005,0.13999999999999999,abs_005_005,1000,2000,-0.007140915774007051,0.5417466117189085,True,0.5488875274929155,0.5417466117189085,0.2702567519186526,0.32774324808134736,-0.27739766769265967,0.21400336363756112,0.057486496162694745,0.13690103133022075,0.35450000000000004
rep0602,0.64,0.640248836959821,alg2,0.15,0.005,0.005,0.13999999999999999,abs_005_005,1000,2000,0.4253063340686002,0.9656114746543247,True,0.5403051405857245,0.5403051405857245,0.7093590568134375,0.7646409431865625,-0.2840527227448373,0.20097053146776223,0.05528188637312503,0.13552325421259953,0.3495
rep0603,0.60,0.5991544039577558,alg2,0.15,0.005,0.005,0.13999999999999999,abs_005_005,1000,2000,0.13994271704768418,0.7015052873958303,True,0.5615625703481462,0.5615625703481462,0.42522758611508227,0.48777241388491777,-0.2852848690673981,0.21373287351091247,0.0625448277698355,0.12451774257831055,0.3745
rep0604,0.60,0.6047526563157402,alg2,0.15,0.005,0.005,0.13999999999999999,abs_005_005,1000,2000,0.2927368527012654,0.8929217081431824,True,0.6001848554419169,0.6001848554419169,0.5829280406970085,0.6440719593029915,-0.2901911879957431,0.24884974884019082,0.061143918605983005,0.141540936835934,0.3974999999999999
rep0605,0.45,0.4481679997574964,alg2,0.15,0.005,0.005,0.13999999999999999,abs_005_005,1000,2000,0.12942575473331275,0.7279771700481852,True,0.5985514153148724,0.5985514153148724,0.48011686368725487,0.5428831363127451,-0.3506911089539421,0.18509403373544003,0.06276627262549023,0.12828514268938213,0.40750000000000003
rep0606,0.08,0.0795086777572074,alg2,0.15,0.005,0.005,0.13999999999999999,abs_005_005,1000,2000,-0.23420809068102838,0.18049607509722326,True,0.41470416577825164,0.18049607509722326,0.0,0.0,-0.23420809068102838,0.18049607509722326,0.0,0.13820416577825162,0.2765
rep0607,0.81,0.8090746309451496,alg2,0.15,0.005,0.005,0.13999999999999999,abs_005_005,1000,2000,0.6049705831459466,1.1430881767747212,True,0.5381175936287745,0.39502941685405335,0.906812533472083,0.940187466527917,-0.30184195032613637,0.20290071024680423,0.033374933055833944,0.1377426605729406,0.367
rep0608,0.47,0.46755530354218017,alg2,0.15,0.005,0.005,0.13999999999999999,abs_005_005,1000,2000,0.22994686517151786,0.8417693512146045,True,0.6118224860430866,0.6118224860430866,0.5464879417487185,0.6085120582512815,-0.31654107657720065,0.23325729296332304,0.06202411650256301,0.14029836954052377,0.4095
rep0609,0.06,0.058461800263415145,alg2,0.15,0.005,0.005,0.13999999999999999,abs_005_005,1000,2000,-0.0033925928436528974,0.5525554049612739,True,0.5559479978049268,0.5525554049612739,0.2887620453970106,0.3472379546029894,-0.2921546382406635,0.20531745035828447,0.05847590920597878,0.13847208859894794,0.35900000000000004
rep0610,0.66,0.6623647730854072,alg2,0.15,0.005,0.005,0.13999999999999999,abs_005_005,1000,2000,0.3799361435595481,0.9043576640693443,True,0.5244215205097962,0.5244215205097962,0.6369001686821623,0.6960998313178377,-0.2569640251226142,0.2082578327515065,0.05919966263567544,0.14172185787412067,0.3235
rep0611,0.51,0.5087070800519636,alg2,0.15,0.005,0.005,0.13999999999999999,abs_005_005,1000,2000,0.30426862180548875,0.7749792165424287,True,0.47071059473694,0.47071059473694,0.5363959294034644,0.5986040705965356,-0.23212730759797562,0.1763751459458931,0.062208141193071276,0.11050245354386867,0.29800000000000004
rep0612,0.61,0.609833705874556,alg2,0.15,0.005,0.005,0.13999999999999999,abs_005_005,1000,2000,0.12978381739586814,0.6456580932189889,True,0.5158742758231207,0.5158742758231207,0.4207535461327661,0.4832464538672339,-0.29096972873689797,0.162411639351755,0.062492907734467806,0.13988136808865298,0.3135
rep0613,0.37,0.36681183434391906,alg2,0.15,0.005,0.005,0.13999999999999999,abs_005_005,1000,2000,0.03217635043803735,0.6020002761083372,True,0.5698239256702998,0.5698239256702998,0.30096736059221935,0.3600326394077807,-0.268791010154182,0.24196763670055654,0.05906527881556134,0.14025864685473843,0.37050000000000005
rep0614,0.78,0.7760406702648954,alg2,0.15,0.005,0.005,0.13999999999999999,abs_005_005,1000,2000,0.4445837555554175,1.0208073822955028,True,0.5762236267400853,0.5554162444445825,0.7701774178750391,0.8208225821249608,-0.3255936623196216,0.19998480017054202,0.050645164249921715,0.14307846249016365,0.38249999999999995
rep0615,0.32,0.32458550371632305,alg2,0.15,0.005,0.005,0.13999999999999999,abs_005_005,1000,2000,0.1856146718335372,0.7362661016620373,True,0.5506514298285001,0.5506514298285001,0.4946510295094988,0.5573489704905012,-0.3090363576759616,0.1789171311715361,0.06269794098100245,0.1309534888474977,0.357
rep0616,0.38,0.38081427159349795,alg2,0.15,0.005,0.005,0.13999999999999999,abs_005_005,1000,2000,0.21256115464264214,0.8085029501270513,True,0.5959417954844092,0.5959417954844092,0.5112221667064186,0.5737778332935813,-0.2986610120637765,0.23472511683347003,0.06255566658716272,0.1413861288972465,0.39200000000000007
rep0617,0.79,0.790250279351206,alg2,0.15,0.005,0.005,0.13999999999999999,abs_005_005,1000,2000,0.48009929278490093,1.0099109875809869,True,0.5298116947960859,0.5199007072150991,0.7764577550643392,0.8265422449356608,-0.2963584622794383,0.183368742645326,0.050084489871321525,0.1457272049247642,0.3340000000000001
rep0618,0.81,0.811969262567762,alg2,0.15,0.005,0.005,0.13999999999999999,abs_005_005,1000,2000,0.45464999777439685,1.0435763307943664,True,0.5889263330199696,0.5453500022256031,0.78904546344268,0.83795453655732,-0.33439546566828315,0.2056217942370465,0.04890907311463999,0.1350172599053296,0.4050000000000001
rep0619,0.26,0.26239769985805894,alg2,0.15,0.005,0.005,0.13999999999999999,abs_005_005,1000,2000,0.1470231079470753,0.6501600054279233,True,0.503136897480848,0.503136897480848,0.38109857471002995,0.44290142528997,-0.23407546676295465,0.2072585801379533,0.06180285057994006,0.144334046900908,0.29699999999999993
rep0620,0.47,0.4718778798485914,alg2,0.15,0.005,0.005,0.13999999999999999,abs_005_005,1000,2000,0.14711862285230043,0.7477193799842156,True,0.6006007571319152,0.6006007571319152,0.4751112122416882,0.5378887877583117,-0.32799258938938775,0.20983059222590383,0.06277757551662355,0.13332318161529166,0.40449999999999997
rep0621,0.44,0.43636423997616214,alg2,0.15,0.005,0.005,0.13999999999999999,abs_005_005,1000,2000,0.11541798845224782,0.6969919002465307,True,0.5815739117942829,0.5815739117942829,0.39891771804241316,0.4610822819575868,-0.28349972959016534,0.23590961828894386,0.062164563915173665,0.1334093478791093,0.3859999999999999
rep0622,0.20,0.20476096634931776,alg2,0.15,0.005,0.005,0.13999999999999999,abs_005_005,1000,2000,-0.09232507972505044,0.4418738795802589,True,0.5341989593053094,0.4418738795802589,0.1696495752999313,0.2193504247000687,-0.26197465502498174,0.2225234548801902,0.049700849400137415,0.13749810990517197,0.347
rep0623,0.31,0.30606562076902893,alg2,0.15,0.005,0.005,0.13999999999999999,abs_005_005,1000,2000,0.11741579125948232,0.6301494885383376,True,0.5127336972788553,0.5127336972788553,0.4103241586435021,0.47267584135649793,-0.29290836738401976,0.1574736471818397,0.06235168271299585,0.12488201456585946,0.3255
rep0624,0.35,0.34572132256660687,alg2,0.15,0.005,0.005,0.13999999999999999,abs_005_005,1000,2000,-0.025457666886011532,0.5312697697481983,True,0.5567274366342099,0.5312697697481983,0.2780414344698104,0.3359585655301896,-0.3034991013558219,0.19531120421800874,0.05791713106037921,0.14631030557383057,0.3525000000000001
rep0625,0.39,0.39367772927381633,alg2,0.15,0.005,0.005,0.13999999999999999,abs_005_005,1000,2000,0.04070710443442971,0.597279969785818,True,0.5565728653513883,0.5565728653513883,0.39346850125821037,0.4555314987417896,-0.35276139682378066,0.1417484710440284,0.06206299748357924,0.1310098678678091,0.36349999999999993
rep0626,0.41,0.41492438643787577,alg2,0.15,0.005,0.005,0.13999999999999999,abs_005_005,1000,2000,0.03451309345907788,0.5685819738681956,True,0.5340688804091178,0.5340688804091178,0.327410440547034,0.38758955945296597,-0.2928973470879561,0.18099241441522967,0.06017911890593197,0.12438976150318587,0.3494999999999999
rep0627,0.31,0.31257351511226816,alg2,0.15,0.005,0.005,0.13999999999999999,abs_005_005,1000,2000,0.15503505305244397,0.7062013859523003,True,0.5511663328998564,0.5511663328998564,0.42721687423686266,0.4897831257631374,-0.2721818211844187,0.2164182601891629,0.06256625152627471,0.1351000813735816,0.3535
rep0628,0.82,0.8190252259712505,alg2,0.15,0.005,0.005,0.13999999999999999,abs_005_005,1000,2000,0.6000522204485519,1.087258341424465,True,0.4872061209759131,0.3999477795514481,0.8692778794073356,0.9087221205926644,-0.26922565895878375,0.17853622083180065,0.039444241185328854,0.1312618797905844,0.3165
rep0629,0.61,0.6114223063029015,alg2,0.15,0.005,0.005,0.13999999999999999,abs_005_005,1000,2000,0.31175532073165313,0.8110900933960534,True,0.4993347726644003,0.4993347726644003,0.549518079532449,0.611481920467551,-0.23776275880079586,0.19960817292850247,0.06196384093510199,0.13437093172929826,0.30300000000000005
rep0630,0.47,0.46574380274058796,alg2,0.15,0.005,0.005,0.13999999999999999,abs_005_005,1000,2000,0.30909723878092055,0.7543685131746465,True,0.44527127439372594,0.44527127439372594,0.5152446066437553,0.5777553933562447,-0.20614736786283472,0.17661311981840183,0.06251078671248944,0.14076048768123647,0.24200000000000008
rep0631,0.42,0.4168418952476526,alg2,0.15,0.005,0.005,0.13999999999999999,abs_005_005,1000,2000,0.15810221251804485,0.6910313047922629,True,0.532929092274218,0.532929092274218,0.43269003189187794,0.4953099681081221,-0.2745878193738331,0.1957213366841408,0.06261993621624418,0.14130915605797378,0.32900000000000007
rep0632,0.56,0.5642405624687724,alg2,0.15,0.005,0.005,0.13999999999999999,abs_005_005,1000,2000,0.553518702965739,1.0158465544442237,True,0.46232785147848465,0.446481297034261,0.8106397057204886,0.8573602942795113,-0.2571210027547496,0.1584862601647124,0.046720588559022724,0.14560726291946197,0.27
rep0633,0.32,0.32059734318177824,alg2,0.15,0.005,0.005,0.13999999999999999,abs_005_005,1000,2000,0.11611221789107723,0.6190783011235312,True,0.5029660832324541,0.5029660832324541,0.39297331259811824,0.45502668740188174,-0.276861094707041,0.16405161372164945,0.062053374803763495,0.1224127084286904,0.31850000000000006
rep0634,0.45,0.4494167669884945,alg2,0.15,0.005,0.005,0.13999999999999999,abs_005_005,1000,2000,0.29870116444440187,0.7840717061498805,True,0.48537054170547866,0.48537054170547866,0.526820476467146,0.5891795235328541,-0.22811931202274416,0.1948921826170265,0.06235904706570805,0.13201149463977063,0.29100000000000004
rep0635,0.42,0.4171584895969967,alg2,0.15,0.005,0.005,0.13999999999999999,abs_005_005,1000,2000,0.05611951201120707,0.6322991541183767,True,0.5761796421071697,0.5761796421071697,0.3722049489222777,0.43379505107772237,-0.3160854369110706,0.1985041030406543,0.06159010215544469,0.14108953995172485,0.3735
rep0636,0.25,0.2531301096110303,alg2,0.15,0.005,0.005,0.13999999999999999,abs_005_005,1000,2000,-0.1404528912526631,0.46290405687180664,True,0.6033569481244697,0.46290405687180664,0.21703520946190338,0.2709647905380966,-0.3574881007145665,0.19193926633371006,0.053929581076193195,0.14142736704827658,0.408
rep0637,0.88,0.8792689425778458,alg2,0.15,0.005,0.005,0.13999999999999999,abs_005_005,1000,2000,0.7023557624384094,1.1765150735881749,True,0.4741593111497655,0.29764423756159064,0.9139811352561144,0.9460188647438857,-0.21162537281770502,0.23049620884428906,0.032037729487771394,0.13162158166199406,0.31050000000000005
rep0638,0.80,0.7984768448122922,alg2,0.15,0.005,0.005,0.13999999999999999,abs_005_005,1000,2000,0.5243870470226475,0.9774027806193112,True,0.4530157335966637,0.4530157335966637,0.8074719949710677,0.8545280050289322,-0.28308494794842015,0.122874775590379,0.04705601005786453,0.13395972353879915,0.272
rep0639,0.85,0.8486004041262027,alg2,0.15,0.005,0.005,0.13999999999999999,abs_005_005,1000,2000,0.6796424278506904,1.1615641656075144,True,0.481921737756824,0.3203575721493096,0.9488455520689391,0.9731544479310609,-0.26920312421824866,0.1884097176764535,0.024308895862121815,0.14261284189470214,0.31500000000000006
rep0640,0.39,0.3851373885412998,alg2,0.15,0.005,0.005,0.13999999999999999,abs_005_005,1000,2000,0.03837384691701201,0.5229666064303466,True,0.48459275951333464,0.48459275951333464,0.3122170823985488,0.37178291760145127,-0.2738432354815368,0.15118368882889538,0.059565835202902484,0.13052692431043217,0.2945
rep0641,0.59,0.5914541300664489,alg2,0.15,0.005,0.005,0.13999999999999999,abs_005_005,1000,2000,0.21997173598649533,0.7541449199770027,True,0.5341731839905074,0.5341731839905074,0.5288353975019042,0.5911646024980959,-0.3088636615154089,0.16298031747890682,0.062329204996191656,0.13334397899431571,0.3385
rep0642,0.64,0.635516605025901,alg2,0.15,0.005,0.005,0.13999999999999999,abs_005_005,1000,2000,0.5921251327632897,1.1378497603644695,True,0.5457246276011798,0.4078748672367103,0.8671233920459601,0.9068766079540399,-0.2749982592826704,0.23097315241042962,0.039753215908079786,0.12597141169310005,0.37999999999999995
rep0643,0.60,0.5989367021783024,alg2,0.15,0.005,0.005,0.13999999999999999,abs_005_005,1000,2000,0.3729344730182254,0.9721850407405224,True,0.599250567722297,0.599250567722297,0.7000622528923508,0.7559377471076492,-0.3271277798741254,0.21624729363287326,0.05587549421529836,0.12287507350699861,0.42050000000000004
rep0644,0.54,0.5417266321103141,alg2,0.15,0.005,0.005,0.13999999999999999,abs_005_005,1000,2000,0.4333132318461866,0.8729374463693077,True,0.4396242145231211,0.4396242145231211,0.6461058255463109,0.7048941744536891,-0.21279259370012432,0.16804327191561866,0.05878834890737816,0.1048358656157431,0.2759999999999999
rep0645,0.83,0.830101746507834,alg2,0.15,0.005,0.005,0.13999999999999999,abs_005_005,1000,2000,0.6717610001920116,1.228427508962557,True,0.5566665087705454,0.32823899980798843,0.943693561867285,0.969306438132715,-0.2719325616752734,0.2591210708298418,0.025612876265429962,0.1385536325051152,0.39249999999999996
rep0646,0.72,0.7190690865093518,alg2,0.15,0.005,0.005,0.13999999999999999,abs_005_005,1000,2000,0.4063933141498349,0.8938706835895454,True,0.48747736943971043,0.48747736943971043,0.6517375868581403,0.7102624131418598,-0.2453442727083054,0.18360827044768552,0.05852482628371947,0.13745254315599092,0.2915
rep0647,0.28,0.28187237136063,alg2,0.15,0.005,0.005,0.13999999999999999,abs_005_005,1000,2000,-0.18624770928758463,0.42732727966578943,True,0.613574988953374,0.42732727966578943,0.15351120836911866,0.20148879163088132,-0.3397589176567033,0.22583848803490814,0.04797758326176266,0.13859740569161133,0.4270000000000001
rep0648,0.07,0.07423100775724908,alg2,0.15,0.005,0.005,0.13999999999999999,abs_005_005,1000,2000,-0.18614996090237723,0.3889257698580112,True,0.5750757307603884,0.3889257698580112,0.11074857443083151,0.1532514255691685,-0.29689853533320876,0.2356743442888427,0.042502851138336975,0.1320728796220515,0.40049999999999997
rep0649,0.63,0.628180716912371,alg2,0.15,0.005,0.005,0.13999999999999999,abs_005_005,1000,2000,0.2691748470111977,0.8612617647862331,True,0.5920869177750354,0.5920869177750354,0.5819134749016186,0.6430865250983815,-0.3127386278904209,0.21817523968785163,0.06117305019676289,0.1419138675782725,0.389
rep0650,0.63,0.634384654469708,alg2,0.15,0.005,0.005,0.13999999999999999,abs_005_005,1000,2000,0.4532569932323402,0.9534171317517995,True,0.5001601385194594,0.5001601385194594,0.7316293853842275,0.7853706146157724,-0.2783723921518873,0.1680465171360271,0.053741229231544896,0.1309189092879144,0.3155
rep0651,0.45,0.45319449808014894,alg2,0.15,0.005,0.005,0.13999999999999999,abs_005_005,1000,2000,-0.0023884572230171708,0.5562955099446516,True,0.5586839671676688,0.5562955099446516,0.3357568925983201,0.3962431074016799,-0.33814534982133726,0.16005240254297165,0.060486214803359806,0.1261977523643089,0.372
rep0652,0.44,0.44043978579245635,alg2,0.15,0.005,0.005,0.13999999999999999,abs_005_005,1000,2000,0.12147290504158847,0.6386726448145577,True,0.5171997397729692,0.5171997397729692,0.35642074081944797,0.41757925918055205,-0.2349478357778595,0.22109338563400563,0.061158518361104086,0.14704122141186504,0.30900000000000005
rep0653,0.41,0.4149109690860978,alg2,0.15,0.005,0.005,0.13999999999999999,abs_005_005,1000,2000,0.3346193592743958,0.813456711747535,True,0.4788373524731392,0.4788373524731392,0.5313547707303193,0.5936452292696807,-0.19673541145592355,0.2198114824778543,0.062290458539361326,0.11704689393377787,0.2995
rep0654,0.50,0.49949569016094303,alg2,0.15,0.005,0.005,0.13999999999999999,abs_005_005,1000,2000,0.29937233325991003,0.8116099860362416,True,0.5122376527763315,0.5122376527763315,0.5743085451693148,0.6356914548306851,-0.2749362119094048,0.1759185312055565,0.06138290966137028,0.1308547431149613,0.32
rep0655,0.29,0.2854596404029002,alg2,0.15,0.005,0.005,0.13999999999999999,abs_005_005,1000,2000,0.09604653191642609,0.6355953659453268,True,0.5395488340289007,0.5395488340289007,0.3865388242330144,0.4484611757669856,-0.2904922923165883,0.1871341901783412,0.06192235153397119,0.14362648249492949,0.334
rep0656,0.49,0.4882524133456352,alg2,0.15,0.005,0.005,0.13999999999999999,abs_005_005,1000,2000,0.3316473334793525,0.9004216491136422,True,0.5687743156342897,0.5687743156342897,0.6338343247628427,0.6931656752371572,-0.30218699128349025,0.20725597387648498,0.05933135047431448,0.12944296515997522,0.38
rep0657,0.29,0.2879795746117501,alg2,0.15,0.005,0.005,0.13999999999999999,abs_005_005,1000,2000,-0.06301209748861783,0.5067679318216428,True,0.5697800293102606,0.5067679318216428,0.23632535167927401,0.29167464832072604,-0.29933744916789184,0.2150932835009168,0.05534929664145202,0.11343073266880865,0.401
rep0658,0.16,0.15814258074432144,alg2,0.15,0.005,0.005,0.13999999999999999,abs_005_005,1000,2000,-0.1004937371698292,0.448713499085854,True,0.5492072362556832,0.448713499085854,0.22136880460419175,0.2756311953958082,-0.32186254177402096,0.1730823036900458,0.05426239079161646,0.12144484546406664,0.3735000000000001
rep0659,0.33,0.3308168158198044,alg2,0.15,0.005,0.005,0.13999999999999999,abs_005_005,1000,2000,0.020081446145020276,0.5900450275489422,True,0.5699635814039219,0.5699635814039219,0.2902254157437464,0.34877458425625363,-0.2701439695987261,0.24127044329268849,0.058549168512507244,0.13641441289141465,0.375
rep0660,0.84,0.8414857095486005,alg2,0.15,0.005,0.005,0.13999999999999999,abs_005_005,1000,2000,0.7192087383487662,1.1802157333584349,True,0.4610069950096687,0.2807912616512338,0.9850707560094395,0.9969292439905605,-0.26586201766067336,0.1832864893678745,0.011858487981120991,0.1331485070285478,0.31600000000000006
rep0661,0.49,0.4858396125606992,alg2,0.15,0.005,0.005,0.13999999999999999,abs_005_005,1000,2000,0.24356644351475065,0.8284136647078332,True,0.5848472211930825,0.5848472211930825,0.5803918806652364,0.6416081193347636,-0.33682543715048574,0.18680554537306956,0.06121623866952719,0.11763098252355536,0.40599999999999997
rep0662,0.28,0.2766584649431424,alg2,0.15,0.005,0.005,0.13999999999999999,abs_005_005,1000,2000,-0.04232767790213543,0.46209097333079396,True,0.5044186512329294,0.46209097333079396,0.23487597831128437,0.29012402168871565,-0.2772036562134198,0.17196695164207831,0.05524804337743128,0.14017060785549812,0.309
rep0663,0.18,0.1819360935009027,alg2,0.15,0.005,0.005,0.13999999999999999,abs_005_005,1000,2000,0.15608628771657945,0.6670939068997013,True,0.5110076191831219,0.5110076191831219,0.4118132082108285,0.4741867917891715,-0.25572692049424905,0.19290711511052971,0.062373583578342995,0.13313403560477877,0.3155
rep0664,0.38,0.38299670627741383,alg2,0.15,0.005,0.005,0.13999999999999999,abs_005_005,1000,2000,0.0886374320781303,0.6577491634532489,True,0.5691117313751186,0.5691117313751186,0.39445897605294405,0.4565410239470559,-0.30582154397481376,0.20120813950619293,0.06208204789411187,0.13152968348100658,0.37550000000000006
rep0665,0.67,0.6699674075673208,alg2,0.15,0.005,0.005,0.13999999999999999,abs_005_005,1000,2000,0.3771146767907289,0.8954317077216448,True,0.518317030930916,0.518317030930916,0.6323019054906867,0.6916980945093134,-0.25518722869995775,0.2037336132123314,0.059396189018626755,0.12792084191228908,0.33100000000000007
rep0666,0.51,0.5083358063154882,alg2,0.15,0.005,0.005,0.13999999999999999,abs_005_005,1000,2000,0.21282728245871063,0.7293018033002858,True,0.5164745208415752,0.5164745208415752,0.47661257791445844,0.5393874220855416,-0.2637852954557478,0.18991438121474422,0.06277484417108314,0.12719967667049203,0.3265
rep0667,0.60,0.6020300693324006,alg2,0.15,0.005,0.005,0.13999999999999999,abs_005_005,1000,2000,0.2945891241132317,0.8911610023627252,True,0.5965718782494935,0.5965718782494935,0.5946053684837199,0.6553946315162801,-0.30001624437048824,0.2357663708464451,0.06078926303256016,0.14278261521693336,0.393
rep0668,0.86,0.8597838880732807,alg2,0.15,0.005,0.005,0.13999999999999999,abs_005_005,1000,2000,0.5738720049508617,1.0914853445000707,True,0.5176133395492091,0.42612799504913834,0.9035161282818651,0.9374838717181349,-0.3296441233310035,0.1540014727819359,0.03396774343626974,0.1236455961129394,0.36000000000000004
rep0669,0.36,0.35731394286942286,alg2,0.15,0.005,0.005,0.13999999999999999,abs_005_005,1000,2000,0.31763913969490487,0.9307480391542282,True,0.6131088994593233,0.6131088994593233,0.5874952718430843,0.6485047281569157,-0.2698561321481794,0.2822433109973125,0.06100945631383148,0.12309944314549193,0.42899999999999994
rep0670,0.20,0.1962266302355978,alg2,0.15,0.005,0.005,0.13999999999999999,abs_005_005,1000,2000,0.009603113067997382,0.4472022396240875,True,0.4375991265560901,0.4375991265560901,0.26685423126281854,0.32414576873718143,-0.25725111819482116,0.12305647088690606,0.057291537474362886,0.14230758908172725,0.238
rep0671,0.50,0.49682018352700374,alg2,0.15,0.005,0.005,0.13999999999999999,abs_005_005,1000,2000,0.40314926943931195,0.9538771283499945,True,0.5507278589106825,0.5507278589106825,0.6466176117415047,0.7053823882584954,-0.24346834230219272,0.24849474009149902,0.05876477651699075,0.1324630823936917,0.35950000000000004
rep0672,0.69,0.6892868730555781,alg2,0.15,0.005,0.005,0.13999999999999999,abs_005_005,1000,2000,0.4659622891127933,1.0202557430565449,True,0.5542934539437516,0.5340377108872068,0.8355534763861006,0.8794465236138995,-0.36959118727330725,0.14080921944264527,0.043893047227798965,0.1429004067159526,0.36749999999999994
rep0673,0.53,0.5254793729407189,alg2,0.15,0.005,0.005,0.13999999999999999,abs_005_005,1000,2000,0.1920241422403871,0.678958149163825,True,0.4869340069234379,0.4869340069234379,0.46161163606480987,0.5243883639351901,-0.26958749382442276,0.15456978522863493,0.06277672787038019,0.13915727905305775,0.2849999999999999
rep0674,0.67,0.6695377226521729,alg2,0.15,0.005,0.005,0.13999999999999999,abs_005_005,1000,2000,0.4036968267698345,0.9475440378691692,True,0.5438472110993346,0.5438472110993346,0.7160826540939189,0.7709173459060812,-0.31238582732408443,0.17662669196308803,0.05483469181216227,0.13901251928717245,0.35000000000000003
rep0675,0.46,0.4632691092459867,alg2,0.15,0.005,0.005,0.13999999999999999,abs_005_005,1000,2000,0.2538818760689975,0.8133755444045201,True,0.5594936683355226,0.5594936683355226,0.5753220974803386,0.6366779025196614,-0.3214402214113411,0.17669764188485867,0.06135580503932281,0.10813786329619979,0.39
rep0676,0.57,0.5697577821462855,alg2,0.15,0.005,0.005,0.13999999999999999,abs_005_005,1000,2000,0.32584818814798944,0.9032976236397908,True,0.5774494354918014,0.5774494354918014,0.616486253244898,0.6765137467551019,-0.2906380650969086,0.22678387688468896,0.060027493510203866,0.12542194198159745,0.39200000000000007
rep0677,0.65,0.6464032465274445,alg2,0.15,0.005,0.005,0.13999999999999999,abs_005_005,1000,2000,0.4208385454580921,0.8586401963483452,True,0.43780165089025314,0.43780165089025314,0.6491771178617746,0.7078228821382254,-0.2283385724036825,0.15081731421011974,0.05864576427645085,0.13515588661380212,0.2440000000000001
rep0678,0.38,0.381704180917303,alg2,0.15,0.005,0.005,0.13999999999999999,abs_005_005,1000,2000,-0.05336488486650309,0.5209697219349237,True,0.5743346068014268,0.5209697219349237,0.2907132833348797,0.3492867166651203,-0.3440781682013828,0.17168300526980348,0.058573433330240565,0.12876117347118643,0.3869999999999999
rep0679,0.61,0.6139353443163895,alg2,0.15,0.005,0.005,0.13999999999999999,abs_005_005,1000,2000,0.3647233705996986,0.9115858396963756,True,0.546862469096677,0.546862469096677,0.6702019503720724,0.7277980496279275,-0.3054785797723738,0.1837877900684481,0.05759609925585507,0.13926636984082197,0.3499999999999999
rep0680,0.60,0.599416591637384,alg2,0.15,0.005,0.005,0.13999999999999999,abs_005_005,1000,2000,0.36995749123468796,0.8499097048676203,True,0.47995221363293233,0.47995221363293233,0.6068099196551068,0.6671900803448932,-0.23685242842041881,0.182719624522727,0.060380160689786466,0.13657205294314578,0.28300000000000003
rep0681,0.61,0.6120391767699129,alg2,0.15,0.005,0.005,0.13999999999999999,abs_005_005,1000,2000,0.3863793191423257,0.8405945337263148,True,0.45421521458398906,0.45421521458398906,0.6271962449807604,0.6868037550192396,-0.24081692583843473,0.1537907787070752,0.059607510038479194,0.13260770454550985,0.26200000000000007
rep0682,0.21,0.20524372314526954,alg2,0.15,0.005,0.005,0.13999999999999999,abs_005_005,1000,2000,-0.03377874423650734,0.5465365899204568,True,0.5803153341569642,0.5465365899204568,0.2848614375527869,0.3431385624472131,-0.31864018178929426,0.20339802747324381,0.05827712489442616,0.13853820926253813,0.38349999999999995
rep0683,0.50,0.49551393879539885,alg2,0.15,0.005,0.005,0.13999999999999999,abs_005_005,1000,2000,0.2791632309900727,0.8308086810369919,True,0.5516454500469192,0.5516454500469192,0.5758289240744774,0.6371710759255227,-0.2966656930844047,0.19363760511146919,0.0613421518510453,0.14380329819587395,0.3465
rep0684,0.15,0.14799688249000248,alg2,0.15,0.005,0.005,0.13999999999999999,abs_005_005,1000,2000,-0.10971873659824483,0.3477198590011778,True,0.4574385955994226,0.3477198590011778,0.14641669069406027,0.19358330930593975,-0.2561354272923051,0.15413654969523805,0.047166618611879485,0.14327197698754313,0.267
rep0685,0.25,0.25374061711051393,alg2,0.15,0.005,0.005,0.13999999999999999,abs_005_005,1000,2000,-0.02796475258171849,0.4372187122355519,True,0.4651834648172704,0.4372187122355519,0.2016599064064562,0.2543400935935438,-0.2296246589881747,0.1828786186420081,0.05268018718708761,0.14700327763018278,0.2655
rep0686,0.58,0.5762415075030807,alg2,0.15,0.005,0.005,0.13999999999999999,abs_005_005,1000,2000,0.3485813183426692,0.8855288695657373,True,0.5369475512230681,0.5369475512230681,0.6113918444923729,0.671608155507627,-0.26281052614970374,0.2139207140581103,0.06021631101525404,0.14173124020781408,0.33499999999999996
rep0687,0.47,0.4738166731340248,alg2,0.15,0.005,0.005,0.13999999999999999,abs_005_005,1000,2000,0.30516676719727936,0.7675627305165638,True,0.4623959633192844,0.4623959633192844,0.5636743247433105,0.6253256752566896,-0.2585075575460311,0.14223705525987418,0.06165135051337911,0.12974461280590527,0.271
rep0688,0.51,0.5114671157047247,alg2,0.15,0.005,0.005,0.13999999999999999,abs_005_005,1000,2000,0.19662919255276412,0.6475717410755928,True,0.45094254852282867,0.45094254852282867,0.4536226888809052,0.5163773111190948,-0.25699349632814106,0.131194429956498,0.06275462223818962,0.12618792628463904,0.262
rep0689,0.04,0.035133814196115686,alg2,0.15,0.005,0.005,0.13999999999999999,abs_005_005,1000,2000,0.07936710602711436,0.5304792308434422,False,0.4511121248163278,0.4511121248163278,0.3249575550547195,0.38504244494528045,-0.24559044902760516,0.14543678589816172,0.06008488989056093,0.1375272349257668,0.25350000000000006
rep0690,0.32,0.321154014109585,alg2,0.15,0.005,0.005,0.13999999999999999,abs_005_005,1000,2000,0.02776446746477007,0.5625583285474915,True,0.5347938610827214,0.5347938610827214,0.2887620453970106,0.3472379546029894,-0.26099757793224054,0.21532037394450212,0.05847590920597878,0.13781795187674267,0.33849999999999997
rep0691,0.14,0.13555251647644306,alg2,0.15,0.005,0.005,0.13999999999999999,abs_005_005,1000,2000,-0.07111359170359174,0.5314275154150558,True,0.6025411071186476,0.5314275154150558,0.2281177555385134,0.28288224446148663,-0.29923134724210515,0.24854527095356915,0.054764488922973226,0.13327661819567427,0.4145
rep0692,0.49,0.4900656986391382,alg2,0.15,0.005,0.005,0.13999999999999999,abs_005_005,1000,2000,0.2506839463487975,0.817089500381952,True,0.5664055540331545,0.5664055540331545,0.5102168742368626,0.5727831257631374,-0.2595329278880651,0.2443063746188146,0.06256625152627482,0.1388393025068797,0.365
rep0693,0.38,0.3793630417094126,alg2,0.15,0.005,0.005,0.13999999999999999,abs_005_005,1000,2000,0.18054652760293866,0.6627158810993351,True,0.48216935349639645,0.48216935349639645,0.42373595338372866,0.4862640466162714,-0.24318942578079,0.17645183448306376,0.06252809323254271,0.1236412602638538,0.29599999999999993
rep0694,0.56,0.5589248503985509,alg2,0.15,0.005,0.005,0.13999999999999999,abs_005_005,1000,2000,0.2836846124592469,0.7888947728957785,True,0.5052101604365316,0.5052101604365316,0.5859725544889236,0.6470274455110765,-0.3022879420296767,0.14186732738470192,0.06105489102215289,0.1396552694143786,0.3045
rep0695,0.34,0.3392601427470871,alg2,0.15,0.005,0.005,0.13999999999999999,abs_005_005,1000,2000,-0.040552531985709905,0.4855527856911691,True,0.5261053176768791,0.4855527856911691,0.2508414054764772,0.30715859452352284,-0.2913939374621871,0.17839419116764627,0.056317189047045635,0.14578812862983342,0.32399999999999995
rep0696,0.37,0.37497989849424296,alg2,0.15,0.005,0.005,0.13999999999999999,abs_005_005,1000,2000,-0.06337160666880876,0.5081945526123082,True,0.571566159281117,0.5081945526123082,0.2532646077134703,0.30973539228652963,-0.31663621438227907,0.1984591603257786,0.05647078457305932,0.1225953747080577,0.39249999999999996
rep0697,0.51,0.5138505617404521,alg2,0.15,0.005,0.005,0.13999999999999999,abs_005_005,1000,2000,0.2632143693962219,0.7856031680083944,True,0.5223887986121725,0.5223887986121725,0.5157475546582376,0.5782524453417625,-0.25253318526201574,0.20735072266663196,0.06250489068352483,0.1418839079286477,0.318
rep0698,0.49,0.48808821982515055,alg2,0.15,0.005,0.005,0.13999999999999999,abs_005_005,1000,2000,0.11170975068125188,0.6716966585641416,True,0.5599869078828897,0.5599869078828897,0.4023874399293123,0.4646125600706877,-0.2906776892480604,0.20708409849345394,0.06222512014137538,0.13276178774151431,0.36500000000000005
rep0699,0.74,0.737624141085637,alg2,0.15,0.005,0.005,0.13999999999999999,abs_005_005,1000,2000,0.4656586209006295,0.9795525695983645,True,0.513893948697735,0.513893948697735,0.7550349708507226,0.8069650291492775,-0.2893763499500931,0.17258754044908697,0.051930058298554904,0.1269638903991801,0.33499999999999996
rep0700,0.09,0.08784335363432007,alg2,0.15,0.005,0.005,0.13999999999999999,abs_005_005,1000,2000,-0.20829769755764446,0.25062314498626737,True,0.45892084254391186,0.25062314498626737,0.06930558311262161,0.10469441688737838,-0.2776032806702661,0.14592872809888902,0.03538883377475677,0.12903200876915505,0.29450000000000004
rep0701,0.23,0.22824436689619965,alg2,0.15,0.005,0.005,0.13999999999999999,abs_005_005,1000,2000,-0.04562913481338984,0.514477999240952,True,0.5601071340543419,0.514477999240952,0.21270562642137494,0.26629437357862507,-0.2583347612347648,0.24818362566232705,0.05358874715725012,0.14151838689709184,0.365
rep0702,0.79,0.7916799561732202,alg2,0.15,0.005,0.005,0.13999999999999999,abs_005_005,1000,2000,0.6094673230520331,1.1241272302047205,True,0.5146599071526874,0.3905326769479669,0.8730531356580481,0.9119468643419518,-0.26358581260601494,0.21218036586276867,0.03889372868390373,0.1442661784687836,0.3315
rep0703,0.72,0.7159597687993551,alg2,0.15,0.005,0.005,0.13999999999999999,abs_005_005,1000,2000,0.39041436258703066,0.9501660113699405,True,0.5597516487829098,0.5597516487829098,0.6912951969108841,0.7477048030891159,-0.3008808343238535,0.2024612082808246,0.056409606178231764,0.14484204260467815,0.35849999999999993
rep0704,0.24,0.2433457414922106,alg2,0.15,0.005,0.005,0.13999999999999999,abs_005_005,1000,2000,0.00870271437243375,0.47751597057120804,True,0.4688132561987743,0.4688132561987743,0.2310130158809105,0.2859869841190895,-0.22231030150847675,0.19152898645211852,0.054973968238179016,0.1388392879605953,0.27499999999999997
rep0705,0.73,0.7259717934097802,alg2,0.15,0.005,0.005,0.13999999999999999,abs_005_005,1000,2000,0.3976793313631737,1.019756246893619,True,0.6220769155304453,0.6023206686368263,0.6655810198973708,0.7234189801026292,-0.26790168853419716,0.2963372667909897,0.05783796020525833,0.14423895532518688,0.42
rep0706,0.33,0.3288119907847241,alg2,0.15,0.005,0.005,0.13999999999999999,abs_005_005,1000,2000,0.06265720304718214,0.5628286394482371,True,0.500171436401055,0.500171436401055,0.35740624291932444,0.4185937570806756,-0.2947490398721423,0.1442348823675615,0.06118751416135115,0.12898392223970373,0.31000000000000005
rep0707,0.36,0.36157900634283197,alg2,0.15,0.005,0.005,0.13999999999999999,abs_005_005,1000,2000,-0.07413979575627277,0.546275337531206,True,0.6204151332874788,0.546275337531206,0.2887620453970106,0.3472379546029894,-0.3629018411532834,0.19903738292821663,0.05847590920597878,0.1324392240815,0.4295
rep0708,0.58,0.5817658237164358,alg2,0.15,0.005,0.005,0.13999999999999999,abs_005_005,1000,2000,0.17396672242698574,0.6921133803571184,True,0.5181466579301327,0.5181466579301327,0.4316946273053349,0.4943053726946651,-0.2577279048783492,0.19780800766245327,0.0626107453893302,0.10653591254080236,0.3490000000000001
rep0709,0.86,0.8602526850021784,alg2,0.15,0.005,0.005,0.13999999999999999,abs_005_005,1000,2000,0.5817826592697095,1.1041801080944496,True,0.52239744882474,0.4182173407302905,0.8953055831126217,0.9306944168873784,-0.3135229238429121,0.17348569120707114,0.03538883377475677,0.14200861504998313,0.3450000000000001
rep0710,0.71,0.714066617435744,alg2,0.15,0.005,0.005,0.13999999999999999,abs_005_005,1000,2000,0.42200515102749026,0.9409492240888755,True,0.5189440730613852,0.5189440730613852,0.712978477683686,0.768021522316314,-0.2909733266561958,0.1729277017725615,0.05504304463262799,0.14140102842875718,0.3225000000000001
rep0711,0.24,0.24175158542979483,alg2,0.15,0.005,0.005,0.13999999999999999,abs_005_005,1000,2000,0.04019925751142456,0.6148430823299491,True,0.5746438248185246,0.5746438248185246,0.38901297503000876,0.4509870249699912,-0.3488137175185842,0.16385605735995795,0.061974049939982456,0.14066977487854215,0.372
rep0712,0.46,0.4564952417546153,alg2,0.15,0.005,0.005,0.13999999999999999,abs_005_005,1000,2000,0.1435688490280464,0.6828155043959857,True,0.5392466553679394,0.5392466553679394,0.4346812206567642,0.4973187793432359,-0.2911123716287178,0.18549672505274983,0.0626375586864717,0.1431090966814676,0.3335
rep0713,0.31,0.31094655298240614,alg2,0.15,0.005,0.005,0.13999999999999999,abs_005_005,1000,2000,0.10800202222072236,0.7030205480103371,True,0.5950185257896148,0.5950185257896148,0.4207535461327661,0.4832464538672339,-0.31275152391204375,0.21977409414310323,0.062492907734467806,0.130025618055147,0.40249999999999997
rep0714,0.42,0.42224281977971795,alg2,0.15,0.005,0.005,0.13999999999999999,abs_005_005,1000,2000,-0.0004114612180776689,0.49656136265265605,True,0.4969728238707337,0.49656136265265605,0.26442509750113974,0.3215749024988602,-0.2648365587192174,0.17498646015379582,0.05714980499772049,0.12832301887301317,0.31150000000000005
rep0715,0.36,0.3621149722632049,alg2,0.15,0.005,0.005,0.13999999999999999,abs_005_005,1000,2000,0.08923469788600757,0.5922524503586182,True,0.5030177524726106,0.5030177524726106,0.34706527401502557,0.40793472598497443,-0.257830576129018,0.1843177243736438,0.06086945196994886,0.1396483005026618,0.3025
rep0716,0.34,0.3413958520892463,alg2,0.15,0.005,0.005,0.13999999999999999,abs_005_005,1000,2000,0.06484705405367885,0.5685618814459994,True,0.5037148273923205,0.5037148273923205,0.33280991965510676,0.3931900803448932,-0.2679628656014279,0.17537180110110615,0.060380160689786466,0.14333466670253403,0.30000000000000004
rep0717,0.44,0.4415860096902311,alg2,0.15,0.005,0.005,0.13999999999999999,abs_005_005,1000,2000,0.09977928389165952,0.6069568242971868,True,0.5071775404055272,0.5071775404055272,0.3682556777226446,0.42974432227735543,-0.2684763938309851,0.1772125020198314,0.061488644554710814,0.1371888958508165,0.3085
rep0718,0.56,0.5646466920560302,alg2,0.15,0.005,0.005,0.13999999999999999,abs_005_005,1000,2000,0.2679830694864337,0.7911809283279725,True,0.5231978588415388,0.5231978588415388,0.5379089056702813,0.6000910943297186,-0.2699258361838476,0.1910898339982538,0.062182188659437365,0.12051567018210135,0.3405
rep0719,0.71,0.7103995063697587,alg2,0.15,0.005,0.005,0.13999999999999999,abs_005_005,1000,2000,0.5069507144895556,0.9546607276733158,True,0.44771001318376014,0.44771001318376014,0.7764577550643392,0.8265422449356608,-0.2695070405747836,0.128118482737655,0.050084489871321525,0.1356255233124386,0.262
rep0720,0.69,0.6932176668159191,alg2,0.15,0.005,0.005,0.13999999999999999,abs_005_005,1000,2000,0.5234860120738484,1.0016927722169342,True,0.47820676014308583,0.4765139879261516,0.7943014748918075,0.8426985251081925,-0.2708154628179591,0.15899424710874177,0.048397050216385074,0.12680970992670093,0.30299999999999994
rep0721,0.86,0.8636766762196767,alg2,0.15,0.005,0.005,0.13999999999999999,abs_005_005,1000,2000,0.5439730413707342,1.089605236985588,True,0.5456321956148538,0.4560269586292658,0.8628203084917185,0.9031796915082815,-0.3188472671209844,0.1864255454773065,0.040359383016562944,0.12927281259829082,0.376
rep0722,0.92,0.9209427021622629,alg2,0.15,0.005,0.005,0.13999999999999999,abs_005_005,1000,2000,0.6997239646492415,1.1670461140402983,True,0.4673221493910569,0.30027603535075853,1.0,1.0,-0.3002760353507586,0.16704611404029834,0.0,0.13882214939105697,0.32849999999999996
rep0723,0.50,0.5016753434719334,alg2,0.15,0.005,0.005,0.13999999999999999,abs_005_005,1000,2000,0.24647918138153713,0.7511421885680485,True,0.5046630071865114,0.5046630071865114,0.5011749441637992,0.5638250558362008,-0.254695762782262,0.1873171327318477,0.06265011167240164,0.12101289551410965,0.32100000000000006
rep0724,0.22,0.22277910125347108,alg2,0.15,0.005,0.005,0.13999999999999999,abs_005_005,1000,2000,-0.21770663828321565,0.3128875605234418,True,0.5305941988066575,0.3128875605234418,0.10052479008908718,0.1414752099109128,-0.31823142837230284,0.171412350612529,0.04095041982182562,0.13864377898483188,0.3509999999999999
rep0725,0.63,0.6285584659969985,alg2,0.15,0.005,0.005,0.13999999999999999,abs_005_005,1000,2000,0.3117520888720814,0.8151787786604092,True,0.5034266897883278,0.5034266897883278,0.5925732239085932,0.6534267760914068,-0.28082113503651185,0.16175200256900252,0.06085355218281352,0.13657313760551437,0.306
rep0726,0.58,0.5754838177330744,alg2,0.15,0.005,0.005,0.13999999999999999,abs_005_005,1000,2000,0.41612746701814796,0.980379988218983,True,0.564252521200835,0.564252521200835,0.7285165232778458,0.7824834767221541,-0.3123890562596978,0.1978965114968288,0.05396695344430835,0.1337855677565266,0.37649999999999995
rep0727,0.21,0.2115740355737719,alg2,0.15,0.005,0.005,0.13999999999999999,abs_005_005,1000,2000,-0.16787841735854606,0.3879973134377974,True,0.5558757307963434,0.3879973134377974,0.1303989476777169,0.1756010523222831,-0.29827736503626295,0.2123962611155143,0.0452021046445662,0.14367362615177726,0.367
rep0728,0.56,0.5564120944969329,alg2,0.15,0.005,0.005,0.13999999999999999,abs_005_005,1000,2000,0.20914836731682251,0.7490372570536108,True,0.5398888897367883,0.5398888897367883,0.5308508318494415,0.5931491681505586,-0.32170246453261897,0.1558880889030522,0.06229833630111714,0.13759055343567117,0.33999999999999997
rep0729,0.60,0.5956440662913057,alg2,0.15,0.005,0.005,0.13999999999999999,abs_005_005,1000,2000,0.15078438459482058,0.7693063251237973,True,0.6185219405289767,0.6185219405289767,0.5429542621576793,0.6050457378423206,-0.3921698775628587,0.16426058728147658,0.06209147568464135,0.1379304648443352,0.41850000000000004
rep0730,0.69,0.6917308798798025,alg2,0.15,0.005,0.005,0.13999999999999999,abs_005_005,1000,2000,0.30475227035007885,0.8638145998082081,True,0.5590623294581292,0.5590623294581292,0.6063009937687206,0.6666990062312793,-0.30154872341864175,0.19711559357692873,0.060398012462558714,0.13966431699557047,0.359
rep0731,0.43,0.4266039488445103,alg2,0.15,0.005,0.005,0.13999999999999999,abs_005_005,1000,2000,0.2398460761098693,0.7660151494250254,True,0.526169073315156,0.526169073315156,0.5016770047283273,0.5643229952716727,-0.261830928618458,0.20169215415335257,0.06264599054334541,0.14152308277181064,0.32199999999999995
rep0732,0.58,0.5845218275511942,alg2,0.15,0.005,0.005,0.13999999999999999,abs_005_005,1000,2000,0.23243632594407043,0.9059819117298715,True,0.673545585785801,0.673545585785801,0.6369001686821623,0.6960998313178377,-0.4044638427380918,0.2098820804120338,0.05919966263567544,0.11634592315012554,0.49800000000000005
rep0733,0.81,0.8126562034084693,alg2,0.15,0.005,0.005,0.13999999999999999,abs_005_005,1000,2000,0.6226108711185196,1.1083416361300247,True,0.48573076501150503,0.37738912888148035,0.8762942097986317,0.9147057902013682,-0.25368333868011206,0.1936358459286565,0.03841158040273651,0.12531918460876862,0.32199999999999995
rep0734,0.55,0.5486243168959926,alg2,0.15,0.005,0.005,0.13999999999999999,abs_005_005,1000,2000,0.13484312482554228,0.6696444092649889,True,0.5348012844394466,0.5348012844394466,0.44015959643633085,0.5028404035636691,-0.30531647161078856,0.16680400570131987,0.06268080712733826,0.1316204773121084,0.3405
rep0735,0.20,0.19850254703185236,alg2,0.15,0.005,0.005,0.13999999999999999,abs_005_005,1000,2000,-0.0017745390353399726,0.5367884288453195,True,0.5385629678806595,0.5367884288453195,0.2746343628427856,0.3323656371572144,-0.27640890187812556,0.20442279168810507,0.057731274314428815,0.12483169356623064,0.356
rep0736,0.63,0.628675093368849,alg2,0.15,0.005,0.005,0.13999999999999999,abs_005_005,1000,2000,0.48572404784068374,1.0258134158620336,True,0.5400893680213499,0.5142759521593163,0.7985112083691187,0.8464887916308813,-0.31278716052843497,0.17932462423115236,0.0479775832617626,0.14461178475958741,0.3474999999999999
rep0737,0.30,0.3010343309546036,alg2,0.15,0.005,0.005,0.13999999999999999,abs_005_005,1000,2000,0.025233294374459925,0.502937140252468,True,0.4777038458780081,0.4777038458780081,0.33280991965510676,0.3931900803448932,-0.30757662528064683,0.10974705990757484,0.060380160689786466,0.1423236851882217,0.27499999999999997
rep0738,0.67,0.672878039474014,alg2,0.15,0.005,0.005,0.13999999999999999,abs_005_005,1000,2000,0.589044153341318,1.0881239365575142,True,0.49907978321619617,0.410955846658682,0.8424787463786972,0.8855212536213027,-0.25343459303737925,0.20260268293621142,0.0430425072426055,0.13503727597359066,0.321
rep0739,0.39,0.39484025614167567,alg2,0.15,0.005,0.005,0.13999999999999999,abs_005_005,1000,2000,0.08832028013855597,0.6894380592986775,True,0.6011177791601215,0.6011177791601215,0.3949542621576793,0.45704573784232067,-0.30663398201912334,0.2323923214563568,0.06209147568464135,0.12952630347548005,0.40950000000000003
rep0740,0.50,0.5019803607519125,alg2,0.15,0.005,0.005,0.13999999999999999,abs_005_005,1000,2000,0.39443261679418157,0.851257655754946,True,0.4568250389607645,0.4568250389607645,0.6129197920252031,0.673080207974797,-0.2184871752310215,0.17817744778014905,0.06016041594959387,0.14416462301117056,0.2525
rep0741,0.71,0.706007734024443,alg2,0.15,0.005,0.005,0.13999999999999999,abs_005_005,1000,2000,0.3893467429809664,0.9238404819402333,True,0.5344937389592669,0.5344937389592669,0.7150477411140992,0.7699522588859009,-0.3257009981331328,0.1538882230543324,0.05490451777180172,0.1395892211874652,0.33999999999999997
rep0742,0.20,0.20412545190772005,alg2,0.15,0.005,0.005,0.13999999999999999,abs_005_005,1000,2000,-0.24860191628831035,0.3564765201165694,True,0.6050784364048798,0.3564765201165694,0.0499671358841478,0.0810328641158522,-0.29856905217245816,0.2754436560007172,0.0310657282317044,0.14201270817317552,0.4319999999999999
rep0743,0.70,0.703056156327592,alg2,0.15,0.005,0.005,0.13999999999999999,abs_005_005,1000,2000,0.41447469601599096,0.9201890453070343,True,0.5057143492910433,0.5057143492910433,0.7072918298018673,0.7627081701981326,-0.29281713378587637,0.15748087510890157,0.05541634039626531,0.139798008894778,0.31049999999999994
rep0744,0.79,0.7913026862136665,alg2,0.15,0.005,0.005,0.13999999999999999,abs_005_005,1000,2000,0.7118646942074958,1.158694877453174,True,0.44683018324567825,0.28813530579250424,1.0,1.0,-0.2881353057925043,0.1586948774531741,0.0,0.13133018324567836,0.3155
rep0745,0.09,0.08797622050160088,alg2,0.15,0.005,0.005,0.13999999999999999,abs_005_005,1000,2000,0.013162353415514028,0.5688155367107397,True,0.5556531832952256,0.5556531832952256,0.3200544743685559,0.37994552563144407,-0.30689212095304186,0.18887001107929557,0.059891051262888184,0.14526213203233734,0.3505000000000001
rep0746,0.52,0.5221816913900238,alg2,0.15,0.005,0.005,0.13999999999999999,abs_005_005,1000,2000,0.1395000990578098,0.717162994945906,True,0.5776628958880962,0.5776628958880962,0.5036855630270782,0.5663144369729218,-0.36418546396926843,0.15084855797298408,0.0626288739458436,0.14353402194225245,0.3715
rep0747,0.48,0.4831577354732387,alg2,0.15,0.005,0.005,0.13999999999999999,abs_005_005,1000,2000,0.38420565588450983,0.8789212155156136,True,0.4947155596311038,0.4947155596311038,0.6246447926746737,0.6843552073253263,-0.24043913679016382,0.19456600819028735,0.05971041465065263,0.12200514498045117,0.313
rep0748,0.80,0.8039755610445151,alg2,0.15,0.005,0.005,0.13999999999999999,abs_005_005,1000,2000,0.47098920829517776,1.0513909564403152,True,0.5804017481451375,0.5290107917048222,0.78169815947531,0.83130184052469,-0.3107089511801322,0.22008911591562522,0.049603681049380066,0.13579806709575737,0.395
rep0749,0.48,0.4849524325382472,alg2,0.15,0.005,0.005,0.13999999999999999,abs_005_005,1000,2000,0.19546596497193414,0.7795795487360566,True,0.5841135837641225,0.5841135837641225,0.509714275584058,0.572285724415942,-0.3142483106121239,0.20729382432011456,0.06257144883188404,0.1365421349322385,0.38499999999999995
rep0750,0.54,0.5415944112692606,alg2,0.15,0.005,0.005,0.13999999999999999,abs_005_005,1000,2000,0.41988006027387687,0.9446661476814169,True,0.5247860874075401,0.5247860874075401,0.6532743329188253,0.7117256670811747,-0.23339427264494844,0.23294048060024225,0.05845133416234938,0.14333475324519074,0.32299999999999995
rep0751,0.11,0.11305284111474975,alg2,0.15,0.005,0.005,0.13999999999999999,abs_005_005,1000,2000,0.021382092323667945,0.5198751922134885,True,0.4984930998898206,0.4984930998898206,0.2868114290827928,0.3451885709172072,-0.26542933675912483,0.17468662129628126,0.05837714183441445,0.13311595805540605,0.30700000000000005
rep0752,0.21,0.20638117578173643,alg2,0.15,0.005,0.005,0.13999999999999999,abs_005_005,1000,2000,-0.05920115744437779,0.49952310043300546,True,0.5587242578773832,0.49952310043300546,0.23004774111409912,0.28495225888590087,-0.2892488985584769,0.2145708415471046,0.05490451777180175,0.12581974010558156,0.37799999999999995
rep0753,0.50,0.5007371849253293,alg2,0.15,0.005,0.005,0.13999999999999999,abs_005_005,1000,2000,0.17606504769517273,0.7662796924941575,True,0.5902146447989848,0.5902146447989848,0.5414403151242497,0.6035596848757503,-0.365375267429077,0.16272000761840716,0.062119369751500564,0.12559527504748408,0.4025
rep0754,0.77,0.7657822681826205,alg2,0.15,0.005,0.005,0.13999999999999999,abs_005_005,1000,2000,0.42028007025498526,0.933326690424968,True,0.5130466201699827,0.5130466201699827,0.6990301737141317,0.7549698262858683,-0.2787501034591464,0.17835686413909974,0.05593965257173661,0.14610696759824615,0.311
rep0755,0.13,0.13228095225451117,alg2,0.15,0.005,0.005,0.13999999999999999,abs_005_005,1000,2000,-0.09442541048611136,0.5237047335041372,True,0.6181301439902485,0.5237047335041372,0.22618852673256828,0.2808114732674317,-0.32061393721867965,0.2428932602367054,0.05462294653486344,0.12900719745538503,0.4345
rep0756,0.57,0.571112422982143,alg2,0.15,0.005,0.005,0.13999999999999999,abs_005_005,1000,2000,0.34941773636721474,0.9099510542400299,True,0.5605333178728151,0.5605333178728151,0.6358780713799941,0.6951219286200059,-0.28646033501277934,0.21482912562002396,0.0592438572400118,0.12428946063280333,0.377
rep0757,0.25,0.24520131457810895,alg2,0.15,0.005,0.005,0.13999999999999999,abs_005_005,1000,2000,-0.08833389389001628,0.4621103672135255,True,0.5504442611035418,0.4621103672135255,0.21847929908416402,0.27252070091583597,-0.3068131929741803,0.18958966629768953,0.05404140183167194,0.14490285927186985,0.3515
rep0758,0.75,0.752406258982651,alg2,0.15,0.005,0.005,0.13999999999999999,abs_005_005,1000,2000,0.5942997046960959,1.1275650178021324,True,0.5332653131060364,0.40570029530390406,0.8746730673980732,0.9133269326019269,-0.2803733627019772,0.21423808520020557,0.03865386520385372,0.14561144790218283,0.349
rep0759,0.07,0.06962115207073712,alg2,0.15,0.005,0.005,0.13999999999999999,abs_005_005,1000,2000,-0.26396414296878634,0.2543575560977632,True,0.5183216990665496,0.2543575560977632,0.040686742345562375,0.06931325765443763,-0.3046508853143487,0.1850442984433256,0.028626515308875257,0.1336951837576742,0.3560000000000001
rep0760,0.59,0.5914516038863458,alg2,0.15,0.005,0.005,0.13999999999999999,abs_005_005,1000,2000,0.18105764240376487,0.7433060294178766,True,0.5622483870141117,0.5622483870141117,0.5152446066437553,0.5777553933562447,-0.3341869642399904,0.1655506360616319,0.06251078671248944,0.12473760030162229,0.375
rep0761,0.96,0.9615407011273777,alg2,0.15,0.005,0.005,0.13999999999999999,abs_005_005,1000,2000,0.6991824304206019,1.1222943567568593,True,0.4231119263362574,0.3008175695793981,1.0,1.0,-0.3008175695793981,0.12229435675685929,0.0,0.14011192633625735,0.28300000000000003
rep0762,0.80,0.8015721210640162,alg2,0.15,0.005,0.005,0.13999999999999999,abs_005_005,1000,2000,0.4861252869788406,0.9519706261398388,True,0.46584533916099824,0.46584533916099824,0.7342248126100182,0.7877751873899819,-0.24809952563117751,0.16419543874985698,0.053550374779963716,0.1192949643810346,0.2929999999999999
rep0763,0.47,0.4704981219093263,alg2,0.15,0.005,0.005,0.13999999999999999,abs_005_005,1000,2000,0.130830689367123,0.6840505569564008,True,0.5532198675892779,0.5532198675892779,0.4351790968905382,0.49782090310946187,-0.3043484075234152,0.18622965384693896,0.06264180621892368,0.12257806137035421,0.36799999999999994
rep0764,0.43,0.4303563611804176,alg2,0.15,0.005,0.005,0.13999999999999999,abs_005_005,1000,2000,0.21878069138856232,0.7757763832806344,True,0.556995691892072,0.556995691892072,0.49715959643633084,0.559840403563669,-0.2783789050477685,0.21593597971696532,0.0626808071273382,0.12931488476473385,0.365
rep0765,0.44,0.43973229587711393,alg2,0.15,0.005,0.005,0.13999999999999999,abs_005_005,1000,2000,0.07033110758540101,0.5697721732287,True,0.499441065643299,0.499441065643299,0.3391966245287671,0.3998033754712329,-0.2688655169433661,0.1699687977574671,0.060606750942465815,0.13283431470083323,0.30599999999999994
rep0766,0.38,0.37621017495843084,alg2,0.15,0.005,0.005,0.13999999999999999,abs_005_005,1000,2000,0.41664188285141135,1.0041547634617225,False,0.5875128806103112,0.5833581171485887,0.6861439709253001,0.7428560290746999,-0.26950208807388876,0.26129873438702245,0.056712058149399835,0.1423008224609113,0.3884999999999999
rep0767,0.72,0.7246108330751603,alg2,0.15,0.005,0.005,0.13999999999999999,abs_005_005,1000,2000,0.334586037046798,1.016707607860218,True,0.68212157081342,0.665413962953202,0.6804825392675224,0.7375174607324775,-0.34589650222072443,0.2791901471277406,0.057034921464955035,0.13708664934846504,0.488
rep0768,0.58,0.5782724073312556,alg2,0.15,0.005,0.005,0.13999999999999999,abs_005_005,1000,2000,0.19199990426923902,0.7744156571693658,True,0.5824157529001268,0.5824157529001268,0.48011686368725487,0.5428831363127451,-0.28811695941801585,0.23153252085662065,0.06276627262549023,0.14364948027463653,0.376
rep0769,0.66,0.6626943303081723,alg2,0.15,0.005,0.005,0.13999999999999999,abs_005_005,1000,2000,0.529388509190932,1.0493974019344037,True,0.5200088927434716,0.47061149080906794,0.8069443056851836,0.8540556943148164,-0.2775557964942516,0.1953417076195872,0.04711138862963282,0.11739750411383876,0.35550000000000004
rep0770,0.37,0.37433490040573675,alg2,0.15,0.005,0.005,0.13999999999999999,abs_005_005,1000,2000,0.08791005607887836,0.7208451256035053,True,0.632935069524627,0.632935069524627,0.47310983093197356,0.5358901690680263,-0.3851997748530952,0.18495495653547905,0.06278033813605277,0.1351547313885742,0.435
rep0771,0.50,0.5010909538628612,alg2,0.15,0.005,0.005,0.13999999999999999,abs_005_005,1000,2000,0.2453204884714566,0.7485607361219421,True,0.5032402476504855,0.5032402476504855,0.5016770047283273,0.5643229952716727,-0.2563565162568707,0.1842377408502693,0.06264599054334541,0.13759425710714013,0.30299999999999994
rep0772,0.20,0.1995563133268665,alg2,0.15,0.005,0.005,0.13999999999999999,abs_005_005,1000,2000,-0.006147125667292502,0.47670396675519977,True,0.48285109242249225,0.47670396675519977,0.24164323150227981,0.29735676849772025,-0.24779035716957232,0.17934719825747952,0.05571353699544043,0.13413755542705186,0.293
rep0773,0.39,0.3893484360679591,alg2,0.15,0.005,0.005,0.13999999999999999,abs_005_005,1000,2000,0.02925402560778695,0.6552740623393778,True,0.6260200367315909,0.6260200367315909,0.37467432474331047,0.4363256752566896,-0.3454202991355235,0.2189483870826882,0.06165135051337911,0.11736868621821173,0.44700000000000006
rep0774,0.13,0.12593374803146856,alg2,0.15,0.005,0.005,0.13999999999999999,abs_005_005,1000,2000,-0.16068585371640687,0.3858915409236013,True,0.5465773946400081,0.3858915409236013,0.1112144968283938,0.15378550317160622,-0.27190035054480066,0.23210603775199506,0.042571006343212425,0.14500638829679574,0.35900000000000004
rep0775,0.41,0.41085886710447456,alg2,0.15,0.005,0.005,0.13999999999999999,abs_005_005,1000,2000,0.0708501135160719,0.6055144173164297,True,0.5346643038003578,0.5346643038003578,0.37467432474331047,0.4363256752566896,-0.30382421122723857,0.16918874205974016,0.06165135051337911,0.14101295328697877,0.33199999999999996
rep0776,0.46,0.45781073823209023,alg2,0.15,0.005,0.005,0.13999999999999999,abs_005_005,1000,2000,0.0678301367696943,0.6405107190947632,True,0.5726805823250689,0.5726805823250689,0.3761563482158663,0.43784365178413365,-0.308326211446172,0.20266706731062956,0.06168730356826735,0.14449327875680157,0.3665
rep0777,0.47,0.4676893945991415,alg2,0.15,0.005,0.005,0.13999999999999999,abs_005_005,1000,2000,0.24713858728106064,0.7663098814886148,True,0.5191712942075541,0.5191712942075541,0.5374045479560734,0.5995954520439266,-0.29026596067501276,0.16671442944468814,0.062190904087853216,0.12098039011970096,0.33599999999999997
rep0778,0.93,0.9334488837209958,alg2,0.15,0.005,0.005,0.13999999999999999,abs_005_005,1000,2000,0.7617627495883553,1.1698251388164311,True,0.4080623892280758,0.23823725041164467,1.0,1.0,-0.2382372504116447,0.16982513881643124,0.0,0.1290623892280759,0.279
rep0779,0.42,0.417137055094038,alg2,0.15,0.005,0.005,0.13999999999999999,abs_005_005,1000,2000,0.1495918928731682,0.6922602722352686,True,0.5426683793621004,0.5426683793621004,0.47160912460390314,0.5343908753960969,-0.32201723173073493,0.15786939683917178,0.06278175079219372,0.13488662856990674,0.345
rep0780,0.38,0.381724145742122,alg2,0.15,0.005,0.005,0.13999999999999999,abs_005_005,1000,2000,0.01009630863952743,0.5745464677042507,True,0.5644501590647233,0.5644501590647233,0.3249575550547195,0.38504244494528045,-0.3148612464151921,0.1895040227589702,0.06008488989056093,0.12186526917416218,0.38250000000000006
rep0781,0.25,0.24904971690384717,alg2,0.15,0.005,0.005,0.13999999999999999,abs_005_005,1000,2000,-0.055788314450513965,0.45494499905519714,True,0.510733313505711,0.45494499905519714,0.2093409959336705,0.26265900406632947,-0.26512931038418447,0.19228599498886767,0.05331800813265897,0.13591530537305213,0.3215
rep0782,0.50,0.5035278430127574,alg2,0.15,0.005,0.005,0.13999999999999999,abs_005_005,1000,2000,0.10751775715169956,0.564541152005946,True,0.4570233948542465,0.4570233948542465,0.3490338186313857,0.4099661813686143,-0.24151606147968616,0.15457497063733172,0.060932362737228574,0.13009103211701784,0.26600000000000007
rep0783,0.94,0.9360989131889664,alg2,0.15,0.005,0.005,0.13999999999999999,abs_005_005,1000,2000,0.5446191471437339,1.0722797365784154,True,0.5276605894346814,0.45538085285626606,0.8414122727884706,0.8845877272115293,-0.2967931256447367,0.18769200936688604,0.0431754544230587,0.1354851350116228,0.3489999999999999
rep0784,0.61,0.6074696407734866,alg2,0.15,0.005,0.005,0.13999999999999999,abs_005_005,1000,2000,0.2539972252493704,0.7588605001457414,True,0.504863274896371,0.504863274896371,0.5308508318494415,0.5931491681505586,-0.2768536066000711,0.16571133199518268,0.06229833630111714,0.14356493859525377,0.299
rep0785,0.36,0.3571470202258215,alg2,0.15,0.005,0.005,0.13999999999999999,abs_005_005,1000,2000,-0.04064277092847485,0.4646754734168983,True,0.5053182443453732,0.4646754734168983,0.21992383170393026,0.27407616829606973,-0.2605666026324051,0.19059930512082854,0.05415233659213947,0.13266590775323361,0.3185
rep0786,0.37,0.37153525023005257,alg2,0.15,0.005,0.005,0.13999999999999999,abs_005_005,1000,2000,0.10608210144895519,0.6338849116918683,True,0.5278028102429131,0.5278028102429131,0.3880232166876645,0.4499767833123355,-0.2819411152387093,0.18390812837953283,0.061953566624671,0.14234924361824208,0.3235
rep0787,0.24,0.24331452186376437,alg2,0.15,0.005,0.005,0.13999999999999999,abs_005_005,1000,2000,0.05174623901805714,0.5650799189533449,True,0.5133336799352877,0.5133336799352877,0.3643085451693148,0.4256914548306852,-0.3125623061512577,0.13938846412265965,0.06138290966137039,0.14045077027391734,0.3115
rep0788,0.55,0.5512601715860497,alg2,0.15,0.005,0.005,0.13999999999999999,abs_005_005,1000,2000,0.429596178064344,0.9475288761660412,True,0.5179326981016972,0.5179326981016972,0.7155651740909725,0.7704348259090275,-0.2859689960266285,0.1770940502570137,0.05486965181805492,0.11856304628364217,0.34450000000000003
rep0789,0.24,0.2383467617095517,alg2,0.15,0.005,0.005,0.13999999999999999,abs_005_005,1000,2000,-0.04031677597728539,0.5087645107157511,True,0.5490812866930366,0.5087645107157511,0.2687982822410809,0.3262017177589191,-0.30911505821836627,0.18256279295683203,0.05740343551783822,0.13767785117519832,0.354
rep0790,0.39,0.38816487634462776,alg2,0.15,0.005,0.005,0.13999999999999999,abs_005_005,1000,2000,0.12885103161618988,0.7348870151213911,True,0.6060359835052012,0.6060359835052012,0.46610895194834767,0.5288910480516523,-0.3372579203321578,0.20599596706973872,0.06278209610330465,0.13975388740189648,0.4035
rep0791,0.53,0.5325261843368188,alg2,0.15,0.005,0.005,0.13999999999999999,abs_005_005,1000,2000,0.2617681678995523,0.7917768706712908,True,0.5300087027717384,0.5300087027717384,0.5288353975019042,0.5911646024980959,-0.2670672296023519,0.2006122681731949,0.062329204996191656,0.1366794977755469,0.33099999999999996
rep0792,0.35,0.34766868497572634,alg2,0.15,0.005,0.005,0.13999999999999999,abs_005_005,1000,2000,-0.08062292839833465,0.39848550443424435,True,0.479108432832579,0.39848550443424435,0.16441996090413943,0.21358003909586057,-0.2450428893024741,0.18490546533838376,0.049160078191721135,0.10094835464085788,0.32899999999999996
rep0793,0.37,0.36630566512072477,alg2,0.15,0.005,0.005,0.13999999999999999,abs_005_005,1000,2000,-0.12021581365309147,0.35914441447299655,False,0.47936022812608803,0.35914441447299655,0.17202921899721224,0.22197078100278778,-0.2922450326503037,0.13717363347020878,0.049941562005575535,0.14641866612051252,0.283
rep0794,0.59,0.586637601892118,alg2,0.15,0.005,0.005,0.13999999999999999,abs_005_005,1000,2000,0.2786557872551903,0.8308698362997031,True,0.5522140490445129,0.5522140490445129,0.576335784324274,0.637664215675726,-0.2976799970690837,0.19320562062397711,0.06132843135145194,0.13588561769306085,0.355
rep0795,0.24,0.2429206298711245,alg2,0.15,0.005,0.005,0.13999999999999999,abs_005_005,1000,2000,0.07274408809018518,0.6051611671595094,True,0.5324170790693242,0.5324170790693242,0.3102591986333589,0.36974080136664117,-0.2375151105431737,0.23542036579286826,0.05948160273328229,0.1314354763360419,0.3415
rep0796,0.56,0.561300008922971,alg2,0.15,0.005,0.005,0.13999999999999999,abs_005_005,1000,2000,0.3505523484680563,0.9568846524323794,True,0.6063323039643231,0.6063323039643231,0.6640414344698103,0.7219585655301896,-0.31348908600175407,0.23492608690218986,0.05791713106037921,0.12191517290394394,0.4265
rep0797,0.51,0.5056180194657826,alg2,0.15,0.005,0.005,0.13999999999999999,abs_005_005,1000,2000,0.4010085116523996,0.9123172016759156,True,0.511308690023516,0.511308690023516,0.6799681161777961,0.737031883822204,-0.2789596045253965,0.17528531785371163,0.0570637676444079,0.132244922379108,0.32200000000000006
rep0798,0.69,0.6882904474874456,alg2,0.15,0.005,0.005,0.13999999999999999,abs_005_005,1000,2000,0.571597223796426,1.114159920824636,True,0.54256269702821,0.42840277620357403,0.8617457327379774,0.9022542672620226,-0.2901485089415514,0.21190565356261332,0.04050853452404524,0.14355416250416475,0.35850000000000004
rep0799,0.51,0.5088230243845884,alg2,0.15,0.005,0.005,0.13999999999999999,abs_005_005,1000,2000,0.28194048571952024,0.9131521448928137,True,0.6312116591732935,0.6312116591732935,0.6404786909421372,0.6995213090578629,-0.3585382052226169,0.2136308358349508,0.05904261811572575,0.14116904105756772,0.431
rep0800,0.25,0.24656049201872093,alg2,0.15,0.005,0.005,0.13999999999999999,abs_005_005,1000,2000,0.054282438504596436,0.5481977027488419,True,0.4939152642442455,0.4939152642442455,0.29266513979650605,0.35133486020349397,-0.2383827012919096,0.19686284254534794,0.058669720406987924,0.13824554383725757,0.297
rep0801,0.23,0.23351130930800437,alg2,0.15,0.005,0.005,0.13999999999999999,abs_005_005,1000,2000,0.18063591617769648,0.7553862961703304,True,0.5747503799926339,0.5747503799926339,0.4876312323607329,0.5503687676392671,-0.30699531618303644,0.20501752853106325,0.0627375352785342,0.13051284471409969,0.3815
rep0802,0.62,0.6217755239909735,alg2,0.15,0.005,0.005,0.13999999999999999,abs_005_005,1000,2000,0.47163075944371585,1.0227245270623495,True,0.5510937676186336,0.5283692405562841,0.7451395810956959,0.797860418904304,-0.27350882165198004,0.22486410815804553,0.052720837808608145,0.14037292981002558,0.358
rep0803,0.22,0.21751791059021222,alg2,0.15,0.005,0.005,0.13999999999999999,abs_005_005,1000,2000,0.005850442950994905,0.516988223895262,True,0.5111377809442671,0.5111377809442671,0.24890362612895167,0.3050963738710484,-0.24305318317795677,0.2118918500242136,0.056192747742096705,0.13794503320217044,0.31699999999999995
rep0804,0.77,0.7675171046933926,alg2,0.15,0.005,0.005,0.13999999999999999,abs_005_005,1000,2000,0.35253515217726294,0.9471936787619415,True,0.5946585265846785,0.5946585265846785,0.6702019503720724,0.7277980496279275,-0.3176667981948095,0.219395629134014,0.05759609925585507,0.1355624273288234,0.4015000000000001
rep0805,0.29,0.29343339200596075,alg2,0.15,0.005,0.005,0.13999999999999999,abs_005_005,1000,2000,-0.05254029388845313,0.4575547448481786,True,0.5100950387366318,0.4575547448481786,0.21078267514156016,0.26421732485843985,-0.2633229690300133,0.19333741998973877,0.053434649716879695,0.11366038901975206,0.34299999999999997
rep0806,0.21,0.207044071143073,alg2,0.15,0.005,0.005,0.13999999999999999,abs_005_005,1000,2000,0.015597447136018183,0.5181761344944251,True,0.5025786873584069,0.5025786873584069,0.27609429526853246,0.3339057047314675,-0.2604968481325143,0.18427042976295754,0.05781140946293506,0.14676727789547184,0.298
rep0807,0.54,0.5448211469415667,alg2,0.15,0.005,0.005,0.13999999999999999,abs_005_005,1000,2000,0.29585513174997446,0.7593189457299764,True,0.4634638139800019,0.4634638139800019,0.5834353745586324,0.6445646254413676,-0.2875802428086579,0.11475432028860873,0.06112925088273524,0.1283345630972666,0.274
rep0808,0.24,0.23795078312197512,alg2,0.15,0.005,0.005,0.13999999999999999,abs_005_005,1000,2000,-0.06061481440573391,0.4336215384364125,True,0.4942363528421464,0.4336215384364125,0.1968661026423435,0.2491338973576565,-0.2574809170480774,0.18448764107875598,0.05226779471531301,0.1449685581268334,0.297
rep0809,0.33,0.33023207761568657,alg2,0.15,0.005,0.005,0.13999999999999999,abs_005_005,1000,2000,-0.016830755611804693,0.6594913138804934,True,0.6763220694922981,0.6594913138804934,0.3318278773294879,0.3921721226705121,-0.34865863294129257,0.2673191912099814,0.06034424534102423,0.13247782415127396,0.48349999999999993
rep0810,0.62,0.6200866198870967,alg2,0.15,0.005,0.005,0.13999999999999999,abs_005_005,1000,2000,0.38203417991373917,0.9491401291986049,True,0.5671059492848658,0.5671059492848658,0.6527620453970107,0.7112379546029894,-0.2707278654832715,0.23790217459561547,0.05847590920597878,0.13063004007888707,0.37799999999999995
rep0811,0.73,0.7253801847373942,alg2,0.15,0.005,0.005,0.13999999999999999,abs_005_005,1000,2000,0.39680612260549414,0.9086627725656916,True,0.5118566499601975,0.5118566499601975,0.6985142007314533,0.7544857992685468,-0.3017080781259592,0.1541769732971449,0.05597159853709344,0.1403850514231041,0.3155
rep0812,0.62,0.6224385819220218,alg2,0.15,0.005,0.005,0.13999999999999999,abs_005_005,1000,2000,0.3211945379035849,0.8656708132526112,True,0.5444762753490263,0.5444762753490263,0.6251550100035186,0.6848449899964815,-0.3039604720999337,0.18082582325612978,0.05968997999296288,0.13128629535606356,0.3534999999999999
rep0813,0.64,0.6422593872188701,alg2,0.15,0.005,0.005,0.13999999999999999,abs_005_005,1000,2000,0.30710687292569655,0.8143129078138164,True,0.5072060348881198,0.5072060348881198,0.5834353745586324,0.6445646254413676,-0.2763285016329358,0.16974828237244874,0.06112925088273524,0.13057678400538453,0.3155
rep0814,0.56,0.5588847312315257,alg2,0.15,0.005,0.005,0.13999999999999999,abs_005_005,1000,2000,0.3188229127283638,0.8286230794043141,True,0.5098001666759503,0.5098001666759503,0.6052832477411432,0.6657167522588567,-0.28646033501277934,0.16290632714545733,0.060433504517713565,0.1103666621582366,0.3390000000000001
rep0815,0.49,0.4850539827643685,alg2,0.15,0.005,0.005,0.13999999999999999,abs_005_005,1000,2000,0.16377550779937644,0.7087665452543115,True,0.544991037454935,0.544991037454935,0.49114035949322027,0.5538596405067796,-0.32736485169384383,0.15490690474753188,0.06271928101355934,0.12377175644137578,0.35849999999999993
rep0816,0.27,0.2678401057425488,alg2,0.15,0.005,0.005,0.13999999999999999,abs_005_005,1000,2000,-0.02645673758727793,0.48462679267877184,True,0.5110835302660498,0.48462679267877184,0.20982150456676293,0.26317849543323707,-0.23627824215404086,0.22144829724553478,0.053356990866474135,0.1367265393995757,0.32099999999999995
rep0817,0.51,0.5139026739428948,alg2,0.15,0.005,0.005,0.13999999999999999,abs_005_005,1000,2000,0.3566967939854554,0.8421645847183861,True,0.48546779073293067,0.48546779073293067,0.6175055648931309,0.677494435106869,-0.2608087709076755,0.1646701496115171,0.05998887021373811,0.13597892051919253,0.2895000000000001
rep0818,0.02,0.01784520507933445,alg2,0.15,0.005,0.005,0.13999999999999999,abs_005_005,1000,2000,-0.25297150061455687,0.2997900523518279,True,0.5527615529663847,0.2997900523518279,0.09035587965681084,0.12964412034318917,-0.3433273802713677,0.1701459320086387,0.03928824068637833,0.1149733122800064,0.39849999999999997
rep0819,0.59,0.5855831225425897,alg2,0.15,0.005,0.005,0.13999999999999999,abs_005_005,1000,2000,0.5108801257088472,1.0251173945445793,True,0.5142372688357321,0.4891198742911528,0.7990377391838897,0.8469622608161103,-0.28815761347504243,0.1781551337284691,0.04792452163222061,0.1378127472035116,0.32849999999999996
rep0820,0.31,0.31459734189247923,alg2,0.15,0.005,0.005,0.13999999999999999,abs_005_005,1000,2000,-0.2925121902843144,0.32735314630906315,True,0.6198653365933775,0.32735314630906315,0.0820817146014608,0.11991828539853921,-0.3745939048857752,0.20743486091052393,0.03783657079707842,0.11952876579629912,0.4625
rep0821,0.28,0.2810728255765275,alg2,0.15,0.005,0.005,0.13999999999999999,abs_005_005,1000,2000,-0.007655385331289288,0.641588945820153,True,0.6492443311514423,0.641588945820153,0.3736864748218329,0.4353135251781671,-0.3813418601531222,0.20627542064198587,0.0616270503563342,0.1436172807951081,0.444
rep0822,0.72,0.7209132512090639,alg2,0.15,0.005,0.005,0.13999999999999999,abs_005_005,1000,2000,0.6606055804829839,1.1638036365411606,True,0.5031980560581767,0.3393944195170161,0.9351879088923741,0.9628120911076258,-0.27458232840939023,0.20099154543353476,0.027624182215251647,0.14357387384292497,0.332
rep0823,0.56,0.5553223135054838,alg2,0.15,0.005,0.005,0.13999999999999999,abs_005_005,1000,2000,0.27891566273442786,0.8440544904435857,True,0.5651388277091578,0.5651388277091578,0.6180152746775468,0.6779847253224532,-0.33909961194311894,0.16606976512113247,0.05996945064490644,0.1356693770642513,0.36950000000000005
rep0824,0.34,0.3410288734497897,alg2,0.15,0.005,0.005,0.13999999999999999,abs_005_005,1000,2000,0.14271476504924827,0.6924606746515667,True,0.5497459096023184,0.5497459096023184,0.3786270489630553,0.4403729510369446,-0.23591228391380706,0.2520877236146221,0.0617459020738893,0.13700000752842917,0.35100000000000003
rep0825,0.67,0.6673711637162791,alg2,0.15,0.005,0.005,0.13999999999999999,abs_005_005,1000,2000,0.3510638291922171,0.9071709020878483,True,0.5561070728956312,0.5561070728956312,0.6256652638607801,0.6853347361392198,-0.274601434668563,0.22183616594862854,0.05966947227843966,0.11143760061719155,0.385
rep0826,0.62,0.6172719856442066,alg2,0.15,0.005,0.005,0.13999999999999999,abs_005_005,1000,2000,0.19342228990089677,0.8226915915488842,True,0.6292693016479873,0.6292693016479873,0.5570985747100299,0.61890142528997,-0.3636762848091331,0.20379016625891416,0.06180285057994017,0.13696645106804728,0.4305
rep0827,0.81,0.8131918762099404,alg2,0.15,0.005,0.005,0.13999999999999999,abs_005_005,1000,2000,0.6607500275633851,1.138414473097907,True,0.47766444553452203,0.3392499724366149,0.9167486585227541,0.9482513414772459,-0.255998630959369,0.19016313162066134,0.03150268295449177,0.13466176258003043,0.3114999999999999
rep0828,0.37,0.3652481836526102,alg2,0.15,0.005,0.005,0.13999999999999999,abs_005_005,1000,2000,0.026481054486065025,0.5852006344810866,True,0.5587195799950215,0.5587195799950215,0.32937339075353705,0.3896266092464629,-0.30289233626747203,0.19557402523462372,0.060253218492925864,0.10596636150209582,0.39249999999999996
rep0829,0.70,0.7003248799003606,alg2,0.15,0.005,0.005,0.13999999999999999,abs_005_005,1000,2000,0.45031828200668195,0.9685682594886772,True,0.5182499774819953,0.5182499774819953,0.727479299084164,0.7815207009158359,-0.27716101707748203,0.1870475585728413,0.05404140183167194,0.1382085756503234,0.32599999999999996
rep0830,0.49,0.49109549559105764,alg2,0.15,0.005,0.005,0.13999999999999999,abs_005_005,1000,2000,0.19611447940051047,0.6192487060538887,True,0.42313422665337824,0.42313422665337824,0.45062890780126924,0.5133710921987307,-0.2545144284007588,0.10587761385515806,0.06274218439746143,0.1258920422559168,0.23450000000000001
rep0831,0.50,0.4977091255401117,alg2,0.15,0.005,0.005,0.13999999999999999,abs_005_005,1000,2000,0.1446809755713354,0.7182660427246643,True,0.5735850671533289,0.5735850671533289,0.4526246360870454,0.5153753639129546,-0.30794366051571,0.20289067881170975,0.06275072782590918,0.13933433932741973,0.3715
rep0832,0.64,0.6383972746834774,alg2,0.15,0.005,0.005,0.13999999999999999,abs_005_005,1000,2000,0.3710234205946428,0.9114728976052942,True,0.5404494770106514,0.5404494770106514,0.6625022089229075,0.7204977910770926,-0.2914787883282646,0.19097510652820165,0.0579955821541851,0.1399538948564663,0.34249999999999997
rep0833,0.29,0.28572994509888355,alg2,0.15,0.005,0.005,0.13999999999999999,abs_005_005,1000,2000,0.12266259777976046,0.6772915404522653,True,0.5546289426725048,0.5546289426725048,0.40585874175301995,0.46814125824698005,-0.2831961439732595,0.20915028220528514,0.062282516493960105,0.13884642617854465,0.3535
rep0834,0.09,0.08546723092106184,alg2,0.15,0.005,0.005,0.13999999999999999,abs_005_005,1000,2000,-0.1568472570829991,0.3898434870851994,True,0.5466907441681985,0.3898434870851994,0.13462998370932114,0.18037001629067886,-0.29147724079232024,0.20947347079452053,0.045740032581357726,0.10895071158684078,0.392
rep0835,0.45,0.44887993716439767,alg2,0.15,0.005,0.005,0.13999999999999999,abs_005_005,1000,2000,0.16850348793994657,0.6959632995154053,True,0.5274598115754587,0.5274598115754587,0.4421526798362553,0.5048473201637447,-0.2736491918963087,0.19111597935166053,0.06269464032748939,0.13976517124796917,0.32500000000000007
rep0836,0.89,0.8878425886851584,alg2,0.15,0.005,0.005,0.13999999999999999,abs_005_005,1000,2000,0.6212197839324465,1.1886794397354172,True,0.5674596558029708,0.3787802160675535,0.9385791404025361,0.9654208595974638,-0.31735935647008967,0.22325858013795336,0.026841719194927727,0.139617936608043,0.401
rep0837,0.64,0.6430680121422878,alg2,0.15,0.005,0.005,0.13999999999999999,abs_005_005,1000,2000,0.40705750382470623,0.975939532701447,True,0.5688820288767407,0.5688820288767407,0.7031595616748353,0.7588404383251647,-0.29610205785012905,0.21709909437628228,0.05568087665032939,0.14620115222641134,0.36699999999999994
rep0838,0.76,0.7585345229463266,alg2,0.15,0.005,0.005,0.13999999999999999,abs_005_005,1000,2000,0.4640109260089457,0.9442375522769979,True,0.4802266262680522,0.4802266262680522,0.7047088225137532,0.7602911774862469,-0.2406978965048075,0.1839463747907511,0.05558235497249364,0.14314427129555857,0.28150000000000003
rep0839,0.30,0.299955317096841,alg2,0.15,0.005,0.005,0.13999999999999999,abs_005_005,1000,2000,-0.12494165010680963,0.4443101816573622,True,0.5692518317641718,0.4443101816573622,0.20261930879868628,0.25538069120131374,-0.3275609589054959,0.18892949045604845,0.052761382402627455,0.13699044936154425,0.37950000000000006
rep0840,0.48,0.4762535562840754,alg2,0.15,0.005,0.005,0.13999999999999999,abs_005_005,1000,2000,0.31373053873037055,0.9177777807812313,True,0.6040472420508607,0.6040472420508607,0.6466176117415047,0.7053823882584954,-0.3328870730111341,0.21239539252273593,0.05876477651699075,0.13578246553387008,0.4095
rep0841,0.29,0.29348760442428756,alg2,0.15,0.005,0.005,0.13999999999999999,abs_005_005,1000,2000,0.07407618271725996,0.635302686989234,True,0.561226504271974,0.561226504271974,0.3534650503371997,0.4145349496628003,-0.27938886761993975,0.2207677373264337,0.061069899325600585,0.13465660494637344,0.36550000000000005
rep0842,0.26,0.2600372661782315,alg2,0.15,0.005,0.005,0.13999999999999999,abs_005_005,1000,2000,-0.03948717744442662,0.46617400671448583,True,0.5056611841589125,0.46617400671448583,0.21703520946190338,0.2709647905380966,-0.25652238690633,0.19520921617638926,0.053929581076193195,0.1292316030827193,0.32249999999999995
rep0843,0.90,0.9032932434984263,alg2,0.15,0.005,0.005,0.13999999999999999,abs_005_005,1000,2000,0.6944759385072922,1.2362463643200972,True,0.541770425812805,0.30552406149270783,1.0,1.0,-0.30552406149270783,0.23624636432009713,0.0,0.1387704258128049,0.4030000000000001
rep0844,0.27,0.26798360751529504,alg2,0.15,0.005,0.005,0.13999999999999999,abs_005_005,1000,2000,-0.1492195528119219,0.44794498891217877,True,0.5971645417241007,0.44794498891217877,0.16204546344268006,0.21095453655731994,-0.31126501625460196,0.23699045235485883,0.04890907311463988,0.1282554686094607,0.42000000000000004
rep0845,0.50,0.503308802837567,alg2,0.15,0.005,0.005,0.13999999999999999,abs_005_005,1000,2000,0.22614118365186958,0.7187396350106652,True,0.4925984513587956,0.4925984513587956,0.4891349551560032,0.5518650448439967,-0.2629937715041336,0.1668745901666685,0.06273008968799348,0.14436836167080208,0.28550000000000003
rep0846,0.61,0.6108272963044864,alg2,0.15,0.005,0.005,0.13999999999999999,abs_005_005,1000,2000,0.30641957606119236,0.8123686070534276,True,0.5059490309922352,0.5059490309922352,0.5464879417487185,0.6085120582512815,-0.24006836568752615,0.20385654880214613,0.06202411650256301,0.1264249144896723,0.3175
rep0847,0.31,0.3050700060207112,alg2,0.15,0.005,0.005,0.13999999999999999,abs_005_005,1000,2000,0.10057839893699344,0.6253011535234547,True,0.5247227545864612,0.5247227545864612,0.34411349101457617,0.40488650898542383,-0.24353509207758273,0.2204146445380309,0.060773017970847665,0.13594973661561366,0.32799999999999996
rep0848,0.38,0.38080926678722893,alg2,0.15,0.005,0.005,0.13999999999999999,abs_005_005,1000,2000,0.15865991663108048,0.7286661057323987,True,0.5700061891013182,0.5700061891013182,0.4751112122416882,0.5378887877583117,-0.3164512956106077,0.1907773179740869,0.06277757551662355,0.14522861358469463,0.362
rep0849,0.61,0.6147374912980764,alg2,0.15,0.005,0.005,0.13999999999999999,abs_005_005,1000,2000,0.4726425855970958,0.9861789395432901,True,0.5135363539461942,0.5135363539461942,0.7171177555385134,0.7718822444614867,-0.24447516994141763,0.21429669508180343,0.05476448892297325,0.13477186502322114,0.32399999999999995
rep0850,0.51,0.5064586149038528,alg2,0.15,0.005,0.005,0.13999999999999999,abs_005_005,1000,2000,0.35349096621694237,0.8101473365909742,True,0.4566563703740318,0.4566563703740318,0.5672174312101228,0.6287825687898771,-0.21372646499318043,0.18136476780109706,0.06156513757975435,0.12459123279427753,0.27049999999999996
rep0851,0.81,0.8104603233100676,alg2,0.15,0.005,0.005,0.13999999999999999,abs_005_005,1000,2000,0.6490707601109178,1.1573721569382152,True,0.5083013968272974,0.3509292398890822,0.9156409212560109,0.9473590787439891,-0.2665701611450931,0.21001307819422615,0.03171815748797813,0.1420832393393192,0.3345
rep0852,0.29,0.2903692516157944,alg2,0.15,0.005,0.005,0.13999999999999999,abs_005_005,1000,2000,0.04248660463970766,0.6361093345192563,True,0.5936227298795487,0.5936227298795487,0.3347744275378668,0.3952255724621332,-0.29228782289815913,0.24088376205712309,0.0604511449242664,0.14417158495528232,0.38899999999999996
rep0853,0.43,0.4308078281296323,alg2,0.15,0.005,0.005,0.13999999999999999,abs_005_005,1000,2000,0.22558951281780915,0.7195650991899468,True,0.4939755863721377,0.4939755863721377,0.5152446066437553,0.5777553933562447,-0.2896550938259461,0.14180970583370212,0.06251078671248944,0.12146479965964824,0.31
rep0854,0.69,0.6936935450233443,alg2,0.15,0.005,0.005,0.13999999999999999,abs_005_005,1000,2000,0.42682265759632954,0.9431933967707586,True,0.5163707391744291,0.5163707391744291,0.749824432274652,0.802175567725348,-0.3230017746783225,0.14101782904541066,0.05235113545069603,0.13201960372373306,0.3320000000000001
rep0855,0.22,0.21512527880424012,alg2,0.15,0.005,0.005,0.13999999999999999,abs_005_005,1000,2000,-0.020663856735638253,0.5377700946890125,True,0.5584339514246508,0.5377700946890125,0.2887620453970106,0.3472379546029894,-0.30942590213264887,0.19053214008602304,0.05847590920597878,0.14595804221867187,0.35400000000000004
rep0856,0.60,0.5951423315513312,alg2,0.15,0.005,0.005,0.13999999999999999,abs_005_005,1000,2000,0.2554144006843331,0.7701288984951307,True,0.5147144978107976,0.5147144978107976,0.5202755194488646,0.5827244805511353,-0.26486111876453156,0.18740441794399526,0.06244896110227072,0.1222655367085268,0.33
rep0857,0.66,0.6551063440972089,alg2,0.15,0.005,0.005,0.13999999999999999,abs_005_005,1000,2000,0.48770185925085985,0.9714246166192587,True,0.48372275736839887,0.48372275736839887,0.7633834305240803,0.8146165694759198,-0.27568157127322046,0.15680804714333896,0.05123313895183945,0.12548961841655937,0.30700000000000005
rep0858,0.71,0.7119962362250923,alg2,0.15,0.005,0.005,0.13999999999999999,abs_005_005,1000,2000,0.47955343347533885,1.0264644971297718,True,0.546911063654433,0.5204465665246611,0.7869449298331277,0.8360550701668723,-0.30739149635778884,0.19040942696289964,0.04911014033374461,0.13730092332068855,0.36049999999999993
rep0859,0.42,0.41695032965931245,alg2,0.15,0.005,0.005,0.13999999999999999,abs_005_005,1000,2000,0.1606564162282913,0.6358731630590574,True,0.4752167468307661,0.4752167468307661,0.44514325056756804,0.507856749432432,-0.28448683433927674,0.1280164136266254,0.06271349886486394,0.13600324796590213,0.2765
rep0860,0.31,0.3112715807723814,alg2,0.15,0.005,0.005,0.13999999999999999,abs_005_005,1000,2000,0.001074009123789521,0.5126118044459338,True,0.5115377953221443,0.5115377953221443,0.30390016868216235,0.3630998313178377,-0.30282615955837283,0.14951197312809617,0.05919966263567533,0.14333813268646894,0.30900000000000005
rep0861,0.57,0.5718038311434078,alg2,0.15,0.005,0.005,0.13999999999999999,abs_005_005,1000,2000,0.255543291356543,0.7601340975936708,True,0.5045908062371278,0.5045908062371278,0.5409357309486759,0.603064269051324,-0.28539243959213284,0.1570698285423467,0.06212853810264818,0.12996226813447953,0.3125
rep0862,0.59,0.593903704021643,alg2,0.15,0.005,0.005,0.13999999999999999,abs_005_005,1000,2000,0.24404088744913793,0.7628219809948387,True,0.5187810935457007,0.5187810935457007,0.5217854148552344,0.5842145851447657,-0.2777445274060965,0.178607395850073,0.06242917028953121,0.13535192325616952,0.32099999999999995
rep0863,0.22,0.2211255706079462,alg2,0.15,0.005,0.005,0.13999999999999999,abs_005_005,1000,2000,-0.045497065802534764,0.45852810349127404,True,0.5040251692938088,0.45852810349127404,0.19255632758507746,0.24444367241492254,-0.23805339338761222,0.2140844310763515,0.05188734482984508,0.1416378244639636,0.3105000000000001
rep0864,0.48,0.48313814068410765,alg2,0.15,0.005,0.005,0.13999999999999999,abs_005_005,1000,2000,0.3020349938271547,0.8423431576384387,True,0.540308163811284,0.540308163811284,0.5662049489222777,0.6277950510777223,-0.264169955095123,0.21454810656071643,0.06159010215544458,0.13171806165583932,0.3470000000000001
rep0865,0.14,0.13825585557614326,alg2,0.15,0.005,0.005,0.13999999999999999,abs_005_005,1000,2000,-0.11832787926360766,0.45544421680511815,True,0.5737720960687258,0.45544421680511815,0.18920738958033023,0.24079261041966976,-0.3075352688439379,0.2146516063854484,0.05158522083933953,0.13718687522938633,0.385
rep0866,0.60,0.599708094715837,alg2,0.15,0.005,0.005,0.13999999999999999,abs_005_005,1000,2000,0.3663019410217943,0.941370592354065,True,0.5750686513322707,0.5750686513322707,0.6185250204820637,0.6784749795179362,-0.2522230794602694,0.2628956128361287,0.059949959035872524,0.12561869229639816,0.3895
rep0867,0.34,0.34366307116519274,alg2,0.15,0.005,0.005,0.13999999999999999,abs_005_005,1000,2000,0.19125520063320622,0.7084591132969503,True,0.5172039126637441,0.5172039126637441,0.5107195046083155,0.5732804953916846,-0.3194643039751093,0.13517861790526575,0.06256099078336907,0.13914292188037503,0.3155
rep0868,0.13,0.1278779285132063,alg2,0.15,0.005,0.005,0.13999999999999999,abs_005_005,1000,2000,-0.310405616944814,0.20327907938481998,True,0.513684696329634,0.20327907938481998,-0.00020777962703945503,0.007207779627039455,-0.31019783731777456,0.19607129975778054,0.00741555925407891,0.1332691370755551,0.373
rep0869,0.54,0.5392567295241685,alg2,0.15,0.005,0.005,0.13999999999999999,abs_005_005,1000,2000,0.31651849202290083,0.8421449178280629,True,0.5256264258051621,0.5256264258051621,0.5935892271414609,0.6544107728585391,-0.27707073511856006,0.1877341449695238,0.06082154571707821,0.11480488008808376,0.3500000000000001
rep0870,0.36,0.36163439556497956,alg2,0.15,0.005,0.005,0.13999999999999999,abs_005_005,1000,2000,0.06845964406736249,0.5873708652485093,True,0.5189112211811469,0.5189112211811469,0.3431298399344417,0.4038701600655583,-0.2746701958670792,0.18350070518295106,0.06074032013111663,0.12667090105003026,0.33149999999999996
rep0871,0.42,0.4197272877722369,alg2,0.15,0.005,0.005,0.13999999999999999,abs_005_005,1000,2000,0.18396060820422178,0.7055845487511598,True,0.5216239405469381,0.5216239405469381,0.439163243985602,0.5018367560143979,-0.25520263578138025,0.20374779273676197,0.0626735120287959,0.1329504285181422,0.326
rep0872,0.57,0.5674604779482287,alg2,0.15,0.005,0.005,0.13999999999999999,abs_005_005,1000,2000,0.30930921370917824,0.849773389923221,True,0.5404641762140427,0.5404641762140427,0.5692427954454456,0.6307572045545543,-0.2599335817362674,0.21901618536866674,0.06151440910910866,0.13494976710493406,0.3440000000000001
rep0873,0.78,0.7806965032742744,alg2,0.15,0.005,0.005,0.13999999999999999,abs_005_005,1000,2000,0.582371709043594,1.0949532182401536,True,0.5125815091965595,0.41762829095640597,0.8893098858955271,0.9256901141044729,-0.30693817685193303,0.16926310413568063,0.03638022820894582,0.11520128098761356,0.3610000000000001
rep0874,0.43,0.4292313502895028,alg2,0.15,0.005,0.005,0.13999999999999999,abs_005_005,1000,2000,0.26136771080924076,0.858570927757383,True,0.5972032169481423,0.5972032169481423,0.5298430504644922,0.5921569495355079,-0.26847533965525144,0.2664139782218751,0.0623138990710157,0.1293893178771266,0.40549999999999997
rep0875,0.56,0.5603388085034261,alg2,0.15,0.005,0.005,0.13999999999999999,abs_005_005,1000,2000,0.2936367767430668,0.8333265178827395,True,0.5396897411396726,0.5396897411396726,0.5672174312101228,0.6287825687898771,-0.273580654467056,0.20454394909286233,0.06156513757975435,0.12562460355991834,0.3525
rep0876,0.22,0.2221392497222348,alg2,0.15,0.005,0.005,0.13999999999999999,abs_005_005,1000,2000,-0.02397779574525688,0.5147572287777819,True,0.5387350245230387,0.5147572287777819,0.26248253926752246,0.3195174607324775,-0.28646033501277934,0.19523976804530435,0.057034921464955035,0.12470010305808371,0.357
rep0877,0.85,0.8503103181093458,alg2,0.15,0.005,0.005,0.13999999999999999,abs_005_005,1000,2000,0.4605099451561106,0.9287621861320452,True,0.4682522409759346,0.4682522409759346,0.7425387473160638,0.7954612526839362,-0.28202880215995324,0.13330093344810906,0.05292250536787235,0.12782973560806227,0.28750000000000003
rep0878,0.72,0.7164404563613495,alg2,0.15,0.005,0.005,0.13999999999999999,abs_005_005,1000,2000,0.4208933534719033,0.9978065190406731,True,0.5769131655687698,0.5769131655687698,0.6902646077134704,0.7467353922865296,-0.2693712542415671,0.2510711267541435,0.05647078457305921,0.13594238099571065,0.38449999999999995
rep0879,0.08,0.07576739051193988,alg2,0.15,0.005,0.005,0.13999999999999999,abs_005_005,1000,2000,-0.08870559961759594,0.43636469808769773,True,0.5250702977052937,0.43636469808769773,0.19447123293925617,0.24652876706074384,-0.2831768325568521,0.1898359310269539,0.05205753412148767,0.138012763583806,0.335
rep0880,0.90,0.8982166533697417,alg2,0.15,0.005,0.005,0.13999999999999999,abs_005_005,1000,2000,0.5939293741750474,1.1520474599088006,True,0.5581180857337532,0.40607062582495257,0.9040650234008298,0.9379349765991702,-0.3101356492257824,0.21411248330963045,0.03386995319834041,0.1372481325354129,0.387
rep0881,0.64,0.6350075468335434,alg2,0.15,0.005,0.005,0.13999999999999999,abs_005_005,1000,2000,0.4236724854147395,1.0058828129124118,True,0.5822103274976722,0.5763275145852604,0.818041801835833,0.863958198164167,-0.39436931642109346,0.14192461474824483,0.045916396328334,0.13079393116933835,0.40549999999999997
rep0882,0.62,0.6194045418639186,alg2,0.15,0.005,0.005,0.13999999999999999,abs_005_005,1000,2000,0.4151684925290666,0.8742189871263202,True,0.45905049459725356,0.45905049459725356,0.6568614375527869,0.7151385624472132,-0.2416929450237203,0.159080424679107,0.05827712489442627,0.13877336970282728,0.262
rep0883,0.48,0.4834139338653431,alg2,0.15,0.005,0.005,0.13999999999999999,abs_005_005,1000,2000,0.11893662766738133,0.6979923573924958,True,0.5790557297251144,0.5790557297251144,0.49013759436713555,0.5528624056328644,-0.3712009666997542,0.14512995175963134,0.06272481126572882,0.1208309184593856,0.3955
rep0884,0.57,0.5727074213945059,alg2,0.15,0.005,0.005,0.13999999999999999,abs_005_005,1000,2000,0.29907824527110266,0.7470102611868056,True,0.4479320159157029,0.4479320159157029,0.5419449317079529,0.604055068292047,-0.24286668643685022,0.14295519289475858,0.062110136584094144,0.13932187933160878,0.24650000000000005
rep0885,0.56,0.5645856504075222,alg2,0.15,0.005,0.005,0.13999999999999999,abs_005_005,1000,2000,0.4037262020029877,0.8939925653454339,True,0.4902663633424462,0.4902663633424462,0.6789393953576045,0.7360606046423955,-0.2752131933546168,0.1579319607030384,0.05712120928479103,0.1451451540576552,0.288
rep0886,0.69,0.6931027460584248,alg2,0.15,0.005,0.005,0.13999999999999999,abs_005_005,1000,2000,0.2672054041742548,0.9041625008596859,True,0.636957096685431,0.636957096685431,0.6420129086256539,0.7009870913743461,-0.37480750445139904,0.2031754094853397,0.05897418274869226,0.13748291393673867,0.44050000000000006
rep0887,0.05,0.049205140687383575,alg2,0.15,0.005,0.005,0.13999999999999999,abs_005_005,1000,2000,-0.21296217756038788,0.31227487843693424,True,0.5252370559973221,0.31227487843693424,0.09589535692838332,0.1361046430716167,-0.3088575344887712,0.1761702353653175,0.040209286143233394,0.13052776985408865,0.35450000000000004
rep0888,0.80,0.8033900827235515,alg2,0.15,0.005,0.005,0.13999999999999999,abs_005_005,1000,2000,0.6566823199119103,1.160031794546718,True,0.5033494746348077,0.3433176800880897,0.9262068024242556,0.9557931975757443,-0.2695244825123453,0.2042385969709737,0.029586395151488754,0.12876307948331894,0.34500000000000003
rep0889,0.78,0.784505898456157,alg2,0.15,0.005,0.005,0.13999999999999999,abs_005_005,1000,2000,0.28944824775160743,0.9402690510151197,True,0.6508208032635123,0.6508208032635123,0.6897493778573669,0.746250622142633,-0.40030113010575946,0.19401842887248671,0.05650124428526615,0.11081955897824602,0.48350000000000015
rep0890,0.67,0.6746884477761247,alg2,0.15,0.005,0.005,0.13999999999999999,abs_005_005,1000,2000,0.2194268585221757,0.8177133350927229,True,0.5982864765705472,0.5982864765705472,0.5409357309486759,0.603064269051324,-0.32150887242650017,0.21464906604139886,0.06212853810264818,0.1356579384678991,0.40049999999999997
rep0891,0.37,0.36852113494770344,alg2,0.15,0.005,0.005,0.13999999999999999,abs_005_005,1000,2000,0.025141396676990946,0.5727389870184296,True,0.5475975903414387,0.5475975903414387,0.33624817780091776,0.3967518221990822,-0.3111067811239268,0.17598716481934745,0.06050364439816447,0.13959394594327423,0.34750000000000003
rep0892,0.61,0.6115842575713748,alg2,0.15,0.005,0.005,0.13999999999999999,abs_005_005,1000,2000,0.49302986686255373,1.09004816532486,True,0.5970182984623063,0.5069701331374463,0.7895707623337536,0.8384292376662463,-0.29654089547119983,0.2516189276586136,0.04885847533249277,0.14315982312981346,0.405
rep0893,0.39,0.39275393687404453,alg2,0.15,0.005,0.005,0.13999999999999999,abs_005_005,1000,2000,0.20089539568377346,0.7016623229704124,True,0.500766927286639,0.500766927286639,0.4841236467655985,0.5468763532344014,-0.28322825108182503,0.15478596973601105,0.06275270646880293,0.11651422081783619,0.3214999999999999
rep0894,0.20,0.19510863323616778,alg2,0.15,0.005,0.005,0.13999999999999999,abs_005_005,1000,2000,-0.08468518732800137,0.4830878408108059,True,0.5677730281388073,0.4830878408108059,0.20693922382028004,0.26006077617971995,-0.2916244111482814,0.22302706463108599,0.05312155235943991,0.13615147577936743,0.3785
rep0895,0.82,0.8242368779695044,alg2,0.15,0.005,0.005,0.13999999999999999,abs_005_005,1000,2000,0.3446292522823805,0.9845029658325002,True,0.6398737135501197,0.6398737135501197,0.7145303550737667,0.7694696449262333,-0.3699011027913862,0.21503332090626692,0.054939289852466544,0.13643442369765307,0.44850000000000007
rep0896,0.76,0.7582292136960516,alg2,0.15,0.005,0.005,0.13999999999999999,abs_005_005,1000,2000,0.3197860640452893,0.906245006531307,True,0.5864589424860177,0.5864589424860177,0.6404786909421372,0.6995213090578629,-0.32069262689684785,0.20672369747344405,0.05904261811572575,0.14491632437029173,0.3825000000000001
rep0897,0.48,0.4770049671272524,alg2,0.15,0.005,0.005,0.13999999999999999,abs_005_005,1000,2000,0.2647746489330254,0.7724865830063828,True,0.5077119340733575,0.5077119340733575,0.5243025459001677,0.5866974540998323,-0.2595278969671423,0.18578912890655055,0.062394908199664645,0.13531702587369282,0.31
rep0898,0.57,0.5660254562409672,alg2,0.15,0.005,0.005,0.13999999999999999,abs_005_005,1000,2000,0.4119491371558357,0.967561782958499,True,0.5556126458026633,0.5556126458026633,0.7337056264213749,0.787294373578625,-0.32175648926553924,0.18026740937987412,0.05358874715725004,0.1225238986454133,0.3795
rep0899,0.19,0.1925111327199006,alg2,0.15,0.005,0.005,0.13999999999999999,abs_005_005,1000,2000,0.013561235776962416,0.5229355609130206,True,0.5093743251360582,0.5093743251360582,0.23535905681343752,0.29064094318656253,-0.2217978210364751,0.23229461772645804,0.055281886373125005,0.11059243876293312,0.3435
rep0900,0.49,0.4888817860759957,alg2,0.15,0.005,0.005,0.13999999999999999,abs_005_005,1000,2000,0.3667234820020644,0.8656507447536933,True,0.4989272627516289,0.4989272627516289,0.6088459764164468,0.6691540235835532,-0.24212249441438238,0.19649672117014008,0.06030804716710647,0.1416192155845224,0.29700000000000004
rep0901,0.17,0.16546622940684158,alg2,0.15,0.005,0.005,0.13999999999999999,abs_005_005,1000,2000,-0.31288142438549027,0.1691274742456683,True,0.4820088986311586,0.1691274742456683,0.0,0.0,-0.31288142438549027,0.1691274742456683,0.0,0.1325088986311586,0.3495
rep0902,0.48,0.4847437166697385,alg2,0.15,0.005,0.005,0.13999999999999999,abs_005_005,1000,2000,0.4078698929705088,0.9301379574123136,True,0.5222680644418048,0.5222680644418048,0.6532743329188253,0.7117256670811747,-0.2454044399483165,0.21841229033113901,0.05845133416234938,0.1163167302794555,0.34750000000000003
rep0903,0.48,0.47642673676275166,alg2,0.15,0.005,0.005,0.13999999999999999,abs_005_005,1000,2000,0.23836280447763594,0.768313193693084,True,0.5299503892154481,0.5299503892154481,0.47861483846893343,0.5413851615310666,-0.2402520339912975,0.22692803216201737,0.0627703230621332,0.1376800661533148,0.32950000000000007
rep0904,0.57,0.5696815665570198,alg2,0.15,0.005,0.005,0.13999999999999999,abs_005_005,1000,2000,0.2559745735977227,0.779997243063282,True,0.5240226694655593,0.5240226694655593,0.5464879417487185,0.6085120582512815,-0.2905133681509958,0.17148518481200042,0.06202411650256301,0.14349855296299618,0.31850000000000006
rep0905,0.66,0.6633540310767755,alg2,0.15,0.005,0.005,0.13999999999999999,abs_005_005,1000,2000,0.3914016107133172,0.9295562112366974,True,0.5381546005233802,0.5381546005233802,0.6594248316582214,0.7175751683417786,-0.2680232209449042,0.21198104289491884,0.05815033668355718,0.13950426383982306,0.3405
rep0906,0.21,0.20778147997799512,alg2,0.15,0.005,0.005,0.13999999999999999,abs_005_005,1000,2000,-0.1779547907742184,0.32202484598566716,True,0.49997963675988555,0.32202484598566716,0.10330792062048758,0.14469207937951242,-0.281262711394706,0.1773327666061547,0.04138415875902485,0.12409547800086068,0.3345
rep0907,0.61,0.6108360185194849,alg2,0.15,0.005,0.005,0.13999999999999999,abs_005_005,1000,2000,0.29643117735044056,0.917577858301204,True,0.6211466809507634,0.6211466809507634,0.6129197920252031,0.673080207974797,-0.3164886146747625,0.244497650326407,0.06016041594959387,0.1424862650011695,0.41850000000000004
rep0908,0.12,0.12191918547230092,alg2,0.15,0.005,0.005,0.13999999999999999,abs_005_005,1000,2000,-0.2724669263744709,0.18587875494129877,True,0.4583456813157697,0.18587875494129877,0.0,0.0,-0.2724669263744709,0.18587875494129877,0.0,0.14684568131576958,0.3115000000000001
rep0909,0.59,0.5887956842779712,alg2,0.15,0.005,0.005,0.13999999999999999,abs_005_005,1000,2000,0.29489469988956796,0.7990337711933271,True,0.5041390713037591,0.5041390713037591,0.5874952718430843,0.6485047281569157,-0.2926005719535163,0.15052904303641132,0.06100945631383148,0.1291296149899276,0.31400000000000006
rep0910,0.71,0.705233842939327,alg2,0.15,0.005,0.005,0.13999999999999999,abs_005_005,1000,2000,0.5006398883128214,0.9929287536411631,True,0.4922888653283417,0.4922888653283417,0.7654728326843753,0.8165271673156248,-0.26483294437155386,0.17640158632553826,0.05105433463124953,0.13673453069709213,0.3045
rep0911,0.41,0.41052858864821595,alg2,0.15,0.005,0.005,0.13999999999999999,abs_005_005,1000,2000,0.1018801404283255,0.6416412978393062,True,0.5397611574109807,0.5397611574109807,0.40090022253829233,0.46309977746170766,-0.29902008210996683,0.17854152037759854,0.062199554923415334,0.12856160248756543,0.349
rep0912,0.40,0.3985697612219814,alg2,0.15,0.005,0.005,0.13999999999999999,abs_005_005,1000,2000,0.011111727326094278,0.5891999899579443,True,0.57808826263185,0.57808826263185,0.34558922714146084,0.40641077285853916,-0.33447749981536656,0.18278921709940515,0.06082154571707832,0.13876671691477177,0.3785
rep0913,0.31,0.3099407247072056,alg2,0.15,0.005,0.005,0.13999999999999999,abs_005_005,1000,2000,0.0663682749416448,0.5251716112086848,True,0.45880333626704006,0.45880333626704006,0.3024335955682802,0.36156640443171983,-0.2360653206266354,0.163605206776965,0.059132808863439634,0.12817052740360035,0.2715000000000001
rep0914,0.53,0.5328259823253244,alg2,0.15,0.005,0.005,0.13999999999999999,abs_005_005,1000,2000,0.25858504334730475,0.7774352668031217,True,0.518850223455817,0.518850223455817,0.5641803831968867,0.6258196168031133,-0.3055953398495819,0.15161565000000837,0.061639233606226584,0.1367109898495903,0.3205
rep0915,0.54,0.5361074221794188,alg2,0.15,0.005,0.005,0.13999999999999999,abs_005_005,1000,2000,0.26159141209045234,0.8819523731604579,True,0.6203609610700056,0.6203609610700056,0.5682300466632261,0.6297699533367739,-0.30663863457277374,0.25218241982368406,0.061539906673547806,0.1438210543964577,0.4150000000000001
rep0916,0.77,0.7667858068857146,alg2,0.15,0.005,0.005,0.13999999999999999,abs_005_005,1000,2000,0.6539437066835364,1.0745917902170943,True,0.42064808353355787,0.3460562933164636,0.8882219041773407,0.9247780958226592,-0.23427819749380427,0.14981369439443495,0.036556191645318536,0.12859189188823916,0.25550000000000006
rep0917,0.16,0.15603266640807414,alg2,0.15,0.005,0.005,0.13999999999999999,abs_005_005,1000,2000,-0.25136681285387474,0.3230424361049353,True,0.5744092489588101,0.3230424361049353,0.09820862048726461,0.13879137951273537,-0.3495754333411394,0.18425105659219992,0.04058275902547076,0.13182648993333934,0.402
rep0918,0.10,0.10229831623511373,alg2,0.15,0.005,0.005,0.13999999999999999,abs_005_005,1000,2000,-0.17210679081183017,0.30154150726766776,True,0.47364829807949793,0.30154150726766776,0.080707063813014,0.11829293618698601,-0.2528138546248442,0.18324857108068177,0.03758587237397201,0.14106242570552602,0.29499999999999993
rep0919,0.79,0.7880486889494721,alg2,0.15,0.005,0.005,0.13999999999999999,abs_005_005,1000,2000,0.7245923683129332,1.226735510486669,True,0.5021431421737359,0.27540763168706683,1.0,1.0,-0.27540763168706683,0.22673551048666907,0.0,0.13864314217373586,0.36350000000000005
rep0920,0.19,0.18988673461986103,alg2,0.15,0.005,0.005,0.13999999999999999,abs_005_005,1000,2000,-0.155294227186719,0.3526495564513302,True,0.5079437836380493,0.3526495564513302,0.12758202747780958,0.1724179725221904,-0.2828762546645286,0.18023158392913985,0.04483594504438082,0.13710783859366837,0.32600000000000007
rep0921,0.31,0.3057314196109613,alg2,0.15,0.005,0.005,0.13999999999999999,abs_005_005,1000,2000,0.09623345804452771,0.6182943380432822,True,0.5220608799987545,0.5220608799987545,0.34411349101457617,0.40488650898542383,-0.24788003297004846,0.21340782905785838,0.060773017970847665,0.13128786202790682,0.33
rep0922,0.82,0.8204088881687474,alg2,0.15,0.005,0.005,0.13999999999999999,abs_005_005,1000,2000,0.565074197540999,1.0886846592543005,True,0.5236104617133015,0.43492580245900103,0.8201595396096597,0.8658404603903402,-0.25508534206866074,0.2228441988639602,0.045680920780680534,0.12242954093262104,0.3554999999999999
rep0923,0.67,0.6673295667496753,alg2,0.15,0.005,0.005,0.13999999999999999,abs_005_005,1000,2000,0.5442558901822026,1.1235243116809843,True,0.5792684214987818,0.45574410981779745,0.8633577732952439,0.903642226704756,-0.31910188311304133,0.21988208497622824,0.040284453409512144,0.14048396808926966,0.39849999999999997
rep0924,0.19,0.18602206952727826,alg2,0.15,0.005,0.005,0.13999999999999999,abs_005_005,1000,2000,0.007686601208348853,0.5621600781895635,True,0.5544734769812146,0.5544734769812146,0.3014560679420448,0.3605439320579552,-0.29376946673369597,0.20161614613160828,0.05908786411591038,0.1438856128653042,0.35150000000000003
rep0925,0.64,0.6354263351837406,alg2,0.15,0.005,0.005,0.13999999999999999,abs_005_005,1000,2000,0.6200428474608066,1.1547872670097168,True,0.5347444195489102,0.3799571525391934,0.9616425370543741,0.9823574629456259,-0.34159968959356746,0.17242980406409086,0.02071492589125179,0.12852949365765842,0.38549999999999995
rep0926,0.07,0.07157292987670523,alg2,0.15,0.005,0.005,0.13999999999999999,abs_005_005,1000,2000,-0.24110254498929976,0.20164992817878663,True,0.4427524731680864,0.20164992817878663,0.0,0.0,-0.24110254498929976,0.20164992817878663,0.0,0.13875247316808642,0.304
rep0927,0.62,0.615998541441101,alg2,0.15,0.005,0.005,0.13999999999999999,abs_005_005,1000,2000,0.2931935385281049,0.7845029718799157,True,0.49130943335181076,0.49130943335181076,0.5374045479560734,0.5995954520439266,-0.24421100942796845,0.1849075198359891,0.062190904087853216,0.1326185292639575,0.29650000000000004
rep0928,0.61,0.6069671000905437,alg2,0.15,0.005,0.005,0.13999999999999999,abs_005_005,1000,2000,0.5356311432702453,1.1244459839127652,True,0.5888148406425199,0.4643688567297547,0.7895707623337536,0.8384292376662463,-0.25393961906350826,0.28601674624651885,0.04885847533249277,0.14195636531002714,0.39799999999999996
rep0929,0.53,0.533638298979293,alg2,0.15,0.005,0.005,0.13999999999999999,abs_005_005,1000,2000,0.3010700118685639,0.8445288350466726,True,0.5434588231781088,0.5434588231781088,0.6047744275378668,0.6652255724621332,-0.3037044156693029,0.17930326258453946,0.0604511449242664,0.13900767825384241,0.344
rep0930,0.29,0.29261726235459307,alg2,0.15,0.005,0.005,0.13999999999999999,abs_005_005,1000,2000,0.08619019497417263,0.6562920235411351,True,0.5701018285669626,0.5701018285669626,0.4267195046083154,0.4892804953916846,-0.3405293096341428,0.16701152814945056,0.06256099078336919,0.12404083778359343,0.38349999999999995
rep0931,0.22,0.2229244437616591,alg2,0.15,0.005,0.005,0.13999999999999999,abs_005_005,1000,2000,0.15920392521543242,0.676560836055287,True,0.5173569108398546,0.5173569108398546,0.46560912460390314,0.5283908753960969,-0.3064051993884707,0.1481699606591902,0.06278175079219372,0.1400751600476609,0.3145
rep0932,0.42,0.42272745262942124,alg2,0.15,0.005,0.005,0.13999999999999999,abs_005_005,1000,2000,0.20349540604083893,0.7051115442902037,True,0.5016161382493648,0.5016161382493648,0.47711309594381207,0.5398869040561878,-0.27361768990297314,0.16522464023401598,0.0627738081123757,0.1258423301369891,0.31300000000000006
rep0933,0.49,0.48694716452448095,alg2,0.15,0.005,0.005,0.13999999999999999,abs_005_005,1000,2000,0.2118996053302613,0.788375897310904,True,0.5764762919806427,0.5764762919806427,0.5490129750300087,0.6109870249699912,-0.33711336969974737,0.17738887234091275,0.06197404993998257,0.1435022420406601,0.371
rep0934,0.49,0.4935287680614457,alg2,0.15,0.005,0.005,0.13999999999999999,abs_005_005,1000,2000,0.35452422471436307,0.8205491549658049,True,0.46602493025144187,0.46602493025144187,0.6241346118367551,0.6838653881632449,-0.26961038712239205,0.13668376680256,0.05973077632648982,0.14629415392495204,0.26
rep0935,0.59,0.5916524058171294,alg2,0.15,0.005,0.005,0.13999999999999999,abs_005_005,1000,2000,0.4343888841274168,0.9576332403546322,True,0.5232443562272153,0.5232443562272153,0.6933568952210643,0.7496431047789358,-0.2589680110936475,0.20799013557569637,0.05628620955787156,0.1254581466693438,0.3415000000000001
rep0936,0.71,0.7101960404072895,alg2,0.15,0.005,0.005,0.13999999999999999,abs_005_005,1000,2000,0.4869395287581863,1.0577687659506585,True,0.5708292371924721,0.5130604712418136,0.7654728326843753,0.8165271673156248,-0.27853330392618897,0.2412415986350337,0.05105433463124953,0.1342749025612226,0.3855
rep0937,0.75,0.7487264705753629,alg2,0.15,0.005,0.005,0.13999999999999999,abs_005_005,1000,2000,0.6674062436531668,1.0984071544487832,True,0.4310009107956164,0.3325937563468332,0.9397127037075208,0.9662872962924791,-0.272306460054354,0.13211985815630412,0.026574592584958312,0.1389263182106581,0.2655
rep0938,0.10,0.10400479654477361,alg2,0.15,0.005,0.005,0.13999999999999999,abs_005_005,1000,2000,-0.24192651632372103,0.3239156229204079,True,0.5658421392441288,0.3239156229204079,0.11261286625473842,0.15538713374526159,-0.35453938257845946,0.16852848917514626,0.04277426749052317,0.14156787175360575,0.38149999999999995
rep0939,0.62,0.61597297399605,alg2,0.15,0.005,0.005,0.13999999999999999,abs_005_005,1000,2000,0.2332540287378389,0.7305301887933631,True,0.49727616005552416,0.49727616005552416,0.5016770047283273,0.5643229952716727,-0.2684229759904884,0.16620719352169028,0.06264599054334541,0.1346301695121787,0.3
rep0940,0.04,0.03944101284156614,alg2,0.15,0.005,0.005,0.13999999999999999,abs_005_005,1000,2000,-0.25072872979971805,0.1517957445453918,True,0.40252447434510985,0.1517957445453918,0.0,0.0,-0.25072872979971805,0.1517957445453918,0.0,0.10202447434510986,0.3005
rep0941,0.56,0.5583163483519791,alg2,0.15,0.005,0.005,0.13999999999999999,abs_005_005,1000,2000,0.39163212278237985,0.9095633377778194,True,0.5179312149954396,0.5179312149954396,0.6707155896253978,0.7282844103746022,-0.27908346684301794,0.1812789274032171,0.05756882074920444,0.12186239424623502,0.3385
rep0942,0.57,0.5733742466148171,alg2,0.15,0.005,0.005,0.13999999999999999,abs_005_005,1000,2000,0.29640369965358826,0.9576689449504948,True,0.6612652452969066,0.6612652452969066,0.65788667708642,0.7161133229135801,-0.36148297743283175,0.24155562203691472,0.058226645827160084,0.1370385994697464,0.4660000000000001
rep0943,0.52,0.5192053278597004,alg2,0.15,0.005,0.005,0.13999999999999999,abs_005_005,1000,2000,0.09427288251847499,0.6531241368243893,True,0.5588512543059143,0.5588512543059143,0.410820476467146,0.47317952353285403,-0.316547593948671,0.1799446132915353,0.06235904706570805,0.14099220724020634,0.3554999999999999
rep0944,0.74,0.7406440761691009,alg2,0.15,0.005,0.005,0.13999999999999999,abs_005_005,1000,2000,0.4775985590075678,0.9974183247646338,True,0.519819765757066,0.519819765757066,0.7316293853842275,0.7853706146157724,-0.2540308263766597,0.21204771014886142,0.053741229231544896,0.1385785365255211,0.3275
rep0945,0.34,0.3414404434383478,alg2,0.15,0.005,0.005,0.13999999999999999,abs_005_005,1000,2000,-0.15599826856522295,0.5081553237719318,True,0.6641535923371548,0.5081553237719318,0.22281421511141605,0.277185784888584,-0.378812483676639,0.2309695388833478,0.05437156977716792,0.13728202255998684,0.4725
rep0946,0.21,0.21214867445246377,alg2,0.15,0.005,0.005,0.13999999999999999,abs_005_005,1000,2000,-0.28520511509309177,0.28968325950584306,True,0.5748883745989348,0.28968325950584306,0.05577138428726039,0.0882286157127396,-0.3409764993803522,0.2014546437931035,0.03245723142547921,0.14293114317345562,0.3995
rep0947,0.28,0.28422013734374324,alg2,0.15,0.005,0.005,0.13999999999999999,abs_005_005,1000,2000,0.16284499289915233,0.7178637904529659,True,0.5550187975538136,0.5550187975538136,0.443647823408715,0.506352176591285,-0.2808028305095627,0.21151161386168094,0.06270435318256995,0.1428144443712437,0.3494999999999999
rep0948,0.48,0.48338293458160114,alg2,0.15,0.005,0.005,0.13999999999999999,abs_005_005,1000,2000,0.1397483883704871,0.6751902363360572,True,0.5354418479655702,0.5354418479655702,0.4078430504644922,0.4701569495355078,-0.2680946620940051,0.20503328680054944,0.06231389907101559,0.14262794889455455,0.3305
rep0949,0.52,0.5182804217943408,alg2,0.15,0.005,0.005,0.13999999999999999,abs_005_005,1000,2000,0.3338070119569311,0.8082758441336663,True,0.4744688321767352,0.4744688321767352,0.604265642500474,0.6647343574995259,-0.2704586305435429,0.14354148663414032,0.06046871499905193,0.13700011717768323,0.277
rep0950,0.23,0.22991933107119408,alg2,0.15,0.005,0.005,0.13999999999999999,abs_005_005,1000,2000,-0.07863378747248939,0.46919543915418954,True,0.5478292266266789,0.46919543915418954,0.23970882251375325,0.2952911774862468,-0.31834260998624264,0.17390426166794276,0.05558235497249353,0.1272468716541854,0.365
rep0951,0.36,0.35825827602418825,alg2,0.15,0.005,0.005,0.13999999999999999,abs_005_005,1000,2000,-0.18574673981905318,0.4212618966410998,True,0.607008636460153,0.4212618966410998,0.18108590004638161,0.23191409995361836,-0.3668326398654348,0.18934779668748145,0.05082819990723675,0.14518043655291624,0.41100000000000003
rep0952,0.73,0.7289050088345319,alg2,0.15,0.005,0.005,0.13999999999999999,abs_005_005,1000,2000,0.42716673199478733,0.9477056784124269,True,0.5205389464176395,0.5205389464176395,0.731110450518718,0.784889549481282,-0.3039437185239307,0.1628161289311449,0.05377909896256394,0.14025984745507558,0.3265
rep0953,0.65,0.6450561188092513,alg2,0.15,0.005,0.005,0.13999999999999999,abs_005_005,1000,2000,0.5305526895665039,1.0165880455478453,True,0.4860353559813414,0.4694473104334961,0.7686086903650909,0.8193913096349091,-0.23805600079858702,0.19719673591293618,0.0507826192698182,0.1227527367115232,0.3125
rep0954,0.34,0.3356003964011355,alg2,0.15,0.005,0.005,0.13999999999999999,abs_005_005,1000,2000,0.05126223266922025,0.627459245062391,True,0.5761970123931708,0.5761970123931708,0.3534650503371997,0.4145349496628003,-0.30220281766797946,0.2129242953995908,0.061069899325600585,0.1351271130675703,0.38
rep0955,0.59,0.5934399509169045,alg2,0.15,0.005,0.005,0.13999999999999999,abs_005_005,1000,2000,0.48543304947937294,0.9917371934717145,True,0.5063041439923416,0.5063041439923416,0.7806495752999313,0.8303504247000687,-0.29521652582055835,0.16138676877164587,0.049700849400137415,0.13610329459220422,0.3205
rep0956,0.39,0.39181048198391705,alg2,0.15,0.005,0.005,0.13999999999999999,abs_005_005,1000,2000,0.14748346259812584,0.7587164714021243,True,0.6112330088039984,0.6112330088039984,0.4931462676250192,0.5558537323749808,-0.34566280502689334,0.20286273902714344,0.06270746474996164,0.11902554405403665,0.4295000000000001
rep0957,0.68,0.6783139786825123,alg2,0.15,0.005,0.005,0.13999999999999999,abs_005_005,1000,2000,0.3529014991303904,0.855438507989409,True,0.5025370088590186,0.5025370088590186,0.5961298399344417,0.6568701600655582,-0.24322834080405134,0.1985683479238508,0.06074032013111652,0.13179668872790212,0.31
rep0958,0.57,0.5707098860996819,alg2,0.15,0.005,0.005,0.13999999999999999,abs_005_005,1000,2000,0.31390052479316183,0.883161854370504,True,0.5692613295773421,0.5692613295773421,0.572281843435527,0.633718156564473,-0.2583813186423652,0.24944369780603098,0.06143631312894593,0.14182501644839618,0.366
rep0959,0.46,0.46419226054784907,alg2,0.15,0.005,0.005,0.13999999999999999,abs_005_005,1000,2000,0.20801175920439513,0.7678926834687401,True,0.559880924264345,0.559880924264345,0.5404311791668863,0.6025688208331137,-0.3324194199624912,0.16532386263562643,0.06213764166622737,0.13124328259811763,0.3665
rep0960,0.27,0.26685012160209715,alg2,0.15,0.005,0.005,0.13999999999999999,abs_005_005,1000,2000,-0.001612614432826176,0.555540671068459,True,0.5571532855012851,0.555540671068459,0.3712174312101229,0.43278256878987714,-0.3728300456429491,0.1227581022785818,0.06156513757975424,0.13108814792153084,0.36450000000000005
rep0961,0.10,0.09932453733107761,alg2,0.15,0.005,0.005,0.13999999999999999,abs_005_005,1000,2000,-0.18810511485710604,0.3805673435043059,True,0.5686724583614119,0.3805673435043059,0.15019841449126534,0.19780158550873464,-0.3383035293483714,0.18276575799557127,0.0476031710174693,0.13506928734394252,0.3860000000000001
rep0962,0.49,0.49056511629801486,alg2,0.15,0.005,0.005,0.13999999999999999,abs_005_005,1000,2000,0.2863343127694383,0.7843580420628293,True,0.498023729293391,0.498023729293391,0.542449580714241,0.604550419285759,-0.25611526794480266,0.17980762277707024,0.06210083857151805,0.1184228907218729,0.3175
rep0963,0.64,0.6424563136593564,alg2,0.15,0.005,0.005,0.13999999999999999,abs_005_005,1000,2000,0.3880120488161003,0.9066708844374339,True,0.5186588356213336,0.5186588356213336,0.6882039464237457,0.7447960535762543,-0.3001918976076454,0.16187483086117957,0.05659210715250862,0.13856672846882506,0.32349999999999995
rep0964,0.41,0.4098375058446741,alg2,0.15,0.005,0.005,0.13999999999999999,abs_005_005,1000,2000,-0.00043978967737845487,0.46830529349783295,True,0.4687450831752114,0.46830529349783295,0.2916891344416287,0.3503108655583713,-0.29212892411900715,0.11799442793946165,0.058621731116742626,0.13312335205846876,0.277
rep0965,0.52,0.5177998783960265,alg2,0.15,0.005,0.005,0.13999999999999999,abs_005_005,1000,2000,0.37827045180548546,0.8582765660310459,True,0.4800061142255604,0.4800061142255604,0.6144480606626291,0.6745519393373708,-0.23617760885714367,0.18372462669367504,0.06010387867474165,0.1439022355508187,0.276
rep0966,0.65,0.6530343212030639,alg2,0.15,0.005,0.005,0.13999999999999999,abs_005_005,1000,2000,0.45501214002436885,0.9764425983432099,True,0.521430458318841,0.521430458318841,0.7592073895803303,0.8107926104196698,-0.30419524955596144,0.16564998792354013,0.051585220839339474,0.1098452374795017,0.3599999999999999
rep0967,0.42,0.4212391093269436,alg2,0.15,0.005,0.005,0.13999999999999999,abs_005_005,1000,2000,0.18241575218373718,0.6823926220185743,True,0.49997686983483713,0.49997686983483713,0.492143250567568,0.5548567494324319,-0.30972749838383085,0.12753587258614235,0.06271349886486388,0.13926337096997315,0.29800000000000004
rep0968,0.73,0.7275222267367003,alg2,0.15,0.005,0.005,0.13999999999999999,abs_005_005,1000,2000,0.43762380843889737,1.0320245300446331,True,0.5944007216057358,0.5623761915611026,0.7686086903650909,0.8193913096349091,-0.3309848819261936,0.21263322040972402,0.0507826192698182,0.14211810233591754,0.4015
rep0969,0.14,0.14258850472421675,alg2,0.15,0.005,0.005,0.13999999999999999,abs_005_005,1000,2000,0.028465095061561307,0.4730815625152613,True,0.4446164674537,0.4446164674537,0.2595699593389326,0.31643004066106734,-0.2311048642773713,0.15665152185419395,0.056860081322134715,0.12025638613156531,0.26749999999999996
rep0970,0.47,0.47304827033809954,alg2,0.15,0.005,0.005,0.13999999999999999,abs_005_005,1000,2000,0.2881690325681706,0.7775781448740685,True,0.4894091123058979,0.4894091123058979,0.5895260406999051,0.6504739593000949,-0.3013570081317345,0.12710418557397363,0.06094791860018978,0.13696119370570825,0.29149999999999987
rep0971,0.80,0.7956306301453825,alg2,0.15,0.005,0.005,0.13999999999999999,abs_005_005,1000,2000,0.5566603058283863,1.101162882074037,True,0.5445025762456506,0.4433396941716137,0.8671233920459601,0.9068766079540399,-0.31046308621757374,0.194286274119997,0.039753215908079786,0.12774936033757084,0.37699999999999995
rep0972,0.77,0.7717441073435837,alg2,0.15,0.005,0.005,0.13999999999999999,abs_005_005,1000,2000,0.5562817942839731,1.176416095167265,True,0.620134300883292,0.44371820571602694,0.8991319639249392,0.9338680360750607,-0.3428501696409661,0.24254805909220428,0.03473607215012153,0.14239822873317037,0.443
rep0973,0.67,0.674802219980781,alg2,0.15,0.005,0.005,0.13999999999999999,abs_005_005,1000,2000,0.4740068543102721,0.9683667154085863,True,0.4943598610983142,0.4943598610983142,0.7607729764956375,0.8122270235043625,-0.28676612218536535,0.15613969190422383,0.05145404700872502,0.12340581408958928,0.3194999999999999
rep0974,0.57,0.5705564869580644,alg2,0.15,0.005,0.005,0.13999999999999999,abs_005_005,1000,2000,0.44415607145823455,1.0247430928301409,True,0.5805870213719063,0.5558439285417655,0.7602510573577341,0.8117489426422659,-0.3160949858994996,0.21299415018787496,0.05149788528453181,0.12208913608737448,0.40700000000000003
rep0975,0.36,0.3607373352562038,alg2,0.15,0.005,0.005,0.13999999999999999,abs_005_005,1000,2000,-0.050105812504856906,0.5629128284588154,True,0.6130186409636723,0.5629128284588154,0.31368588131144487,0.3733141186885552,-0.3637916938163018,0.18959870977026025,0.059628237377110316,0.12089040358656195,0.43250000000000005
rep0976,0.55,0.549968058507605,alg2,0.15,0.005,0.005,0.13999999999999999,abs_005_005,1000,2000,0.2918112634432243,0.8882793742236941,True,0.5964681107804698,0.5964681107804698,0.6277066453303195,0.6872933546696804,-0.3358953818870952,0.20098601955401368,0.059586709339360944,0.1423814014411089,0.3945000000000001
rep0977,0.34,0.34386259797383306,alg2,0.15,0.005,0.005,0.13999999999999999,abs_005_005,1000,2000,0.022997069494524902,0.6111890068044479,True,0.5881919373099229,0.5881919373099229,0.35100291267892864,0.4119970873210714,-0.32800584318440373,0.19919191948337647,0.06099417464214274,0.11769776266778009,0.4095000000000001
rep0978,0.09,0.09187027739961487,alg2,0.15,0.005,0.005,0.13999999999999999,abs_005_005,1000,2000,-0.11416743441074279,0.3932907970209293,True,0.507458231431672,0.3932907970209293,0.17917741787503916,0.22982258212496082,-0.29334485228578194,0.16346821489596847,0.05064516424992166,0.13431306718175046,0.32249999999999995
rep0979,0.29,0.29022549594630476,alg2,0.15,0.005,0.005,0.13999999999999999,abs_005_005,1000,2000,-0.06955210652668128,0.41583814726980994,True,0.48539025379649126,0.41583814726980994,0.210302064339937,0.26369793566006294,-0.2798541708666183,0.152140211609747,0.05339587132012594,0.1344943824763653,0.2975
rep0980,0.38,0.38207521365970815,alg2,0.15,0.005,0.005,0.13999999999999999,abs_005_005,1000,2000,0.10196636833175937,0.6495191473250901,True,0.5475527789933308,0.5475527789933308,0.39297331259811824,0.45502668740188174,-0.29100694426635887,0.19449245992320838,0.062053374803763495,0.1344994041895673,0.351
rep0981,0.85,0.8490801200465765,alg2,0.15,0.005,0.005,0.13999999999999999,abs_005_005,1000,2000,0.5522415109190042,1.0227182612763066,True,0.4704767503573024,0.4477584890809958,0.8185711151342429,0.8644288848657572,-0.26632960421523866,0.1582893764105493,0.04585776973151434,0.13961898062578798,0.285
rep0982,0.61,0.6078923145347822,alg2,0.15,0.005,0.005,0.13999999999999999,abs_005_005,1000,2000,0.4637431417945103,0.9810275458368694,True,0.517284404042359,0.517284404042359,0.7456599064064562,0.7983400935935439,-0.28191676461194587,0.1826874522433255,0.05268018718708767,0.13910421685527136,0.3255
rep0983,0.13,0.13188209031789844,alg2,0.15,0.005,0.005,0.13999999999999999,abs_005_005,1000,2000,-0.06646169370854674,0.5230700472903638,True,0.5895317409989105,0.5230700472903638,0.23632535167927401,0.29167464832072604,-0.30278704538782075,0.2313953989696377,0.05534929664145202,0.14418244435745842,0.39
rep0984,0.43,0.4339175652789224,alg2,0.15,0.005,0.005,0.13999999999999999,abs_005_005,1000,2000,0.12454684358689255,0.6165358946649087,True,0.4919890510780161,0.4919890510780161,0.4023874399293123,0.4646125600706877,-0.27784059634241975,0.15192333459422103,0.06222512014137538,0.10526393093664083,0.32449999999999996
rep0985,0.52,0.519694130940924,alg2,0.15,0.005,0.005,0.13999999999999999,abs_005_005,1000,2000,0.21037860784021378,0.6540350828120778,True,0.443656474971864,0.443656474971864,0.4536226888809052,0.5163773111190948,-0.2432440810406914,0.13765777169298304,0.06275462223818962,0.13590185273367433,0.2450000000000001
rep0986,0.32,0.32208760185791574,alg2,0.15,0.005,0.005,0.13999999999999999,abs_005_005,1000,2000,0.00660402382130304,0.5719509492370749,True,0.5653469254157719,0.5653469254157719,0.2999900590352226,0.35900994096477745,-0.29338603521391954,0.2129410082722974,0.059019881929554874,0.136827043486217,0.36949999999999994
rep0987,0.68,0.6813639880543828,alg2,0.15,0.005,0.005,0.13999999999999999,abs_005_005,1000,2000,0.3732452278024458,0.9756348495664843,True,0.6023896217640385,0.6023896217640385,0.6666076108460335,0.7243923891539665,-0.2933623830435877,0.25124246041251774,0.05778477830793305,0.14460484345610558,0.3999999999999999
rep0988,0.43,0.42623173649753915,alg2,0.15,0.005,0.005,0.13999999999999999,abs_005_005,1000,2000,0.16693796746734968,0.7008682726357848,True,0.5339303051684351,0.5339303051684351,0.46560912460390314,0.5283908753960969,-0.29867115713655346,0.1724773972396879,0.06278175079219372,0.13764855437624146,0.3334999999999999
rep0989,0.16,0.16100365715429354,alg2,0.15,0.005,0.005,0.13999999999999999,abs_005_005,1000,2000,-0.24116215333433152,0.249762399391567,True,0.4909245527258985,0.249762399391567,0.017232791250562512,0.03776720874943749,-0.25839494458489404,0.21199519064212952,0.020534417498874975,0.1333901352270236,0.33699999999999997
rep0990,0.48,0.4786719612656737,alg2,0.15,0.005,0.005,0.13999999999999999,abs_005_005,1000,2000,0.1915510233523498,0.7130310341051673,True,0.5214800107528175,0.5214800107528175,0.5011749441637992,0.5638250558362008,-0.30962392081144935,0.1492059782689666,0.06265011167240164,0.14182989908041593,0.317
rep0991,0.67,0.6691826357680173,alg2,0.15,0.005,0.005,0.13999999999999999,abs_005_005,1000,2000,0.366323106863647,0.9073017021065979,True,0.5409785952429509,0.5409785952429509,0.6768824533967464,0.7341175466032537,-0.31055934653309936,0.1731841555033442,0.057235093206507326,0.12174350203644357,0.362
rep0992,0.38,0.38192524926570776,alg2,0.15,0.005,0.005,0.13999999999999999,abs_005_005,1000,2000,0.17618129256830006,0.6579370554494008,True,0.4817557628811008,0.4817557628811008,0.44065781998201287,0.5033421800179871,-0.2644765274137128,0.1545948754314137,0.06268436003597427,0.14457140284512643,0.2745000000000001
rep0993,0.40,0.40445688832898824,alg2,0.15,0.005,0.005,0.13999999999999999,abs_005_005,1000,2000,0.18876694114511477,0.7302628101685816,True,0.5414958690234668,0.5414958690234668,0.4861277927021203,0.5488722072978796,-0.29736085155700553,0.18139060287070208,0.06274441459575925,0.1422514544277076,0.3365
rep0994,0.52,0.5164659959573914,alg2,0.15,0.005,0.005,0.13999999999999999,abs_005_005,1000,2000,0.20639996275684946,0.7185684060542141,True,0.5121684432973647,0.5121684432973647,0.5092117086419983,0.5717882913580017,-0.3028117458851488,0.14678011469621244,0.06257658271600341,0.13459186058136124,0.315
rep0995,0.65,0.6477753976991143,alg2,0.15,0.005,0.005,0.13999999999999999,abs_005_005,1000,2000,0.5375808369539673,1.001209463372996,True,0.4636286264190287,0.4624191630460327,0.8016714566477395,0.8493285433522605,-0.26409061969377223,0.15188092002073544,0.04765708670452096,0.1409715397145077,0.27499999999999997
rep0996,0.38,0.37720978773316866,alg2,0.15,0.005,0.005,0.13999999999999999,abs_005_005,1000,2000,0.25293715167229214,0.8065960214909187,True,0.5536588698186266,0.5536588698186266,0.517759664929226,0.5802403350707741,-0.26482251325693384,0.2263556864201446,0.06248067014154812,0.12717819967707844,0.364
rep0997,0.25,0.24626615445195021,alg2,0.15,0.005,0.005,0.13999999999999999,abs_005_005,1000,2000,-0.025984729996039263,0.4651313500548585,True,0.4911160800508978,0.4651313500548585,0.24551420073145327,0.3014857992685468,-0.27149893072749254,0.1636455507863117,0.05597159853709352,0.13814448151380426,0.297
rep0998,0.55,0.5545866695943503,alg2,0.15,0.005,0.005,0.13999999999999999,abs_005_005,1000,2000,0.25245464623371705,0.7561542541638406,True,0.5036996079301236,0.5036996079301236,0.5031833760334351,0.5658166239665648,-0.25072872979971805,0.1903376301972758,0.06263324793312974,0.11756635999699394,0.3234999999999999
rep0999,0.95,0.9482047380720229,alg2,0.15,0.005,0.005,0.13999999999999999,abs_005_005,1000,2000,0.39030624255685664,0.9773928407591116,True,0.587086598202255,0.587086598202255,0.7295539451743535,0.7834460548256464,-0.3392477026174968,0.19394678593346515,0.053892109651292985,0.14419448855096195,0.389
