task_id,label,theta,algo,alpha,alpha1,alpha2,alpha3,alloc,n_j,N_j,L,U,covered,width,width_clip,L_tilde,U_tilde,delta_L,delta_U,W1,W2,W3
rep0000,0.64,0.6373258281549462,alg2,0.1,0.005,0.005,0.09000000000000001,abs_005_005,1000,2000,0.39897818325160306,1.0477176010898932,True,0.6487394178382901,0.6010218167483969,0.7487829784871016,0.8012170215128984,-0.34980479523549857,0.24650057957699473,0.052434043025796795,0.12630537481249338,0.47
rep0001,0.63,0.6286775031272058,alg2,0.1,0.005,0.005,0.09000000000000001,abs_005_005,1000,2000,0.1609414707733734,0.8034347959584763,True,0.6424933251851029,0.6424933251851029,0.5051923137765774,0.5678076862234226,-0.34425084300320397,0.23562710973505374,0.06261537244684523,0.1373779527382577,0.4425
rep0002,0.41,0.41163350278134125,alg2,0.1,0.005,0.005,0.09000000000000001,abs_005_005,1000,2000,0.27544853036572775,0.8125996755190837,True,0.5371511451533559,0.5371511451533559,0.5651925996378261,0.6268074003621739,-0.28974406927209834,0.18579227515690985,0.061614800724347774,0.14603634442900815,0.3295
rep0003,0.61,0.6096642639308459,alg2,0.1,0.005,0.005,0.09000000000000001,abs_005_005,1000,2000,0.26350233326106975,0.7937887345028761,True,0.5302864012418064,0.5302864012418064,0.5535600924311396,0.6154399075688605,-0.2900577591700698,0.17834882693401563,0.061879815137720895,0.1419065861040854,0.32650000000000007
rep0004,0.49,0.48771390184223834,alg2,0.1,0.005,0.005,0.09000000000000001,abs_005_005,1000,2000,0.33893796223539197,0.9762903855649188,True,0.6373524233295268,0.6373524233295268,0.6902646077134704,0.7467353922865296,-0.35132664547807846,0.22955499327838919,0.05647078457305921,0.14188163875646764,0.43900000000000006
rep0005,0.45,0.45399106596774735,alg2,0.1,0.005,0.005,0.09000000000000001,abs_005_005,1000,2000,0.12436396556402518,0.6612286796915198,True,0.5368647141274946,0.5368647141274946,0.3914879417487185,0.4535120582512815,-0.2671239761846933,0.2077166214402383,0.06202411650256301,0.1308405976249316,0.344
rep0006,0.55,0.5464766064649674,alg2,0.1,0.005,0.005,0.09000000000000001,abs_005_005,1000,2000,0.27926669450107133,0.9199907023688227,True,0.6407240078677514,0.6407240078677514,0.607827877329488,0.6681721226705121,-0.3285611828284166,0.2518185796983107,0.060344245341024116,0.11987976252672727,0.4605
rep0007,0.86,0.8640043102014627,alg2,0.1,0.005,0.005,0.09000000000000001,abs_005_005,1000,2000,0.5776573119824887,1.1786411564547785,True,0.6009838444722898,0.4223426880175113,0.9090142925758743,0.9419857074241257,-0.3313569805933856,0.23665544903065278,0.03297141484825139,0.1355124296240383,0.4325
rep0008,0.39,0.3885451173297374,alg2,0.1,0.005,0.005,0.09000000000000001,abs_005_005,1000,2000,0.1966254663825791,0.8013922407229391,True,0.60476677434036,0.60476677434036,0.4536226888809052,0.5163773111190948,-0.25699722249832607,0.28501492960384434,0.06275462223818962,0.12751215210217037,0.4145
rep0009,0.65,0.6548269806048382,alg2,0.1,0.005,0.005,0.09000000000000001,abs_005_005,1000,2000,0.24244546731695216,0.8709830366796938,True,0.6285375693627416,0.6285375693627416,0.5565929786575801,0.61840702134242,-0.3141475113406279,0.2525760153372738,0.06181404268483992,0.13522352667790177,0.43149999999999994
rep0010,0.04,0.04485482439916032,alg2,0.1,0.005,0.005,0.09000000000000001,abs_005_005,1000,2000,-0.2227515415747399,0.44639660637013406,True,0.669148147944874,0.44639660637013406,0.1882510573577341,0.2397489426422659,-0.411002598932474,0.20664766372786816,0.05149788528453181,0.12165026266034218,0.496
rep0011,0.48,0.4849986644406866,alg2,0.1,0.005,0.005,0.09000000000000001,abs_005_005,1000,2000,0.2351108850111136,0.8158672773216146,True,0.580756392310501,0.580756392310501,0.549518079532449,0.611481920467551,-0.3144071945213354,0.20438535685406356,0.06196384093510199,0.12629255137539902,0.3925
rep0012,0.16,0.15828025818708946,alg2,0.1,0.005,0.005,0.09000000000000001,abs_005_005,1000,2000,-0.16056544089530017,0.35726936566642997,True,0.5178348065617302,0.35726936566642997,0.13368917700510524,0.17931082299489476,-0.2942546179004054,0.17795854267153519,0.04562164598978952,0.14071316057194055,0.3315000000000001
rep0013,0.55,0.5484808341249996,alg2,0.1,0.005,0.005,0.09000000000000001,abs_005_005,1000,2000,0.06833539386090698,0.7700323948058176,True,0.7016970009449106,0.7016970009449106,0.46410983093197367,0.5268901690680263,-0.3957744370710667,0.24314222573779137,0.06278033813605266,0.13691666280885806,0.502
rep0014,0.31,0.3109773362624415,alg2,0.1,0.005,0.005,0.09000000000000001,abs_005_005,1000,2000,0.10807707730482768,0.7198156284949226,True,0.611738551190095,0.611738551190095,0.3949542621576793,0.45704573784232067,-0.28687718485285163,0.262769890652602,0.06209147568464135,0.12514707550545368,0.4245
rep0015,0.29,0.289124392982063,alg2,0.1,0.005,0.005,0.09000000000000001,abs_005_005,1000,2000,0.022628060034107778,0.6005010611598638,True,0.577873001125756,0.577873001125756,0.33084597641644675,0.3911540235835532,-0.308217916382339,0.2093470375763106,0.06030804716710647,0.13356495395864953,0.384
rep0016,0.55,0.5512395986675925,alg2,0.1,0.005,0.005,0.09000000000000001,abs_005_005,1000,2000,0.2511363594706659,0.7892243527204765,True,0.5380879932498106,0.5380879932498106,0.5303469250981944,0.5926530749018056,-0.27921056562752844,0.19657127781867095,0.062306149803611266,0.12028184344619947,0.3554999999999999
rep0017,0.27,0.27104730882952244,alg2,0.1,0.005,0.005,0.09000000000000001,abs_005_005,1000,2000,0.12100791479386158,0.7816439176878148,True,0.6606360028939533,0.6606360028939533,0.4711089519483476,0.5338910480516523,-0.35010103715448604,0.2477528696361625,0.06278209610330471,0.14135390679064852,0.4565
rep0018,0.44,0.43911829646560946,alg2,0.1,0.005,0.005,0.09000000000000001,abs_005_005,1000,2000,0.16775214419504558,0.734183323324044,True,0.5664311791289984,0.5664311791289984,0.41826908201666446,0.48073091798333556,-0.2505169378216189,0.2534524053407085,0.0624618359666711,0.12546934316232733,0.3785
rep0019,0.33,0.32544495723094996,alg2,0.1,0.005,0.005,0.09000000000000001,abs_005_005,1000,2000,-0.04084189760409723,0.567549554594687,True,0.6083914521987843,0.567549554594687,0.26151151112356935,0.3184884888764306,-0.3023534087276666,0.24906106571825645,0.05697697775286126,0.13141447444592314,0.41999999999999993
rep0020,0.24,0.23833631651545992,alg2,0.1,0.005,0.005,0.09000000000000001,abs_005_005,1000,2000,0.14475965136442248,0.6391601023123182,True,0.49440045094789575,0.49440045094789575,0.42423313252885964,0.4867668674711404,-0.27947348116443715,0.1523932348411778,0.06253373494228076,0.137366716005615,0.2945
rep0021,0.18,0.17954220887381017,alg2,0.1,0.005,0.005,0.09000000000000001,abs_005_005,1000,2000,0.015849903398234833,0.7141865525266913,True,0.6983366491284564,0.6983366491284564,0.359870591203506,0.421129408796494,-0.3440206878052712,0.29305714373019726,0.06125881759298801,0.1370778315354685,0.4999999999999999
rep0022,0.22,0.22156152657943062,alg2,0.1,0.005,0.005,0.09000000000000001,abs_005_005,1000,2000,-0.19536616122096262,0.4903429680238438,True,0.6857091292448064,0.4903429680238438,0.17345775506433925,0.22354224493566077,-0.36882391628530187,0.26680072308818303,0.050084489871321525,0.14412463937348485,0.49150000000000005
rep0023,0.50,0.4979884610796338,alg2,0.1,0.005,0.005,0.09000000000000001,abs_005_005,1000,2000,0.269833656659604,0.7808048653575734,True,0.5109712086979694,0.5109712086979694,0.549518079532449,0.611481920467551,-0.279684422872845,0.16932294489002248,0.06196384093510199,0.12700736776286747,0.322
rep0024,0.69,0.688591058724187,alg2,0.1,0.005,0.005,0.09000000000000001,abs_005_005,1000,2000,0.3916750272744416,1.1661716551028727,True,0.7744966278284311,0.6083249727255584,0.7775053355578222,0.8274946644421778,-0.3858303082833806,0.33867699066069495,0.04998932888435559,0.14150729894407554,0.583
rep0025,0.76,0.7562608277116923,alg2,0.1,0.005,0.005,0.09000000000000001,abs_005_005,1000,2000,0.6301059381503449,1.1444687725614047,True,0.5143628344110598,0.3698940618496551,0.9079129874333186,0.9410870125666814,-0.27780704928297373,0.20338175999472324,0.03317402513336276,0.11568880927769692,0.36550000000000005
rep0026,0.63,0.6260146732349109,alg2,0.1,0.005,0.005,0.09000000000000001,abs_005_005,1000,2000,0.44578350736175004,1.0196162476328343,True,0.5738327402710843,0.55421649263825,0.7326674053744279,0.786332594625572,-0.28688389801267783,0.2332836530072624,0.05366518925114416,0.1336675510199402,0.38649999999999995
rep0027,0.83,0.8309972605657512,alg2,0.1,0.005,0.005,0.09000000000000001,abs_005_005,1000,2000,0.6217722634538527,1.1974884760943145,True,0.5757162126404618,0.3782277365461473,1.0,1.0,-0.3782277365461473,0.19748847609431458,0.0,0.13171621264046174,0.44400000000000006
rep0028,0.40,0.39958981826499174,alg2,0.1,0.005,0.005,0.09000000000000001,abs_005_005,1000,2000,0.18070821497458667,0.7623486350599485,True,0.5816404200853619,0.5816404200853619,0.4846246360870454,0.5473753639129546,-0.30391642111245876,0.2149732711469939,0.06275072782590918,0.1373896922594527,0.3815
rep0029,0.22,0.22173165915440826,alg2,0.1,0.005,0.005,0.09000000000000001,abs_005_005,1000,2000,-0.151352051690584,0.4935673243407479,True,0.6449193760313319,0.4935673243407479,0.22281421511141605,0.277185784888584,-0.37416626680200005,0.21638153945216396,0.05437156977716792,0.14304780625416402,0.4475
rep0030,0.46,0.4618527292941355,alg2,0.1,0.005,0.005,0.09000000000000001,abs_005_005,1000,2000,0.021366945034305695,0.6607418187047374,True,0.6393748736704317,0.6393748736704317,0.39693573094867596,0.459064269051324,-0.37556878591437026,0.2016775496534134,0.06212853810264807,0.1302463355677838,0.4469999999999999
rep0031,0.77,0.7723091706612852,alg2,0.1,0.005,0.005,0.09000000000000001,abs_005_005,1000,2000,0.49645800735550716,1.2022950220523778,True,0.7058370146968707,0.5035419926444928,0.8682003855111966,0.9077996144888034,-0.37174237815568945,0.2944954075635744,0.039599228977606815,0.14073778571926376,0.5255000000000001
rep0032,0.50,0.49757483899438837,alg2,0.1,0.005,0.005,0.09000000000000001,abs_005_005,1000,2000,0.18065008081373612,0.7621682689403664,True,0.5815181881266303,0.5815181881266303,0.5167535461327661,0.579246453867234,-0.33610346531903,0.18292181507313238,0.062492907734467806,0.12302528039216243,0.396
rep0033,0.75,0.7459443379237577,alg2,0.1,0.005,0.005,0.09000000000000001,abs_005_005,1000,2000,0.23124851751414932,0.8742815869991516,True,0.6430330694850023,0.6430330694850023,0.656348876686611,0.714651123313389,-0.4251003591724617,0.15963046368576267,0.058302246626777965,0.11473082285822445,0.47
rep0034,0.31,0.3084834294561743,alg2,0.1,0.005,0.005,0.09000000000000001,abs_005_005,1000,2000,-0.036393008836494545,0.6014827189267872,True,0.6378757277632817,0.6014827189267872,0.34017971958597354,0.40082028041402645,-0.3765727284224681,0.20066243851276072,0.060640560828052914,0.1272351669352288,0.45
rep0035,0.20,0.1959782333196279,alg2,0.1,0.005,0.005,0.09000000000000001,abs_005_005,1000,2000,-0.09540886629465772,0.5312263416040177,True,0.6266352078986754,0.5312263416040177,0.2382584905168944,0.2937415094831056,-0.33366735681155213,0.23748483212091204,0.05548301896621122,0.13315218893246417,0.43800000000000006
rep0036,0.42,0.4160199443510504,alg2,0.1,0.005,0.005,0.09000000000000001,abs_005_005,1000,2000,0.16383924024823227,0.8255007941615355,True,0.6616615539133033,0.6616615539133033,0.4741104587924903,0.5368895412075095,-0.31027121854425804,0.28861125295402595,0.06277908241501923,0.12038247149828407,0.4784999999999999
rep0037,0.28,0.2840810100970807,alg2,0.1,0.005,0.005,0.09000000000000001,abs_005_005,1000,2000,-0.038028618648316304,0.5510130125003319,True,0.5890416311486482,0.5510130125003319,0.25423419106990974,0.3107658089300902,-0.29226280971822605,0.2402472035702417,0.05653161786018046,0.13301001328846773,0.39949999999999997
rep0038,0.48,0.48023584030473343,alg2,0.1,0.005,0.005,0.09000000000000001,abs_005_005,1000,2000,0.3705729390915884,1.0762448528945021,True,0.7056719138029137,0.6294270609084116,0.8053616825552764,0.8526383174447235,-0.434788743463688,0.2236065354497786,0.04727663488944711,0.12039527891346669,0.5379999999999999
rep0039,0.70,0.6955050096988645,alg2,0.1,0.005,0.005,0.09000000000000001,abs_005_005,1000,2000,0.4440580164684207,1.1407601217794736,True,0.6967021053110529,0.5559419835315793,0.7098759783112845,0.7651240216887156,-0.26581796184286377,0.37563610009075793,0.055248043377431166,0.14395406193362176,0.4975
rep0040,0.49,0.48556792845004704,alg2,0.1,0.005,0.005,0.09000000000000001,abs_005_005,1000,2000,0.27451189637328766,0.8691026845294241,True,0.5945907881561364,0.5945907881561364,0.5819134749016186,0.6430865250983815,-0.30740157852833094,0.22601615943104264,0.06117305019676289,0.14541773795937357,0.38800000000000007
rep0041,0.40,0.40081966311313716,alg2,0.1,0.005,0.005,0.09000000000000001,abs_005_005,1000,2000,0.04013705494958081,0.677695505272117,True,0.6375584503225362,0.6375584503225362,0.39445897605294405,0.4565410239470559,-0.35432192110336325,0.22115448132506108,0.06208204789411187,0.12397640242842434,0.4515
rep0042,0.24,0.2366620648525915,alg2,0.1,0.005,0.005,0.09000000000000001,abs_005_005,1000,2000,-0.03618637485418297,0.6058801060063821,True,0.6420664808605651,0.6058801060063821,0.2941294362177544,0.3528705637822456,-0.33031581107193736,0.2530095422241364,0.058741127564491236,0.12582535329607386,0.45749999999999996
rep0043,0.37,0.37116903621671166,alg2,0.1,0.005,0.005,0.09000000000000001,abs_005_005,1000,2000,0.007742320954723991,0.7032362100007107,True,0.6954938890459867,0.6954938890459867,0.37072372228082295,0.4322762777191771,-0.36298140132609896,0.2709599322815336,0.06155255543835414,0.12844133360763244,0.5055000000000001
rep0044,0.20,0.20193288516558,alg2,0.1,0.005,0.005,0.09000000000000001,abs_005_005,1000,2000,-0.32641747019401607,0.42769432702941096,True,0.754111797223427,0.42769432702941096,0.10516554094179285,0.14683445905820713,-0.43158301113580894,0.2808598679712038,0.04166891811641428,0.13994287910701275,0.5725
rep0045,0.18,0.17729474994311067,alg2,0.1,0.005,0.005,0.09000000000000001,abs_005_005,1000,2000,-0.3038258183715091,0.3572602954803167,True,0.6610861138518258,0.3572602954803167,0.08759297977703961,0.12640702022296038,-0.39141879814854874,0.23085327525735633,0.03881404044592077,0.13727207340590497,0.4850000000000001
rep0046,0.33,0.32892784278327797,alg2,0.1,0.005,0.005,0.09000000000000001,abs_005_005,1000,2000,0.2219713788324041,0.7368168421822827,True,0.5148454633498787,0.5148454633498787,0.46261081981797425,0.5253891801820257,-0.24063944098557016,0.21142766200025695,0.06277836036405149,0.13956710298582709,0.3125
rep0047,0.61,0.6085043089070807,alg2,0.1,0.005,0.005,0.09000000000000001,abs_005_005,1000,2000,0.34078272676421295,0.9058660863353075,True,0.5650833595710946,0.5650833595710946,0.65788667708642,0.7161133229135801,-0.31710395032220706,0.18975276342172742,0.058226645827160084,0.13535671374393443,0.37150000000000005
rep0048,0.36,0.3559637341021695,alg2,0.1,0.005,0.005,0.09000000000000001,abs_005_005,1000,2000,0.0300351415264557,0.733300101529708,True,0.7032649600032523,0.7032649600032523,0.39891771804241316,0.4610822819575868,-0.36888257651595746,0.2722178195721212,0.062164563915173665,0.14060039608807873,0.5005
rep0049,0.25,0.2506045039611167,alg2,0.1,0.005,0.005,0.09000000000000001,abs_005_005,1000,2000,-0.12071634972763379,0.5220825683381054,True,0.6427989180657392,0.5220825683381054,0.22474210530174416,0.27925789469825585,-0.34545845502937794,0.24282467363984958,0.054515789396511694,0.14278312866922738,0.4455000000000001
rep0050,0.68,0.6780087649711394,alg2,0.1,0.005,0.005,0.09000000000000001,abs_005_005,1000,2000,0.4553037463346046,1.0525377055886127,True,0.5972339592540081,0.5446962536653954,0.797984747897319,0.8460152521026809,-0.3426810015627144,0.20652245348593187,0.048030504205361924,0.13170345504864633,0.4175
rep0051,0.79,0.788090391319667,alg2,0.1,0.005,0.005,0.09000000000000001,abs_005_005,1000,2000,0.4882642930430203,1.1271302548244844,True,0.638865961781464,0.5117357069569797,0.8585247900890872,0.8994752099109128,-0.3702604970460669,0.22765504491357158,0.04095041982182557,0.14441554195963852,0.45349999999999996
rep0052,0.63,0.6252377323249299,alg2,0.1,0.005,0.005,0.09000000000000001,abs_005_005,1000,2000,0.31427942654296404,0.9168036929726292,True,0.6025242664296652,0.6025242664296652,0.645594077586143,0.7044059224138571,-0.3313146510431789,0.2123977705587721,0.05881184482771418,0.12621242160195095,0.41750000000000004
rep0053,0.65,0.650945553244556,alg2,0.1,0.005,0.005,0.09000000000000001,abs_005_005,1000,2000,0.2366125546327551,0.8877887817107046,True,0.6511762270779495,0.6511762270779495,0.6338343247628427,0.6931656752371572,-0.39722177013008764,0.1946231064735474,0.05933135047431448,0.14134487660363504,0.4505
rep0054,0.92,0.9209425285210213,alg2,0.1,0.005,0.005,0.09000000000000001,abs_005_005,1000,2000,0.46254696909386656,1.0369581950661129,True,0.5744112259722463,0.5374530309061334,0.7440990893933053,0.7969009106066947,-0.2815521202994387,0.24005728445941812,0.05280182121338939,0.13260940475885685,0.389
rep0055,0.41,0.40980934548043735,alg2,0.1,0.005,0.005,0.09000000000000001,abs_005_005,1000,2000,0.2694936572862723,0.783264298749497,True,0.5137706414632247,0.5137706414632247,0.5560874154958706,0.6179125845041293,-0.2865937582095983,0.16535171424536763,0.06182516900825874,0.13194547245496602,0.31999999999999995
rep0056,0.35,0.34638669732430877,alg2,0.1,0.005,0.005,0.09000000000000001,abs_005_005,1000,2000,0.14782750829779318,0.7739754731871242,True,0.6261479648893311,0.6261479648893311,0.4098278728670918,0.4721721271329082,-0.26200036456929865,0.3018033460542161,0.06234425426581636,0.12030371062351486,0.4434999999999999
rep0057,0.34,0.3432835413957498,alg2,0.1,0.005,0.005,0.09000000000000001,abs_005_005,1000,2000,-0.029716896683507577,0.5806468993218858,True,0.6103637960053934,0.5806468993218858,0.28437403766906927,0.34262596233093073,-0.31409093435257684,0.23802093699095517,0.058251924661861465,0.1401118713435321,0.4119999999999999
rep0058,0.38,0.37654526701835733,alg2,0.1,0.005,0.005,0.09000000000000001,abs_005_005,1000,2000,0.04378748865553961,0.8082425422507835,True,0.7644550535952439,0.7644550535952439,0.3964403151242497,0.4585596848757503,-0.3526528264687101,0.3496828573750333,0.062119369751500564,0.13833568384374328,0.5640000000000001
rep0059,0.80,0.8016451030066674,alg2,0.1,0.005,0.005,0.09000000000000001,abs_005_005,1000,2000,0.5989930973890019,1.1617230908621279,True,0.562729993473126,0.40100690261099814,0.9505722852879687,0.9744277147120314,-0.35157918789896675,0.18729537615009653,0.023855429424062713,0.14537456404906335,0.39349999999999996
rep0060,0.91,0.9112811319195454,alg2,0.1,0.005,0.005,0.09000000000000001,abs_005_005,1000,2000,0.6475481094051647,1.1801844529827688,True,0.532636343577604,0.3524518905948353,0.9397127037075208,0.9662872962924791,-0.29216459430235603,0.21389715669028955,0.026574592584958312,0.1310617509926456,0.375
rep0061,0.24,0.23673657540056603,alg2,0.1,0.005,0.005,0.09000000000000001,abs_005_005,1000,2000,0.018409302476016187,0.6395069038473118,True,0.6210976013712957,0.6210976013712957,0.32937339075353705,0.3896266092464629,-0.31096408827752087,0.24988029460084893,0.060253218492925864,0.1413443828783698,0.4195
rep0062,0.73,0.7250989479557236,alg2,0.1,0.005,0.005,0.09000000000000001,abs_005_005,1000,2000,0.43742164530944794,1.1190180485309758,True,0.6815964032215278,0.5625783546905521,0.7649503949626186,0.8160496050373813,-0.3275287496531707,0.3029684434935945,0.0510992100747627,0.12699719314676505,0.5035000000000001
rep0063,0.81,0.8066952517827325,alg2,0.1,0.005,0.005,0.09000000000000001,abs_005_005,1000,2000,0.45363654444215945,1.0452213989328518,True,0.5915848544906923,0.5463634555578405,0.7665178834118486,0.8174821165881515,-0.3128813389696891,0.2277392823447002,0.05096423317630294,0.1456206213143894,0.39499999999999996
rep0064,0.81,0.8138791456112554,alg2,0.1,0.005,0.005,0.09000000000000001,abs_005_005,1000,2000,0.22796014741583093,0.7940615408387538,False,0.5661013934229229,0.5661013934229229,0.5474978572785675,0.6095021427214325,-0.31953770986273655,0.18455939811732128,0.06200428544286507,0.13809710798005792,0.3659999999999999
rep0065,0.30,0.29551388697284364,alg2,0.1,0.005,0.005,0.09000000000000001,abs_005_005,1000,2000,-0.14884240591543624,0.4697067301115512,True,0.6185491360269875,0.4697067301115512,0.18968564065241328,0.24131435934758672,-0.3385280465678495,0.22839237076396446,0.05162871869517344,0.13792041733181404,0.42899999999999994
rep0066,0.21,0.20986478582471357,alg2,0.1,0.005,0.005,0.09000000000000001,abs_005_005,1000,2000,-0.0381781395629579,0.516599414884758,True,0.5547775544477159,0.516599414884758,0.2702567519186526,0.32774324808134736,-0.3084348914816105,0.18885616680341066,0.057486496162694745,0.11479105828502112,0.38250000000000006
rep0067,0.73,0.7264906891111869,alg2,0.1,0.005,0.005,0.09000000000000001,abs_005_005,1000,2000,0.3270303536173431,0.9870052046410052,True,0.659974851023662,0.659974851023662,0.6619892134613913,0.7200107865386086,-0.33495885984404816,0.2669944181023966,0.05802157307721734,0.1449532779464448,0.4569999999999999
rep0068,0.60,0.6036724431929373,alg2,0.1,0.005,0.005,0.09000000000000001,abs_005_005,1000,2000,0.5382303643368465,1.0754741764592168,True,0.5372438121223704,0.46176963566315354,0.8414122727884706,0.8845877272115293,-0.3031819084516242,0.19088644924768744,0.0431754544230587,0.14006835769931164,0.354
rep0069,0.71,0.7146461153736874,alg2,0.1,0.005,0.005,0.09000000000000001,abs_005_005,1000,2000,0.4614789496517982,1.0872356782990373,True,0.6257567286472392,0.5385210503482019,0.7545136695890364,0.8064863304109635,-0.29303471993723823,0.2807493478880738,0.051972660821927086,0.11378406782531209,0.46
rep0070,0.38,0.38493011072598804,alg2,0.1,0.005,0.005,0.09000000000000001,abs_005_005,1000,2000,0.10920382977174059,0.6792191392185911,True,0.5700153094468505,0.5700153094468505,0.4207535461327661,0.4832464538672339,-0.3115497163610255,0.19597268535135715,0.062492907734467806,0.13602240171238272,0.3715
rep0071,0.59,0.589244588033342,alg2,0.1,0.005,0.005,0.09000000000000001,abs_005_005,1000,2000,0.18391844467726615,0.8792648530203726,True,0.6953464083431065,0.6953464083431065,0.5651925996378261,0.6268074003621739,-0.38127415496055994,0.25245745265819874,0.061614800724347774,0.12223160761875873,0.5115
rep0072,0.36,0.35856004626953336,alg2,0.1,0.005,0.005,0.09000000000000001,abs_005_005,1000,2000,0.10052130018358946,0.6266542192918005,True,0.5261329191082111,0.5261329191082111,0.3677621689742447,0.42923783102575536,-0.26724086879065523,0.19741638826604518,0.06147566205151067,0.1301572570567004,0.3345
rep0073,0.31,0.3098747873646647,alg2,0.1,0.005,0.005,0.09000000000000001,abs_005_005,1000,2000,-0.06860370833703011,0.5147679141318235,True,0.5833716224688537,0.5147679141318235,0.3176042878964205,0.3773957121035795,-0.3862079962334506,0.1373722020282441,0.059791424207158994,0.12858019826169464,0.395
rep0074,0.90,0.9049964966462319,alg2,0.1,0.005,0.005,0.09000000000000001,abs_005_005,1000,2000,0.6593310583599203,1.1633138279323587,True,0.5039827695724384,0.34066894164007966,1.0,1.0,-0.34066894164007966,0.1633138279323588,0.0,0.11948276957243847,0.3845
rep0075,0.32,0.31874561649802047,alg2,0.1,0.005,0.005,0.09000000000000001,abs_005_005,1000,2000,0.14141177043309971,0.7914588121842514,True,0.6500470417511517,0.6500470417511517,0.46261081981797425,0.5253891801820257,-0.32119904938487454,0.26606963200222566,0.06277836036405149,0.13026868138710024,0.45699999999999996
rep0076,0.71,0.7130176578255591,alg2,0.1,0.005,0.005,0.09000000000000001,abs_005_005,1000,2000,0.4241982823073559,1.039305404676293,True,0.6151071223689372,0.5758017176926441,0.7759340576564474,0.8260659423435527,-0.3517357753490915,0.2132394623327404,0.05013188468710528,0.12297523768183194,0.44199999999999995
rep0077,0.23,0.22551714755685845,alg2,0.1,0.005,0.005,0.09000000000000001,abs_005_005,1000,2000,-0.1154040421692536,0.6469393146173559,True,0.7623433567866095,0.6469393146173559,0.3176042878964205,0.3773957121035795,-0.4330083300656741,0.26954360251377646,0.059791424207158994,0.14105193257945048,0.5615
rep0078,0.22,0.21628460971412697,alg2,0.1,0.005,0.005,0.09000000000000001,abs_005_005,1000,2000,-0.31005117236501045,0.38735861498482477,True,0.6974097873498353,0.38735861498482477,0.14830696849208294,0.19569303150791703,-0.45835814085709337,0.19166558347690774,0.04738606301583409,0.1310237243340011,0.519
rep0079,0.95,0.9510635793135657,alg2,0.1,0.005,0.005,0.09000000000000001,abs_005_005,1000,2000,0.6522302930375827,1.189483454365688,True,0.5372531613281053,0.34776970696241727,0.9290043926582024,0.9579956073417976,-0.2767740996206197,0.23148784702389044,0.028991214683595112,0.1447619466445102,0.3635
rep0080,0.71,0.7113832984140084,alg2,0.1,0.005,0.005,0.09000000000000001,abs_005_005,1000,2000,0.6338676334202245,1.2425972057693766,True,0.6087295723491521,0.36613236657977555,1.0,1.0,-0.3661323665797756,0.2425972057693766,0.0,0.12372957234915205,0.4850000000000001
rep0081,0.12,0.12213959433561365,alg2,0.1,0.005,0.005,0.09000000000000001,abs_005_005,1000,2000,-0.13226944926722461,0.47711361247884426,True,0.6093830617460689,0.47711361247884426,0.16204546344268006,0.21095453655731994,-0.2943149127099047,0.2661590759215243,0.04890907311463988,0.12947398863142906,0.4309999999999999
rep0082,0.82,0.8178167395012349,alg2,0.1,0.005,0.005,0.09000000000000001,abs_005_005,1000,2000,0.6254083242945943,1.1705663466113079,True,0.5451580223167136,0.37459167570540575,0.9284442524630578,0.9575557475369421,-0.3030359281684636,0.21301059907436581,0.02911149507388422,0.1325465272428294,0.3835
rep0083,0.06,0.060662964465063446,alg2,0.1,0.005,0.005,0.09000000000000001,abs_005_005,1000,2000,-0.37694356770293214,0.25793557302595754,True,0.6348791407288896,0.25793557302595754,0.02220296243628548,0.044797037563714524,-0.39914653013921764,0.21313853546224304,0.022594075127429045,0.12028506560146068,0.492
rep0084,0.62,0.6150758790395158,alg2,0.1,0.005,0.005,0.09000000000000001,abs_005_005,1000,2000,0.23297085335394108,0.8338869133953635,True,0.6009160600414224,0.6009160600414224,0.5581098655587582,0.6198901344412417,-0.3251390122048171,0.21399677895412175,0.06178026888248356,0.14563579115893888,0.39349999999999996
rep0085,0.29,0.2902428209069779,alg2,0.1,0.005,0.005,0.09000000000000001,abs_005_005,1000,2000,-0.05758188694087263,0.5253872763062264,True,0.582969163247099,0.5253872763062264,0.21847929908416402,0.27252070091583597,-0.27606118602503665,0.25286657539039037,0.05404140183167194,0.128427761415427,0.4005000000000001
rep0086,0.25,0.24637299433828597,alg2,0.1,0.005,0.005,0.09000000000000001,abs_005_005,1000,2000,-0.12877767718136823,0.5168635064757713,True,0.6456411836571395,0.5168635064757713,0.22474210530174416,0.27925789469825585,-0.3535197824831124,0.2376056117775154,0.054515789396511694,0.1271253942606278,0.464
rep0087,0.61,0.6119961961191355,alg2,0.1,0.005,0.005,0.09000000000000001,abs_005_005,1000,2000,0.2915695532000306,0.9046873605656155,True,0.613117807365585,0.613117807365585,0.6338343247628427,0.6931656752371572,-0.34226477156281215,0.21152168532845825,0.05933135047431448,0.14528645689127045,0.4084999999999999
rep0088,0.80,0.799499301024024,alg2,0.1,0.005,0.005,0.09000000000000001,abs_005_005,1000,2000,0.44925928151255157,1.1856771413829075,True,0.7364178598703559,0.5507407184874484,0.8398132852208581,0.883186714779142,-0.3905540037083065,0.3024904266037654,0.04337342955828394,0.13954443031207198,0.5535
rep0089,0.55,0.5544814732727213,alg2,0.1,0.005,0.005,0.09000000000000001,abs_005_005,1000,2000,0.08599401650286276,0.7023096564947484,True,0.6163156399918857,0.6163156399918857,0.417772284788868,0.480227715211132,-0.33177826828600526,0.22208194128361636,0.06245543042226398,0.1443602095696217,0.4095
rep0090,0.92,0.9180134247207182,alg2,0.1,0.005,0.005,0.09000000000000001,abs_005_005,1000,2000,0.7074768447866656,1.2979112183225974,True,0.5904343735359318,0.2925231552133344,1.0,1.0,-0.2925231552133344,0.29791121832259737,0.0,0.14143437353593175,0.449
rep0091,0.84,0.8398910044723701,alg2,0.1,0.005,0.005,0.09000000000000001,abs_005_005,1000,2000,0.46768846839621525,1.026641021053376,True,0.5589525526571608,0.5323115316037847,0.78169815947531,0.83130184052469,-0.3140096910790947,0.19533918052868599,0.049603681049380066,0.1383488716077808,0.37099999999999994
rep0092,0.28,0.2777960637703798,alg2,0.1,0.005,0.005,0.09000000000000001,abs_005_005,1000,2000,0.15713648317232948,0.7354687593291394,True,0.5783322761568099,0.5783322761568099,0.4192627720965005,0.48173722790349954,-0.262126288924171,0.25373153142563987,0.06247445580699906,0.12335782034981085,0.3925
rep0093,0.63,0.6264023877908076,alg2,0.1,0.005,0.005,0.09000000000000001,abs_005_005,1000,2000,0.3274839235627098,0.848504631615522,True,0.5210207080528122,0.5210207080528122,0.607318880831548,0.667681119168452,-0.27983495726883817,0.1808235124470701,0.06036223833690402,0.13415846971590817,0.3265000000000001
rep0094,0.72,0.719674020727301,alg2,0.1,0.005,0.005,0.09000000000000001,abs_005_005,1000,2000,0.5840400685026603,1.1967706127630124,True,0.6127305442603521,0.4159599314973397,0.9062626208900766,0.9397373791099235,-0.32222255238741626,0.2570332336530889,0.03347475821984691,0.14475578604050515,0.43450000000000005
rep0095,0.20,0.20396992166666802,alg2,0.1,0.005,0.005,0.09000000000000001,abs_005_005,1000,2000,0.007929093848424551,0.7131478118942158,True,0.7052187180457913,0.7052187180457913,0.30879117326680194,0.3682088267331981,-0.3008620794183774,0.34493898516101773,0.05941765346639616,0.13980106457939512,0.506
rep0096,0.59,0.5921568741881831,alg2,0.1,0.005,0.005,0.09000000000000001,abs_005_005,1000,2000,0.18191256527080935,0.802563781226146,True,0.6206512159553367,0.6206512159553367,0.549518079532449,0.611481920467551,-0.3676055142616397,0.191081860758595,0.06196384093510199,0.13818737502023476,0.42049999999999993
rep0097,0.57,0.5667784780317234,alg2,0.1,0.005,0.005,0.09000000000000001,abs_005_005,1000,2000,0.23339648427099408,0.8047786323350168,True,0.5713821480640227,0.5713821480640227,0.5550763877737737,0.6169236122262263,-0.3216799035027796,0.18785502010879052,0.06184722445245261,0.1405349236115701,0.36899999999999994
rep0098,0.49,0.4860515321766179,alg2,0.1,0.005,0.005,0.09000000000000001,abs_005_005,1000,2000,0.37416554588801254,0.9578223341247541,True,0.5836567882367416,0.5836567882367416,0.6707155896253978,0.7282844103746022,-0.29655004373738525,0.2295379237501519,0.05756882074920444,0.14008796748753716,0.386
rep0099,0.47,0.4665370407527249,alg2,0.1,0.005,0.005,0.09000000000000001,abs_005_005,1000,2000,0.16448287122920358,0.8394113927503871,True,0.6749285215211835,0.6749285215211835,0.47811422621935307,0.5408857737806468,-0.3136313549901495,0.2985256189697403,0.06277154756129377,0.13765697395988974,0.47450000000000003
rep0100,0.23,0.2314452131134777,alg2,0.1,0.005,0.005,0.09000000000000001,abs_005_005,1000,2000,-0.09713898953318545,0.5768933900649846,True,0.6740323795981701,0.5768933900649846,0.3210348023418273,0.38096519765817266,-0.41817379187501275,0.19592819240681195,0.059930395316345364,0.11760198428182478,0.49649999999999994
rep0101,0.18,0.18241329731071446,alg2,0.1,0.005,0.005,0.09000000000000001,abs_005_005,1000,2000,-0.12929683429813063,0.5020521787365055,True,0.6313490130346362,0.5020521787365055,0.1935136695890364,0.2454863304109636,-0.32281050388716703,0.25656584832554197,0.0519726608219272,0.11987635221270909,0.4594999999999999
rep0102,0.37,0.3696194439412057,alg2,0.1,0.005,0.005,0.09000000000000001,abs_005_005,1000,2000,0.15052546684809154,0.7533357713283244,True,0.6028103044802329,0.6028103044802329,0.5077041980027415,0.5702958019972586,-0.35717873115464993,0.18303996933106587,0.06259160399451713,0.13971870048571577,0.40049999999999997
rep0103,0.53,0.5313669461368673,alg2,0.1,0.005,0.005,0.09000000000000001,abs_005_005,1000,2000,0.12908331761754033,0.7947992312849704,True,0.6657159136674301,0.6657159136674301,0.4816191716535089,0.5443808283464912,-0.3525358540359686,0.2504184029384793,0.06276165669298223,0.1299542569744479,0.47300000000000003
rep0104,0.73,0.7304876450895312,alg2,0.1,0.005,0.005,0.09000000000000001,abs_005_005,1000,2000,0.36964203966338294,1.0959850906384134,True,0.7263430509750305,0.6303579603366171,0.7305915655985304,0.7844084344014695,-0.3609495259351475,0.3115766562369439,0.05381686880293901,0.13152618217209133,0.541
rep0105,0.57,0.5667347679489478,alg2,0.1,0.005,0.005,0.09000000000000001,abs_005_005,1000,2000,0.22925043055558814,0.821811492542844,True,0.5925610619872559,0.5925610619872559,0.5636743247433105,0.6253256752566896,-0.33442389418772234,0.19648581728615444,0.06165135051337911,0.1309097114738768,0.39999999999999997
rep0106,0.38,0.37986130137793056,alg2,0.1,0.005,0.005,0.09000000000000001,abs_005_005,1000,2000,-0.10429456979547524,0.4925886273286245,True,0.5968831971240998,0.4925886273286245,0.23439294587556614,0.2896070541244339,-0.3386875156710414,0.20298157320419064,0.055214108248867744,0.131669088875232,0.41000000000000003
rep0107,0.27,0.27407532462958295,alg2,0.1,0.005,0.005,0.09000000000000001,abs_005_005,1000,2000,0.21512208241753789,0.8496515988638127,True,0.6345295164462748,0.6345295164462748,0.5288353975019042,0.5911646024980959,-0.31371331508436634,0.25848699636571676,0.062329204996191656,0.13920031145008316,0.43299999999999994
rep0108,0.47,0.4707711637301804,alg2,0.1,0.005,0.005,0.09000000000000001,abs_005_005,1000,2000,0.22090480013563482,0.7255665900165573,True,0.5046617898809225,0.5046617898809225,0.45961364537822724,0.5223863546217727,-0.23870884524259242,0.20318023539478464,0.0627727092435455,0.11638908063737718,0.3254999999999999
rep0109,0.38,0.3848717507370416,alg2,0.1,0.005,0.005,0.09000000000000001,abs_005_005,1000,2000,0.08167837319212173,0.743434736731853,True,0.6617563635397312,0.6617563635397312,0.4546208674103579,0.5173791325896421,-0.37294249421823616,0.226055604142211,0.06275826517928418,0.12949809836044712,0.46950000000000003
rep0110,0.80,0.7989159746856644,alg2,0.1,0.005,0.005,0.09000000000000001,abs_005_005,1000,2000,0.6016327218697235,1.1367794617982339,True,0.5351467399285104,0.3983672781302765,0.9150874190503846,0.9469125809496155,-0.3134546971806611,0.18986688084861839,0.0318251618992309,0.14332157802927947,0.36
rep0111,0.12,0.12400952746142559,alg2,0.1,0.005,0.005,0.09000000000000001,abs_005_005,1000,2000,-0.13469291451738602,0.5483069903010842,True,0.6829999048184703,0.5483069903010842,0.19830367837274548,0.2506963216272545,-0.3329965928901315,0.29761066867382974,0.05239264325450904,0.13810726156396125,0.49250000000000005
rep0112,0.39,0.38563753348671403,alg2,0.1,0.005,0.005,0.09000000000000001,abs_005_005,1000,2000,0.02489463351479393,0.5982725523780208,True,0.5733779188632269,0.5733779188632269,0.3195643646066943,0.37943563539330566,-0.29466973109190037,0.21883691698471508,0.059871270786611364,0.1330066480766155,0.3805
rep0113,0.63,0.6343612694543586,alg2,0.1,0.005,0.005,0.09000000000000001,abs_005_005,1000,2000,0.4814937768595851,1.039531433008341,True,0.5580376561487559,0.518506223140415,0.7953534926105922,0.8436465073894078,-0.3138597157510071,0.19588492561893323,0.048293014778815646,0.14424464136994025,0.3655
rep0114,0.21,0.21241080187871833,alg2,0.1,0.005,0.005,0.09000000000000001,abs_005_005,1000,2000,0.13210581378909664,0.734048162950126,True,0.6019423491610294,0.6019423491610294,0.43717091780294814,0.4998290821970519,-0.3050651040138515,0.23421908075307407,0.06265816439410377,0.14278418476692567,0.39649999999999996
rep0115,0.56,0.5572411844543719,alg2,0.1,0.005,0.005,0.09000000000000001,abs_005_005,1000,2000,0.10846304933163109,0.8805451404132433,True,0.7720820910816122,0.7720820910816122,0.49715959643633084,0.559840403563669,-0.38869654710469975,0.32070473684957423,0.0626808071273382,0.12090128395427402,0.5885
rep0116,0.53,0.5326044114477568,alg2,0.1,0.005,0.005,0.09000000000000001,abs_005_005,1000,2000,0.1854047826399816,0.8143773468581064,True,0.6289725642181248,0.6289725642181248,0.5409357309486759,0.603064269051324,-0.35553094830869425,0.21131307780678238,0.06212853810264818,0.13934402611547653,0.42750000000000005
rep0117,0.18,0.18098441911046229,alg2,0.1,0.005,0.005,0.09000000000000001,abs_005_005,1000,2000,-0.27807939222235617,0.3260488341615186,True,0.6041282263838748,0.3260488341615186,0.07066836310775715,0.10633163689224284,-0.3487477553301133,0.21971719726927574,0.035663273784485694,0.12596495259938906,0.44249999999999995
rep0118,0.45,0.4474671950089837,alg2,0.1,0.005,0.005,0.09000000000000001,abs_005_005,1000,2000,0.25763331764874536,0.8362834919775034,True,0.578650174328758,0.578650174328758,0.5687364043778771,0.630263595622123,-0.31110308672913173,0.20601989635538043,0.06152719124424588,0.12662298308451214,0.39049999999999996
rep0119,0.28,0.2787521235495636,alg2,0.1,0.005,0.005,0.09000000000000001,abs_005_005,1000,2000,-0.0847681900667096,0.5218749865467033,True,0.6066431766134128,0.5218749865467033,0.30536707878957486,0.3646329212104252,-0.39013526885628447,0.15724206533627813,0.05926584242085031,0.1243773341925627,0.42299999999999993
rep0120,0.60,0.596182596130875,alg2,0.1,0.005,0.005,0.09000000000000001,abs_005_005,1000,2000,0.4413844753542006,1.0454633142340581,True,0.6040788388798575,0.5586155246457993,0.78904546344268,0.83795453655732,-0.3476609880884794,0.20750877767673803,0.04890907311463999,0.1366697657652175,0.4185
rep0121,0.25,0.2485601873078287,alg2,0.1,0.005,0.005,0.09000000000000001,abs_005_005,1000,2000,-0.09031090078170098,0.42783493494045705,True,0.518145835722158,0.42783493494045705,0.17822353496003787,0.2287764650399621,-0.26853443574173885,0.19905846990049494,0.05055293007992423,0.11709290564223374,0.35050000000000003
rep0122,0.08,0.07709053478553804,alg2,0.1,0.005,0.005,0.09000000000000001,abs_005_005,1000,2000,-0.2658773085915087,0.3940068481171143,True,0.659884156708623,0.3940068481171143,0.1653702190117967,0.21462978098820332,-0.4312475276033054,0.179377067128911,0.04925956197640663,0.12262459473221643,0.488
rep0123,0.53,0.5298974392230134,alg2,0.1,0.005,0.005,0.09000000000000001,abs_005_005,1000,2000,0.3401377967724374,0.9666939044849299,True,0.6265561077124925,0.6265561077124925,0.7197063384648152,0.7742936615351848,-0.37956854169237786,0.19240024294974511,0.05458732307036951,0.14196878464212298,0.43
rep0124,0.71,0.7125174212717241,alg2,0.1,0.005,0.005,0.09000000000000001,abs_005_005,1000,2000,0.47864194192011505,1.0302981300134428,True,0.5516561880933277,0.5213580580798849,0.7958796048190212,0.8441203951809787,-0.31723766289890615,0.18617773483246408,0.0482407903619575,0.13841539773137035,0.3649999999999999
rep0125,0.45,0.45243036585239726,alg2,0.1,0.005,0.005,0.09000000000000001,abs_005_005,1000,2000,0.12672087733055654,0.6811742093823498,True,0.5544533320517933,0.5544533320517933,0.4297041980027415,0.49229580199725853,-0.302983320672185,0.18887840738509137,0.06259160399451702,0.14436172805727632,0.34750000000000003
rep0126,0.42,0.4156068894601565,alg2,0.1,0.005,0.005,0.09000000000000001,abs_005_005,1000,2000,-0.039348667294324624,0.6194384916003788,True,0.6587871588947034,0.6194384916003788,0.30976981987800734,0.3692301801219927,-0.34911848717233196,0.25020831147838607,0.05946036024398538,0.13432679865071817,0.46499999999999986
rep0127,0.59,0.5939947331228512,alg2,0.1,0.005,0.005,0.09000000000000001,abs_005_005,1000,2000,0.3352680139041206,0.8992630231831233,True,0.5639950092790027,0.5639950092790027,0.6119011247137863,0.6720988752862137,-0.27663311080966574,0.2271641478969096,0.06019775057242738,0.12979725870657532,0.374
rep0128,0.52,0.515352207355193,alg2,0.1,0.005,0.005,0.09000000000000001,abs_005_005,1000,2000,0.3527045728641517,0.8526837396007076,True,0.49997916673655596,0.49997916673655596,0.6047744275378668,0.6652255724621332,-0.2520698546737151,0.1874581671385744,0.0604511449242664,0.14502802181228952,0.29450000000000004
rep0129,0.76,0.7626184336266676,alg2,0.1,0.005,0.005,0.09000000000000001,abs_005_005,1000,2000,0.4299394256290341,0.9362118738093484,True,0.5062724481803144,0.5062724481803144,0.7352633368606162,0.7887366631393838,-0.3053239112315821,0.14747521066996463,0.05347332627876766,0.12929912190154658,0.3235000000000001
rep0130,0.76,0.760274583270415,alg2,0.1,0.005,0.005,0.09000000000000001,abs_005_005,1000,2000,0.5022694202078545,1.0891413142907522,True,0.5868718940828977,0.4977305797921455,0.7597291951008449,0.811270804899155,-0.25745977489299043,0.2778705093915971,0.05154160979831013,0.14283028428458755,0.39249999999999996
rep0131,0.52,0.5229193925795493,alg2,0.1,0.005,0.005,0.09000000000000001,abs_005_005,1000,2000,0.30878067050139024,0.9315717410896863,True,0.6227910705882961,0.6227910705882961,0.6861439709253001,0.7428560290746999,-0.37736330042390986,0.18871571201498638,0.056712058149399835,0.12407901243889619,0.44200000000000006
rep0132,0.84,0.84236346040491,alg2,0.1,0.005,0.005,0.09000000000000001,abs_005_005,1000,2000,0.3151425009718347,0.969889323882305,True,0.6547468229104703,0.6547468229104703,0.7461802848537862,0.7988197151462137,-0.43103778388195146,0.17106960873609117,0.05263943029242757,0.12560739261804277,0.4764999999999999
rep0133,0.83,0.8317829406902948,alg2,0.1,0.005,0.005,0.09000000000000001,abs_005_005,1000,2000,0.4930558976999996,1.0120279258261373,True,0.5189720281261377,0.5069441023000004,0.7953534926105922,0.8436465073894078,-0.3022975949105926,0.1683814184367296,0.048293014778815646,0.13567901334732224,0.33499999999999996
rep0134,0.84,0.8361878329836531,alg2,0.1,0.005,0.005,0.09000000000000001,abs_005_005,1000,2000,0.46486675351854045,0.9782761106389511,True,0.5134093571204107,0.5134093571204107,0.7420187382697412,0.7949812617302587,-0.27715198475120073,0.1832948489086924,0.05296252346051755,0.1424468336598932,0.31799999999999995
rep0135,0.86,0.8550909895959153,alg2,0.1,0.005,0.005,0.09000000000000001,abs_005_005,1000,2000,0.45692109457959734,1.0432095398545802,True,0.5862884452749828,0.5430789054204026,0.8043069684920829,0.851693031507917,-0.3473858739124856,0.19151650834666317,0.047386063015834035,0.14140238225914886,0.3974999999999999
rep0136,0.56,0.5591669730250985,alg2,0.1,0.005,0.005,0.09000000000000001,abs_005_005,1000,2000,0.22600752371427102,0.853500843576585,True,0.6274933198623139,0.6274933198623139,0.6425243902109112,0.7014756097890888,-0.4165168664966402,0.15202523378749605,0.058951219578177616,0.12704210028413626,0.44149999999999995
rep0137,0.87,0.869250465774666,alg2,0.1,0.005,0.005,0.09000000000000001,abs_005_005,1000,2000,0.5469853979617565,1.2272849094632385,True,0.680299511501482,0.4530146020382435,1.0,1.0,-0.45301460203824345,0.22728490946323843,0.0,0.1362995115014819,0.5439999999999999
rep0138,0.67,0.6714526155779372,alg2,0.1,0.005,0.005,0.09000000000000001,abs_005_005,1000,2000,0.3752419263442728,0.914214168276943,True,0.5389722419326702,0.5389722419326702,0.6558363550198262,0.7141636449801739,-0.2805944286755534,0.2000505232967691,0.05832728996034775,0.1336449519723225,0.347
rep0139,0.55,0.5459346046903469,alg2,0.1,0.005,0.005,0.09000000000000001,abs_005_005,1000,2000,0.3608436948349903,1.0105382933539424,True,0.6496945985189522,0.6391563051650098,0.677910841263611,0.735089158736389,-0.3170671464286207,0.2754491346175534,0.05717831747277802,0.1400162810461742,0.45249999999999996
rep0140,0.62,0.6190868499708994,alg2,0.1,0.005,0.005,0.09000000000000001,abs_005_005,1000,2000,0.37435703328402875,1.0116354525142683,True,0.6372784192302396,0.6256429667159713,0.6655810198973708,0.7234189801026292,-0.2912239866133421,0.2882164724116392,0.05783796020525833,0.1289404590249812,0.4505000000000001
rep0141,0.29,0.2937715974362318,alg2,0.1,0.005,0.005,0.09000000000000001,abs_005_005,1000,2000,0.08906346904253604,0.6832035213780542,True,0.5941400523355181,0.5941400523355181,0.42870917340287934,0.4912908265971207,-0.3396457043603433,0.1919126947809335,0.06258165319424136,0.11555839914127675,0.41600000000000004
rep0142,0.83,0.834391376856184,alg2,0.1,0.005,0.005,0.09000000000000001,abs_005_005,1000,2000,0.5240938309295593,1.160996788725329,True,0.6369029577957697,0.4759061690704407,0.8784576562181166,0.9165423437818834,-0.3543638252885572,0.24445444494344562,0.03808468756376682,0.14181827023200272,0.45700000000000013
rep0143,0.39,0.3911087817219962,alg2,0.1,0.005,0.005,0.09000000000000001,abs_005_005,1000,2000,0.10748021372481764,0.7211795651356578,True,0.6136993514108402,0.6136993514108402,0.41528877716653484,0.4777112228334652,-0.3078085634417172,0.24346834230219272,0.06242244566693034,0.13577690574390988,0.4155000000000001
rep0144,0.35,0.3548673598577421,alg2,0.1,0.005,0.005,0.09000000000000001,abs_005_005,1000,2000,0.19682267696239875,0.7610572479027529,True,0.5642345709403541,0.5642345709403541,0.47961615720090445,0.5423838427990956,-0.2827934802385057,0.21867340510365732,0.06276768559819113,0.14446688534216295,0.35700000000000004
rep0145,0.60,0.5990818840046812,alg2,0.1,0.005,0.005,0.09000000000000001,abs_005_005,1000,2000,0.367019951875413,0.9864423622167081,True,0.6194224103412951,0.6194224103412951,0.7493036783727455,0.8016963216272545,-0.3822837264973325,0.18474604058945368,0.052392643254508986,0.1325297670867862,0.4345
rep0146,0.69,0.6862154216878891,alg2,0.1,0.005,0.005,0.09000000000000001,abs_005_005,1000,2000,0.4282809920136703,1.0490271468927268,True,0.6207461548790565,0.5717190079863297,0.6882039464237457,0.7447960535762543,-0.2599229544100754,0.30423109331647247,0.05659210715250862,0.12615404772654787,0.438
rep0147,0.62,0.6215751588168773,alg2,0.1,0.005,0.005,0.09000000000000001,abs_005_005,1000,2000,0.3621145678248949,0.997343146120584,True,0.635228578295689,0.635228578295689,0.6471294362177544,0.7058705637822456,-0.28501486839285955,0.29147258233833845,0.058741127564491125,0.13448745073119794,0.44200000000000006
rep0148,0.06,0.05817545956037128,alg2,0.1,0.005,0.005,0.09000000000000001,abs_005_005,1000,2000,-0.15694431599469727,0.4509152637187679,True,0.6078595797134652,0.4509152637187679,0.16584544565307102,0.21515455434692898,-0.3227897616477683,0.2357607093718389,0.04930910869385796,0.1180504710196072,0.4405
rep0149,0.59,0.5922523293443875,alg2,0.1,0.005,0.005,0.09000000000000001,abs_005_005,1000,2000,0.3649997593686115,0.9519094356741246,True,0.586909676305513,0.586909676305513,0.6032481778009178,0.6637518221990821,-0.23824841843230624,0.28815761347504243,0.06050364439816436,0.14440603190734863,0.38200000000000006
rep0150,0.50,0.49525634585942097,alg2,0.1,0.005,0.005,0.09000000000000001,abs_005_005,1000,2000,0.19511448520244673,0.7335761638331807,True,0.5384616786307339,0.5384616786307339,0.4991670177592699,0.56183298224073,-0.3040525325568232,0.17174318159245072,0.06266596448146006,0.13479571414927394,0.34099999999999997
rep0151,0.51,0.5129933787050873,alg2,0.1,0.005,0.005,0.09000000000000001,abs_005_005,1000,2000,0.2779848246999069,0.9781474780963209,True,0.700162653396414,0.700162653396414,0.6328126747877151,0.6921873252122849,-0.3548278500878082,0.285960152884036,0.0593746504245698,0.14078800297184424,0.5
rep0152,0.09,0.0865692862724574,alg2,0.1,0.005,0.005,0.09000000000000001,abs_005_005,1000,2000,-0.09818610920348217,0.4182641171467497,True,0.5164502263502319,0.4182641171467497,0.17536333468898577,0.22563666531101426,-0.27354944389246794,0.19262745183573549,0.05027333062202849,0.12267689572820345,0.34349999999999997
rep0153,0.48,0.4832073173983341,alg2,0.1,0.005,0.005,0.09000000000000001,abs_005_005,1000,2000,0.08098396079500181,0.6888143564147131,True,0.6078303956197113,0.6078303956197113,0.365295127213065,0.42670487278693503,-0.2843111664180632,0.26210948362777803,0.06140974557387002,0.1389206500458412,0.4075000000000001
rep0154,0.40,0.40109208941257574,alg2,0.1,0.005,0.005,0.09000000000000001,abs_005_005,1000,2000,0.13830216895417075,0.7942265465891808,True,0.6559243776350101,0.6559243776350101,0.45212565684821965,0.5148743431517804,-0.3138234878940489,0.2793522034374004,0.06274868630356073,0.11767569133144928,0.47550000000000003
rep0155,0.69,0.689446032969343,alg2,0.1,0.005,0.005,0.09000000000000001,abs_005_005,1000,2000,0.4756533869136211,1.075694100097072,True,0.6000407131834509,0.524346613086379,0.8006177560334617,0.8483822439665383,-0.32496436911984067,0.2273118561305335,0.04776448793307653,0.1422762252503741,0.41000000000000003
rep0156,0.14,0.1393879721073728,alg2,0.1,0.005,0.005,0.09000000000000001,abs_005_005,1000,2000,-0.19668312515182487,0.5439161924094027,True,0.7405993175612275,0.5439161924094027,0.11587918099943281,0.1591208190005672,-0.3125623061512577,0.3847953734088355,0.0432416380011344,0.1378576795600932,0.5595
rep0157,0.59,0.589150430142333,alg2,0.1,0.005,0.005,0.09000000000000001,abs_005_005,1000,2000,0.3980104409597455,1.075177673683858,True,0.6771672327241125,0.6019895590402544,0.7191885267325684,0.7738114732674317,-0.32117808577282286,0.30136620041642637,0.054622946534863326,0.12454428618924906,0.4980000000000001
rep0158,0.61,0.6073199373638452,alg2,0.1,0.005,0.005,0.09000000000000001,abs_005_005,1000,2000,0.2189193488674568,0.8717960973994823,True,0.6528767485320255,0.6528767485320255,0.5808990448485053,0.6421009551514948,-0.3619796959810485,0.22969514224798743,0.06120191030298949,0.13217483822903603,0.45949999999999996
rep0159,0.63,0.6314245779213238,alg2,0.1,0.005,0.005,0.09000000000000001,abs_005_005,1000,2000,0.38075669850432137,0.9912587487611676,True,0.6105020502568462,0.6105020502568462,0.7150477411140992,0.7699522588859009,-0.3342910426097778,0.2213064898752667,0.05490451777180172,0.14059753248504447,0.41500000000000004
rep0160,0.74,0.7376564844095054,alg2,0.1,0.005,0.005,0.09000000000000001,abs_005_005,1000,2000,0.3581797099001069,0.9252492582123978,True,0.567069548312291,0.567069548312291,0.6261755542841347,0.6858244457158653,-0.26799584438402785,0.23942481249653247,0.05964889143173058,0.13242065688056043,0.37499999999999994
rep0161,0.01,0.013813185400586675,alg2,0.1,0.005,0.005,0.09000000000000001,abs_005_005,1000,2000,-0.3168147518312915,0.28128620121712367,True,0.5981009530484152,0.28128620121712367,0.0,0.0,-0.3168147518312915,0.28128620121712367,0.0,0.12710095304841512,0.47100000000000003
rep0162,0.61,0.6134028005860644,alg2,0.1,0.005,0.005,0.09000000000000001,abs_005_005,1000,2000,0.30659387182276077,1.0130347471061165,True,0.7064408752833558,0.6934061281772392,0.6583993558560483,0.7166006441439517,-0.3518054840332875,0.2964341029621647,0.058201288287903497,0.12523958699545223,0.523
rep0163,0.19,0.18524019663743344,alg2,0.1,0.005,0.005,0.09000000000000001,abs_005_005,1000,2000,-0.07572319429853813,0.45819861185119803,True,0.5339218061497362,0.45819861185119803,0.22040544055020816,0.27459455944979183,-0.2961286348487463,0.1836040524014062,0.054189118899583666,0.13223268725015247,0.34750000000000003
rep0164,0.11,0.11484174020317689,alg2,0.1,0.005,0.005,0.09000000000000001,abs_005_005,1000,2000,-0.29682816600851986,0.32252377054105963,True,0.6193519365495794,0.32252377054105963,0.09589535692838332,0.1361046430716167,-0.39272352293690316,0.18641912746944295,0.040209286143233394,0.12164265040634614,0.4575
rep0165,0.38,0.38084826730824745,alg2,0.1,0.005,0.005,0.09000000000000001,abs_005_005,1000,2000,0.054187928248479844,0.6894663993700603,True,0.6352784711215804,0.6352784711215804,0.4491324418280405,0.5118675581719595,-0.3949445135795607,0.17759884119810082,0.06273511634391898,0.1415433547776615,0.431
rep0166,0.38,0.3787299719871194,alg2,0.1,0.005,0.005,0.09000000000000001,abs_005_005,1000,2000,0.15883712870291278,0.7631595039649725,True,0.6043223752620597,0.6043223752620597,0.5505283865119034,0.6124716134880966,-0.3916912578089906,0.1506878904768758,0.061943226976193255,0.1348791482858664,0.40750000000000003
rep0167,0.82,0.8222140268041133,alg2,0.1,0.005,0.005,0.09000000000000001,abs_005_005,1000,2000,0.32794704218544907,0.9699111998116745,True,0.6419641576262254,0.6419641576262254,0.660450465490264,0.718549534509736,-0.3325034233048149,0.2513616653019385,0.05809906901947204,0.13036508860675328,0.45350000000000007
rep0168,0.71,0.7093086415110121,alg2,0.1,0.005,0.005,0.09000000000000001,abs_005_005,1000,2000,0.3708558519321131,1.069263629463366,True,0.6984077775312528,0.6291441480678869,0.7995643405755413,0.8474356594244588,-0.42870848864342814,0.22182797003890717,0.04787131884891749,0.13553645868233533,0.515
rep0169,0.52,0.5225953371690368,alg2,0.1,0.005,0.005,0.09000000000000001,abs_005_005,1000,2000,0.2268238076237422,0.9311171961604571,True,0.7042933885367149,0.7042933885367149,0.5490129750300087,0.6109870249699912,-0.32218916740626646,0.32013017119046583,0.06197404993998257,0.12031933859673227,0.522
rep0170,0.70,0.7013023530707954,alg2,0.1,0.005,0.005,0.09000000000000001,abs_005_005,1000,2000,0.462858900480646,1.0849986007601833,True,0.6221397002795372,0.537141099519354,0.8122245857929675,0.8587754142070325,-0.34936568531232154,0.2262231865531507,0.04655082841406499,0.1410888718654723,0.43449999999999994
rep0171,0.56,0.5599383249133976,alg2,0.1,0.005,0.005,0.09000000000000001,abs_005_005,1000,2000,0.3747599900627087,0.937897968419027,True,0.5631379783563182,0.5631379783563182,0.6820260600177641,0.7389739399822359,-0.3072660699550554,0.19892402843679108,0.056947879964471815,0.11219009839184646,0.394
rep0172,0.26,0.2590639202579069,alg2,0.1,0.005,0.005,0.09000000000000001,abs_005_005,1000,2000,-0.0924431997475535,0.5472739926962329,True,0.6397171924437863,0.5472739926962329,0.19638701936754355,0.24861298063245646,-0.28883021911509704,0.2986610120637764,0.05222596126491291,0.1259912311788734,0.46149999999999997
rep0173,0.74,0.7363251066811258,alg2,0.1,0.005,0.005,0.09000000000000001,abs_005_005,1000,2000,0.38383994466950194,1.0797212087522363,True,0.6958812640827343,0.616160055330498,0.7109099595912739,0.7660900404087262,-0.32707001492177196,0.3136311683435102,0.05518008081745229,0.12420118326528207,0.5165000000000001
rep0174,0.81,0.8139286848050418,alg2,0.1,0.005,0.005,0.09000000000000001,abs_005_005,1000,2000,0.6098538187322011,1.2136191789319968,True,0.6037653601997957,0.3901461812677989,0.9786236126321113,0.9933763873678887,-0.3687697938999102,0.22024279156410811,0.014752774735777407,0.13651258546401834,0.4525
rep0175,0.63,0.6348894231411129,alg2,0.1,0.005,0.005,0.09000000000000001,abs_005_005,1000,2000,0.19407101339190785,0.8591153713173276,True,0.6650443579254197,0.6650443579254197,0.4931462676250192,0.5558537323749808,-0.2990752542331113,0.3032616389423468,0.06270746474996164,0.14333689317545817,0.45899999999999996
rep0176,0.47,0.4725869259755337,alg2,0.1,0.005,0.005,0.09000000000000001,abs_005_005,1000,2000,0.03474856946678928,0.7512007868613417,True,0.7164522173945524,0.7164522173945524,0.38901297503000876,0.4509870249699912,-0.3542644055632195,0.3002137618913506,0.061974049939982456,0.12897816745457003,0.5255000000000001
rep0177,0.37,0.3661877553272999,alg2,0.1,0.005,0.005,0.09000000000000001,abs_005_005,1000,2000,0.08512129964562815,0.7791850497410384,True,0.6940637500954103,0.6940637500954103,0.4891349551560032,0.5518650448439967,-0.40401365551037505,0.2273200048970418,0.06273008968799348,0.14383366040741685,0.48750000000000004
rep0178,0.58,0.5808139347307457,alg2,0.1,0.005,0.005,0.09000000000000001,abs_005_005,1000,2000,0.3636470977919378,0.9935404503317282,True,0.6298933525397904,0.6298933525397904,0.705741889140831,0.7612581108591691,-0.3420947913488932,0.2322823394725592,0.05551622171833803,0.1393771308214523,0.43500000000000005
rep0179,0.22,0.22017317015237053,alg2,0.1,0.005,0.005,0.09000000000000001,abs_005_005,1000,2000,-0.1761403715970264,0.4957062082933946,True,0.671846579890421,0.4957062082933946,0.1968661026423435,0.2491338973576565,-0.3730064742393699,0.24657231093573811,0.05226779471531301,0.14107878517510797,0.47850000000000004
rep0180,0.24,0.23704842462935202,alg2,0.1,0.005,0.005,0.09000000000000001,abs_005_005,1000,2000,0.03318823328016646,0.6292765531004619,True,0.5960883198202955,0.5960883198202955,0.3185842537117882,0.37841574628821173,-0.28539602043162177,0.2508608068122502,0.059831492576423506,0.13525682724387195,0.40099999999999997
rep0181,0.81,0.8124731630569871,alg2,0.1,0.005,0.005,0.09000000000000001,abs_005_005,1000,2000,0.4305430247305413,1.0509681044131116,True,0.6204250796825703,0.5694569752694587,0.797984747897319,0.8460152521026809,-0.3674417231667777,0.20495285231043076,0.048030504205361924,0.13489457547720846,0.43749999999999994
rep0182,0.20,0.1997976959635074,alg2,0.1,0.005,0.005,0.09000000000000001,abs_005_005,1000,2000,-0.08218062026716572,0.6015432083484185,True,0.6837238286155842,0.6015432083484185,0.24793499885601095,0.3040650011439891,-0.33011561912317666,0.29747820720442936,0.056130002287978153,0.1220938263276059,0.5055000000000001
rep0183,0.37,0.37134566744195185,alg2,0.1,0.005,0.005,0.09000000000000001,abs_005_005,1000,2000,0.14507164196783234,0.7168863793629361,True,0.5718147373951037,0.5718147373951037,0.4321923137765774,0.49480768622342264,-0.28712067180874506,0.2220786931395135,0.06261537244684523,0.1291993649482585,0.38000000000000006
rep0184,0.74,0.7354696566930434,alg2,0.1,0.005,0.005,0.09000000000000001,abs_005_005,1000,2000,0.48037709766464654,1.0624687118336509,True,0.5820916141690043,0.5196229023353535,0.7775053355578222,0.8274946644421778,-0.29712823789317566,0.23497404739147304,0.04998932888435559,0.12610228528464867,0.40599999999999997
rep0185,0.10,0.10340771969498831,alg2,0.1,0.005,0.005,0.09000000000000001,abs_005_005,1000,2000,-0.21010407621488245,0.33221629336855274,True,0.5423203695834352,0.33221629336855274,0.07841891874855758,0.11558108125144242,-0.28852299496344,0.21663521211711034,0.03716216250288484,0.13915820708055038,0.366
rep0186,0.69,0.6920835306051816,alg2,0.1,0.005,0.005,0.09000000000000001,abs_005_005,1000,2000,0.5719322852752614,1.165718612397046,True,0.5937863271217846,0.4280677147247386,0.8435456096491836,0.8864543903508164,-0.27161332437392216,0.2792642220462296,0.04290878070163284,0.14487754642015166,0.4060000000000001
rep0187,0.80,0.798533047494207,alg2,0.1,0.005,0.005,0.09000000000000001,abs_005_005,1000,2000,0.41793117960727455,0.9779800969450605,True,0.560048917337786,0.560048917337786,0.7352633368606162,0.7887366631393838,-0.31733215725334163,0.1892434338056767,0.05347332627876766,0.1365755910590184,0.37
rep0188,0.89,0.8878576726046554,alg2,0.1,0.005,0.005,0.09000000000000001,abs_005_005,1000,2000,0.5202586609795503,1.0432247632682892,True,0.5229661022887389,0.4797413390204497,0.822278581355488,0.8677214186445119,-0.3020199203759377,0.17550334462377726,0.045442837289023874,0.14552326499971496,0.332
rep0189,0.68,0.6820614866402894,alg2,0.1,0.005,0.005,0.09000000000000001,abs_005_005,1000,2000,0.5017716705224236,1.138722287862933,True,0.6369506173405095,0.49822832947757645,0.8456805199179263,0.8883194800820737,-0.3439088493955027,0.2504028077808594,0.04263896016414748,0.14381165717636202,0.4505
rep0190,0.38,0.3784619675117847,alg2,0.1,0.005,0.005,0.09000000000000001,abs_005_005,1000,2000,0.12766124022679415,0.7704984548046888,True,0.6428372145778947,0.6428372145778947,0.47010870081468936,0.5328912991853105,-0.3424474605878952,0.23760715561937829,0.06278259837062117,0.12205461620727343,0.4580000000000001
rep0191,0.28,0.2819871291482782,alg2,0.1,0.005,0.005,0.09000000000000001,abs_005_005,1000,2000,0.0030701921061199178,0.7300114917479692,True,0.7269412996418493,0.7269412996418493,0.4068508318494414,0.4691491681505586,-0.40378063974332146,0.26086232359741063,0.06229833630111725,0.11814296334073204,0.5465
rep0192,0.26,0.2642608355159435,alg2,0.1,0.005,0.005,0.09000000000000001,abs_005_005,1000,2000,-0.03938675088841864,0.5759344962799623,True,0.6153212471683809,0.5759344962799623,0.3210348023418273,0.38096519765817266,-0.36042155323024594,0.1949692986217896,0.059930395316345364,0.11139085185203557,0.44399999999999995
rep0193,0.10,0.10065366890913507,alg2,0.1,0.005,0.005,0.09000000000000001,abs_005_005,1000,2000,-0.28578888604222286,0.2055707790262958,True,0.4913596650685187,0.2055707790262958,0.0,0.0,-0.28578888604222286,0.2055707790262958,0.0,0.12285966506851875,0.36849999999999994
rep0194,0.61,0.6065689152312473,alg2,0.1,0.005,0.005,0.09000000000000001,abs_005_005,1000,2000,0.26849175499195044,0.8921315515827457,True,0.6236397965907953,0.6236397965907953,0.5369002225382923,0.5990997774617076,-0.26840846754634184,0.29303177412103815,0.062199554923415334,0.13294024166738005,0.4285
rep0195,0.10,0.10236788996150449,alg2,0.1,0.005,0.005,0.09000000000000001,abs_005_005,1000,2000,-0.16852174104088516,0.3163317211005475,True,0.48485346214143266,0.3163317211005475,0.10052479008908718,0.1414752099109128,-0.26904653112997234,0.17485651118963474,0.04095041982182562,0.1334030423196071,0.3105
rep0196,0.11,0.10640820495151106,alg2,0.1,0.005,0.005,0.09000000000000001,abs_005_005,1000,2000,-0.2472864117140854,0.3971315681228147,True,0.6444179798369001,0.3971315681228147,0.061163415202838606,0.0948365847971614,-0.308449826916924,0.3022949833256533,0.03367316959432279,0.1412448102425773,0.46950000000000003
rep0197,0.80,0.7955389051940175,alg2,0.1,0.005,0.005,0.09000000000000001,abs_005_005,1000,2000,0.5971754266040625,1.18348584952937,True,0.5863104229253076,0.40282457339593747,0.9278844271523231,0.9571155728476769,-0.3307090005482606,0.2263702766816933,0.02923114569535379,0.12907927722995388,0.428
rep0198,0.72,0.7201597538360408,alg2,0.1,0.005,0.005,0.09000000000000001,abs_005_005,1000,2000,0.6024539963278895,1.2123753690171184,True,0.6099213726892289,0.39754600367211046,0.9206337055296383,0.9513662944703618,-0.31817970920174876,0.2610090745467566,0.030732588940723504,0.14168878374850535,0.4375
rep0199,0.36,0.3552953142149884,alg2,0.1,0.005,0.005,0.09000000000000001,abs_005_005,1000,2000,0.06373502257207242,0.7230399508628547,True,0.6593049282907822,0.6593049282907822,0.38901297503000876,0.4509870249699912,-0.32527795245793634,0.2720529258928635,0.061974049939982456,0.13383087835079976,0.4635
rep0200,0.28,0.27875301908221095,alg2,0.1,0.005,0.005,0.09000000000000001,abs_005_005,1000,2000,-0.017105766953773083,0.5723820757084304,True,0.5894878426622034,0.5723820757084304,0.3068343247628427,0.3661656752371573,-0.3239400917166158,0.2062164004712731,0.05933135047431459,0.134156492187889,0.39599999999999996
rep0201,0.62,0.6187795427961023,alg2,0.1,0.005,0.005,0.09000000000000001,abs_005_005,1000,2000,0.33066438988709523,0.9017847652082283,True,0.571120375321133,0.571120375321133,0.6302591986333589,0.6897408013666412,-0.29959480874626365,0.21204396384158702,0.05948160273328229,0.1181387725878506,0.3935
rep0202,0.26,0.2611469262103015,alg2,0.1,0.005,0.005,0.09000000000000001,abs_005_005,1000,2000,-0.08703931049813687,0.6299946626168005,True,0.7170339731149373,0.6299946626168005,0.235842181297473,0.291157818702527,-0.3228814917956099,0.3388368439142735,0.05531563740505399,0.13971833570988335,0.522
rep0203,0.13,0.13085876155232837,alg2,0.1,0.005,0.005,0.09000000000000001,abs_005_005,1000,2000,-0.09358656345128591,0.5066315620988517,True,0.6002181255501376,0.5066315620988517,0.21751652327784582,0.27148347672215417,-0.31110308672913173,0.23514808537669762,0.05396695344430835,0.11125117210582941,0.435
rep0204,0.41,0.4108195104512688,alg2,0.1,0.005,0.005,0.09000000000000001,abs_005_005,1000,2000,0.07623048802472615,0.7173971424990693,True,0.6411666544743431,0.6411666544743431,0.40734692509819437,0.46965307490180563,-0.3311164370734682,0.24774406759726364,0.062306149803611266,0.13486050467073185,0.44399999999999995
rep0205,0.79,0.7878764979526736,alg2,0.1,0.005,0.005,0.09000000000000001,abs_005_005,1000,2000,0.29877194404814716,1.0325515061498431,True,0.733779562101696,0.7012280559518529,0.7036759368478658,0.7593240631521343,-0.4049039927997186,0.2732274429977089,0.05564812630426852,0.13463143579742742,0.5435000000000001
rep0206,0.64,0.6364942699927159,alg2,0.1,0.005,0.005,0.09000000000000001,abs_005_005,1000,2000,0.2611547893485127,0.8634052677428524,True,0.6022504783943397,0.6022504783943397,0.634856123517449,0.6941438764825509,-0.3737013341689363,0.16926139126030149,0.059287752965101914,0.12696272542923764,0.4160000000000001
rep0207,0.49,0.4906848418763044,alg2,0.1,0.005,0.005,0.09000000000000001,abs_005_005,1000,2000,0.2790248989127403,0.8754015632485049,True,0.5963766643357646,0.5963766643357646,0.607318880831548,0.667681119168452,-0.32829398191880765,0.20772044408005297,0.06036223833690402,0.14551442599886055,0.39050000000000007
rep0208,0.79,0.7884131600923425,alg2,0.1,0.005,0.005,0.09000000000000001,abs_005_005,1000,2000,0.4353244189856262,0.9751255977986478,True,0.5398011788130217,0.5398011788130217,0.7171177555385134,0.7718822444614867,-0.28179333655288724,0.20324335333716115,0.05476448892297325,0.1230366898900484,0.362
rep0209,0.53,0.5343534617948776,alg2,0.1,0.005,0.005,0.09000000000000001,abs_005_005,1000,2000,0.16615428478723948,0.8769524993292506,True,0.7107982145420111,0.7107982145420111,0.5601328427394102,0.6218671572605897,-0.39397855795217074,0.2550853420686608,0.0617343145211795,0.11406390002083144,0.5350000000000001
rep0210,0.33,0.33438574106348895,alg2,0.1,0.005,0.005,0.09000000000000001,abs_005_005,1000,2000,-0.007868939973438405,0.580552571121061,True,0.5884215110944994,0.580552571121061,0.28924979672637796,0.34775020327362205,-0.29711873669981637,0.23280236784743888,0.05850040654724409,0.1384211045472553,0.39149999999999996
rep0211,0.60,0.6037659353980034,alg2,0.1,0.005,0.005,0.09000000000000001,abs_005_005,1000,2000,0.37420396266867395,0.953375814462775,True,0.579171851794101,0.579171851794101,0.6794537348955416,0.7365462651044583,-0.30524977222686767,0.21682954935831666,0.05709253020891669,0.13657932158518438,0.38549999999999995
rep0212,0.98,0.9780460218423522,alg2,0.1,0.005,0.005,0.09000000000000001,abs_005_005,1000,2000,0.711041562096762,1.2536521689147317,True,0.5426106068179698,0.28895843790323805,1.0,1.0,-0.28895843790323805,0.25365216891473163,0.0,0.14311060681796972,0.39949999999999997
rep0213,0.15,0.1484121191028399,alg2,0.1,0.005,0.005,0.09000000000000001,abs_005_005,1000,2000,-0.2516833033134079,0.3966617483989623,True,0.6483450517123701,0.3966617483989623,0.12664373986503585,0.17135626013496413,-0.37832704317844373,0.22530548826399813,0.04471252026992828,0.1196325314424419,0.484
rep0214,0.66,0.6628431392335704,alg2,0.1,0.005,0.005,0.09000000000000001,abs_005_005,1000,2000,0.4038122384067299,1.0713857465534242,True,0.6675735081466942,0.59618776159327,0.7264422717773495,0.7805577282226503,-0.32263003337061963,0.2908280183307739,0.0541154564453008,0.1334580517013934,0.48000000000000004
rep0215,0.68,0.6753815297588844,alg2,0.1,0.005,0.005,0.09000000000000001,abs_005_005,1000,2000,0.2627967142640407,0.9827652958678668,True,0.719968581603826,0.719968581603826,0.6425243902109112,0.7014756097890888,-0.3797276759468705,0.2812896860787779,0.058951219578177616,0.12851736202564834,0.5325000000000001
rep0216,0.82,0.8173556056467988,alg2,0.1,0.005,0.005,0.09000000000000001,abs_005_005,1000,2000,0.6068253311388982,1.2377492853426406,True,0.6309239542037424,0.39317466886110175,0.9368817939745024,0.9641182060254976,-0.33005646283560414,0.2736310793171429,0.02723641205099514,0.13568754215274703,0.46799999999999997
rep0217,0.70,0.6971727626112771,alg2,0.1,0.005,0.005,0.09000000000000001,abs_005_005,1000,2000,0.4348224629915681,1.093491891205832,True,0.6586694282142639,0.5651775370084319,0.7874699643497826,0.8365300356502176,-0.35264750135821443,0.25696185555561435,0.04906007130043499,0.13710935691382886,0.4724999999999999
rep0218,0.53,0.5325584219827054,alg2,0.1,0.005,0.005,0.09000000000000001,abs_005_005,1000,2000,-0.04571332126405764,0.5726435154215525,True,0.61835683668561,0.5726435154215525,0.29266513979650605,0.35133486020349397,-0.3383784610605637,0.22130865521805848,0.058669720406987924,0.13868711627862212,0.421
rep0219,0.26,0.26006522148105754,alg2,0.1,0.005,0.005,0.09000000000000001,abs_005_005,1000,2000,0.10262919674218635,0.7685689207822719,True,0.6659397240400855,0.6659397240400855,0.4212505344848741,0.48374946551512593,-0.31862133774268775,0.284819455267146,0.062498931030251836,0.1339407930098338,0.4695
rep0220,0.85,0.853759876232515,alg2,0.1,0.005,0.005,0.09000000000000001,abs_005_005,1000,2000,0.6120048287248748,1.1063402051235167,True,0.4943353763986419,0.3879951712751252,0.9117713842872605,0.9442286157127396,-0.29976655556238563,0.16211158941077708,0.03245723142547918,0.12487814497316274,0.33699999999999997
rep0221,0.29,0.29471783594394063,alg2,0.1,0.005,0.005,0.09000000000000001,abs_005_005,1000,2000,-0.13608462546567648,0.5324485435546991,True,0.6685331690203755,0.5324485435546991,0.23004774111409912,0.28495225888590087,-0.3661323665797756,0.24749628466879825,0.05490451777180175,0.12412865124857375,0.48950000000000005
rep0222,0.60,0.5974502663194311,alg2,0.1,0.005,0.005,0.09000000000000001,abs_005_005,1000,2000,0.3476173490396303,0.9913723713452657,True,0.6437550223056354,0.6437550223056354,0.7191885267325684,0.7738114732674317,-0.37157117769293807,0.21756089807783394,0.054622946534863326,0.14013207577077202,0.44899999999999995
rep0223,0.16,0.16311492076100237,alg2,0.1,0.005,0.005,0.09000000000000001,abs_005_005,1000,2000,-0.22968757996763484,0.4627990216892592,True,0.692486601656894,0.4627990216892592,0.14972544435065938,0.1972745556493406,-0.3794130243182942,0.2655244660399186,0.047549111298681224,0.13243749035821284,0.5125
rep0224,0.09,0.09398225610587806,alg2,0.1,0.005,0.005,0.09000000000000001,abs_005_005,1000,2000,-0.36384295417593326,0.21258307559826708,True,0.5764260297742003,0.21258307559826708,0.0,0.0,-0.36384295417593326,0.21258307559826708,0.0,0.14442602977420027,0.43200000000000005
rep0225,0.30,0.29551341108301227,alg2,0.1,0.005,0.005,0.09000000000000001,abs_005_005,1000,2000,-0.25375426987675187,0.422423057908843,True,0.6761773277855949,0.422423057908843,0.10748997836188186,0.14951002163811816,-0.3612442482386337,0.27291303627072483,0.042020043276236305,0.1331572845093586,0.501
rep0226,0.26,0.2588609592951638,alg2,0.1,0.005,0.005,0.09000000000000001,abs_005_005,1000,2000,0.00048432478591980965,0.5963337453978792,True,0.5958494206119593,0.5958494206119593,0.2726883517776822,0.3303116482223178,-0.2722040269917624,0.26602209717556147,0.0576232964446356,0.13822612416732383,0.4
rep0227,0.17,0.17268934084441262,alg2,0.1,0.005,0.005,0.09000000000000001,abs_005_005,1000,2000,-0.0021631024027009005,0.5510929438368716,True,0.5532560462395725,0.5510929438368716,0.2673401821925919,0.32465981780740805,-0.2695032845952928,0.22643312602946353,0.05731963561481612,0.14193641062475637,0.354
rep0228,0.85,0.8487852341549722,alg2,0.1,0.005,0.005,0.09000000000000001,abs_005_005,1000,2000,0.49609049711669784,1.2128438347006378,True,0.71675333758394,0.5039095028833022,0.8822491382009472,0.9197508617990529,-0.38615864108424935,0.29309297290158504,0.03750172359810566,0.13375161398583446,0.5455
rep0229,0.49,0.4925986285027818,alg2,0.1,0.005,0.005,0.09000000000000001,abs_005_005,1000,2000,0.10588889175377164,0.6706050214972699,True,0.5647161297434982,0.5647161297434982,0.4571168636872549,0.5198831363127451,-0.35122797193348326,0.15072188518452484,0.06276627262549017,0.13244985711800816,0.36949999999999994
rep0230,0.37,0.3698093315210323,alg2,0.1,0.005,0.005,0.09000000000000001,abs_005_005,1000,2000,-0.04849386411501472,0.613045906208165,True,0.6615397703231798,0.613045906208165,0.28242483165822146,0.34057516834177853,-0.3309186957732362,0.27247073786638654,0.05815033668355707,0.14288943363962264,0.4605000000000001
rep0231,0.52,0.5174532275906403,alg2,0.1,0.005,0.005,0.09000000000000001,abs_005_005,1000,2000,0.1339672900389532,0.7478484293476,True,0.6138811393086467,0.6138811393086467,0.46261081981797425,0.5253891801820257,-0.32864352977902106,0.22245924916557425,0.06277836036405149,0.13710277894459522,0.41400000000000003
rep0232,0.32,0.3249276305613271,alg2,0.1,0.005,0.005,0.09000000000000001,abs_005_005,1000,2000,-0.08373402517148185,0.4883401716545719,True,0.5720741968260538,0.4883401716545719,0.21270562642137494,0.26629437357862507,-0.2964396515928568,0.22204579807594682,0.05358874715725012,0.13898544966880366,0.37949999999999995
rep0233,0.44,0.4411253571753426,alg2,0.1,0.005,0.005,0.09000000000000001,abs_005_005,1000,2000,0.27559065862837334,0.8369230272737401,True,0.5613323686453668,0.5613323686453668,0.5682300466632261,0.6297699533367739,-0.29263938803485273,0.20715307393696625,0.061539906673547806,0.137292461971819,0.3625
rep0234,0.30,0.3017142302716192,alg2,0.1,0.005,0.005,0.09000000000000001,abs_005_005,1000,2000,0.15068547522526915,0.7083325148944822,True,0.557647039669213,0.557647039669213,0.4481349551560032,0.5108650448439968,-0.29744947993073406,0.19746747005048546,0.06273008968799354,0.1334169499812195,0.3615
rep0235,0.35,0.34969421484523144,alg2,0.1,0.005,0.005,0.09000000000000001,abs_005_005,1000,2000,-0.05069539683524332,0.5714227963632315,True,0.6221181931984747,0.5714227963632315,0.29803590971516086,0.35696409028483916,-0.3487313065504042,0.21445870607839224,0.0589281805696783,0.14319001262879638,0.42000000000000004
rep0236,0.55,0.5457336066147829,alg2,0.1,0.005,0.005,0.09000000000000001,abs_005_005,1000,2000,0.23679309302762264,0.8022666330736566,True,0.565473540046034,0.565473540046034,0.5278278728670919,0.5901721271329082,-0.29103477983946924,0.21209450594074838,0.06234425426581636,0.13012928578021765,0.373
rep0237,0.30,0.29548634029776705,alg2,0.1,0.005,0.005,0.09000000000000001,abs_005_005,1000,2000,0.06495920909644387,0.6710161329269089,True,0.6060569238304649,0.6060569238304649,0.3840654914031138,0.44593450859688616,-0.31910628230666993,0.2250816243300227,0.06186901719377236,0.1366879066366925,0.4075000000000001
rep0238,0.69,0.6908595209258626,alg2,0.1,0.005,0.005,0.09000000000000001,abs_005_005,1000,2000,0.5308418965583181,1.1306155143192085,True,0.5997736177608903,0.46915810344168185,0.8371502044113772,0.8808497955886228,-0.3063083078530591,0.24976571873058573,0.043699591177245534,0.14457402658364477,0.41150000000000003
rep0239,0.62,0.6241144830557169,alg2,0.1,0.005,0.005,0.09000000000000001,abs_005_005,1000,2000,0.41316353894789803,1.0687095818251784,True,0.6555460428772804,0.586836461052102,0.7644280154636486,0.8155719845363515,-0.35126447651575055,0.2531375972888269,0.05114396907270291,0.13740207380457747,0.46699999999999997
rep0240,0.24,0.24453791070407824,alg2,0.1,0.005,0.005,0.09000000000000001,abs_005_005,1000,2000,0.00897492638507752,0.6465580272390562,True,0.6375831008539787,0.6375831008539787,0.3731925996378262,0.43480740036217386,-0.3642176732527487,0.21175062687688234,0.06161480072434766,0.14396830012963097,0.432
rep0241,0.52,0.5164645066009014,alg2,0.1,0.005,0.005,0.09000000000000001,abs_005_005,1000,2000,0.4184246051238788,1.01819796081891,True,0.5997733556950312,0.5815753948761212,0.7985112083691187,0.8464887916308813,-0.3800866032452399,0.17170916918802875,0.0479775832617626,0.13079577243326868,0.42100000000000004
rep0242,0.35,0.35169019236869076,alg2,0.1,0.005,0.005,0.09000000000000001,abs_005_005,1000,2000,0.34156731210004404,0.8227455900532835,True,0.4811782779532395,0.4811782779532395,0.6083369091805317,0.6686630908194682,-0.2667695970804877,0.15408249923381534,0.06032618163893644,0.12685209631430305,0.294
rep0243,0.23,0.23019375670154454,alg2,0.1,0.005,0.005,0.09000000000000001,abs_005_005,1000,2000,-0.24142050829405315,0.6401157485100364,True,0.8815362568040895,0.6401157485100364,0.285348876686611,0.343651123313389,-0.5267693849806642,0.29646462519664735,0.058302246626777965,0.13673401017731135,0.6865000000000001
rep0244,0.74,0.7415957082065188,alg2,0.1,0.005,0.005,0.09000000000000001,abs_005_005,1000,2000,0.45890561991036327,1.0013064314408815,True,0.5424008115305182,0.5410943800896367,0.7958796048190212,0.8441203951809787,-0.33697398490865793,0.15718603625990288,0.0482407903619575,0.1206600211685609,0.37349999999999994
rep0245,0.47,0.47499254802102725,alg2,0.1,0.005,0.005,0.09000000000000001,abs_005_005,1000,2000,0.32716734962051375,1.0333896608511977,True,0.7062223112306839,0.6728326503794863,0.6609633417981763,0.7190366582018236,-0.33379599217766254,0.314353002649374,0.058073316403647324,0.14114899482703647,0.507
rep0246,0.78,0.7758975009320978,alg2,0.1,0.005,0.005,0.09000000000000001,abs_005_005,1000,2000,0.6609845789329403,1.1669729159312823,True,0.505988336998342,0.33901542106705973,0.9128757964690508,0.9451242035309493,-0.25189121753611055,0.221848712400333,0.032248407061898465,0.13623992993644363,0.3374999999999999
rep0247,0.28,0.2821271416173694,alg2,0.1,0.005,0.005,0.09000000000000001,abs_005_005,1000,2000,-0.16259391760407269,0.39269824239820295,True,0.5552921600022757,0.39269824239820295,0.18538343052408027,0.23661656947591972,-0.34797734812815295,0.15608167292228323,0.05123313895183945,0.14105902105043627,0.36299999999999993
rep0248,0.67,0.672988765329577,alg2,0.1,0.005,0.005,0.09000000000000001,abs_005_005,1000,2000,0.5729552878365629,1.0609879719596105,True,0.48803268412304757,0.4270447121634371,0.838747770270886,0.8822522297291141,-0.2657924824343231,0.17873574223049649,0.04350445945822812,0.14602822466481963,0.29849999999999993
rep0249,0.98,0.9801107746609174,alg2,0.1,0.005,0.005,0.09000000000000001,abs_005_005,1000,2000,0.7050915340037601,1.1938564558537217,True,0.48876492184996156,0.2949084659962399,0.9546219126941008,0.9773780873058991,-0.2495303786903407,0.21647836854782265,0.022756174611798352,0.13900874723816337,0.32699999999999996
rep0250,0.62,0.6172560258772761,alg2,0.1,0.005,0.005,0.09000000000000001,abs_005_005,1000,2000,0.3451769884165567,1.0530004732951017,True,0.707823484878545,0.6548230115834432,0.6717429903404378,0.7292570096595622,-0.32656600192388113,0.3237434636355395,0.057514019319124365,0.12530946555942057,0.525
rep0251,0.29,0.2924388188288769,alg2,0.1,0.005,0.005,0.09000000000000001,abs_005_005,1000,2000,0.055614050090565526,0.6419375437104206,True,0.586323493619855,0.586323493619855,0.35789904484850527,0.41910095515149476,-0.30228499475793974,0.2228365885589258,0.06120191030298949,0.12612158331686557,0.39899999999999997
rep0252,0.09,0.0896720602135544,alg2,0.1,0.005,0.005,0.09000000000000001,abs_005_005,1000,2000,-0.030000125679850553,0.5417462123084834,True,0.571746337988334,0.5417462123084834,0.2809633417981763,0.3390366582018237,-0.31096346747802683,0.2027095541066597,0.058073316403647435,0.13067302158468652,0.383
rep0253,0.78,0.7765999665262309,alg2,0.1,0.005,0.005,0.09000000000000001,abs_005_005,1000,2000,0.46054827585419406,1.0259057405305363,True,0.5653574646763422,0.5394517241458059,0.7321483703007181,0.7858516296992819,-0.27160009444652405,0.24005411083125436,0.053703259398563796,0.13115420527777832,0.38050000000000006
rep0254,0.83,0.8252481785937431,alg2,0.1,0.005,0.005,0.09000000000000001,abs_005_005,1000,2000,0.44541264904238853,1.041659669421597,True,0.5962470203792084,0.5545873509576115,0.8430121290770501,0.88598787092295,-0.3975994800346616,0.15567179849864698,0.042975741845899806,0.1137712785333087,0.4394999999999999
rep0255,0.13,0.13437713505510218,alg2,0.1,0.005,0.005,0.09000000000000001,abs_005_005,1000,2000,-0.23276029198037834,0.26091255619224524,True,0.4936728481726236,0.26091255619224524,0.07933372985757266,0.11666627014242735,-0.312094021837951,0.14424628604981787,0.03733254028485469,0.11734030788776889,0.33899999999999997
rep0256,0.78,0.7814779027125283,alg2,0.1,0.005,0.005,0.09000000000000001,abs_005_005,1000,2000,0.5780405104235952,1.1253874093386596,True,0.5473468989150644,0.42195948957640483,0.8698168158625901,0.9091831841374098,-0.2917763054389949,0.21620422520124974,0.03936636827481976,0.12598053064024461,0.382
rep0257,0.45,0.45240573026405834,alg2,0.1,0.005,0.005,0.09000000000000001,abs_005_005,1000,2000,0.07282200418218143,0.7399681821465376,True,0.6671461779643562,0.6671461779643562,0.46261081981797425,0.5253891801820257,-0.3897888156357928,0.21457900196451185,0.06277836036405149,0.12486781760030463,0.47950000000000004
rep0258,0.07,0.07418392827862928,alg2,0.1,0.005,0.005,0.09000000000000001,abs_005_005,1000,2000,-0.19860999872538956,0.3657513957171489,True,0.5643613944425384,0.3657513957171489,0.08575369307414563,0.12424630692585437,-0.2843636917995352,0.2415050887912945,0.03849261385170874,0.1393687805908298,0.38649999999999995
rep0259,0.68,0.6761520985115335,alg2,0.1,0.005,0.005,0.09000000000000001,abs_005_005,1000,2000,0.4902450589724385,1.0108928905969121,True,0.5206478316244736,0.5097549410275615,0.7487829784871016,0.8012170215128984,-0.25853791951466315,0.2096758690840137,0.052434043025796795,0.14021378859867678,0.32800000000000007
rep0260,0.10,0.10492620020216502,alg2,0.1,0.005,0.005,0.09000000000000001,abs_005_005,1000,2000,-0.03205835120533465,0.6021677717122789,True,0.6342261229176135,0.6021677717122789,0.23535905681343752,0.29064094318656253,-0.2674174080187722,0.3115268285257164,0.055281886373125005,0.13694423654448862,0.44199999999999995
rep0261,0.71,0.7113348004426951,alg2,0.1,0.005,0.005,0.09000000000000001,abs_005_005,1000,2000,0.19531956229672348,0.8810309888703468,True,0.6857114265736233,0.6857114265736233,0.6088459764164468,0.6691540235835532,-0.4135264141197233,0.21187696528679353,0.06030804716710647,0.12790337940651686,0.49749999999999994
rep0262,0.38,0.3806497009582499,alg2,0.1,0.005,0.005,0.09000000000000001,abs_005_005,1000,2000,0.14293206542290665,0.7745940775306598,True,0.6316620121077532,0.6316620121077532,0.4227416904324266,0.48525830956757343,-0.27980962500951995,0.28933576796308635,0.06251661913514683,0.13864539297260625,0.4305
rep0263,0.24,0.24076696152715216,alg2,0.1,0.005,0.005,0.09000000000000001,abs_005_005,1000,2000,-0.1503721459350072,0.3814945464195164,True,0.5318666923545237,0.3814945464195164,0.15114457057593728,0.1988554294240627,-0.30151671651094447,0.1826391169954537,0.047710858848125426,0.14065583350639826,0.3434999999999999
rep0264,0.52,0.5212902081011369,alg2,0.1,0.005,0.005,0.09000000000000001,abs_005_005,1000,2000,0.31825264645668194,1.003321024728771,True,0.685068378272089,0.6817473535433181,0.6650677846772033,0.7229322153227966,-0.34681513822052135,0.2803888094059743,0.05786443064559332,0.13470394762649562,0.49250000000000005
rep0265,0.68,0.6761706844565677,alg2,0.1,0.005,0.005,0.09000000000000001,abs_005_005,1000,2000,0.21723357520402364,0.8773385698374345,True,0.6601049946334109,0.6601049946334109,0.5854650503371998,0.6465349496628002,-0.3682314751331761,0.23080362017463435,0.061069899325600474,0.12953509530781043,0.4695000000000001
rep0266,0.63,0.6259585314297184,alg2,0.1,0.005,0.005,0.09000000000000001,abs_005_005,1000,2000,0.3949063302138408,1.0842620172517596,True,0.6893556870379188,0.6050936697861592,0.7529500972809454,0.8050499027190546,-0.3580437670671046,0.27921211453270495,0.052099805438109215,0.12275588159980932,0.5145000000000002
rep0267,0.64,0.6425878750607568,alg2,0.1,0.005,0.005,0.09000000000000001,abs_005_005,1000,2000,0.3705674927864169,1.0130194438092646,True,0.6424519510228477,0.6294325072135831,0.7109099595912739,0.7660900404087262,-0.340342466804857,0.24692940340053837,0.05518008081745229,0.14227187020539545,0.44499999999999995
rep0268,0.57,0.5688767604756515,alg2,0.1,0.005,0.005,0.09000000000000001,abs_005_005,1000,2000,0.361361330342696,1.0295966291616423,True,0.6682352988189463,0.638638669657304,0.6420129086256539,0.7009870913743461,-0.28065157828295784,0.3286095377872961,0.05897418274869226,0.13926111607025393,0.47
rep0269,0.61,0.6090884634770819,alg2,0.1,0.005,0.005,0.09000000000000001,abs_005_005,1000,2000,0.4552731499883838,1.0744858489852294,True,0.6192126989968456,0.5447268500116162,0.7373409959336705,0.7906590040663295,-0.2820678459452867,0.28382684491889987,0.05331800813265897,0.14289469086418666,0.423
rep0270,0.12,0.11526616192747224,alg2,0.1,0.005,0.005,0.09000000000000001,abs_005_005,1000,2000,-0.2131316613913733,0.44278025039357227,True,0.6559119117849456,0.44278025039357227,0.12899010444620118,0.1740098955537988,-0.3421217658375745,0.26877035483977346,0.04501979110759763,0.13139212067734796,0.4794999999999999
rep0271,0.47,0.4681751684593391,alg2,0.1,0.005,0.005,0.09000000000000001,abs_005_005,1000,2000,0.16823478317862534,0.6947636498622444,True,0.526528866683619,0.526528866683619,0.4531236467655985,0.5158763532344015,-0.2848888635869732,0.1788872966278429,0.06275270646880299,0.12777616021481608,0.33599999999999997
rep0272,0.40,0.39833590945832087,alg2,0.1,0.005,0.005,0.09000000000000001,abs_005_005,1000,2000,0.0916981884825227,0.7349824622206862,True,0.6432842737381634,0.6432842737381634,0.4351790968905382,0.49782090310946187,-0.3434809084080155,0.23716155911122438,0.06264180621892368,0.1141424675192399,0.46649999999999997
rep0273,0.71,0.7075613822911984,alg2,0.1,0.005,0.005,0.09000000000000001,abs_005_005,1000,2000,0.43878442474149465,1.0917371177436221,True,0.6529526930021274,0.5612155752585053,0.7545136695890364,0.8064863304109635,-0.3157292448475418,0.28525078733265863,0.051972660821927086,0.13648003218020033,0.4645
rep0274,0.85,0.8471606975483279,alg2,0.1,0.005,0.005,0.09000000000000001,abs_005_005,1000,2000,0.45906734546277006,1.1061598273043707,True,0.6470924818416006,0.5409326545372299,0.8328940950358161,0.8771059049641838,-0.37382674957304607,0.22905392234018673,0.04421180992836771,0.10938067191323286,0.49349999999999994
rep0275,0.40,0.39745467775964205,alg2,0.1,0.005,0.005,0.09000000000000001,abs_005_005,1000,2000,0.07792687672898452,0.7313716322657655,True,0.653444755536781,0.653444755536781,0.38505472624513776,0.4469452737548622,-0.30712784951615324,0.28442635851090325,0.06189054750972445,0.12655420802705641,0.4650000000000001
rep0276,0.79,0.7949538983229296,alg2,0.1,0.005,0.005,0.09000000000000001,abs_005_005,1000,2000,0.4573838033590746,0.9344423490008438,True,0.4770585456417692,0.4770585456417692,0.7103929458755661,0.7656070541244339,-0.25300914251649154,0.16883529487640994,0.055214108248867744,0.11434443739290145,0.3075
rep0277,0.93,0.930301199871631,alg2,0.1,0.005,0.005,0.09000000000000001,abs_005_005,1000,2000,0.4987628424409513,1.1722270507559522,True,0.6734642083150009,0.5012371575590486,0.9499961495962436,0.9740038504037564,-0.45123330715529225,0.19822320035219587,0.0240077008075128,0.13345650750748805,0.516
rep0278,0.37,0.3696752001735406,alg2,0.1,0.005,0.005,0.09000000000000001,abs_005_005,1000,2000,0.03380688144380389,0.596758953026684,True,0.5629520715828802,0.5629520715828802,0.3524800927735901,0.4135199072264099,-0.3186732113297862,0.1832390458002741,0.06103981445281981,0.1064122571300603,0.39549999999999996
rep0279,0.13,0.13147382621153028,alg2,0.1,0.005,0.005,0.09000000000000001,abs_005_005,1000,2000,-0.029381117265229073,0.7089009419451249,True,0.738282059210354,0.7089009419451249,0.3337921031411069,0.39420789685889307,-0.363173220406336,0.31469304508623186,0.06041579371778616,0.13386626549256775,0.544
rep0280,0.36,0.35594285033815837,alg2,0.1,0.005,0.005,0.09000000000000001,abs_005_005,1000,2000,-0.0919015173747624,0.6439220187617081,True,0.7358235361364704,0.6439220187617081,0.21270562642137494,0.26629437357862507,-0.30460714379613735,0.37762764518308295,0.05358874715725012,0.1407347889792202,0.5415000000000001
rep0281,0.20,0.19703011471716847,alg2,0.1,0.005,0.005,0.09000000000000001,abs_005_005,1000,2000,-0.1142714588491412,0.5449633797764386,True,0.6592348386255797,0.5449633797764386,0.2522951969108842,0.30870480308911585,-0.3665666557600254,0.2362585766873227,0.05640960617823165,0.13982523244734812,0.46299999999999997
rep0282,0.53,0.534914057172963,alg2,0.1,0.005,0.005,0.09000000000000001,abs_005_005,1000,2000,0.21695627357857028,0.8921630267171845,True,0.6752067531386142,0.6752067531386142,0.5066993493231869,0.5693006506768131,-0.28974307574461666,0.3228623760403714,0.06260130135362618,0.14060545178498807,0.472
rep0283,0.41,0.41419228502596483,alg2,0.1,0.005,0.005,0.09000000000000001,abs_005_005,1000,2000,0.23437232667003405,0.873150364376838,True,0.638778037706804,0.638778037706804,0.542449580714241,0.604550419285759,-0.30807725404420694,0.268599945091079,0.06210083857151805,0.14367719913528598,0.43299999999999994
rep0284,0.39,0.3925913844947507,alg2,0.1,0.005,0.005,0.09000000000000001,abs_005_005,1000,2000,0.17827046441138544,0.9054345102002435,True,0.727164045788858,0.727164045788858,0.526316826326671,0.588683173673329,-0.34804636191528554,0.3167513365269144,0.062366347346658024,0.14379769844219992,0.521
rep0285,0.61,0.6124263297024947,alg2,0.1,0.005,0.005,0.09000000000000001,abs_005_005,1000,2000,0.25916608567219085,0.9940672922443008,True,0.7349012065721099,0.7349012065721099,0.6892341910699098,0.7457658089300903,-0.43006810539771895,0.2483014833142106,0.05653161786018046,0.13286958871192944,0.5455000000000001
rep0286,0.09,0.09137197017140981,alg2,0.1,0.005,0.005,0.09000000000000001,abs_005_005,1000,2000,-0.28223153812038193,0.4212618138431484,True,0.7034933519635304,0.4212618138431484,0.14405551123320842,0.1909444887667916,-0.42628704935359035,0.23031732507635683,0.046888977533583176,0.14010437442994728,0.5165
rep0287,0.42,0.42216382842444045,alg2,0.1,0.005,0.005,0.09000000000000001,abs_005_005,1000,2000,0.18071179665986048,0.841162437868618,True,0.6604506412087575,0.6604506412087575,0.5082066698589959,0.5707933301410041,-0.3274948731991354,0.2703691077276139,0.06258666028200821,0.13186398092674934,0.46599999999999997
rep0288,0.33,0.3283444126896285,alg2,0.1,0.005,0.005,0.09000000000000001,abs_005_005,1000,2000,-0.08371987596856331,0.5651720895817207,True,0.6488919655502841,0.5651720895817207,0.24648238759923183,0.3025176124007682,-0.33020226356779514,0.2626544771809526,0.05603522480153636,0.13285674074874776,0.45999999999999996
rep0289,0.49,0.48946100113100743,alg2,0.1,0.005,0.005,0.09000000000000001,abs_005_005,1000,2000,0.06645079858838476,0.660505330747141,True,0.5940545321587563,0.5940545321587563,0.3964403151242497,0.4585596848757503,-0.32998951653586495,0.20194564587139074,0.062119369751500564,0.13943516240725579,0.3924999999999999
rep0290,0.28,0.2770114750704152,alg2,0.1,0.005,0.005,0.09000000000000001,abs_005_005,1000,2000,0.03547560623386059,0.6818469802072942,True,0.6463713739734336,0.6463713739734336,0.39891771804241316,0.4610822819575868,-0.36344211180855257,0.2207646982497074,0.062164563915173665,0.14020681005826008,0.44399999999999995
rep0291,0.52,0.5193958589819763,alg2,0.1,0.005,0.005,0.09000000000000001,abs_005_005,1000,2000,0.14639557613128534,0.6877960271898824,True,0.541400451058597,0.541400451058597,0.42224460664375535,0.4847553933562447,-0.27584903051247,0.20304063383363774,0.06251078671248933,0.13988966434610772,0.339
rep0292,0.38,0.3772387157893864,alg2,0.1,0.005,0.005,0.09000000000000001,abs_005_005,1000,2000,-0.016337225209949235,0.7646429498606431,True,0.7809801750705923,0.7646429498606431,0.42970419800274146,0.4922958019972586,-0.4460414232126907,0.27234714786338454,0.06259160399451713,0.13638857107607516,0.5820000000000001
rep0293,0.51,0.5051984499773295,alg2,0.1,0.005,0.005,0.09000000000000001,abs_005_005,1000,2000,0.19468027050701076,0.8987227686359811,True,0.7040424981289704,0.7040424981289704,0.4856267090521901,0.54837329094781,-0.2909464385451793,0.3503494776881712,0.06274658189561988,0.11829591623335056,0.5229999999999999
rep0294,0.21,0.21121855142287588,alg2,0.1,0.005,0.005,0.09000000000000001,abs_005_005,1000,2000,-0.3026503999734872,0.3402397013719495,True,0.6428901013454367,0.3402397013719495,0.07522190417734079,0.11177809582265921,-0.377872304150828,0.22846160554929024,0.036556191645318425,0.13883390970011833,0.4674999999999999
rep0295,0.17,0.17080313050950222,alg2,0.1,0.005,0.005,0.09000000000000001,abs_005_005,1000,2000,-0.22477315008736812,0.38015863872851785,True,0.6049317888158859,0.38015863872851785,0.13462998370932114,0.18037001629067886,-0.35940313379668926,0.19978862243783896,0.045740032581357726,0.12619175623452822,0.433
rep0296,0.79,0.7918184605324403,alg2,0.1,0.005,0.005,0.09000000000000001,abs_005_005,1000,2000,0.5177297970585222,1.1065061315803517,True,0.5887763345218295,0.4822702029414778,0.8212188962137241,0.8667811037862758,-0.303489099155202,0.23972502779407595,0.045562207572551694,0.12121412694927797,0.422
rep0297,0.73,0.7341329586862794,alg2,0.1,0.005,0.005,0.09000000000000001,abs_005_005,1000,2000,0.5151012863555087,1.0791278461703413,True,0.5640265598148326,0.48489871364449133,0.8898541181812,0.9261458818188001,-0.37475283182569125,0.1529819643515413,0.036291763637600116,0.13973479617723256,0.38799999999999996
rep0298,0.83,0.8339748580835719,alg2,0.1,0.005,0.005,0.09000000000000001,abs_005_005,1000,2000,0.5054083245578078,1.0689842710256867,True,0.5635759464678789,0.4945916754421922,0.824929248701566,0.870070751298434,-0.31952092414375827,0.1989135197272528,0.045141502596868,0.1189344438710111,0.3995
rep0299,0.51,0.5115871638625324,alg2,0.1,0.005,0.005,0.09000000000000001,abs_005_005,1000,2000,-0.03192222799027633,0.6748644589222021,True,0.7067866869124785,0.6748644589222021,0.4172755194488647,0.4797244805511353,-0.44919774743914104,0.1951399783710668,0.062448961102270606,0.1208377258102078,0.5235000000000001
rep0300,0.40,0.40364277439345886,alg2,0.1,0.005,0.005,0.09000000000000001,abs_005_005,1000,2000,0.016818307406486876,0.5150380004833963,True,0.49821969307690944,0.49821969307690944,0.2697705543888063,0.32722944561119366,-0.25295224698231944,0.1878085548722026,0.05745889122238734,0.1242608018545221,0.31649999999999995
rep0301,0.87,0.8664360110278116,alg2,0.1,0.005,0.005,0.09000000000000001,abs_005_005,1000,2000,0.3815158582380483,0.9754947066191217,True,0.5939788483810735,0.5939788483810735,0.65788667708642,0.7161133229135801,-0.2763708188483717,0.2593813837055417,0.058226645827160084,0.14575220255391347,0.38999999999999996
rep0302,0.49,0.4898968316994281,alg2,0.1,0.005,0.005,0.09000000000000001,abs_005_005,1000,2000,0.30401784171058827,0.886789424734664,True,0.5827715830240758,0.5827715830240758,0.5905416309021364,0.6514583690978636,-0.28652378919154814,0.23533105563680048,0.06091673819572718,0.14435484482834865,0.3775
rep0303,0.92,0.924732878909452,alg2,0.1,0.005,0.005,0.09000000000000001,abs_005_005,1000,2000,0.679984148121781,1.149691497981311,True,0.4697073498595301,0.320015851878219,0.9476971181781783,0.9723028818218217,-0.2677129700563973,0.1773886161594894,0.02460576364364342,0.12560158621588668,0.3195
rep0304,0.33,0.32739430932171654,alg2,0.1,0.005,0.005,0.09000000000000001,abs_005_005,1000,2000,0.18990138761710917,0.8096353526770513,True,0.6197339650599422,0.6197339650599422,0.5056946273053349,0.5683053726946652,-0.3157932396882257,0.24132997998238612,0.06261074538933031,0.14462321967061192,0.4124999999999999
rep0305,0.73,0.7336793722224937,alg2,0.1,0.005,0.005,0.09000000000000001,abs_005_005,1000,2000,0.4658115855359882,1.1013696849058296,True,0.6355580993698414,0.5341884144640118,0.8206891770051052,0.8663108229948948,-0.354877591469117,0.2350588619109349,0.04562164598978957,0.1399364533800519,0.45000000000000007
rep0306,0.59,0.5870863789564866,alg2,0.1,0.005,0.005,0.09000000000000001,abs_005_005,1000,2000,0.2713799029479045,1.0053567086120683,True,0.7339768056641638,0.7286200970520955,0.607318880831548,0.667681119168452,-0.33593897788364346,0.33767558944361636,0.06036223833690402,0.14361456732725975,0.53
rep0307,0.45,0.44910197027138676,alg2,0.1,0.005,0.005,0.09000000000000001,abs_005_005,1000,2000,-0.06857023911755675,0.581595681385313,True,0.6501659205028698,0.581595681385313,0.21270562642137494,0.26629437357862507,-0.2812758655389317,0.31530130780668797,0.05358874715725012,0.12557717334561969,0.471
rep0308,0.77,0.7703970605576107,alg2,0.1,0.005,0.005,0.09000000000000001,abs_005_005,1000,2000,0.6152081927758417,1.225595083174415,True,0.6103868903985732,0.3847918072241583,0.9051634152028386,0.9388365847971615,-0.2899552224269969,0.2867584983772535,0.03367316959432287,0.1322137208042503,0.4445
rep0309,0.58,0.5780358107220455,alg2,0.1,0.005,0.005,0.09000000000000001,abs_005_005,1000,2000,0.3979031154053795,0.8808773972748152,True,0.4829742818694357,0.4829742818694357,0.6333234811982477,0.6926765188017524,-0.23542036579286818,0.18820087847306283,0.059353037603504744,0.12112124426593113,0.3024999999999999
rep0310,0.39,0.38669066923314943,alg2,0.1,0.005,0.005,0.09000000000000001,abs_005_005,1000,2000,0.0008695611332504849,0.6045781390640022,True,0.6037085779307516,0.6037085779307516,0.31809425265098834,0.3779057473490116,-0.31722469151773786,0.22667239171499057,0.05981149469802327,0.13439708323272836,0.4095000000000001
rep0311,0.49,0.4882251147484456,alg2,0.1,0.005,0.005,0.09000000000000001,abs_005_005,1000,2000,0.27959893625050886,0.8393141526696438,True,0.559715216419135,0.559715216419135,0.6185250204820637,0.6784749795179362,-0.33892608423155485,0.1608391731517076,0.059949959035872524,0.1272652573832624,0.37250000000000005
rep0312,0.72,0.7212445504770939,alg2,0.1,0.005,0.005,0.09000000000000001,abs_005_005,1000,2000,0.6488289784914134,1.1613352018794303,True,0.5125062233880169,0.3511710215085866,0.9223026842418599,0.9526973157581401,-0.2734737057504465,0.2086378861212903,0.03039463151628019,0.14511159187173678,0.337
rep0313,0.48,0.48016340603663465,alg2,0.1,0.005,0.005,0.09000000000000001,abs_005_005,1000,2000,0.12572968114952293,0.7584353636092703,True,0.6327056824597475,0.6327056824597475,0.45062890780126924,0.5133710921987307,-0.3248992266517463,0.24506427141053963,0.06274218439746143,0.1349634980622859,0.43500000000000005
rep0314,0.72,0.7171292909872643,alg2,0.1,0.005,0.005,0.09000000000000001,abs_005_005,1000,2000,0.6214399807336562,1.1210099920969405,True,0.49957001136328427,0.37856001926634375,0.8741329567489138,0.9128670432510861,-0.25269297601525753,0.20814294884585427,0.03873408650217236,0.1413359248611119,0.3194999999999999
rep0315,0.66,0.6617456357742059,alg2,0.1,0.005,0.005,0.09000000000000001,abs_005_005,1000,2000,0.2873055741283377,1.0122601351912066,True,0.7249545610628689,0.7126944258716623,0.7467007165612073,0.7992992834387928,-0.4593951424328696,0.21296085175241375,0.05259856687758546,0.10485599418528335,0.5675
rep0316,0.12,0.11918135634522453,alg2,0.1,0.005,0.005,0.09000000000000001,abs_005_005,1000,2000,-0.17217538819981043,0.4887999689808171,True,0.6609753571806276,0.4887999689808171,0.18060869036509092,0.23139130963490906,-0.35278407856490135,0.25740865934590806,0.05078261926981814,0.14219273791080939,0.468
rep0317,0.21,0.21108536838904637,alg2,0.1,0.005,0.005,0.09000000000000001,abs_005_005,1000,2000,-0.038486886508229456,0.5757989183722116,True,0.6142858048804412,0.5757989183722116,0.2595699593389326,0.31643004066106734,-0.2980568458471621,0.25936887771114436,0.056860081322134715,0.13442572355830645,0.423
rep0318,0.80,0.8040956201975279,alg2,0.1,0.005,0.005,0.09000000000000001,abs_005_005,1000,2000,0.5330415224183717,1.0190421732954804,True,0.48600065087710875,0.46695847758162834,0.7592073895803303,0.8107926104196698,-0.2261658671619586,0.2082495628758107,0.051585220839339474,0.12441543003776934,0.30999999999999994
rep0319,0.46,0.46119366142127793,alg2,0.1,0.005,0.005,0.09000000000000001,abs_005_005,1000,2000,0.3033671357167932,0.8839159798714662,True,0.580548844154673,0.580548844154673,0.5505283865119034,0.6124716134880966,-0.24716125079511023,0.2714443663833696,0.061943226976193255,0.1336056171784799,0.38499999999999995
rep0320,0.62,0.6179707333947683,alg2,0.1,0.005,0.005,0.09000000000000001,abs_005_005,1000,2000,0.16430357388181133,0.7580628083323522,True,0.5937592344505409,0.5937592344505409,0.4956543616871941,0.5583456383128059,-0.3313507878053828,0.1997171700195462,0.0626912766256118,0.13406795782492897,0.397
rep0321,0.22,0.21594663720172308,alg2,0.1,0.005,0.005,0.09000000000000001,abs_005_005,1000,2000,-0.012297431205287368,0.7014002967345502,True,0.7136977279398375,0.7014002967345502,0.35789904484850527,0.41910095515149476,-0.37019647605379263,0.2822993415830554,0.06120191030298949,0.1319958176368481,0.5205
rep0322,0.46,0.459954081350642,alg2,0.1,0.005,0.005,0.09000000000000001,abs_005_005,1000,2000,0.2067179073577538,0.8495297027956996,True,0.6428117954379458,0.6428117954379458,0.48713005435299045,0.5498699456470095,-0.28041214699523664,0.29965975714869003,0.06273989129401908,0.13857190414392662,0.4415
rep0323,0.66,0.6611761223874517,alg2,0.1,0.005,0.005,0.09000000000000001,abs_005_005,1000,2000,0.3754418485986077,1.023290751192451,True,0.6478489025938432,0.6245581514013923,0.7628612247808005,0.8141387752191994,-0.38741937618219285,0.20915197597325152,0.05127755043839888,0.13357135215544436,0.46299999999999997
rep0324,0.59,0.5893382976232248,alg2,0.1,0.005,0.005,0.09000000000000001,abs_005_005,1000,2000,0.44863440071552163,1.1110391740905654,True,0.6624047733750438,0.5513655992844784,0.7827469982492978,0.8322530017507022,-0.3341125975337762,0.27878617233986325,0.04950600350140433,0.1258987698736394,0.48700000000000004
rep0325,0.67,0.6677027912669447,alg2,0.1,0.005,0.005,0.09000000000000001,abs_005_005,1000,2000,0.4515279539320566,1.019289320663238,True,0.5677613667311815,0.5484720460679434,0.7633834305240803,0.8146165694759198,-0.31185547659202373,0.20467275118731826,0.05123313895183945,0.13402822777934187,0.38250000000000006
rep0326,0.46,0.4623903026098371,alg2,0.1,0.005,0.005,0.09000000000000001,abs_005_005,1000,2000,0.08619244986591668,0.6591428725385442,True,0.5729504226726275,0.5729504226726275,0.42423313252885964,0.4867668674711404,-0.33804068266294296,0.1723760050674038,0.06253373494228076,0.13891668773034682,0.37149999999999994
rep0327,0.57,0.5668670944773284,alg2,0.1,0.005,0.005,0.09000000000000001,abs_005_005,1000,2000,0.10945306434927665,0.7468698734064101,True,0.6374168090571335,0.6374168090571335,0.4098278728670918,0.4721721271329082,-0.3003748085178152,0.27469774627350196,0.06234425426581636,0.13057255479131724,0.4444999999999999
rep0328,0.36,0.3553453240229853,alg2,0.1,0.005,0.005,0.09000000000000001,abs_005_005,1000,2000,-0.08907461687230356,0.5427351999796213,True,0.6318098168519248,0.5427351999796213,0.25568888842730475,0.3123111115726952,-0.3447635052996083,0.23042408840692608,0.05662222314539045,0.12068759370653442,0.45449999999999996
rep0329,0.32,0.3171603949473484,alg2,0.1,0.005,0.005,0.09000000000000001,abs_005_005,1000,2000,0.07421796664645319,0.6204384777339812,True,0.546220511087528,0.546220511087528,0.3855493928280553,0.4474506071719447,-0.3113314261816021,0.1729878705620365,0.0619012143438894,0.14031929674363863,0.344
rep0330,0.25,0.2517098915594002,alg2,0.1,0.005,0.005,0.09000000000000001,abs_005_005,1000,2000,-0.17099872392759125,0.5972281663662643,True,0.7682268902938556,0.5972281663662643,0.2165539451743535,0.2704460548256465,-0.38755266910194475,0.3267821115406178,0.053892109651292985,0.1338347806425626,0.5805
rep0331,0.59,0.5850644392287365,alg2,0.1,0.005,0.005,0.09000000000000001,abs_005_005,1000,2000,0.16882345660386577,0.6942252922728696,True,0.5254018356690038,0.5254018356690038,0.4446447433461683,0.5073552566538316,-0.27582128674230255,0.18687003561903787,0.06271051330766331,0.13719132236134046,0.32549999999999996
rep0332,0.32,0.31964031645980046,alg2,0.1,0.005,0.005,0.09000000000000001,abs_005_005,1000,2000,0.07811249355104355,0.6108473948796795,True,0.532734901328636,0.532734901328636,0.35494274242878854,0.4160572575712115,-0.276830248877745,0.19479013730846803,0.06111451514242294,0.14062038618621298,0.33100000000000007
rep0333,0.71,0.71193238295495,alg2,0.1,0.005,0.005,0.09000000000000001,abs_005_005,1000,2000,0.5752215367765082,1.1872404336326507,True,0.6120188968561425,0.4247784632234918,0.8789988671533279,0.9170011328466722,-0.30377733037681964,0.2702393007859787,0.038002265693344306,0.13651663116279833,0.4375
rep0334,0.91,0.9057710364771338,alg2,0.1,0.005,0.005,0.09000000000000001,abs_005_005,1000,2000,0.5618388062143567,1.1134650733583351,True,0.5516262671439784,0.43816119378564333,0.8811651357317338,0.9188348642682662,-0.31932632951737716,0.19463020909006878,0.03766972853653239,0.14545653860744595,0.3685
rep0335,0.60,0.5970340885379877,alg2,0.1,0.005,0.005,0.09000000000000001,abs_005_005,1000,2000,0.2382045647628918,0.8336658558885659,True,0.595461291125674,0.595461291125674,0.561144529365839,0.6228554706341609,-0.3229399646029472,0.210810385254405,0.061710941268321884,0.13675034985735213,0.39700000000000013
rep0336,0.49,0.4896935424380086,alg2,0.1,0.005,0.005,0.09000000000000001,abs_005_005,1000,2000,0.1759266589646234,0.8934809898477482,True,0.7175543308831247,0.7175543308831247,0.567723722280823,0.629276277719177,-0.3917970633161996,0.2642047121285711,0.06155255543835403,0.13950177544477071,0.5165
rep0337,0.32,0.3188697102776968,alg2,0.1,0.005,0.005,0.09000000000000001,abs_005_005,1000,2000,-0.22413126490172441,0.4372220993984726,True,0.661353364300197,0.4372220993984726,0.2054987815147163,0.25850121848528373,-0.4296300464164407,0.17872088091318888,0.053002436970567446,0.1203509273296296,0.488
rep0338,0.54,0.5395303569899255,alg2,0.1,0.005,0.005,0.09000000000000001,abs_005_005,1000,2000,0.21912330169633354,0.8369294227079109,True,0.6178061210115774,0.6178061210115774,0.5323627449298406,0.5946372550701594,-0.31323944323350705,0.24229216763775158,0.06227451014031882,0.12753161087125875,0.42799999999999994
rep0339,0.12,0.12154911962725856,alg2,0.1,0.005,0.005,0.09000000000000001,abs_005_005,1000,2000,-0.28587584577130104,0.31211796675146397,True,0.5979938125227651,0.31211796675146397,0.01764253705437411,0.03835746294562589,-0.30351838282567517,0.27376050380583805,0.020714925891251783,0.13277888663151327,0.4445
rep0340,0.31,0.3102217756660081,alg2,0.1,0.005,0.005,0.09000000000000001,abs_005_005,1000,2000,-0.04251472785826482,0.6530813515321932,True,0.695596079390458,0.6530813515321932,0.2936412990213143,0.3523587009786857,-0.33615602687957913,0.3007226505535074,0.05871740195737141,0.14387867743308658,0.493
rep0341,0.37,0.37343317605093007,alg2,0.1,0.005,0.005,0.09000000000000001,abs_005_005,1000,2000,0.1622116493211151,0.7946537822007299,True,0.6324421328796148,0.6324421328796148,0.5278278728670919,0.5901721271329082,-0.3656162235459768,0.20448165506782168,0.06234425426581636,0.1280978786137985,0.44199999999999995
rep0342,0.13,0.12752717516458828,alg2,0.1,0.005,0.005,0.09000000000000001,abs_005_005,1000,2000,-0.1339010594026128,0.4927471201567908,True,0.6266481795594036,0.4927471201567908,0.23680856787515667,0.2921914321248434,-0.37070962727776946,0.2005556880319474,0.05538286424968672,0.13376531530971691,0.4375
rep0343,0.75,0.7506331851311092,alg2,0.1,0.005,0.005,0.09000000000000001,abs_005_005,1000,2000,0.6288290477078702,1.2071049459229979,True,0.5782758982151277,0.3711709522921298,0.9223026842418599,0.9526973157581401,-0.2934736365339897,0.2544076301648579,0.03039463151628019,0.14538126669884766,0.40249999999999997
rep0344,0.80,0.7973487844017139,alg2,0.1,0.005,0.005,0.09000000000000001,abs_005_005,1000,2000,0.6515401253581244,1.226258923670911,True,0.5747187983127865,0.34845987464187556,1.0,1.0,-0.34845987464187556,0.22625892367091094,0.0,0.13571879831278644,0.43900000000000006
rep0345,0.45,0.44564247441258986,alg2,0.1,0.005,0.005,0.09000000000000001,abs_005_005,1000,2000,0.29673288064844794,0.9302935758856878,True,0.6335606952372399,0.6335606952372399,0.5971463275185068,0.6578536724814931,-0.3004134468700589,0.2724399034041948,0.06070734496298624,0.10285335027425369,0.47
rep0346,0.64,0.6358154888318488,alg2,0.1,0.005,0.005,0.09000000000000001,abs_005_005,1000,2000,0.25036271072584476,0.8995475482665597,True,0.649184837540715,0.649184837540715,0.6083369091805317,0.6686630908194682,-0.357974198454687,0.2308844574470915,0.06032618163893644,0.12785865590177847,0.46099999999999997
rep0347,0.41,0.40797144380603984,alg2,0.1,0.005,0.005,0.09000000000000001,abs_005_005,1000,2000,0.17901192401862692,0.6722713494660132,True,0.49325942544738627,0.49325942544738627,0.4711089519483476,0.5338910480516523,-0.2920970279297207,0.13838030141436083,0.06278209610330471,0.13047732934408157,0.3
rep0348,0.29,0.29376251328837416,alg2,0.1,0.005,0.005,0.09000000000000001,abs_005_005,1000,2000,0.16197739492530006,0.7306732141746869,True,0.5686958192493868,0.5686958192493868,0.4461403594932203,0.5088596405067797,-0.28416296456792023,0.22181357366790722,0.06271928101355939,0.13947653823582734,0.3665000000000001
rep0349,0.44,0.44186947927296477,alg2,0.1,0.005,0.005,0.09000000000000001,abs_005_005,1000,2000,0.19504188926952926,0.7843896280892688,True,0.5893477388197396,0.5893477388197396,0.4906389611887628,0.5533610388112372,-0.29559707191923357,0.23102858927803163,0.06272207762247439,0.1196256611972652,0.407
rep0350,0.38,0.38486196980731546,alg2,0.1,0.005,0.005,0.09000000000000001,abs_005_005,1000,2000,0.001839818740484167,0.606793645715671,True,0.6049538269751868,0.6049538269751868,0.36332209748033867,0.42467790251966137,-0.3614822787398545,0.1821157431960096,0.0613558050393227,0.14459802193586402,0.399
rep0351,0.10,0.09872763892192564,alg2,0.1,0.005,0.005,0.09000000000000001,abs_005_005,1000,2000,-0.28272454227351723,0.34490730733783015,True,0.6276318496113473,0.34490730733783015,0.15872396174143183,0.20727603825856816,-0.44144850401494906,0.13763126907926196,0.04855207651713633,0.13407977309421104,0.44499999999999995
rep0352,0.28,0.2844427574292811,alg2,0.1,0.005,0.005,0.09000000000000001,abs_005_005,1000,2000,0.20151380559675774,0.7204667910910257,True,0.518952985494268,0.518952985494268,0.4536226888809052,0.5163773111190948,-0.25210888328414743,0.20408947997193094,0.06275462223818962,0.1291983632560783,0.32700000000000007
rep0353,0.55,0.5500653841041604,alg2,0.1,0.005,0.005,0.09000000000000001,abs_005_005,1000,2000,0.5057827924955205,1.1314592527693845,True,0.625676460273864,0.4942172075044795,0.7785531648028003,0.8284468351971996,-0.27277037230727985,0.30301241757218483,0.04989367039439929,0.13778278987946468,0.43800000000000006
rep0354,0.25,0.24510482126387192,alg2,0.1,0.005,0.005,0.09000000000000001,abs_005_005,1000,2000,-0.10257769260816066,0.5230962484439943,True,0.6256739410521549,0.5230962484439943,0.20357892275812303,0.25642107724187696,-0.3061566153662837,0.26667517120211726,0.05284215448375393,0.130831786568401,0.44199999999999995
rep0355,0.95,0.9522585919166384,alg2,0.1,0.005,0.005,0.09000000000000001,abs_005_005,1000,2000,0.6465078549139625,1.1881601184719752,True,0.5416522635580128,0.35349214508603755,0.9598769306179393,0.9811230693820607,-0.31336907570397693,0.20703704908991455,0.021246138764121403,0.14590612479389142,0.37450000000000006
rep0356,0.68,0.6785408078428427,alg2,0.1,0.005,0.005,0.09000000000000001,abs_005_005,1000,2000,0.32174982804808994,0.8947673891051027,True,0.5730175610570127,0.5730175610570127,0.6185250204820637,0.6784749795179362,-0.29677519243397377,0.2162924095871664,0.059949959035872524,0.1240676020211402,0.389
rep0357,0.58,0.583331807645915,alg2,0.1,0.005,0.005,0.09000000000000001,abs_005_005,1000,2000,0.3166712236310859,1.0260811908195575,True,0.7094099671884716,0.6833287763689141,0.6307698198780073,0.6902301801219927,-0.3140985962469214,0.33585101069756473,0.05946036024398538,0.13744960694448616,0.5125
rep0358,0.38,0.3809641548377436,alg2,0.1,0.005,0.005,0.09000000000000001,abs_005_005,1000,2000,0.11270789392523045,0.8531902702706118,True,0.7404823763453814,0.7404823763453814,0.5147416904324267,0.5772583095675734,-0.40203379650719623,0.27593196070303844,0.06251661913514672,0.14096575721023463,0.537
rep0359,0.66,0.6648549710783686,alg2,0.1,0.005,0.005,0.09000000000000001,abs_005_005,1000,2000,0.5428933219687873,1.1208922015316998,True,0.5779988795629125,0.45710667803121274,0.8275820274778096,0.8724179725221903,-0.2846887055090223,0.2484742290095095,0.04483594504438071,0.1361629345185318,0.397
rep0360,0.43,0.4332237833125718,alg2,0.1,0.005,0.005,0.09000000000000001,abs_005_005,1000,2000,0.16481623072898938,0.741334317946577,True,0.5765180872175877,0.5765180872175877,0.4446447433461683,0.5073552566538316,-0.27982851261717895,0.23397906129274532,0.06271051330766331,0.1338075739099242,0.38000000000000006
rep0361,0.17,0.17310515974696308,alg2,0.1,0.005,0.005,0.09000000000000001,abs_005_005,1000,2000,0.05136515415613835,0.6321855005469683,True,0.5808203463908299,0.5808203463908299,0.4078430504644922,0.4701569495355078,-0.35647789630835386,0.16202855101146058,0.06231389907101559,0.13950644731981454,0.3789999999999999
rep0362,0.59,0.5929987418172065,alg2,0.1,0.005,0.005,0.09000000000000001,abs_005_005,1000,2000,0.24714261286806793,0.8499983671181395,True,0.6028557542500715,0.6028557542500715,0.5885105877497496,0.6494894122502504,-0.3413679748816817,0.20050895486788906,0.06097882450050074,0.14487692974957078,0.3969999999999999
rep0363,0.78,0.7797202523798891,alg2,0.1,0.005,0.005,0.09000000000000001,abs_005_005,1000,2000,0.3541468994560362,1.0157234536269741,True,0.661576554170938,0.6458531005439638,0.6589120740294125,0.7170879259705873,-0.3047651745733763,0.2986355276563867,0.058175851941174805,0.14290070222976292,0.4605
rep0364,0.86,0.8645679323305089,alg2,0.1,0.005,0.005,0.09000000000000001,abs_005_005,1000,2000,0.4455393421433892,1.0297837324735526,True,0.5842443903301634,0.5544606578566108,0.7639056940347361,0.8150943059652639,-0.3183663518913469,0.21468942650828876,0.051188611930527816,0.13955577839963573,0.39349999999999996
rep0365,0.26,0.25974986988586085,alg2,0.1,0.005,0.005,0.09000000000000001,abs_005_005,1000,2000,0.028343909685592028,0.7220708845725567,True,0.6937269748869648,0.6937269748869648,0.3776386695341029,0.43936133046589704,-0.3492947598485109,0.2827095541066597,0.06172266093179413,0.12800431395517053,0.504
rep0366,0.87,0.8690627549595847,alg2,0.1,0.005,0.005,0.09000000000000001,abs_005_005,1000,2000,0.46324038686875535,1.0336108688260948,True,0.5703704819573394,0.5367596131312447,0.775410421907136,0.8255895780928639,-0.3121700350383807,0.20802129073323078,0.05017915618572788,0.12369132577161152,0.3965
rep0367,0.64,0.6428989626416638,alg2,0.1,0.005,0.005,0.09000000000000001,abs_005_005,1000,2000,0.30649797803378465,1.064153129490756,True,0.7576551514569714,0.6935020219662154,0.7321483703007181,0.7858516296992819,-0.42565039226693346,0.2783014997914742,0.053703259398563796,0.12345189205840768,0.5805
rep0368,0.68,0.6753208609633297,alg2,0.1,0.005,0.005,0.09000000000000001,abs_005_005,1000,2000,0.5483547548741523,1.1749624802932492,True,0.6266077254190969,0.4516452451258477,0.8969443807826016,0.9320556192173983,-0.3485896259084494,0.2429068610758509,0.03511123843479669,0.12899648698430033,0.4624999999999999
rep0369,0.51,0.5065372343729166,alg2,0.1,0.005,0.005,0.09000000000000001,abs_005_005,1000,2000,0.2208179086499683,0.9196099033977523,True,0.698791994747784,0.698791994747784,0.6266858813114448,0.6863141186885552,-0.40586797266147645,0.23329578470919712,0.05962823737711043,0.14366375737067355,0.4955
rep0370,0.24,0.23632333791984533,alg2,0.1,0.005,0.005,0.09000000000000001,abs_005_005,1000,2000,-0.07691077197336538,0.47679982754731454,True,0.5537105995206799,0.47679982754731454,0.2697705543888063,0.32722944561119366,-0.3466813263621717,0.1495703819361209,0.05745889122238734,0.12575170829829263,0.37049999999999994
rep0371,0.58,0.575749758105001,alg2,0.1,0.005,0.005,0.09000000000000001,abs_005_005,1000,2000,0.2524665526629861,0.8837491833998008,True,0.6312826307368147,0.6312826307368147,0.549518079532449,0.611481920467551,-0.2970515268694629,0.2722672629322498,0.06196384093510199,0.14481878980171276,0.42449999999999993
rep0372,0.72,0.718979006591431,alg2,0.1,0.005,0.005,0.09000000000000001,abs_005_005,1000,2000,0.3738174297420359,0.9606449275170672,True,0.5868274977750313,0.5868274977750313,0.6548114290827928,0.7131885709172073,-0.28099399934075686,0.2474563565998599,0.05837714183441456,0.12045035594061676,0.408
rep0373,0.55,0.5517662944553136,alg2,0.1,0.005,0.005,0.09000000000000001,abs_005_005,1000,2000,0.17978493464514972,0.8686025849797718,True,0.6888176503346222,0.6888176503346222,0.582420740819448,0.643579259180552,-0.4026358061742982,0.2250233257992198,0.061158518361104086,0.1396591319735181,0.488
rep0374,0.88,0.8793070293832355,alg2,0.1,0.005,0.005,0.09000000000000001,abs_005_005,1000,2000,0.5391211894853575,1.1808422058476051,True,0.6417210163622477,0.4608788105146425,0.9156409212560109,0.9473590787439891,-0.37651973177065345,0.233483127103616,0.03171815748797813,0.1395028588742694,0.47050000000000003
rep0375,0.24,0.24001764706486642,alg2,0.1,0.005,0.005,0.09000000000000001,abs_005_005,1000,2000,-0.24756617525682828,0.35862816603600794,True,0.6061943412928362,0.35862816603600794,0.1351005089885372,0.1808994910114628,-0.3826666842453655,0.17772867502454515,0.045798982022925594,0.13839535926991064,0.42200000000000004
rep0376,0.44,0.4387207683937876,alg2,0.1,0.005,0.005,0.09000000000000001,abs_005_005,1000,2000,0.1684319595078943,0.7933265012468297,True,0.6248945417389353,0.6248945417389353,0.5041877816443183,0.5668122183556816,-0.335755822136424,0.22651428289114803,0.06262443671136331,0.1437701050275721,0.4184999999999999
rep0377,0.12,0.12480370420166471,alg2,0.1,0.005,0.005,0.09000000000000001,abs_005_005,1000,2000,-0.10120257267843613,0.5467151618752032,True,0.6479177345536393,0.5467151618752032,0.22377806393026178,0.2782219360697382,-0.3249806366086979,0.268493225805465,0.054443872139476435,0.1304738624141628,0.4630000000000001
rep0378,0.11,0.11430449700984965,alg2,0.1,0.005,0.005,0.09000000000000001,abs_005_005,1000,2000,-0.2024544513585066,0.2875023170305456,True,0.48995676838905217,0.2875023170305456,0.08851342357700832,0.12748657642299166,-0.2909678749355149,0.1600157406075539,0.038973152845983336,0.09998361554306884,0.351
rep0379,0.20,0.20453031647305683,alg2,0.1,0.005,0.005,0.09000000000000001,abs_005_005,1000,2000,-0.2268639042176689,0.2985022805295722,True,0.5253661847472411,0.2985022805295722,0.12711284039819992,0.17188715960180007,-0.3539767446158688,0.1266151209277721,0.044774319203600144,0.12009186554364093,0.3605
rep0380,0.24,0.23811846326039054,alg2,0.1,0.005,0.005,0.09000000000000001,abs_005_005,1000,2000,-0.043207268329052806,0.5273537220090736,True,0.5705609903381264,0.5273537220090736,0.2741477993740821,0.33185220062591786,-0.31735506770313493,0.1955015213831558,0.057704401251835735,0.14135658908629067,0.37150000000000005
rep0381,0.11,0.11380558123415879,alg2,0.1,0.005,0.005,0.09000000000000001,abs_005_005,1000,2000,-0.20996889101323796,0.46062273032855083,True,0.6705916213417888,0.46062273032855083,0.09081681586259016,0.13018318413740984,-0.3007857068758281,0.33043954619114096,0.03936636827481968,0.12822525306696897,0.5030000000000001
rep0382,0.49,0.4919757483035177,alg2,0.1,0.005,0.005,0.09000000000000001,abs_005_005,1000,2000,0.4346330980076802,0.9332890229018647,True,0.4986559248941845,0.4986559248941845,0.7150477411140992,0.7699522588859009,-0.280414643106419,0.1633367640159637,0.05490451777180172,0.1372514071223827,0.3065
rep0383,0.15,0.1489197703131804,alg2,0.1,0.005,0.005,0.09000000000000001,abs_005_005,1000,2000,-0.04998974035213505,0.47006091747007506,True,0.5200506578222102,0.47006091747007506,0.2242600605946784,0.2787399394053216,-0.27424980094681345,0.19132097806475346,0.0544798788106432,0.1400707790115669,0.3255
rep0384,0.20,0.20007340189381725,alg2,0.1,0.005,0.005,0.09000000000000001,abs_005_005,1000,2000,-0.22201488283563167,0.353735074246624,True,0.5757499570822556,0.353735074246624,0.1028437881465318,0.1441562118534682,-0.3248586709821635,0.2095788623931558,0.041312423706936385,0.13543753337531922,0.3990000000000001
rep0385,0.55,0.5456431806537574,alg2,0.1,0.005,0.005,0.09000000000000001,abs_005_005,1000,2000,0.2794702047165657,0.8504680980215386,True,0.5709978933049729,0.5709978933049729,0.5672174312101228,0.6287825687898771,-0.2877472264935571,0.2216855292316614,0.06156513757975435,0.14593275572521852,0.3635
rep0386,0.52,0.5224872490939236,alg2,0.1,0.005,0.005,0.09000000000000001,abs_005_005,1000,2000,0.012972424413123962,0.6003212163429067,True,0.5873487919297827,0.5873487919297827,0.34460536848371986,0.40539463151628014,-0.3316329440705959,0.19492658482662656,0.06078926303256027,0.12755952889722244,0.399
rep0387,0.69,0.6886972502706856,alg2,0.1,0.005,0.005,0.09000000000000001,abs_005_005,1000,2000,0.6065755685240612,1.1403910284392897,True,0.5338154599152285,0.39342443147593875,0.9575340482781219,0.9794659517218781,-0.35095847975406064,0.1609250767174117,0.021931903443756173,0.13938355647147227,0.37250000000000005
rep0388,0.23,0.2251468741488763,alg2,0.1,0.005,0.005,0.09000000000000001,abs_005_005,1000,2000,-0.2382667214940019,0.5543296903782708,True,0.7925964118722728,0.5543296903782708,0.27755458955295315,0.33544541044704684,-0.5158213110469551,0.21888427993122395,0.0578908208940937,0.14020559097817897,0.5945
rep0389,0.55,0.5505908481778488,alg2,0.1,0.005,0.005,0.09000000000000001,abs_005_005,1000,2000,0.4518191854758714,1.028125250577736,True,0.5763060651018647,0.5481808145241286,0.7659953287825826,0.8170046712174174,-0.3141761433067112,0.21112057936031875,0.05100934243483479,0.13929672266702997,0.386
rep0390,0.80,0.795669704744102,alg2,0.1,0.005,0.005,0.09000000000000001,abs_005_005,1000,2000,0.6631434987306376,1.1766921536146677,True,0.5135486548840301,0.3368565012693624,0.9557846857446515,0.9782153142553485,-0.29264118701401387,0.19847683935931926,0.022430628510696993,0.1376180263733331,0.35350000000000004
rep0391,0.45,0.45358503651580734,alg2,0.1,0.005,0.005,0.09000000000000001,abs_005_005,1000,2000,0.30481135724822517,0.9658733594077809,True,0.6610620021595557,0.6610620021595557,0.6358780713799941,0.6951219286200059,-0.3310667141317689,0.2707514307877749,0.0592438572400118,0.13681814491954375,0.46500000000000014
rep0392,0.42,0.4224205634563259,alg2,0.1,0.005,0.005,0.09000000000000001,abs_005_005,1000,2000,0.14107804708168614,0.8898392948788065,True,0.7487612477971204,0.7487612477971204,0.5082066698589959,0.5707933301410041,-0.36712862277730973,0.31904596473780245,0.06258666028200821,0.1386745875151122,0.5475
rep0393,0.23,0.22617613393867625,alg2,0.1,0.005,0.005,0.09000000000000001,abs_005_005,1000,2000,-0.07536893858988922,0.46461072074734244,True,0.5399796593372317,0.46461072074734244,0.21270562642137494,0.26629437357862507,-0.28807456501126416,0.1983163471687174,0.05358874715725012,0.13939091217998156,0.347
rep0394,0.68,0.6802362956247577,alg2,0.1,0.005,0.005,0.09000000000000001,abs_005_005,1000,2000,0.5242052191630064,1.164301240075051,True,0.6400960209120445,0.47579478083699356,0.8440791885540256,0.8869208114459745,-0.31987396939101925,0.2773804286290765,0.042841622891948816,0.12025439802009569,0.47700000000000004
rep0395,0.21,0.2071078162527467,alg2,0.1,0.005,0.005,0.09000000000000001,abs_005_005,1000,2000,-0.018462456764620883,0.6867838499354724,True,0.7052463067000933,0.6867838499354724,0.33035507906916306,0.3906449209308369,-0.34881753583378394,0.29613892900463545,0.060289841861673854,0.12945646483841944,0.5155
rep0396,0.35,0.3458165390188869,alg2,0.1,0.005,0.005,0.09000000000000001,abs_005_005,1000,2000,0.17225359062262735,0.7404135032501588,True,0.5681599126275314,0.5681599126275314,0.4526246360870454,0.5153753639129546,-0.28037104546441804,0.22503813933720418,0.06275072782590918,0.14390918480162224,0.3615
rep0397,0.23,0.22569766624517135,alg2,0.1,0.005,0.005,0.09000000000000001,abs_005_005,1000,2000,-0.15600038560607976,0.4806706584414463,True,0.6366710440475261,0.4806706584414463,0.1558796048190213,0.2041203951809787,-0.31187999042510106,0.2765502632604676,0.048240790361957386,0.13593025368556866,0.4525
rep0398,0.29,0.2869560971077115,alg2,0.1,0.005,0.005,0.09000000000000001,abs_005_005,1000,2000,0.014410380108384968,0.6000405407493457,True,0.5856301606409606,0.5856301606409606,0.3391966245287671,0.3998033754712329,-0.3247862444203821,0.2002371652781128,0.060606750942465815,0.14502340969849487,0.38000000000000006
rep0399,0.96,0.9596574247528689,alg2,0.1,0.005,0.005,0.09000000000000001,abs_005_005,1000,2000,0.6923547577146851,1.2478811618747383,True,0.5555264041600532,0.30764524228531487,1.0,1.0,-0.3076452422853149,0.24788116187473835,0.0,0.1425264041600533,0.413
rep0400,0.16,0.1648274519207478,alg2,0.1,0.005,0.005,0.09000000000000001,abs_005_005,1000,2000,-0.23560793349702597,0.3316489979677361,True,0.5672569314647621,0.3316489979677361,0.09358508115965104,0.13341491884034895,-0.329193014656677,0.19823407912738716,0.03982983768069791,0.10642709378406412,0.42100000000000004
rep0401,0.20,0.20279397822435086,alg2,0.1,0.005,0.005,0.09000000000000001,abs_005_005,1000,2000,-0.22311009157899284,0.2882297875773715,True,0.5113398791563644,0.2882297875773715,0.07339851298967662,0.10960148701032338,-0.29650860456866945,0.1786283005670481,0.03620297402064676,0.1251369051357175,0.35000000000000003
rep0402,0.29,0.2937077187390615,alg2,0.1,0.005,0.005,0.09000000000000001,abs_005_005,1000,2000,0.058361228842190416,0.7796219731620508,True,0.7212607443198604,0.7212607443198604,0.48312176243008637,0.5458782375699135,-0.42476053358789595,0.2337437355921373,0.06275647513982713,0.1165042691800332,0.542
rep0403,0.33,0.3312987531193831,alg2,0.1,0.005,0.005,0.09000000000000001,abs_005_005,1000,2000,0.057908896901700146,0.576648313900163,True,0.5187394169984629,0.5187394169984629,0.359870591203506,0.421129408796494,-0.30196169430180586,0.15551890510366895,0.06125881759298801,0.1369805994054747,0.3205000000000001
rep0404,0.31,0.3104127522123926,alg2,0.1,0.005,0.005,0.09000000000000001,abs_005_005,1000,2000,-0.002154735331545532,0.6449903535825425,True,0.6471450889140881,0.6449903535825425,0.36282892407447737,0.42417107592552267,-0.3649836594060229,0.22081927765701992,0.0613421518510453,0.14180293706304287,0.444
rep0405,0.61,0.6104709216473704,alg2,0.1,0.005,0.005,0.09000000000000001,abs_005_005,1000,2000,0.465501678780479,0.99264878235557,True,0.527147103575091,0.527147103575091,0.749824432274652,0.802175567725348,-0.284322753494173,0.19047321463022196,0.05235113545069603,0.139795968124395,0.33499999999999996
rep0406,0.18,0.17755348382106342,alg2,0.1,0.005,0.005,0.09000000000000001,abs_005_005,1000,2000,-0.1134286551276329,0.548256173881742,True,0.6616848290093749,0.548256173881742,0.22618852673256828,0.2808114732674317,-0.3396171818602012,0.2674447006143102,0.05462294653486344,0.13906188247451134,0.46799999999999997
rep0407,0.16,0.1551990367178863,alg2,0.1,0.005,0.005,0.09000000000000001,abs_005_005,1000,2000,-0.12451366526809321,0.5445641562636401,True,0.6690778215317332,0.5445641562636401,0.275120966685489,0.33287903331451096,-0.39963463195358223,0.21168512294912917,0.05775806662902194,0.1358197549027113,0.4755000000000001
rep0408,0.25,0.2535757297881408,alg2,0.1,0.005,0.005,0.09000000000000001,abs_005_005,1000,2000,-0.02716085279682845,0.5376170977468602,True,0.5647779505436886,0.5376170977468602,0.2566589007459293,0.31334109925407067,-0.28381975354275774,0.2242759984927895,0.05668219850814138,0.10859575203554728,0.39949999999999997
rep0409,0.65,0.6500053033514692,alg2,0.1,0.005,0.005,0.09000000000000001,abs_005_005,1000,2000,0.25713059488795365,0.9265396298224011,True,0.6694090349344475,0.6694090349344475,0.5900338186313858,0.6509661813686143,-0.3329032237434322,0.2755734484537868,0.06093236273722846,0.13047667219721898,0.47800000000000004
rep0410,0.49,0.4853730339511101,alg2,0.1,0.005,0.005,0.09000000000000001,abs_005_005,1000,2000,-0.0010574422075089185,0.5576244158519521,True,0.558681858059461,0.5576244158519521,0.26248253926752246,0.3195174607324775,-0.2635399814750314,0.23810695511947463,0.057034921464955035,0.128146936594506,0.3735
rep0411,0.44,0.4400543646308077,alg2,0.1,0.005,0.005,0.09000000000000001,abs_005_005,1000,2000,0.2888183892907653,0.9598902797599544,True,0.6710718904691891,0.6710718904691891,0.5682300466632261,0.6297699533367739,-0.27941165737246076,0.3301203264231806,0.061539906673547806,0.1270319837956414,0.48250000000000004
rep0412,0.28,0.2754297489682956,alg2,0.1,0.005,0.005,0.09000000000000001,abs_005_005,1000,2000,-0.09751320267370456,0.5794669597986769,True,0.6769801624723815,0.5794669597986769,0.19159920802103558,0.24340079197896441,-0.28911241069474014,0.3360661678197125,0.05180158395792883,0.14167857851445254,0.48350000000000004
rep0413,0.45,0.445499730616442,alg2,0.1,0.005,0.005,0.09000000000000001,abs_005_005,1000,2000,0.29342733270617394,0.8983010485937883,True,0.6048737158876144,0.6048737158876144,0.5819134749016186,0.6430865250983815,-0.28848614219544466,0.2552145234954068,0.06117305019676289,0.14520066569085133,0.3985000000000001
rep0414,0.61,0.6067062022574174,alg2,0.1,0.005,0.005,0.09000000000000001,abs_005_005,1000,2000,0.4394351005088473,0.9773308544689334,True,0.5378957539600862,0.5378957539600862,0.702126946251105,0.7578730537488949,-0.26269184574225773,0.21945780072003856,0.055746107497789854,0.12114964646229631,0.361
rep0415,0.18,0.17827364188760167,alg2,0.1,0.005,0.005,0.09000000000000001,abs_005_005,1000,2000,-0.0932248052460779,0.5396469404127112,True,0.6328717456587891,0.5396469404127112,0.22618852673256828,0.2808114732674317,-0.3194133319786462,0.2588354671452795,0.05462294653486344,0.14024879912392574,0.43799999999999994
rep0416,0.02,0.01738533997491688,alg2,0.1,0.005,0.005,0.09000000000000001,abs_005_005,1000,2000,-0.0787746840367059,0.47646789234458053,True,0.5552425763812865,0.47646789234458053,0.20261930879868628,0.25538069120131374,-0.2813939928353922,0.22108720114326677,0.052761382402627455,0.139981193978659,0.3625
rep0417,0.95,0.9462361712408387,alg2,0.1,0.005,0.005,0.09000000000000001,abs_005_005,1000,2000,0.6902600817259661,1.2291998703996234,True,0.5389397886736573,0.3097399182740339,0.9557846857446515,0.9782153142553485,-0.26552460401868533,0.25098455614427506,0.022430628510696993,0.12700916016296032,0.3895
rep0418,0.53,0.5251161563676663,alg2,0.1,0.005,0.005,0.09000000000000001,abs_005_005,1000,2000,0.3210366610953187,0.9129853714767733,True,0.5919487103814546,0.5919487103814546,0.6190348023418274,0.6789651976581726,-0.2979981412465087,0.23402017381860063,0.05993039531634525,0.1370183150651093,0.395
rep0419,0.41,0.41264708194635696,alg2,0.1,0.005,0.005,0.09000000000000001,abs_005_005,1000,2000,0.17634493518375488,0.8237208239096793,True,0.6473758887259244,0.6473758887259244,0.53185874175302,0.5941412582469799,-0.35551380656926507,0.22957956566269935,0.062282516493959994,0.11809337223196448,0.46699999999999997
rep0420,0.85,0.8477361422226604,alg2,0.1,0.005,0.005,0.09000000000000001,abs_005_005,1000,2000,0.5520284544312788,1.2277114983035293,True,0.6756830438722505,0.4479715455687212,0.9448350028478034,0.9701649971521966,-0.39280654841652457,0.2575465011513328,0.0253299943043932,0.13635304956785732,0.514
rep0421,0.74,0.7426791938620335,alg2,0.1,0.005,0.005,0.09000000000000001,abs_005_005,1000,2000,0.43378008644065075,0.9788848294340204,True,0.5451047429933698,0.5451047429933698,0.71194412581914,0.7670558741808601,-0.27816403937848927,0.2118289552531603,0.05511174836172006,0.13149299463164954,0.35850000000000004
rep0422,0.35,0.34612874823543205,alg2,0.1,0.005,0.005,0.09000000000000001,abs_005_005,1000,2000,-0.002538849601652571,0.7311621063735293,True,0.7337009559751819,0.7311621063735293,0.40040454795607344,0.46259545204392655,-0.402943397557726,0.26856665432960275,0.062190904087853105,0.14151005188732868,0.53
rep0423,0.76,0.7624919541659595,alg2,0.1,0.005,0.005,0.09000000000000001,abs_005_005,1000,2000,0.5686165992526803,1.1366511011853935,True,0.5680345019327132,0.43138340074731973,0.9284442524630578,0.9575557475369421,-0.3598276532103776,0.17909535364845136,0.02911149507388422,0.12842300685882885,0.41050000000000003
rep0424,0.36,0.35814025055484455,alg2,0.1,0.005,0.005,0.09000000000000001,abs_005_005,1000,2000,0.0053529628253561334,0.6863525206368464,True,0.6809995578114902,0.6809995578114902,0.411316826326671,0.473683173673329,-0.40596386350131486,0.2126693469635174,0.062366347346658024,0.14163321046483218,0.47700000000000004
rep0425,0.41,0.4118253375202507,alg2,0.1,0.005,0.005,0.09000000000000001,abs_005_005,1000,2000,0.20745930903387327,0.7017581689473802,True,0.4942988599135069,0.4942988599135069,0.4556191716535089,0.5183808283464911,-0.24815986261963563,0.18337734060088903,0.06276165669298223,0.1270372032205248,0.3044999999999999
rep0426,0.89,0.8892382178246042,alg2,0.1,0.005,0.005,0.09000000000000001,abs_005_005,1000,2000,0.5695130611791306,1.217982573446839,True,0.6484695122677084,0.4304869388208694,0.9178573897741681,0.9491426102258319,-0.34834432859503756,0.2688399632210071,0.03128522045166382,0.12768429181604468,0.48949999999999994
rep0427,0.67,0.6661452233932901,alg2,0.1,0.005,0.005,0.09000000000000001,abs_005_005,1000,2000,0.23856896171934205,0.8552703827609401,True,0.6167014210415981,0.6167014210415981,0.5758289240744774,0.6371710759255227,-0.33725996235513533,0.21809930683541745,0.0613421518510453,0.12185926919055279,0.4335
rep0428,0.37,0.3683436695959424,alg2,0.1,0.005,0.005,0.09000000000000001,abs_005_005,1000,2000,0.058688379358721676,0.582939034149561,True,0.5242506547908394,0.5242506547908394,0.31809425265098834,0.3779057473490116,-0.25940587329226666,0.20503328680054944,0.05981149469802327,0.13993916009281615,0.32449999999999996
rep0429,0.54,0.53538173545435,alg2,0.1,0.005,0.005,0.09000000000000001,abs_005_005,1000,2000,0.2874524683035261,0.8037917139348628,True,0.5163392456313367,0.5163392456313367,0.549518079532449,0.611481920467551,-0.2620656112289229,0.19230979346731178,0.06196384093510199,0.12687540469623476,0.32749999999999996
rep0430,0.60,0.6004174548191368,alg2,0.1,0.005,0.005,0.09000000000000001,abs_005_005,1000,2000,0.3011944647761818,0.8860796308215091,True,0.5848851660453274,0.5848851660453274,0.6063009937687206,0.6666990062312793,-0.3051065289925388,0.21938062459022975,0.060398012462558714,0.13448715358276858,0.38999999999999996
rep0431,0.51,0.5123730347347926,alg2,0.1,0.005,0.005,0.09000000000000001,abs_005_005,1000,2000,0.1893712549512826,0.8361891247004113,True,0.6468178697491287,0.6468178697491287,0.4811183709112936,0.5438816290887063,-0.291747115960011,0.292307495611705,0.06276325817741268,0.127054611571716,0.457
rep0432,0.85,0.8486664875364552,alg2,0.1,0.005,0.005,0.09000000000000001,abs_005_005,1000,2000,0.5299041272137606,1.2004505894971624,True,0.6705464622834019,0.47009587278623943,0.857988365837068,0.899011634162932,-0.3280842386233074,0.3014389553342305,0.041023268325864004,0.14452319395753782,0.48500000000000004
rep0433,0.60,0.5999105382172571,alg2,0.1,0.005,0.005,0.09000000000000001,abs_005_005,1000,2000,0.40653289178008944,0.89460931433959,True,0.48807642255950057,0.48807642255950057,0.677910841263611,0.735089158736389,-0.27137794948352156,0.15952015560320099,0.05717831747277802,0.13889810508672257,0.292
rep0434,0.33,0.3265377362700484,alg2,0.1,0.005,0.005,0.09000000000000001,abs_005_005,1000,2000,0.0575812753590666,0.6112059943495616,True,0.553624718990495,0.553624718990495,0.35297255448892356,0.41402744551107645,-0.29539127912985697,0.19717854883848507,0.06105489102215289,0.141069827968342,0.35150000000000003
rep0435,0.15,0.14977152771680624,alg2,0.1,0.005,0.005,0.09000000000000001,abs_005_005,1000,2000,-0.1353611212939608,0.36814423390511264,True,0.5035053551990735,0.36814423390511264,0.13510050898853723,0.18089949101146277,-0.27046163028249803,0.1872447428936499,0.04579898202292554,0.14670637317614793,0.311
rep0436,0.54,0.5401868898627346,alg2,0.1,0.005,0.005,0.09000000000000001,abs_005_005,1000,2000,0.26042855143752863,0.8257583375422481,True,0.5653297861047195,0.5653297861047195,0.5288353975019042,0.5911646024980959,-0.2684068460643756,0.2345937350441522,0.062329204996191656,0.14000058110852787,0.363
rep0437,0.37,0.37375328603034585,alg2,0.1,0.005,0.005,0.09000000000000001,abs_005_005,1000,2000,0.21472934941040223,0.8765496556506192,True,0.6618203062402169,0.6618203062402169,0.529339207936354,0.591660792063646,-0.3146098585259518,0.2848888635869732,0.06232158412729194,0.13999872211292502,0.45949999999999996
rep0438,0.90,0.9000160248531138,alg2,0.1,0.005,0.005,0.09000000000000001,abs_005_005,1000,2000,0.7245502528846353,1.1753446486553438,True,0.45079439577070857,0.27544974711536474,1.0,1.0,-0.2754497471153648,0.1753446486553439,0.0,0.11429439577070871,0.33649999999999997
rep0439,0.52,0.5161664041144599,alg2,0.1,0.005,0.005,0.09000000000000001,abs_005_005,1000,2000,0.13288197656094392,0.7829769990851405,True,0.6500950225241966,0.6500950225241966,0.4441462676250192,0.5068537323749808,-0.31126429106407527,0.2761232667101597,0.06270746474996158,0.13888755777423484,0.44850000000000007
rep0440,0.05,0.05345555884825453,alg2,0.1,0.005,0.005,0.09000000000000001,abs_005_005,1000,2000,-0.27607562669210634,0.3377901335351875,True,0.6138657602272939,0.3377901335351875,0.03762402456716245,0.06537597543283755,-0.3136996512592688,0.27241415810235,0.0277519508656751,0.1401138093616186,0.4460000000000001
rep0441,0.23,0.22929022495825693,alg2,0.1,0.005,0.005,0.09000000000000001,abs_005_005,1000,2000,0.009290233639830309,0.4568671230984007,True,0.44757688945857044,0.44757688945857044,0.24599827205167388,0.30200172794832614,-0.23670803841184357,0.15486539515007458,0.05600345589665226,0.10807343356191818,0.2835
rep0442,0.35,0.34669088534373405,alg2,0.1,0.005,0.005,0.09000000000000001,abs_005_005,1000,2000,0.07930486907967221,0.6890613671736163,True,0.609756498093944,0.609756498093944,0.3638153045193952,0.42518469548060484,-0.284510435439723,0.2638766716930115,0.061369390961209636,0.12638710713273438,0.42200000000000004
rep0443,0.40,0.3983478948712932,alg2,0.1,0.005,0.005,0.09000000000000001,abs_005_005,1000,2000,0.11608753753719636,0.7137458928473936,True,0.5976583553101973,0.5976583553101973,0.3667752518093203,0.42822474819067974,-0.25068771427212394,0.28552114465671397,0.061449496381359436,0.12720885892883793,0.4089999999999999
rep0444,0.86,0.8562660280433344,alg2,0.1,0.005,0.005,0.09000000000000001,abs_005_005,1000,2000,0.5731190211496366,1.0738913528872631,True,0.5007723317376265,0.42688097885036336,0.8692778794073356,0.9087221205926644,-0.2961588582576989,0.16516923229459862,0.039444241185328854,0.13082809055229755,0.33049999999999996
rep0445,0.22,0.22298442642290608,alg2,0.1,0.005,0.005,0.09000000000000001,abs_005_005,1000,2000,0.035420437615818756,0.7618582916792991,True,0.7264378540634804,0.7264378540634804,0.39346850125821037,0.4555314987417896,-0.3580480636423916,0.3063267929375095,0.06206299748357924,0.13487485657990095,0.5295000000000001
rep0446,0.63,0.6256453427510474,alg2,0.1,0.005,0.005,0.09000000000000001,abs_005_005,1000,2000,0.14619107629082467,0.7708528999959428,True,0.624661823705118,0.624661823705118,0.4496312323607329,0.5123687676392671,-0.3034401560699082,0.2584841323566757,0.0627375352785342,0.14042428842658394,0.4215
rep0447,0.91,0.9078740806315482,alg2,0.1,0.005,0.005,0.09000000000000001,abs_005_005,1000,2000,0.5381813471076883,1.0748051731808805,True,0.5366238260731923,0.4618186528923117,0.854772162700473,0.8962278372995269,-0.3165908155927847,0.17857733588135358,0.04145567459905397,0.14266815147413836,0.3524999999999999
rep0448,0.78,0.7758737271373656,alg2,0.1,0.005,0.005,0.09000000000000001,abs_005_005,1000,2000,0.3100741144273483,1.0266980783759527,True,0.7166239639486045,0.6899258855726518,0.6882039464237457,0.7447960535762543,-0.37812983199639744,0.2819020247996984,0.05659210715250862,0.14153185679609592,0.5185
rep0449,0.36,0.36175984274945505,alg2,0.1,0.005,0.005,0.09000000000000001,abs_005_005,1000,2000,0.284163058425845,1.0276147398745117,True,0.7434516814486667,0.715836941574155,0.5905416309021364,0.6514583690978636,-0.3063785724762914,0.3761563707766481,0.06091673819572718,0.13803494325293952,0.5445
rep0450,0.89,0.8859738272378596,alg2,0.1,0.005,0.005,0.09000000000000001,abs_005_005,1000,2000,0.7138330025611725,1.2694324432853474,True,0.5555994407241749,0.28616699743882745,1.0,1.0,-0.28616699743882745,0.2694324432853475,0.0,0.1360994407241749,0.4195
rep0451,0.87,0.8653336032057626,alg2,0.1,0.005,0.005,0.09000000000000001,abs_005_005,1000,2000,0.6382219927440088,1.2801976872480574,True,0.6419756945040486,0.3617780072559912,0.9431235387714477,0.9688764612285522,-0.3049015460274389,0.3113212260195052,0.025752922457104477,0.1402227720469441,0.476
rep0452,0.39,0.394610039489141,alg2,0.1,0.005,0.005,0.09000000000000001,abs_005_005,1000,2000,0.09731294349165859,0.6421827413186537,True,0.5448697978269952,0.5448697978269952,0.3801098655587582,0.44189013444124176,-0.2827969220670996,0.200292606877412,0.06178026888248356,0.11758952894451163,0.3655
rep0453,0.09,0.09455027447648914,alg2,0.1,0.005,0.005,0.09000000000000001,abs_005_005,1000,2000,-0.13197637560733194,0.5235445015966416,True,0.6555208772039736,0.5235445015966416,0.16632073709124556,0.21567926290875444,-0.2982971126985775,0.3078652386878872,0.04935852581750888,0.1311623513864647,0.475
rep0454,0.58,0.5837290921475382,alg2,0.1,0.005,0.005,0.09000000000000001,abs_005_005,1000,2000,0.45145103768923184,0.9682906624480375,True,0.5168396247588056,0.5168396247588056,0.7612949526600655,0.8127050473399345,-0.3098439149708337,0.155585615108103,0.05141009467986901,0.1289295300789367,0.3365
rep0455,0.54,0.5415444686338559,alg2,0.1,0.005,0.005,0.09000000000000001,abs_005_005,1000,2000,0.4635694948779858,1.0386230000933316,True,0.5750535052153458,0.5364305051220142,0.7493036783727455,0.8016963216272545,-0.28573418349475965,0.23692667846607723,0.052392643254508986,0.1251608619608368,0.3975
rep0456,0.64,0.6437481035648497,alg2,0.1,0.005,0.005,0.09000000000000001,abs_005_005,1000,2000,0.36647656324903116,0.9656891942152399,True,0.5992126309662087,0.5992126309662087,0.7026432315022798,0.7583567684977203,-0.33616666825324865,0.2073324257175197,0.05571353699544046,0.13649909397076831,0.40700000000000003
rep0457,0.26,0.2640833764558463,alg2,0.1,0.005,0.005,0.09000000000000001,abs_005_005,1000,2000,0.009768979622661655,0.5881560588521959,True,0.5783870792295343,0.5783870792295343,0.2819376287944344,0.3400623712055656,-0.27216864917177275,0.24809368764663026,0.05812474241113119,0.1392623368184029,0.38100000000000006
rep0458,0.58,0.5847717451956117,alg2,0.1,0.005,0.005,0.09000000000000001,abs_005_005,1000,2000,0.3525427661128207,0.8878602177542636,True,0.535317451641443,0.535317451641443,0.5986713193851936,0.6593286806148064,-0.24612855327237287,0.2285315371394572,0.06065736122961285,0.13966009041183014,0.33499999999999996
rep0459,0.78,0.7803407890735662,alg2,0.1,0.005,0.005,0.09000000000000001,abs_005_005,1000,2000,0.5847585217322742,1.0770389937911689,True,0.4922804720588947,0.41524147826772584,0.8323624900031567,0.8766375099968434,-0.24760396827088246,0.2004014837943254,0.04427501999368677,0.12900545206520786,0.319
rep0460,0.63,0.6319873927279865,alg2,0.1,0.005,0.005,0.09000000000000001,abs_005_005,1000,2000,0.2689818584348874,0.9342050775839172,True,0.6652232191490298,0.6652232191490298,0.5874952718430843,0.6485047281569157,-0.31851341340819683,0.28570034942700145,0.06100945631383148,0.13571376283519831,0.4684999999999999
rep0461,0.79,0.7893090503791472,alg2,0.1,0.005,0.005,0.09000000000000001,abs_005_005,1000,2000,0.5632720491613104,1.1473464418101842,True,0.5840743926488738,0.43672795083868965,0.8703558796568108,0.9096441203431892,-0.30708383049550053,0.23770232146699494,0.03928824068637837,0.14228615196249556,0.4024999999999999
rep0462,0.82,0.8165787770202874,alg2,0.1,0.005,0.005,0.09000000000000001,abs_005_005,1000,2000,0.43849865350313477,0.9603906614650002,True,0.5218920079618654,0.5218920079618654,0.7295539451743535,0.7834460548256464,-0.2910552916712187,0.1769446066393537,0.053892109651292985,0.13099989831057246,0.33699999999999997
rep0463,0.67,0.6702796967456214,alg2,0.1,0.005,0.005,0.09000000000000001,abs_005_005,1000,2000,0.3018688091122139,0.9084722639808851,True,0.6066034548686712,0.6066034548686712,0.6108825998498743,0.6711174001501258,-0.30901379073766033,0.23735486383075935,0.06023480030025152,0.12436865456841972,0.42199999999999993
rep0464,0.25,0.24854893018852145,alg2,0.1,0.005,0.005,0.09000000000000001,abs_005_005,1000,2000,-0.3181780464192054,0.3701099454959107,True,0.6882879919151161,0.3701099454959107,0.12476821042933361,0.16923178957066637,-0.442946256848539,0.2008781559252443,0.044463579141332754,0.13732441277378338,0.5065
rep0465,0.73,0.7322550138031816,alg2,0.1,0.005,0.005,0.09000000000000001,abs_005_005,1000,2000,0.3044608900308018,0.8589750324308876,True,0.5545141424000858,0.5545141424000858,0.6353670787895749,0.6946329212104252,-0.3309061887587731,0.16434211122046236,0.05926584242085031,0.13324829997923548,0.362
rep0466,0.19,0.19034587241629047,alg2,0.1,0.005,0.005,0.09000000000000001,abs_005_005,1000,2000,-0.08939811861320407,0.49208038464096215,True,0.5814785032541663,0.49208038464096215,0.22618852673256828,0.2808114732674317,-0.31558664534577235,0.21126891137353046,0.05462294653486344,0.13735555671930283,0.3895
rep0467,0.29,0.29274855713431724,alg2,0.1,0.005,0.005,0.09000000000000001,abs_005_005,1000,2000,0.29278179743808974,0.8577204618099579,False,0.5649386643718681,0.5649386643718681,0.612410440547034,0.672589559452966,-0.31962864310894423,0.18513090235699187,0.06017911890593197,0.1242595454659361,0.38050000000000006
rep0468,0.30,0.3027014172094155,alg2,0.1,0.005,0.005,0.09000000000000001,abs_005_005,1000,2000,0.09365690666060361,0.7324061360353724,True,0.6387492293747687,0.6387492293747687,0.4526246360870454,0.5153753639129546,-0.3589677294264418,0.2170307721224179,0.06275072782590918,0.14449850154885974,0.43149999999999994
rep0469,0.69,0.692436354301288,alg2,0.1,0.005,0.005,0.09000000000000001,abs_005_005,1000,2000,0.3406693491751698,1.0160969107769766,True,0.6754275616018068,0.6593306508248302,0.7430588087723963,0.7959411912276037,-0.4023894595972265,0.22015571954937302,0.05288238245520738,0.1335451791465994,0.48900000000000005
rep0470,0.74,0.7434616566202104,alg2,0.1,0.005,0.005,0.09000000000000001,abs_005_005,1000,2000,0.5371419019987015,1.1756776639032038,True,0.6385357619045023,0.4628580980012985,0.8660468932185561,0.9059531067814439,-0.3289049912198546,0.2697245571217599,0.039906213562887816,0.12012954834161454,0.4785
rep0471,0.30,0.3048098630189149,alg2,0.1,0.005,0.005,0.09000000000000001,abs_005_005,1000,2000,-0.04750630015963264,0.5029629448985052,True,0.5504692450581379,0.5029629448985052,0.2131864907121777,0.26681350928782227,-0.26069279087181035,0.23614943561068294,0.05362701857564456,0.13684222648249333,0.36
rep0472,0.45,0.45077422443821824,alg2,0.1,0.005,0.005,0.09000000000000001,abs_005_005,1000,2000,0.0954658416621072,0.7395940177970284,True,0.6441281761349211,0.6441281761349211,0.4157854148552344,0.4782145851447656,-0.3203195731931272,0.26137943265226277,0.06242917028953121,0.1316990058453899,0.45
rep0473,0.51,0.5071386075108679,alg2,0.1,0.005,0.005,0.09000000000000001,abs_005_005,1000,2000,0.2529769119151847,0.8712883748732556,True,0.6183114629580709,0.6183114629580709,0.5323627449298406,0.5946372550701594,-0.2793858330146559,0.27665111980309615,0.06227451014031882,0.126536952817752,0.4295
rep0474,0.37,0.36586133903478896,alg2,0.1,0.005,0.005,0.09000000000000001,abs_005_005,1000,2000,-0.04075885474369351,0.5974808025065921,True,0.6382396572502855,0.5974808025065921,0.2610260600177641,0.31797393998223583,-0.30178491476145763,0.2795068625243563,0.056947879964471704,0.12279177728581392,0.4585
rep0475,0.52,0.5178202732421197,alg2,0.1,0.005,0.005,0.09000000000000001,abs_005_005,1000,2000,0.17987179286690452,0.7943272681749516,True,0.6144554753080471,0.6144554753080471,0.47010870081468936,0.5328912991853105,-0.29023690794778484,0.26143596898964105,0.06278259837062117,0.14567287693742598,0.40599999999999997
rep0476,0.84,0.8406559881807929,alg2,0.1,0.005,0.005,0.09000000000000001,abs_005_005,1000,2000,0.7363300162735531,1.1882269487750643,True,0.4518969325015112,0.2636699837264469,1.0,1.0,-0.26366998372644695,0.1882269487750642,0.0,0.12939693250151124,0.32249999999999995
rep0477,0.14,0.14204946977544622,alg2,0.1,0.005,0.005,0.09000000000000001,abs_005_005,1000,2000,-0.07612960648877748,0.6125118166505732,True,0.6886414231393507,0.6125118166505732,0.2946176117415047,0.35338238825849533,-0.37074721823028217,0.25912942839207787,0.058764776516990636,0.13987664662236,0.49
rep0478,0.66,0.655505023483159,alg2,0.1,0.005,0.005,0.09000000000000001,abs_005_005,1000,2000,0.49102711675041505,1.093350440969361,True,0.6023233242189461,0.508972883249585,0.8595979785784666,0.9004020214215334,-0.3685708618280516,0.19294841954782765,0.04080404284306671,0.13801928137587915,0.4235000000000001
rep0479,0.47,0.47342875933991696,alg2,0.1,0.005,0.005,0.09000000000000001,abs_005_005,1000,2000,0.18211596605903363,0.8121095499076372,True,0.6299935838486035,0.6299935838486035,0.5298430504644922,0.5921569495355079,-0.3477270844054586,0.21995260037212933,0.0623138990710157,0.14517968477758791,0.4225
rep0480,0.67,0.6666146655076384,alg2,0.1,0.005,0.005,0.09000000000000001,abs_005_005,1000,2000,0.41845280930127543,0.9359139365817384,True,0.517461127280463,0.517461127280463,0.6702019503720724,0.7277980496279275,-0.251749141070797,0.20811588695381095,0.05759609925585507,0.12636502802460792,0.3335
rep0481,0.62,0.6236445793214657,alg2,0.1,0.005,0.005,0.09000000000000001,abs_005_005,1000,2000,0.45183761371200537,0.9821257188805155,True,0.5302881051685101,0.5302881051685101,0.7222961154038772,0.7767038845961229,-0.2704585016918718,0.20542183428439248,0.05440776919224577,0.1388803359762643,0.33699999999999997
rep0482,0.37,0.3698861950035576,alg2,0.1,0.005,0.005,0.09000000000000001,abs_005_005,1000,2000,0.15329527953532585,0.8531171428074151,True,0.6998218632720893,0.6998218632720893,0.47361012916415324,0.5363898708358468,-0.3203148496288274,0.3167272719715683,0.06277974167169353,0.14204212160039553,0.4950000000000001
rep0483,0.46,0.459924882847166,alg2,0.1,0.005,0.005,0.09000000000000001,abs_005_005,1000,2000,0.2750082153171408,0.7309252331475806,True,0.4559170178304398,0.4559170178304398,0.47461081981797426,0.5373891801820257,-0.19960260450083345,0.19353605296555482,0.06277836036405149,0.1291386574663883,0.26399999999999996
rep0484,0.66,0.6603997911653662,alg2,0.1,0.005,0.005,0.09000000000000001,abs_005_005,1000,2000,0.4967655321314489,1.0526606617459056,True,0.5558951296144566,0.5032344678685511,0.782222546943567,0.8317774530564331,-0.28545701481211805,0.22088320868947234,0.04955490611286617,0.12734022350159035,0.379
rep0485,0.24,0.24217090812958247,alg2,0.1,0.005,0.005,0.09000000000000001,abs_005_005,1000,2000,-0.13442078315399536,0.4679083595160579,True,0.6023291426700532,0.4679083595160579,0.21799788651935592,0.27200211348064407,-0.3524186696733513,0.19590624603541384,0.05400422696128815,0.1418249157087651,0.4065
rep0486,0.76,0.760035639995173,alg2,0.1,0.005,0.005,0.09000000000000001,abs_005_005,1000,2000,0.5462238075922058,1.1484049336218327,True,0.6021811260296269,0.4537761924077942,0.8499551820702528,0.8920448179297472,-0.303731374478047,0.25636011569208556,0.042089635859494434,0.11409149017013259,0.446
rep0487,0.39,0.3872144194396676,alg2,0.1,0.005,0.005,0.09000000000000001,abs_005_005,1000,2000,0.22944612655912883,0.8132895426989134,True,0.5838434161397845,0.5838434161397845,0.4606125779144584,0.5233874220855416,-0.2311664513553296,0.28990212061337184,0.06277484417108314,0.13606857196870148,0.3849999999999999
rep0488,0.92,0.9231065213725952,alg2,0.1,0.005,0.005,0.09000000000000001,abs_005_005,1000,2000,0.3995018960287987,1.1283617544557922,True,0.7288598584269935,0.6004981039712013,0.8064166906940602,0.8535833093059397,-0.4069147946652615,0.27477844514985256,0.04716661861187954,0.143193239815114,0.5385000000000001
rep0489,0.63,0.6309729787707437,alg2,0.1,0.005,0.005,0.09000000000000001,abs_005_005,1000,2000,0.35390111544691244,0.9134692293944957,True,0.5595681139475832,0.5595681139475832,0.6804825392675224,0.7375174607324775,-0.32658142382061,0.17595176866201817,0.057034921464955035,0.13353319248262824,0.36899999999999994
rep0490,0.74,0.7378423983075558,alg2,0.1,0.005,0.005,0.09000000000000001,abs_005_005,1000,2000,0.42275021832461407,1.0478788595745183,True,0.6251286412499042,0.5772497816753859,0.8085275974795285,0.8554724025204714,-0.38577737915491445,0.19240645705404696,0.046944805040942894,0.13718383620896146,0.44099999999999995
rep0491,0.71,0.7065743599972876,alg2,0.1,0.005,0.005,0.09000000000000001,abs_005_005,1000,2000,0.5768600330510713,1.1836855471646035,True,0.6068255141135322,0.42313996694892875,0.8914877949862932,0.9275122050137068,-0.3146277619352219,0.2561733421508966,0.036024410027413634,0.11530110408611849,0.4555
rep0492,0.86,0.8627654697954618,alg2,0.1,0.005,0.005,0.09000000000000001,abs_005_005,1000,2000,0.6132005579338786,1.195336083038745,True,0.5821355251048663,0.3867994420661214,0.9024189309980288,0.9365810690019711,-0.28921837306415027,0.25875501403677376,0.0341621380039423,0.13447338710092405,0.4135
rep0493,0.29,0.2879040614514467,alg2,0.1,0.005,0.005,0.09000000000000001,abs_005_005,1000,2000,-0.09425340218995718,0.48381243097515014,True,0.5780658331651073,0.48381243097515014,0.17822353496003787,0.2287764650399621,-0.27247693714999505,0.25503596593518807,0.05055293007992423,0.12551290308518298,0.4020000000000001
rep0494,0.45,0.44773830152782795,alg2,0.1,0.005,0.005,0.09000000000000001,abs_005_005,1000,2000,0.04481126804261831,0.6385032530442268,True,0.5936919850016085,0.5936919850016085,0.41826908201666446,0.48073091798333556,-0.37345781397404615,0.15777233506089125,0.0624618359666711,0.13123014903493735,0.4
rep0495,0.71,0.7120820002216378,alg2,0.1,0.005,0.005,0.09000000000000001,abs_005_005,1000,2000,0.3026440760414847,0.9677863027152596,True,0.6651422266737749,0.6651422266737749,0.6768824533967464,0.7341175466032537,-0.37423837735526166,0.23366875611200588,0.057235093206507326,0.1384071334672674,0.46950000000000014
rep0496,0.57,0.5672526840309957,alg2,0.1,0.005,0.005,0.09000000000000001,abs_005_005,1000,2000,0.2509953900557428,0.842076685709878,True,0.5910812956541353,0.5910812956541353,0.5829280406970085,0.6440719593029915,-0.33193265064126576,0.19800472640688654,0.061143918605983005,0.1449373770481524,0.38499999999999995
rep0497,0.91,0.9059420139393258,alg2,0.1,0.005,0.005,0.09000000000000001,abs_005_005,1000,2000,0.6554710443751941,1.2885581661414682,True,0.6330871217662741,0.3445289556248059,1.0,1.0,-0.3445289556248059,0.28855816614146823,0.0,0.13258712176627419,0.5005
rep0498,0.30,0.30189760469625243,alg2,0.1,0.005,0.005,0.09000000000000001,abs_005_005,1000,2000,-0.1386462060018271,0.37177172627115923,True,0.5104179322729863,0.37177172627115923,0.16632073709124556,0.21567926290875444,-0.30496694309307265,0.1560924633624048,0.04935852581750888,0.14555940645547738,0.31550000000000006
rep0499,0.93,0.9289382895149473,alg2,0.1,0.005,0.005,0.09000000000000001,abs_005_005,1000,2000,0.631713344991196,1.15771208934677,True,0.525998744355574,0.368286655008804,0.9073626550217191,0.940637344978281,-0.27564931003052306,0.2170747443684891,0.03327468995656191,0.14272405439901215,0.35
rep0500,0.57,0.5734326800154889,alg2,0.1,0.005,0.005,0.09000000000000001,abs_005_005,1000,2000,0.3719897578516145,0.9383016633794369,True,0.5663119055278224,0.5663119055278224,0.6573740376690693,0.7156259623309307,-0.28538427981745484,0.22267570104850617,0.058251924661861354,0.11555998086596109,0.39249999999999996
rep0501,0.40,0.40497540524506176,alg2,0.1,0.005,0.005,0.09000000000000001,abs_005_005,1000,2000,-0.03368918806069937,0.5465161403763936,True,0.5802053284370929,0.5465161403763936,0.2868114290827928,0.3451885709172072,-0.32050061714349215,0.20132756945918645,0.05837714183441445,0.13032818660267864,0.39149999999999996
rep0502,0.12,0.12480475992732076,alg2,0.1,0.005,0.005,0.09000000000000001,abs_005_005,1000,2000,-0.16096126075628117,0.45771563351047717,True,0.6186768942667583,0.45771563351047717,0.20357892275812303,0.25642107724187696,-0.3645401835144042,0.2012945562686002,0.05284215448375393,0.12033473978300441,0.44549999999999995
rep0503,0.91,0.9050390105903781,alg2,0.1,0.005,0.005,0.09000000000000001,abs_005_005,1000,2000,0.5512305639747022,1.2470475163691919,True,0.6958169523944897,0.44876943602529784,0.9546219126941008,0.9773780873058991,-0.40339134871939863,0.26966942906329266,0.022756174611798352,0.14156077778269127,0.5315000000000001
rep0504,0.47,0.46724572744993587,alg2,0.1,0.005,0.005,0.09000000000000001,abs_005_005,1000,2000,0.2620857537900906,0.9264078663831978,True,0.6643221125931073,0.6643221125931073,0.5798847503457281,0.641115249654272,-0.3177989965556375,0.28529261672892575,0.06123049930854396,0.1450916132845631,0.4580000000000001
rep0505,0.53,0.5318571099071661,alg2,0.1,0.005,0.005,0.09000000000000001,abs_005_005,1000,2000,0.2471947886763094,0.8280650076509464,True,0.580870218974637,0.580870218974637,0.5409357309486759,0.603064269051324,-0.29374094227236647,0.22500073859962239,0.06212853810264818,0.13474168087198896,0.38399999999999995
rep0506,0.48,0.4822668283351881,alg2,0.1,0.005,0.005,0.09000000000000001,abs_005_005,1000,2000,0.19227999614190583,0.7535894385808468,True,0.561309442438941,0.561309442438941,0.4396614044357072,0.5023385955642927,-0.2473814082938014,0.25125084301655404,0.0626771911285855,0.1366322513103554,0.36200000000000004
rep0507,0.74,0.7437366300478815,alg2,0.1,0.005,0.005,0.09000000000000001,abs_005_005,1000,2000,0.6048087105712836,1.239517555713234,True,0.6347088451419505,0.3951912894287164,0.9267657058620491,0.9562342941379509,-0.3219569952907655,0.28328326157528316,0.02946858827590182,0.14474025686604863,0.4605
rep0508,0.40,0.404182804431366,alg2,0.1,0.005,0.005,0.09000000000000001,abs_005_005,1000,2000,-0.00040637105397517415,0.5282617086327577,True,0.5286680796867329,0.5282617086327577,0.2809633417981763,0.3390366582018237,-0.28136971285215145,0.1892250504309339,0.058073316403647435,0.12359476328308538,0.347
rep0509,0.65,0.6481999629909212,alg2,0.1,0.005,0.005,0.09000000000000001,abs_005_005,1000,2000,0.4737115504273216,0.973997962586466,True,0.5002864121591444,0.5002864121591444,0.8122245857929675,0.8587754142070325,-0.3385130353656459,0.11522254837943342,0.04655082841406499,0.09773558374507935,0.356
rep0510,0.57,0.5721736043975432,alg2,0.1,0.005,0.005,0.09000000000000001,abs_005_005,1000,2000,0.015418597638561904,0.6673928471744626,True,0.6519742495359007,0.6519742495359007,0.35740624291932444,0.4185937570806756,-0.34198764528076253,0.24879909009378698,0.06118751416135115,0.13778673537454955,0.45299999999999996
rep0511,0.45,0.45457728234462863,alg2,0.1,0.005,0.005,0.09000000000000001,abs_005_005,1000,2000,0.007139701863913495,0.5259959992327976,True,0.5188562973688842,0.5188562973688842,0.30830190549068665,0.3676980945093134,-0.30116220362677315,0.15829790472348426,0.059396189018626755,0.10846010835025743,0.351
rep0512,0.43,0.4325267337117133,alg2,0.1,0.005,0.005,0.09000000000000001,abs_005_005,1000,2000,0.14246808121072363,0.7792420057828965,True,0.6367739245721729,0.6367739245721729,0.5172565896111158,0.5797434103888842,-0.37478850840039213,0.19949859539401227,0.06248682077776846,0.1277871037944044,0.4465
rep0513,0.83,0.8277117370689172,alg2,0.1,0.005,0.005,0.09000000000000001,abs_005_005,1000,2000,0.6794534487827306,1.2486343175030035,True,0.5691808687202728,0.3205465512172694,1.0,1.0,-0.32054655121726944,0.24863431750300347,0.0,0.13818086872027285,0.431
rep0514,0.59,0.5933413778937866,alg2,0.1,0.005,0.005,0.09000000000000001,abs_005_005,1000,2000,0.2994262805137818,0.9334945668681103,True,0.6340682863543285,0.6340682863543285,0.5662049489222777,0.6277950510777223,-0.2667786684084959,0.305699515790388,0.06159010215544458,0.13347818419888402,0.43899999999999995
rep0515,0.81,0.806166418341096,alg2,0.1,0.005,0.005,0.09000000000000001,abs_005_005,1000,2000,0.7482999363406756,1.1874526413843314,True,0.4391527050436558,0.2517000636593244,0.9877656243813507,0.9982343756186493,-0.2394656880406751,0.18921826576568213,0.010468751237298513,0.11568395380635732,0.31299999999999994
rep0516,0.61,0.6067540217721716,alg2,0.1,0.005,0.005,0.09000000000000001,abs_005_005,1000,2000,0.3340267607893813,0.9943843538077827,True,0.6603575930184014,0.6603575930184014,0.6599376287944344,0.7180623712055655,-0.3259108680050531,0.2763219826022172,0.05812474241113108,0.1342328506072702,0.4680000000000001
rep0517,0.42,0.4167877795529873,alg2,0.1,0.005,0.005,0.09000000000000001,abs_005_005,1000,2000,0.16458599586053485,0.7463868323149605,True,0.5818008364544256,0.5818008364544256,0.46910857524861366,0.5318914247513862,-0.3045225793880788,0.21449540756357438,0.06278284950277252,0.12601798695165317,0.39299999999999996
rep0518,0.16,0.16438034557877632,alg2,0.1,0.005,0.005,0.09000000000000001,abs_005_005,1000,2000,0.02986808737970842,0.6694341403338087,True,0.6395660529541003,0.6395660529541003,0.3288825998498743,0.3891174001501257,-0.29901451247016586,0.280316740183683,0.06023480030025141,0.13583125265384888,0.4435
rep0519,0.56,0.5622779558093569,alg2,0.1,0.005,0.005,0.09000000000000001,abs_005_005,1000,2000,0.17378979352385882,0.7514787431696837,True,0.5776889496458248,0.5776889496458248,0.4751112122416882,0.5378887877583117,-0.30132141871782936,0.21358995541137188,0.06277757551662355,0.13841137412920124,0.37650000000000006
rep0520,0.43,0.4326281458496036,alg2,0.1,0.005,0.005,0.09000000000000001,abs_005_005,1000,2000,0.3140295644427213,0.9509962766144576,True,0.6369667121717364,0.6369667121717364,0.5697492198867277,0.6312507801132724,-0.2557196554440064,0.3197454965011852,0.06150156022654474,0.13496515194519165,0.4405
rep0521,0.55,0.5514422589777986,alg2,0.1,0.005,0.005,0.09000000000000001,abs_005_005,1000,2000,0.2871701174836127,0.9368773083314244,True,0.6497071908478116,0.6497071908478116,0.6486651397965061,0.707334860203494,-0.3614950223128934,0.2295424481279304,0.058669720406987924,0.1290374704408238,0.46199999999999997
rep0522,0.38,0.3777243504273541,alg2,0.1,0.005,0.005,0.09000000000000001,abs_005_005,1000,2000,0.1004017220759828,0.6885319410223096,True,0.5881302189463269,0.5881302189463269,0.38901297503000876,0.4509870249699912,-0.28861125295402595,0.23754491605231842,0.061974049939982456,0.11965616900634435,0.4065
rep0523,0.48,0.4805649545239059,alg2,0.1,0.005,0.005,0.09000000000000001,abs_005_005,1000,2000,0.05699298652884821,0.8316649610250482,True,0.7746719744962,0.7746719744962,0.4142955976146664,0.4767044023853336,-0.3573026110858182,0.3549605586397145,0.06240880477066724,0.1407631697255327,0.5714999999999999
rep0524,0.51,0.5091013726161637,alg2,0.1,0.005,0.005,0.09000000000000001,abs_005_005,1000,2000,0.25544226815537513,0.9826839644999488,True,0.7272416963445736,0.7272416963445736,0.5834353745586324,0.6445646254413676,-0.32799310640325724,0.3381193390585812,0.06112925088273524,0.13211244546183842,0.534
rep0525,0.85,0.853701137127399,alg2,0.1,0.005,0.005,0.09000000000000001,abs_005_005,1000,2000,0.5678634440505231,1.2700354779722896,True,0.7021720339217664,0.43213655594947686,0.9267657058620491,0.9562342941379509,-0.35890226181152596,0.3138011838343386,0.02946858827590182,0.1422034456458644,0.5305000000000001
rep0526,0.80,0.7988554886949664,alg2,0.1,0.005,0.005,0.09000000000000001,abs_005_005,1000,2000,0.6364039266911933,1.256580187926623,True,0.6201762612354297,0.3635960733088067,0.9239741532967438,0.9540258467032561,-0.28757022660555054,0.30255434122336683,0.03005169340651226,0.1251245678289173,0.465
rep0527,0.32,0.31690980769397253,alg2,0.1,0.005,0.005,0.09000000000000001,abs_005_005,1000,2000,-0.03064277005189814,0.5096930981891676,True,0.5403358682410657,0.5096930981891676,0.2921771178617746,0.35082288213822543,-0.3228198879136727,0.15887021605094218,0.05864576427645085,0.12519010396461483,0.35650000000000004
rep0528,0.52,0.5180556111198258,alg2,0.1,0.005,0.005,0.09000000000000001,abs_005_005,1000,2000,0.19812607640748836,0.794656339566038,True,0.5965302631585496,0.5965302631585496,0.5591212881864525,0.6208787118135475,-0.3609952117789641,0.17377762775249045,0.06175742362709502,0.14527283953145465,0.38949999999999996
rep0529,0.69,0.693035507698672,alg2,0.1,0.005,0.005,0.09000000000000001,abs_005_005,1000,2000,0.26956052322981516,0.9663562378854769,True,0.6967957146556617,0.6967957146556617,0.623624467452457,0.6833755325475429,-0.35406394422264187,0.282980705337934,0.059751065095085876,0.1435446495605759,0.49350000000000005
rep0530,0.75,0.7498518402748506,alg2,0.1,0.005,0.005,0.09000000000000001,abs_005_005,1000,2000,0.48083002028706345,1.1130465889712136,True,0.6322165686841501,0.5191699797129365,0.7921982600647358,0.8408017399352642,-0.31136823977767236,0.27224484903594937,0.04860347987052838,0.14011308881362172,0.4435
rep0531,0.34,0.34311797330549854,alg2,0.1,0.005,0.005,0.09000000000000001,abs_005_005,1000,2000,-0.24047775343044062,0.5659120149175787,True,0.8063897683480193,0.5659120149175787,0.1318085479375906,0.1771914520624094,-0.3722863013680312,0.3887205628551693,0.045382904124818824,0.12400686422320051,0.637
rep0532,0.89,0.893355587107331,alg2,0.1,0.005,0.005,0.09000000000000001,abs_005_005,1000,2000,0.5967417956693051,1.1886412284249808,True,0.5918994327556757,0.4032582043306949,0.9651980258620476,0.9848019741379523,-0.36845623019274254,0.20383925428702832,0.019603948275904726,0.12179548447977084,0.4505
rep0533,0.51,0.5050569732631356,alg2,0.1,0.005,0.005,0.09000000000000001,abs_005_005,1000,2000,0.10107913429368554,0.697987939777035,True,0.5969088054833495,0.5969088054833495,0.4162820844719838,0.47871791552801624,-0.31520295017829825,0.2192700242490188,0.062435831056032454,0.1264729744273171,0.40800000000000003
rep0534,0.75,0.7527924050435153,alg2,0.1,0.005,0.005,0.09000000000000001,abs_005_005,1000,2000,0.5168695045899607,1.0828206220368002,True,0.5659511174468395,0.4831304954100393,0.7670404967277312,0.8179595032722687,-0.2501709921377705,0.26486111876453156,0.050919006544537515,0.10503211090230213,0.4099999999999999
rep0535,0.69,0.6878573655625912,alg2,0.1,0.005,0.005,0.09000000000000001,abs_005_005,1000,2000,0.1662756244696556,1.0090663538352294,True,0.8427907293655738,0.8337243755303444,0.6856290836948062,0.7423709163051937,-0.5193534592251506,0.26669543753003555,0.056741832610387455,0.12004889675518615,0.666
rep0536,0.32,0.31718992870948665,alg2,0.1,0.005,0.005,0.09000000000000001,abs_005_005,1000,2000,0.14643380660085803,0.6542089006424787,True,0.5077750940416207,0.5077750940416207,0.4048667802731847,0.4671332197268153,-0.25843297367232665,0.1870756809156634,0.06226643945363064,0.14400865458799,0.30150000000000005
rep0537,0.44,0.4395079866789626,alg2,0.1,0.005,0.005,0.09000000000000001,abs_005_005,1000,2000,0.06792981313095009,0.7050308835681827,True,0.6371010704372326,0.6371010704372326,0.45112779270212033,0.5138722072978796,-0.38319797957117024,0.19115867627030306,0.0627444145957593,0.11535665584147337,0.45899999999999996
rep0538,0.51,0.5080405165190043,alg2,0.1,0.005,0.005,0.09000000000000001,abs_005_005,1000,2000,0.1997242407016066,0.7940533337454656,True,0.594329093043859,0.594329093043859,0.5389177180424132,0.6010822819575867,-0.33919347734080657,0.19297105178787882,0.062164563915173554,0.11716452912868536,0.41500000000000004
rep0539,0.61,0.605947645961291,alg2,0.1,0.005,0.005,0.09000000000000001,abs_005_005,1000,2000,0.4384957322250428,1.0421003498572083,True,0.6036046176321656,0.5615042677749572,0.7769815143060201,0.82701848569398,-0.33848578208097735,0.2150818641632284,0.05003697138795982,0.13206764624420575,0.4215
rep0540,0.28,0.27858368570850345,alg2,0.1,0.005,0.005,0.09000000000000001,abs_005_005,1000,2000,0.10417319508137074,0.6924046697066146,True,0.5882314746252439,0.5882314746252439,0.3736864748218329,0.4353135251781671,-0.2695132797404622,0.25709114452844756,0.0616270503563342,0.13310442426890978,0.39349999999999996
rep0541,0.43,0.4251961899039096,alg2,0.1,0.005,0.005,0.09000000000000001,abs_005_005,1000,2000,0.18543052001539073,0.7767072416331348,True,0.591276721617744,0.591276721617744,0.4611120912886112,0.5238879087113888,-0.27568157127322046,0.25281933292174597,0.0627758174227776,0.11500090419496645,0.4135
rep0542,0.79,0.7940209501629047,alg2,0.1,0.005,0.005,0.09000000000000001,abs_005_005,1000,2000,0.41498292781962515,0.9886729089836976,True,0.5736899811640725,0.5736899811640725,0.7363020643399371,0.789697935660063,-0.3213191365203119,0.1989749733236347,0.05339587132012591,0.1387941098439467,0.38149999999999995
rep0543,0.38,0.3831363526824304,alg2,0.1,0.005,0.005,0.09000000000000001,abs_005_005,1000,2000,-0.08725410024555996,0.5356823492522645,True,0.6229364494978245,0.5356823492522645,0.2946176117415047,0.35338238825849533,-0.38187171198706465,0.18229996099376922,0.058764776516990636,0.142671672980834,0.42149999999999993
rep0544,0.59,0.5914617767466555,alg2,0.1,0.005,0.005,0.09000000000000001,abs_005_005,1000,2000,0.3649165393148284,1.0390478559202294,True,0.674131316605401,0.6350834606851716,0.6825406509751828,0.7394593490248171,-0.31762411166035437,0.2995885068954122,0.05691869804963434,0.14321261855576667,0.4739999999999999
rep0545,0.40,0.4045296863004263,alg2,0.1,0.005,0.005,0.09000000000000001,abs_005_005,1000,2000,-0.05521285870100667,0.6647257119930239,True,0.7199385706940306,0.6647257119930239,0.2912011895834573,0.3497988104165427,-0.346414048284464,0.31492690157648123,0.058597620833085395,0.1408409498609453,0.5205
rep0546,0.62,0.6221462295275441,alg2,0.1,0.005,0.005,0.09000000000000001,abs_005_005,1000,2000,0.228657459766562,0.9154581750349748,True,0.6868007152684128,0.6868007152684128,0.6088459764164468,0.6691540235835532,-0.3801885166498848,0.2463041514514216,0.06030804716710647,0.14249266810130629,0.48400000000000004
rep0547,0.54,0.5398389563768513,alg2,0.1,0.005,0.005,0.09000000000000001,abs_005_005,1000,2000,0.16147132351038945,0.817539371587393,True,0.6560680480770036,0.6560680480770036,0.5333708477955615,0.5956291522044385,-0.3718995242851721,0.2219102193829545,0.06225830440887692,0.13680974366812654,0.457
rep0548,0.52,0.5199645804683984,alg2,0.1,0.005,0.005,0.09000000000000001,abs_005_005,1000,2000,0.20292642018499768,0.7377716023497938,True,0.5348451821647962,0.5348451821647962,0.47461081981797426,0.5373891801820257,-0.2716843996329766,0.200382422167768,0.06277836036405149,0.12806682180074458,0.344
rep0549,0.62,0.6208409396546456,alg2,0.1,0.005,0.005,0.09000000000000001,abs_005_005,1000,2000,0.6003149646806155,1.1796155712139793,True,0.5793006065333638,0.3996850353193845,0.8811651357317338,0.9188348642682662,-0.2808501710511183,0.26078070694571304,0.03766972853653239,0.13363087799683138,0.4079999999999999
rep0550,0.99,0.9936861934525361,alg2,0.1,0.005,0.005,0.09000000000000001,abs_005_005,1000,2000,0.571167570713717,1.2439045498066905,True,0.6727369790929735,0.42883242928628296,0.974267598483385,0.9907324015166151,-0.4031000277696679,0.2531721482900753,0.01646480303323017,0.12177217605974322,0.5345
rep0551,0.87,0.8691550462741996,alg2,0.1,0.005,0.005,0.09000000000000001,abs_005_005,1000,2000,0.4050765058082544,1.2140720955478055,True,0.8089955897395511,0.5949234941917456,0.8159253480735558,0.8620746519264442,-0.4108488422653014,0.35199744362136126,0.0461493038528884,0.14034628588666265,0.6225
rep0552,0.30,0.3049738261693674,alg2,0.1,0.005,0.005,0.09000000000000001,abs_005_005,1000,2000,-0.050833093241195615,0.5302255028262269,True,0.5810585960674226,0.5302255028262269,0.2819376287944344,0.3400623712055656,-0.33277072203563,0.19016313162066134,0.05812474241113119,0.13993385365629135,0.38299999999999995
rep0553,0.62,0.6161624006122597,alg2,0.1,0.005,0.005,0.09000000000000001,abs_005_005,1000,2000,0.5066934388494075,1.1290511831815744,True,0.6223577443321668,0.49330656115059246,0.8302369611528674,0.8747630388471327,-0.32354352230345984,0.25428814433444163,0.04452607769426531,0.14383166663790153,0.434
rep0554,0.00,0.0026144279964859323,alg2,0.1,0.005,0.005,0.09000000000000001,abs_005_005,1000,2000,-0.04029300211483161,0.5825807475562386,True,0.6228737496710701,0.5825807475562386,0.23729182980186742,0.2927081701981326,-0.277584831916699,0.2898725773581059,0.055416340396265196,0.13645740927480493,0.431
rep0555,0.66,0.6568972912097388,alg2,0.1,0.005,0.005,0.09000000000000001,abs_005_005,1000,2000,0.4142902225623574,0.9216155222194224,True,0.507325299657065,0.507325299657065,0.7368215045667629,0.790178495433237,-0.32253128200440545,0.13143702678618535,0.05335699086647416,0.13246830879059085,0.32149999999999995
rep0556,0.53,0.5297247668406883,alg2,0.1,0.005,0.005,0.09000000000000001,abs_005_005,1000,2000,0.18597780838887973,0.7580527991962878,True,0.5720749908074081,0.5720749908074081,0.5248060680085661,0.587193931991434,-0.3388282596196864,0.17085886720485383,0.062387863982867886,0.11668712682454024,0.39299999999999996
rep0557,0.48,0.4754731400813595,alg2,0.1,0.005,0.005,0.09000000000000001,abs_005_005,1000,2000,0.10694814447779899,0.6720782370461384,True,0.5651300925683395,0.5651300925683395,0.4361749441637992,0.49882505583620085,-0.3292267996860002,0.17325318120993766,0.06265011167240164,0.12797998089593787,0.37450000000000006
rep0558,0.31,0.3120902571492485,alg2,0.1,0.005,0.005,0.09000000000000001,abs_005_005,1000,2000,-0.0007243137787970033,0.5573327123680686,True,0.5580570261468656,0.5573327123680686,0.2717155896253978,0.32928441037460215,-0.2724399034041948,0.22804830199346643,0.05756882074920433,0.10348820539766129,0.39699999999999996
rep0559,0.42,0.42110416982339,alg2,0.1,0.005,0.005,0.09000000000000001,abs_005_005,1000,2000,0.22312140230766186,0.7179794759892708,True,0.49485807368160895,0.49485807368160895,0.45512000381903034,0.5178799961809697,-0.23199860151136847,0.20009947980830112,0.06275999236193935,0.14209808131966967,0.2899999999999999
rep0560,0.29,0.2869455415315838,alg2,0.1,0.005,0.005,0.09000000000000001,abs_005_005,1000,2000,-0.05827548607018404,0.49892917347969534,True,0.5572046595498794,0.49892917347969534,0.2160727305185802,0.26992726948141976,-0.27434821658876424,0.22900190399827558,0.053854538962839565,0.13135012058703988,0.372
rep0561,0.75,0.7548790789403604,alg2,0.1,0.005,0.005,0.09000000000000001,abs_005_005,1000,2000,0.42368050644717997,1.0243044555663527,True,0.6006239491191727,0.57631949355282,0.7026432315022798,0.7583567684977203,-0.27896272505509984,0.2659476870686325,0.05571353699544046,0.13341041212373217,0.4115000000000001
rep0562,0.26,0.25715189795729787,alg2,0.1,0.005,0.005,0.09000000000000001,abs_005_005,1000,2000,0.01834197499259721,0.5561125402237238,True,0.5377705652311267,0.5377705652311267,0.2795022089229074,0.3374977910770926,-0.2611602339303102,0.21861474914663118,0.05799558215418521,0.12277498307694135,0.357
rep0563,0.69,0.694134812909248,alg2,0.1,0.005,0.005,0.09000000000000001,abs_005_005,1000,2000,0.17189870005090124,0.8719762420095278,True,0.7000775419586266,0.7000775419586266,0.5885105877497496,0.6494894122502504,-0.4166118876988484,0.22248682975927742,0.06097882450050074,0.1295987174581258,0.5095
rep0564,0.75,0.7462469932611169,alg2,0.1,0.005,0.005,0.09000000000000001,abs_005_005,1000,2000,0.39281123433727283,1.046388360529784,True,0.6535771261925111,0.6071887656627272,0.7503452403214073,0.8026547596785927,-0.35753400598413443,0.24373360085119128,0.05230951935718542,0.13926760683532569,0.4620000000000001
rep0565,0.53,0.525622655628258,alg2,0.1,0.005,0.005,0.09000000000000001,abs_005_005,1000,2000,0.27105641292437216,0.8425578156894329,True,0.5715014027650607,0.5715014027650607,0.5793776538663249,0.6406223461336751,-0.30832124094195273,0.2019354695557578,0.06124469226735019,0.1442567104977106,0.3659999999999999
rep0566,0.23,0.22973697006701982,alg2,0.1,0.005,0.005,0.09000000000000001,abs_005_005,1000,2000,-0.09882518575953453,0.4304261796264187,True,0.5292513653859532,0.4304261796264187,0.20597887693294353,0.2590211230670565,-0.30480406269247806,0.17140505655936222,0.05304224613411296,0.1182091192518403,0.358
rep0567,0.47,0.46653122626074534,alg2,0.1,0.005,0.005,0.09000000000000001,abs_005_005,1000,2000,0.13062898179069443,0.810312953925846,True,0.6796839721351515,0.6796839721351515,0.4292066698589959,0.4917933301410041,-0.2985776880683015,0.3185196237848419,0.06258666028200821,0.13659731185314328,0.48050000000000004
rep0568,0.65,0.6476528899256542,alg2,0.1,0.005,0.005,0.09000000000000001,abs_005_005,1000,2000,0.2561909377083441,0.909565179070003,True,0.6533742413616589,0.6533742413616589,0.6440590626588248,0.7029409373411751,-0.38786812495048073,0.20662424172882793,0.05888187468235029,0.12749236667930874,0.46699999999999997
rep0569,0.62,0.6210820569798082,alg2,0.1,0.005,0.005,0.09000000000000001,abs_005_005,1000,2000,0.252863137982694,1.0383886226576404,True,0.7855254846749464,0.747136862017306,0.6717429903404378,0.7292570096595622,-0.41887985235774383,0.3091316129980781,0.057514019319124365,0.13351146535582203,0.5944999999999999
rep0570,0.91,0.908173164325695,alg2,0.1,0.005,0.005,0.09000000000000001,abs_005_005,1000,2000,0.7474813296380086,1.172313000342607,True,0.4248316707045984,0.2525186703619914,1.0,1.0,-0.2525186703619914,0.1723130003426069,0.0,0.11783167070459821,0.30700000000000005
rep0571,0.76,0.7582617190446,alg2,0.1,0.005,0.005,0.09000000000000001,abs_005_005,1000,2000,0.40887901281196587,1.0092429473089854,True,0.6003639344970195,0.5911209871880341,0.7114270195438397,0.7665729804561603,-0.3025480067318738,0.24266996685282516,0.0551459609123206,0.1452179735846989,0.4
rep0572,0.57,0.57152858566112,alg2,0.1,0.005,0.005,0.09000000000000001,abs_005_005,1000,2000,0.04614937116386714,0.7524352393029341,True,0.7062858681390669,0.7062858681390669,0.4396614044357072,0.5023385955642927,-0.3935120332718401,0.25009664373864143,0.0626771911285855,0.14110867701048158,0.5025
rep0573,0.75,0.7499681206873676,alg2,0.1,0.005,0.005,0.09000000000000001,abs_005_005,1000,2000,0.3485178352891064,0.8916736565916756,True,0.5431558213025692,0.5431558213025692,0.6317911732668019,0.6912088267331981,-0.2832733379776955,0.20046482985847752,0.05941765346639616,0.12723816783617303,0.3565
rep0574,0.65,0.64924090326269,alg2,0.1,0.005,0.005,0.09000000000000001,abs_005_005,1000,2000,0.30008840646469115,0.8930666774226292,True,0.5929782709579381,0.5929782709579381,0.5768426782523224,0.6381573217476777,-0.27675427178763123,0.2549093556749515,0.061314643495355314,0.13266362746258287,0.3989999999999999
rep0575,0.28,0.2828330061268331,alg2,0.1,0.005,0.005,0.09000000000000001,abs_005_005,1000,2000,0.02413347289937784,0.6681114425099499,True,0.6439779696105721,0.6439779696105721,0.37418038319688673,0.4358196168031133,-0.3500469102975089,0.23229182570683657,0.061639233606226584,0.13333873600434548,0.449
rep0576,0.71,0.7100476042846439,alg2,0.1,0.005,0.005,0.09000000000000001,abs_005_005,1000,2000,0.565521109179173,1.1384451143196277,True,0.5729240051404547,0.434478890820827,0.8472827532104118,0.8897172467895883,-0.28176164403123877,0.24872786753003945,0.0424344935791765,0.12548951156127824,0.40499999999999997
rep0577,0.18,0.18453341897546627,alg2,0.1,0.005,0.005,0.09000000000000001,abs_005_005,1000,2000,0.05016604736327929,0.6267490408847953,True,0.5765829935215161,0.5765829935215161,0.34706527401502557,0.40793472598497443,-0.2968992266517463,0.21881431489982095,0.06086945196994886,0.13871354155156723,0.377
rep0578,0.41,0.40843208300883915,alg2,0.1,0.005,0.005,0.09000000000000001,abs_005_005,1000,2000,0.022819238716589862,0.563472493496066,True,0.5406532547794761,0.5406532547794761,0.3117275562240648,0.37127244377593527,-0.2889083175074749,0.1922000497201307,0.059544887551870485,0.1271083672276056,0.35400000000000004
rep0579,0.38,0.381134139048079,alg2,0.1,0.005,0.005,0.09000000000000001,abs_005_005,1000,2000,-0.0828723892757767,0.5685419565751235,True,0.6514143458509002,0.5685419565751235,0.23680856787515667,0.2921914321248434,-0.31968095715093336,0.27635052445028013,0.05538286424968672,0.1450314816012136,0.45099999999999996
rep0580,0.32,0.32374466693507603,alg2,0.1,0.005,0.005,0.09000000000000001,abs_005_005,1000,2000,-0.06641156280020927,0.6440448276657397,True,0.7104563904659489,0.6440448276657397,0.3185842537117882,0.37841574628821173,-0.3849958165119975,0.26562908137752794,0.059831492576423506,0.12462489788952547,0.526
rep0581,0.30,0.2954218366557133,alg2,0.1,0.005,0.005,0.09000000000000001,abs_005_005,1000,2000,0.088437409610238,0.7144702584046316,True,0.6260328487943936,0.6260328487943936,0.39297331259811824,0.45502668740188174,-0.30453590298788025,0.25944357100274995,0.062053374803763495,0.11947947399063019,0.4445
rep0582,0.55,0.55252721058902,alg2,0.1,0.005,0.005,0.09000000000000001,abs_005_005,1000,2000,0.004893888052203754,0.7063430959599635,True,0.7014492079077597,0.7014492079077597,0.3776386695341029,0.43936133046589704,-0.37274478148189916,0.2669817654940665,0.06172266093179413,0.13122654697596559,0.5085000000000001
rep0583,0.36,0.36461157786988,alg2,0.1,0.005,0.005,0.09000000000000001,abs_005_005,1000,2000,0.003388717712492051,0.6803104279755892,True,0.6769217102630971,0.6769217102630971,0.38604409216295477,0.4479559078370452,-0.3826553744504627,0.2323545201385439,0.06191181567409043,0.11100989458900656,0.504
rep0584,0.36,0.3578882772937474,alg2,0.1,0.005,0.005,0.09000000000000001,abs_005_005,1000,2000,-0.008409017544033892,0.7618541650491919,True,0.7702631825932258,0.7618541650491919,0.4292066698589959,0.4917933301410041,-0.4376156874030298,0.2700608349081878,0.06258666028200821,0.13617652231121768,0.5714999999999999
rep0585,0.24,0.2445422485786722,alg2,0.1,0.005,0.005,0.09000000000000001,abs_005_005,1000,2000,0.018227349870264975,0.6656816753442427,True,0.6474543254739777,0.6474543254739777,0.3391966245287671,0.3998033754712329,-0.3209692746585021,0.26587829987300976,0.060606750942465815,0.1283475745315118,0.4585
rep0586,0.59,0.5939722175187477,alg2,0.1,0.005,0.005,0.09000000000000001,abs_005_005,1000,2000,0.3426673536820305,0.9603830887528029,True,0.6177157350707724,0.6177157350707724,0.7166001812129407,0.7713998187870593,-0.3739328275309102,0.18898326996574352,0.054799637574118654,0.10891609749665376,0.45399999999999996
rep0587,0.51,0.5119910843087874,alg2,0.1,0.005,0.005,0.09000000000000001,abs_005_005,1000,2000,0.3128950267810817,0.913868218208954,True,0.6009731914278723,0.6009731914278723,0.5961298399344417,0.6568701600655582,-0.28323481315335997,0.2569980581433958,0.06074032013111652,0.13023287129675587,0.4099999999999999
rep0588,0.14,0.14082339519018963,alg2,0.1,0.005,0.005,0.09000000000000001,abs_005_005,1000,2000,0.03524770003028205,0.6419799269023584,True,0.6067322268720763,0.6067322268720763,0.38208741549587055,0.4439125845041294,-0.3468397154655885,0.19806734239822896,0.06182516900825885,0.1399070578638174,0.405
rep0589,0.29,0.2857319512975673,alg2,0.1,0.005,0.005,0.09000000000000001,abs_005_005,1000,2000,0.10438748033442252,0.8189329672399386,True,0.7145454869055161,0.7145454869055161,0.4316946273053349,0.4943053726946651,-0.3273071469709124,0.3246275945452735,0.0626107453893302,0.1309347415161859,0.521
rep0590,0.29,0.2855115380831413,alg2,0.1,0.005,0.005,0.09000000000000001,abs_005_005,1000,2000,-0.17953451043256502,0.4097249068608614,True,0.5892594172934265,0.4097249068608614,0.08851342357700832,0.12748657642299166,-0.26804793400957333,0.2822383304378697,0.038973152845983336,0.11478626444744316,0.43549999999999994
rep0591,0.68,0.6805692535643133,alg2,0.1,0.005,0.005,0.09000000000000001,abs_005_005,1000,2000,0.27325099927524854,0.8331927902544053,True,0.5599417909791568,0.5599417909791568,0.5814062429193244,0.6425937570806756,-0.30815524364407587,0.1905990331737297,0.06118751416135115,0.1242542768178056,0.3745
rep0592,0.90,0.8957370925949865,alg2,0.1,0.005,0.005,0.09000000000000001,abs_005_005,1000,2000,0.6570841896335151,1.259862692185583,True,0.602778502552068,0.3429158103664849,1.0,1.0,-0.34291581036648483,0.2598626921855832,0.0,0.13127850255206808,0.4714999999999999
rep0593,0.41,0.41146676632931023,alg2,0.1,0.005,0.005,0.09000000000000001,abs_005_005,1000,2000,0.08841329045198498,0.7738014273065251,True,0.6853881368545401,0.6853881368545401,0.47010870081468936,0.5328912991853105,-0.3816954103627044,0.2409101281212146,0.06278259837062117,0.12210553848391903,0.5005
rep0594,0.24,0.23616052570756335,alg2,0.1,0.005,0.005,0.09000000000000001,abs_005_005,1000,2000,-0.0033277453509789334,0.48629146825308234,True,0.48961921360406124,0.48629146825308234,0.23874188914083103,0.294258110859169,-0.24206963449180996,0.19203335739391333,0.05551622171833795,0.12810299188572327,0.30600000000000005
rep0595,0.91,0.9071305911747453,alg2,0.1,0.005,0.005,0.09000000000000001,abs_005_005,1000,2000,0.6355686568505652,1.1645777184443928,True,0.5290090615938277,0.3644313431494348,0.8833337298575726,0.9206662701424274,-0.24776507300700745,0.24391144830196532,0.037332540284854776,0.1411765213089728,0.3505
rep0596,0.16,0.1568685661239671,alg2,0.1,0.005,0.005,0.09000000000000001,abs_005_005,1000,2000,-0.21310260492238509,0.3239863797044372,True,0.5370889846268223,0.3239863797044372,0.12476821042933361,0.16923178957066637,-0.3378708153517187,0.15475459013377088,0.044463579141332754,0.13162540548548957,0.36100000000000004
rep0597,0.27,0.27393466907869957,alg2,0.1,0.005,0.005,0.09000000000000001,abs_005_005,1000,2000,-0.03367222571803463,0.5404264620087613,True,0.574098687726796,0.5404264620087613,0.281450465490264,0.339549534509736,-0.3151226912082986,0.2008769274990253,0.05809906901947204,0.12099961870732384,0.3950000000000001
rep0598,0.54,0.5420283130202336,alg2,0.1,0.005,0.005,0.09000000000000001,abs_005_005,1000,2000,0.2506045592104486,0.8389697177990529,True,0.5883651585886043,0.5883651585886043,0.5748153045193952,0.6361846954806049,-0.3242107453089466,0.20278502231844814,0.061369390961209636,0.13949576762739474,0.3875
rep0599,0.50,0.5021331271343222,alg2,0.1,0.005,0.005,0.09000000000000001,abs_005_005,1000,2000,0.010047035418467465,0.733819998254745,True,0.7237729628362775,0.7237729628362775,0.42224460664375535,0.4847553933562447,-0.4121975712252879,0.24906460489850032,0.06251078671248933,0.13926217612378822,0.522
rep0600,0.13,0.12998473245606057,alg2,0.1,0.005,0.005,0.09000000000000001,abs_005_005,1000,2000,-0.2110600462450196,0.5256576435727034,True,0.736717689817723,0.5256576435727034,0.210302064339937,0.26369793566006294,-0.4213621105849566,0.26195970791264045,0.05339587132012594,0.12732181849759716,0.5559999999999999
rep0601,0.13,0.12502403401150727,alg2,0.1,0.005,0.005,0.09000000000000001,abs_005_005,1000,2000,-0.018008755475987903,0.572884974941665,True,0.5908937304176529,0.572884974941665,0.2702567519186526,0.32774324808134736,-0.2882655073946405,0.24514172686031765,0.057486496162694745,0.14440723425495822,0.38899999999999996
rep0602,0.64,0.640248836959821,alg2,0.1,0.005,0.005,0.09000000000000001,abs_005_005,1000,2000,0.41875958014722436,1.0209218707831649,True,0.6021622906359405,0.5812404198527756,0.7093590568134375,0.7646409431865625,-0.2905994766662131,0.25628092759660237,0.05528188637312503,0.1433804042628155,0.40349999999999997
rep0603,0.60,0.5991544039577558,alg2,0.1,0.005,0.005,0.09000000000000001,abs_005_005,1000,2000,0.13647037315402089,0.70728136045119,True,0.5708109872971692,0.5708109872971692,0.42522758611508227,0.48777241388491777,-0.2887572129610614,0.2195089465662723,0.0625448277698355,0.11726615952733366,0.391
rep0604,0.60,0.6047526563157402,alg2,0.1,0.005,0.005,0.09000000000000001,abs_005_005,1000,2000,0.2806092921388739,0.8969799226498028,True,0.6163706305109289,0.6163706305109289,0.5829280406970085,0.6440719593029915,-0.3023187485581346,0.25290796334681115,0.061143918605983005,0.11722671190494582,0.43799999999999994
rep0605,0.45,0.4481679997574964,alg2,0.1,0.005,0.005,0.09000000000000001,abs_005_005,1000,2000,0.0980721981097889,0.7309897146348232,True,0.6329175165250343,0.6329175165250343,0.48011686368725487,0.5428831363127451,-0.38204466557746597,0.18810657832207808,0.06276627262549023,0.13365124389954414,0.43649999999999994
rep0606,0.08,0.0795086777572074,alg2,0.1,0.005,0.005,0.09000000000000001,abs_005_005,1000,2000,-0.2366697102583631,0.19978595699210222,True,0.4364556672504653,0.19978595699210222,0.0,0.0,-0.2366697102583631,0.19978595699210222,0.0,0.11795566725046541,0.3184999999999999
rep0607,0.81,0.8090746309451496,alg2,0.1,0.005,0.005,0.09000000000000001,abs_005_005,1000,2000,0.5594393264326156,1.1520481206184008,True,0.5926087941857852,0.4405606735673844,0.906812533472083,0.940187466527917,-0.3473732070394674,0.21186065409048377,0.033374933055833944,0.14423386112995124,0.415
rep0608,0.47,0.46755530354218017,alg2,0.1,0.005,0.005,0.09000000000000001,abs_005_005,1000,2000,0.21057423835875266,0.851810739392386,True,0.6412365010336334,0.6412365010336334,0.5464879417487185,0.6085120582512815,-0.33591370338996585,0.24329868114110453,0.06202411650256301,0.13121238453107043,0.44799999999999995
rep0609,0.06,0.058461800263415145,alg2,0.1,0.005,0.005,0.09000000000000001,abs_005_005,1000,2000,-0.03689144021028429,0.5585323306541922,True,0.5954237708644765,0.5585323306541922,0.2887620453970106,0.3472379546029894,-0.3256534856072949,0.2112943760512028,0.05847590920597878,0.13644786165849776,0.40049999999999997
rep0610,0.66,0.6623647730854072,alg2,0.1,0.005,0.005,0.09000000000000001,abs_005_005,1000,2000,0.35881644003471813,0.9078444921463893,True,0.5490280521116712,0.5490280521116712,0.6369001686821623,0.6960998313178377,-0.27808372864744413,0.2117446608285516,0.05919966263567544,0.12132838947599578,0.36849999999999994
rep0611,0.51,0.5087070800519636,alg2,0.1,0.005,0.005,0.09000000000000001,abs_005_005,1000,2000,0.19360900050423502,0.8118973438427222,True,0.6182883433384871,0.6182883433384871,0.5363959294034644,0.5986040705965356,-0.34278692889922935,0.21329327324618658,0.062208141193071276,0.13258020214541577,0.4235000000000001
rep0612,0.61,0.609833705874556,alg2,0.1,0.005,0.005,0.09000000000000001,abs_005_005,1000,2000,0.03368427423402093,0.7023255237520012,True,0.6686412495179803,0.6686412495179803,0.4207535461327661,0.4832464538672339,-0.3870692718987452,0.21907906988476733,0.062492907734467806,0.1301483417835126,0.4759999999999999
rep0613,0.37,0.36681183434391906,alg2,0.1,0.005,0.005,0.09000000000000001,abs_005_005,1000,2000,-0.027960458935521626,0.6983540978150569,True,0.7263145567505784,0.6983540978150569,0.30096736059221935,0.3600326394077807,-0.32892781952774097,0.3383214584072761,0.05906527881556134,0.13124927793501706,0.536
rep0614,0.78,0.7760406702648954,alg2,0.1,0.005,0.005,0.09000000000000001,abs_005_005,1000,2000,0.37785305409624165,1.149950915230223,True,0.7720978611339813,0.6221469459037583,0.7701774178750391,0.8208225821249608,-0.3923243637787975,0.3291283331052621,0.050645164249921715,0.13945269688405948,0.5820000000000001
rep0615,0.32,0.32458550371632305,alg2,0.1,0.005,0.005,0.09000000000000001,abs_005_005,1000,2000,0.15575260699074367,0.8208590805109814,True,0.6651064735202378,0.6651064735202378,0.4946510295094988,0.5573489704905012,-0.3388984225187551,0.26351011002048025,0.06269794098100245,0.14390853253923552,0.4584999999999999
rep0616,0.38,0.38081427159349795,alg2,0.1,0.005,0.005,0.09000000000000001,abs_005_005,1000,2000,0.19752098620560238,0.8658703943466863,True,0.6683494081410839,0.6683494081410839,0.5112221667064186,0.5737778332935813,-0.31370118050081625,0.29209256105310494,0.06255566658716272,0.1372937415539211,0.4685000000000001
rep0617,0.79,0.790250279351206,alg2,0.1,0.005,0.005,0.09000000000000001,abs_005_005,1000,2000,0.47863277890509537,1.016675668520669,True,0.5380428896155737,0.5213672210949046,0.7764577550643392,0.8265422449356608,-0.29782497615924386,0.19013342358500826,0.050084489871321525,0.14445839974425212,0.3435
rep0618,0.81,0.811969262567762,alg2,0.1,0.005,0.005,0.09000000000000001,abs_005_005,1000,2000,0.45330706380110414,1.1592887195191042,True,0.7059816557180001,0.5466929361988959,0.78904546344268,0.83795453655732,-0.33573839964157587,0.32133418296178423,0.04890907311463999,0.13107258260335997,0.5260000000000001
rep0619,0.26,0.26239769985805894,alg2,0.1,0.005,0.005,0.09000000000000001,abs_005_005,1000,2000,0.0873083394638774,0.6563587096823924,True,0.569050370218515,0.569050370218515,0.38109857471002995,0.44290142528997,-0.29379023524615255,0.21345728439242237,0.06180285057994006,0.14374751963857502,0.36349999999999993
rep0620,0.47,0.4718778798485914,alg2,0.1,0.005,0.005,0.09000000000000001,abs_005_005,1000,2000,0.09675392324573168,0.7742460048646004,True,0.6774920816188688,0.6774920816188688,0.4751112122416882,0.5378887877583117,-0.3783572889959565,0.23635721710628865,0.06277757551662355,0.14371450610224523,0.471
rep0621,0.44,0.43636423997616214,alg2,0.1,0.005,0.005,0.09000000000000001,abs_005_005,1000,2000,0.002995690654943206,0.7465415632798996,True,0.7435458726249564,0.7435458726249564,0.39891771804241316,0.4610822819575868,-0.39592202738746995,0.2854592813223128,0.062164563915173665,0.1353813087097827,0.546
rep0622,0.20,0.20476096634931776,alg2,0.1,0.005,0.005,0.09000000000000001,abs_005_005,1000,2000,-0.13388127633923996,0.4701957236644717,True,0.6040770000037117,0.4701957236644717,0.1696495752999313,0.2193504247000687,-0.30353085163917126,0.250845298964403,0.049700849400137415,0.14487615060357423,0.40950000000000003
rep0623,0.31,0.30606562076902893,alg2,0.1,0.005,0.005,0.09000000000000001,abs_005_005,1000,2000,0.04222751490486065,0.6411514347672485,True,0.5989239198623878,0.5989239198623878,0.4103241586435021,0.47267584135649793,-0.3680966437386414,0.16847559341075058,0.06235168271299585,0.14507223714939194,0.3915
rep0624,0.35,0.34572132256660687,alg2,0.1,0.005,0.005,0.09000000000000001,abs_005_005,1000,2000,-0.08464552227214794,0.5323477406913875,True,0.6169932629635354,0.5323477406913875,0.2780414344698104,0.3359585655301896,-0.36268695674195833,0.1963891751611978,0.05791713106037921,0.13807613190315615,0.42099999999999993
rep0625,0.39,0.39367772927381633,alg2,0.1,0.005,0.005,0.09000000000000001,abs_005_005,1000,2000,-0.06920896172679092,0.6265230069422649,True,0.6957319686690558,0.6265230069422649,0.39346850125821037,0.4555314987417896,-0.4626774629850013,0.17099150820047526,0.06206299748357924,0.14066897118547655,0.49300000000000005
rep0626,0.41,0.41492438643787577,alg2,0.1,0.005,0.005,0.09000000000000001,abs_005_005,1000,2000,-0.07460510143121096,0.7195046174621318,True,0.7941097188933428,0.7195046174621318,0.327410440547034,0.38758955945296597,-0.40201554197824496,0.3319150580091659,0.06017911890593197,0.1424305999874107,0.5915000000000001
rep0627,0.31,0.31257351511226816,alg2,0.1,0.005,0.005,0.09000000000000001,abs_005_005,1000,2000,0.12134531006242544,0.7370162625926873,True,0.6156709525302618,0.6156709525302618,0.42721687423686266,0.4897831257631374,-0.3058715641744372,0.24723313682954984,0.06256625152627471,0.12460470100398713,0.4285
rep0628,0.82,0.8190252259712505,alg2,0.1,0.005,0.005,0.09000000000000001,abs_005_005,1000,2000,0.588544658764933,1.1294280598632174,True,0.5408834010982844,0.411455341235067,0.8692778794073356,0.9087221205926644,-0.2807332206424026,0.22070593927055293,0.039444241185328854,0.1159391599129555,0.3855
rep0629,0.61,0.6114223063029015,alg2,0.1,0.005,0.005,0.09000000000000001,abs_005_005,1000,2000,0.22171126610920866,0.9566198126334101,True,0.7349085465242015,0.7349085465242015,0.549518079532449,0.611481920467551,-0.32780681342324036,0.3451378921658591,0.06196384093510199,0.13244470558909938,0.5405000000000001
rep0630,0.47,0.46574380274058796,alg2,0.1,0.005,0.005,0.09000000000000001,abs_005_005,1000,2000,0.28992578372429395,0.7546375854260061,True,0.46471180170171217,0.46471180170171217,0.5152446066437553,0.5777553933562447,-0.22531882291946131,0.17688219206976138,0.06251078671248944,0.12920101498922265,0.273
rep0631,0.42,0.4168418952476526,alg2,0.1,0.005,0.005,0.09000000000000001,abs_005_005,1000,2000,0.11243571788037904,0.7109001649525406,True,0.5984644470721616,0.5984644470721616,0.43269003189187794,0.4953099681081221,-0.3202543140114989,0.2155901968444185,0.06261993621624418,0.1168445108559174,0.41899999999999993
rep0632,0.56,0.5642405624687724,alg2,0.1,0.005,0.005,0.09000000000000001,abs_005_005,1000,2000,0.4939341913302466,1.1081200051880047,True,0.6141858138577581,0.5060658086697534,0.8106397057204886,0.8573602942795113,-0.316705514390242,0.2507597109084933,0.046720588559022724,0.1449652252987354,0.42249999999999993
rep0633,0.32,0.32059734318177824,alg2,0.1,0.005,0.005,0.09000000000000001,abs_005_005,1000,2000,0.027200053144661895,0.6552350121063683,True,0.6280349589617064,0.6280349589617064,0.39297331259811824,0.45502668740188174,-0.36577325945345635,0.20020832470448652,0.062053374803763495,0.13998158415794293,0.42599999999999993
rep0634,0.45,0.4494167669884945,alg2,0.1,0.005,0.005,0.09000000000000001,abs_005_005,1000,2000,0.2288506493602782,0.8296267862298629,True,0.6007761368695846,0.6007761368695846,0.526820476467146,0.5891795235328541,-0.2979698271068678,0.24044726269700878,0.06235904706570805,0.12991708980387662,0.4085
rep0635,0.42,0.4171584895969967,alg2,0.1,0.005,0.005,0.09000000000000001,abs_005_005,1000,2000,0.04178866626754835,0.6982754819822751,True,0.6564868157147268,0.6564868157147268,0.3722049489222777,0.43379505107772237,-0.33041628265472933,0.2644804309045527,0.06159010215544469,0.13339671355928207,0.4614999999999999
rep0636,0.25,0.2531301096110303,alg2,0.1,0.005,0.005,0.09000000000000001,abs_005_005,1000,2000,-0.14842006214733025,0.4930796472881247,True,0.641499709435455,0.4930796472881247,0.21703520946190338,0.2709647905380966,-0.36545527160923363,0.22211485675002812,0.053929581076193195,0.13357012835926185,0.45399999999999996
rep0637,0.88,0.8792689425778458,alg2,0.1,0.005,0.005,0.09000000000000001,abs_005_005,1000,2000,0.6874797775580089,1.235641903882363,True,0.548162126324354,0.31252022244199107,0.9139811352561144,0.9460188647438857,-0.22650135769810545,0.28962303913847726,0.032037729487771394,0.13812439683658279,0.37799999999999995
rep0638,0.80,0.7984768448122922,alg2,0.1,0.005,0.005,0.09000000000000001,abs_005_005,1000,2000,0.4734759357259941,1.0215093710933327,True,0.5480334353673386,0.5265240642740059,0.8074719949710677,0.8545280050289322,-0.3339960592450736,0.16698136606440045,0.04705601005786453,0.13147742530947415,0.36949999999999994
rep0639,0.85,0.8486004041262027,alg2,0.1,0.005,0.005,0.09000000000000001,abs_005_005,1000,2000,0.6277927328110219,1.1655060875411147,True,0.5377133547300929,0.3722072671889781,0.9488455520689391,0.9731544479310609,-0.3210528192579172,0.19235163961005386,0.024308895862121815,0.13140445886797103,0.382
rep0640,0.39,0.3851373885412998,alg2,0.1,0.005,0.005,0.09000000000000001,abs_005_005,1000,2000,0.007181572579020135,0.5346242811763836,True,0.5274427085973634,0.5274427085973634,0.3122170823985488,0.37178291760145127,-0.30503550981952865,0.16284136357493234,0.059565835202902484,0.12787687339446108,0.3399999999999999
rep0641,0.59,0.5914541300664489,alg2,0.1,0.005,0.005,0.09000000000000001,abs_005_005,1000,2000,0.1832922963320291,0.7967377503917498,True,0.6134454540597207,0.6134454540597207,0.5288353975019042,0.5911646024980959,-0.34554310116987513,0.20557314789365388,0.062329204996191656,0.11911624906352913,0.43199999999999994
rep0642,0.64,0.635516605025901,alg2,0.1,0.005,0.005,0.09000000000000001,abs_005_005,1000,2000,0.5776824183588272,1.1388103200307442,True,0.5611279016719171,0.42231758164117283,0.8671233920459601,0.9068766079540399,-0.2894409736871329,0.23193371207670427,0.039753215908079786,0.13537468576383727,0.3859999999999999
rep0643,0.60,0.5989367021783024,alg2,0.1,0.005,0.005,0.09000000000000001,abs_005_005,1000,2000,0.35182253174749034,1.0363296284533496,True,0.6845070967058593,0.6481774682525097,0.7000622528923508,0.7559377471076492,-0.34823972114486046,0.2803918813457005,0.05587549421529836,0.12763160249056082,0.5010000000000001
rep0644,0.54,0.5417266321103141,alg2,0.1,0.005,0.005,0.09000000000000001,abs_005_005,1000,2000,0.41456106337802445,0.9234620493878783,True,0.5089009860098539,0.5089009860098539,0.6461058255463109,0.7048941744536891,-0.23154476216828646,0.21856787493418928,0.05878834890737816,0.13311263710247567,0.31700000000000006
rep0645,0.83,0.830101746507834,alg2,0.1,0.005,0.005,0.09000000000000001,abs_005_005,1000,2000,0.6531600598408719,1.27208436255519,True,0.6189243027143182,0.3468399401591281,0.943693561867285,0.969306438132715,-0.29053350202641315,0.30277792442247514,0.025612876265429962,0.12431142644888826,0.4690000000000001
rep0646,0.72,0.7190690865093518,alg2,0.1,0.005,0.005,0.09000000000000001,abs_005_005,1000,2000,0.4041981390344281,0.9657621529316851,True,0.5615640138972571,0.5615640138972571,0.6517375868581403,0.7102624131418598,-0.24753944782371223,0.25549973978982526,0.05852482628371947,0.13553918761353745,0.36750000000000005
rep0647,0.28,0.28187237136063,alg2,0.1,0.005,0.005,0.09000000000000001,abs_005_005,1000,2000,-0.18798026801328574,0.46271750258905997,True,0.6506977706023457,0.46271750258905997,0.15351120836911866,0.20148879163088132,-0.3414914763824044,0.2612287109581787,0.04797758326176266,0.1337201873405831,0.469
rep0648,0.07,0.07423100775724908,alg2,0.1,0.005,0.005,0.09000000000000001,abs_005_005,1000,2000,-0.26855838787515485,0.4558057667925353,True,0.7243641546676902,0.4558057667925353,0.11074857443083151,0.1532514255691685,-0.3793069623059864,0.30255434122336683,0.042502851138336975,0.12286130352935332,0.5589999999999999
rep0649,0.63,0.628180716912371,alg2,0.1,0.005,0.005,0.09000000000000001,abs_005_005,1000,2000,0.19550047843614793,0.8977618934703213,True,0.7022614150341734,0.7022614150341734,0.5819134749016186,0.6430865250983815,-0.38641299646547067,0.2546753683719398,0.06117305019676289,0.13358836483741043,0.5075000000000001
rep0650,0.63,0.634384654469708,alg2,0.1,0.005,0.005,0.09000000000000001,abs_005_005,1000,2000,0.4525613964440039,0.9740874149544412,True,0.5215260185104373,0.5215260185104373,0.7316293853842275,0.7853706146157724,-0.2790679889402236,0.1887168003386688,0.053741229231544896,0.13128478927889242,0.3365
rep0651,0.45,0.45319449808014894,alg2,0.1,0.005,0.005,0.09000000000000001,abs_005_005,1000,2000,-0.11881584232730091,0.5855493651635052,True,0.7043652074908061,0.5855493651635052,0.3357568925983201,0.3962431074016799,-0.454572734925621,0.18930625776182533,0.060486214803359806,0.1418789926874463,0.502
rep0652,0.44,0.44043978579245635,alg2,0.1,0.005,0.005,0.09000000000000001,abs_005_005,1000,2000,0.09487975926641434,0.6544845659545537,True,0.5596048066881394,0.5596048066881394,0.35642074081944797,0.41757925918055205,-0.2615409815530336,0.23690530677400168,0.061158518361104086,0.14644628832703532,0.352
rep0653,0.41,0.4149109690860978,alg2,0.1,0.005,0.005,0.09000000000000001,abs_005_005,1000,2000,0.3225147293314206,0.8530798439622445,True,0.5305651146308239,0.5305651146308239,0.5313547707303193,0.5936452292696807,-0.20884004139889872,0.25943461469256385,0.062290458539361326,0.1222746560914626,0.346
rep0654,0.50,0.49949569016094303,alg2,0.1,0.005,0.005,0.09000000000000001,abs_005_005,1000,2000,0.2881746308681238,0.921130735667255,True,0.6329561047991312,0.6329561047991312,0.5743085451693148,0.6356914548306851,-0.28613391430119106,0.2854392808365699,0.06138290966137028,0.13807319513776095,0.4335
rep0655,0.29,0.2854596404029002,alg2,0.1,0.005,0.005,0.09000000000000001,abs_005_005,1000,2000,0.05558279933882376,0.6818043175041586,True,0.6262215181653348,0.6262215181653348,0.3865388242330144,0.4484611757669856,-0.3309560248941906,0.23334314173717308,0.06192235153397119,0.14079916663136366,0.42350000000000004
rep0656,0.49,0.4882524133456352,alg2,0.1,0.005,0.005,0.09000000000000001,abs_005_005,1000,2000,0.3057026389766365,0.9731016630906765,True,0.66739902411404,0.66739902411404,0.6338343247628427,0.6931656752371572,-0.3281316857862062,0.27993598785351925,0.05933135047431448,0.11556767363972542,0.49250000000000005
rep0657,0.29,0.2879795746117501,alg2,0.1,0.005,0.005,0.09000000000000001,abs_005_005,1000,2000,-0.2424762865388547,0.5388941607414888,True,0.7813704472803434,0.5388941607414888,0.23632535167927401,0.29167464832072604,-0.4788016382181287,0.24721951242076273,0.05534929664145202,0.13152115063889147,0.5944999999999999
rep0658,0.16,0.15814258074432144,alg2,0.1,0.005,0.005,0.09000000000000001,abs_005_005,1000,2000,-0.10801303758335487,0.465756806534918,True,0.5737698441182729,0.465756806534918,0.22136880460419175,0.2756311953958082,-0.3293818421875466,0.1901256111391098,0.05426239079161646,0.11700745332665641,0.40249999999999997
rep0659,0.33,0.3308168158198044,alg2,0.1,0.005,0.005,0.09000000000000001,abs_005_005,1000,2000,0.014757956922312854,0.611319406914097,True,0.5965614499917842,0.5965614499917842,0.2902254157437464,0.34877458425625363,-0.27546745882143353,0.26254482265784335,0.058549168512507244,0.13901228147927697,0.39899999999999997
rep0660,0.84,0.8414857095486005,alg2,0.1,0.005,0.005,0.09000000000000001,abs_005_005,1000,2000,0.7072100621101625,1.2297640537134205,True,0.522553991603258,0.29278993788983754,0.9850707560094395,0.9969292439905605,-0.27786069389927703,0.23283480972285991,0.011858487981120991,0.13719550362213706,0.37349999999999994
rep0661,0.49,0.4858396125606992,alg2,0.1,0.005,0.005,0.09000000000000001,abs_005_005,1000,2000,0.23932468983729155,0.8740756920215452,True,0.6347510021842537,0.6347510021842537,0.5803918806652364,0.6416081193347636,-0.34106719082794484,0.23246757268678164,0.06121623866952719,0.13053476351472648,0.44300000000000006
rep0662,0.28,0.2766584649431424,alg2,0.1,0.005,0.005,0.09000000000000001,abs_005_005,1000,2000,-0.09572216031460562,0.5225129277618559,True,0.6182350880764615,0.5225129277618559,0.23487597831128437,0.29012402168871565,-0.33059813862589,0.2323889060731402,0.05524804337743128,0.14298704469903023,0.41999999999999993
rep0663,0.18,0.1819360935009027,alg2,0.1,0.005,0.005,0.09000000000000001,abs_005_005,1000,2000,0.09975198093019028,0.7374612037354293,True,0.637709222805239,0.637709222805239,0.4118132082108285,0.4741867917891715,-0.31206122728063823,0.2632744119462579,0.062373583578342995,0.12533563922689606,0.45000000000000007
rep0664,0.38,0.38299670627741383,alg2,0.1,0.005,0.005,0.09000000000000001,abs_005_005,1000,2000,0.05358223101575221,0.6908594081556247,True,0.6372771771398725,0.6372771771398725,0.39445897605294405,0.4565410239470559,-0.34087674503719184,0.23431838420856885,0.06208204789411187,0.12569512924576065,0.4495
rep0665,0.67,0.6699674075673208,alg2,0.1,0.005,0.005,0.09000000000000001,abs_005_005,1000,2000,0.351207261568752,0.9202152710074937,True,0.5690080094387417,0.5690080094387417,0.6323019054906867,0.6916980945093134,-0.2810946439219347,0.22851717649818026,0.059396189018626755,0.1426118204201149,0.3670000000000001
rep0666,0.51,0.5083358063154882,alg2,0.1,0.005,0.005,0.09000000000000001,abs_005_005,1000,2000,0.19544122861721913,0.7443640158997324,True,0.5489227872825133,0.5489227872825133,0.47661257791445844,0.5393874220855416,-0.2811713492972393,0.20497659381419087,0.06277484417108314,0.1421479431114302,0.344
rep0667,0.60,0.6020300693324006,alg2,0.1,0.005,0.005,0.09000000000000001,abs_005_005,1000,2000,0.22565737625014837,0.9221379661813678,True,0.6964805899312194,0.6964805899312194,0.5946053684837199,0.6553946315162801,-0.36894799223357155,0.2667433346650877,0.06078926303256016,0.1331913268986592,0.5025000000000001
rep0668,0.86,0.8597838880732807,alg2,0.1,0.005,0.005,0.09000000000000001,abs_005_005,1000,2000,0.43487365255236415,1.1064669502329698,True,0.6715932976806056,0.5651263474476358,0.9035161282818651,0.9374838717181349,-0.46864247572950096,0.16898307851483485,0.03396774343626974,0.13662555424433598,0.5009999999999999
rep0669,0.36,0.35731394286942286,alg2,0.1,0.005,0.005,0.09000000000000001,abs_005_005,1000,2000,0.2752981919922174,0.9379889875503626,True,0.6626907955581453,0.6626907955581453,0.5874952718430843,0.6485047281569157,-0.31219707985086687,0.28948425939344696,0.06100945631383148,0.12118133924431396,0.4804999999999999
rep0670,0.20,0.1962266302355978,alg2,0.1,0.005,0.005,0.09000000000000001,abs_005_005,1000,2000,-0.008606501097319419,0.45090522239629804,True,0.45951172349361746,0.45090522239629804,0.26685423126281854,0.32414576873718143,-0.27546073236013796,0.12675945365911664,0.057291537474362886,0.14522018601925468,0.2569999999999999
rep0671,0.50,0.49682018352700374,alg2,0.1,0.005,0.005,0.09000000000000001,abs_005_005,1000,2000,0.3887318036329599,0.9696405710177818,True,0.5809087673848219,0.5809087673848219,0.6466176117415047,0.7053823882584954,-0.2578858081085448,0.2642581827592864,0.05876477651699075,0.13664399086783113,0.3855
rep0672,0.69,0.6892868730555781,alg2,0.1,0.005,0.005,0.09000000000000001,abs_005_005,1000,2000,0.45435489398000656,1.021112571757459,True,0.5667576777774523,0.5456451060199934,0.8355534763861006,0.8794465236138995,-0.381198582406094,0.14166604814355943,0.043893047227798965,0.11286463054965334,0.41000000000000003
rep0673,0.53,0.5254793729407189,alg2,0.1,0.005,0.005,0.09000000000000001,abs_005_005,1000,2000,0.17502538998692913,0.688554544539848,True,0.5135291545529188,0.5135291545529188,0.46161163606480987,0.5243883639351901,-0.28658624607788075,0.16416618060465793,0.06277672787038019,0.14475242668253863,0.30600000000000005
rep0674,0.67,0.6695377226521729,alg2,0.1,0.005,0.005,0.09000000000000001,abs_005_005,1000,2000,0.3805085297834904,0.9931018898237096,True,0.6125933600402191,0.6125933600402191,0.7160826540939189,0.7709173459060812,-0.3355741243104285,0.22218454391762843,0.05483469181216227,0.13775866822805694,0.41999999999999993
rep0675,0.46,0.4632691092459867,alg2,0.1,0.005,0.005,0.09000000000000001,abs_005_005,1000,2000,0.24309917268869935,0.8577577806806659,True,0.6146586079919665,0.6146586079919665,0.5753220974803386,0.6366779025196614,-0.33222292479163923,0.2210798781610045,0.06135580503932281,0.13730280295264358,0.4160000000000001
rep0676,0.57,0.5697577821462855,alg2,0.1,0.005,0.005,0.09000000000000001,abs_005_005,1000,2000,0.2925983683406118,1.004436670656679,True,0.7118383023160672,0.7074016316593882,0.616486253244898,0.6765137467551019,-0.3238878849042862,0.327922923901577,0.060027493510203866,0.1233108088058632,0.5285
rep0677,0.65,0.6464032465274445,alg2,0.1,0.005,0.005,0.09000000000000001,abs_005_005,1000,2000,0.3785892896309654,0.8965818541617497,True,0.5179925645307843,0.5179925645307843,0.6491771178617746,0.7078228821382254,-0.2705878282308092,0.18875897202352432,0.05864576427645085,0.11984680025433336,0.33950000000000014
rep0678,0.38,0.381704180917303,alg2,0.1,0.005,0.005,0.09000000000000001,abs_005_005,1000,2000,-0.10762566200968104,0.6174698744010821,True,0.7250955364107632,0.6174698744010821,0.2907132833348797,0.3492867166651203,-0.39833894534456077,0.26818315773596185,0.058573433330240565,0.13302210308052276,0.5334999999999999
rep0679,0.61,0.6139353443163895,alg2,0.1,0.005,0.005,0.09000000000000001,abs_005_005,1000,2000,0.2723077489899431,0.9208875911253229,True,0.6485798421353799,0.6485798421353799,0.6702019503720724,0.7277980496279275,-0.39789420138212933,0.1930895414973955,0.05759609925585507,0.13548374287952475,0.45550000000000007
rep0680,0.60,0.599416591637384,alg2,0.1,0.005,0.005,0.09000000000000001,abs_005_005,1000,2000,0.30896071464080127,0.9433782321763942,True,0.6344175175355928,0.6344175175355928,0.6068099196551068,0.6671900803448932,-0.2978492050143055,0.27618815183150097,0.060380160689786466,0.1160373568458064,0.4580000000000001
rep0681,0.61,0.6120391767699129,alg2,0.1,0.005,0.005,0.09000000000000001,abs_005_005,1000,2000,0.2825158695221769,0.876720268397009,True,0.5942043988748321,0.5942043988748321,0.6271962449807604,0.6868037550192396,-0.34468037545858354,0.18991651337776938,0.059607510038479194,0.1305968888363529,0.404
rep0682,0.21,0.20524372314526954,alg2,0.1,0.005,0.005,0.09000000000000001,abs_005_005,1000,2000,-0.04801746026546738,0.5521537369721767,True,0.6001711972376441,0.5521537369721767,0.2848614375527869,0.3431385624472131,-0.3328788978182543,0.20901517452496363,0.05827712489442616,0.143394072343218,0.39849999999999997
rep0683,0.50,0.49551393879539885,alg2,0.1,0.005,0.005,0.09000000000000001,abs_005_005,1000,2000,0.2776225633525168,0.9419475146830549,True,0.6643249513305381,0.6643249513305381,0.5758289240744774,0.6371710759255227,-0.2982063607219606,0.3047764387575323,0.0613421518510453,0.11998279947949292,0.48300000000000004
rep0684,0.15,0.14799688249000248,alg2,0.1,0.005,0.005,0.09000000000000001,abs_005_005,1000,2000,-0.12616003866267028,0.3548980878485342,True,0.4810581265112045,0.3548980878485342,0.14641669069406027,0.19358330930593975,-0.27257672935673055,0.16131477854259446,0.047166618611879485,0.1343915078993249,0.2995000000000001
rep0685,0.25,0.25374061711051393,alg2,0.1,0.005,0.005,0.09000000000000001,abs_005_005,1000,2000,-0.07229534430918444,0.4927058092987808,True,0.5650011536079652,0.4927058092987808,0.2016599064064562,0.2543400935935438,-0.27395525071564064,0.23836571570523696,0.05268018718708761,0.14582096642087766,0.3665
rep0686,0.58,0.5762415075030807,alg2,0.1,0.005,0.005,0.09000000000000001,abs_005_005,1000,2000,0.3181985323200388,0.9559159802928958,True,0.637717447972857,0.637717447972857,0.6113918444923729,0.671608155507627,-0.29319331217233413,0.2843078247852688,0.06021631101525404,0.11900113695760284,0.4585
rep0687,0.47,0.4738166731340248,alg2,0.1,0.005,0.005,0.09000000000000001,abs_005_005,1000,2000,0.240814799178177,0.8611664217259569,True,0.6203516225477799,0.6203516225477799,0.5636743247433105,0.6253256752566896,-0.3228595255651335,0.2358407464692674,0.06165135051337911,0.14420027203440083,0.41450000000000004
rep0688,0.51,0.5114671157047247,alg2,0.1,0.005,0.005,0.09000000000000001,abs_005_005,1000,2000,0.04182662722720648,0.6774432034944022,True,0.6356165762671957,0.6356165762671957,0.4536226888809052,0.5163773111190948,-0.4117960616536987,0.16106589237530738,0.06275462223818962,0.14436195402900603,0.42850000000000005
rep0689,0.04,0.035133814196115686,alg2,0.1,0.005,0.005,0.09000000000000001,abs_005_005,1000,2000,0.06252335347015175,0.5443434226464361,False,0.48182006917628434,0.48182006917628434,0.3249575550547195,0.38504244494528045,-0.26243420158456776,0.1593009777011557,0.06008488989056093,0.13673517928572348,0.285
rep0690,0.32,0.321154014109585,alg2,0.1,0.005,0.005,0.09000000000000001,abs_005_005,1000,2000,-0.030317904412997476,0.5710767859406474,True,0.6013946903536449,0.5710767859406474,0.2887620453970106,0.3472379546029894,-0.3190799498100081,0.22383883133765803,0.05847590920597878,0.12541878114766614,0.4175
rep0691,0.14,0.13555251647644306,alg2,0.1,0.005,0.005,0.09000000000000001,abs_005_005,1000,2000,-0.10291982423888249,0.5656828814775212,True,0.6686027057164037,0.5656828814775212,0.2281177555385134,0.28288224446148663,-0.3310375797773959,0.28280063701603464,0.054764488922973226,0.1353382167934306,0.4784999999999999
rep0692,0.49,0.4900656986391382,alg2,0.1,0.005,0.005,0.09000000000000001,abs_005_005,1000,2000,0.2496230883456585,0.8279634214102567,True,0.5783403330645982,0.5783403330645982,0.5102168742368626,0.5727831257631374,-0.2605937858912041,0.25518029564711936,0.06256625152627482,0.13627408153832338,0.3795
rep0693,0.38,0.3793630417094126,alg2,0.1,0.005,0.005,0.09000000000000001,abs_005_005,1000,2000,0.1376452099908756,0.7533058802190238,True,0.6156606702281482,0.6156606702281482,0.42373595338372866,0.4862640466162714,-0.28609074339285306,0.2670418336027524,0.06252809323254271,0.1366325769956055,0.4165
rep0694,0.56,0.5589248503985509,alg2,0.1,0.005,0.005,0.09000000000000001,abs_005_005,1000,2000,0.17043720825032094,0.8022169189270064,True,0.6317797106766855,0.6317797106766855,0.5859725544889236,0.6470274455110765,-0.41553534623860267,0.15518947341592992,0.06105489102215289,0.14322481965453265,0.42749999999999994
rep0695,0.34,0.3392601427470871,alg2,0.1,0.005,0.005,0.09000000000000001,abs_005_005,1000,2000,-0.1497266251627784,0.49599137954734407,True,0.6457180047101225,0.49599137954734407,0.2508414054764772,0.30715859452352284,-0.4005680306392556,0.18883278502382123,0.056317189047045635,0.12640081566307682,0.46299999999999997
rep0696,0.37,0.37497989849424296,alg2,0.1,0.005,0.005,0.09000000000000001,abs_005_005,1000,2000,-0.06510048979842592,0.5150177373391585,True,0.5801182271375844,0.5150177373391585,0.2532646077134703,0.30973539228652963,-0.31836509751189623,0.20528234505262877,0.05647078457305932,0.11464744256452508,0.4089999999999999
rep0697,0.51,0.5138505617404521,alg2,0.1,0.005,0.005,0.09000000000000001,abs_005_005,1000,2000,0.2563212950152994,0.9144467647523258,True,0.6581254697370265,0.6581254697370265,0.5157475546582376,0.5782524453417625,-0.25942625964293825,0.33619431941056327,0.06250489068352483,0.13412057905350155,0.46149999999999997
rep0698,0.49,0.48808821982515055,alg2,0.1,0.005,0.005,0.09000000000000001,abs_005_005,1000,2000,0.07424893397800753,0.6959550234772282,True,0.6217060894992206,0.6217060894992206,0.4023874399293123,0.4646125600706877,-0.3281385059513048,0.23134246340654047,0.06222512014137538,0.13298096935784526,0.42650000000000005
rep0699,0.74,0.737624141085637,alg2,0.1,0.005,0.005,0.09000000000000001,abs_005_005,1000,2000,0.43691494810244447,1.0779212245161118,True,0.6410062764136674,0.5630850518975555,0.7550349708507226,0.8069650291492775,-0.3181200227482781,0.27095619536683446,0.051930058298554904,0.14307621811511245,0.4460000000000001
rep0700,0.09,0.08784335363432007,alg2,0.1,0.005,0.005,0.09000000000000001,abs_005_005,1000,2000,-0.25253299160313536,0.28798926579607076,True,0.5405222573992061,0.28798926579607076,0.06930558311262161,0.10469441688737838,-0.32183857471575694,0.1832948489086924,0.03538883377475677,0.1346334236244494,0.37049999999999994
rep0701,0.23,0.22824436689619965,alg2,0.1,0.005,0.005,0.09000000000000001,abs_005_005,1000,2000,-0.17907405357478065,0.5522898851691898,True,0.7313639387439704,0.5522898851691898,0.21270562642137494,0.26629437357862507,-0.3917796799961556,0.28599551159056463,0.05358874715725012,0.1352751915867203,0.5425
rep0702,0.79,0.7916799561732202,alg2,0.1,0.005,0.005,0.09000000000000001,abs_005_005,1000,2000,0.5633890211408736,1.226905070842607,True,0.6635160497017334,0.43661097885912636,0.8730531356580481,0.9119468643419518,-0.3096641145171744,0.31495820650065526,0.03889372868390373,0.14012232101782957,0.4845000000000001
rep0703,0.72,0.7159597687993551,alg2,0.1,0.005,0.005,0.09000000000000001,abs_005_005,1000,2000,0.3698861999706022,1.014756898336775,True,0.6448706983661727,0.6301138000293978,0.6912951969108841,0.7477048030891159,-0.32140899694028197,0.26705209524765916,0.056409606178231764,0.13896109218794106,0.4495000000000001
rep0704,0.24,0.2433457414922106,alg2,0.1,0.005,0.005,0.09000000000000001,abs_005_005,1000,2000,-0.007314842826219081,0.5871673039859535,True,0.5944821468121726,0.5871673039859535,0.2310130158809105,0.2859869841190895,-0.23832785870712958,0.301180319866864,0.054973968238179016,0.14300817857399362,0.39649999999999996
rep0705,0.73,0.7259717934097802,alg2,0.1,0.005,0.005,0.09000000000000001,abs_005_005,1000,2000,0.33821606412445093,1.0217114504057823,True,0.6834953862813313,0.6617839358755491,0.6655810198973708,0.7234189801026292,-0.3273649557729199,0.2982924703031531,0.05783796020525833,0.12815742607607294,0.49750000000000005
rep0706,0.33,0.3288119907847241,alg2,0.1,0.005,0.005,0.09000000000000001,abs_005_005,1000,2000,0.052402538759777295,0.621112187230712,True,0.5687096484709347,0.5687096484709347,0.35740624291932444,0.4185937570806756,-0.30500370415954714,0.20251843015003643,0.06118751416135115,0.10302213430958362,0.40449999999999997
rep0707,0.36,0.36157900634283197,alg2,0.1,0.005,0.005,0.09000000000000001,abs_005_005,1000,2000,-0.1175145154564175,0.5620508372181238,True,0.6795653526745413,0.5620508372181238,0.2887620453970106,0.3472379546029894,-0.4062765608534281,0.21481288261513437,0.05847590920597878,0.1295894434685626,0.49149999999999994
rep0708,0.58,0.5817658237164358,alg2,0.1,0.005,0.005,0.09000000000000001,abs_005_005,1000,2000,0.10549527854687757,0.8104597670102177,True,0.7049644884633401,0.7049644884633401,0.4316946273053349,0.4943053726946651,-0.32619934875845735,0.3161543943155526,0.0626107453893302,0.13885374307400988,0.5035000000000001
rep0709,0.86,0.8602526850021784,alg2,0.1,0.005,0.005,0.09000000000000001,abs_005_005,1000,2000,0.5431683414270252,1.1280828862163752,True,0.58491454478935,0.4568316585729748,0.8953055831126217,0.9306944168873784,-0.3521372416855965,0.19738846932899673,0.03538883377475677,0.13052571101459326,0.419
rep0710,0.71,0.714066617435744,alg2,0.1,0.005,0.005,0.09000000000000001,abs_005_005,1000,2000,0.3957855128181038,0.947384333238312,True,0.5515988204202081,0.5515988204202081,0.712978477683686,0.768021522316314,-0.31719296486558224,0.1793628109219979,0.05504304463262799,0.1260557757875801,0.37050000000000005
rep0711,0.24,0.24175158542979483,alg2,0.1,0.005,0.005,0.09000000000000001,abs_005_005,1000,2000,-0.046756996609422063,0.7076611772799591,True,0.7544181738893811,0.7076611772799591,0.38901297503000876,0.4509870249699912,-0.4357699716394308,0.25667415230996793,0.061974049939982456,0.1409441239493987,0.5515000000000001
rep0712,0.46,0.4564952417546153,alg2,0.1,0.005,0.005,0.09000000000000001,abs_005_005,1000,2000,0.13375454831265454,0.7079817320411879,True,0.5742271837285333,0.5742271837285333,0.4346812206567642,0.4973187793432359,-0.30092667234410964,0.21066295269795204,0.0626375586864717,0.1440896250420618,0.36749999999999994
rep0713,0.31,0.31094655298240614,alg2,0.1,0.005,0.005,0.09000000000000001,abs_005_005,1000,2000,0.06991407266760225,0.7450206086872779,True,0.6751065360196757,0.6751065360196757,0.4207535461327661,0.4832464538672339,-0.35083947346516386,0.26177415482004407,0.062492907734467806,0.12061362828520794,0.492
rep0714,0.42,0.42224281977971795,alg2,0.1,0.005,0.005,0.09000000000000001,abs_005_005,1000,2000,-0.10277543368074549,0.5346501771404467,True,0.6374256108211922,0.5346501771404467,0.26442509750113974,0.3215749024988602,-0.3672005311818852,0.2130752746415865,0.05714980499772049,0.13977580582347177,0.44049999999999995
rep0715,0.36,0.3621149722632049,alg2,0.1,0.005,0.005,0.09000000000000001,abs_005_005,1000,2000,0.06620766242992698,0.7020868396296782,True,0.6358791771997512,0.6358791771997512,0.34706527401502557,0.40793472598497443,-0.2808576115850986,0.29415211364470384,0.06086945196994886,0.14150972522980249,0.43349999999999994
rep0716,0.34,0.3413958520892463,alg2,0.1,0.005,0.005,0.09000000000000001,abs_005_005,1000,2000,0.003148274410500862,0.6045961075148125,True,0.6014478331043116,0.6014478331043116,0.33280991965510676,0.3931900803448932,-0.3296616452446059,0.2114060271699193,0.060380160689786466,0.1260676724145251,0.41500000000000004
rep0717,0.44,0.4415860096902311,alg2,0.1,0.005,0.005,0.09000000000000001,abs_005_005,1000,2000,0.05638978114281634,0.6661503504634376,True,0.6097605693206213,0.6097605693206213,0.3682556777226446,0.42974432227735543,-0.3118658965798283,0.23640602818608214,0.061488644554710814,0.14227192476591055,0.4059999999999999
rep0718,0.56,0.5646466920560302,alg2,0.1,0.005,0.005,0.09000000000000001,abs_005_005,1000,2000,0.21441285116615244,0.8430196373777676,True,0.6286067862116151,0.6286067862116151,0.5379089056702813,0.6000910943297186,-0.3234960545041288,0.242928543048049,0.062182188659437365,0.13792459755217773,0.42850000000000005
rep0719,0.71,0.7103995063697587,alg2,0.1,0.005,0.005,0.09000000000000001,abs_005_005,1000,2000,0.5003043625340405,0.9629905413308694,True,0.46268617879682883,0.46268617879682883,0.7764577550643392,0.8265422449356608,-0.2761533925302987,0.1364482963952086,0.050084489871321525,0.13560168892550728,0.277
rep0720,0.69,0.6932176668159191,alg2,0.1,0.005,0.005,0.09000000000000001,abs_005_005,1000,2000,0.4936145329763584,1.006817515766196,True,0.5132029827898377,0.5063854670236416,0.7943014748918075,0.8426985251081925,-0.3006869419154491,0.16411899065800356,0.048397050216385074,0.14330593257345264,0.3215
rep0721,0.86,0.8636766762196767,alg2,0.1,0.005,0.005,0.09000000000000001,abs_005_005,1000,2000,0.4743767688997802,1.1390607306275995,True,0.6646839617278193,0.5256232311002198,0.8628203084917185,0.9031796915082815,-0.38844353959193834,0.23588103911931813,0.040359383016562944,0.13882457871125647,0.4855
rep0722,0.92,0.9209427021622629,alg2,0.1,0.005,0.005,0.09000000000000001,abs_005_005,1000,2000,0.6624634820748699,1.2296578682980615,True,0.5671943862231915,0.33753651792513006,1.0,1.0,-0.33753651792513006,0.2296578682980615,0.0,0.14169438622319158,0.42550000000000004
rep0723,0.50,0.5016753434719334,alg2,0.1,0.005,0.005,0.09000000000000001,abs_005_005,1000,2000,0.15650903185852538,0.8075381343326903,True,0.6510291024741649,0.6510291024741649,0.5011749441637992,0.5638250558362008,-0.34466591230527377,0.2437130784964895,0.06265011167240164,0.1363789908017633,0.45199999999999996
rep0724,0.22,0.22277910125347108,alg2,0.1,0.005,0.005,0.09000000000000001,abs_005_005,1000,2000,-0.2817490635273895,0.372806927443474,True,0.6545559909708635,0.372806927443474,0.10052479008908718,0.1414752099109128,-0.38227385361647664,0.23133171753256115,0.04095041982182562,0.13210557114903787,0.48149999999999993
rep0725,0.63,0.6285584659969985,alg2,0.1,0.005,0.005,0.09000000000000001,abs_005_005,1000,2000,0.2686025923866637,0.9038878532615803,True,0.6352852608749167,0.6352852608749167,0.5925732239085932,0.6534267760914068,-0.32397063152192956,0.2504610771701735,0.06085355218281352,0.13093170869210313,0.4435
rep0726,0.58,0.5754838177330744,alg2,0.1,0.005,0.005,0.09000000000000001,abs_005_005,1000,2000,0.40090048648527854,1.015359043237574,True,0.6144585567522955,0.5990995135147215,0.7285165232778458,0.7824834767221541,-0.32761603679256723,0.23287556651542007,0.05396695344430835,0.13799160330798732,0.4225
rep0727,0.21,0.2115740355737719,alg2,0.1,0.005,0.005,0.09000000000000001,abs_005_005,1000,2000,-0.3415086491977125,0.4232577521213208,True,0.7647664013190333,0.4232577521213208,0.1303989476777169,0.1756010523222831,-0.47190759687542944,0.24765669979903765,0.0452021046445662,0.133564296674467,0.5860000000000001
rep0728,0.56,0.5564120944969329,alg2,0.1,0.005,0.005,0.09000000000000001,abs_005_005,1000,2000,0.1402636023159357,0.7653737712383476,True,0.6251101689224119,0.6251101689224119,0.5308508318494415,0.5931491681505586,-0.3905872295335058,0.17222460308778897,0.06229833630111714,0.1403118326212947,0.42250000000000004
rep0729,0.60,0.5956440662913057,alg2,0.1,0.005,0.005,0.09000000000000001,abs_005_005,1000,2000,0.14170504580429116,0.7867159510997623,True,0.6450109052954711,0.6450109052954711,0.5429542621576793,0.6050457378423206,-0.4012492163533881,0.18167021325744165,0.06209147568464135,0.11341942961082974,0.46950000000000003
rep0730,0.69,0.6917308798798025,alg2,0.1,0.005,0.005,0.09000000000000001,abs_005_005,1000,2000,0.28606491856652644,0.8797026829320425,True,0.593637764365516,0.593637764365516,0.6063009937687206,0.6666990062312793,-0.32023607520219416,0.21300367670076314,0.060398012462558714,0.14473975190295718,0.38850000000000007
rep0731,0.43,0.4266039488445103,alg2,0.1,0.005,0.005,0.09000000000000001,abs_005_005,1000,2000,0.23673286222031398,0.7813046558217742,True,0.5445717936014602,0.5445717936014602,0.5016770047283273,0.5643229952716727,-0.26494414250801335,0.21698166055010149,0.06264599054334541,0.1464258030581148,0.3355
rep0732,0.58,0.5845218275511942,alg2,0.1,0.005,0.005,0.09000000000000001,abs_005_005,1000,2000,0.15589358616561894,0.9582869915265037,True,0.8023934053608848,0.8023934053608848,0.6369001686821623,0.6960998313178377,-0.4810065825165433,0.26218716020866595,0.05919966263567544,0.13219374272520912,0.6110000000000002
rep0733,0.81,0.8126562034084693,alg2,0.1,0.005,0.005,0.09000000000000001,abs_005_005,1000,2000,0.6047337821767351,1.110086527043694,True,0.5053527448669588,0.3952662178232649,0.8762942097986317,0.9147057902013682,-0.27156042762189664,0.19538073684232582,0.03841158040273651,0.12394116446422249,0.34299999999999997
rep0734,0.55,0.5486243168959926,alg2,0.1,0.005,0.005,0.09000000000000001,abs_005_005,1000,2000,0.09825690008961552,0.7592220339021447,True,0.6609651338125292,0.6609651338125292,0.44015959643633085,0.5028404035636691,-0.34190269634671533,0.25638163033847566,0.06268080712733826,0.1267843266851909,0.47150000000000003
rep0735,0.20,0.19850254703185236,alg2,0.1,0.005,0.005,0.09000000000000001,abs_005_005,1000,2000,-0.02145585382568721,0.5915327869232618,True,0.6129886407489491,0.5915327869232618,0.2746343628427856,0.3323656371572144,-0.2960902166684728,0.2591671497660474,0.057731274314428815,0.13125736643452013,0.42400000000000004
rep0736,0.63,0.628675093368849,alg2,0.1,0.005,0.005,0.09000000000000001,abs_005_005,1000,2000,0.4627260364820978,1.0441201354200682,True,0.5813940989379704,0.5372739635179022,0.7985112083691187,0.8464887916308813,-0.3357851718870209,0.19763134378918698,0.0479775832617626,0.13791651567620788,0.39549999999999996
rep0737,0.30,0.3010343309546036,alg2,0.1,0.005,0.005,0.09000000000000001,abs_005_005,1000,2000,-0.0010622541969564914,0.521700665300273,True,0.5227629194972295,0.521700665300273,0.33280991965510676,0.3931900803448932,-0.33387217385206325,0.12851058495537981,0.060380160689786466,0.13188275880744305,0.3305
rep0738,0.67,0.672878039474014,alg2,0.1,0.005,0.005,0.09000000000000001,abs_005_005,1000,2000,0.5357551744213571,1.1323294962303445,True,0.5965743218089874,0.4642448255786429,0.8424787463786972,0.8855212536213027,-0.3067235719573401,0.24680824260904177,0.0430425072426055,0.14353181456638203,0.40999999999999986
rep0739,0.39,0.39484025614167567,alg2,0.1,0.005,0.005,0.09000000000000001,abs_005_005,1000,2000,0.034231076006891625,0.8142443105460602,True,0.7800132345391686,0.7800132345391686,0.3949542621576793,0.45704573784232067,-0.3607231861507877,0.35719857270373956,0.06209147568464135,0.13142175885452723,0.5865
rep0740,0.50,0.5019803607519125,alg2,0.1,0.005,0.005,0.09000000000000001,abs_005_005,1000,2000,0.32473586885041306,0.9965612495050409,True,0.6718253806546278,0.6718253806546278,0.6129197920252031,0.673080207974797,-0.28818392317479,0.3234810415302439,0.06016041594959387,0.13616496470503386,0.4755
rep0741,0.71,0.706007734024443,alg2,0.1,0.005,0.005,0.09000000000000001,abs_005_005,1000,2000,0.36817006581146894,0.9574866857473778,True,0.5893166199359089,0.5893166199359089,0.7150477411140992,0.7699522588859009,-0.34687767530263025,0.18753442686147698,0.05490451777180172,0.14041210216410738,0.3939999999999999
rep0742,0.20,0.20412545190772005,alg2,0.1,0.005,0.005,0.09000000000000001,abs_005_005,1000,2000,-0.2577283752081142,0.36253374016712103,True,0.6202621153752352,0.36253374016712103,0.0499671358841478,0.0810328641158522,-0.307695511092262,0.28150087605126883,0.0310657282317044,0.12619638714353082,0.463
rep0743,0.70,0.703056156327592,alg2,0.1,0.005,0.005,0.09000000000000001,abs_005_005,1000,2000,0.3894962630259414,0.9216090477737446,True,0.5321127847478032,0.5321127847478032,0.7072918298018673,0.7627081701981326,-0.3177955667759259,0.158900877575612,0.05541634039626531,0.13919644435153788,0.3375
rep0744,0.79,0.7913026862136665,alg2,0.1,0.005,0.005,0.09000000000000001,abs_005_005,1000,2000,0.6571522345959251,1.1893390092406992,True,0.5321867746447742,0.3428477654040749,1.0,1.0,-0.34284776540407486,0.18933900924069924,0.0,0.14568677464477403,0.3865000000000001
rep0745,0.09,0.08797622050160088,alg2,0.1,0.005,0.005,0.09000000000000001,abs_005_005,1000,2000,-0.0044201269097114415,0.6697201553888493,True,0.6741402822985607,0.6697201553888493,0.3200544743685559,0.37994552563144407,-0.3244746012782673,0.28977462975740526,0.059891051262888184,0.13474923103567266,0.4795
rep0746,0.52,0.5221816913900238,alg2,0.1,0.005,0.005,0.09000000000000001,abs_005_005,1000,2000,0.12961568406838414,0.7278340339332897,True,0.5982183498649056,0.5982183498649056,0.5036855630270782,0.5663144369729218,-0.3740698789586941,0.16151959696036788,0.0626288739458436,0.132589475919062,0.403
rep0747,0.48,0.4831577354732387,alg2,0.1,0.005,0.005,0.09000000000000001,abs_005_005,1000,2000,0.35217351536599084,0.941244973740541,True,0.5890714583745501,0.5890714583745501,0.6246447926746737,0.6843552073253263,-0.2724712773086828,0.25688976641521466,0.05971041465065263,0.12536104372389745,0.404
rep0748,0.80,0.8039755610445151,alg2,0.1,0.005,0.005,0.09000000000000001,abs_005_005,1000,2000,0.35952073943534096,1.103925094717059,True,0.7444043552817179,0.640479260564659,0.78169815947531,0.83130184052469,-0.422177420039969,0.272623254192369,0.049603681049380066,0.12430067423233815,0.5704999999999999
rep0749,0.48,0.4849524325382472,alg2,0.1,0.005,0.005,0.09000000000000001,abs_005_005,1000,2000,0.1664693532197672,0.7987508109205652,True,0.632281457700798,0.632281457700798,0.509714275584058,0.572285724415942,-0.3432449223642908,0.2264650865046231,0.06257144883188404,0.138210008868914,0.4315
rep0750,0.54,0.5415944112692606,alg2,0.1,0.005,0.005,0.09000000000000001,abs_005_005,1000,2000,0.3400377104591885,0.9972220105709975,True,0.657184300111809,0.657184300111809,0.6532743329188253,0.7117256670811747,-0.3132366224596368,0.2854963434898228,0.05845133416234938,0.12323296594945954,0.47550000000000003
rep0751,0.11,0.11305284111474975,alg2,0.1,0.005,0.005,0.09000000000000001,abs_005_005,1000,2000,0.019626353293869192,0.5596718560113535,True,0.5400455027174843,0.5400455027174843,0.2868114290827928,0.3451885709172072,-0.2671850757889236,0.21448328509414624,0.05837714183441445,0.09566836088306985,0.386
rep0752,0.21,0.20638117578173643,alg2,0.1,0.005,0.005,0.09000000000000001,abs_005_005,1000,2000,-0.10262256426986258,0.5405592698904553,True,0.6431818341603179,0.5405592698904553,0.23004774111409912,0.28495225888590087,-0.3326703053839617,0.2556070110045544,0.05490451777180175,0.1367773163885161,0.4515
rep0753,0.50,0.5007371849253293,alg2,0.1,0.005,0.005,0.09000000000000001,abs_005_005,1000,2000,0.16712269990358963,0.8262755220183191,True,0.6591528221147295,0.6591528221147295,0.5414403151242497,0.6035596848757503,-0.3743176152206601,0.22271583714256876,0.062119369751500564,0.13753345236322878,0.4595
rep0754,0.77,0.7657822681826205,alg2,0.1,0.005,0.005,0.09000000000000001,abs_005_005,1000,2000,0.38719710617997855,0.9398636963206024,True,0.5526665901406238,0.5526665901406238,0.6990301737141317,0.7549698262858683,-0.31183306753415313,0.18489387003473418,0.05593965257173661,0.1412269375688872,0.3555000000000001
rep0755,0.13,0.13228095225451117,alg2,0.1,0.005,0.005,0.09000000000000001,abs_005_005,1000,2000,-0.15325150819941402,0.5238958173334677,True,0.6771473255328817,0.5238958173334677,0.22618852673256828,0.2808114732674317,-0.3794400349319823,0.24308434406603596,0.05462294653486344,0.12652437899801827,0.496
rep0756,0.57,0.571112422982143,alg2,0.1,0.005,0.005,0.09000000000000001,abs_005_005,1000,2000,0.27423915216061934,0.9157235046175185,True,0.6414843524568992,0.6414843524568992,0.6358780713799941,0.6951219286200059,-0.36163891921937474,0.22060157599751262,0.0592438572400118,0.1382404952168873,0.44400000000000006
rep0757,0.25,0.24520131457810895,alg2,0.1,0.005,0.005,0.09000000000000001,abs_005_005,1000,2000,-0.10555347186513758,0.5141992592445783,True,0.619752731109716,0.5141992592445783,0.21847929908416402,0.27252070091583597,-0.3240327709493016,0.2416785583287423,0.05404140183167194,0.1262113292780439,0.4395
rep0758,0.75,0.752406258982651,alg2,0.1,0.005,0.005,0.09000000000000001,abs_005_005,1000,2000,0.5359073611171656,1.129015152889743,True,0.5931077917725773,0.46409263888283436,0.8746730673980732,0.9133269326019269,-0.3387657062809075,0.21568822028781615,0.03865386520385372,0.12595392656872362,0.4285
rep0759,0.07,0.06962115207073712,alg2,0.1,0.005,0.005,0.09000000000000001,abs_005_005,1000,2000,-0.35790140296898,0.29647405214175326,True,0.6543754551107333,0.29647405214175326,0.040686742345562375,0.06931325765443763,-0.39858814531454234,0.22716079448731563,0.028626515308875257,0.13524893980185804,0.49049999999999994
rep0760,0.59,0.5914516038863458,alg2,0.1,0.005,0.005,0.09000000000000001,abs_005_005,1000,2000,0.14366719310604464,0.8607902436958096,True,0.717123050589765,0.717123050589765,0.5152446066437553,0.5777553933562447,-0.3715774135377106,0.2830348503395649,0.06251078671248944,0.12261226387727553,0.532
rep0761,0.96,0.9615407011273777,alg2,0.1,0.005,0.005,0.09000000000000001,abs_005_005,1000,2000,0.6265808167028897,1.1499026418845528,True,0.5233218251816631,0.3734191832971103,1.0,1.0,-0.37341918329711027,0.14990264188455288,0.0,0.13532182518166314,0.388
rep0762,0.80,0.8015721210640162,alg2,0.1,0.005,0.005,0.09000000000000001,abs_005_005,1000,2000,0.46734306539733833,0.9627964767770977,True,0.49545341137975935,0.49545341137975935,0.7342248126100182,0.7877751873899819,-0.2668817472126798,0.1750212893871158,0.053550374779963716,0.12240303659979573,0.3194999999999999
rep0763,0.47,0.4704981219093263,alg2,0.1,0.005,0.005,0.09000000000000001,abs_005_005,1000,2000,0.06650645326032434,0.7089084735729441,True,0.6424020203126197,0.6424020203126197,0.4351790968905382,0.49782090310946187,-0.36867264363021385,0.21108757046348225,0.06264180621892368,0.14376021409369616,0.436
rep0764,0.43,0.4303563611804176,alg2,0.1,0.005,0.005,0.09000000000000001,abs_005_005,1000,2000,0.2088689777672767,0.7976909862137178,True,0.5888220084464411,0.5888220084464411,0.49715959643633084,0.559840403563669,-0.28829061866905414,0.23785058265004877,0.0626808071273382,0.14364120131910302,0.3824999999999999
rep0765,0.44,0.43973229587711393,alg2,0.1,0.005,0.005,0.09000000000000001,abs_005_005,1000,2000,0.06371167352416007,0.5738234208954529,True,0.5101117473712928,0.5101117473712928,0.3391966245287671,0.3998033754712329,-0.275484951004607,0.17402004542422006,0.060606750942465815,0.13250499642882702,0.31700000000000006
rep0766,0.38,0.37621017495843084,alg2,0.1,0.005,0.005,0.09000000000000001,abs_005_005,1000,2000,0.3930346213727426,1.0419641595796094,False,0.6489295382068668,0.6069653786272574,0.6861439709253001,0.7428560290746999,-0.2931093495525575,0.29910813050490953,0.056712058149399835,0.13621748005746703,0.45600000000000007
rep0767,0.72,0.7246108330751603,alg2,0.1,0.005,0.005,0.09000000000000001,abs_005_005,1000,2000,0.3196033260689602,1.0305194636499064,True,0.7109161375809463,0.6803966739310399,0.6804825392675224,0.7375174607324775,-0.36087921319856225,0.29300200291742884,0.057034921464955035,0.12838121611599096,0.5255000000000001
rep0768,0.58,0.5782724073312556,alg2,0.1,0.005,0.005,0.09000000000000001,abs_005_005,1000,2000,0.1411229079523097,0.8737849774660285,True,0.7326620695137187,0.7326620695137187,0.48011686368725487,0.5428831363127451,-0.3389939557349452,0.33090184115328336,0.06276627262549023,0.13739579688822856,0.5325
rep0769,0.66,0.6626943303081723,alg2,0.1,0.005,0.005,0.09000000000000001,abs_005_005,1000,2000,0.4980016256943856,1.1038735304717746,True,0.6058719047773891,0.5019983743056144,0.8069443056851836,0.8540556943148164,-0.308942679990798,0.24981783615695816,0.04711138862963282,0.14526051614775615,0.4135
rep0770,0.37,0.37433490040573675,alg2,0.1,0.005,0.005,0.09000000000000001,abs_005_005,1000,2000,0.07583335523185714,0.74086243240701,True,0.6650290771751528,0.6650290771751528,0.47310983093197356,0.5358901690680263,-0.3972764757001164,0.2049722633389837,0.06278033813605277,0.13524873903910012,0.467
rep0771,0.50,0.5010909538628612,alg2,0.1,0.005,0.005,0.09000000000000001,abs_005_005,1000,2000,0.23790022968622804,0.7527940971982152,True,0.5148938675119872,0.5148938675119872,0.5016770047283273,0.5643229952716727,-0.2637767750420993,0.18847110192654246,0.06264599054334541,0.14024787696864172,0.31200000000000006
rep0772,0.20,0.1995563133268665,alg2,0.1,0.005,0.005,0.09000000000000001,abs_005_005,1000,2000,-0.04006058046656072,0.5725164322443362,True,0.6125770127108969,0.5725164322443362,0.24164323150227981,0.29735676849772025,-0.28170381196884053,0.275159663746616,0.05571353699544043,0.12536347571545647,0.4315
rep0773,0.39,0.3893484360679591,alg2,0.1,0.005,0.005,0.09000000000000001,abs_005_005,1000,2000,0.014238978817366021,0.7088223775824207,True,0.6945833987650547,0.6945833987650547,0.37467432474331047,0.4363256752566896,-0.36043534592594445,0.2724967023257312,0.06165135051337911,0.1439320482516756,0.489
rep0774,0.13,0.12593374803146856,alg2,0.1,0.005,0.005,0.09000000000000001,abs_005_005,1000,2000,-0.17235197015128656,0.4122135907392782,True,0.5845655608905648,0.4122135907392782,0.1112144968283938,0.15378550317160622,-0.28356646697968035,0.258428087567672,0.042571006343212425,0.12199455454735236,0.42
rep0775,0.41,0.41085886710447456,alg2,0.1,0.005,0.005,0.09000000000000001,abs_005_005,1000,2000,0.035874274592525734,0.6108294649036791,True,0.5749551903111534,0.5749551903111534,0.37467432474331047,0.4363256752566896,-0.33880005015078474,0.17450378964698948,0.06165135051337911,0.14280383979777422,0.37050000000000005
rep0776,0.46,0.45781073823209023,alg2,0.1,0.005,0.005,0.09000000000000001,abs_005_005,1000,2000,0.06687474044918856,0.6913510662584715,True,0.6244763258092829,0.6244763258092829,0.3761563482158663,0.43784365178413365,-0.30928160776667774,0.2535074144743379,0.06168730356826735,0.11828902224101567,0.4445
rep0777,0.47,0.4676893945991415,alg2,0.1,0.005,0.005,0.09000000000000001,abs_005_005,1000,2000,0.246716884849342,0.9311921508815522,True,0.6844752660322102,0.6844752660322102,0.5374045479560734,0.5995954520439266,-0.2906876631067314,0.33159669883762555,0.062190904087853216,0.11278436194435704,0.5095
rep0778,0.93,0.9334488837209958,alg2,0.1,0.005,0.005,0.09000000000000001,abs_005_005,1000,2000,0.747470702873484,1.198924028436791,True,0.451453325563307,0.25252929712651595,1.0,1.0,-0.25252929712651595,0.19892402843679108,0.0,0.111953325563307,0.3395
rep0779,0.42,0.417137055094038,alg2,0.1,0.005,0.005,0.09000000000000001,abs_005_005,1000,2000,0.14754843572248733,0.7212767843257102,True,0.5737283486032229,0.5737283486032229,0.47160912460390314,0.5343908753960969,-0.3240606888814158,0.18688590892961338,0.06278175079219372,0.14594659781102925,0.365
rep0780,0.38,0.381724145742122,alg2,0.1,0.005,0.005,0.09000000000000001,abs_005_005,1000,2000,-0.002112459867052441,0.5979029977644796,True,0.6000154576315321,0.5979029977644796,0.3249575550547195,0.38504244494528045,-0.32707001492177196,0.21286055281919913,0.06008488989056093,0.12393056774097111,0.41600000000000004
rep0781,0.25,0.24904971690384717,alg2,0.1,0.005,0.005,0.09000000000000001,abs_005_005,1000,2000,-0.16701376913605714,0.46788987155378603,True,0.6349036406898432,0.46788987155378603,0.2093409959336705,0.26265900406632947,-0.37635476506972765,0.20523086748745653,0.05331800813265897,0.1320856325571842,0.4495
rep0782,0.50,0.5035278430127574,alg2,0.1,0.005,0.005,0.09000000000000001,abs_005_005,1000,2000,0.077675313922272,0.5709536629846995,True,0.4932783490624275,0.4932783490624275,0.3490338186313857,0.4099661813686143,-0.2713585047091137,0.1609874816160852,0.060932362737228574,0.11334598632519899,0.31899999999999995
rep0783,0.94,0.9360989131889664,alg2,0.1,0.005,0.005,0.09000000000000001,abs_005_005,1000,2000,0.48190182873490556,1.0773877460098011,True,0.5954859172748956,0.5180981712650945,0.8414122727884706,0.8845877272115293,-0.3595104440535651,0.1928000187982718,0.0431754544230587,0.1433104628518369,0.40900000000000003
rep0784,0.61,0.6074696407734866,alg2,0.1,0.005,0.005,0.09000000000000001,abs_005_005,1000,2000,0.23706249750077518,0.8673093101750711,True,0.6302468126742959,0.6302468126742959,0.5308508318494415,0.5931491681505586,-0.2937883343486663,0.27416014202451244,0.06229833630111714,0.1354484763731788,0.4325
rep0785,0.36,0.3571470202258215,alg2,0.1,0.005,0.005,0.09000000000000001,abs_005_005,1000,2000,-0.07016202119054271,0.4898710385493828,True,0.5600330597399255,0.4898710385493828,0.21992383170393026,0.27407616829606973,-0.290085852894473,0.21579487025331306,0.05415233659213947,0.14038072314778605,0.36549999999999994
rep0786,0.37,0.37153525023005257,alg2,0.1,0.005,0.005,0.09000000000000001,abs_005_005,1000,2000,0.08881262975668552,0.6437919293062289,True,0.5549792995495433,0.5549792995495433,0.3880232166876645,0.4499767833123355,-0.29921058693097896,0.19381514599389338,0.061953566624671,0.1385257329248724,0.3544999999999999
rep0787,0.24,0.24331452186376437,alg2,0.1,0.005,0.005,0.09000000000000001,abs_005_005,1000,2000,0.04752331880385874,0.7213369337800535,True,0.6738136149761947,0.6738136149761947,0.3643085451693148,0.4256914548306852,-0.3167852263654561,0.2956454789493682,0.06138290966137039,0.13943070531482438,0.473
rep0788,0.55,0.5512601715860497,alg2,0.1,0.005,0.005,0.09000000000000001,abs_005_005,1000,2000,0.3300674448347437,0.9558094758043914,True,0.6257420309696476,0.6257420309696476,0.7155651740909725,0.7704348259090275,-0.3854977292562288,0.18537464989536384,0.05486965181805492,0.13587237915159267,0.43499999999999994
rep0789,0.24,0.2383467617095517,alg2,0.1,0.005,0.005,0.09000000000000001,abs_005_005,1000,2000,-0.06039473241559612,0.5660942952136707,True,0.6264890276292668,0.5660942952136707,0.2687982822410809,0.3262017177589191,-0.329193014656677,0.23989257745475168,0.05740343551783822,0.12758559211142856,0.44150000000000006
rep0790,0.39,0.38816487634462776,alg2,0.1,0.005,0.005,0.09000000000000001,abs_005_005,1000,2000,0.11430061576804679,0.7785294591187697,True,0.6642288433507229,0.6642288433507229,0.46610895194834767,0.5288910480516523,-0.3518083361803009,0.24963841106711737,0.06278209610330465,0.11544674724741827,0.48600000000000004
rep0791,0.53,0.5325261843368188,alg2,0.1,0.005,0.005,0.09000000000000001,abs_005_005,1000,2000,0.25087467464611685,0.806454052286745,True,0.5555793776406281,0.5555793776406281,0.5288353975019042,0.5911646024980959,-0.2779607228557874,0.21528944978864914,0.062329204996191656,0.1292501726444365,0.364
rep0792,0.35,0.34766868497572634,alg2,0.1,0.005,0.005,0.09000000000000001,abs_005_005,1000,2000,-0.11037064260677651,0.4613735410268558,True,0.5717441836336323,0.4613735410268558,0.16441996090413943,0.21358003909586057,-0.27479060351091594,0.24779350193099525,0.049160078191721135,0.11958410544191111,0.403
rep0793,0.37,0.36630566512072477,alg2,0.1,0.005,0.005,0.09000000000000001,abs_005_005,1000,2000,-0.1653648834311343,0.4968065725436096,True,0.6621714559747439,0.4968065725436096,0.17202921899721224,0.22197078100278778,-0.33739410242834655,0.2748357915408218,0.049941562005575535,0.12372989396916839,0.4885
rep0794,0.59,0.586637601892118,alg2,0.1,0.005,0.005,0.09000000000000001,abs_005_005,1000,2000,0.26481498873498244,0.8401982265569106,True,0.5753832378219281,0.5753832378219281,0.576335784324274,0.637664215675726,-0.3115207955892916,0.20253401088118458,0.06132843135145194,0.1360548064704762,0.378
rep0795,0.24,0.2429206298711245,alg2,0.1,0.005,0.005,0.09000000000000001,abs_005_005,1000,2000,0.0070654427579333046,0.6090650693903543,True,0.601999626632421,0.601999626632421,0.3102591986333589,0.36974080136664117,-0.3031937558754256,0.23932426802371315,0.05948160273328229,0.11301802389913879,0.42949999999999994
rep0796,0.56,0.561300008922971,alg2,0.1,0.005,0.005,0.09000000000000001,abs_005_005,1000,2000,0.34364448019877464,0.9843927671147573,True,0.6407482869159826,0.6407482869159826,0.6640414344698103,0.7219585655301896,-0.3203969542710357,0.26243420158456776,0.05791713106037921,0.13683115585560346,0.44599999999999995
rep0797,0.51,0.5056180194657826,alg2,0.1,0.005,0.005,0.09000000000000001,abs_005_005,1000,2000,0.37054526460084936,1.0524006038563536,True,0.6818553392555042,0.6294547353991506,0.6799681161777961,0.737031883822204,-0.3094228515769467,0.3153687200341497,0.0570637676444079,0.12579157161109628,0.49900000000000005
rep0798,0.69,0.6882904474874456,alg2,0.1,0.005,0.005,0.09000000000000001,abs_005_005,1000,2000,0.5704504277676208,1.1295806762735718,True,0.559130248505951,0.4295495722323792,0.8617457327379774,0.9022542672620226,-0.2912953049703566,0.22732640901154919,0.04050853452404524,0.1296217139819058,0.389
rep0799,0.51,0.5088230243845884,alg2,0.1,0.005,0.005,0.09000000000000001,abs_005_005,1000,2000,0.27596388112397885,0.9197034705502074,True,0.6437395894262286,0.6437395894262286,0.6404786909421372,0.6995213090578629,-0.3645148098181583,0.22018216149234449,0.05904261811572575,0.1401969713105028,0.4445
rep0800,0.25,0.24656049201872093,alg2,0.1,0.005,0.005,0.09000000000000001,abs_005_005,1000,2000,-0.010599371901672261,0.5846113852721218,True,0.595210757173794,0.5846113852721218,0.29266513979650605,0.35133486020349397,-0.3032645116981783,0.23327652506862784,0.058669720406987924,0.14204103676680613,0.3945000000000001
rep0801,0.23,0.23351130930800437,alg2,0.1,0.005,0.005,0.09000000000000001,abs_005_005,1000,2000,0.15748507349377527,0.7646811496265133,True,0.6071960761327381,0.6071960761327381,0.4876312323607329,0.5503687676392671,-0.33014615886695764,0.21431238198724628,0.0627375352785342,0.12545854085420394,0.41900000000000004
rep0802,0.62,0.6217755239909735,alg2,0.1,0.005,0.005,0.09000000000000001,abs_005_005,1000,2000,0.43670329018922344,1.027354237561243,True,0.5906509473720196,0.5632967098107766,0.7451395810956959,0.797860418904304,-0.30843629090647245,0.22949381865693896,0.052720837808608145,0.12243010956341138,0.4155000000000001
rep0803,0.22,0.21751791059021222,alg2,0.1,0.005,0.005,0.09000000000000001,abs_005_005,1000,2000,-0.13276883093759184,0.5925088723798153,True,0.7252777033174072,0.5925088723798153,0.24890362612895167,0.3050963738710484,-0.3816724570665435,0.2874124985087669,0.056192747742096705,0.14158495557531037,0.5275000000000001
rep0804,0.77,0.7675171046933926,alg2,0.1,0.005,0.005,0.09000000000000001,abs_005_005,1000,2000,0.35094884002003635,0.9979237808926096,True,0.6469749408725732,0.6469749408725732,0.6702019503720724,0.7277980496279275,-0.3192531103520361,0.27012573126468203,0.05759609925585507,0.14287884161671804,0.4465
rep0805,0.29,0.29343339200596075,alg2,0.1,0.005,0.005,0.09000000000000001,abs_005_005,1000,2000,-0.08574349101690967,0.48593554086832935,True,0.571679031885239,0.48593554086832935,0.21078267514156016,0.26421732485843985,-0.29652616615846983,0.22171821600988953,0.053434649716879695,0.12174438216835931,0.3965
rep0806,0.21,0.207044071143073,alg2,0.1,0.005,0.005,0.09000000000000001,abs_005_005,1000,2000,-0.07371675589603327,0.5516664452319426,True,0.6253832011279759,0.5516664452319426,0.27609429526853246,0.3339057047314675,-0.34981105116456573,0.21776074050047514,0.05781140946293506,0.14207179166504097,0.42549999999999993
rep0807,0.54,0.5448211469415667,alg2,0.1,0.005,0.005,0.09000000000000001,abs_005_005,1000,2000,0.2750551453504515,0.8494680386553307,True,0.5744128933048792,0.5744128933048792,0.5834353745586324,0.6445646254413676,-0.30838022920818087,0.20490341321396313,0.06112925088273524,0.13128364242214396,0.382
rep0808,0.24,0.23795078312197512,alg2,0.1,0.005,0.005,0.09000000000000001,abs_005_005,1000,2000,-0.2102865295458749,0.48455426315052474,True,0.6948407926963996,0.48455426315052474,0.1968661026423435,0.2491338973576565,-0.4071526321882184,0.23542036579286826,0.05226779471531301,0.11757299798108667,0.525
rep0809,0.33,0.33023207761568657,alg2,0.1,0.005,0.005,0.09000000000000001,abs_005_005,1000,2000,-0.06105660698151394,0.6986865311851949,True,0.7597431381667088,0.6986865311851949,0.3318278773294879,0.3921721226705121,-0.3928844843110018,0.30651440851468276,0.06034424534102423,0.13239889282568462,0.567
rep0810,0.62,0.6200866198870967,alg2,0.1,0.005,0.005,0.09000000000000001,abs_005_005,1000,2000,0.36706807210718295,1.018587540137,True,0.651519468029817,0.632931927892817,0.6527620453970107,0.7112379546029894,-0.2856939732898277,0.3073495855340105,0.05847590920597878,0.13454355882383823,0.45849999999999996
rep0811,0.73,0.7253801847373942,alg2,0.1,0.005,0.005,0.09000000000000001,abs_005_005,1000,2000,0.39314328523603526,0.9296285606299424,True,0.5364852753939071,0.5364852753939071,0.6985142007314533,0.7544857992685468,-0.30537091549541806,0.17514276136139562,0.05597159853709344,0.1350136768568137,0.3455
rep0812,0.62,0.6224385819220218,alg2,0.1,0.005,0.005,0.09000000000000001,abs_005_005,1000,2000,0.28244476324648726,0.8710734182466735,True,0.5886286550001862,0.5886286550001862,0.6251550100035186,0.6848449899964815,-0.3427102467570313,0.1862284282501921,0.05968997999296288,0.13493867500722334,0.394
rep0813,0.64,0.6422593872188701,alg2,0.1,0.005,0.005,0.09000000000000001,abs_005_005,1000,2000,0.25341212663834023,0.9153160562291425,True,0.6619039295908022,0.6619039295908022,0.5834353745586324,0.6445646254413676,-0.33002324792029214,0.2707514307877749,0.06112925088273524,0.12427467870806697,0.47650000000000003
rep0814,0.56,0.5588847312315257,alg2,0.1,0.005,0.005,0.09000000000000001,abs_005_005,1000,2000,0.2565015362904898,0.8402658032232422,True,0.5837642669327524,0.5837642669327524,0.6052832477411432,0.6657167522588567,-0.3487817114506534,0.17454905096438544,0.060433504517713565,0.1388307624150389,0.38449999999999995
rep0815,0.49,0.4850539827643685,alg2,0.1,0.005,0.005,0.09000000000000001,abs_005_005,1000,2000,0.11068160307522279,0.7434424936593835,True,0.6327608905841607,0.6327608905841607,0.49114035949322027,0.5538596405067796,-0.3804587564179975,0.18958285315260398,0.06271928101355934,0.1410416095706014,0.42900000000000005
rep0816,0.27,0.2678401057425488,alg2,0.1,0.005,0.005,0.09000000000000001,abs_005_005,1000,2000,-0.05196803361102739,0.49312694647276856,True,0.545094980083796,0.49312694647276856,0.20982150456676293,0.26317849543323707,-0.2617895381777903,0.2299484510395315,0.053356990866474135,0.13823798921732183,0.3535
rep0817,0.51,0.5139026739428948,alg2,0.1,0.005,0.005,0.09000000000000001,abs_005_005,1000,2000,0.3562257676642652,0.8609462927291691,True,0.5047205250649038,0.5047205250649038,0.6175055648931309,0.677494435106869,-0.2612797972288657,0.18345185762230015,0.05998887021373811,0.13023165485116583,0.3145
rep0818,0.02,0.01784520507933445,alg2,0.1,0.005,0.005,0.09000000000000001,abs_005_005,1000,2000,-0.2618097994584178,0.3947698411939511,True,0.656579640652369,0.3947698411939511,0.09035587965681084,0.12964412034318917,-0.35216567911522867,0.2651257208507619,0.03928824068637833,0.1362913999659906,0.481
rep0819,0.59,0.5855831225425897,alg2,0.1,0.005,0.005,0.09000000000000001,abs_005_005,1000,2000,0.4745531225862694,1.0274212549792987,True,0.5528681323930293,0.5254468774137306,0.7990377391838897,0.8469622608161103,-0.32448461659762023,0.18045899416318845,0.04792452163222061,0.12294361076080879,0.38199999999999995
rep0820,0.31,0.31459734189247923,alg2,0.1,0.005,0.005,0.09000000000000001,abs_005_005,1000,2000,-0.3417091023309066,0.3410106859122339,True,0.6827197882431405,0.3410106859122339,0.0820817146014608,0.11991828539853921,-0.4237908169323674,0.22109240051369466,0.03783657079707842,0.13138321744606218,0.5135
rep0821,0.28,0.2810728255765275,alg2,0.1,0.005,0.005,0.09000000000000001,abs_005_005,1000,2000,-0.02273571568495325,0.6416482951974892,True,0.6643840108824425,0.6416482951974892,0.3736864748218329,0.4353135251781671,-0.3964221905067862,0.2063347700193221,0.0616270503563342,0.1352569605261082,0.4675000000000001
rep0822,0.72,0.7209132512090639,alg2,0.1,0.005,0.005,0.09000000000000001,abs_005_005,1000,2000,0.5541742006093913,1.1930188074499277,True,0.6388446068405365,0.44582579939060873,0.9351879088923741,0.9628120911076258,-0.3810137082829829,0.23020671634230186,0.027624182215251647,0.13172042462528477,0.47950000000000004
rep0823,0.56,0.5553223135054838,alg2,0.1,0.005,0.005,0.09000000000000001,abs_005_005,1000,2000,0.26741679072433133,0.84994762247118,True,0.5825308317468487,0.5825308317468487,0.6180152746775468,0.6779847253224532,-0.35059848395321547,0.17196289714872684,0.05996945064490644,0.12906138110194232,0.39349999999999996
rep0824,0.34,0.3410288734497897,alg2,0.1,0.005,0.005,0.09000000000000001,abs_005_005,1000,2000,0.10655123402860522,0.7083629001248097,True,0.6018116660962045,0.6018116660962045,0.3786270489630553,0.4403729510369446,-0.2720758149344501,0.2679899490878651,0.0617459020738893,0.12506576402231517,0.41500000000000004
rep0825,0.67,0.6673711637162791,alg2,0.1,0.005,0.005,0.09000000000000001,abs_005_005,1000,2000,0.30689858335615455,0.9120107275451698,True,0.6051121441890153,0.6051121441890153,0.6256652638607801,0.6853347361392198,-0.3187666805046256,0.22667599140594996,0.05966947227843966,0.12744267191057562,0.418
rep0826,0.62,0.6172719856442066,alg2,0.1,0.005,0.005,0.09000000000000001,abs_005_005,1000,2000,0.18941068491075108,0.825335280142593,True,0.635924595231842,0.635924595231842,0.5570985747100299,0.61890142528997,-0.3676878897992788,0.20643385485262294,0.06180285057994017,0.12212174465190184,0.45199999999999996
rep0827,0.81,0.8131918762099404,alg2,0.1,0.005,0.005,0.09000000000000001,abs_005_005,1000,2000,0.6390722061999248,1.1653298023684875,True,0.5262575961685627,0.3609277938000752,0.9167486585227541,0.9482513414772459,-0.27767645232282934,0.21707846089124166,0.03150268295449177,0.13975491321407102,0.355
rep0828,0.37,0.3652481836526102,alg2,0.1,0.005,0.005,0.09000000000000001,abs_005_005,1000,2000,-0.04965716532210185,0.6161541339583988,True,0.6658112992805006,0.6161541339583988,0.32937339075353705,0.3896266092464629,-0.3790305560756389,0.22652752471193588,0.060253218492925864,0.1420580807875747,0.4635000000000001
rep0829,0.70,0.7003248799003606,alg2,0.1,0.005,0.005,0.09000000000000001,abs_005_005,1000,2000,0.428014480777567,0.9788472240311182,True,0.5508327432535512,0.5508327432535512,0.727479299084164,0.7815207009158359,-0.299464818306597,0.19732652311528232,0.05404140183167194,0.13429134142187926,0.36250000000000004
rep0830,0.49,0.49109549559105764,alg2,0.1,0.005,0.005,0.09000000000000001,abs_005_005,1000,2000,0.1327271739026798,0.7063970857317265,True,0.5736699118290467,0.5736699118290467,0.45062890780126924,0.5133710921987307,-0.31790173389858944,0.19302599353299593,0.06274218439746143,0.14342772743158533,0.3675
rep0831,0.50,0.4977091255401117,alg2,0.1,0.005,0.005,0.09000000000000001,abs_005_005,1000,2000,0.14167850718533592,0.7532952691964951,True,0.6116167620111592,0.6116167620111592,0.4526246360870454,0.5153753639129546,-0.3109461289017095,0.2379199052835406,0.06275072782590918,0.13986603418525,0.40900000000000003
rep0832,0.64,0.6383972746834774,alg2,0.1,0.005,0.005,0.09000000000000001,abs_005_005,1000,2000,0.29207822116587606,0.9778344302855198,True,0.6857562091196436,0.6857562091196436,0.6625022089229075,0.7204977910770926,-0.3704239877570314,0.2573366392084272,0.0579955821541851,0.13176062696545848,0.49600000000000005
rep0833,0.29,0.28572994509888355,alg2,0.1,0.005,0.005,0.09000000000000001,abs_005_005,1000,2000,0.05825971869661728,0.7431299674618352,True,0.684870248765218,0.684870248765218,0.40585874175301995,0.46814125824698005,-0.34759902305640267,0.2749887092148552,0.062282516493960105,0.14108773227125782,0.48150000000000004
rep0834,0.09,0.08546723092106184,alg2,0.1,0.005,0.005,0.09000000000000001,abs_005_005,1000,2000,-0.1826754689834281,0.4010829667690188,True,0.5837584357524469,0.4010829667690188,0.13462998370932114,0.18037001629067886,-0.31730545269274923,0.22071295047833994,0.045740032581357726,0.1375184031710892,0.40049999999999997
rep0835,0.45,0.44887993716439767,alg2,0.1,0.005,0.005,0.09000000000000001,abs_005_005,1000,2000,0.1673986076435065,0.7419853236096909,True,0.5745867159661844,0.5745867159661844,0.4421526798362553,0.5048473201637447,-0.2747540721927488,0.23713800344594632,0.06269464032748939,0.12189207563869509,0.39
rep0836,0.89,0.8878425886851584,alg2,0.1,0.005,0.005,0.09000000000000001,abs_005_005,1000,2000,0.5766392178840904,1.1980045168351552,True,0.6213652989510647,0.42336078211590955,0.9385791404025361,0.9654208595974638,-0.36193992251844564,0.23258365723769125,0.026841719194927727,0.13352357975613693,0.46099999999999997
rep0837,0.64,0.6430680121422878,alg2,0.1,0.005,0.005,0.09000000000000001,abs_005_005,1000,2000,0.40062704767584617,1.056962276637429,True,0.6563352289615827,0.5993729523241538,0.7031595616748353,0.7588404383251647,-0.3025325139989891,0.29812183831226413,0.05568087665032939,0.13815435231125323,0.4625000000000001
rep0838,0.76,0.7585345229463266,alg2,0.1,0.005,0.005,0.09000000000000001,abs_005_005,1000,2000,0.35437826383652005,0.953571947259982,True,0.5991936834234619,0.5991936834234619,0.7047088225137532,0.7602911774862469,-0.3503305586772332,0.19328076977373504,0.05558235497249364,0.11961132845096833,0.42399999999999993
rep0839,0.30,0.299955317096841,alg2,0.1,0.005,0.005,0.09000000000000001,abs_005_005,1000,2000,-0.16316919931476015,0.4596718448806788,True,0.622841044195439,0.4596718448806788,0.20261930879868628,0.25538069120131374,-0.36578850811344643,0.20429115367936507,0.052761382402627455,0.14207966179281145,0.428
rep0840,0.48,0.4762535562840754,alg2,0.1,0.005,0.005,0.09000000000000001,abs_005_005,1000,2000,0.3034478584728081,0.9536822163328387,True,0.6502343578600306,0.6502343578600306,0.6466176117415047,0.7053823882584954,-0.3431697532686966,0.2482998280743432,0.05876477651699075,0.13996958134303966,0.45150000000000007
rep0841,0.29,0.29348760442428756,alg2,0.1,0.005,0.005,0.09000000000000001,abs_005_005,1000,2000,0.07187127564467582,0.6533059528163435,True,0.5814346771716676,0.5814346771716676,0.3534650503371997,0.4145349496628003,-0.2815937746925239,0.2387710031535432,0.061069899325600585,0.13386477784606704,0.3865
rep0842,0.26,0.2600372661782315,alg2,0.1,0.005,0.005,0.09000000000000001,abs_005_005,1000,2000,-0.062266177814377904,0.48155929298523503,True,0.543825470799613,0.48155929298523503,0.21703520946190338,0.2709647905380966,-0.2793013872762813,0.21059450244713845,0.053929581076193195,0.14389588972341977,0.346
rep0843,0.90,0.9032932434984263,alg2,0.1,0.005,0.005,0.09000000000000001,abs_005_005,1000,2000,0.6773019154601624,1.2424426947275584,True,0.565140779267396,0.3226980845398376,1.0,1.0,-0.3226980845398376,0.24244269472755844,0.0,0.14464077926739605,0.4205
rep0844,0.27,0.26798360751529504,alg2,0.1,0.005,0.005,0.09000000000000001,abs_005_005,1000,2000,-0.1645971792023408,0.5031721084570389,True,0.6677692876593797,0.5031721084570389,0.16204546344268006,0.21095453655731994,-0.32664264264502085,0.2922175718997189,0.04890907311463988,0.14436021454473968,0.47450000000000003
rep0845,0.50,0.503308802837567,alg2,0.1,0.005,0.005,0.09000000000000001,abs_005_005,1000,2000,0.1599419404993262,0.7214759627649636,True,0.5615340222656374,0.5615340222656374,0.4891349551560032,0.5518650448439967,-0.329193014656677,0.16961091792096689,0.06273008968799348,0.11130393257764393,0.38749999999999996
rep0846,0.61,0.6108272963044864,alg2,0.1,0.005,0.005,0.09000000000000001,abs_005_005,1000,2000,0.29500313393117134,0.8730512735495669,True,0.5780481396183956,0.5780481396183956,0.5464879417487185,0.6085120582512815,-0.2514848078175472,0.2645392152982854,0.06202411650256301,0.14252402311583262,0.3735
rep0847,0.31,0.3050700060207112,alg2,0.1,0.005,0.005,0.09000000000000001,abs_005_005,1000,2000,0.0022929624820767214,0.6255874577508072,True,0.6232944952687305,0.6232944952687305,0.34411349101457617,0.40488650898542383,-0.34182052853249945,0.22070094876538338,0.060773017970847665,0.11902147729788282,0.4435
rep0848,0.38,0.38080926678722893,alg2,0.1,0.005,0.005,0.09000000000000001,abs_005_005,1000,2000,0.15029561782143114,0.7713272076965748,True,0.6210315898751437,0.6210315898751437,0.4751112122416882,0.5378887877583117,-0.32481559442025704,0.2334384199382631,0.06277757551662355,0.11575401435852023,0.44249999999999995
rep0849,0.61,0.6147374912980764,alg2,0.1,0.005,0.005,0.09000000000000001,abs_005_005,1000,2000,0.4407102097686856,1.0374896620348326,True,0.596779452266147,0.5592897902313144,0.7171177555385134,0.7718822444614867,-0.27640754576982784,0.26560741757334605,0.05476448892297325,0.14451496334317393,0.39749999999999996
rep0850,0.51,0.5064586149038528,alg2,0.1,0.005,0.005,0.09000000000000001,abs_005_005,1000,2000,0.30155298331361396,0.8597324439698573,True,0.5581794606562434,0.5581794606562434,0.5672174312101228,0.6287825687898771,-0.26566444789650884,0.23094987517998006,0.06156513757975435,0.12411432307648884,0.37250000000000005
rep0851,0.81,0.8104603233100676,alg2,0.1,0.005,0.005,0.09000000000000001,abs_005_005,1000,2000,0.5793477236109137,1.1738332629041905,True,0.5944855392932769,0.4206522763890863,0.9156409212560109,0.9473590787439891,-0.3362931976450972,0.2264741841602015,0.03171815748797813,0.1332673818052988,0.42949999999999994
rep0852,0.29,0.2903692516157944,alg2,0.1,0.005,0.005,0.09000000000000001,abs_005_005,1000,2000,-0.0017971060415022944,0.6657032687445801,True,0.6675003747860824,0.6657032687445801,0.3347744275378668,0.3952255724621332,-0.3365715335793691,0.2704776962824469,0.0604511449242664,0.14404922986181606,0.4629999999999999
rep0853,0.43,0.4308078281296323,alg2,0.1,0.005,0.005,0.09000000000000001,abs_005_005,1000,2000,0.20734454390903967,0.7254134640169413,True,0.5180689201079016,0.5180689201079016,0.5152446066437553,0.5777553933562447,-0.3079000627347156,0.14765807066069658,0.06251078671248944,0.09805813339541214,0.35750000000000004
rep0854,0.69,0.6936935450233443,alg2,0.1,0.005,0.005,0.09000000000000001,abs_005_005,1000,2000,0.40160924661759445,1.0388055718103073,True,0.6371963251927129,0.5983907533824055,0.749824432274652,0.802175567725348,-0.34821518565705756,0.23663000408495927,0.05235113545069603,0.13934518974201682,0.4455
rep0855,0.22,0.21512527880424012,alg2,0.1,0.005,0.005,0.09000000000000001,abs_005_005,1000,2000,-0.0634767189964987,0.5466400639471356,True,0.6101167829436343,0.5466400639471356,0.2887620453970106,0.3472379546029894,-0.3522387643935093,0.19940210934414626,0.05847590920597878,0.13414087373765549,0.4175000000000001
rep0856,0.60,0.5951423315513312,alg2,0.1,0.005,0.005,0.09000000000000001,abs_005_005,1000,2000,0.23003868420541107,0.771600518585686,True,0.5415618343802749,0.5415618343802749,0.5202755194488646,0.5827244805511353,-0.29023683524345356,0.18887603803455072,0.06244896110227072,0.12861287327800436,0.3504999999999999
rep0857,0.66,0.6551063440972089,alg2,0.1,0.005,0.005,0.09000000000000001,abs_005_005,1000,2000,0.48073148243288244,0.9841432714057686,True,0.5034117889728862,0.5034117889728862,0.7633834305240803,0.8146165694759198,-0.28265194809119787,0.16952670192984884,0.05123313895183945,0.13017865002104678,0.32199999999999995
rep0858,0.71,0.7119962362250923,alg2,0.1,0.005,0.005,0.09000000000000001,abs_005_005,1000,2000,0.46548153555450517,1.066418805793682,True,0.6009372702391769,0.5345184644454948,0.7869449298331277,0.8360550701668723,-0.3214633942786225,0.2303637356268099,0.04911014033374461,0.14082712990543245,0.41100000000000003
rep0859,0.42,0.41695032965931245,alg2,0.1,0.005,0.005,0.09000000000000001,abs_005_005,1000,2000,0.1436072863653549,0.6923286962261392,True,0.5487214098607843,0.5487214098607843,0.44514325056756804,0.507856749432432,-0.3015359642022131,0.18447194679370732,0.06271349886486394,0.13100791099592046,0.355
rep0860,0.31,0.3112715807723814,alg2,0.1,0.005,0.005,0.09000000000000001,abs_005_005,1000,2000,-0.027703662037395438,0.5172392267433934,True,0.5449428887807888,0.5172392267433934,0.30390016868216235,0.3630998313178377,-0.3316038307195578,0.15413939542555571,0.05919966263567533,0.1437432261451136,0.3419999999999999
rep0861,0.57,0.5718038311434078,alg2,0.1,0.005,0.005,0.09000000000000001,abs_005_005,1000,2000,0.23983371724510527,0.7617066912795842,True,0.521872974034479,0.521872974034479,0.5409357309486759,0.603064269051324,-0.3011020137035706,0.15864242222826022,0.06212853810264818,0.11874443593183082,0.34099999999999997
rep0862,0.59,0.593903704021643,alg2,0.1,0.005,0.005,0.09000000000000001,abs_005_005,1000,2000,0.20777572377613973,0.8965725172396369,True,0.6887967934634972,0.6887967934634972,0.5217854148552344,0.5842145851447657,-0.3140096910790947,0.3123579320948713,0.06242917028953121,0.14236762317396606,0.48399999999999993
rep0863,0.22,0.2211255706079462,alg2,0.1,0.005,0.005,0.09000000000000001,abs_005_005,1000,2000,-0.10079729552113881,0.4660731782016355,True,0.5668704737227743,0.4660731782016355,0.19255632758507746,0.24444367241492254,-0.29335362310621627,0.22162950578671298,0.05188734482984508,0.13348312889292913,0.38150000000000006
rep0864,0.48,0.48313814068410765,alg2,0.1,0.005,0.005,0.09000000000000001,abs_005_005,1000,2000,0.28108761001120613,0.8442280092853645,True,0.5631403992741584,0.5631403992741584,0.5662049489222777,0.6277950510777223,-0.28511733891107155,0.21643295820764213,0.06159010215544458,0.1435502971187137,0.358
rep0865,0.14,0.13825585557614326,alg2,0.1,0.005,0.005,0.09000000000000001,abs_005_005,1000,2000,-0.13646055557545228,0.5126597745831913,True,0.6491203301586437,0.5126597745831913,0.18920738958033023,0.24079261041966976,-0.3256679451557825,0.2718671641635215,0.05158522083933953,0.13203510931930396,0.4655
rep0866,0.60,0.599708094715837,alg2,0.1,0.005,0.005,0.09000000000000001,abs_005_005,1000,2000,0.3471210294191233,0.9681610986997091,True,0.6210400692805857,0.6210400692805857,0.6185250204820637,0.6784749795179362,-0.2714039910629404,0.2896861191817729,0.059949959035872524,0.12109011024471317,0.44000000000000006
rep0867,0.34,0.34366307116519274,alg2,0.1,0.005,0.005,0.09000000000000001,abs_005_005,1000,2000,0.18660793417429433,0.7424540316061179,True,0.5558460974318236,0.5558460974318236,0.5107195046083155,0.5732804953916846,-0.32411157043402117,0.16917353621443326,0.06256099078336907,0.13128510664845444,0.362
rep0868,0.13,0.1278779285132063,alg2,0.1,0.005,0.005,0.09000000000000001,abs_005_005,1000,2000,-0.3502343294749638,0.24987773157353393,True,0.6001120610484978,0.24987773157353393,-0.00020777962703945503,0.007207779627039455,-0.35002654984792436,0.2426699519464945,0.00741555925407891,0.14319650179441873,0.44950000000000007
rep0869,0.54,0.5392567295241685,alg2,0.1,0.005,0.005,0.09000000000000001,abs_005_005,1000,2000,0.1711926744699508,0.8710431822735798,True,0.699850507803629,0.699850507803629,0.5935892271414609,0.6544107728585391,-0.4223965526715101,0.2166324094150407,0.06082154571707821,0.1300289620865508,0.509
rep0870,0.36,0.36163439556497956,alg2,0.1,0.005,0.005,0.09000000000000001,abs_005_005,1000,2000,0.05280905312590278,0.5901088989542074,True,0.5372998458283046,0.5372998458283046,0.3431298399344417,0.4038701600655583,-0.2903207868085389,0.1862387388886491,0.06074032013111663,0.13305952569718804,0.34349999999999997
rep0871,0.42,0.4197272877722369,alg2,0.1,0.005,0.005,0.09000000000000001,abs_005_005,1000,2000,0.09190854914199353,0.7379749595366023,True,0.6460664103946088,0.6460664103946088,0.439163243985602,0.5018367560143979,-0.3472546948436085,0.23613820352220435,0.0626735120287959,0.14239289836581287,0.441
rep0872,0.57,0.5674604779482287,alg2,0.1,0.005,0.005,0.09000000000000001,abs_005_005,1000,2000,0.1836232519579275,0.872823815739469,True,0.6892005637815415,0.6892005637815415,0.5692427954454456,0.6307572045545543,-0.38561954348751815,0.24206661118491468,0.06151440910910866,0.13468615467243283,0.493
rep0873,0.78,0.7806965032742744,alg2,0.1,0.005,0.005,0.09000000000000001,abs_005_005,1000,2000,0.5343855350592699,1.14750368777238,True,0.6131181527131102,0.4656144649407301,0.8893098858955271,0.9256901141044729,-0.3549243508362572,0.22181357366790722,0.03638022820894582,0.14073792450416428,0.4360000000000001
rep0874,0.43,0.4292313502895028,alg2,0.1,0.005,0.005,0.09000000000000001,abs_005_005,1000,2000,0.2581967169555811,0.8772966651329925,True,0.6190999481774114,0.6190999481774114,0.5298430504644922,0.5921569495355079,-0.2716463335089111,0.2851397155974846,0.0623138990710157,0.1442860491063956,0.41250000000000003
rep0875,0.56,0.5603388085034261,alg2,0.1,0.005,0.005,0.09000000000000001,abs_005_005,1000,2000,0.21854616214407624,0.8671659030391297,True,0.6486197408950534,0.6486197408950534,0.5672174312101228,0.6287825687898771,-0.34867126906604656,0.23838333424925245,0.06156513757975435,0.11855460331529893,0.4685000000000001
rep0876,0.22,0.2221392497222348,alg2,0.1,0.005,0.005,0.09000000000000001,abs_005_005,1000,2000,-0.08543995465131565,0.5517679011576627,True,0.6372078558089784,0.5517679011576627,0.26248253926752246,0.3195174607324775,-0.3479224939188381,0.23225044042518522,0.057034921464955035,0.1376729343440235,0.4424999999999999
rep0877,0.85,0.8503103181093458,alg2,0.1,0.005,0.005,0.09000000000000001,abs_005_005,1000,2000,0.39528100098303454,0.9996671383282226,True,0.6043861373451881,0.6043861373451881,0.7425387473160638,0.7954612526839362,-0.3472577463330293,0.20420588564428643,0.05292250536787235,0.1374636319773156,0.41400000000000015
rep0878,0.72,0.7164404563613495,alg2,0.1,0.005,0.005,0.09000000000000001,abs_005_005,1000,2000,0.3916494722674751,1.0055941885906523,True,0.6139447163231773,0.608350527732525,0.6902646077134704,0.7467353922865296,-0.29861513544599533,0.2588587963041228,0.05647078457305921,0.13597393175011807,0.4215
rep0879,0.08,0.07576739051193988,alg2,0.1,0.005,0.005,0.09000000000000001,abs_005_005,1000,2000,-0.10458774337893079,0.4650326393947316,True,0.5696203827736623,0.4650326393947316,0.19447123293925617,0.24652876706074384,-0.29905897631818695,0.21850387233398774,0.05205753412148767,0.1235628486521747,0.394
rep0880,0.90,0.8982166533697417,alg2,0.1,0.005,0.005,0.09000000000000001,abs_005_005,1000,2000,0.47930620074065594,1.1929122461482669,True,0.713606045407611,0.5206937992593441,0.9040650234008298,0.9379349765991702,-0.4247588226601739,0.25497726954909666,0.03386995319834041,0.14123609220927058,0.5385
rep0881,0.64,0.6350075468335434,alg2,0.1,0.005,0.005,0.09000000000000001,abs_005_005,1000,2000,0.40643134112282675,1.0953963000061362,True,0.6889649588833094,0.5935686588771732,0.818041801835833,0.863958198164167,-0.4116104607130062,0.2314381018419693,0.045916396328334,0.13004856255497554,0.513
rep0882,0.62,0.6194045418639186,alg2,0.1,0.005,0.005,0.09000000000000001,abs_005_005,1000,2000,0.3797956635246661,0.9370340038840461,True,0.55723834035938,0.55723834035938,0.6568614375527869,0.7151385624472132,-0.2770657740281208,0.22189544143683299,0.05827712489442627,0.14246121546495377,0.35650000000000004
rep0883,0.48,0.4834139338653431,alg2,0.1,0.005,0.005,0.09000000000000001,abs_005_005,1000,2000,0.10463256620801564,0.7660709580255569,True,0.6614383918175413,0.6614383918175413,0.49013759436713555,0.5528624056328644,-0.3855050281591199,0.2132085523926926,0.06272481126572882,0.11321358055181246,0.4855
rep0884,0.57,0.5727074213945059,alg2,0.1,0.005,0.005,0.09000000000000001,abs_005_005,1000,2000,0.2877372736958528,0.7761469882008383,True,0.4884097145049855,0.4884097145049855,0.5419449317079529,0.604055068292047,-0.2542076580121001,0.1720919199087913,0.062110136584094144,0.14479957792089138,0.28150000000000003
rep0885,0.56,0.5645856504075222,alg2,0.1,0.005,0.005,0.09000000000000001,abs_005_005,1000,2000,0.36907113871769137,0.9391820854306805,True,0.5701109467129891,0.5701109467129891,0.6789393953576045,0.7360606046423955,-0.30986825663991313,0.20312148078828496,0.05712120928479103,0.1434897374281981,0.3695
rep0886,0.69,0.6931027460584248,alg2,0.1,0.005,0.005,0.09000000000000001,abs_005_005,1000,2000,0.22518469125163237,1.0109838616099651,True,0.7857991703583327,0.7748153087483676,0.6420129086256539,0.7009870913743461,-0.4168282173740215,0.3099967702356189,0.05897418274869226,0.13982498760964046,0.587
rep0887,0.05,0.049205140687383575,alg2,0.1,0.005,0.005,0.09000000000000001,abs_005_005,1000,2000,-0.26339153135344867,0.35971784519841854,True,0.6231093765518672,0.35971784519841854,0.09589535692838332,0.1361046430716167,-0.359286888281832,0.2236132021268018,0.040209286143233394,0.14040009040863372,0.44250000000000006
rep0888,0.80,0.8033900827235515,alg2,0.1,0.005,0.005,0.09000000000000001,abs_005_005,1000,2000,0.6449722822096511,1.2064401120452832,True,0.5614678298356321,0.3550277177903489,0.9262068024242556,0.9557931975757443,-0.28123452021460443,0.2506469144695389,0.029586395151488754,0.13538143468414343,0.39649999999999996
rep0889,0.78,0.784505898456157,alg2,0.1,0.005,0.005,0.09000000000000001,abs_005_005,1000,2000,0.25702330924535954,0.986144576156561,True,0.7291212669112015,0.7291212669112015,0.6897493778573669,0.746250622142633,-0.43272606861200735,0.23989395401392793,0.05650124428526615,0.12412002262593536,0.5485
rep0890,0.67,0.6746884477761247,alg2,0.1,0.005,0.005,0.09000000000000001,abs_005_005,1000,2000,0.2176152861728664,0.8409193707859204,True,0.623304084613054,0.623304084613054,0.5409357309486759,0.603064269051324,-0.32332044477580946,0.23785510173459634,0.06212853810264818,0.1306755465104058,0.4305
rep0891,0.37,0.36852113494770344,alg2,0.1,0.005,0.005,0.09000000000000001,abs_005_005,1000,2000,0.0037790337961570164,0.5861699418693573,True,0.5823909080732004,0.5823909080732004,0.33624817780091776,0.3967518221990822,-0.33246914400476074,0.18941811967027505,0.06050364439816447,0.13338726367503578,0.3885
rep0892,0.61,0.6115842575713748,alg2,0.1,0.005,0.005,0.09000000000000001,abs_005_005,1000,2000,0.4851408709578044,1.1254099513040372,True,0.6402690803462328,0.5148591290421956,0.7895707623337536,0.8384292376662463,-0.30442989137594917,0.28698071363779093,0.04885847533249277,0.13141060501374002,0.4600000000000001
rep0893,0.39,0.39275393687404453,alg2,0.1,0.005,0.005,0.09000000000000001,abs_005_005,1000,2000,0.1284777019863873,0.7667584382106296,True,0.6382807362242423,0.6382807362242423,0.4841236467655985,0.5468763532344014,-0.3556459447792112,0.21988208497622824,0.06275270646880293,0.1415280297554396,0.4339999999999999
rep0894,0.20,0.19510863323616778,alg2,0.1,0.005,0.005,0.09000000000000001,abs_005_005,1000,2000,-0.1017047761242498,0.6183720620071009,True,0.7200768381313507,0.6183720620071009,0.20693922382028004,0.26006077617971995,-0.30864399994452985,0.3583112858273809,0.05312155235943991,0.13545528577191068,0.5315000000000001
rep0895,0.82,0.8242368779695044,alg2,0.1,0.005,0.005,0.09000000000000001,abs_005_005,1000,2000,0.24474038032805878,0.9882412151119473,True,0.7435008347838885,0.7435008347838885,0.7145303550737667,0.7694696449262333,-0.46978997474570794,0.21877157018571403,0.054939289852466544,0.12906154493142186,0.5595000000000001
rep0896,0.76,0.7582292136960516,alg2,0.1,0.005,0.005,0.09000000000000001,abs_005_005,1000,2000,0.25375303243826286,0.9329994239519148,True,0.679246391513652,0.679246391513652,0.6404786909421372,0.6995213090578629,-0.3867256585038743,0.23347811489405185,0.05904261811572575,0.1417037733979261,0.4785000000000001
rep0897,0.48,0.4770049671272524,alg2,0.1,0.005,0.005,0.09000000000000001,abs_005_005,1000,2000,0.18083112514336952,0.7981106919997073,True,0.6172795668563378,0.6172795668563378,0.5243025459001677,0.5866974540998323,-0.34347142075679815,0.211413237899875,0.062394908199664645,0.1418846586566731,0.41300000000000003
rep0898,0.57,0.5660254562409672,alg2,0.1,0.005,0.005,0.09000000000000001,abs_005_005,1000,2000,0.38947276999055586,0.9915858497291249,True,0.602113079738569,0.602113079738569,0.7337056264213749,0.787294373578625,-0.3442328564308191,0.20429147615049992,0.05358874715725004,0.13452433258131902,0.4139999999999999
rep0899,0.19,0.1925111327199006,alg2,0.1,0.005,0.005,0.09000000000000001,abs_005_005,1000,2000,0.00513504155268682,0.6010840141795541,True,0.5959489726268673,0.5959489726268673,0.23535905681343752,0.29064094318656253,-0.2302240152607507,0.3104430709929916,0.055281886373125005,0.14066708625374236,0.4
rep0900,0.49,0.4888817860759957,alg2,0.1,0.005,0.005,0.09000000000000001,abs_005_005,1000,2000,0.3054303141501271,0.873617239240015,True,0.5681869250898879,0.5681869250898879,0.6088459764164468,0.6691540235835532,-0.30341566226631966,0.2044632156564617,0.06030804716710647,0.1428788779227813,0.3650000000000001
rep0901,0.17,0.16546622940684158,alg2,0.1,0.005,0.005,0.09000000000000001,abs_005_005,1000,2000,-0.3440784285620898,0.25844803725663407,True,0.6025264658187239,0.25844803725663407,0.0,0.0,-0.3440784285620898,0.25844803725663407,0.0,0.13052646581872396,0.472
rep0902,0.48,0.4847437166697385,alg2,0.1,0.005,0.005,0.09000000000000001,abs_005_005,1000,2000,0.3089401838997926,0.98314144924439,True,0.6742012653445973,0.6742012653445973,0.6532743329188253,0.7117256670811747,-0.3443341490190327,0.2714157821632152,0.05845133416234938,0.14374993118224788,0.472
rep0903,0.48,0.47642673676275166,alg2,0.1,0.005,0.005,0.09000000000000001,abs_005_005,1000,2000,0.21358875494498447,0.7757867851361249,True,0.5621980301911405,0.5621980301911405,0.47861483846893343,0.5413851615310666,-0.26502608352394896,0.23440162360505823,0.0627703230621332,0.14092770712900732,0.3584999999999999
rep0904,0.57,0.5696815665570198,alg2,0.1,0.005,0.005,0.09000000000000001,abs_005_005,1000,2000,0.18909913827514696,0.8203917809192168,True,0.6312926426440699,0.6312926426440699,0.5464879417487185,0.6085120582512815,-0.35738880347357155,0.21187972266793528,0.06202411650256301,0.14376852614150687,0.42549999999999993
rep0905,0.66,0.6633540310767755,alg2,0.1,0.005,0.005,0.09000000000000001,abs_005_005,1000,2000,0.3778743979773782,0.9301430868559104,True,0.5522686888785322,0.5522686888785322,0.6594248316582214,0.7175751683417786,-0.2815504336808432,0.21256791851413176,0.05815033668355718,0.11261835219497501,0.38149999999999995
rep0906,0.21,0.20778147997799512,alg2,0.1,0.005,0.005,0.09000000000000001,abs_005_005,1000,2000,-0.18336940170895397,0.352022307606068,True,0.535391709315022,0.352022307606068,0.10330792062048758,0.14469207937951242,-0.28667732232944154,0.20733022822655559,0.04138415875902485,0.11600755055599699,0.3780000000000001
rep0907,0.61,0.6108360185194849,alg2,0.1,0.005,0.005,0.09000000000000001,abs_005_005,1000,2000,0.29193752422862446,0.9197540770426311,True,0.6278165528140067,0.6278165528140067,0.6129197920252031,0.673080207974797,-0.3209822677965786,0.24667386906783412,0.06016041594959387,0.1336561368644128,0.43399999999999994
rep0908,0.12,0.12191918547230092,alg2,0.1,0.005,0.005,0.09000000000000001,abs_005_005,1000,2000,-0.2843604476020192,0.192300539920366,True,0.47666098752238517,0.192300539920366,0.0,0.0,-0.2843604476020192,0.192300539920366,0.0,0.12866098752238514,0.34800000000000003
rep0909,0.59,0.5887956842779712,alg2,0.1,0.005,0.005,0.09000000000000001,abs_005_005,1000,2000,0.2878636202371657,0.8102164420856464,True,0.5223528218484806,0.5223528218484806,0.5874952718430843,0.6485047281569157,-0.29963165160591854,0.16171171392873065,0.06100945631383148,0.13534336553464915,0.326
rep0910,0.71,0.705233842939327,alg2,0.1,0.005,0.005,0.09000000000000001,abs_005_005,1000,2000,0.4256850894962359,1.0243862150291432,True,0.5987011255329073,0.5743149105037642,0.7654728326843753,0.8165271673156248,-0.33978774318813937,0.20785904771351837,0.05105433463124953,0.12814679090165776,0.41950000000000004
rep0911,0.41,0.41052858864821595,alg2,0.1,0.005,0.005,0.09000000000000001,abs_005_005,1000,2000,0.08826898813113587,0.6806110911999925,True,0.5923421030688567,0.5923421030688567,0.40090022253829233,0.46309977746170766,-0.31263123440715646,0.21751131373828492,0.062199554923415334,0.14464254814544136,0.3855
rep0912,0.40,0.3985697612219814,alg2,0.1,0.005,0.005,0.09000000000000001,abs_005_005,1000,2000,0.001757185257961702,0.6207228106685146,True,0.6189656254105529,0.6189656254105529,0.34558922714146084,0.40641077285853916,-0.34383204188349914,0.2143120378099755,0.06082154571707832,0.1381440796934746,0.4200000000000001
rep0913,0.31,0.3099407247072056,alg2,0.1,0.005,0.005,0.09000000000000001,abs_005_005,1000,2000,0.011055992849804186,0.6622701608367147,True,0.6512141679869106,0.6512141679869106,0.3024335955682802,0.36156640443171983,-0.291377602718476,0.30070375640499497,0.059132808863439634,0.12808135912347107,0.46399999999999997
rep0914,0.53,0.5328259823253244,alg2,0.1,0.005,0.005,0.09000000000000001,abs_005_005,1000,2000,0.20697370304950857,0.8105796768046869,True,0.6036059737551783,0.6036059737551783,0.5641803831968867,0.6258196168031133,-0.3572066801473781,0.1847600600015737,0.061639233606226584,0.11646674014895181,0.42550000000000004
rep0915,0.54,0.5361074221794188,alg2,0.1,0.005,0.005,0.09000000000000001,abs_005_005,1000,2000,0.2603785272085433,0.9255302760938477,True,0.6651517488853045,0.6651517488853045,0.5682300466632261,0.6297699533367739,-0.30785151945468275,0.2957603227570739,0.061539906673547806,0.1291118422117567,0.4745
rep0916,0.77,0.7667858068857146,alg2,0.1,0.005,0.005,0.09000000000000001,abs_005_005,1000,2000,0.6511297361837081,1.1267276073174188,True,0.47559787113371077,0.34887026381629194,0.8882219041773407,0.9247780958226592,-0.2370921679936327,0.2019495114947597,0.036556191645318536,0.13454167948839252,0.3044999999999999
rep0917,0.16,0.15603266640807414,alg2,0.1,0.005,0.005,0.09000000000000001,abs_005_005,1000,2000,-0.31286026744463236,0.3457334023200077,True,0.6585936697646401,0.3457334023200077,0.09820862048726461,0.13879137951273537,-0.41106888793189694,0.2069420228072723,0.04058275902547076,0.13151091073916937,0.4864999999999999
rep0918,0.10,0.10229831623511373,alg2,0.1,0.005,0.005,0.09000000000000001,abs_005_005,1000,2000,-0.24976074617094102,0.48704417984945725,True,0.7368049260203983,0.48704417984945725,0.080707063813014,0.11829293618698601,-0.33046780998395503,0.36875124366247125,0.03758587237397201,0.13071905364642644,0.5684999999999998
rep0919,0.79,0.7880486889494721,alg2,0.1,0.005,0.005,0.09000000000000001,abs_005_005,1000,2000,0.6659755437818639,1.2522975686348476,True,0.5863220248529838,0.33402445621813615,1.0,1.0,-0.33402445621813615,0.2522975686348477,0.0,0.13832202485298395,0.44799999999999995
rep0920,0.19,0.18988673461986103,alg2,0.1,0.005,0.005,0.09000000000000001,abs_005_005,1000,2000,-0.3006709071373278,0.3673494071998899,True,0.6680203143372176,0.3673494071998899,0.12758202747780958,0.1724179725221904,-0.42825293461513736,0.1949314346776995,0.04483594504438082,0.12468436929283677,0.49850000000000005
rep0921,0.31,0.3057314196109613,alg2,0.1,0.005,0.005,0.09000000000000001,abs_005_005,1000,2000,0.09174151913926937,0.6432937839208237,True,0.5515522647815543,0.5515522647815543,0.34411349101457617,0.40488650898542383,-0.2523719718753068,0.23840727493539987,0.060773017970847665,0.11977924681070662,0.37100000000000005
rep0922,0.82,0.8204088881687474,alg2,0.1,0.005,0.005,0.09000000000000001,abs_005_005,1000,2000,0.4924436977993734,1.1266475171241912,True,0.6342038193248178,0.5075563022006266,0.8201595396096597,0.8658404603903402,-0.3277158418102863,0.26080705673385085,0.045680920780680534,0.13952289854413713,0.44899999999999995
rep0923,0.67,0.6673295667496753,alg2,0.1,0.005,0.005,0.09000000000000001,abs_005_005,1000,2000,0.5420386367749319,1.3293441675572808,True,0.7873055307823489,0.4579613632250681,0.8633577732952439,0.903642226704756,-0.3213191365203119,0.4257019408525249,0.040284453409512144,0.1335210773728367,0.6135
rep0924,0.19,0.18602206952727826,alg2,0.1,0.005,0.005,0.09000000000000001,abs_005_005,1000,2000,-0.01915675175490633,0.5989119661943495,True,0.6180687179492559,0.5989119661943495,0.3014560679420448,0.3605439320579552,-0.32061281969695116,0.2383680341363943,0.05908786411591038,0.1429808538333453,0.4160000000000001
rep0925,0.64,0.6354263351837406,alg2,0.1,0.005,0.005,0.09000000000000001,abs_005_005,1000,2000,0.5692041033952663,1.2087877587512217,True,0.6395836553559554,0.4307958966047337,0.9616425370543741,0.9823574629456259,-0.3924384336591078,0.22643029580559576,0.02071492589125179,0.1378687294647034,0.4810000000000001
rep0926,0.07,0.07157292987670523,alg2,0.1,0.005,0.005,0.09000000000000001,abs_005_005,1000,2000,-0.3401309407049621,0.24393792938048536,True,0.5840688700854475,0.24393792938048536,0.0,0.0,-0.3401309407049621,0.24393792938048536,0.0,0.12406887008544742,0.4600000000000001
rep0927,0.62,0.615998541441101,alg2,0.1,0.005,0.005,0.09000000000000001,abs_005_005,1000,2000,0.2709189817701889,0.8017833217451195,True,0.5308643399749305,0.5308643399749305,0.5374045479560734,0.5995954520439266,-0.2664855661858845,0.20218786970119282,0.062190904087853216,0.10817343588707734,0.3605
rep0928,0.61,0.6069671000905437,alg2,0.1,0.005,0.005,0.09000000000000001,abs_005_005,1000,2000,0.5235728936372975,1.1401411849450156,True,0.6165682913077181,0.47642710636270247,0.7895707623337536,0.8384292376662463,-0.26599786869645603,0.3017119472787694,0.04885847533249277,0.14420981597522547,0.42349999999999993
rep0929,0.53,0.533638298979293,alg2,0.1,0.005,0.005,0.09000000000000001,abs_005_005,1000,2000,0.20876902124515823,0.8515259362487064,True,0.6427569150035481,0.6427569150035481,0.6047744275378668,0.6652255724621332,-0.3960054062927086,0.18630036378657328,0.0604511449242664,0.13380577007928185,0.4485
rep0930,0.29,0.29261726235459307,alg2,0.1,0.005,0.005,0.09000000000000001,abs_005_005,1000,2000,0.08432546673757346,0.6700648298820017,True,0.5857393631444282,0.5857393631444282,0.4267195046083154,0.4892804953916846,-0.34239403787074196,0.18078433449031706,0.06256099078336919,0.11817837236105899,0.405
rep0931,0.22,0.2229244437616591,alg2,0.1,0.005,0.005,0.09000000000000001,abs_005_005,1000,2000,0.11552385201102733,0.7172057382472983,True,0.601681886236271,0.601681886236271,0.46560912460390314,0.5283908753960969,-0.3500852725928758,0.18881486285120144,0.06278175079219372,0.13790013544407714,0.4010000000000001
rep0932,0.42,0.42272745262942124,alg2,0.1,0.005,0.005,0.09000000000000001,abs_005_005,1000,2000,0.1759884212034259,0.7455662547693767,True,0.5695778335659507,0.5695778335659507,0.47711309594381207,0.5398869040561878,-0.3011246747403862,0.20567935071318888,0.0627738081123757,0.131304025453575,0.37550000000000006
rep0933,0.49,0.48694716452448095,alg2,0.1,0.005,0.005,0.09000000000000001,abs_005_005,1000,2000,0.21011112113503316,0.8021132453863613,True,0.5920021242513281,0.5920021242513281,0.5490129750300087,0.6109870249699912,-0.3389018538949755,0.19112622041637,0.06197404993998257,0.14102807431134545,0.389
rep0934,0.49,0.4935287680614457,alg2,0.1,0.005,0.005,0.09000000000000001,abs_005_005,1000,2000,0.351541088032155,0.8267673066234864,True,0.4752262185913314,0.4752262185913314,0.6241346118367551,0.6838653881632449,-0.2725935238046001,0.1429019184602415,0.05973077632648982,0.12799544226484155,0.28750000000000003
rep0935,0.59,0.5916524058171294,alg2,0.1,0.005,0.005,0.09000000000000001,abs_005_005,1000,2000,0.3864607638915698,0.9666950730748746,True,0.5802343091833048,0.5802343091833048,0.6933568952210643,0.7496431047789358,-0.30689613132949445,0.21705196829593876,0.05628620955787156,0.12394809962543318,0.4
rep0936,0.71,0.7101960404072895,alg2,0.1,0.005,0.005,0.09000000000000001,abs_005_005,1000,2000,0.4690534116412238,1.1035836924243125,True,0.6345302807830887,0.5309465883587762,0.7654728326843753,0.8165271673156248,-0.29641942104315144,0.2870565251086876,0.05105433463124953,0.13897594615183906,0.4445
rep0937,0.75,0.7487264705753629,alg2,0.1,0.005,0.005,0.09000000000000001,abs_005_005,1000,2000,0.6634527546096112,1.1640953039549324,True,0.5006425493453213,0.3365472453903888,0.9397127037075208,0.9662872962924791,-0.27625994909790963,0.19780800766245327,0.026574592584958312,0.11206795676036291,0.362
rep0938,0.10,0.10400479654477361,alg2,0.1,0.005,0.005,0.09000000000000001,abs_005_005,1000,2000,-0.2527966685896056,0.3548362338304534,True,0.607632902420059,0.3548362338304534,0.11261286625473842,0.15538713374526159,-0.365409534844344,0.19944910008519182,0.04277426749052317,0.11585863492953585,0.44899999999999995
rep0939,0.62,0.61597297399605,alg2,0.1,0.005,0.005,0.09000000000000001,abs_005_005,1000,2000,0.218932881679135,0.7819628479715004,True,0.5630299662923655,0.5630299662923655,0.5016770047283273,0.5643229952716727,-0.28274412304919233,0.21763985269982772,0.06264599054334541,0.14188397574902017,0.3584999999999999
rep0940,0.04,0.03944101284156614,alg2,0.1,0.005,0.005,0.09000000000000001,abs_005_005,1000,2000,-0.31724277122044475,0.15321261282371207,True,0.4704553840441568,0.15321261282371207,0.0,0.0,-0.31724277122044475,0.15321261282371207,0.0,0.10545538404415683,0.365
rep0941,0.56,0.5583163483519791,alg2,0.1,0.005,0.005,0.09000000000000001,abs_005_005,1000,2000,0.36251511816522486,0.9687146571705305,True,0.6061995390053057,0.6061995390053057,0.6707155896253978,0.7282844103746022,-0.30820047146017293,0.24043024679592828,0.05756882074920444,0.14213071825610119,0.40650000000000003
rep0942,0.57,0.5733742466148171,alg2,0.1,0.005,0.005,0.09000000000000001,abs_005_005,1000,2000,0.2650884476642329,1.0366403799957808,True,0.771551932331548,0.7349115523357671,0.65788667708642,0.7161133229135801,-0.3927982294221871,0.32052705708220064,0.058226645827160084,0.14132528650438791,0.5719999999999998
rep0943,0.52,0.5192053278597004,alg2,0.1,0.005,0.005,0.09000000000000001,abs_005_005,1000,2000,0.08908862769116066,0.7049467839436802,True,0.6158581562525195,0.6158581562525195,0.410820476467146,0.47317952353285403,-0.3217318487759853,0.23176726041082613,0.06235904706570805,0.14549910918681142,0.40800000000000003
rep0944,0.74,0.7406440761691009,alg2,0.1,0.005,0.005,0.09000000000000001,abs_005_005,1000,2000,0.38929217091556945,0.9988869941003655,True,0.6095948231847961,0.6095948231847961,0.7316293853842275,0.7853706146157724,-0.34233721446865806,0.21351637948459318,0.053741229231544896,0.13785359395325109,0.4180000000000001
rep0945,0.34,0.3414404434383478,alg2,0.1,0.005,0.005,0.09000000000000001,abs_005_005,1000,2000,-0.21053704129263986,0.5697081439544793,True,0.7802451852471192,0.5697081439544793,0.22281421511141605,0.277185784888584,-0.4333512564040559,0.29252235906589535,0.05437156977716792,0.12687361546995124,0.599
rep0946,0.21,0.21214867445246377,alg2,0.1,0.005,0.005,0.09000000000000001,abs_005_005,1000,2000,-0.28804176746755616,0.3182478271474902,True,0.6062895946150464,0.3182478271474902,0.05577138428726039,0.0882286157127396,-0.3438131517548166,0.23001921143475063,0.03245723142547921,0.1283323631895671,0.4455000000000001
rep0947,0.28,0.28422013734374324,alg2,0.1,0.005,0.005,0.09000000000000001,abs_005_005,1000,2000,0.0987631011513943,0.7502916235756666,True,0.6515285224242723,0.6515285224242723,0.443647823408715,0.506352176591285,-0.3448847222573207,0.24393944698438164,0.06270435318256995,0.13482416924170232,0.454
rep0948,0.48,0.48338293458160114,alg2,0.1,0.005,0.005,0.09000000000000001,abs_005_005,1000,2000,0.09522807769997838,0.6831745547031534,True,0.587946477003175,0.587946477003175,0.4078430504644922,0.4701569495355078,-0.31261497276451383,0.2130176051676455,0.06231389907101559,0.14363257793215933,0.382
rep0949,0.52,0.5182804217943408,alg2,0.1,0.005,0.005,0.09000000000000001,abs_005_005,1000,2000,0.3072161348820713,0.8466626198777238,True,0.5394464849956526,0.5394464849956526,0.604265642500474,0.6647343574995259,-0.2970495076184027,0.18192826237819792,0.06046871499905193,0.14347776999660056,0.3355000000000001
rep0950,0.23,0.22991933107119408,alg2,0.1,0.005,0.005,0.09000000000000001,abs_005_005,1000,2000,-0.11441321267851662,0.47349245766585324,True,0.5879056703443699,0.47349245766585324,0.23970882251375325,0.2952911774862468,-0.35412203519226987,0.17820128017960646,0.05558235497249353,0.12832331537187636,0.4039999999999999
rep0951,0.36,0.35825827602418825,alg2,0.1,0.005,0.005,0.09000000000000001,abs_005_005,1000,2000,-0.2080705482084991,0.46336333763291815,True,0.6714338858414173,0.46336333763291815,0.18108590004638161,0.23191409995361836,-0.3891564482548807,0.2314492376792998,0.05082819990723675,0.12110568593418047,0.49950000000000006
rep0952,0.73,0.7289050088345319,alg2,0.1,0.005,0.005,0.09000000000000001,abs_005_005,1000,2000,0.42663531634762575,0.9600572533135538,True,0.5334219369659281,0.5334219369659281,0.731110450518718,0.784889549481282,-0.3044751341710923,0.17516770383227181,0.05377909896256394,0.13864283800336402,0.3410000000000001
rep0953,0.65,0.6450561188092513,alg2,0.1,0.005,0.005,0.09000000000000001,abs_005_005,1000,2000,0.5129972620014592,1.0436673081276986,True,0.5306700461262394,0.48700273799854077,0.7686086903650909,0.8193913096349091,-0.2556114283636317,0.2242759984927895,0.0507826192698182,0.12338742685642129,0.35649999999999993
rep0954,0.34,0.3356003964011355,alg2,0.1,0.005,0.005,0.09000000000000001,abs_005_005,1000,2000,0.02518918347519089,0.6356410779452932,True,0.6104518944701023,0.6104518944701023,0.3534650503371997,0.4145349496628003,-0.3282758668620088,0.22110612828249293,0.061069899325600585,0.13188199514450194,0.41749999999999987
rep0955,0.59,0.5934399509169045,alg2,0.1,0.005,0.005,0.09000000000000001,abs_005_005,1000,2000,0.47918278212503373,1.0887442620835155,True,0.6095614799584818,0.5208172178749663,0.7806495752999313,0.8303504247000687,-0.30146679317489755,0.25839383738344673,0.049700849400137415,0.1268606305583443,0.43299999999999994
rep0956,0.39,0.39181048198391705,alg2,0.1,0.005,0.005,0.09000000000000001,abs_005_005,1000,2000,0.12179229085517063,0.8134571764751668,True,0.6916648856199962,0.6916648856199962,0.4931462676250192,0.5558537323749808,-0.37135397676984855,0.25760344410018593,0.06270746474996164,0.13945742087003454,0.48949999999999994
rep0957,0.68,0.6783139786825123,alg2,0.1,0.005,0.005,0.09000000000000001,abs_005_005,1000,2000,0.2548855306216465,0.8720227301894392,True,0.6171371995677928,0.6171371995677928,0.5961298399344417,0.6568701600655582,-0.3412443093127952,0.21515257012388103,0.06074032013111652,0.13889687943667617,0.4175000000000001
rep0958,0.57,0.5707098860996819,alg2,0.1,0.005,0.005,0.09000000000000001,abs_005_005,1000,2000,0.2585655057483196,0.8900473174075786,True,0.631481811659259,0.631481811659259,0.572281843435527,0.633718156564473,-0.3137163376872074,0.25632916084310564,0.06143631312894593,0.13704549853031306,0.433
rep0959,0.46,0.46419226054784907,alg2,0.1,0.005,0.005,0.09000000000000001,abs_005_005,1000,2000,0.19102353892363333,0.7866488817342173,True,0.595625342810584,0.595625342810584,0.5404311791668863,0.6025688208331137,-0.349407640243253,0.18408006090110363,0.06213764166622737,0.13748770114435666,0.39599999999999996
rep0960,0.27,0.26685012160209715,alg2,0.1,0.005,0.005,0.09000000000000001,abs_005_005,1000,2000,-0.009824395944506292,0.5671614015602828,True,0.5769857975047892,0.5671614015602828,0.3712174312101229,0.43278256878987714,-0.3810418271546292,0.13437883277040574,0.06156513757975424,0.11642065992503497,0.39899999999999997
rep0961,0.10,0.09932453733107761,alg2,0.1,0.005,0.005,0.09000000000000001,abs_005_005,1000,2000,-0.20046953484257504,0.4096591211476879,True,0.6101286559902629,0.4096591211476879,0.15019841449126534,0.19780158550873464,-0.3506679493338404,0.2118575356389532,0.0476031710174693,0.1440254849727936,0.41850000000000004
rep0962,0.49,0.49056511629801486,alg2,0.1,0.005,0.005,0.09000000000000001,abs_005_005,1000,2000,0.28154950784691174,0.8674977414411777,True,0.5859482335942661,0.5859482335942661,0.542449580714241,0.604550419285759,-0.26090007286732925,0.2629473221554187,0.06210083857151805,0.13234739502274795,0.39150000000000007
rep0963,0.64,0.6424563136593564,alg2,0.1,0.005,0.005,0.09000000000000001,abs_005_005,1000,2000,0.37801461699311234,1.0213941637279795,True,0.6433795467348672,0.6219853830068877,0.6882039464237457,0.7447960535762543,-0.3101893294306334,0.2765981101517253,0.05659210715250862,0.13078743958235867,0.456
rep0964,0.41,0.4098375058446741,alg2,0.1,0.005,0.005,0.09000000000000001,abs_005_005,1000,2000,-0.0014275558048096881,0.487146709861745,True,0.4885742656665547,0.487146709861745,0.2916891344416287,0.3503108655583713,-0.2931166902464384,0.13683584430337367,0.058621731116742626,0.12045253454981203,0.30950000000000005
rep0965,0.52,0.5177998783960265,alg2,0.1,0.005,0.005,0.09000000000000001,abs_005_005,1000,2000,0.3134635162824993,0.9506216966885797,True,0.6371581804060804,0.6371581804060804,0.6144480606626291,0.6745519393373708,-0.30098454438012984,0.2760697573512088,0.06010387867474165,0.12505430173133858,0.45200000000000007
rep0966,0.65,0.6530343212030639,alg2,0.1,0.005,0.005,0.09000000000000001,abs_005_005,1000,2000,0.44443421077797435,1.0576968791920631,True,0.6132626684140887,0.5555657892220256,0.7592073895803303,0.8107926104196698,-0.31477317880235595,0.2469042687723934,0.051585220839339474,0.12567744757474936,0.436
rep0967,0.42,0.4212391093269436,alg2,0.1,0.005,0.005,0.09000000000000001,abs_005_005,1000,2000,0.1362429204357845,0.7665610737848423,True,0.6303181533490578,0.6303181533490578,0.492143250567568,0.5548567494324319,-0.3559003301317835,0.21170432435241038,0.06271349886486388,0.14060465448419396,0.427
rep0968,0.73,0.7275222267367003,alg2,0.1,0.005,0.005,0.09000000000000001,abs_005_005,1000,2000,0.30614835978215593,1.0324089148025546,True,0.7262605550203987,0.6938516402178441,0.7686086903650909,0.8193913096349091,-0.462460330582935,0.2130176051676455,0.0507826192698182,0.13847793575058054,0.5369999999999999
rep0969,0.14,0.14258850472421675,alg2,0.1,0.005,0.005,0.09000000000000001,abs_005_005,1000,2000,-0.030404563848834887,0.5498233178845733,True,0.5802278817334081,0.5498233178845733,0.2595699593389326,0.31643004066106734,-0.2899745231877675,0.233393277223506,0.056860081322134715,0.1278678004112735,0.3955
rep0970,0.47,0.47304827033809954,alg2,0.1,0.005,0.005,0.09000000000000001,abs_005_005,1000,2000,0.14745205209996476,0.8673004728019622,True,0.7198484207019975,0.7198484207019975,0.5895260406999051,0.6504739593000949,-0.44207398859994035,0.21682651350186732,0.06094791860018978,0.13640050210180765,0.5225000000000001
rep0971,0.80,0.7956306301453825,alg2,0.1,0.005,0.005,0.09000000000000001,abs_005_005,1000,2000,0.5099822060920676,1.1258034048461232,True,0.6158211987540556,0.49001779390793243,0.8671233920459601,0.9068766079540399,-0.3571411859538926,0.21892679689208316,0.039753215908079786,0.14156798284597583,0.4345
rep0972,0.77,0.7717441073435837,alg2,0.1,0.005,0.005,0.09000000000000001,abs_005_005,1000,2000,0.5396812572514734,1.1813686327255755,True,0.641687375474102,0.4603187427485266,0.8991319639249392,0.9338680360750607,-0.3594507066734658,0.2475005966505146,0.03473607215012153,0.14445130332398043,0.46249999999999997
rep0973,0.67,0.674802219980781,alg2,0.1,0.005,0.005,0.09000000000000001,abs_005_005,1000,2000,0.4145750718802841,1.070319861507794,True,0.6557447896275099,0.5854249281197159,0.7607729764956375,0.8122270235043625,-0.3461979046153534,0.25809283800343163,0.05145404700872502,0.141290742618785,0.463
rep0974,0.57,0.5705564869580644,alg2,0.1,0.005,0.005,0.09000000000000001,abs_005_005,1000,2000,0.3845118985052538,1.0403758459692811,True,0.6558639474640273,0.6154881014947462,0.7602510573577341,0.8117489426422659,-0.3757391588524803,0.22862690332701513,0.05149788528453181,0.12236606217949553,0.482
rep0975,0.36,0.3607373352562038,alg2,0.1,0.005,0.005,0.09000000000000001,abs_005_005,1000,2000,-0.06908210953624261,0.6192973600309816,True,0.6883794695672242,0.6192973600309816,0.31368588131144487,0.3733141186885552,-0.3827679908476875,0.24598324134242638,0.059628237377110316,0.14375123219011388,0.485
rep0976,0.55,0.549968058507605,alg2,0.1,0.005,0.005,0.09000000000000001,abs_005_005,1000,2000,0.26555403926588017,0.8949826798245737,True,0.6294286405586935,0.6294286405586935,0.6277066453303195,0.6872933546696804,-0.36215260606443933,0.2076893251548932,0.059586709339360944,0.13034193121933246,0.4395000000000001
rep0977,0.34,0.34386259797383306,alg2,0.1,0.005,0.005,0.09000000000000001,abs_005_005,1000,2000,-0.08181076918971936,0.652695799582213,True,0.7345065687719323,0.652695799582213,0.35100291267892864,0.4119970873210714,-0.432813681868648,0.24069871226114162,0.06099417464214274,0.12951239412978954,0.544
rep0978,0.09,0.09187027739961487,alg2,0.1,0.005,0.005,0.09000000000000001,abs_005_005,1000,2000,-0.12051387762293275,0.3996072884398933,True,0.520121166062826,0.3996072884398933,0.17917741787503916,0.22982258212496082,-0.2996912954979719,0.16978470631493248,0.05064516424992166,0.13997600181290443,0.32949999999999996
rep0979,0.29,0.29022549594630476,alg2,0.1,0.005,0.005,0.09000000000000001,abs_005_005,1000,2000,-0.09679283506149747,0.4423832120940198,True,0.5391760471555173,0.4423832120940198,0.210302064339937,0.26369793566006294,-0.3070948994014345,0.17868527643395687,0.05339587132012594,0.11478017583539135,0.371
rep0980,0.38,0.38207521365970815,alg2,0.1,0.005,0.005,0.09000000000000001,abs_005_005,1000,2000,0.07961714647236234,0.70694630869393,True,0.6273291622215678,0.6273291622215678,0.39297331259811824,0.45502668740188174,-0.3133561661257559,0.25191962129204837,0.062053374803763495,0.12277578741780426,0.4425
rep0981,0.85,0.8490801200465765,alg2,0.1,0.005,0.005,0.09000000000000001,abs_005_005,1000,2000,0.5462436523790297,1.0507277549150575,True,0.5044841025360278,0.4537563476209703,0.8185711151342429,0.8644288848657572,-0.27232746275521313,0.18629887004930037,0.04585776973151434,0.13562633280451347,0.323
rep0982,0.61,0.6078923145347822,alg2,0.1,0.005,0.005,0.09000000000000001,abs_005_005,1000,2000,0.4583105420315913,1.0664518452543648,True,0.6081413032227735,0.5416894579684087,0.7456599064064562,0.7983400935935439,-0.2873493643748649,0.26811175166082085,0.05268018718708767,0.11846111603568577,0.43699999999999994
rep0983,0.13,0.13188209031789844,alg2,0.1,0.005,0.005,0.09000000000000001,abs_005_005,1000,2000,-0.06661432551054705,0.6335305833047661,True,0.7001449088153131,0.6335305833047661,0.23632535167927401,0.29167464832072604,-0.30293967718982107,0.34185593498404004,0.05534929664145202,0.12679561217386115,0.518
rep0984,0.43,0.4339175652789224,alg2,0.1,0.005,0.005,0.09000000000000001,abs_005_005,1000,2000,0.09754335856116503,0.6339151468831954,True,0.5363717883220304,0.5363717883220304,0.4023874399293123,0.4646125600706877,-0.3048440813681473,0.16930258681250776,0.06222512014137538,0.13864666818065502,0.3355
rep0985,0.52,0.519694130940924,alg2,0.1,0.005,0.005,0.09000000000000001,abs_005_005,1000,2000,0.1623748174888064,0.660872270437423,True,0.49849745294861664,0.49849745294861664,0.4536226888809052,0.5163773111190948,-0.2912478713920988,0.14449495931832823,0.06275462223818962,0.11924283071042702,0.3165
rep0986,0.32,0.32208760185791574,alg2,0.1,0.005,0.005,0.09000000000000001,abs_005_005,1000,2000,-0.09511501932297761,0.5946463872446826,True,0.6897614065676602,0.5946463872446826,0.2999900590352226,0.35900994096477745,-0.3951050783582002,0.2356364462799051,0.059019881929554874,0.1437415246381053,0.487
rep0987,0.68,0.6813639880543828,alg2,0.1,0.005,0.005,0.09000000000000001,abs_005_005,1000,2000,0.3723027764583755,1.0485437411700613,True,0.6762409647116858,0.6276972235416245,0.6666076108460335,0.7243923891539665,-0.294304834387658,0.3241513520160949,0.05778477830793305,0.12445618640375283,0.49400000000000005
rep0988,0.43,0.42623173649753915,alg2,0.1,0.005,0.005,0.09000000000000001,abs_005_005,1000,2000,0.16066360605558117,0.7088983769100801,True,0.5482347708544989,0.5482347708544989,0.46560912460390314,0.5283908753960969,-0.30494551854832197,0.18050750151398323,0.06278175079219372,0.1404530200623052,0.345
rep0989,0.16,0.16100365715429354,alg2,0.1,0.005,0.005,0.09000000000000001,abs_005_005,1000,2000,-0.25231802842910944,0.2638787593256119,True,0.5161967877547213,0.2638787593256119,0.017232791250562512,0.03776720874943749,-0.269550819679672,0.22611155057617438,0.020534417498874975,0.13766237025584638,0.358
rep0990,0.48,0.4786719612656737,alg2,0.1,0.005,0.005,0.09000000000000001,abs_005_005,1000,2000,0.16189821578203112,0.7372712641711077,True,0.5753730483890765,0.5753730483890765,0.5011749441637992,0.5638250558362008,-0.33927672838176803,0.17344620833490693,0.06265011167240164,0.1377229367166749,0.3750000000000001
rep0991,0.67,0.6691826357680173,alg2,0.1,0.005,0.005,0.09000000000000001,abs_005_005,1000,2000,0.35840975328030555,0.9553252367406883,True,0.5969154834603827,0.5969154834603827,0.6768824533967464,0.7341175466032537,-0.3184727001164408,0.22120769013743455,0.057235093206507326,0.13718039025387535,0.4025
rep0992,0.38,0.38192524926570776,alg2,0.1,0.005,0.005,0.09000000000000001,abs_005_005,1000,2000,0.11751050621966003,0.6593951896936668,True,0.5418846834740068,0.5418846834740068,0.44065781998201287,0.5033421800179871,-0.32314731376235284,0.1560530096756797,0.06268436003597427,0.14620032343803246,0.3330000000000001
rep0993,0.40,0.40445688832898824,alg2,0.1,0.005,0.005,0.09000000000000001,abs_005_005,1000,2000,0.06634043453333832,0.7418151617828397,True,0.6754747272495014,0.6754747272495014,0.4861277927021203,0.5488722072978796,-0.419787358168782,0.19294295448496007,0.06274441459575925,0.11423031265374195,0.49850000000000005
rep0994,0.52,0.5164659959573914,alg2,0.1,0.005,0.005,0.09000000000000001,abs_005_005,1000,2000,0.20612446033727916,0.7397645548476296,True,0.5336400945103504,0.5336400945103504,0.5092117086419983,0.5717882913580017,-0.3030872483047191,0.1679762634896279,0.06257658271600341,0.11456351179434698,0.35650000000000004
rep0995,0.65,0.6477753976991143,alg2,0.1,0.005,0.005,0.09000000000000001,abs_005_005,1000,2000,0.5359199848149423,1.0053354528467846,True,0.4694154680318423,0.4640800151850577,0.8016714566477395,0.8493285433522605,-0.2657514718327972,0.15600690949452406,0.04765708670452096,0.1337583813273212,0.28800000000000003
rep0996,0.38,0.37720978773316866,alg2,0.1,0.005,0.005,0.09000000000000001,abs_005_005,1000,2000,0.20056576528791203,0.8422707998727109,True,0.6417050345847989,0.6417050345847989,0.517759664929226,0.5802403350707741,-0.31719389964131395,0.2620304648019368,0.06248067014154812,0.1382243644432507,0.44100000000000006
rep0997,0.25,0.24626615445195021,alg2,0.1,0.005,0.005,0.09000000000000001,abs_005_005,1000,2000,-0.05744491278844757,0.47626989854297397,True,0.5337148113314215,0.47626989854297397,0.24551420073145327,0.3014857992685468,-0.30295911351990085,0.17478409927442715,0.05597159853709352,0.14274321279432806,0.3349999999999999
rep0998,0.55,0.5545866695943503,alg2,0.1,0.005,0.005,0.09000000000000001,abs_005_005,1000,2000,0.19242062345304112,0.7761524974927372,True,0.5837318740396961,0.5837318740396961,0.5031833760334351,0.5658166239665648,-0.310762752580394,0.2103358735261724,0.06263324793312974,0.14259862610656654,0.3784999999999999
rep0999,0.95,0.9482047380720229,alg2,0.1,0.005,0.005,0.09000000000000001,abs_005_005,1000,2000,0.3816299156558473,1.0166633434766827,True,0.6350334278208354,0.6183700843441526,0.7295539451743535,0.7834460548256464,-0.34792402951850615,0.23321728865103628,0.053892109651292985,0.14064131816954245,0.44049999999999995
