task_id,label,theta,algo,alpha,alpha1,alpha2,alpha3,alloc,n_j,N_j,L,U,covered,width,width_clip,L_tilde,U_tilde,delta_L,delta_U,W1,W2,W3
rep0000,0.65,0.651,alg3,0.15,0.0,0.0,0.15,abs_005_005,1000,2000,0.5775,0.871,True,0.2935,0.2935,0.775,0.775,-0.1975,0.09599999999999997,0.0,0.0,0.2935
rep0001,0.64,0.641,alg3,0.15,0.0,0.0,0.15,abs_005_005,1000,2000,0.34950000000000003,0.673,True,0.3235,0.3235,0.5365,0.5365,-0.18699999999999994,0.1365,0.0,0.0,0.32349999999999995
rep0002,0.42,0.423,alg3,0.15,0.0,0.0,0.15,abs_005_005,1000,2000,0.40149999999999997,0.6715,True,0.27,0.27,0.596,0.596,-0.1945,0.07550000000000001,0.0,0.0,0.27
rep0003,0.61,0.614,alg3,0.15,0.0,0.0,0.15,abs_005_005,1000,2000,0.373,0.6815,True,0.3085,0.3085,0.5845,0.5845,-0.21150000000000002,0.09699999999999998,0.0,0.0,0.3085
rep0004,0.47,0.466,alg3,0.15,0.0,0.0,0.15,abs_005_005,1000,2000,0.5135,0.7975000000000001,False,0.28400000000000014,0.28400000000000014,0.7185,0.7185,-0.20500000000000007,0.07900000000000001,0.0,0.0,0.2840000000000001
rep0005,0.46,0.455,alg3,0.15,0.0,0.0,0.15,abs_005_005,1000,2000,0.24150000000000005,0.5409999999999999,True,0.2994999999999999,0.2994999999999999,0.4225,0.4225,-0.18099999999999994,0.1185,0.0,0.0,0.29949999999999993
rep0006,0.54,0.541,alg3,0.15,0.0,0.0,0.15,abs_005_005,1000,2000,0.39,0.768,True,0.378,0.378,0.638,0.638,-0.248,0.13,0.0,0.0,0.378
rep0007,0.86,0.865,alg3,0.15,0.0,0.0,0.15,abs_005_005,1000,2000,0.6805,1.0755,True,0.3949999999999999,0.3195,0.9255,0.9255,-0.245,0.15,0.0,0.0,0.395
rep0008,0.38,0.376,alg3,0.15,0.0,0.0,0.15,abs_005_005,1000,2000,0.3525,0.6075,True,0.25500000000000006,0.25500000000000006,0.485,0.485,-0.1325,0.12250000000000003,0.0,0.0,0.255
rep0009,0.65,0.649,alg3,0.15,0.0,0.0,0.15,abs_005_005,1000,2000,0.36550000000000005,0.7075,True,0.34199999999999997,0.34199999999999997,0.5875,0.5875,-0.22199999999999998,0.12000000000000005,0.0,0.0,0.342
rep0010,0.06,0.056,alg3,0.15,0.0,0.0,0.15,abs_005_005,1000,2000,0.0010000000000000286,0.32099999999999995,True,0.31999999999999995,0.31999999999999995,0.214,0.214,-0.21299999999999997,0.10699999999999998,0.0,0.0,0.31999999999999995
rep0011,0.49,0.486,alg3,0.15,0.0,0.0,0.15,abs_005_005,1000,2000,0.37749999999999995,0.665,True,0.2875000000000001,0.2875000000000001,0.5805,0.5805,-0.20300000000000007,0.08450000000000002,0.0,0.0,0.2875000000000001
rep0012,0.16,0.163,alg3,0.15,0.0,0.0,0.15,abs_005_005,1000,2000,-0.00949999999999998,0.25249999999999995,True,0.2619999999999999,0.25249999999999995,0.1565,0.1565,-0.16599999999999998,0.09599999999999997,0.0,0.0,0.26199999999999996
rep0013,0.54,0.544,alg3,0.15,0.0,0.0,0.15,abs_005_005,1000,2000,0.26799999999999996,0.637,True,0.36900000000000005,0.36900000000000005,0.4955,0.4955,-0.22750000000000004,0.14150000000000001,0.0,0.0,0.36900000000000005
rep0014,0.31,0.309,alg3,0.15,0.0,0.0,0.15,abs_005_005,1000,2000,0.22749999999999998,0.5705,True,0.343,0.343,0.426,0.426,-0.1985,0.14450000000000007,0.0,0.0,0.3430000000000001
rep0015,0.27,0.267,alg3,0.15,0.0,0.0,0.15,abs_005_005,1000,2000,0.1555,0.43099999999999994,True,0.27549999999999997,0.27549999999999997,0.361,0.361,-0.2055,0.06999999999999995,0.0,0.0,0.27549999999999997
rep0016,0.55,0.549,alg3,0.15,0.0,0.0,0.15,abs_005_005,1000,2000,0.4135,0.6765,True,0.263,0.263,0.5615,0.5615,-0.14800000000000002,0.11499999999999999,0.0,0.0,0.263
rep0017,0.28,0.275,alg3,0.15,0.0,0.0,0.15,abs_005_005,1000,2000,0.3285,0.6014999999999999,False,0.2729999999999999,0.2729999999999999,0.5025,0.5025,-0.17399999999999993,0.099,0.0,0.0,0.2729999999999999
rep0018,0.43,0.429,alg3,0.15,0.0,0.0,0.15,abs_005_005,1000,2000,0.3045,0.5715,True,0.267,0.267,0.4495,0.4495,-0.14500000000000002,0.122,0.0,0.0,0.267
rep0019,0.32,0.316,alg3,0.15,0.0,0.0,0.15,abs_005_005,1000,2000,0.09149999999999997,0.4225,True,0.331,0.331,0.29,0.29,-0.1985,0.1325,0.0,0.0,0.331
rep0020,0.24,0.242,alg3,0.15,0.0,0.0,0.15,abs_005_005,1000,2000,0.28300000000000003,0.517,False,0.23399999999999999,0.23399999999999999,0.4555,0.4555,-0.1725,0.0615,0.0,0.0,0.23399999999999999
rep0021,0.20,0.205,alg3,0.15,0.0,0.0,0.15,abs_005_005,1000,2000,0.16249999999999998,0.48050000000000004,True,0.31800000000000006,0.31800000000000006,0.3905,0.3905,-0.22800000000000004,0.09000000000000002,0.0,0.0,0.31800000000000006
rep0022,0.23,0.227,alg3,0.15,0.0,0.0,0.15,abs_005_005,1000,2000,0.014500000000000013,0.28900000000000003,True,0.2745,0.2745,0.1985,0.1985,-0.184,0.09050000000000002,0.0,0.0,0.2745
rep0023,0.49,0.494,alg3,0.15,0.0,0.0,0.15,abs_005_005,1000,2000,0.39349999999999996,0.6545000000000001,True,0.2610000000000001,0.2610000000000001,0.5805,0.5805,-0.18700000000000006,0.07400000000000001,0.0,0.0,0.26100000000000007
rep0024,0.67,0.669,alg3,0.15,0.0,0.0,0.15,abs_005_005,1000,2000,0.6285,0.9400000000000001,True,0.3115000000000001,0.3115000000000001,0.8025,0.8025,-0.17400000000000004,0.13750000000000007,0.0,0.0,0.3115000000000001
rep0025,0.75,0.747,alg3,0.15,0.0,0.0,0.15,abs_005_005,1000,2000,0.7345,1.013,True,0.27849999999999986,0.26549999999999996,0.9245,0.9245,-0.18999999999999995,0.08850000000000002,0.0,0.0,0.27849999999999997
rep0026,0.64,0.638,alg3,0.15,0.0,0.0,0.15,abs_005_005,1000,2000,0.5840000000000001,0.8694999999999999,True,0.28549999999999986,0.28549999999999986,0.7595,0.7595,-0.17549999999999993,0.10999999999999999,0.0,0.0,0.2854999999999999
rep0027,0.82,0.816,alg3,0.15,0.0,0.0,0.15,abs_005_005,1000,2000,0.768,1.1075,True,0.3394999999999999,0.23199999999999998,1.0,1.0,-0.23200000000000004,0.10750000000000004,0.0,0.0,0.3395000000000001
rep0028,0.43,0.43,alg3,0.15,0.0,0.0,0.15,abs_005_005,1000,2000,0.3145000000000001,0.613,True,0.2984999999999999,0.2984999999999999,0.516,0.516,-0.2014999999999999,0.09700000000000003,0.0,0.0,0.29849999999999993
rep0029,0.22,0.217,alg3,0.15,0.0,0.0,0.15,abs_005_005,1000,2000,0.04149999999999998,0.3125,True,0.271,0.271,0.25,0.25,-0.20850000000000002,0.0625,0.0,0.0,0.271
rep0030,0.46,0.46,alg3,0.15,0.0,0.0,0.15,abs_005_005,1000,2000,0.19549999999999995,0.49949999999999994,True,0.304,0.304,0.428,0.428,-0.23250000000000004,0.07149999999999995,0.0,0.0,0.304
rep0031,0.77,0.77,alg3,0.15,0.0,0.0,0.15,abs_005_005,1000,2000,0.6769999999999999,1.037,True,0.36,0.32300000000000006,0.888,0.888,-0.21100000000000008,0.14900000000000002,0.0,0.0,0.3600000000000001
rep0032,0.50,0.496,alg3,0.15,0.0,0.0,0.15,abs_005_005,1000,2000,0.3530000000000001,0.6085,True,0.25549999999999995,0.25549999999999995,0.548,0.548,-0.19499999999999995,0.0605,0.0,0.0,0.25549999999999995
rep0033,0.74,0.74,alg3,0.15,0.0,0.0,0.15,abs_005_005,1000,2000,0.48150000000000004,0.7755,True,0.29399999999999993,0.29399999999999993,0.6855,0.6855,-0.20399999999999996,0.08999999999999997,0.0,0.0,0.29399999999999993
rep0034,0.32,0.324,alg3,0.15,0.0,0.0,0.15,abs_005_005,1000,2000,0.1690000000000001,0.44,True,0.2709999999999999,0.2709999999999999,0.3705,0.3705,-0.2014999999999999,0.0695,0.0,0.0,0.2709999999999999
rep0035,0.19,0.193,alg3,0.15,0.0,0.0,0.15,abs_005_005,1000,2000,0.07200000000000006,0.423,True,0.3509999999999999,0.3509999999999999,0.266,0.266,-0.19399999999999995,0.15699999999999997,0.0,0.0,0.3509999999999999
rep0036,0.38,0.381,alg3,0.15,0.0,0.0,0.15,abs_005_005,1000,2000,0.31549999999999995,0.6829999999999999,True,0.3675,0.3675,0.5055,0.5055,-0.19,0.1775,0.0,0.0,0.3675
rep0037,0.30,0.304,alg3,0.15,0.0,0.0,0.15,abs_005_005,1000,2000,0.09799999999999998,0.37,True,0.272,0.272,0.2825,0.2825,-0.1845,0.08750000000000002,0.0,0.0,0.272
rep0038,0.48,0.477,alg3,0.15,0.0,0.0,0.15,abs_005_005,1000,2000,0.614,0.9709999999999999,False,0.3569999999999999,0.3569999999999999,0.829,0.829,-0.21499999999999997,0.14199999999999996,0.0,0.0,0.35699999999999993
rep0039,0.66,0.662,alg3,0.15,0.0,0.0,0.15,abs_005_005,1000,2000,0.5680000000000001,0.8805000000000001,True,0.3125,0.3125,0.7375,0.7375,-0.16949999999999998,0.14300000000000002,0.0,0.0,0.3125
rep0040,0.48,0.482,alg3,0.15,0.0,0.0,0.15,abs_005_005,1000,2000,0.38900000000000007,0.6900000000000001,True,0.301,0.301,0.6125,0.6125,-0.22349999999999998,0.07750000000000001,0.0,0.0,0.301
rep0041,0.42,0.416,alg3,0.15,0.0,0.0,0.15,abs_005_005,1000,2000,0.16650000000000004,0.524,True,0.3575,0.3575,0.4255,0.4255,-0.25899999999999995,0.09850000000000003,0.0,0.0,0.3575
rep0042,0.24,0.236,alg3,0.15,0.0,0.0,0.15,abs_005_005,1000,2000,0.09250000000000003,0.474,True,0.38149999999999995,0.38149999999999995,0.3235,0.3235,-0.23099999999999998,0.15049999999999997,0.0,0.0,0.38149999999999995
rep0043,0.37,0.369,alg3,0.15,0.0,0.0,0.15,abs_005_005,1000,2000,0.17400000000000004,0.5465,True,0.37249999999999994,0.37249999999999994,0.4015,0.4015,-0.22749999999999998,0.14500000000000002,0.0,0.0,0.3725
rep0044,0.18,0.177,alg3,0.15,0.0,0.0,0.15,abs_005_005,1000,2000,-0.137,0.2250000000000001,True,0.3620000000000001,0.2250000000000001,0.126,0.126,-0.263,0.09900000000000009,0.0,0.0,0.3620000000000001
rep0045,0.18,0.178,alg3,0.15,0.0,0.0,0.15,abs_005_005,1000,2000,-0.14100000000000001,0.2054999999999999,True,0.3464999999999999,0.2054999999999999,0.107,0.107,-0.248,0.09849999999999992,0.0,0.0,0.3464999999999999
rep0046,0.34,0.345,alg3,0.15,0.0,0.0,0.15,abs_005_005,1000,2000,0.355,0.623,False,0.268,0.268,0.494,0.494,-0.139,0.129,0.0,0.0,0.268
rep0047,0.61,0.609,alg3,0.15,0.0,0.0,0.15,abs_005_005,1000,2000,0.5150000000000001,0.7715000000000001,True,0.25649999999999995,0.25649999999999995,0.687,0.687,-0.172,0.08449999999999999,0.0,0.0,0.25649999999999995
rep0048,0.36,0.361,alg3,0.15,0.0,0.0,0.15,abs_005_005,1000,2000,0.18749999999999994,0.5645,True,0.37700000000000006,0.37700000000000006,0.43,0.43,-0.24250000000000005,0.13449999999999995,0.0,0.0,0.377
rep0049,0.25,0.248,alg3,0.15,0.0,0.0,0.15,abs_005_005,1000,2000,0.07750000000000001,0.34249999999999997,True,0.26499999999999996,0.26499999999999996,0.252,0.252,-0.1745,0.09049999999999997,0.0,0.0,0.26499999999999996
rep0050,0.67,0.669,alg3,0.15,0.0,0.0,0.15,abs_005_005,1000,2000,0.572,0.9245,True,0.35250000000000004,0.35250000000000004,0.822,0.822,-0.25,0.10250000000000004,0.0,0.0,0.35250000000000004
rep0051,0.78,0.784,alg3,0.15,0.0,0.0,0.15,abs_005_005,1000,2000,0.657,0.9664999999999999,True,0.3094999999999999,0.3094999999999999,0.879,0.879,-0.22200000000000003,0.08749999999999997,0.0,0.0,0.3095
rep0052,0.62,0.619,alg3,0.15,0.0,0.0,0.15,abs_005_005,1000,2000,0.45150000000000007,0.7585000000000001,True,0.307,0.307,0.675,0.675,-0.22349999999999998,0.08349999999999999,0.0,0.0,0.30699999999999994
rep0053,0.64,0.64,alg3,0.15,0.0,0.0,0.15,abs_005_005,1000,2000,0.42399999999999993,0.752,True,0.32800000000000007,0.32800000000000007,0.6635,0.6635,-0.23950000000000005,0.08850000000000002,0.0,0.0,0.32800000000000007
rep0054,0.93,0.926,alg3,0.15,0.0,0.0,0.15,abs_005_005,1000,2000,0.5864999999999999,0.8819999999999999,False,0.2955,0.2955,0.7705,0.7705,-0.18400000000000005,0.11149999999999999,0.0,0.0,0.29550000000000004
rep0055,0.41,0.407,alg3,0.15,0.0,0.0,0.15,abs_005_005,1000,2000,0.41900000000000004,0.6784999999999999,False,0.25949999999999984,0.25949999999999984,0.587,0.587,-0.16799999999999993,0.09149999999999997,0.0,0.0,0.2594999999999999
rep0056,0.37,0.369,alg3,0.15,0.0,0.0,0.15,abs_005_005,1000,2000,0.252,0.601,True,0.349,0.349,0.441,0.441,-0.189,0.15999999999999998,0.0,0.0,0.349
rep0057,0.33,0.327,alg3,0.15,0.0,0.0,0.15,abs_005_005,1000,2000,0.126,0.44699999999999995,True,0.32099999999999995,0.32099999999999995,0.3135,0.3135,-0.1875,0.13349999999999995,0.0,0.0,0.32099999999999995
rep0058,0.36,0.362,alg3,0.15,0.0,0.0,0.15,abs_005_005,1000,2000,0.28200000000000003,0.5845,True,0.3025,0.3025,0.4275,0.4275,-0.14549999999999996,0.15699999999999997,0.0,0.0,0.30249999999999994
rep0059,0.81,0.807,alg3,0.15,0.0,0.0,0.15,abs_005_005,1000,2000,0.713,1.0585,True,0.34550000000000003,0.28700000000000003,0.9625,0.9625,-0.24950000000000006,0.09600000000000003,0.0,0.0,0.3455000000000001
rep0060,0.91,0.909,alg3,0.15,0.0,0.0,0.15,abs_005_005,1000,2000,0.745,1.024,True,0.279,0.255,0.953,0.953,-0.20799999999999996,0.07099999999999995,0.0,0.0,0.2789999999999999
rep0061,0.22,0.223,alg3,0.15,0.0,0.0,0.15,abs_005_005,1000,2000,0.14849999999999997,0.5195000000000001,True,0.3710000000000001,0.3710000000000001,0.3595,0.3595,-0.21100000000000002,0.16000000000000003,0.0,0.0,0.37100000000000005
rep0062,0.73,0.729,alg3,0.15,0.0,0.0,0.15,abs_005_005,1000,2000,0.5389999999999999,0.8795,True,0.3405,0.3405,0.7905,0.7905,-0.2515,0.08899999999999997,0.0,0.0,0.34049999999999997
rep0063,0.79,0.786,alg3,0.15,0.0,0.0,0.15,abs_005_005,1000,2000,0.579,0.8845000000000001,True,0.3055000000000001,0.3055000000000001,0.792,0.792,-0.21300000000000002,0.09249999999999997,0.0,0.0,0.3055
rep0064,0.82,0.816,alg3,0.15,0.0,0.0,0.15,abs_005_005,1000,2000,0.39350000000000007,0.6585,False,0.2649999999999999,0.2649999999999999,0.5785,0.5785,-0.18499999999999994,0.07999999999999999,0.0,0.0,0.2649999999999999
rep0065,0.29,0.292,alg3,0.15,0.0,0.0,0.15,abs_005_005,1000,2000,-0.038500000000000006,0.294,True,0.3325,0.294,0.2155,0.2155,-0.254,0.07849999999999999,0.0,0.0,0.3325
rep0066,0.22,0.219,alg3,0.15,0.0,0.0,0.15,abs_005_005,1000,2000,0.08000000000000002,0.371,True,0.291,0.291,0.299,0.299,-0.21899999999999997,0.07200000000000001,0.0,0.0,0.291
rep0067,0.73,0.734,alg3,0.15,0.0,0.0,0.15,abs_005_005,1000,2000,0.507,0.843,True,0.33599999999999997,0.33599999999999997,0.691,0.691,-0.18399999999999994,0.15199999999999997,0.0,0.0,0.3359999999999999
rep0068,0.61,0.613,alg3,0.15,0.0,0.0,0.15,abs_005_005,1000,2000,0.656,0.9480000000000001,False,0.29200000000000004,0.29200000000000004,0.863,0.863,-0.20699999999999996,0.08500000000000008,0.0,0.0,0.29200000000000004
rep0069,0.73,0.727,alg3,0.15,0.0,0.0,0.15,abs_005_005,1000,2000,0.5635,0.876,True,0.3125,0.3125,0.7805,0.7805,-0.21699999999999997,0.09550000000000003,0.0,0.0,0.3125
rep0070,0.36,0.361,alg3,0.15,0.0,0.0,0.15,abs_005_005,1000,2000,0.26399999999999996,0.536,True,0.2720000000000001,0.2720000000000001,0.452,0.452,-0.18800000000000006,0.08399999999999996,0.0,0.0,0.272
rep0071,0.61,0.615,alg3,0.15,0.0,0.0,0.15,abs_005_005,1000,2000,0.4125,0.7084999999999999,True,0.29599999999999993,0.29599999999999993,0.596,0.596,-0.1835,0.11249999999999999,0.0,0.0,0.296
rep0072,0.35,0.346,alg3,0.15,0.0,0.0,0.15,abs_005_005,1000,2000,0.20350000000000001,0.484,True,0.28049999999999997,0.28049999999999997,0.3985,0.3985,-0.195,0.08549999999999999,0.0,0.0,0.28049999999999997
rep0073,0.30,0.305,alg3,0.15,0.0,0.0,0.15,abs_005_005,1000,2000,0.09599999999999992,0.415,True,0.31900000000000006,0.31900000000000006,0.3475,0.3475,-0.25150000000000006,0.0675,0.0,0.0,0.31900000000000006
rep0074,0.91,0.914,alg3,0.15,0.0,0.0,0.15,abs_005_005,1000,2000,0.7695,1.0965,True,0.32700000000000007,0.23050000000000004,1.0,1.0,-0.23050000000000004,0.0965,0.0,0.0,0.32700000000000007
rep0075,0.34,0.335,alg3,0.15,0.0,0.0,0.15,abs_005_005,1000,2000,0.251,0.6255,True,0.37449999999999994,0.37449999999999994,0.494,0.494,-0.243,0.1315,0.0,0.0,0.3745
rep0076,0.70,0.703,alg3,0.15,0.0,0.0,0.15,abs_005_005,1000,2000,0.6175,0.9215000000000001,True,0.30400000000000005,0.30400000000000005,0.801,0.801,-0.1835,0.12050000000000005,0.0,0.0,0.30400000000000005
rep0077,0.22,0.217,alg3,0.15,0.0,0.0,0.15,abs_005_005,1000,2000,0.16249999999999992,0.506,True,0.3435000000000001,0.3435000000000001,0.3475,0.3475,-0.18500000000000005,0.15849999999999997,0.0,0.0,0.3435
rep0078,0.19,0.191,alg3,0.15,0.0,0.0,0.15,abs_005_005,1000,2000,-0.09400000000000003,0.22900000000000004,True,0.32300000000000006,0.22900000000000004,0.172,0.172,-0.266,0.05700000000000005,0.0,0.0,0.32300000000000006
rep0079,0.95,0.95,alg3,0.15,0.0,0.0,0.15,abs_005_005,1000,2000,0.7725,1.052,True,0.2795000000000001,0.22750000000000004,0.9435,0.9435,-0.17099999999999999,0.10850000000000004,0.0,0.0,0.2795
rep0080,0.73,0.73,alg3,0.15,0.0,0.0,0.15,abs_005_005,1000,2000,0.7675000000000001,1.051,False,0.28349999999999986,0.23249999999999993,1.0,1.0,-0.23249999999999998,0.05100000000000002,0.0,0.0,0.2835
rep0081,0.12,0.121,alg3,0.15,0.0,0.0,0.15,abs_005_005,1000,2000,0.020000000000000018,0.2675,True,0.2475,0.2475,0.1865,0.1865,-0.16649999999999998,0.08100000000000002,0.0,0.0,0.2475
rep0082,0.82,0.82,alg3,0.15,0.0,0.0,0.15,abs_005_005,1000,2000,0.7749999999999999,1.009,True,0.23399999999999999,0.2250000000000001,0.943,0.943,-0.16800000000000004,0.06599999999999995,0.0,0.0,0.23399999999999999
rep0083,0.07,0.068,alg3,0.15,0.0,0.0,0.15,abs_005_005,1000,2000,-0.18999999999999992,0.11700000000000002,True,0.30699999999999994,0.11700000000000002,0.0335,0.0335,-0.22349999999999992,0.08350000000000002,0.0,0.0,0.30699999999999994
rep0084,0.60,0.605,alg3,0.15,0.0,0.0,0.15,abs_005_005,1000,2000,0.36150000000000004,0.6685,True,0.30699999999999994,0.30699999999999994,0.589,0.589,-0.22749999999999992,0.07950000000000002,0.0,0.0,0.30699999999999994
rep0085,0.30,0.296,alg3,0.15,0.0,0.0,0.15,abs_005_005,1000,2000,0.04000000000000009,0.3555000000000001,True,0.3155,0.3155,0.2455,0.2455,-0.2054999999999999,0.1100000000000001,0.0,0.0,0.3155
rep0086,0.23,0.23,alg3,0.15,0.0,0.0,0.15,abs_005_005,1000,2000,0.04099999999999998,0.417,True,0.376,0.376,0.252,0.252,-0.21100000000000002,0.16499999999999998,0.0,0.0,0.376
rep0087,0.61,0.612,alg3,0.15,0.0,0.0,0.15,abs_005_005,1000,2000,0.482,0.7939999999999999,True,0.31199999999999994,0.31199999999999994,0.6635,0.6635,-0.1815,0.13049999999999998,0.0,0.0,0.31199999999999994
rep0088,0.77,0.774,alg3,0.15,0.0,0.0,0.15,abs_005_005,1000,2000,0.681,0.927,True,0.246,0.246,0.8615,0.8615,-0.18050000000000005,0.0655,0.0,0.0,0.24600000000000005
rep0089,0.57,0.57,alg3,0.15,0.0,0.0,0.15,abs_005_005,1000,2000,0.281,0.587,True,0.30599999999999994,0.30599999999999994,0.449,0.449,-0.168,0.138,0.0,0.0,0.30600000000000005
rep0090,0.92,0.916,alg3,0.15,0.0,0.0,0.15,abs_005_005,1000,2000,0.808,1.097,True,0.2889999999999999,0.19199999999999995,1.0,1.0,-0.19199999999999995,0.09700000000000003,0.0,0.0,0.289
rep0091,0.84,0.841,alg3,0.15,0.0,0.0,0.15,abs_005_005,1000,2000,0.576,0.865,True,0.28900000000000003,0.28900000000000003,0.8065,0.8065,-0.23050000000000004,0.058499999999999996,0.0,0.0,0.28900000000000003
rep0092,0.28,0.276,alg3,0.15,0.0,0.0,0.15,abs_005_005,1000,2000,0.273,0.5395,True,0.26649999999999996,0.26649999999999996,0.4505,0.4505,-0.1775,0.089,0.0,0.0,0.26649999999999996
rep0093,0.65,0.654,alg3,0.15,0.0,0.0,0.15,abs_005_005,1000,2000,0.475,0.742,True,0.267,0.267,0.6375,0.6375,-0.16249999999999998,0.10450000000000004,0.0,0.0,0.267
rep0094,0.72,0.725,alg3,0.15,0.0,0.0,0.15,abs_005_005,1000,2000,0.7075,1.024,True,0.3165,0.2925,0.923,0.923,-0.21550000000000002,0.10100000000000003,0.0,0.0,0.31650000000000006
rep0095,0.18,0.185,alg3,0.15,0.0,0.0,0.15,abs_005_005,1000,2000,0.16250000000000003,0.496,True,0.33349999999999996,0.33349999999999996,0.3385,0.3385,-0.176,0.15749999999999997,0.0,0.0,0.33349999999999996
rep0096,0.60,0.597,alg3,0.15,0.0,0.0,0.15,abs_005_005,1000,2000,0.3385,0.6950000000000001,True,0.35650000000000004,0.35650000000000004,0.5805,0.5805,-0.242,0.11450000000000005,0.0,0.0,0.35650000000000004
rep0097,0.59,0.589,alg3,0.15,0.0,0.0,0.15,abs_005_005,1000,2000,0.39849999999999997,0.6869999999999999,True,0.2885,0.2885,0.586,0.586,-0.1875,0.10099999999999998,0.0,0.0,0.2885
rep0098,0.46,0.462,alg3,0.15,0.0,0.0,0.15,abs_005_005,1000,2000,0.5219999999999999,0.8195,False,0.2975000000000001,0.2975000000000001,0.6995,0.6995,-0.1775000000000001,0.12,0.0,0.0,0.2975000000000001
rep0099,0.47,0.468,alg3,0.15,0.0,0.0,0.15,abs_005_005,1000,2000,0.312,0.5765,True,0.2645,0.2645,0.5095,0.5095,-0.19749999999999995,0.067,0.0,0.0,0.26449999999999996
rep0100,0.24,0.237,alg3,0.15,0.0,0.0,0.15,abs_005_005,1000,2000,0.129,0.416,True,0.287,0.287,0.351,0.351,-0.22199999999999998,0.065,0.0,0.0,0.287
rep0101,0.16,0.159,alg3,0.15,0.0,0.0,0.15,abs_005_005,1000,2000,0.06800000000000003,0.386,True,0.31799999999999995,0.31799999999999995,0.2195,0.2195,-0.15149999999999997,0.16650000000000004,0.0,0.0,0.318
rep0102,0.35,0.35,alg3,0.15,0.0,0.0,0.15,abs_005_005,1000,2000,0.323,0.6215,True,0.29850000000000004,0.29850000000000004,0.539,0.539,-0.21600000000000003,0.08250000000000002,0.0,0.0,0.29850000000000004
rep0103,0.52,0.52,alg3,0.15,0.0,0.0,0.15,abs_005_005,1000,2000,0.3430000000000001,0.617,True,0.2739999999999999,0.2739999999999999,0.513,0.513,-0.16999999999999993,0.10399999999999998,0.0,0.0,0.2739999999999999
rep0104,0.72,0.721,alg3,0.15,0.0,0.0,0.15,abs_005_005,1000,2000,0.5065,0.8724999999999999,True,0.366,0.366,0.7575,0.7575,-0.251,0.115,0.0,0.0,0.366
rep0105,0.55,0.546,alg3,0.15,0.0,0.0,0.15,abs_005_005,1000,2000,0.41150000000000003,0.7005,True,0.289,0.289,0.5945,0.5945,-0.183,0.10599999999999998,0.0,0.0,0.289
rep0106,0.37,0.37,alg3,0.15,0.0,0.0,0.15,abs_005_005,1000,2000,0.01100000000000001,0.34099999999999997,False,0.32999999999999996,0.32999999999999996,0.262,0.262,-0.251,0.07899999999999996,0.0,0.0,0.32999999999999996
rep0107,0.27,0.274,alg3,0.15,0.0,0.0,0.15,abs_005_005,1000,2000,0.4,0.6715,False,0.27149999999999996,0.27149999999999996,0.56,0.56,-0.16000000000000003,0.11149999999999999,0.0,0.0,0.2715
rep0108,0.45,0.451,alg3,0.15,0.0,0.0,0.15,abs_005_005,1000,2000,0.3395,0.5995,True,0.26,0.26,0.491,0.491,-0.15149999999999997,0.10850000000000004,0.0,0.0,0.26
rep0109,0.39,0.393,alg3,0.15,0.0,0.0,0.15,abs_005_005,1000,2000,0.31599999999999995,0.6034999999999999,True,0.2875,0.2875,0.486,0.486,-0.17000000000000004,0.11749999999999994,0.0,0.0,0.2875
rep0110,0.80,0.802,alg3,0.15,0.0,0.0,0.15,abs_005_005,1000,2000,0.7085000000000001,1.037,True,0.3284999999999998,0.29149999999999987,0.931,0.931,-0.22249999999999998,0.10599999999999998,0.0,0.0,0.32849999999999996
rep0111,0.13,0.129,alg3,0.15,0.0,0.0,0.15,abs_005_005,1000,2000,0.07799999999999993,0.33100000000000007,True,0.2530000000000001,0.2530000000000001,0.2245,0.2245,-0.14650000000000007,0.10650000000000004,0.0,0.0,0.2530000000000001
rep0112,0.38,0.375,alg3,0.15,0.0,0.0,0.15,abs_005_005,1000,2000,0.14650000000000002,0.442,True,0.2955,0.2955,0.3495,0.3495,-0.20299999999999996,0.09250000000000003,0.0,0.0,0.2955
rep0113,0.63,0.63,alg3,0.15,0.0,0.0,0.15,abs_005_005,1000,2000,0.5955,0.893,True,0.2975,0.2975,0.8195,0.8195,-0.22399999999999998,0.07350000000000001,0.0,0.0,0.2975
rep0114,0.23,0.229,alg3,0.15,0.0,0.0,0.15,abs_005_005,1000,2000,0.28750000000000003,0.5995,False,0.312,0.312,0.4685,0.4685,-0.181,0.131,0.0,0.0,0.312
rep0115,0.55,0.551,alg3,0.15,0.0,0.0,0.15,abs_005_005,1000,2000,0.3264999999999999,0.6859999999999999,True,0.35950000000000004,0.35950000000000004,0.5285,0.5285,-0.20200000000000004,0.15749999999999997,0.0,0.0,0.35950000000000004
rep0116,0.53,0.525,alg3,0.15,0.0,0.0,0.15,abs_005_005,1000,2000,0.3275,0.6685,True,0.34099999999999997,0.34099999999999997,0.572,0.572,-0.24449999999999994,0.09650000000000003,0.0,0.0,0.34099999999999997
rep0117,0.17,0.174,alg3,0.15,0.0,0.0,0.15,abs_005_005,1000,2000,-0.1465,0.19,True,0.3365,0.19,0.0885,0.0885,-0.235,0.1015,0.0,0.0,0.3365
rep0118,0.43,0.434,alg3,0.15,0.0,0.0,0.15,abs_005_005,1000,2000,0.43600000000000005,0.7105,False,0.27449999999999997,0.27449999999999997,0.5995,0.5995,-0.16349999999999998,0.11099999999999999,0.0,0.0,0.27449999999999997
rep0119,0.28,0.283,alg3,0.15,0.0,0.0,0.15,abs_005_005,1000,2000,0.15150000000000002,0.40850000000000003,True,0.257,0.257,0.335,0.335,-0.1835,0.07350000000000001,0.0,0.0,0.257
rep0120,0.60,0.597,alg3,0.15,0.0,0.0,0.15,abs_005_005,1000,2000,0.642,0.9245,False,0.2825,0.2825,0.8135,0.8135,-0.17149999999999999,0.11099999999999999,0.0,0.0,0.2825
rep0121,0.26,0.256,alg3,0.15,0.0,0.0,0.15,abs_005_005,1000,2000,0.02699999999999997,0.28200000000000003,True,0.25500000000000006,0.25500000000000006,0.2035,0.2035,-0.17650000000000002,0.07850000000000001,0.0,0.0,0.255
rep0122,0.08,0.08,alg3,0.15,0.0,0.0,0.15,abs_005_005,1000,2000,-0.03799999999999998,0.295,True,0.33299999999999996,0.295,0.19,0.19,-0.22799999999999998,0.10499999999999998,0.0,0.0,0.33299999999999996
rep0123,0.51,0.507,alg3,0.15,0.0,0.0,0.15,abs_005_005,1000,2000,0.554,0.8525,False,0.2985,0.2985,0.747,0.747,-0.193,0.10550000000000004,0.0,0.0,0.29850000000000004
rep0124,0.70,0.699,alg3,0.15,0.0,0.0,0.15,abs_005_005,1000,2000,0.6139999999999999,0.8835,True,0.2695000000000001,0.2695000000000001,0.82,0.82,-0.20600000000000002,0.0635,0.0,0.0,0.2695
rep0125,0.44,0.443,alg3,0.15,0.0,0.0,0.15,abs_005_005,1000,2000,0.2935,0.55,True,0.25650000000000006,0.25650000000000006,0.461,0.461,-0.16750000000000004,0.08899999999999997,0.0,0.0,0.2565
rep0126,0.44,0.439,alg3,0.15,0.0,0.0,0.15,abs_005_005,1000,2000,0.1755,0.4610000000000001,True,0.2855000000000001,0.2855000000000001,0.3395,0.3395,-0.16400000000000003,0.12150000000000005,0.0,0.0,0.2855000000000001
rep0127,0.59,0.589,alg3,0.15,0.0,0.0,0.15,abs_005_005,1000,2000,0.4505,0.7935,True,0.34299999999999997,0.34299999999999997,0.642,0.642,-0.1915,0.15149999999999997,0.0,0.0,0.34299999999999997
rep0128,0.53,0.526,alg3,0.15,0.0,0.0,0.15,abs_005_005,1000,2000,0.486,0.73,True,0.244,0.244,0.635,0.635,-0.14900000000000002,0.09500000000000003,0.0,0.0,0.24400000000000005
rep0129,0.78,0.777,alg3,0.15,0.0,0.0,0.15,abs_005_005,1000,2000,0.5675000000000001,0.8350000000000001,True,0.26749999999999996,0.26749999999999996,0.762,0.762,-0.19449999999999995,0.07300000000000006,0.0,0.0,0.2675
rep0130,0.79,0.794,alg3,0.15,0.0,0.0,0.15,abs_005_005,1000,2000,0.631,0.9315,True,0.3005,0.3005,0.7855,0.7855,-0.15449999999999997,0.14600000000000002,0.0,0.0,0.3005
rep0131,0.52,0.523,alg3,0.15,0.0,0.0,0.15,abs_005_005,1000,2000,0.5000000000000001,0.8,True,0.29999999999999993,0.29999999999999993,0.7145,0.7145,-0.2144999999999999,0.08550000000000002,0.0,0.0,0.29999999999999993
rep0132,0.83,0.834,alg3,0.15,0.0,0.0,0.15,abs_005_005,1000,2000,0.5985,0.8449999999999999,True,0.24649999999999983,0.24649999999999983,0.7725,0.7725,-0.174,0.0724999999999999,0.0,0.0,0.24649999999999989
rep0133,0.83,0.832,alg3,0.15,0.0,0.0,0.15,abs_005_005,1000,2000,0.606,0.891,True,0.28500000000000003,0.28500000000000003,0.8195,0.8195,-0.21350000000000002,0.07150000000000001,0.0,0.0,0.28500000000000003
rep0134,0.84,0.84,alg3,0.15,0.0,0.0,0.15,abs_005_005,1000,2000,0.5784999999999999,0.8044999999999999,False,0.22599999999999998,0.22599999999999998,0.7685,0.7685,-0.19000000000000006,0.03599999999999992,0.0,0.0,0.22599999999999998
rep0135,0.86,0.858,alg3,0.15,0.0,0.0,0.15,abs_005_005,1000,2000,0.6114999999999999,0.881,True,0.2695000000000001,0.2695000000000001,0.828,0.828,-0.21650000000000003,0.05299999999999999,0.0,0.0,0.2695
rep0136,0.55,0.552,alg3,0.15,0.0,0.0,0.15,abs_005_005,1000,2000,0.45650000000000013,0.7460000000000001,True,0.2895,0.2895,0.672,0.672,-0.2154999999999999,0.07400000000000007,0.0,0.0,0.2895
rep0137,0.88,0.882,alg3,0.15,0.0,0.0,0.15,abs_005_005,1000,2000,0.7905,1.124,True,0.33350000000000013,0.20950000000000002,1.0,1.0,-0.20950000000000002,0.124,0.0,0.0,0.3335
rep0138,0.67,0.669,alg3,0.15,0.0,0.0,0.15,abs_005_005,1000,2000,0.48,0.7650000000000001,True,0.28500000000000014,0.28500000000000014,0.685,0.685,-0.20500000000000007,0.08000000000000002,0.0,0.0,0.2850000000000001
rep0139,0.56,0.557,alg3,0.15,0.0,0.0,0.15,abs_005_005,1000,2000,0.5105,0.8105,True,0.30000000000000004,0.30000000000000004,0.7065,0.7065,-0.196,0.10399999999999998,0.0,0.0,0.3
rep0140,0.62,0.623,alg3,0.15,0.0,0.0,0.15,abs_005_005,1000,2000,0.492,0.8135,True,0.3215,0.3215,0.6945,0.6945,-0.2025,0.119,0.0,0.0,0.3215
rep0141,0.28,0.283,alg3,0.15,0.0,0.0,0.15,abs_005_005,1000,2000,0.18949999999999995,0.5565,True,0.36700000000000005,0.36700000000000005,0.46,0.46,-0.2705000000000001,0.09649999999999997,0.0,0.0,0.36700000000000005
rep0142,0.88,0.876,alg3,0.15,0.0,0.0,0.15,abs_005_005,1000,2000,0.6864999999999999,1.0554999999999999,True,0.369,0.3135000000000001,0.8975,0.8975,-0.21100000000000008,0.15800000000000003,0.0,0.0,0.3690000000000001
rep0143,0.38,0.378,alg3,0.15,0.0,0.0,0.15,abs_005_005,1000,2000,0.3,0.6,True,0.3,0.3,0.4465,0.4465,-0.14650000000000002,0.15349999999999997,0.0,0.0,0.3
rep0144,0.33,0.325,alg3,0.15,0.0,0.0,0.15,abs_005_005,1000,2000,0.33199999999999996,0.5925,False,0.26050000000000006,0.26050000000000006,0.511,0.511,-0.17900000000000005,0.08149999999999996,0.0,0.0,0.2605
rep0145,0.59,0.587,alg3,0.15,0.0,0.0,0.15,abs_005_005,1000,2000,0.526,0.8545,True,0.3285,0.3285,0.7755,0.7755,-0.24949999999999994,0.07900000000000001,0.0,0.0,0.32849999999999996
rep0146,0.67,0.668,alg3,0.15,0.0,0.0,0.15,abs_005_005,1000,2000,0.559,0.8480000000000001,True,0.28900000000000003,0.28900000000000003,0.7165,0.7165,-0.15749999999999997,0.1315,0.0,0.0,0.289
rep0147,0.60,0.598,alg3,0.15,0.0,0.0,0.15,abs_005_005,1000,2000,0.48149999999999993,0.7985,True,0.31700000000000006,0.31700000000000006,0.6765,0.6765,-0.19500000000000003,0.122,0.0,0.0,0.31700000000000006
rep0148,0.06,0.057,alg3,0.15,0.0,0.0,0.15,abs_005_005,1000,2000,-0.022499999999999964,0.298,True,0.32049999999999995,0.298,0.1905,0.1905,-0.21299999999999997,0.10749999999999998,0.0,0.0,0.32049999999999995
rep0149,0.59,0.589,alg3,0.15,0.0,0.0,0.15,abs_005_005,1000,2000,0.49649999999999994,0.8069999999999999,True,0.3105,0.3105,0.6335,0.6335,-0.137,0.1735,0.0,0.0,0.3105
rep0150,0.52,0.515,alg3,0.15,0.0,0.0,0.15,abs_005_005,1000,2000,0.32799999999999996,0.615,True,0.28700000000000003,0.28700000000000003,0.5305,0.5305,-0.2025,0.08450000000000002,0.0,0.0,0.28700000000000003
rep0151,0.53,0.53,alg3,0.15,0.0,0.0,0.15,abs_005_005,1000,2000,0.4059999999999999,0.78,True,0.3740000000000001,0.3740000000000001,0.6625,0.6625,-0.25650000000000006,0.1175,0.0,0.0,0.37400000000000005
rep0152,0.09,0.094,alg3,0.15,0.0,0.0,0.15,abs_005_005,1000,2000,0.07550000000000001,0.2995,True,0.22399999999999998,0.22399999999999998,0.2005,0.2005,-0.125,0.099,0.0,0.0,0.224
rep0153,0.46,0.463,alg3,0.15,0.0,0.0,0.15,abs_005_005,1000,2000,0.2320000000000001,0.5095000000000001,True,0.27749999999999997,0.27749999999999997,0.396,0.396,-0.16399999999999992,0.11350000000000005,0.0,0.0,0.27749999999999997
rep0154,0.38,0.376,alg3,0.15,0.0,0.0,0.15,abs_005_005,1000,2000,0.24349999999999994,0.6765,True,0.43300000000000005,0.43300000000000005,0.4835,0.4835,-0.24000000000000005,0.193,0.0,0.0,0.43300000000000005
rep0155,0.69,0.685,alg3,0.15,0.0,0.0,0.15,abs_005_005,1000,2000,0.642,0.8905000000000001,True,0.24850000000000005,0.24850000000000005,0.8245,0.8245,-0.1825,0.066,0.0,0.0,0.2485
rep0156,0.13,0.129,alg3,0.15,0.0,0.0,0.15,abs_005_005,1000,2000,-0.03849999999999998,0.324,True,0.3625,0.324,0.1375,0.1375,-0.176,0.1865,0.0,0.0,0.3625
rep0157,0.58,0.585,alg3,0.15,0.0,0.0,0.15,abs_005_005,1000,2000,0.5315000000000001,0.8680000000000001,True,0.3365,0.3365,0.7465,0.7465,-0.21499999999999997,0.12150000000000005,0.0,0.0,0.3365
rep0158,0.58,0.582,alg3,0.15,0.0,0.0,0.15,abs_005_005,1000,2000,0.457,0.735,True,0.27799999999999997,0.27799999999999997,0.6115,0.6115,-0.15450000000000003,0.12349999999999994,0.0,0.0,0.27799999999999997
rep0159,0.63,0.628,alg3,0.15,0.0,0.0,0.15,abs_005_005,1000,2000,0.53,0.8175000000000001,True,0.2875000000000001,0.2875000000000001,0.7425,0.7425,-0.21250000000000002,0.07500000000000007,0.0,0.0,0.2875000000000001
rep0160,0.75,0.75,alg3,0.15,0.0,0.0,0.15,abs_005_005,1000,2000,0.48550000000000004,0.745,False,0.25949999999999995,0.25949999999999995,0.656,0.656,-0.1705,0.08899999999999997,0.0,0.0,0.25949999999999995
rep0161,0.01,0.01,alg3,0.15,0.0,0.0,0.15,abs_005_005,1000,2000,-0.15899999999999997,0.14400000000000002,True,0.303,0.14400000000000002,0.0,0.0,-0.15899999999999997,0.14400000000000002,0.0,0.0,0.303
rep0162,0.60,0.596,alg3,0.15,0.0,0.0,0.15,abs_005_005,1000,2000,0.44999999999999996,0.8445,True,0.3945000000000001,0.3945000000000001,0.6875,0.6875,-0.23750000000000004,0.157,0.0,0.0,0.3945000000000001
rep0163,0.19,0.191,alg3,0.15,0.0,0.0,0.15,abs_005_005,1000,2000,0.07650000000000001,0.315,True,0.2385,0.2385,0.2475,0.2475,-0.17099999999999999,0.0675,0.0,0.0,0.2385
rep0164,0.12,0.122,alg3,0.15,0.0,0.0,0.15,abs_005_005,1000,2000,-0.10600000000000002,0.22799999999999998,True,0.334,0.22799999999999998,0.116,0.116,-0.22200000000000003,0.11199999999999999,0.0,0.0,0.334
rep0165,0.35,0.355,alg3,0.15,0.0,0.0,0.15,abs_005_005,1000,2000,0.2645,0.5369999999999999,True,0.2724999999999999,0.2724999999999999,0.4805,0.4805,-0.21599999999999997,0.056499999999999995,0.0,0.0,0.27249999999999996
rep0166,0.37,0.366,alg3,0.15,0.0,0.0,0.15,abs_005_005,1000,2000,0.381,0.644,False,0.263,0.263,0.5815,0.5815,-0.2005,0.0625,0.0,0.0,0.263
rep0167,0.81,0.815,alg3,0.15,0.0,0.0,0.15,abs_005_005,1000,2000,0.451,0.789,False,0.338,0.338,0.6895,0.6895,-0.2385,0.09950000000000003,0.0,0.0,0.338
rep0168,0.72,0.717,alg3,0.15,0.0,0.0,0.15,abs_005_005,1000,2000,0.562,0.903,True,0.34099999999999997,0.34099999999999997,0.8235,0.8235,-0.26149999999999995,0.07950000000000002,0.0,0.0,0.34099999999999997
rep0169,0.50,0.504,alg3,0.15,0.0,0.0,0.15,abs_005_005,1000,2000,0.32749999999999996,0.718,True,0.3905,0.3905,0.58,0.58,-0.2525,0.138,0.0,0.0,0.3905
rep0170,0.71,0.707,alg3,0.15,0.0,0.0,0.15,abs_005_005,1000,2000,0.616,0.9305000000000001,True,0.3145000000000001,0.3145000000000001,0.8355,0.8355,-0.21950000000000003,0.09500000000000008,0.0,0.0,0.3145000000000001
rep0171,0.56,0.559,alg3,0.15,0.0,0.0,0.15,abs_005_005,1000,2000,0.501,0.786,True,0.28500000000000003,0.28500000000000003,0.7105,0.7105,-0.20950000000000002,0.07550000000000001,0.0,0.0,0.28500000000000003
rep0172,0.28,0.278,alg3,0.15,0.0,0.0,0.15,abs_005_005,1000,2000,0.028000000000000025,0.36649999999999994,True,0.3384999999999999,0.3384999999999999,0.2225,0.2225,-0.19449999999999998,0.1439999999999999,0.0,0.0,0.3384999999999999
rep0173,0.72,0.717,alg3,0.15,0.0,0.0,0.15,abs_005_005,1000,2000,0.542,0.8765000000000001,True,0.3345,0.3345,0.7385,0.7385,-0.1965,0.13799999999999996,0.0,0.0,0.33449999999999996
rep0174,0.81,0.813,alg3,0.15,0.0,0.0,0.15,abs_005_005,1000,2000,0.773,1.1099999999999999,True,0.33699999999999986,0.22699999999999998,0.986,0.986,-0.21299999999999997,0.124,0.0,0.0,0.33699999999999997
rep0175,0.67,0.666,alg3,0.15,0.0,0.0,0.15,abs_005_005,1000,2000,0.359,0.6465,False,0.2875,0.2875,0.5245,0.5245,-0.16549999999999998,0.12200000000000001,0.0,0.0,0.2875
rep0176,0.49,0.492,alg3,0.15,0.0,0.0,0.15,abs_005_005,1000,2000,0.20600000000000002,0.6285000000000001,True,0.42250000000000004,0.42250000000000004,0.42,0.42,-0.21399999999999997,0.20850000000000002,0.0,0.0,0.4225
rep0177,0.40,0.396,alg3,0.15,0.0,0.0,0.15,abs_005_005,1000,2000,0.3285,0.598,True,0.26949999999999996,0.26949999999999996,0.5205,0.5205,-0.19199999999999995,0.07750000000000001,0.0,0.0,0.26949999999999996
rep0178,0.55,0.55,alg3,0.15,0.0,0.0,0.15,abs_005_005,1000,2000,0.5685,0.8105,False,0.242,0.242,0.7335,0.7335,-0.16500000000000004,0.07700000000000001,0.0,0.0,0.24200000000000005
rep0179,0.23,0.227,alg3,0.15,0.0,0.0,0.15,abs_005_005,1000,2000,0.02150000000000002,0.36550000000000005,True,0.34400000000000003,0.34400000000000003,0.223,0.223,-0.20149999999999998,0.14250000000000002,0.0,0.0,0.344
rep0180,0.23,0.228,alg3,0.15,0.0,0.0,0.15,abs_005_005,1000,2000,0.20049999999999996,0.46799999999999997,True,0.2675,0.2675,0.3485,0.3485,-0.14800000000000002,0.1195,0.0,0.0,0.2675
rep0181,0.82,0.821,alg3,0.15,0.0,0.0,0.15,abs_005_005,1000,2000,0.6204999999999999,0.8879999999999999,True,0.26749999999999996,0.26749999999999996,0.822,0.822,-0.2015,0.066,0.0,0.0,0.2675
rep0182,0.20,0.201,alg3,0.15,0.0,0.0,0.15,abs_005_005,1000,2000,0.0615,0.4425,True,0.381,0.381,0.276,0.276,-0.21450000000000002,0.16649999999999998,0.0,0.0,0.381
rep0183,0.37,0.37,alg3,0.15,0.0,0.0,0.15,abs_005_005,1000,2000,0.27049999999999996,0.5505,True,0.28,0.28,0.4635,0.4635,-0.19300000000000006,0.08699999999999997,0.0,0.0,0.28
rep0184,0.73,0.734,alg3,0.15,0.0,0.0,0.15,abs_005_005,1000,2000,0.5920000000000001,0.9149999999999999,True,0.32299999999999984,0.32299999999999984,0.8025,0.8025,-0.21049999999999996,0.11249999999999993,0.0,0.0,0.3229999999999999
rep0185,0.10,0.103,alg3,0.15,0.0,0.0,0.15,abs_005_005,1000,2000,-0.0995,0.22549999999999998,True,0.32499999999999996,0.22549999999999998,0.097,0.097,-0.1965,0.12849999999999998,0.0,0.0,0.32499999999999996
rep0186,0.68,0.682,alg3,0.15,0.0,0.0,0.15,abs_005_005,1000,2000,0.718,0.946,False,0.22799999999999998,0.22799999999999998,0.865,0.865,-0.14700000000000002,0.08099999999999996,0.0,0.0,0.22799999999999998
rep0187,0.80,0.795,alg3,0.15,0.0,0.0,0.15,abs_005_005,1000,2000,0.532,0.876,True,0.344,0.344,0.762,0.762,-0.22999999999999998,0.11399999999999999,0.0,0.0,0.344
rep0188,0.89,0.888,alg3,0.15,0.0,0.0,0.15,abs_005_005,1000,2000,0.691,0.9119999999999999,True,0.22099999999999997,0.22099999999999997,0.845,0.845,-0.15400000000000003,0.06699999999999998,0.0,0.0,0.221
rep0189,0.67,0.674,alg3,0.15,0.0,0.0,0.15,abs_005_005,1000,2000,0.663,0.9325,True,0.26949999999999996,0.26949999999999996,0.867,0.867,-0.20399999999999996,0.0655,0.0,0.0,0.26949999999999996
rep0190,0.38,0.38,alg3,0.15,0.0,0.0,0.15,abs_005_005,1000,2000,0.3224999999999999,0.6525,True,0.33000000000000007,0.33000000000000007,0.5015,0.5015,-0.17900000000000005,0.15100000000000002,0.0,0.0,0.33000000000000007
rep0191,0.27,0.272,alg3,0.15,0.0,0.0,0.15,abs_005_005,1000,2000,0.2395,0.5800000000000001,True,0.3405000000000001,0.3405000000000001,0.438,0.438,-0.1985,0.14200000000000002,0.0,0.0,0.3405
rep0192,0.25,0.25,alg3,0.15,0.0,0.0,0.15,abs_005_005,1000,2000,0.14449999999999996,0.4645,True,0.32000000000000006,0.32000000000000006,0.351,0.351,-0.20650000000000002,0.11350000000000005,0.0,0.0,0.32000000000000006
rep0193,0.12,0.121,alg3,0.15,0.0,0.0,0.15,abs_005_005,1000,2000,-0.16750000000000004,0.10949999999999999,False,0.277,0.10949999999999999,0.0,0.0,-0.16750000000000004,0.10949999999999999,0.0,0.0,0.277
rep0194,0.62,0.62,alg3,0.15,0.0,0.0,0.15,abs_005_005,1000,2000,0.4109999999999999,0.724,True,0.31300000000000006,0.31300000000000006,0.568,0.568,-0.15700000000000003,0.15600000000000003,0.0,0.0,0.31300000000000006
rep0195,0.11,0.109,alg3,0.15,0.0,0.0,0.15,abs_005_005,1000,2000,-0.07300000000000001,0.19649999999999995,True,0.26949999999999996,0.19649999999999995,0.121,0.121,-0.194,0.07549999999999996,0.0,0.0,0.26949999999999996
rep0196,0.12,0.117,alg3,0.15,0.0,0.0,0.15,abs_005_005,1000,2000,-0.11449999999999995,0.1670000000000001,True,0.28150000000000003,0.1670000000000001,0.078,0.078,-0.19249999999999995,0.08900000000000008,0.0,0.0,0.28150000000000003
rep0197,0.81,0.812,alg3,0.15,0.0,0.0,0.15,abs_005_005,1000,2000,0.7360000000000001,1.017,True,0.2809999999999998,0.2639999999999999,0.9425,0.9425,-0.2064999999999999,0.07450000000000001,0.0,0.0,0.2809999999999999
rep0198,0.72,0.716,alg3,0.15,0.0,0.0,0.15,abs_005_005,1000,2000,0.7195,0.998,False,0.27849999999999997,0.27849999999999997,0.936,0.936,-0.21650000000000003,0.062,0.0,0.0,0.2785
rep0199,0.37,0.367,alg3,0.15,0.0,0.0,0.15,abs_005_005,1000,2000,0.18699999999999997,0.5209999999999999,True,0.33399999999999996,0.33399999999999996,0.42,0.42,-0.233,0.10099999999999998,0.0,0.0,0.33399999999999996
rep0200,0.27,0.265,alg3,0.15,0.0,0.0,0.15,abs_005_005,1000,2000,0.18150000000000005,0.4720000000000001,True,0.29050000000000004,0.29050000000000004,0.3365,0.3365,-0.15499999999999997,0.13550000000000006,0.0,0.0,0.29050000000000004
rep0201,0.63,0.632,alg3,0.15,0.0,0.0,0.15,abs_005_005,1000,2000,0.44250000000000006,0.736,True,0.2934999999999999,0.2934999999999999,0.66,0.66,-0.21749999999999997,0.07600000000000001,0.0,0.0,0.2935
rep0202,0.27,0.272,alg3,0.15,0.0,0.0,0.15,abs_005_005,1000,2000,0.05350000000000005,0.46449999999999997,True,0.4109999999999999,0.4109999999999999,0.2635,0.2635,-0.20999999999999996,0.20099999999999996,0.0,0.0,0.4109999999999999
rep0203,0.13,0.129,alg3,0.15,0.0,0.0,0.15,abs_005_005,1000,2000,0.0665,0.368,True,0.3015,0.3015,0.2445,0.2445,-0.178,0.12350000000000001,0.0,0.0,0.3015
rep0204,0.41,0.41,alg3,0.15,0.0,0.0,0.15,abs_005_005,1000,2000,0.24949999999999994,0.5890000000000001,True,0.33950000000000014,0.33950000000000014,0.4385,0.4385,-0.18900000000000006,0.15050000000000008,0.0,0.0,0.33950000000000014
rep0205,0.78,0.778,alg3,0.15,0.0,0.0,0.15,abs_005_005,1000,2000,0.5435000000000001,0.8714999999999999,True,0.32799999999999985,0.32799999999999985,0.7315,0.7315,-0.18799999999999994,0.1399999999999999,0.0,0.0,0.32799999999999985
rep0206,0.66,0.66,alg3,0.15,0.0,0.0,0.15,abs_005_005,1000,2000,0.4565,0.7414999999999999,True,0.2849999999999999,0.2849999999999999,0.6645,0.6645,-0.20799999999999996,0.07699999999999996,0.0,0.0,0.2849999999999999
rep0207,0.49,0.493,alg3,0.15,0.0,0.0,0.15,abs_005_005,1000,2000,0.4594999999999999,0.759,True,0.2995000000000001,0.2995000000000001,0.6375,0.6375,-0.17800000000000005,0.12150000000000005,0.0,0.0,0.2995000000000001
rep0208,0.80,0.799,alg3,0.15,0.0,0.0,0.15,abs_005_005,1000,2000,0.5690000000000001,0.8375,True,0.26849999999999996,0.26849999999999996,0.7445,0.7445,-0.1755,0.09299999999999997,0.0,0.0,0.26849999999999996
rep0209,0.53,0.525,alg3,0.15,0.0,0.0,0.15,abs_005_005,1000,2000,0.3314999999999999,0.7275,True,0.39600000000000013,0.39600000000000013,0.591,0.591,-0.25950000000000006,0.13650000000000007,0.0,0.0,0.39600000000000013
rep0210,0.31,0.312,alg3,0.15,0.0,0.0,0.15,abs_005_005,1000,2000,0.148,0.406,True,0.258,0.258,0.3185,0.3185,-0.1705,0.08750000000000002,0.0,0.0,0.258
rep0211,0.62,0.618,alg3,0.15,0.0,0.0,0.15,abs_005_005,1000,2000,0.5464999999999999,0.7959999999999999,True,0.24950000000000006,0.24950000000000006,0.708,0.708,-0.1615000000000001,0.08799999999999997,0.0,0.0,0.24950000000000006
rep0212,0.98,0.976,alg3,0.15,0.0,0.0,0.15,abs_005_005,1000,2000,0.8155,1.143,True,0.3275,0.1845,1.0,1.0,-0.18450000000000003,0.14300000000000002,0.0,0.0,0.3275
rep0213,0.17,0.169,alg3,0.15,0.0,0.0,0.15,abs_005_005,1000,2000,-0.02149999999999999,0.2845,True,0.30599999999999994,0.2845,0.149,0.149,-0.17049999999999998,0.13549999999999995,0.0,0.0,0.30599999999999994
rep0214,0.67,0.672,alg3,0.15,0.0,0.0,0.15,abs_005_005,1000,2000,0.5509999999999999,0.8925,True,0.3415,0.3415,0.7535,0.7535,-0.2025,0.139,0.0,0.0,0.3415
rep0215,0.68,0.684,alg3,0.15,0.0,0.0,0.15,abs_005_005,1000,2000,0.4585000000000001,0.808,True,0.3495,0.3495,0.672,0.672,-0.21349999999999997,0.136,0.0,0.0,0.3495
rep0216,0.82,0.822,alg3,0.15,0.0,0.0,0.15,abs_005_005,1000,2000,0.714,1.1055000000000001,True,0.3915000000000002,0.28600000000000003,0.9505,0.9505,-0.2365,0.15500000000000003,0.0,0.0,0.3915
rep0217,0.71,0.706,alg3,0.15,0.0,0.0,0.15,abs_005_005,1000,2000,0.6030000000000001,0.956,True,0.35299999999999987,0.35299999999999987,0.812,0.812,-0.20899999999999996,0.14399999999999996,0.0,0.0,0.3529999999999999
rep0218,0.55,0.551,alg3,0.15,0.0,0.0,0.15,abs_005_005,1000,2000,0.08949999999999997,0.462,False,0.37250000000000005,0.37250000000000005,0.322,0.322,-0.23250000000000004,0.14,0.0,0.0,0.37250000000000005
rep0219,0.25,0.254,alg3,0.15,0.0,0.0,0.15,abs_005_005,1000,2000,0.26650000000000007,0.5585,False,0.2919999999999999,0.2919999999999999,0.4525,0.4525,-0.18599999999999994,0.10599999999999998,0.0,0.0,0.2919999999999999
rep0220,0.86,0.857,alg3,0.15,0.0,0.0,0.15,abs_005_005,1000,2000,0.7250000000000001,1.0250000000000001,True,0.30000000000000004,0.2749999999999999,0.928,0.928,-0.20299999999999996,0.097,0.0,0.0,0.29999999999999993
rep0221,0.29,0.286,alg3,0.15,0.0,0.0,0.15,abs_005_005,1000,2000,0.07150000000000001,0.3950000000000001,True,0.32350000000000007,0.32350000000000007,0.2575,0.2575,-0.186,0.13750000000000007,0.0,0.0,0.32350000000000007
rep0222,0.58,0.585,alg3,0.15,0.0,0.0,0.15,abs_005_005,1000,2000,0.561,0.8205,True,0.25949999999999995,0.25949999999999995,0.7465,0.7465,-0.1855,0.07400000000000001,0.0,0.0,0.2595
rep0223,0.15,0.155,alg3,0.15,0.0,0.0,0.15,abs_005_005,1000,2000,-0.008500000000000008,0.2975,True,0.306,0.2975,0.1735,0.1735,-0.182,0.12400000000000003,0.0,0.0,0.30600000000000005
rep0224,0.10,0.099,alg3,0.15,0.0,0.0,0.15,abs_005_005,1000,2000,-0.1805,0.10250000000000004,True,0.28300000000000003,0.10250000000000004,0.0,0.0,-0.1805,0.10250000000000004,0.0,0.0,0.28300000000000003
rep0225,0.29,0.294,alg3,0.15,0.0,0.0,0.15,abs_005_005,1000,2000,-0.11399999999999993,0.2265,False,0.3404999999999999,0.2265,0.1285,0.1285,-0.24249999999999994,0.098,0.0,0.0,0.3404999999999999
rep0226,0.27,0.271,alg3,0.15,0.0,0.0,0.15,abs_005_005,1000,2000,0.11099999999999999,0.40299999999999997,True,0.292,0.292,0.3015,0.3015,-0.1905,0.10149999999999998,0.0,0.0,0.292
rep0227,0.18,0.178,alg3,0.15,0.0,0.0,0.15,abs_005_005,1000,2000,0.11699999999999994,0.3525,True,0.23550000000000004,0.23550000000000004,0.296,0.296,-0.17900000000000005,0.056499999999999995,0.0,0.0,0.23550000000000004
rep0228,0.85,0.847,alg3,0.15,0.0,0.0,0.15,abs_005_005,1000,2000,0.664,1.0995,True,0.4354999999999999,0.33599999999999997,0.901,0.901,-0.237,0.1985,0.0,0.0,0.4355
rep0229,0.50,0.499,alg3,0.15,0.0,0.0,0.15,abs_005_005,1000,2000,0.2815,0.5585,True,0.277,0.277,0.4885,0.4885,-0.20700000000000002,0.07000000000000003,0.0,0.0,0.277
rep0230,0.38,0.38,alg3,0.15,0.0,0.0,0.15,abs_005_005,1000,2000,0.09500000000000003,0.456,True,0.361,0.361,0.3115,0.3115,-0.21649999999999997,0.14450000000000002,0.0,0.0,0.361
rep0231,0.52,0.521,alg3,0.15,0.0,0.0,0.15,abs_005_005,1000,2000,0.30150000000000005,0.567,True,0.2654999999999999,0.2654999999999999,0.494,0.494,-0.19249999999999995,0.07299999999999995,0.0,0.0,0.2654999999999999
rep0232,0.34,0.339,alg3,0.15,0.0,0.0,0.15,abs_005_005,1000,2000,0.08600000000000002,0.324,False,0.238,0.238,0.2395,0.2395,-0.15349999999999997,0.08450000000000002,0.0,0.0,0.238
rep0233,0.41,0.412,alg3,0.15,0.0,0.0,0.15,abs_005_005,1000,2000,0.3879999999999999,0.7035,True,0.3155000000000001,0.3155000000000001,0.599,0.599,-0.21100000000000008,0.10450000000000001,0.0,0.0,0.3155000000000001
rep0234,0.32,0.317,alg3,0.15,0.0,0.0,0.15,abs_005_005,1000,2000,0.26799999999999996,0.5915,True,0.32350000000000007,0.32350000000000007,0.4795,0.4795,-0.21150000000000002,0.11200000000000002,0.0,0.0,0.3235
rep0235,0.35,0.348,alg3,0.15,0.0,0.0,0.15,abs_005_005,1000,2000,0.09350000000000003,0.437,True,0.34349999999999997,0.34349999999999997,0.3275,0.3275,-0.23399999999999999,0.10949999999999999,0.0,0.0,0.34349999999999997
rep0236,0.54,0.543,alg3,0.15,0.0,0.0,0.15,abs_005_005,1000,2000,0.37850000000000006,0.6360000000000001,True,0.25750000000000006,0.25750000000000006,0.559,0.559,-0.1805,0.07700000000000001,0.0,0.0,0.2575
rep0237,0.32,0.323,alg3,0.15,0.0,0.0,0.15,abs_005_005,1000,2000,0.23449999999999993,0.5425,True,0.30800000000000005,0.30800000000000005,0.415,0.415,-0.18050000000000005,0.12749999999999997,0.0,0.0,0.30800000000000005
rep0238,0.70,0.704,alg3,0.15,0.0,0.0,0.15,abs_005_005,1000,2000,0.6715,0.9430000000000001,True,0.2715000000000001,0.2715000000000001,0.859,0.859,-0.1875,0.08400000000000002,0.0,0.0,0.2715
rep0239,0.64,0.636,alg3,0.15,0.0,0.0,0.15,abs_005_005,1000,2000,0.5565,0.8245000000000001,True,0.2680000000000001,0.2680000000000001,0.79,0.79,-0.23349999999999999,0.034500000000000086,0.0,0.0,0.26800000000000007
rep0240,0.24,0.239,alg3,0.15,0.0,0.0,0.15,abs_005_005,1000,2000,0.2425,0.514,False,0.2715,0.2715,0.404,0.404,-0.16150000000000003,0.10999999999999999,0.0,0.0,0.2715
rep0241,0.51,0.509,alg3,0.15,0.0,0.0,0.15,abs_005_005,1000,2000,0.616,0.887,False,0.271,0.271,0.8225,0.8225,-0.20650000000000002,0.0645,0.0,0.0,0.271
rep0242,0.33,0.334,alg3,0.15,0.0,0.0,0.15,abs_005_005,1000,2000,0.4644999999999999,0.6915,False,0.2270000000000001,0.2270000000000001,0.6385,0.6385,-0.17400000000000004,0.05300000000000002,0.0,0.0,0.22700000000000006
rep0243,0.25,0.253,alg3,0.15,0.0,0.0,0.15,abs_005_005,1000,2000,0.06250000000000006,0.48100000000000004,True,0.4185,0.4185,0.3145,0.3145,-0.25199999999999995,0.16650000000000004,0.0,0.0,0.4185
rep0244,0.75,0.748,alg3,0.15,0.0,0.0,0.15,abs_005_005,1000,2000,0.6355,0.9175,True,0.28200000000000003,0.28200000000000003,0.82,0.82,-0.1845,0.0975,0.0,0.0,0.28200000000000003
rep0245,0.49,0.489,alg3,0.15,0.0,0.0,0.15,abs_005_005,1000,2000,0.4564999999999999,0.821,True,0.36450000000000005,0.36450000000000005,0.69,0.69,-0.23350000000000004,0.13099999999999995,0.0,0.0,0.3645
rep0246,0.78,0.779,alg3,0.15,0.0,0.0,0.15,abs_005_005,1000,2000,0.7540000000000001,1.0205,True,0.26649999999999985,0.24599999999999989,0.929,0.929,-0.17499999999999993,0.09149999999999991,0.0,0.0,0.26649999999999985
rep0247,0.26,0.257,alg3,0.15,0.0,0.0,0.15,abs_005_005,1000,2000,0.004499999999999976,0.28049999999999997,True,0.276,0.276,0.211,0.211,-0.20650000000000002,0.0695,0.0,0.0,0.276
rep0248,0.67,0.665,alg3,0.15,0.0,0.0,0.15,abs_005_005,1000,2000,0.677,0.9450000000000001,False,0.268,0.268,0.8605,0.8605,-0.1835,0.08450000000000002,0.0,0.0,0.268
rep0249,0.98,0.982,alg3,0.15,0.0,0.0,0.15,abs_005_005,1000,2000,0.8005,1.096,True,0.2955000000000001,0.1995,0.966,0.966,-0.16549999999999998,0.13,0.0,0.0,0.2955
rep0250,0.61,0.612,alg3,0.15,0.0,0.0,0.15,abs_005_005,1000,2000,0.489,0.822,True,0.33299999999999996,0.33299999999999996,0.7005,0.7005,-0.21150000000000002,0.12149999999999994,0.0,0.0,0.33299999999999996
rep0251,0.29,0.29,alg3,0.15,0.0,0.0,0.15,abs_005_005,1000,2000,0.2605,0.46950000000000003,True,0.20900000000000002,0.20900000000000002,0.3885,0.3885,-0.128,0.08100000000000002,0.0,0.0,0.20900000000000002
rep0252,0.08,0.082,alg3,0.15,0.0,0.0,0.15,abs_005_005,1000,2000,0.1205,0.395,False,0.2745,0.2745,0.31,0.31,-0.1895,0.08500000000000002,0.0,0.0,0.2745
rep0253,0.75,0.748,alg3,0.15,0.0,0.0,0.15,abs_005_005,1000,2000,0.5790000000000001,0.863,True,0.2839999999999999,0.2839999999999999,0.759,0.759,-0.17999999999999994,0.10399999999999998,0.0,0.0,0.2839999999999999
rep0254,0.82,0.824,alg3,0.15,0.0,0.0,0.15,abs_005_005,1000,2000,0.6445000000000001,0.912,True,0.26749999999999996,0.26749999999999996,0.8645,0.8645,-0.22000000000000003,0.04749999999999999,0.0,0.0,0.2675
rep0255,0.12,0.124,alg3,0.15,0.0,0.0,0.15,abs_005_005,1000,2000,-0.08799999999999994,0.16099999999999995,True,0.2489999999999999,0.16099999999999995,0.098,0.098,-0.18599999999999994,0.06299999999999994,0.0,0.0,0.2489999999999999
rep0256,0.76,0.759,alg3,0.15,0.0,0.0,0.15,abs_005_005,1000,2000,0.694,0.9834999999999999,True,0.2895,0.2895,0.8895,0.8895,-0.1955,0.094,0.0,0.0,0.2895
rep0257,0.47,0.465,alg3,0.15,0.0,0.0,0.15,abs_005_005,1000,2000,0.22300000000000003,0.5555000000000001,True,0.3325000000000001,0.3325000000000001,0.494,0.494,-0.27099999999999996,0.061500000000000055,0.0,0.0,0.3325
rep0258,0.07,0.072,alg3,0.15,0.0,0.0,0.15,abs_005_005,1000,2000,-0.05099999999999992,0.23049999999999998,True,0.2814999999999999,0.23049999999999998,0.105,0.105,-0.15599999999999992,0.1255,0.0,0.0,0.2814999999999999
rep0259,0.66,0.656,alg3,0.15,0.0,0.0,0.15,abs_005_005,1000,2000,0.604,0.8580000000000001,True,0.2540000000000001,0.2540000000000001,0.775,0.775,-0.17100000000000004,0.08300000000000002,0.0,0.0,0.25400000000000006
rep0260,0.12,0.117,alg3,0.15,0.0,0.0,0.15,abs_005_005,1000,2000,0.08199999999999996,0.37050000000000005,True,0.2885000000000001,0.2885000000000001,0.263,0.263,-0.18100000000000005,0.10750000000000004,0.0,0.0,0.2885000000000001
rep0261,0.69,0.686,alg3,0.15,0.0,0.0,0.15,abs_005_005,1000,2000,0.4595,0.7130000000000001,True,0.25350000000000006,0.25350000000000006,0.639,0.639,-0.17949999999999997,0.07400000000000001,0.0,0.0,0.25349999999999995
rep0262,0.40,0.402,alg3,0.15,0.0,0.0,0.15,abs_005_005,1000,2000,0.24500000000000005,0.6094999999999999,True,0.3644999999999999,0.3644999999999999,0.454,0.454,-0.20899999999999996,0.15549999999999997,0.0,0.0,0.36449999999999994
rep0263,0.22,0.217,alg3,0.15,0.0,0.0,0.15,abs_005_005,1000,2000,-0.004500000000000004,0.24350000000000005,True,0.24800000000000005,0.24350000000000005,0.175,0.175,-0.1795,0.06850000000000006,0.0,0.0,0.24800000000000005
rep0264,0.52,0.521,alg3,0.15,0.0,0.0,0.15,abs_005_005,1000,2000,0.49649999999999994,0.855,True,0.35850000000000004,0.35850000000000004,0.694,0.694,-0.1975,0.16100000000000003,0.0,0.0,0.35850000000000004
rep0265,0.69,0.691,alg3,0.15,0.0,0.0,0.15,abs_005_005,1000,2000,0.47,0.722,True,0.252,0.252,0.616,0.616,-0.14600000000000002,0.10599999999999998,0.0,0.0,0.252
rep0266,0.62,0.617,alg3,0.15,0.0,0.0,0.15,abs_005_005,1000,2000,0.6154999999999999,0.9420000000000001,True,0.3265000000000001,0.3265000000000001,0.779,0.779,-0.16350000000000003,0.16300000000000003,0.0,0.0,0.32650000000000007
rep0267,0.68,0.675,alg3,0.15,0.0,0.0,0.15,abs_005_005,1000,2000,0.5335000000000001,0.8310000000000001,True,0.2975,0.2975,0.7385,0.7385,-0.20499999999999996,0.0925,0.0,0.0,0.2975
rep0268,0.59,0.588,alg3,0.15,0.0,0.0,0.15,abs_005_005,1000,2000,0.509,0.771,True,0.262,0.262,0.6715,0.6715,-0.16249999999999998,0.09950000000000003,0.0,0.0,0.262
rep0269,0.58,0.579,alg3,0.15,0.0,0.0,0.15,abs_005_005,1000,2000,0.5755,0.858,True,0.2825,0.2825,0.764,0.764,-0.18849999999999997,0.09399999999999997,0.0,0.0,0.2825
rep0270,0.11,0.11,alg3,0.15,0.0,0.0,0.15,abs_005_005,1000,2000,-0.04400000000000001,0.2769999999999999,True,0.32099999999999995,0.2769999999999999,0.1515,0.1515,-0.1955,0.12549999999999994,0.0,0.0,0.32099999999999995
rep0271,0.50,0.497,alg3,0.15,0.0,0.0,0.15,abs_005_005,1000,2000,0.32699999999999996,0.5820000000000001,True,0.2550000000000001,0.2550000000000001,0.4845,0.4845,-0.1575,0.09750000000000003,0.0,0.0,0.255
rep0272,0.40,0.404,alg3,0.15,0.0,0.0,0.15,abs_005_005,1000,2000,0.23650000000000004,0.5685,True,0.33199999999999996,0.33199999999999996,0.4665,0.4665,-0.22999999999999998,0.10199999999999998,0.0,0.0,0.33199999999999996
rep0273,0.73,0.728,alg3,0.15,0.0,0.0,0.15,abs_005_005,1000,2000,0.583,0.931,True,0.3480000000000001,0.3480000000000001,0.7805,0.7805,-0.1975,0.15050000000000002,0.0,0.0,0.34800000000000003
rep0274,0.85,0.855,alg3,0.15,0.0,0.0,0.15,abs_005_005,1000,2000,0.6565,1.003,True,0.3464999999999999,0.3435,0.855,0.855,-0.1985,0.148,0.0,0.0,0.34650000000000003
rep0275,0.39,0.391,alg3,0.15,0.0,0.0,0.15,abs_005_005,1000,2000,0.196,0.546,True,0.35000000000000003,0.35000000000000003,0.416,0.416,-0.21999999999999997,0.13,0.0,0.0,0.35
rep0276,0.79,0.785,alg3,0.15,0.0,0.0,0.15,abs_005_005,1000,2000,0.568,0.8305,True,0.26250000000000007,0.26250000000000007,0.738,0.738,-0.17,0.0925,0.0,0.0,0.2625
rep0277,0.92,0.922,alg3,0.15,0.0,0.0,0.15,abs_005_005,1000,2000,0.7789999999999999,1.0635,True,0.2845,0.22100000000000009,0.962,0.962,-0.183,0.10150000000000003,0.0,0.0,0.28450000000000003
rep0278,0.39,0.394,alg3,0.15,0.0,0.0,0.15,abs_005_005,1000,2000,0.15000000000000002,0.48500000000000004,True,0.335,0.335,0.383,0.383,-0.23299999999999998,0.10200000000000004,0.0,0.0,0.335
rep0279,0.13,0.134,alg3,0.15,0.0,0.0,0.15,abs_005_005,1000,2000,0.175,0.4505,False,0.2755,0.2755,0.364,0.364,-0.189,0.08650000000000002,0.0,0.0,0.2755
rep0280,0.35,0.352,alg3,0.15,0.0,0.0,0.15,abs_005_005,1000,2000,0.07450000000000007,0.27499999999999997,False,0.2004999999999999,0.2004999999999999,0.2395,0.2395,-0.16499999999999992,0.035499999999999976,0.0,0.0,0.2004999999999999
rep0281,0.19,0.186,alg3,0.15,0.0,0.0,0.15,abs_005_005,1000,2000,0.06450000000000006,0.37500000000000006,True,0.3105,0.3105,0.2805,0.2805,-0.21599999999999997,0.09450000000000003,0.0,0.0,0.3105
rep0282,0.55,0.548,alg3,0.15,0.0,0.0,0.15,abs_005_005,1000,2000,0.3415,0.6320000000000001,True,0.2905000000000001,0.2905000000000001,0.538,0.538,-0.19649999999999998,0.09400000000000008,0.0,0.0,0.2905000000000001
rep0283,0.40,0.402,alg3,0.15,0.0,0.0,0.15,abs_005_005,1000,2000,0.40449999999999997,0.6905,False,0.28600000000000003,0.28600000000000003,0.5735,0.5735,-0.16900000000000004,0.11699999999999999,0.0,0.0,0.28600000000000003
rep0284,0.42,0.416,alg3,0.15,0.0,0.0,0.15,abs_005_005,1000,2000,0.375,0.667,True,0.29200000000000004,0.29200000000000004,0.5575,0.5575,-0.1825,0.10950000000000004,0.0,0.0,0.29200000000000004
rep0285,0.60,0.605,alg3,0.15,0.0,0.0,0.15,abs_005_005,1000,2000,0.5085,0.8365,True,0.32800000000000007,0.32800000000000007,0.7175,0.7175,-0.20900000000000007,0.119,0.0,0.0,0.32800000000000007
rep0286,0.09,0.088,alg3,0.15,0.0,0.0,0.15,abs_005_005,1000,2000,0.05500000000000002,0.3095,True,0.25449999999999995,0.25449999999999995,0.1675,0.1675,-0.11249999999999999,0.142,0.0,0.0,0.25449999999999995
rep0287,0.40,0.401,alg3,0.15,0.0,0.0,0.15,abs_005_005,1000,2000,0.34650000000000003,0.6485,True,0.30199999999999994,0.30199999999999994,0.5395,0.5395,-0.19299999999999998,0.10899999999999999,0.0,0.0,0.30199999999999994
rep0288,0.33,0.333,alg3,0.15,0.0,0.0,0.15,abs_005_005,1000,2000,0.07400000000000007,0.388,True,0.31399999999999995,0.31399999999999995,0.2745,0.2745,-0.20049999999999996,0.11349999999999999,0.0,0.0,0.31399999999999995
rep0289,0.48,0.484,alg3,0.15,0.0,0.0,0.15,abs_005_005,1000,2000,0.24,0.4685,False,0.22850000000000004,0.22850000000000004,0.4275,0.4275,-0.1875,0.041000000000000036,0.0,0.0,0.22850000000000004
rep0290,0.28,0.278,alg3,0.15,0.0,0.0,0.15,abs_005_005,1000,2000,0.24450000000000002,0.5335,True,0.2889999999999999,0.2889999999999999,0.43,0.43,-0.18549999999999997,0.10349999999999998,0.0,0.0,0.2889999999999999
rep0291,0.54,0.538,alg3,0.15,0.0,0.0,0.15,abs_005_005,1000,2000,0.30199999999999994,0.5345,False,0.23250000000000004,0.23250000000000004,0.4535,0.4535,-0.15150000000000008,0.081,0.0,0.0,0.2325000000000001
rep0292,0.40,0.399,alg3,0.15,0.0,0.0,0.15,abs_005_005,1000,2000,0.2635,0.6060000000000001,True,0.3425000000000001,0.3425000000000001,0.461,0.461,-0.1975,0.14500000000000002,0.0,0.0,0.3425
rep0293,0.51,0.512,alg3,0.15,0.0,0.0,0.15,abs_005_005,1000,2000,0.2995,0.6105,True,0.31100000000000005,0.31100000000000005,0.517,0.517,-0.21750000000000003,0.09350000000000003,0.0,0.0,0.31100000000000005
rep0294,0.22,0.224,alg3,0.15,0.0,0.0,0.15,abs_005_005,1000,2000,-0.11399999999999999,0.2055,False,0.3195,0.2055,0.0935,0.0935,-0.2075,0.11199999999999999,0.0,0.0,0.3195
rep0295,0.17,0.168,alg3,0.15,0.0,0.0,0.15,abs_005_005,1000,2000,-0.04200000000000001,0.2405,True,0.2825,0.2405,0.1575,0.1575,-0.1995,0.083,0.0,0.0,0.28250000000000003
rep0296,0.80,0.802,alg3,0.15,0.0,0.0,0.15,abs_005_005,1000,2000,0.639,0.935,True,0.29600000000000004,0.29600000000000004,0.844,0.844,-0.20500000000000002,0.09100000000000003,0.0,0.0,0.29600000000000004
rep0297,0.72,0.719,alg3,0.15,0.0,0.0,0.15,abs_005_005,1000,2000,0.7085000000000001,0.9615,True,0.2529999999999999,0.2529999999999999,0.908,0.908,-0.19949999999999996,0.05349999999999999,0.0,0.0,0.25299999999999995
rep0298,0.85,0.85,alg3,0.15,0.0,0.0,0.15,abs_005_005,1000,2000,0.6605,0.96,True,0.2995,0.2995,0.8475,0.8475,-0.18700000000000006,0.11249999999999993,0.0,0.0,0.2995
rep0299,0.49,0.487,alg3,0.15,0.0,0.0,0.15,abs_005_005,1000,2000,0.20600000000000002,0.575,True,0.36899999999999994,0.36899999999999994,0.4485,0.4485,-0.2425,0.12649999999999997,0.0,0.0,0.369
rep0300,0.38,0.384,alg3,0.15,0.0,0.0,0.15,abs_005_005,1000,2000,0.14100000000000001,0.398,True,0.257,0.257,0.2985,0.2985,-0.15749999999999997,0.09950000000000003,0.0,0.0,0.257
rep0301,0.86,0.862,alg3,0.15,0.0,0.0,0.15,abs_005_005,1000,2000,0.534,0.8320000000000001,False,0.29800000000000004,0.29800000000000004,0.687,0.687,-0.15300000000000002,0.145,0.0,0.0,0.29800000000000004
rep0302,0.49,0.493,alg3,0.15,0.0,0.0,0.15,abs_005_005,1000,2000,0.4435,0.746,True,0.3025,0.3025,0.621,0.621,-0.1775,0.12500000000000003,0.0,0.0,0.3025
rep0303,0.93,0.925,alg3,0.15,0.0,0.0,0.15,abs_005_005,1000,2000,0.7735,1.037,True,0.26349999999999996,0.22650000000000003,0.96,0.96,-0.1865,0.07700000000000001,0.0,0.0,0.2635
rep0304,0.35,0.352,alg3,0.15,0.0,0.0,0.15,abs_005_005,1000,2000,0.3330000000000001,0.5965,True,0.26349999999999996,0.26349999999999996,0.537,0.537,-0.20399999999999996,0.0595,0.0,0.0,0.26349999999999996
rep0305,0.75,0.75,alg3,0.15,0.0,0.0,0.15,abs_005_005,1000,2000,0.652,0.9914999999999999,True,0.3394999999999999,0.3394999999999999,0.8435,0.8435,-0.1915,0.1479999999999999,0.0,0.0,0.3394999999999999
rep0306,0.60,0.598,alg3,0.15,0.0,0.0,0.15,abs_005_005,1000,2000,0.43699999999999994,0.7094999999999999,True,0.27249999999999996,0.27249999999999996,0.6375,0.6375,-0.2005,0.072,0.0,0.0,0.2725
rep0307,0.46,0.461,alg3,0.15,0.0,0.0,0.15,abs_005_005,1000,2000,0.04099999999999998,0.32650000000000007,False,0.2855000000000001,0.2855000000000001,0.2395,0.2395,-0.1985,0.08700000000000008,0.0,0.0,0.2855000000000001
rep0308,0.80,0.8,alg3,0.15,0.0,0.0,0.15,abs_005_005,1000,2000,0.722,1.0310000000000001,True,0.30900000000000016,0.278,0.922,0.922,-0.2,0.10899999999999999,0.0,0.0,0.309
rep0309,0.60,0.6,alg3,0.15,0.0,0.0,0.15,abs_005_005,1000,2000,0.531,0.7585,True,0.22749999999999992,0.22749999999999992,0.663,0.663,-0.132,0.09549999999999997,0.0,0.0,0.22749999999999998
rep0310,0.37,0.366,alg3,0.15,0.0,0.0,0.15,abs_005_005,1000,2000,0.1785,0.469,True,0.2905,0.2905,0.348,0.348,-0.16949999999999998,0.121,0.0,0.0,0.2905
rep0311,0.47,0.468,alg3,0.15,0.0,0.0,0.15,abs_005_005,1000,2000,0.42199999999999993,0.7319999999999999,True,0.30999999999999994,0.30999999999999994,0.6485,0.6485,-0.22650000000000003,0.08349999999999991,0.0,0.0,0.30999999999999994
rep0312,0.73,0.73,alg3,0.15,0.0,0.0,0.15,abs_005_005,1000,2000,0.76,1.0625,False,0.3025,0.24,0.9375,0.9375,-0.1775,0.125,0.0,0.0,0.3025
rep0313,0.49,0.489,alg3,0.15,0.0,0.0,0.15,abs_005_005,1000,2000,0.2869999999999999,0.5845,True,0.2975000000000001,0.2975000000000001,0.482,0.482,-0.19500000000000006,0.10249999999999998,0.0,0.0,0.29750000000000004
rep0314,0.70,0.698,alg3,0.15,0.0,0.0,0.15,abs_005_005,1000,2000,0.7489999999999999,0.9724999999999999,False,0.22350000000000003,0.22350000000000003,0.8935,0.8935,-0.14450000000000002,0.07899999999999996,0.0,0.0,0.22349999999999998
rep0315,0.66,0.662,alg3,0.15,0.0,0.0,0.15,abs_005_005,1000,2000,0.5725,0.879,True,0.3065,0.3065,0.773,0.773,-0.2005,0.10600000000000004,0.0,0.0,0.30650000000000005
rep0316,0.12,0.123,alg3,0.15,0.0,0.0,0.15,abs_005_005,1000,2000,0.02099999999999999,0.357,True,0.33599999999999997,0.33599999999999997,0.206,0.206,-0.185,0.15100000000000002,0.0,0.0,0.336
rep0317,0.21,0.206,alg3,0.15,0.0,0.0,0.15,abs_005_005,1000,2000,0.07600000000000001,0.425,True,0.349,0.349,0.288,0.288,-0.21199999999999997,0.137,0.0,0.0,0.349
rep0318,0.78,0.78,alg3,0.15,0.0,0.0,0.15,abs_005_005,1000,2000,0.642,0.901,True,0.259,0.259,0.785,0.785,-0.14300000000000002,0.11599999999999999,0.0,0.0,0.259
rep0319,0.49,0.49,alg3,0.15,0.0,0.0,0.15,abs_005_005,1000,2000,0.4175,0.7325,True,0.31500000000000006,0.31500000000000006,0.5815,0.5815,-0.16400000000000003,0.151,0.0,0.0,0.31500000000000006
rep0320,0.63,0.626,alg3,0.15,0.0,0.0,0.15,abs_005_005,1000,2000,0.376,0.6380000000000001,True,0.2620000000000001,0.2620000000000001,0.527,0.527,-0.151,0.11100000000000004,0.0,0.0,0.262
rep0321,0.21,0.215,alg3,0.15,0.0,0.0,0.15,abs_005_005,1000,2000,0.15499999999999997,0.4675,True,0.31250000000000006,0.31250000000000006,0.3885,0.3885,-0.23350000000000004,0.07900000000000001,0.0,0.0,0.31250000000000006
rep0322,0.47,0.469,alg3,0.15,0.0,0.0,0.15,abs_005_005,1000,2000,0.33499999999999996,0.5924999999999999,True,0.25749999999999995,0.25749999999999995,0.5185,0.5185,-0.1835,0.07399999999999995,0.0,0.0,0.25749999999999995
rep0323,0.67,0.668,alg3,0.15,0.0,0.0,0.15,abs_005_005,1000,2000,0.582,0.8915,True,0.3095,0.3095,0.7885,0.7885,-0.20650000000000002,0.10299999999999998,0.0,0.0,0.3095
rep0324,0.59,0.587,alg3,0.15,0.0,0.0,0.15,abs_005_005,1000,2000,0.5765,0.9155,True,0.33899999999999997,0.33899999999999997,0.8075,0.8075,-0.23099999999999998,0.10799999999999998,0.0,0.0,0.33899999999999997
rep0325,0.62,0.621,alg3,0.15,0.0,0.0,0.15,abs_005_005,1000,2000,0.5805,0.873,True,0.2925,0.2925,0.789,0.789,-0.20850000000000002,0.08399999999999999,0.0,0.0,0.2925
rep0326,0.46,0.463,alg3,0.15,0.0,0.0,0.15,abs_005_005,1000,2000,0.2135,0.5315000000000001,True,0.31800000000000006,0.31800000000000006,0.4555,0.4555,-0.24200000000000002,0.07600000000000007,0.0,0.0,0.31800000000000006
rep0327,0.58,0.581,alg3,0.15,0.0,0.0,0.15,abs_005_005,1000,2000,0.23249999999999998,0.5609999999999999,False,0.32849999999999996,0.32849999999999996,0.441,0.441,-0.20850000000000002,0.12,0.0,0.0,0.3285
rep0328,0.39,0.389,alg3,0.15,0.0,0.0,0.15,abs_005_005,1000,2000,0.06450000000000006,0.372,False,0.30749999999999994,0.30749999999999994,0.284,0.284,-0.21949999999999992,0.08800000000000002,0.0,0.0,0.30749999999999994
rep0329,0.30,0.303,alg3,0.15,0.0,0.0,0.15,abs_005_005,1000,2000,0.20850000000000002,0.453,True,0.2445,0.2445,0.4165,0.4165,-0.20799999999999996,0.03650000000000003,0.0,0.0,0.2445
rep0330,0.24,0.245,alg3,0.15,0.0,0.0,0.15,abs_005_005,1000,2000,0.09700000000000003,0.3765,True,0.27949999999999997,0.27949999999999997,0.2435,0.2435,-0.14649999999999996,0.133,0.0,0.0,0.27949999999999997
rep0331,0.58,0.582,alg3,0.15,0.0,0.0,0.15,abs_005_005,1000,2000,0.29300000000000004,0.5399999999999999,False,0.2469999999999999,0.2469999999999999,0.476,0.476,-0.18299999999999994,0.06399999999999995,0.0,0.0,0.2469999999999999
rep0332,0.30,0.3,alg3,0.15,0.0,0.0,0.15,abs_005_005,1000,2000,0.18150000000000005,0.443,True,0.26149999999999995,0.26149999999999995,0.3855,0.3855,-0.20399999999999996,0.057499999999999996,0.0,0.0,0.26149999999999995
rep0333,0.73,0.726,alg3,0.15,0.0,0.0,0.15,abs_005_005,1000,2000,0.7330000000000001,1.0090000000000001,False,0.276,0.2669999999999999,0.898,0.898,-0.16499999999999992,0.11100000000000004,0.0,0.0,0.27599999999999997
rep0334,0.90,0.904,alg3,0.15,0.0,0.0,0.15,abs_005_005,1000,2000,0.658,0.9765,True,0.3185,0.3185,0.9,0.9,-0.242,0.07650000000000001,0.0,0.0,0.3185
rep0335,0.56,0.561,alg3,0.15,0.0,0.0,0.15,abs_005_005,1000,2000,0.39499999999999996,0.6699999999999999,True,0.27499999999999997,0.27499999999999997,0.592,0.592,-0.197,0.07799999999999996,0.0,0.0,0.27499999999999997
rep0336,0.51,0.512,alg3,0.15,0.0,0.0,0.15,abs_005_005,1000,2000,0.324,0.7785000000000001,True,0.45450000000000007,0.45450000000000007,0.5985,0.5985,-0.2745,0.18000000000000002,0.0,0.0,0.4545
rep0337,0.31,0.311,alg3,0.15,0.0,0.0,0.15,abs_005_005,1000,2000,0.021000000000000046,0.327,True,0.30599999999999994,0.30599999999999994,0.232,0.232,-0.21099999999999997,0.095,0.0,0.0,0.30599999999999994
rep0338,0.50,0.502,alg3,0.15,0.0,0.0,0.15,abs_005_005,1000,2000,0.37649999999999995,0.727,True,0.35050000000000003,0.35050000000000003,0.5635,0.5635,-0.18700000000000006,0.16349999999999998,0.0,0.0,0.35050000000000003
rep0339,0.13,0.133,alg3,0.15,0.0,0.0,0.15,abs_005_005,1000,2000,-0.17649999999999996,0.12250000000000003,False,0.299,0.12250000000000003,0.028,0.028,-0.20449999999999996,0.09450000000000003,0.0,0.0,0.299
rep0340,0.30,0.303,alg3,0.15,0.0,0.0,0.15,abs_005_005,1000,2000,0.1275,0.44849999999999995,True,0.32099999999999995,0.32099999999999995,0.323,0.323,-0.1955,0.12549999999999994,0.0,0.0,0.32099999999999995
rep0341,0.39,0.387,alg3,0.15,0.0,0.0,0.15,abs_005_005,1000,2000,0.34350000000000014,0.6115,True,0.2679999999999999,0.2679999999999999,0.559,0.559,-0.2154999999999999,0.05249999999999999,0.0,0.0,0.2679999999999999
rep0342,0.11,0.112,alg3,0.15,0.0,0.0,0.15,abs_005_005,1000,2000,0.068,0.35500000000000004,True,0.28700000000000003,0.28700000000000003,0.2645,0.2645,-0.1965,0.09050000000000002,0.0,0.0,0.28700000000000003
rep0343,0.72,0.723,alg3,0.15,0.0,0.0,0.15,abs_005_005,1000,2000,0.7295,1.037,False,0.3074999999999999,0.27049999999999996,0.9375,0.9375,-0.20799999999999996,0.0995,0.0,0.0,0.3075
rep0344,0.80,0.797,alg3,0.15,0.0,0.0,0.15,abs_005_005,1000,2000,0.7855000000000001,1.1219999999999999,True,0.3364999999999998,0.2144999999999999,1.0,1.0,-0.2144999999999999,0.12199999999999994,0.0,0.0,0.33649999999999985
rep0345,0.46,0.462,alg3,0.15,0.0,0.0,0.15,abs_005_005,1000,2000,0.4175,0.7015,True,0.28400000000000003,0.28400000000000003,0.6275,0.6275,-0.20999999999999996,0.07400000000000001,0.0,0.0,0.284
rep0346,0.64,0.638,alg3,0.15,0.0,0.0,0.15,abs_005_005,1000,2000,0.4404999999999999,0.695,True,0.25450000000000006,0.25450000000000006,0.6385,0.6385,-0.19800000000000006,0.056499999999999995,0.0,0.0,0.25450000000000006
rep0347,0.41,0.41,alg3,0.15,0.0,0.0,0.15,abs_005_005,1000,2000,0.2854999999999999,0.5619999999999999,True,0.2765,0.2765,0.5025,0.5025,-0.21700000000000003,0.0595,0.0,0.0,0.2765
rep0348,0.28,0.277,alg3,0.15,0.0,0.0,0.15,abs_005_005,1000,2000,0.29350000000000004,0.5720000000000001,False,0.2785,0.2785,0.4775,0.4775,-0.18399999999999994,0.09450000000000003,0.0,0.0,0.27849999999999997
rep0349,0.46,0.461,alg3,0.15,0.0,0.0,0.15,abs_005_005,1000,2000,0.3355,0.6205,True,0.28500000000000003,0.28500000000000003,0.522,0.522,-0.1865,0.09850000000000003,0.0,0.0,0.28500000000000003
rep0350,0.37,0.369,alg3,0.15,0.0,0.0,0.15,abs_005_005,1000,2000,0.1945,0.47450000000000003,True,0.28,0.28,0.394,0.394,-0.1995,0.08050000000000002,0.0,0.0,0.28
rep0351,0.10,0.097,alg3,0.15,0.0,0.0,0.15,abs_005_005,1000,2000,-0.01100000000000001,0.2365,True,0.2475,0.2365,0.183,0.183,-0.194,0.05349999999999999,0.0,0.0,0.2475
rep0352,0.29,0.292,alg3,0.15,0.0,0.0,0.15,abs_005_005,1000,2000,0.3135,0.5915,False,0.278,0.278,0.485,0.485,-0.17149999999999999,0.10650000000000004,0.0,0.0,0.278
rep0353,0.52,0.523,alg3,0.15,0.0,0.0,0.15,abs_005_005,1000,2000,0.6194999999999999,0.916,False,0.2965000000000001,0.2965000000000001,0.8035,0.8035,-0.18400000000000005,0.11250000000000002,0.0,0.0,0.2965000000000001
rep0354,0.24,0.242,alg3,0.15,0.0,0.0,0.15,abs_005_005,1000,2000,0.05050000000000002,0.32900000000000007,True,0.2785000000000001,0.2785000000000001,0.23,0.23,-0.1795,0.09900000000000003,0.0,0.0,0.2785
rep0355,0.95,0.953,alg3,0.15,0.0,0.0,0.15,abs_005_005,1000,2000,0.7865000000000001,1.077,True,0.29049999999999987,0.2134999999999999,0.9705,0.9705,-0.18399999999999994,0.1065,0.0,0.0,0.2904999999999999
rep0356,0.68,0.676,alg3,0.15,0.0,0.0,0.15,abs_005_005,1000,2000,0.4515,0.743,True,0.2915,0.2915,0.6485,0.6485,-0.19699999999999995,0.09450000000000003,0.0,0.0,0.2915
rep0357,0.58,0.579,alg3,0.15,0.0,0.0,0.15,abs_005_005,1000,2000,0.47550000000000003,0.7705,True,0.29499999999999993,0.29499999999999993,0.6605,0.6605,-0.18499999999999994,0.10999999999999999,0.0,0.0,0.29499999999999993
rep0358,0.40,0.397,alg3,0.15,0.0,0.0,0.15,abs_005_005,1000,2000,0.24350000000000005,0.7115,True,0.46799999999999997,0.46799999999999997,0.546,0.546,-0.3025,0.16549999999999998,0.0,0.0,0.46799999999999997
rep0359,0.68,0.683,alg3,0.15,0.0,0.0,0.15,abs_005_005,1000,2000,0.6950000000000001,0.977,False,0.2819999999999999,0.2819999999999999,0.85,0.85,-0.15499999999999997,0.127,0.0,0.0,0.282
rep0360,0.45,0.449,alg3,0.15,0.0,0.0,0.15,abs_005_005,1000,2000,0.2875,0.58,True,0.2925,0.2925,0.476,0.476,-0.1885,0.10399999999999998,0.0,0.0,0.2925
rep0361,0.17,0.172,alg3,0.15,0.0,0.0,0.15,abs_005_005,1000,2000,0.21149999999999997,0.5109999999999999,False,0.29949999999999993,0.29949999999999993,0.439,0.439,-0.22750000000000004,0.07199999999999995,0.0,0.0,0.2995
rep0362,0.58,0.58,alg3,0.15,0.0,0.0,0.15,abs_005_005,1000,2000,0.43500000000000005,0.6945,True,0.25949999999999995,0.25949999999999995,0.619,0.619,-0.18399999999999994,0.07550000000000001,0.0,0.0,0.25949999999999995
rep0363,0.77,0.765,alg3,0.15,0.0,0.0,0.15,abs_005_005,1000,2000,0.5115,0.784,True,0.2725000000000001,0.2725000000000001,0.688,0.688,-0.1765,0.09600000000000003,0.0,0.0,0.2725
rep0364,0.87,0.87,alg3,0.15,0.0,0.0,0.15,abs_005_005,1000,2000,0.5980000000000001,0.872,True,0.2739999999999999,0.2739999999999999,0.7895,0.7895,-0.19149999999999995,0.08250000000000002,0.0,0.0,0.27399999999999997
rep0365,0.25,0.247,alg3,0.15,0.0,0.0,0.15,abs_005_005,1000,2000,0.23249999999999998,0.5225,True,0.29,0.29,0.4085,0.4085,-0.176,0.11399999999999999,0.0,0.0,0.29
rep0366,0.87,0.866,alg3,0.15,0.0,0.0,0.15,abs_005_005,1000,2000,0.6365,0.8885000000000001,True,0.2520000000000001,0.2520000000000001,0.8005,0.8005,-0.16400000000000003,0.08800000000000002,0.0,0.0,0.25200000000000006
rep0367,0.65,0.648,alg3,0.15,0.0,0.0,0.15,abs_005_005,1000,2000,0.5625,0.884,True,0.3215,0.3215,0.759,0.759,-0.1965,0.125,0.0,0.0,0.3215
rep0368,0.67,0.665,alg3,0.15,0.0,0.0,0.15,abs_005_005,1000,2000,0.7244999999999999,1.0705,False,0.3460000000000001,0.2755000000000001,0.9145,0.9145,-0.19,0.15599999999999997,0.0,0.0,0.346
rep0369,0.50,0.503,alg3,0.15,0.0,0.0,0.15,abs_005_005,1000,2000,0.4965,0.765,True,0.2685,0.2685,0.6565,0.6565,-0.15999999999999998,0.10850000000000001,0.0,0.0,0.26849999999999996
rep0370,0.24,0.238,alg3,0.15,0.0,0.0,0.15,abs_005_005,1000,2000,0.05849999999999994,0.3605,True,0.30200000000000005,0.30200000000000005,0.2985,0.2985,-0.24000000000000005,0.062,0.0,0.0,0.30200000000000005
rep0371,0.54,0.542,alg3,0.15,0.0,0.0,0.15,abs_005_005,1000,2000,0.3955000000000001,0.6849999999999999,True,0.28949999999999987,0.28949999999999987,0.5805,0.5805,-0.18499999999999997,0.10449999999999993,0.0,0.0,0.28949999999999987
rep0372,0.70,0.699,alg3,0.15,0.0,0.0,0.15,abs_005_005,1000,2000,0.49950000000000006,0.7555000000000001,True,0.256,0.256,0.684,0.684,-0.1845,0.07150000000000001,0.0,0.0,0.256
rep0373,0.55,0.546,alg3,0.15,0.0,0.0,0.15,abs_005_005,1000,2000,0.42600000000000005,0.752,True,0.32599999999999996,0.32599999999999996,0.613,0.613,-0.18699999999999994,0.13899999999999998,0.0,0.0,0.32599999999999996
rep0374,0.87,0.874,alg3,0.15,0.0,0.0,0.15,abs_005_005,1000,2000,0.6965,1.057,True,0.36049999999999993,0.3035,0.9315,0.9315,-0.235,0.1255,0.0,0.0,0.3605
rep0375,0.25,0.25,alg3,0.15,0.0,0.0,0.15,abs_005_005,1000,2000,-0.07150000000000004,0.208,False,0.2795,0.208,0.158,0.158,-0.22950000000000004,0.04999999999999999,0.0,0.0,0.2795
rep0376,0.45,0.453,alg3,0.15,0.0,0.0,0.15,abs_005_005,1000,2000,0.34349999999999997,0.6565,True,0.313,0.313,0.5355,0.5355,-0.192,0.121,0.0,0.0,0.313
rep0377,0.09,0.094,alg3,0.15,0.0,0.0,0.15,abs_005_005,1000,2000,0.04400000000000004,0.374,True,0.32999999999999996,0.32999999999999996,0.251,0.251,-0.20699999999999996,0.123,0.0,0.0,0.32999999999999996
rep0378,0.10,0.098,alg3,0.15,0.0,0.0,0.15,abs_005_005,1000,2000,-0.04299999999999991,0.17199999999999993,True,0.21499999999999986,0.17199999999999993,0.108,0.108,-0.1509999999999999,0.06399999999999995,0.0,0.0,0.21499999999999986
rep0379,0.21,0.208,alg3,0.15,0.0,0.0,0.15,abs_005_005,1000,2000,-0.10250000000000001,0.1945,False,0.29700000000000004,0.1945,0.1495,0.1495,-0.252,0.04500000000000001,0.0,0.0,0.29700000000000004
rep0380,0.26,0.258,alg3,0.15,0.0,0.0,0.15,abs_005_005,1000,2000,0.13700000000000007,0.373,True,0.23599999999999993,0.23599999999999993,0.303,0.303,-0.16599999999999993,0.07,0.0,0.0,0.23599999999999993
rep0381,0.11,0.112,alg3,0.15,0.0,0.0,0.15,abs_005_005,1000,2000,-0.09950000000000002,0.2724999999999999,True,0.37199999999999994,0.2724999999999999,0.1105,0.1105,-0.21000000000000002,0.16199999999999992,0.0,0.0,0.37199999999999994
rep0382,0.50,0.498,alg3,0.15,0.0,0.0,0.15,abs_005_005,1000,2000,0.5720000000000001,0.8225000000000001,False,0.25050000000000006,0.25050000000000006,0.7425,0.7425,-0.17049999999999998,0.08000000000000007,0.0,0.0,0.25050000000000006
rep0383,0.14,0.14,alg3,0.15,0.0,0.0,0.15,abs_005_005,1000,2000,0.08399999999999991,0.3505,True,0.26650000000000007,0.26650000000000007,0.2515,0.2515,-0.1675000000000001,0.09899999999999998,0.0,0.0,0.26650000000000007
rep0384,0.20,0.2,alg3,0.15,0.0,0.0,0.15,abs_005_005,1000,2000,-0.09749999999999998,0.209,True,0.3065,0.209,0.1235,0.1235,-0.22099999999999997,0.08549999999999999,0.0,0.0,0.3065
rep0385,0.55,0.548,alg3,0.15,0.0,0.0,0.15,abs_005_005,1000,2000,0.43,0.6795,True,0.2495,0.2495,0.598,0.598,-0.16799999999999998,0.08150000000000002,0.0,0.0,0.2495
rep0386,0.54,0.54,alg3,0.15,0.0,0.0,0.15,abs_005_005,1000,2000,0.205,0.475,False,0.27,0.27,0.375,0.375,-0.17,0.09999999999999999,0.0,0.0,0.27
rep0387,0.70,0.697,alg3,0.15,0.0,0.0,0.15,abs_005_005,1000,2000,0.7405,1.0070000000000001,False,0.26650000000000007,0.25949999999999995,0.9685,0.9685,-0.22799999999999998,0.03850000000000009,0.0,0.0,0.26650000000000007
rep0388,0.22,0.216,alg3,0.15,0.0,0.0,0.15,abs_005_005,1000,2000,0.08399999999999996,0.416,True,0.332,0.332,0.3065,0.3065,-0.22250000000000003,0.10949999999999999,0.0,0.0,0.332
rep0389,0.55,0.547,alg3,0.15,0.0,0.0,0.15,abs_005_005,1000,2000,0.573,0.897,False,0.32400000000000007,0.32400000000000007,0.7915,0.7915,-0.21850000000000003,0.10550000000000004,0.0,0.0,0.32400000000000007
rep0390,0.78,0.776,alg3,0.15,0.0,0.0,0.15,abs_005_005,1000,2000,0.8005,1.06,False,0.25950000000000006,0.1995,0.967,0.967,-0.16649999999999998,0.093,0.0,0.0,0.25949999999999995
rep0391,0.47,0.471,alg3,0.15,0.0,0.0,0.15,abs_005_005,1000,2000,0.4584999999999999,0.7415,True,0.28300000000000014,0.28300000000000014,0.6655,0.6655,-0.20700000000000007,0.07600000000000007,0.0,0.0,0.28300000000000014
rep0392,0.41,0.413,alg3,0.15,0.0,0.0,0.15,abs_005_005,1000,2000,0.38849999999999996,0.712,True,0.3235,0.3235,0.5395,0.5395,-0.15100000000000002,0.1725,0.0,0.0,0.3235
rep0393,0.23,0.235,alg3,0.15,0.0,0.0,0.15,abs_005_005,1000,2000,0.04600000000000004,0.31,True,0.26399999999999996,0.26399999999999996,0.2395,0.2395,-0.19349999999999995,0.07050000000000001,0.0,0.0,0.26399999999999996
rep0394,0.67,0.67,alg3,0.15,0.0,0.0,0.15,abs_005_005,1000,2000,0.655,0.9730000000000001,True,0.31800000000000006,0.31800000000000006,0.8655,0.8655,-0.2105,0.10750000000000004,0.0,0.0,0.31800000000000006
rep0395,0.21,0.21,alg3,0.15,0.0,0.0,0.15,abs_005_005,1000,2000,0.1295,0.478,True,0.3485,0.3485,0.3605,0.3605,-0.23099999999999998,0.1175,0.0,0.0,0.3485
rep0396,0.35,0.346,alg3,0.15,0.0,0.0,0.15,abs_005_005,1000,2000,0.315,0.568,True,0.25299999999999995,0.25299999999999995,0.484,0.484,-0.16899999999999998,0.08399999999999996,0.0,0.0,0.25299999999999995
rep0397,0.23,0.235,alg3,0.15,0.0,0.0,0.15,abs_005_005,1000,2000,-0.007500000000000007,0.333,True,0.3405,0.333,0.18,0.18,-0.1875,0.15300000000000002,0.0,0.0,0.3405
rep0398,0.29,0.287,alg3,0.15,0.0,0.0,0.15,abs_005_005,1000,2000,0.1785,0.486,True,0.3075,0.3075,0.3695,0.3695,-0.191,0.1165,0.0,0.0,0.3075
rep0399,0.96,0.957,alg3,0.15,0.0,0.0,0.15,abs_005_005,1000,2000,0.7929999999999999,1.116,True,0.3230000000000002,0.20700000000000007,1.0,1.0,-0.20700000000000002,0.11599999999999999,0.0,0.0,0.323
rep0400,0.18,0.176,alg3,0.15,0.0,0.0,0.15,abs_005_005,1000,2000,-0.07250000000000005,0.23149999999999998,True,0.30400000000000005,0.23149999999999998,0.1135,0.1135,-0.18600000000000005,0.118,0.0,0.0,0.30400000000000005
rep0401,0.22,0.218,alg3,0.15,0.0,0.0,0.15,abs_005_005,1000,2000,-0.07400000000000001,0.18700000000000003,False,0.261,0.18700000000000003,0.0915,0.0915,-0.1655,0.09550000000000003,0.0,0.0,0.261
rep0402,0.30,0.296,alg3,0.15,0.0,0.0,0.15,abs_005_005,1000,2000,0.2954999999999999,0.6375,True,0.3420000000000001,0.3420000000000001,0.5145,0.5145,-0.21900000000000008,0.12300000000000005,0.0,0.0,0.34200000000000014
rep0403,0.33,0.334,alg3,0.15,0.0,0.0,0.15,abs_005_005,1000,2000,0.17550000000000004,0.42550000000000004,True,0.25,0.25,0.3905,0.3905,-0.21499999999999997,0.03500000000000003,0.0,0.0,0.25
rep0404,0.29,0.29,alg3,0.15,0.0,0.0,0.15,abs_005_005,1000,2000,0.17250000000000004,0.498,True,0.32549999999999996,0.32549999999999996,0.3935,0.3935,-0.22099999999999997,0.10450000000000001,0.0,0.0,0.3255
rep0405,0.61,0.61,alg3,0.15,0.0,0.0,0.15,abs_005_005,1000,2000,0.5905,0.8875,True,0.29699999999999993,0.29699999999999993,0.776,0.776,-0.1855,0.11149999999999993,0.0,0.0,0.29699999999999993
rep0406,0.17,0.171,alg3,0.15,0.0,0.0,0.15,abs_005_005,1000,2000,0.04850000000000004,0.3825,True,0.33399999999999996,0.33399999999999996,0.2535,0.2535,-0.20499999999999996,0.129,0.0,0.0,0.33399999999999996
rep0407,0.16,0.157,alg3,0.15,0.0,0.0,0.15,abs_005_005,1000,2000,0.06500000000000006,0.421,True,0.3559999999999999,0.3559999999999999,0.304,0.304,-0.23899999999999993,0.11699999999999999,0.0,0.0,0.3559999999999999
rep0408,0.27,0.267,alg3,0.15,0.0,0.0,0.15,abs_005_005,1000,2000,0.07850000000000001,0.40549999999999997,True,0.32699999999999996,0.32699999999999996,0.285,0.285,-0.20649999999999996,0.12050000000000002,0.0,0.0,0.32699999999999996
rep0409,0.61,0.615,alg3,0.15,0.0,0.0,0.15,abs_005_005,1000,2000,0.44800000000000006,0.6825000000000001,True,0.23450000000000004,0.23450000000000004,0.6205,0.6205,-0.1725,0.062,0.0,0.0,0.2345
rep0410,0.50,0.496,alg3,0.15,0.0,0.0,0.15,abs_005_005,1000,2000,0.12299999999999994,0.40900000000000003,False,0.2860000000000001,0.2860000000000001,0.291,0.291,-0.16800000000000004,0.11800000000000002,0.0,0.0,0.28600000000000003
rep0411,0.46,0.461,alg3,0.15,0.0,0.0,0.15,abs_005_005,1000,2000,0.4304999999999999,0.6719999999999999,True,0.24150000000000005,0.24150000000000005,0.599,0.599,-0.1685000000000001,0.07299999999999995,0.0,0.0,0.24150000000000005
rep0412,0.28,0.281,alg3,0.15,0.0,0.0,0.15,abs_005_005,1000,2000,0.032,0.352,True,0.31999999999999995,0.31999999999999995,0.2175,0.2175,-0.1855,0.1345,0.0,0.0,0.32
rep0413,0.43,0.431,alg3,0.15,0.0,0.0,0.15,abs_005_005,1000,2000,0.4115000000000001,0.6785,True,0.2669999999999999,0.2669999999999999,0.6125,0.6125,-0.20099999999999996,0.06599999999999995,0.0,0.0,0.2669999999999999
rep0414,0.62,0.616,alg3,0.15,0.0,0.0,0.15,abs_005_005,1000,2000,0.5419999999999999,0.821,True,0.279,0.279,0.73,0.73,-0.18800000000000006,0.09100000000000003,0.0,0.0,0.2790000000000001
rep0415,0.18,0.181,alg3,0.15,0.0,0.0,0.15,abs_005_005,1000,2000,0.034499999999999975,0.39449999999999996,True,0.36,0.36,0.2535,0.2535,-0.21900000000000003,0.14099999999999996,0.0,0.0,0.36
rep0416,0.02,0.016,alg3,0.15,0.0,0.0,0.15,abs_005_005,1000,2000,0.027999999999999997,0.3285,False,0.3005,0.3005,0.229,0.229,-0.201,0.09950000000000003,0.0,0.0,0.30050000000000004
rep0417,0.94,0.945,alg3,0.15,0.0,0.0,0.15,abs_005_005,1000,2000,0.7745,1.0779999999999998,True,0.3034999999999999,0.22550000000000003,0.967,0.967,-0.1925,0.11099999999999999,0.0,0.0,0.3035
rep0418,0.53,0.531,alg3,0.15,0.0,0.0,0.15,abs_005_005,1000,2000,0.4235,0.719,True,0.2955,0.2955,0.649,0.649,-0.2255,0.06999999999999995,0.0,0.0,0.2955
rep0419,0.42,0.425,alg3,0.15,0.0,0.0,0.15,abs_005_005,1000,2000,0.36349999999999993,0.7049999999999998,True,0.3414999999999999,0.3414999999999999,0.563,0.563,-0.1995,0.1419999999999999,0.0,0.0,0.3414999999999999
rep0420,0.85,0.847,alg3,0.15,0.0,0.0,0.15,abs_005_005,1000,2000,0.7425,1.054,True,0.3115,0.25749999999999995,0.9575,0.9575,-0.21499999999999997,0.0965,0.0,0.0,0.3115
rep0421,0.73,0.732,alg3,0.15,0.0,0.0,0.15,abs_005_005,1000,2000,0.5485,0.853,True,0.3045,0.3045,0.7395,0.7395,-0.191,0.11349999999999999,0.0,0.0,0.3045
rep0422,0.36,0.36,alg3,0.15,0.0,0.0,0.15,abs_005_005,1000,2000,0.269,0.52,True,0.251,0.251,0.4315,0.4315,-0.16249999999999998,0.08849999999999997,0.0,0.0,0.25099999999999995
rep0423,0.77,0.769,alg3,0.15,0.0,0.0,0.15,abs_005_005,1000,2000,0.7745,1.016,False,0.24150000000000005,0.22550000000000003,0.943,0.943,-0.16849999999999998,0.07300000000000001,0.0,0.0,0.2415
rep0424,0.36,0.361,alg3,0.15,0.0,0.0,0.15,abs_005_005,1000,2000,0.23150000000000004,0.503,True,0.27149999999999996,0.27149999999999996,0.4425,0.4425,-0.21099999999999997,0.0605,0.0,0.0,0.27149999999999996
rep0425,0.41,0.409,alg3,0.15,0.0,0.0,0.15,abs_005_005,1000,2000,0.30300000000000005,0.5805,True,0.27749999999999997,0.27749999999999997,0.487,0.487,-0.18399999999999994,0.09349999999999997,0.0,0.0,0.2774999999999999
rep0426,0.89,0.885,alg3,0.15,0.0,0.0,0.15,abs_005_005,1000,2000,0.6925,1.037,True,0.3444999999999999,0.3075,0.9335,0.9335,-0.241,0.10349999999999993,0.0,0.0,0.3444999999999999
rep0427,0.68,0.677,alg3,0.15,0.0,0.0,0.15,abs_005_005,1000,2000,0.4060000000000001,0.7200000000000001,True,0.314,0.314,0.6065,0.6065,-0.20049999999999996,0.11350000000000005,0.0,0.0,0.314
rep0428,0.38,0.38,alg3,0.15,0.0,0.0,0.15,abs_005_005,1000,2000,0.1865,0.479,True,0.2925,0.2925,0.348,0.348,-0.16149999999999998,0.131,0.0,0.0,0.2925
rep0429,0.57,0.574,alg3,0.15,0.0,0.0,0.15,abs_005_005,1000,2000,0.3945,0.6465000000000001,True,0.25200000000000006,0.25200000000000006,0.5805,0.5805,-0.186,0.066,0.0,0.0,0.252
rep0430,0.62,0.623,alg3,0.15,0.0,0.0,0.15,abs_005_005,1000,2000,0.42949999999999994,0.7334999999999999,True,0.304,0.304,0.6365,0.6365,-0.20700000000000002,0.09699999999999998,0.0,0.0,0.304
rep0431,0.53,0.53,alg3,0.15,0.0,0.0,0.15,abs_005_005,1000,2000,0.30399999999999994,0.6144999999999999,True,0.3105,0.3105,0.5125,0.5125,-0.20850000000000002,0.10199999999999998,0.0,0.0,0.3105
rep0432,0.85,0.855,alg3,0.15,0.0,0.0,0.15,abs_005_005,1000,2000,0.6795,1.0225,True,0.34299999999999997,0.3205,0.8785,0.8785,-0.199,0.14400000000000002,0.0,0.0,0.343
rep0433,0.59,0.591,alg3,0.15,0.0,0.0,0.15,abs_005_005,1000,2000,0.526,0.784,True,0.258,0.258,0.7065,0.7065,-0.1805,0.07750000000000001,0.0,0.0,0.258
rep0434,0.32,0.318,alg3,0.15,0.0,0.0,0.15,abs_005_005,1000,2000,0.202,0.46149999999999997,True,0.25949999999999995,0.25949999999999995,0.3835,0.3835,-0.1815,0.07799999999999996,0.0,0.0,0.25949999999999995
rep0435,0.15,0.148,alg3,0.15,0.0,0.0,0.15,abs_005_005,1000,2000,-0.02600000000000005,0.25449999999999995,True,0.28049999999999997,0.25449999999999995,0.158,0.158,-0.18400000000000005,0.09649999999999997,0.0,0.0,0.2805
rep0436,0.53,0.53,alg3,0.15,0.0,0.0,0.15,abs_005_005,1000,2000,0.3890000000000001,0.716,True,0.32699999999999985,0.32699999999999985,0.56,0.56,-0.17099999999999993,0.15599999999999997,0.0,0.0,0.3269999999999999
rep0437,0.37,0.373,alg3,0.15,0.0,0.0,0.15,abs_005_005,1000,2000,0.3205,0.6980000000000001,True,0.37750000000000006,0.37750000000000006,0.5605,0.5605,-0.24,0.13750000000000007,0.0,0.0,0.37750000000000006
rep0438,0.90,0.902,alg3,0.15,0.0,0.0,0.15,abs_005_005,1000,2000,0.8394999999999999,1.0905,True,0.2510000000000001,0.1605000000000001,1.0,1.0,-0.16050000000000003,0.09050000000000002,0.0,0.0,0.25100000000000006
rep0439,0.52,0.52,alg3,0.15,0.0,0.0,0.15,abs_005_005,1000,2000,0.33,0.6140000000000001,True,0.2840000000000001,0.2840000000000001,0.4755,0.4755,-0.14549999999999996,0.13850000000000007,0.0,0.0,0.28400000000000003
rep0440,0.06,0.058,alg3,0.15,0.0,0.0,0.15,abs_005_005,1000,2000,-0.13649999999999995,0.1905,True,0.32699999999999996,0.1905,0.0515,0.0515,-0.18799999999999994,0.139,0.0,0.0,0.32699999999999996
rep0441,0.24,0.24,alg3,0.15,0.0,0.0,0.15,abs_005_005,1000,2000,0.13000000000000006,0.3125,True,0.18249999999999994,0.18249999999999994,0.274,0.274,-0.14399999999999996,0.038500000000000006,0.0,0.0,0.18249999999999997
rep0442,0.34,0.335,alg3,0.15,0.0,0.0,0.15,abs_005_005,1000,2000,0.24800000000000005,0.4855000000000001,True,0.23750000000000004,0.23750000000000004,0.3945,0.3945,-0.14649999999999996,0.09100000000000008,0.0,0.0,0.23750000000000004
rep0443,0.41,0.408,alg3,0.15,0.0,0.0,0.15,abs_005_005,1000,2000,0.22799999999999992,0.511,True,0.2830000000000001,0.2830000000000001,0.3975,0.3975,-0.1695000000000001,0.11349999999999999,0.0,0.0,0.2830000000000001
rep0444,0.85,0.851,alg3,0.15,0.0,0.0,0.15,abs_005_005,1000,2000,0.6625,0.974,True,0.3115,0.3115,0.889,0.889,-0.22650000000000003,0.08499999999999996,0.0,0.0,0.3115
rep0445,0.25,0.249,alg3,0.15,0.0,0.0,0.15,abs_005_005,1000,2000,0.20399999999999996,0.5645,True,0.36050000000000004,0.36050000000000004,0.4245,0.4245,-0.22050000000000003,0.14,0.0,0.0,0.36050000000000004
rep0446,0.61,0.614,alg3,0.15,0.0,0.0,0.15,abs_005_005,1000,2000,0.3175,0.6225,True,0.30500000000000005,0.30500000000000005,0.481,0.481,-0.16349999999999998,0.14150000000000007,0.0,0.0,0.30500000000000005
rep0447,0.92,0.918,alg3,0.15,0.0,0.0,0.15,abs_005_005,1000,2000,0.6824999999999999,0.951,True,0.26850000000000007,0.26850000000000007,0.8755,0.8755,-0.193,0.07550000000000001,0.0,0.0,0.2685
rep0448,0.80,0.795,alg3,0.15,0.0,0.0,0.15,abs_005_005,1000,2000,0.491,0.8654999999999999,True,0.37449999999999994,0.37449999999999994,0.7165,0.7165,-0.22550000000000003,0.1489999999999999,0.0,0.0,0.37449999999999994
rep0449,0.35,0.354,alg3,0.15,0.0,0.0,0.15,abs_005_005,1000,2000,0.41899999999999993,0.7175,False,0.2985000000000001,0.2985000000000001,0.621,0.621,-0.20200000000000007,0.09650000000000003,0.0,0.0,0.2985000000000001
rep0450,0.90,0.898,alg3,0.15,0.0,0.0,0.15,abs_005_005,1000,2000,0.802,1.153,True,0.351,0.19799999999999995,1.0,1.0,-0.19799999999999995,0.15299999999999997,0.0,0.0,0.3509999999999999
rep0451,0.87,0.874,alg3,0.15,0.0,0.0,0.15,abs_005_005,1000,2000,0.7515,1.067,True,0.3155,0.24850000000000005,0.956,0.956,-0.20450000000000002,0.111,0.0,0.0,0.3155
rep0452,0.40,0.395,alg3,0.15,0.0,0.0,0.15,abs_005_005,1000,2000,0.22549999999999998,0.5169999999999999,True,0.2914999999999999,0.2914999999999999,0.411,0.411,-0.1855,0.10599999999999998,0.0,0.0,0.2915
rep0453,0.11,0.106,alg3,0.15,0.0,0.0,0.15,abs_005_005,1000,2000,0.04550000000000004,0.31450000000000006,True,0.269,0.269,0.191,0.191,-0.14549999999999996,0.12350000000000005,0.0,0.0,0.269
rep0454,0.59,0.591,alg3,0.15,0.0,0.0,0.15,abs_005_005,1000,2000,0.5810000000000001,0.8505,True,0.26949999999999996,0.26949999999999996,0.787,0.787,-0.20599999999999996,0.0635,0.0,0.0,0.26949999999999996
rep0455,0.56,0.565,alg3,0.15,0.0,0.0,0.15,abs_005_005,1000,2000,0.588,0.894,False,0.30600000000000005,0.30600000000000005,0.7755,0.7755,-0.1875,0.11850000000000005,0.0,0.0,0.30600000000000005
rep0456,0.62,0.625,alg3,0.15,0.0,0.0,0.15,abs_005_005,1000,2000,0.553,0.8465,True,0.2935,0.2935,0.7305,0.7305,-0.1775,0.11599999999999999,0.0,0.0,0.2935
rep0457,0.26,0.261,alg3,0.15,0.0,0.0,0.15,abs_005_005,1000,2000,0.14049999999999999,0.4205,True,0.28,0.28,0.311,0.311,-0.1705,0.10949999999999999,0.0,0.0,0.28
rep0458,0.59,0.594,alg3,0.15,0.0,0.0,0.15,abs_005_005,1000,2000,0.46950000000000003,0.7355,True,0.266,0.266,0.629,0.629,-0.15949999999999998,0.10650000000000001,0.0,0.0,0.266
rep0459,0.78,0.784,alg3,0.15,0.0,0.0,0.15,abs_005_005,1000,2000,0.6900000000000001,0.9329999999999999,True,0.24299999999999988,0.24299999999999988,0.8545,0.8545,-0.16449999999999998,0.0784999999999999,0.0,0.0,0.24299999999999988
rep0460,0.62,0.624,alg3,0.15,0.0,0.0,0.15,abs_005_005,1000,2000,0.36950000000000005,0.722,True,0.3524999999999999,0.3524999999999999,0.618,0.618,-0.24849999999999994,0.10400000000000001,0.0,0.0,0.3524999999999999
rep0461,0.80,0.796,alg3,0.15,0.0,0.0,0.15,abs_005_005,1000,2000,0.683,1.052,True,0.369,0.31699999999999995,0.89,0.89,-0.20700000000000002,0.16200000000000003,0.0,0.0,0.36900000000000005
rep0462,0.81,0.815,alg3,0.15,0.0,0.0,0.15,abs_005_005,1000,2000,0.5409999999999999,0.8549999999999999,True,0.31399999999999995,0.31399999999999995,0.7565,0.7565,-0.21549999999999997,0.09849999999999992,0.0,0.0,0.3139999999999999
rep0463,0.67,0.671,alg3,0.15,0.0,0.0,0.15,abs_005_005,1000,2000,0.45299999999999996,0.7170000000000001,True,0.2640000000000001,0.2640000000000001,0.641,0.641,-0.18800000000000006,0.07600000000000001,0.0,0.0,0.26400000000000007
rep0464,0.26,0.257,alg3,0.15,0.0,0.0,0.15,abs_005_005,1000,2000,-0.168,0.24599999999999997,False,0.414,0.24599999999999997,0.147,0.147,-0.315,0.09899999999999998,0.0,0.0,0.414
rep0465,0.72,0.721,alg3,0.15,0.0,0.0,0.15,abs_005_005,1000,2000,0.4225,0.7200000000000001,False,0.2975000000000001,0.2975000000000001,0.665,0.665,-0.24250000000000005,0.05500000000000005,0.0,0.0,0.2975000000000001
rep0466,0.19,0.191,alg3,0.15,0.0,0.0,0.15,abs_005_005,1000,2000,0.08549999999999996,0.37300000000000005,True,0.2875000000000001,0.2875000000000001,0.2535,0.2535,-0.16800000000000004,0.11950000000000005,0.0,0.0,0.2875000000000001
rep0467,0.28,0.278,alg3,0.15,0.0,0.0,0.15,abs_005_005,1000,2000,0.41,0.7444999999999999,False,0.33449999999999996,0.33449999999999996,0.6425,0.6425,-0.23249999999999998,0.10199999999999998,0.0,0.0,0.33449999999999996
rep0468,0.30,0.297,alg3,0.15,0.0,0.0,0.15,abs_005_005,1000,2000,0.34950000000000003,0.5840000000000001,False,0.23450000000000004,0.23450000000000004,0.484,0.484,-0.13449999999999995,0.10000000000000003,0.0,0.0,0.2345
rep0469,0.70,0.697,alg3,0.15,0.0,0.0,0.15,abs_005_005,1000,2000,0.575,0.832,True,0.257,0.257,0.7695,0.7695,-0.1945,0.0625,0.0,0.0,0.257
rep0470,0.76,0.757,alg3,0.15,0.0,0.0,0.15,abs_005_005,1000,2000,0.6935,1.0095,True,0.31600000000000006,0.3065,0.886,0.886,-0.1925,0.1235,0.0,0.0,0.316
rep0471,0.30,0.302,alg3,0.15,0.0,0.0,0.15,abs_005_005,1000,2000,0.061000000000000026,0.3205,True,0.25949999999999995,0.25949999999999995,0.24,0.24,-0.17899999999999996,0.08050000000000002,0.0,0.0,0.25949999999999995
rep0472,0.45,0.451,alg3,0.15,0.0,0.0,0.15,abs_005_005,1000,2000,0.2445,0.556,True,0.31150000000000005,0.31150000000000005,0.447,0.447,-0.2025,0.10899999999999999,0.0,0.0,0.3115
rep0473,0.53,0.525,alg3,0.15,0.0,0.0,0.15,abs_005_005,1000,2000,0.36150000000000004,0.6725,True,0.31099999999999994,0.31099999999999994,0.5635,0.5635,-0.20199999999999996,0.10899999999999999,0.0,0.0,0.31099999999999994
rep0474,0.37,0.374,alg3,0.15,0.0,0.0,0.15,abs_005_005,1000,2000,0.13349999999999995,0.45099999999999996,True,0.3175,0.3175,0.2895,0.2895,-0.15600000000000003,0.1615,0.0,0.0,0.3175
rep0475,0.52,0.52,alg3,0.15,0.0,0.0,0.15,abs_005_005,1000,2000,0.32549999999999996,0.6004999999999999,True,0.27499999999999997,0.27499999999999997,0.5015,0.5015,-0.176,0.09899999999999998,0.0,0.0,0.27499999999999997
rep0476,0.83,0.828,alg3,0.15,0.0,0.0,0.15,abs_005_005,1000,2000,0.8385,1.088,False,0.24950000000000006,0.16149999999999998,1.0,1.0,-0.16149999999999998,0.08799999999999997,0.0,0.0,0.24949999999999994
rep0477,0.15,0.147,alg3,0.15,0.0,0.0,0.15,abs_005_005,1000,2000,0.161,0.47000000000000003,False,0.30900000000000005,0.30900000000000005,0.324,0.324,-0.163,0.14600000000000002,0.0,0.0,0.30900000000000005
rep0478,0.69,0.685,alg3,0.15,0.0,0.0,0.15,abs_005_005,1000,2000,0.6975,0.9704999999999999,False,0.2729999999999999,0.2729999999999999,0.88,0.88,-0.1825,0.09049999999999991,0.0,0.0,0.2729999999999999
rep0479,0.48,0.478,alg3,0.15,0.0,0.0,0.15,abs_005_005,1000,2000,0.3525000000000001,0.6605000000000001,True,0.308,0.308,0.561,0.561,-0.20849999999999996,0.0995,0.0,0.0,0.30799999999999994
rep0480,0.65,0.654,alg3,0.15,0.0,0.0,0.15,abs_005_005,1000,2000,0.5355,0.7775,True,0.242,0.242,0.699,0.699,-0.16349999999999998,0.07850000000000001,0.0,0.0,0.242
rep0481,0.62,0.62,alg3,0.15,0.0,0.0,0.15,abs_005_005,1000,2000,0.5755000000000001,0.8475000000000001,True,0.272,0.272,0.7495,0.7495,-0.174,0.09800000000000003,0.0,0.0,0.272
rep0482,0.39,0.388,alg3,0.15,0.0,0.0,0.15,abs_005_005,1000,2000,0.30200000000000005,0.6475,True,0.3454999999999999,0.3454999999999999,0.505,0.505,-0.20299999999999996,0.14249999999999996,0.0,0.0,0.3454999999999999
rep0483,0.47,0.468,alg3,0.15,0.0,0.0,0.15,abs_005_005,1000,2000,0.39250000000000007,0.6094999999999999,True,0.21699999999999986,0.21699999999999986,0.506,0.506,-0.11349999999999993,0.10349999999999998,0.0,0.0,0.21699999999999992
rep0484,0.66,0.658,alg3,0.15,0.0,0.0,0.15,abs_005_005,1000,2000,0.6155,0.9285000000000001,True,0.31300000000000006,0.31300000000000006,0.807,0.807,-0.1915,0.12150000000000005,0.0,0.0,0.31300000000000006
rep0485,0.23,0.235,alg3,0.15,0.0,0.0,0.15,abs_005_005,1000,2000,0.05900000000000005,0.3615,True,0.30249999999999994,0.30249999999999994,0.245,0.245,-0.18599999999999994,0.1165,0.0,0.0,0.30249999999999994
rep0486,0.74,0.741,alg3,0.15,0.0,0.0,0.15,abs_005_005,1000,2000,0.6625,1.0135,True,0.3510000000000001,0.3375,0.871,0.871,-0.20850000000000002,0.14250000000000002,0.0,0.0,0.35100000000000003
rep0487,0.39,0.386,alg3,0.15,0.0,0.0,0.15,abs_005_005,1000,2000,0.3405,0.5885,True,0.248,0.248,0.492,0.492,-0.15149999999999997,0.09650000000000003,0.0,0.0,0.248
rep0488,0.93,0.934,alg3,0.15,0.0,0.0,0.15,abs_005_005,1000,2000,0.6479999999999999,0.9484999999999999,True,0.3005,0.3005,0.83,0.83,-0.18200000000000005,0.1185,0.0,0.0,0.30050000000000004
rep0489,0.65,0.652,alg3,0.15,0.0,0.0,0.15,abs_005_005,1000,2000,0.5279999999999999,0.7769999999999999,True,0.249,0.249,0.709,0.709,-0.18100000000000005,0.068,0.0,0.0,0.24900000000000005
rep0490,0.75,0.746,alg3,0.15,0.0,0.0,0.15,abs_005_005,1000,2000,0.6094999999999999,0.9269999999999999,True,0.3175,0.3175,0.832,0.832,-0.22249999999999998,0.09499999999999997,0.0,0.0,0.31749999999999995
rep0491,0.71,0.712,alg3,0.15,0.0,0.0,0.15,abs_005_005,1000,2000,0.7095,1.0334999999999999,True,0.32399999999999984,0.2905,0.9095,0.9095,-0.2,0.12399999999999999,0.0,0.0,0.324
rep0492,0.89,0.893,alg3,0.15,0.0,0.0,0.15,abs_005_005,1000,2000,0.7224999999999999,1.0135,True,0.29100000000000015,0.2775000000000001,0.9195,0.9195,-0.19700000000000006,0.09399999999999997,0.0,0.0,0.29100000000000004
rep0493,0.28,0.281,alg3,0.15,0.0,0.0,0.15,abs_005_005,1000,2000,0.06899999999999998,0.3355,True,0.26650000000000007,0.26650000000000007,0.2035,0.2035,-0.1345,0.132,0.0,0.0,0.2665
rep0494,0.41,0.413,alg3,0.15,0.0,0.0,0.15,abs_005_005,1000,2000,0.26849999999999996,0.517,True,0.24850000000000005,0.24850000000000005,0.4495,0.4495,-0.18100000000000005,0.0675,0.0,0.0,0.24850000000000005
rep0495,0.69,0.694,alg3,0.15,0.0,0.0,0.15,abs_005_005,1000,2000,0.47550000000000003,0.8455,True,0.37,0.37,0.7055,0.7055,-0.22999999999999998,0.14,0.0,0.0,0.37
rep0496,0.57,0.567,alg3,0.15,0.0,0.0,0.15,abs_005_005,1000,2000,0.35850000000000004,0.6900000000000001,True,0.3315,0.3315,0.6135,0.6135,-0.255,0.07650000000000001,0.0,0.0,0.3315
rep0497,0.91,0.907,alg3,0.15,0.0,0.0,0.15,abs_005_005,1000,2000,0.7869999999999999,1.104,True,0.31700000000000017,0.21300000000000008,1.0,1.0,-0.21300000000000008,0.10399999999999998,0.0,0.0,0.31700000000000006
rep0498,0.30,0.304,alg3,0.15,0.0,0.0,0.15,abs_005_005,1000,2000,-0.020500000000000018,0.25499999999999995,False,0.27549999999999997,0.25499999999999995,0.191,0.191,-0.21150000000000002,0.06399999999999995,0.0,0.0,0.27549999999999997
rep0499,0.94,0.937,alg3,0.15,0.0,0.0,0.15,abs_005_005,1000,2000,0.7585000000000001,1.0285,True,0.2699999999999999,0.24149999999999994,0.924,0.924,-0.16549999999999998,0.10449999999999998,0.0,0.0,0.26999999999999996
rep0500,0.57,0.571,alg3,0.15,0.0,0.0,0.15,abs_005_005,1000,2000,0.522,0.756,True,0.23399999999999999,0.23399999999999999,0.6865,0.6865,-0.16450000000000004,0.0695,0.0,0.0,0.23400000000000004
rep0501,0.40,0.403,alg3,0.15,0.0,0.0,0.15,abs_005_005,1000,2000,0.07649999999999998,0.3825,False,0.30600000000000005,0.30600000000000005,0.316,0.316,-0.23950000000000002,0.0665,0.0,0.0,0.30600000000000005
rep0502,0.13,0.127,alg3,0.15,0.0,0.0,0.15,abs_005_005,1000,2000,0.018000000000000016,0.3495,True,0.33149999999999996,0.33149999999999996,0.23,0.23,-0.212,0.11949999999999997,0.0,0.0,0.33149999999999996
rep0503,0.91,0.906,alg3,0.15,0.0,0.0,0.15,abs_005_005,1000,2000,0.712,1.0859999999999999,True,0.3739999999999999,0.28800000000000003,0.966,0.966,-0.25399999999999995,0.12,0.0,0.0,0.37399999999999994
rep0504,0.48,0.476,alg3,0.15,0.0,0.0,0.15,abs_005_005,1000,2000,0.3895,0.7805000000000001,True,0.39100000000000007,0.39100000000000007,0.6105,0.6105,-0.22100000000000003,0.17,0.0,0.0,0.391
rep0505,0.49,0.495,alg3,0.15,0.0,0.0,0.15,abs_005_005,1000,2000,0.4019999999999999,0.6595,True,0.25750000000000006,0.25750000000000006,0.572,0.572,-0.17000000000000004,0.08750000000000002,0.0,0.0,0.25750000000000006
rep0506,0.52,0.515,alg3,0.15,0.0,0.0,0.15,abs_005_005,1000,2000,0.31399999999999995,0.5209999999999999,True,0.20699999999999996,0.20699999999999996,0.471,0.471,-0.15700000000000003,0.04999999999999999,0.0,0.0,0.20700000000000002
rep0507,0.73,0.727,alg3,0.15,0.0,0.0,0.15,abs_005_005,1000,2000,0.7195,1.08,True,0.36050000000000004,0.28049999999999997,0.9415,0.9415,-0.22199999999999998,0.13850000000000007,0.0,0.0,0.36050000000000004
rep0508,0.41,0.414,alg3,0.15,0.0,0.0,0.15,abs_005_005,1000,2000,0.14150000000000001,0.39649999999999996,False,0.25499999999999995,0.25499999999999995,0.31,0.31,-0.16849999999999998,0.08649999999999997,0.0,0.0,0.25499999999999995
rep0509,0.62,0.623,alg3,0.15,0.0,0.0,0.15,abs_005_005,1000,2000,0.623,0.8715,True,0.24850000000000005,0.24850000000000005,0.8355,0.8355,-0.21249999999999997,0.03600000000000003,0.0,0.0,0.2485
rep0510,0.56,0.563,alg3,0.15,0.0,0.0,0.15,abs_005_005,1000,2000,0.14849999999999997,0.44200000000000006,False,0.2935000000000001,0.2935000000000001,0.388,0.388,-0.23950000000000005,0.05400000000000005,0.0,0.0,0.2935000000000001
rep0511,0.46,0.459,alg3,0.15,0.0,0.0,0.15,abs_005_005,1000,2000,0.15150000000000008,0.412,False,0.2604999999999999,0.2604999999999999,0.338,0.338,-0.18649999999999994,0.07399999999999995,0.0,0.0,0.2604999999999999
rep0512,0.43,0.426,alg3,0.15,0.0,0.0,0.15,abs_005_005,1000,2000,0.32999999999999996,0.613,True,0.28300000000000003,0.28300000000000003,0.5485,0.5485,-0.2185,0.0645,0.0,0.0,0.28300000000000003
rep0513,0.84,0.839,alg3,0.15,0.0,0.0,0.15,abs_005_005,1000,2000,0.8,1.064,True,0.264,0.19999999999999996,1.0,1.0,-0.2,0.06400000000000003,0.0,0.0,0.264
rep0514,0.60,0.596,alg3,0.15,0.0,0.0,0.15,abs_005_005,1000,2000,0.433,0.7424999999999999,True,0.30949999999999994,0.30949999999999994,0.597,0.597,-0.16399999999999998,0.14549999999999996,0.0,0.0,0.30949999999999994
rep0515,0.81,0.811,alg3,0.15,0.0,0.0,0.15,abs_005_005,1000,2000,0.8605,1.068,False,0.20750000000000002,0.13949999999999996,0.993,0.993,-0.1325,0.07500000000000001,0.0,0.0,0.20750000000000002
rep0516,0.60,0.6,alg3,0.15,0.0,0.0,0.15,abs_005_005,1000,2000,0.43899999999999995,0.7939999999999999,True,0.355,0.355,0.689,0.689,-0.25,0.10499999999999998,0.0,0.0,0.355
rep0517,0.45,0.446,alg3,0.15,0.0,0.0,0.15,abs_005_005,1000,2000,0.28849999999999987,0.6219999999999999,True,0.3335,0.3335,0.5005,0.5005,-0.21200000000000008,0.12149999999999994,0.0,0.0,0.3335
rep0518,0.15,0.151,alg3,0.15,0.0,0.0,0.15,abs_005_005,1000,2000,0.16749999999999998,0.469,False,0.3015,0.3015,0.359,0.359,-0.1915,0.11,0.0,0.0,0.3015
rep0519,0.54,0.542,alg3,0.15,0.0,0.0,0.15,abs_005_005,1000,2000,0.31799999999999995,0.6154999999999999,True,0.2975,0.2975,0.5065,0.5065,-0.1885,0.10899999999999999,0.0,0.0,0.2975
rep0520,0.43,0.435,alg3,0.15,0.0,0.0,0.15,abs_005_005,1000,2000,0.43699999999999994,0.704,False,0.267,0.267,0.6005,0.6005,-0.1635000000000001,0.10349999999999998,0.0,0.0,0.26700000000000007
rep0521,0.59,0.592,alg3,0.15,0.0,0.0,0.15,abs_005_005,1000,2000,0.5065000000000001,0.788,True,0.2815,0.2815,0.678,0.678,-0.1715,0.10999999999999999,0.0,0.0,0.2815
rep0522,0.38,0.38,alg3,0.15,0.0,0.0,0.15,abs_005_005,1000,2000,0.21849999999999997,0.5465,True,0.328,0.328,0.42,0.42,-0.2015,0.12649999999999995,0.0,0.0,0.32799999999999996
rep0523,0.50,0.503,alg3,0.15,0.0,0.0,0.15,abs_005_005,1000,2000,0.261,0.5445,True,0.2835,0.2835,0.4455,0.4455,-0.1845,0.099,0.0,0.0,0.2835
rep0524,0.49,0.495,alg3,0.15,0.0,0.0,0.15,abs_005_005,1000,2000,0.4295,0.6895,True,0.26,0.26,0.614,0.614,-0.1845,0.07549999999999996,0.0,0.0,0.25999999999999995
rep0525,0.87,0.868,alg3,0.15,0.0,0.0,0.15,abs_005_005,1000,2000,0.746,1.0234999999999999,True,0.27749999999999986,0.254,0.9415,0.9415,-0.1955,0.08199999999999996,0.0,0.0,0.27749999999999997
rep0526,0.81,0.811,alg3,0.15,0.0,0.0,0.15,abs_005_005,1000,2000,0.7589999999999999,1.1039999999999999,True,0.345,0.2410000000000001,0.939,0.939,-0.18000000000000005,0.16499999999999998,0.0,0.0,0.34500000000000003
rep0527,0.34,0.335,alg3,0.15,0.0,0.0,0.15,abs_005_005,1000,2000,0.126,0.404,True,0.278,0.278,0.3215,0.3215,-0.1955,0.08250000000000002,0.0,0.0,0.278
rep0528,0.53,0.531,alg3,0.15,0.0,0.0,0.15,abs_005_005,1000,2000,0.3539999999999999,0.665,True,0.3110000000000001,0.3110000000000001,0.59,0.59,-0.23600000000000004,0.07500000000000007,0.0,0.0,0.3110000000000001
rep0529,0.69,0.69,alg3,0.15,0.0,0.0,0.15,abs_005_005,1000,2000,0.43300000000000005,0.7494999999999999,True,0.3164999999999999,0.3164999999999999,0.6535,0.6535,-0.22049999999999992,0.096,0.0,0.0,0.3164999999999999
rep0530,0.76,0.756,alg3,0.15,0.0,0.0,0.15,abs_005_005,1000,2000,0.62,0.9015000000000001,True,0.2815000000000001,0.2815000000000001,0.8165,0.8165,-0.1965,0.08500000000000008,0.0,0.0,0.2815000000000001
rep0531,0.35,0.347,alg3,0.15,0.0,0.0,0.15,abs_005_005,1000,2000,-0.04400000000000001,0.20750000000000005,False,0.25150000000000006,0.20750000000000005,0.1545,0.1545,-0.1985,0.05300000000000005,0.0,0.0,0.25150000000000006
rep0532,0.90,0.901,alg3,0.15,0.0,0.0,0.15,abs_005_005,1000,2000,0.7935,1.072,True,0.2785000000000001,0.20650000000000002,0.975,0.975,-0.1815,0.097,0.0,0.0,0.27849999999999997
rep0533,0.50,0.499,alg3,0.15,0.0,0.0,0.15,abs_005_005,1000,2000,0.2605,0.529,True,0.2685,0.2685,0.4475,0.4475,-0.187,0.08150000000000002,0.0,0.0,0.2685
rep0534,0.76,0.764,alg3,0.15,0.0,0.0,0.15,abs_005_005,1000,2000,0.625,0.9105,True,0.2855,0.2855,0.7925,0.7925,-0.1675,0.11800000000000002,0.0,0.0,0.28550000000000003
rep0535,0.71,0.71,alg3,0.15,0.0,0.0,0.15,abs_005_005,1000,2000,0.482,0.798,True,0.31600000000000006,0.31600000000000006,0.714,0.714,-0.23199999999999998,0.08400000000000007,0.0,0.0,0.31600000000000006
rep0536,0.33,0.331,alg3,0.15,0.0,0.0,0.15,abs_005_005,1000,2000,0.2765,0.522,True,0.2455,0.2455,0.436,0.436,-0.15949999999999998,0.08600000000000008,0.0,0.0,0.24550000000000005
rep0537,0.43,0.43,alg3,0.15,0.0,0.0,0.15,abs_005_005,1000,2000,0.2695,0.5314999999999999,True,0.26199999999999984,0.26199999999999984,0.4825,0.4825,-0.21299999999999997,0.04899999999999993,0.0,0.0,0.2619999999999999
rep0538,0.53,0.527,alg3,0.15,0.0,0.0,0.15,abs_005_005,1000,2000,0.379,0.6509999999999999,True,0.2719999999999999,0.2719999999999999,0.57,0.57,-0.19099999999999995,0.08099999999999996,0.0,0.0,0.2719999999999999
rep0539,0.59,0.595,alg3,0.15,0.0,0.0,0.15,abs_005_005,1000,2000,0.5700000000000001,0.9335,True,0.36349999999999993,0.36349999999999993,0.802,0.802,-0.23199999999999998,0.13149999999999995,0.0,0.0,0.36349999999999993
rep0540,0.29,0.292,alg3,0.15,0.0,0.0,0.15,abs_005_005,1000,2000,0.22000000000000008,0.5435000000000001,True,0.3235,0.3235,0.4045,0.4045,-0.18449999999999994,0.139,0.0,0.0,0.32349999999999995
rep0541,0.42,0.425,alg3,0.15,0.0,0.0,0.15,abs_005_005,1000,2000,0.3485,0.5915000000000001,True,0.24300000000000016,0.24300000000000016,0.4925,0.4925,-0.14400000000000002,0.09900000000000009,0.0,0.0,0.2430000000000001
rep0542,0.79,0.786,alg3,0.15,0.0,0.0,0.15,abs_005_005,1000,2000,0.5835,0.843,True,0.25949999999999995,0.25949999999999995,0.763,0.763,-0.1795,0.07999999999999996,0.0,0.0,0.25949999999999995
rep0543,0.39,0.39,alg3,0.15,0.0,0.0,0.15,abs_005_005,1000,2000,0.09300000000000003,0.39899999999999997,True,0.30599999999999994,0.30599999999999994,0.324,0.324,-0.23099999999999998,0.07499999999999996,0.0,0.0,0.30599999999999994
rep0544,0.57,0.574,alg3,0.15,0.0,0.0,0.15,abs_005_005,1000,2000,0.5195,0.8200000000000001,True,0.3005000000000001,0.3005000000000001,0.711,0.711,-0.1915,0.10900000000000004,0.0,0.0,0.30050000000000004
rep0545,0.39,0.388,alg3,0.15,0.0,0.0,0.15,abs_005_005,1000,2000,0.11350000000000005,0.47500000000000003,True,0.3615,0.3615,0.3205,0.3205,-0.20699999999999996,0.15450000000000003,0.0,0.0,0.3615
rep0546,0.60,0.604,alg3,0.15,0.0,0.0,0.15,abs_005_005,1000,2000,0.456,0.7635000000000001,True,0.30750000000000005,0.30750000000000005,0.639,0.639,-0.183,0.1245,0.0,0.0,0.3075
rep0547,0.54,0.538,alg3,0.15,0.0,0.0,0.15,abs_005_005,1000,2000,0.34550000000000003,0.702,True,0.35649999999999993,0.35649999999999993,0.5645,0.5645,-0.21899999999999997,0.13749999999999996,0.0,0.0,0.35649999999999993
rep0548,0.52,0.516,alg3,0.15,0.0,0.0,0.15,abs_005_005,1000,2000,0.31999999999999995,0.5965,True,0.2765000000000001,0.2765000000000001,0.506,0.506,-0.18600000000000005,0.09049999999999997,0.0,0.0,0.2765
rep0549,0.63,0.626,alg3,0.15,0.0,0.0,0.15,abs_005_005,1000,2000,0.7045,1.041,False,0.3364999999999999,0.2955,0.9,0.9,-0.1955,0.14100000000000001,0.0,0.0,0.3365
rep0550,0.99,0.991,alg3,0.15,0.0,0.0,0.15,abs_005_005,1000,2000,0.7270000000000001,1.1295,True,0.40249999999999986,0.2729999999999999,0.9825,0.9825,-0.2555,0.147,0.0,0.0,0.40249999999999997
rep0551,0.86,0.859,alg3,0.15,0.0,0.0,0.15,abs_005_005,1000,2000,0.6559999999999999,0.9605,True,0.3045000000000001,0.3045000000000001,0.839,0.839,-0.18300000000000005,0.12150000000000001,0.0,0.0,0.30450000000000005
rep0552,0.32,0.319,alg3,0.15,0.0,0.0,0.15,abs_005_005,1000,2000,0.09899999999999992,0.399,True,0.3000000000000001,0.3000000000000001,0.311,0.311,-0.21200000000000008,0.088,0.0,0.0,0.30000000000000004
rep0553,0.64,0.636,alg3,0.15,0.0,0.0,0.15,abs_005_005,1000,2000,0.664,0.9745,False,0.3105,0.3105,0.8525,0.8525,-0.1885,0.122,0.0,0.0,0.3105
rep0554,0.00,0.003,alg3,0.15,0.0,0.0,0.15,abs_005_005,1000,2000,0.08100000000000007,0.41950000000000004,False,0.33849999999999997,0.33849999999999997,0.265,0.265,-0.18399999999999994,0.15450000000000003,0.0,0.0,0.33849999999999997
rep0555,0.64,0.644,alg3,0.15,0.0,0.0,0.15,abs_005_005,1000,2000,0.5615,0.7915,True,0.22999999999999998,0.22999999999999998,0.7635,0.7635,-0.20199999999999996,0.028000000000000025,0.0,0.0,0.22999999999999998
rep0556,0.51,0.506,alg3,0.15,0.0,0.0,0.15,abs_005_005,1000,2000,0.3395000000000001,0.6420000000000001,True,0.30250000000000005,0.30250000000000005,0.556,0.556,-0.21649999999999997,0.08600000000000002,0.0,0.0,0.3025
rep0557,0.50,0.498,alg3,0.15,0.0,0.0,0.15,abs_005_005,1000,2000,0.23199999999999998,0.5715,True,0.3395,0.3395,0.4675,0.4675,-0.23550000000000004,0.10399999999999998,0.0,0.0,0.3395
rep0558,0.29,0.29,alg3,0.15,0.0,0.0,0.15,abs_005_005,1000,2000,0.13549999999999995,0.428,True,0.29250000000000004,0.29250000000000004,0.3005,0.3005,-0.16500000000000004,0.1275,0.0,0.0,0.29250000000000004
rep0559,0.44,0.442,alg3,0.15,0.0,0.0,0.15,abs_005_005,1000,2000,0.34349999999999997,0.599,True,0.2555,0.2555,0.4865,0.4865,-0.14300000000000002,0.11249999999999999,0.0,0.0,0.2555
rep0560,0.29,0.291,alg3,0.15,0.0,0.0,0.15,abs_005_005,1000,2000,0.03949999999999998,0.347,True,0.3075,0.3075,0.243,0.243,-0.20350000000000001,0.10400000000000001,0.0,0.0,0.3075
rep0561,0.76,0.76,alg3,0.15,0.0,0.0,0.15,abs_005_005,1000,2000,0.5845,0.8345,True,0.25,0.25,0.7305,0.7305,-0.14600000000000002,0.10399999999999998,0.0,0.0,0.25
rep0562,0.28,0.276,alg3,0.15,0.0,0.0,0.15,abs_005_005,1000,2000,0.124,0.385,True,0.261,0.261,0.3085,0.3085,-0.1845,0.07650000000000001,0.0,0.0,0.261
rep0563,0.68,0.678,alg3,0.15,0.0,0.0,0.15,abs_005_005,1000,2000,0.3865,0.6825,True,0.296,0.296,0.619,0.619,-0.23249999999999998,0.0635,0.0,0.0,0.296
rep0564,0.75,0.751,alg3,0.15,0.0,0.0,0.15,abs_005_005,1000,2000,0.5784999999999999,0.902,True,0.3235000000000001,0.3235000000000001,0.7765,0.7765,-0.19800000000000006,0.12550000000000006,0.0,0.0,0.3235000000000001
rep0565,0.54,0.543,alg3,0.15,0.0,0.0,0.15,abs_005_005,1000,2000,0.4135,0.7155,True,0.30200000000000005,0.30200000000000005,0.61,0.61,-0.1965,0.10550000000000004,0.0,0.0,0.30200000000000005
rep0566,0.24,0.237,alg3,0.15,0.0,0.0,0.15,abs_005_005,1000,2000,0.032,0.2965000000000001,True,0.26450000000000007,0.26450000000000007,0.2325,0.2325,-0.2005,0.06400000000000006,0.0,0.0,0.26450000000000007
rep0567,0.48,0.484,alg3,0.15,0.0,0.0,0.15,abs_005_005,1000,2000,0.29100000000000004,0.5529999999999999,True,0.2619999999999999,0.2619999999999999,0.4605,0.4605,-0.16949999999999998,0.09249999999999997,0.0,0.0,0.26199999999999996
rep0568,0.62,0.625,alg3,0.15,0.0,0.0,0.15,abs_005_005,1000,2000,0.452,0.7805,True,0.32849999999999996,0.32849999999999996,0.6735,0.6735,-0.22149999999999997,0.10699999999999998,0.0,0.0,0.32849999999999996
rep0569,0.60,0.605,alg3,0.15,0.0,0.0,0.15,abs_005_005,1000,2000,0.4545,0.7685000000000001,True,0.31400000000000006,0.31400000000000006,0.7005,0.7005,-0.246,0.06800000000000006,0.0,0.0,0.31400000000000006
rep0570,0.92,0.917,alg3,0.15,0.0,0.0,0.15,abs_005_005,1000,2000,0.8525,1.069,True,0.21649999999999991,0.14749999999999996,1.0,1.0,-0.14750000000000002,0.069,0.0,0.0,0.21650000000000003
rep0571,0.75,0.75,alg3,0.15,0.0,0.0,0.15,abs_005_005,1000,2000,0.5369999999999999,0.8285,True,0.2915000000000001,0.2915000000000001,0.739,0.739,-0.202,0.08950000000000002,0.0,0.0,0.29150000000000004
rep0572,0.57,0.568,alg3,0.15,0.0,0.0,0.15,abs_005_005,1000,2000,0.32199999999999995,0.6065,True,0.2845000000000001,0.2845000000000001,0.471,0.471,-0.14900000000000002,0.1355,0.0,0.0,0.28450000000000003
rep0573,0.73,0.732,alg3,0.15,0.0,0.0,0.15,abs_005_005,1000,2000,0.4935,0.722,False,0.22849999999999998,0.22849999999999998,0.6615,0.6615,-0.16799999999999998,0.0605,0.0,0.0,0.22849999999999998
rep0574,0.64,0.64,alg3,0.15,0.0,0.0,0.15,abs_005_005,1000,2000,0.45100000000000007,0.7350000000000001,True,0.28400000000000003,0.28400000000000003,0.6075,0.6075,-0.15649999999999997,0.1275,0.0,0.0,0.284
rep0575,0.28,0.277,alg3,0.15,0.0,0.0,0.15,abs_005_005,1000,2000,0.21399999999999997,0.48350000000000004,True,0.2695000000000001,0.2695000000000001,0.405,0.405,-0.19100000000000006,0.07849999999999999,0.0,0.0,0.2695000000000001
rep0576,0.70,0.697,alg3,0.15,0.0,0.0,0.15,abs_005_005,1000,2000,0.6755,0.9675,True,0.29200000000000004,0.29200000000000004,0.8685,0.8685,-0.193,0.09899999999999998,0.0,0.0,0.292
rep0577,0.18,0.184,alg3,0.15,0.0,0.0,0.15,abs_005_005,1000,2000,0.18100000000000005,0.49750000000000005,True,0.3165,0.3165,0.3775,0.3775,-0.19649999999999995,0.12000000000000005,0.0,0.0,0.3165
rep0578,0.40,0.401,alg3,0.15,0.0,0.0,0.15,abs_005_005,1000,2000,0.16900000000000004,0.454,True,0.285,0.285,0.3415,0.3415,-0.1725,0.11249999999999999,0.0,0.0,0.285
rep0579,0.36,0.359,alg3,0.15,0.0,0.0,0.15,abs_005_005,1000,2000,0.08450000000000008,0.43100000000000005,True,0.3465,0.3465,0.2645,0.2645,-0.17999999999999994,0.1665,0.0,0.0,0.3464999999999999
rep0580,0.33,0.329,alg3,0.15,0.0,0.0,0.15,abs_005_005,1000,2000,0.09849999999999998,0.46299999999999997,True,0.3645,0.3645,0.3485,0.3485,-0.25,0.11449999999999999,0.0,0.0,0.3645
rep0581,0.28,0.283,alg3,0.15,0.0,0.0,0.15,abs_005_005,1000,2000,0.246,0.5865,True,0.3405,0.3405,0.424,0.424,-0.178,0.16249999999999998,0.0,0.0,0.34049999999999997
rep0582,0.56,0.564,alg3,0.15,0.0,0.0,0.15,abs_005_005,1000,2000,0.17949999999999994,0.55,False,0.3705000000000001,0.3705000000000001,0.4085,0.4085,-0.22900000000000004,0.14150000000000007,0.0,0.0,0.3705000000000001
rep0583,0.34,0.342,alg3,0.15,0.0,0.0,0.15,abs_005_005,1000,2000,0.2015,0.49299999999999994,True,0.2914999999999999,0.2914999999999999,0.417,0.417,-0.21549999999999997,0.07599999999999996,0.0,0.0,0.2914999999999999
rep0584,0.37,0.369,alg3,0.15,0.0,0.0,0.15,abs_005_005,1000,2000,0.259,0.5790000000000001,True,0.32000000000000006,0.32000000000000006,0.4605,0.4605,-0.2015,0.11850000000000005,0.0,0.0,0.32000000000000006
rep0585,0.23,0.231,alg3,0.15,0.0,0.0,0.15,abs_005_005,1000,2000,0.15949999999999992,0.4695,True,0.31000000000000005,0.31000000000000005,0.3695,0.3695,-0.21000000000000008,0.09999999999999998,0.0,0.0,0.31000000000000005
rep0586,0.56,0.564,alg3,0.15,0.0,0.0,0.15,abs_005_005,1000,2000,0.5359999999999999,0.8415,True,0.3055000000000001,0.3055000000000001,0.744,0.744,-0.20800000000000007,0.09750000000000003,0.0,0.0,0.3055000000000001
rep0587,0.49,0.494,alg3,0.15,0.0,0.0,0.15,abs_005_005,1000,2000,0.46099999999999985,0.7104999999999999,True,0.24950000000000006,0.24950000000000006,0.6265,0.6265,-0.1655000000000001,0.08399999999999996,0.0,0.0,0.24950000000000006
rep0588,0.12,0.124,alg3,0.15,0.0,0.0,0.15,abs_005_005,1000,2000,0.1875,0.502,False,0.3145,0.3145,0.413,0.413,-0.22549999999999998,0.08900000000000008,0.0,0.0,0.31450000000000006
rep0589,0.27,0.27,alg3,0.15,0.0,0.0,0.15,abs_005_005,1000,2000,0.25200000000000006,0.5780000000000001,True,0.326,0.326,0.463,0.463,-0.21099999999999997,0.11499999999999999,0.0,0.0,0.32599999999999996
rep0590,0.29,0.292,alg3,0.15,0.0,0.0,0.15,abs_005_005,1000,2000,-0.06299999999999993,0.24549999999999994,False,0.3084999999999999,0.24549999999999994,0.108,0.108,-0.17099999999999993,0.13749999999999996,0.0,0.0,0.3084999999999999
rep0591,0.68,0.679,alg3,0.15,0.0,0.0,0.15,abs_005_005,1000,2000,0.396,0.6735,False,0.27749999999999997,0.27749999999999997,0.612,0.612,-0.21599999999999997,0.0615,0.0,0.0,0.27749999999999997
rep0592,0.88,0.883,alg3,0.15,0.0,0.0,0.15,abs_005_005,1000,2000,0.8385,1.1265,True,0.28800000000000003,0.16149999999999998,1.0,1.0,-0.16149999999999998,0.1265,0.0,0.0,0.288
rep0593,0.39,0.385,alg3,0.15,0.0,0.0,0.15,abs_005_005,1000,2000,0.25799999999999995,0.5619999999999999,True,0.304,0.304,0.5015,0.5015,-0.2435,0.0605,0.0,0.0,0.304
rep0594,0.24,0.238,alg3,0.15,0.0,0.0,0.15,abs_005_005,1000,2000,0.10999999999999993,0.35899999999999993,True,0.249,0.249,0.2665,0.2665,-0.15650000000000008,0.09249999999999992,0.0,0.0,0.249
rep0595,0.91,0.906,alg3,0.15,0.0,0.0,0.15,abs_005_005,1000,2000,0.74,1.009,True,0.2689999999999999,0.26,0.902,0.902,-0.16199999999999998,0.10699999999999998,0.0,0.0,0.26899999999999996
rep0596,0.14,0.137,alg3,0.15,0.0,0.0,0.15,abs_005_005,1000,2000,-0.0965,0.2295,True,0.326,0.2295,0.147,0.147,-0.2435,0.08250000000000002,0.0,0.0,0.326
rep0597,0.29,0.288,alg3,0.15,0.0,0.0,0.15,abs_005_005,1000,2000,0.11500000000000005,0.427,True,0.31199999999999994,0.31199999999999994,0.3105,0.3105,-0.19549999999999995,0.11649999999999999,0.0,0.0,0.31199999999999994
rep0598,0.54,0.537,alg3,0.15,0.0,0.0,0.15,abs_005_005,1000,2000,0.4355,0.6605,True,0.22499999999999998,0.22499999999999998,0.6055,0.6055,-0.17000000000000004,0.05499999999999994,0.0,0.0,0.22499999999999998
rep0599,0.50,0.497,alg3,0.15,0.0,0.0,0.15,abs_005_005,1000,2000,0.246,0.534,True,0.28800000000000003,0.28800000000000003,0.4535,0.4535,-0.20750000000000002,0.08050000000000002,0.0,0.0,0.28800000000000003
rep0600,0.15,0.151,alg3,0.15,0.0,0.0,0.15,abs_005_005,1000,2000,-0.04600000000000004,0.33199999999999996,True,0.378,0.33199999999999996,0.237,0.237,-0.28300000000000003,0.09499999999999997,0.0,0.0,0.378
rep0601,0.14,0.144,alg3,0.15,0.0,0.0,0.15,abs_005_005,1000,2000,0.09449999999999992,0.43749999999999994,True,0.343,0.343,0.299,0.299,-0.20450000000000007,0.13849999999999996,0.0,0.0,0.343
rep0602,0.63,0.629,alg3,0.15,0.0,0.0,0.15,abs_005_005,1000,2000,0.5415,0.8365,True,0.29500000000000004,0.29500000000000004,0.737,0.737,-0.1955,0.09949999999999998,0.0,0.0,0.295
rep0603,0.59,0.595,alg3,0.15,0.0,0.0,0.15,abs_005_005,1000,2000,0.24250000000000005,0.6000000000000001,True,0.35750000000000004,0.35750000000000004,0.4565,0.4565,-0.21399999999999997,0.14350000000000002,0.0,0.0,0.3575
rep0604,0.60,0.603,alg3,0.15,0.0,0.0,0.15,abs_005_005,1000,2000,0.398,0.772,True,0.374,0.374,0.6135,0.6135,-0.21550000000000002,0.1585,0.0,0.0,0.374
rep0605,0.47,0.47,alg3,0.15,0.0,0.0,0.15,abs_005_005,1000,2000,0.2875,0.592,True,0.3045,0.3045,0.5115,0.5115,-0.224,0.08050000000000002,0.0,0.0,0.3045
rep0606,0.08,0.082,alg3,0.15,0.0,0.0,0.15,abs_005_005,1000,2000,-0.14800000000000002,0.10199999999999998,True,0.25,0.10199999999999998,0.0,0.0,-0.14800000000000002,0.10199999999999998,0.0,0.0,0.25
rep0607,0.82,0.816,alg3,0.15,0.0,0.0,0.15,abs_005_005,1000,2000,0.7175,1.0445,True,0.32699999999999996,0.2825,0.9235,0.9235,-0.20599999999999996,0.121,0.0,0.0,0.32699999999999996
rep0608,0.48,0.483,alg3,0.15,0.0,0.0,0.15,abs_005_005,1000,2000,0.38849999999999996,0.702,True,0.3135,0.3135,0.5775,0.5775,-0.18900000000000006,0.1245,0.0,0.0,0.31350000000000006
rep0609,0.06,0.058,alg3,0.15,0.0,0.0,0.15,abs_005_005,1000,2000,0.1175,0.45,False,0.3325,0.3325,0.318,0.318,-0.2005,0.132,0.0,0.0,0.3325
rep0610,0.65,0.652,alg3,0.15,0.0,0.0,0.15,abs_005_005,1000,2000,0.48250000000000004,0.7975,True,0.31499999999999995,0.31499999999999995,0.6665,0.6665,-0.18399999999999994,0.131,0.0,0.0,0.31499999999999995
rep0611,0.51,0.51,alg3,0.15,0.0,0.0,0.15,abs_005_005,1000,2000,0.4085,0.6605,True,0.252,0.252,0.5675,0.5675,-0.15900000000000003,0.093,0.0,0.0,0.252
rep0612,0.64,0.637,alg3,0.15,0.0,0.0,0.15,abs_005_005,1000,2000,0.247,0.54,False,0.29300000000000004,0.29300000000000004,0.452,0.452,-0.20500000000000002,0.08799999999999997,0.0,0.0,0.293
rep0613,0.38,0.377,alg3,0.15,0.0,0.0,0.15,abs_005_005,1000,2000,0.1795,0.432,True,0.2525,0.2525,0.3305,0.3305,-0.15100000000000002,0.10149999999999999,0.0,0.0,0.2525
rep0614,0.79,0.791,alg3,0.15,0.0,0.0,0.15,abs_005_005,1000,2000,0.5734999999999999,0.8995,True,0.32600000000000007,0.32600000000000007,0.7955,0.7955,-0.22200000000000003,0.10400000000000001,0.0,0.0,0.32600000000000007
rep0615,0.30,0.301,alg3,0.15,0.0,0.0,0.15,abs_005_005,1000,2000,0.3115,0.5860000000000001,False,0.2745000000000001,0.2745000000000001,0.526,0.526,-0.21450000000000002,0.06000000000000005,0.0,0.0,0.2745000000000001
rep0616,0.39,0.387,alg3,0.15,0.0,0.0,0.15,abs_005_005,1000,2000,0.33349999999999996,0.7010000000000001,True,0.3675000000000001,0.3675000000000001,0.5425,0.5425,-0.20900000000000002,0.15850000000000003,0.0,0.0,0.36750000000000005
rep0617,0.80,0.803,alg3,0.15,0.0,0.0,0.15,abs_005_005,1000,2000,0.5914999999999999,0.8905,True,0.29900000000000004,0.29900000000000004,0.8015,0.8015,-0.21000000000000002,0.089,0.0,0.0,0.29900000000000004
rep0618,0.82,0.824,alg3,0.15,0.0,0.0,0.15,abs_005_005,1000,2000,0.5455,0.9455,True,0.4,0.4,0.8135,0.8135,-0.268,0.132,0.0,0.0,0.4
rep0619,0.25,0.251,alg3,0.15,0.0,0.0,0.15,abs_005_005,1000,2000,0.293,0.4995,False,0.20650000000000002,0.20650000000000002,0.412,0.412,-0.119,0.08750000000000002,0.0,0.0,0.20650000000000002
rep0620,0.44,0.444,alg3,0.15,0.0,0.0,0.15,abs_005_005,1000,2000,0.26249999999999996,0.6255000000000001,True,0.3630000000000001,0.3630000000000001,0.5065,0.5065,-0.244,0.1190000000000001,0.0,0.0,0.3630000000000001
rep0621,0.46,0.462,alg3,0.15,0.0,0.0,0.15,abs_005_005,1000,2000,0.23049999999999998,0.5765,True,0.34600000000000003,0.34600000000000003,0.43,0.43,-0.1995,0.14650000000000007,0.0,0.0,0.3460000000000001
rep0622,0.20,0.204,alg3,0.15,0.0,0.0,0.15,abs_005_005,1000,2000,0.010500000000000065,0.2785,True,0.26799999999999996,0.26799999999999996,0.1945,0.1945,-0.18399999999999994,0.08400000000000002,0.0,0.0,0.26799999999999996
rep0623,0.32,0.316,alg3,0.15,0.0,0.0,0.15,abs_005_005,1000,2000,0.22849999999999993,0.5045000000000001,True,0.27600000000000013,0.27600000000000013,0.4415,0.4415,-0.21300000000000008,0.06300000000000006,0.0,0.0,0.27600000000000013
rep0624,0.33,0.334,alg3,0.15,0.0,0.0,0.15,abs_005_005,1000,2000,0.11000000000000004,0.3934999999999999,True,0.28349999999999986,0.28349999999999986,0.307,0.307,-0.19699999999999995,0.08649999999999991,0.0,0.0,0.28349999999999986
rep0625,0.41,0.405,alg3,0.15,0.0,0.0,0.15,abs_005_005,1000,2000,0.23250000000000004,0.491,True,0.25849999999999995,0.25849999999999995,0.4245,0.4245,-0.19199999999999995,0.0665,0.0,0.0,0.25849999999999995
rep0626,0.42,0.417,alg3,0.15,0.0,0.0,0.15,abs_005_005,1000,2000,0.15500000000000003,0.4455,True,0.2905,0.2905,0.3575,0.3575,-0.20249999999999996,0.08800000000000002,0.0,0.0,0.2905
rep0627,0.34,0.344,alg3,0.15,0.0,0.0,0.15,abs_005_005,1000,2000,0.2745000000000001,0.5875,True,0.31299999999999994,0.31299999999999994,0.4585,0.4585,-0.18399999999999994,0.129,0.0,0.0,0.31299999999999994
rep0628,0.83,0.828,alg3,0.15,0.0,0.0,0.15,abs_005_005,1000,2000,0.7035,0.9675,True,0.264,0.264,0.889,0.889,-0.18549999999999994,0.0785,0.0,0.0,0.26399999999999996
rep0629,0.61,0.613,alg3,0.15,0.0,0.0,0.15,abs_005_005,1000,2000,0.41650000000000004,0.6725,True,0.25599999999999995,0.25599999999999995,0.5805,0.5805,-0.16399999999999998,0.09200000000000001,0.0,0.0,0.256
rep0630,0.47,0.467,alg3,0.15,0.0,0.0,0.15,abs_005_005,1000,2000,0.4195,0.6495,True,0.22999999999999998,0.22999999999999998,0.5465,0.5465,-0.127,0.10300000000000001,0.0,0.0,0.23
rep0631,0.44,0.437,alg3,0.15,0.0,0.0,0.15,abs_005_005,1000,2000,0.2775000000000001,0.5665,True,0.2889999999999999,0.2889999999999999,0.464,0.464,-0.18649999999999994,0.10250000000000001,0.0,0.0,0.2889999999999999
rep0632,0.56,0.563,alg3,0.15,0.0,0.0,0.15,abs_005_005,1000,2000,0.659,0.8945,False,0.23549999999999993,0.23549999999999993,0.834,0.834,-0.17499999999999993,0.0605,0.0,0.0,0.23549999999999993
rep0633,0.31,0.309,alg3,0.15,0.0,0.0,0.15,abs_005_005,1000,2000,0.22499999999999998,0.5189999999999999,True,0.29399999999999993,0.29399999999999993,0.424,0.424,-0.199,0.09499999999999997,0.0,0.0,0.294
rep0634,0.43,0.429,alg3,0.15,0.0,0.0,0.15,abs_005_005,1000,2000,0.40800000000000003,0.661,True,0.253,0.253,0.558,0.558,-0.15000000000000002,0.10300000000000004,0.0,0.0,0.25300000000000006
rep0635,0.44,0.437,alg3,0.15,0.0,0.0,0.15,abs_005_005,1000,2000,0.16700000000000004,0.499,True,0.33199999999999996,0.33199999999999996,0.403,0.403,-0.236,0.09599999999999997,0.0,0.0,0.33199999999999996
rep0636,0.25,0.246,alg3,0.15,0.0,0.0,0.15,abs_005_005,1000,2000,0.01849999999999996,0.33599999999999997,True,0.3175,0.3175,0.244,0.244,-0.22550000000000003,0.09199999999999997,0.0,0.0,0.3175
rep0637,0.88,0.882,alg3,0.15,0.0,0.0,0.15,abs_005_005,1000,2000,0.79,1.086,True,0.29600000000000004,0.20999999999999996,0.93,0.93,-0.14,0.15600000000000003,0.0,0.0,0.29600000000000004
rep0638,0.79,0.792,alg3,0.15,0.0,0.0,0.15,abs_005_005,1000,2000,0.6315,0.8825,True,0.251,0.251,0.831,0.831,-0.1995,0.05149999999999999,0.0,0.0,0.251
rep0639,0.84,0.843,alg3,0.15,0.0,0.0,0.15,abs_005_005,1000,2000,0.7729999999999999,1.0625,True,0.2895000000000001,0.2270000000000001,0.961,0.961,-0.188,0.10150000000000003,0.0,0.0,0.28950000000000004
rep0640,0.39,0.385,alg3,0.15,0.0,0.0,0.15,abs_005_005,1000,2000,0.15000000000000008,0.42050000000000004,True,0.27049999999999996,0.27049999999999996,0.342,0.342,-0.19199999999999995,0.07850000000000001,0.0,0.0,0.27049999999999996
rep0641,0.58,0.58,alg3,0.15,0.0,0.0,0.15,abs_005_005,1000,2000,0.35600000000000004,0.6460000000000001,True,0.2900000000000001,0.2900000000000001,0.56,0.56,-0.20400000000000001,0.08600000000000002,0.0,0.0,0.29000000000000004
rep0642,0.62,0.617,alg3,0.15,0.0,0.0,0.15,abs_005_005,1000,2000,0.6990000000000001,1.0445,False,0.3454999999999999,0.30099999999999993,0.887,0.887,-0.188,0.15749999999999997,0.0,0.0,0.3455
rep0643,0.58,0.584,alg3,0.15,0.0,0.0,0.15,abs_005_005,1000,2000,0.4865,0.852,True,0.3655,0.3655,0.728,0.728,-0.2415,0.124,0.0,0.0,0.3655
rep0644,0.53,0.534,alg3,0.15,0.0,0.0,0.15,abs_005_005,1000,2000,0.5289999999999999,0.77,True,0.2410000000000001,0.2410000000000001,0.6755,0.6755,-0.14650000000000002,0.09449999999999997,0.0,0.0,0.241
rep0645,0.83,0.83,alg3,0.15,0.0,0.0,0.15,abs_005_005,1000,2000,0.7575000000000001,1.0815000000000001,True,0.32400000000000007,0.24249999999999994,0.9565,0.9565,-0.199,0.125,0.0,0.0,0.324
rep0646,0.73,0.733,alg3,0.15,0.0,0.0,0.15,abs_005_005,1000,2000,0.512,0.791,True,0.279,0.279,0.681,0.681,-0.169,0.10999999999999999,0.0,0.0,0.279
rep0647,0.28,0.285,alg3,0.15,0.0,0.0,0.15,abs_005_005,1000,2000,-0.041000000000000036,0.31550000000000006,True,0.3565000000000001,0.31550000000000006,0.1775,0.1775,-0.21850000000000003,0.13800000000000007,0.0,0.0,0.3565000000000001
rep0648,0.08,0.081,alg3,0.15,0.0,0.0,0.15,abs_005_005,1000,2000,-0.08649999999999997,0.21999999999999997,True,0.30649999999999994,0.21999999999999997,0.132,0.132,-0.21849999999999997,0.08799999999999997,0.0,0.0,0.30649999999999994
rep0649,0.63,0.632,alg3,0.15,0.0,0.0,0.15,abs_005_005,1000,2000,0.3790000000000001,0.7450000000000001,True,0.366,0.366,0.6125,0.6125,-0.23349999999999993,0.13250000000000006,0.0,0.0,0.366
rep0650,0.62,0.625,alg3,0.15,0.0,0.0,0.15,abs_005_005,1000,2000,0.5529999999999999,0.8575,True,0.3045000000000001,0.3045000000000001,0.7585,0.7585,-0.20550000000000007,0.09900000000000009,0.0,0.0,0.30450000000000016
rep0651,0.48,0.478,alg3,0.15,0.0,0.0,0.15,abs_005_005,1000,2000,0.1150000000000001,0.452,False,0.3369999999999999,0.3369999999999999,0.366,0.366,-0.2509999999999999,0.08600000000000002,0.0,0.0,0.3369999999999999
rep0652,0.46,0.464,alg3,0.15,0.0,0.0,0.15,abs_005_005,1000,2000,0.22550000000000003,0.522,True,0.2965,0.2965,0.387,0.387,-0.16149999999999998,0.135,0.0,0.0,0.2965
rep0653,0.38,0.375,alg3,0.15,0.0,0.0,0.15,abs_005_005,1000,2000,0.452,0.6955,False,0.2435,0.2435,0.5625,0.5625,-0.11049999999999999,0.133,0.0,0.0,0.2435
rep0654,0.51,0.513,alg3,0.15,0.0,0.0,0.15,abs_005_005,1000,2000,0.4145,0.682,True,0.26750000000000007,0.26750000000000007,0.605,0.605,-0.1905,0.07700000000000007,0.0,0.0,0.26750000000000007
rep0655,0.26,0.255,alg3,0.15,0.0,0.0,0.15,abs_005_005,1000,2000,0.20799999999999996,0.5035,True,0.2955,0.2955,0.4175,0.4175,-0.20950000000000002,0.086,0.0,0.0,0.2955
rep0656,0.48,0.485,alg3,0.15,0.0,0.0,0.15,abs_005_005,1000,2000,0.45949999999999996,0.7885,True,0.329,0.329,0.6635,0.6635,-0.20400000000000001,0.12500000000000006,0.0,0.0,0.32900000000000007
rep0657,0.30,0.304,alg3,0.15,0.0,0.0,0.15,abs_005_005,1000,2000,0.035499999999999976,0.401,True,0.36550000000000005,0.36550000000000005,0.264,0.264,-0.22850000000000004,0.137,0.0,0.0,0.36550000000000005
rep0658,0.14,0.139,alg3,0.15,0.0,0.0,0.15,abs_005_005,1000,2000,0.006000000000000061,0.35600000000000004,True,0.35,0.35,0.2485,0.2485,-0.24249999999999994,0.10750000000000004,0.0,0.0,0.35
rep0659,0.34,0.341,alg3,0.15,0.0,0.0,0.15,abs_005_005,1000,2000,0.11949999999999994,0.46699999999999997,True,0.34750000000000003,0.34750000000000003,0.3195,0.3195,-0.20000000000000007,0.1475,0.0,0.0,0.34750000000000003
rep0660,0.86,0.858,alg3,0.15,0.0,0.0,0.15,abs_005_005,1000,2000,0.7985,1.1095000000000002,True,0.31100000000000017,0.2015,0.991,0.991,-0.1925,0.11850000000000005,0.0,0.0,0.31100000000000005
rep0661,0.49,0.488,alg3,0.15,0.0,0.0,0.15,abs_005_005,1000,2000,0.341,0.7305,True,0.3895,0.3895,0.611,0.611,-0.26999999999999996,0.11950000000000002,0.0,0.0,0.38949999999999996
rep0662,0.28,0.283,alg3,0.15,0.0,0.0,0.15,abs_005_005,1000,2000,0.05399999999999999,0.36050000000000004,True,0.30650000000000005,0.30650000000000005,0.2625,0.2625,-0.20850000000000002,0.09800000000000003,0.0,0.0,0.30650000000000005
rep0663,0.18,0.179,alg3,0.15,0.0,0.0,0.15,abs_005_005,1000,2000,0.27199999999999996,0.5640000000000001,False,0.2920000000000001,0.2920000000000001,0.443,0.443,-0.17100000000000004,0.121,0.0,0.0,0.29200000000000004
rep0664,0.38,0.375,alg3,0.15,0.0,0.0,0.15,abs_005_005,1000,2000,0.235,0.5535,True,0.3185,0.3185,0.4255,0.4255,-0.1905,0.128,0.0,0.0,0.3185
rep0665,0.64,0.641,alg3,0.15,0.0,0.0,0.15,abs_005_005,1000,2000,0.4840000000000001,0.779,True,0.29499999999999993,0.29499999999999993,0.662,0.662,-0.17799999999999994,0.117,0.0,0.0,0.29499999999999993
rep0666,0.49,0.495,alg3,0.15,0.0,0.0,0.15,abs_005_005,1000,2000,0.30900000000000005,0.614,True,0.30499999999999994,0.30499999999999994,0.508,0.508,-0.19899999999999995,0.10599999999999998,0.0,0.0,0.30499999999999994
rep0667,0.61,0.608,alg3,0.15,0.0,0.0,0.15,abs_005_005,1000,2000,0.40750000000000003,0.7445,True,0.337,0.337,0.625,0.625,-0.21749999999999997,0.11950000000000002,0.0,0.0,0.33699999999999997
rep0668,0.87,0.868,alg3,0.15,0.0,0.0,0.15,abs_005_005,1000,2000,0.6815,1.0095,True,0.32800000000000007,0.3185,0.9205,0.9205,-0.239,0.089,0.0,0.0,0.32799999999999996
rep0669,0.35,0.35,alg3,0.15,0.0,0.0,0.15,abs_005_005,1000,2000,0.4325,0.718,False,0.2855,0.2855,0.618,0.618,-0.1855,0.1,0.0,0.0,0.2855
rep0670,0.20,0.204,alg3,0.15,0.0,0.0,0.15,abs_005_005,1000,2000,0.11549999999999994,0.3445,True,0.22900000000000004,0.22900000000000004,0.2955,0.2955,-0.18000000000000005,0.049,0.0,0.0,0.22900000000000004
rep0671,0.49,0.491,alg3,0.15,0.0,0.0,0.15,abs_005_005,1000,2000,0.5190000000000001,0.8115000000000001,False,0.2925,0.2925,0.676,0.676,-0.15699999999999992,0.1355,0.0,0.0,0.2924999999999999
rep0672,0.69,0.695,alg3,0.15,0.0,0.0,0.15,abs_005_005,1000,2000,0.6134999999999999,0.917,True,0.3035000000000001,0.3035000000000001,0.8575,0.8575,-0.24400000000000005,0.0595,0.0,0.0,0.30350000000000005
rep0673,0.55,0.545,alg3,0.15,0.0,0.0,0.15,abs_005_005,1000,2000,0.33000000000000007,0.5735,True,0.24349999999999994,0.24349999999999994,0.493,0.493,-0.16299999999999992,0.08050000000000002,0.0,0.0,0.24349999999999994
rep0674,0.65,0.65,alg3,0.15,0.0,0.0,0.15,abs_005_005,1000,2000,0.536,0.8115000000000001,True,0.2755000000000001,0.2755000000000001,0.7435,0.7435,-0.2075,0.06800000000000006,0.0,0.0,0.2755000000000001
rep0675,0.46,0.463,alg3,0.15,0.0,0.0,0.15,abs_005_005,1000,2000,0.40449999999999997,0.7044999999999999,True,0.29999999999999993,0.29999999999999993,0.606,0.606,-0.2015,0.09849999999999992,0.0,0.0,0.29999999999999993
rep0676,0.55,0.552,alg3,0.15,0.0,0.0,0.15,abs_005_005,1000,2000,0.4624999999999999,0.7954999999999999,True,0.33299999999999996,0.33299999999999996,0.6465,0.6465,-0.18400000000000005,0.14899999999999997,0.0,0.0,0.333
rep0677,0.65,0.653,alg3,0.15,0.0,0.0,0.15,abs_005_005,1000,2000,0.5345,0.764,True,0.22950000000000004,0.22950000000000004,0.6785,0.6785,-0.14400000000000002,0.08549999999999999,0.0,0.0,0.2295
rep0678,0.41,0.411,alg3,0.15,0.0,0.0,0.15,abs_005_005,1000,2000,0.05849999999999994,0.422,True,0.36350000000000005,0.36350000000000005,0.32,0.32,-0.26150000000000007,0.10199999999999998,0.0,0.0,0.36350000000000005
rep0679,0.62,0.616,alg3,0.15,0.0,0.0,0.15,abs_005_005,1000,2000,0.4705,0.814,True,0.34349999999999997,0.34349999999999997,0.699,0.699,-0.22849999999999998,0.11499999999999999,0.0,0.0,0.34349999999999997
rep0680,0.59,0.587,alg3,0.15,0.0,0.0,0.15,abs_005_005,1000,2000,0.4750000000000001,0.7475,True,0.27249999999999996,0.27249999999999996,0.637,0.637,-0.16199999999999992,0.11049999999999999,0.0,0.0,0.2724999999999999
rep0681,0.59,0.595,alg3,0.15,0.0,0.0,0.15,abs_005_005,1000,2000,0.489,0.7365,True,0.24750000000000005,0.24750000000000005,0.657,0.657,-0.16800000000000004,0.07950000000000002,0.0,0.0,0.24750000000000005
rep0682,0.20,0.195,alg3,0.15,0.0,0.0,0.15,abs_005_005,1000,2000,0.132,0.44200000000000006,True,0.31000000000000005,0.31000000000000005,0.314,0.314,-0.182,0.12800000000000006,0.0,0.0,0.31000000000000005
rep0683,0.49,0.492,alg3,0.15,0.0,0.0,0.15,abs_005_005,1000,2000,0.4295,0.7020000000000001,True,0.2725000000000001,0.2725000000000001,0.6065,0.6065,-0.17700000000000005,0.09550000000000003,0.0,0.0,0.2725000000000001
rep0684,0.15,0.148,alg3,0.15,0.0,0.0,0.15,abs_005_005,1000,2000,-0.00949999999999998,0.25049999999999994,True,0.2599999999999999,0.25049999999999994,0.17,0.17,-0.1795,0.08049999999999996,0.0,0.0,0.25999999999999995
rep0685,0.24,0.236,alg3,0.15,0.0,0.0,0.15,abs_005_005,1000,2000,0.088,0.33199999999999996,True,0.24399999999999997,0.24399999999999997,0.228,0.228,-0.14,0.10399999999999998,0.0,0.0,0.244
rep0686,0.60,0.597,alg3,0.15,0.0,0.0,0.15,abs_005_005,1000,2000,0.45099999999999996,0.765,True,0.31400000000000006,0.31400000000000006,0.6415,0.6415,-0.1905,0.12350000000000001,0.0,0.0,0.314
rep0687,0.46,0.464,alg3,0.15,0.0,0.0,0.15,abs_005_005,1000,2000,0.41400000000000003,0.6465000000000001,True,0.23250000000000004,0.23250000000000004,0.5945,0.5945,-0.18049999999999997,0.052000000000000046,0.0,0.0,0.2325
rep0688,0.51,0.513,alg3,0.15,0.0,0.0,0.15,abs_005_005,1000,2000,0.31399999999999995,0.5365,True,0.22250000000000003,0.22250000000000003,0.485,0.485,-0.17100000000000004,0.05149999999999999,0.0,0.0,0.22250000000000003
rep0689,0.03,0.028,alg3,0.15,0.0,0.0,0.15,abs_005_005,1000,2000,0.1815,0.4079999999999999,False,0.22649999999999992,0.22649999999999992,0.355,0.355,-0.1735,0.052999999999999936,0.0,0.0,0.22649999999999992
rep0690,0.30,0.298,alg3,0.15,0.0,0.0,0.15,abs_005_005,1000,2000,0.15400000000000003,0.45899999999999996,True,0.30499999999999994,0.30499999999999994,0.318,0.318,-0.16399999999999998,0.141,0.0,0.0,0.30499999999999994
rep0691,0.14,0.137,alg3,0.15,0.0,0.0,0.15,abs_005_005,1000,2000,0.043999999999999984,0.38300000000000006,True,0.3390000000000001,0.3390000000000001,0.2555,0.2555,-0.21150000000000002,0.12750000000000006,0.0,0.0,0.3390000000000001
rep0692,0.51,0.51,alg3,0.15,0.0,0.0,0.15,abs_005_005,1000,2000,0.34750000000000003,0.6855,True,0.33799999999999997,0.33799999999999997,0.5415,0.5415,-0.19399999999999995,0.144,0.0,0.0,0.33799999999999997
rep0693,0.38,0.383,alg3,0.15,0.0,0.0,0.15,abs_005_005,1000,2000,0.282,0.5695000000000001,True,0.28750000000000014,0.28750000000000014,0.455,0.455,-0.17300000000000004,0.11450000000000005,0.0,0.0,0.2875000000000001
rep0694,0.54,0.542,alg3,0.15,0.0,0.0,0.15,abs_005_005,1000,2000,0.3995000000000001,0.6765,True,0.2769999999999999,0.2769999999999999,0.6165,0.6165,-0.21699999999999997,0.05999999999999994,0.0,0.0,0.2769999999999999
rep0695,0.35,0.351,alg3,0.15,0.0,0.0,0.15,abs_005_005,1000,2000,0.07850000000000001,0.3685,True,0.29,0.29,0.279,0.279,-0.2005,0.08949999999999997,0.0,0.0,0.29
rep0696,0.37,0.372,alg3,0.15,0.0,0.0,0.15,abs_005_005,1000,2000,0.053499999999999936,0.39799999999999996,True,0.34450000000000003,0.34450000000000003,0.2815,0.2815,-0.22800000000000004,0.1165,0.0,0.0,0.34450000000000003
rep0697,0.49,0.493,alg3,0.15,0.0,0.0,0.15,abs_005_005,1000,2000,0.37650000000000006,0.643,True,0.26649999999999996,0.26649999999999996,0.547,0.547,-0.17049999999999998,0.09600000000000003,0.0,0.0,0.2665
rep0698,0.49,0.49,alg3,0.15,0.0,0.0,0.15,abs_005_005,1000,2000,0.22849999999999998,0.511,True,0.28250000000000003,0.28250000000000003,0.4335,0.4335,-0.20500000000000002,0.07750000000000001,0.0,0.0,0.28250000000000003
rep0699,0.72,0.724,alg3,0.15,0.0,0.0,0.15,abs_005_005,1000,2000,0.565,0.8335,True,0.26850000000000007,0.26850000000000007,0.781,0.781,-0.21600000000000003,0.05249999999999999,0.0,0.0,0.2685
rep0700,0.09,0.088,alg3,0.15,0.0,0.0,0.15,abs_005_005,1000,2000,-0.0845000000000001,0.16699999999999998,True,0.25150000000000006,0.16699999999999998,0.087,0.087,-0.1715000000000001,0.07999999999999999,0.0,0.0,0.25150000000000006
rep0701,0.23,0.229,alg3,0.15,0.0,0.0,0.15,abs_005_005,1000,2000,0.05499999999999999,0.388,True,0.333,0.333,0.2395,0.2395,-0.1845,0.14850000000000002,0.0,0.0,0.333
rep0702,0.81,0.805,alg3,0.15,0.0,0.0,0.15,abs_005_005,1000,2000,0.7084999999999999,0.981,True,0.2725000000000001,0.2725000000000001,0.8925,0.8925,-0.184,0.08850000000000002,0.0,0.0,0.2725
rep0703,0.71,0.706,alg3,0.15,0.0,0.0,0.15,abs_005_005,1000,2000,0.5255000000000001,0.8320000000000001,True,0.3065,0.3065,0.7195,0.7195,-0.194,0.11249999999999999,0.0,0.0,0.3065
rep0704,0.25,0.246,alg3,0.15,0.0,0.0,0.15,abs_005_005,1000,2000,0.10949999999999993,0.35350000000000004,True,0.2440000000000001,0.2440000000000001,0.2585,0.2585,-0.14900000000000008,0.095,0.0,0.0,0.24400000000000008
rep0705,0.71,0.711,alg3,0.15,0.0,0.0,0.15,abs_005_005,1000,2000,0.5005000000000001,0.8105,True,0.30999999999999994,0.30999999999999994,0.6945,0.6945,-0.19399999999999995,0.116,0.0,0.0,0.30999999999999994
rep0706,0.34,0.34,alg3,0.15,0.0,0.0,0.15,abs_005_005,1000,2000,0.16600000000000004,0.4515,True,0.2855,0.2855,0.388,0.388,-0.22199999999999998,0.0635,0.0,0.0,0.2855
rep0707,0.39,0.39,alg3,0.15,0.0,0.0,0.15,abs_005_005,1000,2000,0.09249999999999997,0.445,True,0.35250000000000004,0.35250000000000004,0.318,0.318,-0.22550000000000003,0.127,0.0,0.0,0.35250000000000004
rep0708,0.58,0.581,alg3,0.15,0.0,0.0,0.15,abs_005_005,1000,2000,0.2775,0.5740000000000001,False,0.29650000000000004,0.29650000000000004,0.463,0.463,-0.1855,0.11099999999999999,0.0,0.0,0.2965
rep0709,0.86,0.863,alg3,0.15,0.0,0.0,0.15,abs_005_005,1000,2000,0.677,1.0125,True,0.3354999999999999,0.32299999999999995,0.913,0.913,-0.236,0.09949999999999998,0.0,0.0,0.33549999999999996
rep0710,0.73,0.726,alg3,0.15,0.0,0.0,0.15,abs_005_005,1000,2000,0.534,0.806,True,0.272,0.272,0.7405,0.7405,-0.20650000000000002,0.0655,0.0,0.0,0.272
rep0711,0.25,0.249,alg3,0.15,0.0,0.0,0.15,abs_005_005,1000,2000,0.19349999999999995,0.5105,True,0.317,0.317,0.42,0.42,-0.22650000000000003,0.09050000000000002,0.0,0.0,0.31700000000000006
rep0712,0.44,0.441,alg3,0.15,0.0,0.0,0.15,abs_005_005,1000,2000,0.256,0.5645,True,0.3085,0.3085,0.466,0.466,-0.21000000000000002,0.09849999999999998,0.0,0.0,0.3085
rep0713,0.33,0.327,alg3,0.15,0.0,0.0,0.15,abs_005_005,1000,2000,0.22050000000000003,0.606,True,0.38549999999999995,0.38549999999999995,0.452,0.452,-0.23149999999999998,0.154,0.0,0.0,0.38549999999999995
rep0714,0.42,0.417,alg3,0.15,0.0,0.0,0.15,abs_005_005,1000,2000,0.08899999999999997,0.3509999999999999,False,0.26199999999999996,0.26199999999999996,0.293,0.293,-0.20400000000000001,0.05799999999999994,0.0,0.0,0.26199999999999996
rep0715,0.34,0.345,alg3,0.15,0.0,0.0,0.15,abs_005_005,1000,2000,0.22199999999999998,0.48800000000000004,True,0.26600000000000007,0.26600000000000007,0.3775,0.3775,-0.15550000000000003,0.11050000000000004,0.0,0.0,0.26600000000000007
rep0716,0.36,0.361,alg3,0.15,0.0,0.0,0.15,abs_005_005,1000,2000,0.177,0.4595,True,0.28250000000000003,0.28250000000000003,0.363,0.363,-0.186,0.0965,0.0,0.0,0.2825
rep0717,0.42,0.422,alg3,0.15,0.0,0.0,0.15,abs_005_005,1000,2000,0.22150000000000003,0.49849999999999994,True,0.2769999999999999,0.2769999999999999,0.399,0.399,-0.1775,0.09949999999999992,0.0,0.0,0.2769999999999999
rep0718,0.58,0.583,alg3,0.15,0.0,0.0,0.15,abs_005_005,1000,2000,0.36599999999999994,0.6799999999999999,True,0.314,0.314,0.569,0.569,-0.203,0.11099999999999999,0.0,0.0,0.314
rep0719,0.71,0.713,alg3,0.15,0.0,0.0,0.15,abs_005_005,1000,2000,0.605,0.858,True,0.253,0.253,0.8015,0.8015,-0.19649999999999995,0.056499999999999995,0.0,0.0,0.25299999999999995
rep0720,0.70,0.703,alg3,0.15,0.0,0.0,0.15,abs_005_005,1000,2000,0.6465000000000001,0.9035,True,0.2569999999999999,0.2569999999999999,0.8185,0.8185,-0.172,0.08500000000000002,0.0,0.0,0.257
rep0721,0.86,0.857,alg3,0.15,0.0,0.0,0.15,abs_005_005,1000,2000,0.6535,0.993,True,0.3395,0.3395,0.883,0.883,-0.22949999999999998,0.11000000000000001,0.0,0.0,0.3395
rep0722,0.91,0.913,alg3,0.15,0.0,0.0,0.15,abs_005_005,1000,2000,0.8180000000000001,1.0815000000000001,True,0.26350000000000007,0.18199999999999994,1.0,1.0,-0.18199999999999994,0.08150000000000002,0.0,0.0,0.26349999999999996
rep0723,0.48,0.476,alg3,0.15,0.0,0.0,0.15,abs_005_005,1000,2000,0.3915,0.6515,True,0.25999999999999995,0.25999999999999995,0.5325,0.5325,-0.14099999999999996,0.11899999999999997,0.0,0.0,0.2599999999999999
rep0724,0.19,0.19,alg3,0.15,0.0,0.0,0.15,abs_005_005,1000,2000,-0.08450000000000002,0.21299999999999997,True,0.2975,0.21299999999999997,0.121,0.121,-0.20550000000000002,0.09199999999999997,0.0,0.0,0.2975
rep0725,0.63,0.629,alg3,0.15,0.0,0.0,0.15,abs_005_005,1000,2000,0.438,0.715,True,0.27699999999999997,0.27699999999999997,0.623,0.623,-0.185,0.092,0.0,0.0,0.277
rep0726,0.56,0.565,alg3,0.15,0.0,0.0,0.15,abs_005_005,1000,2000,0.5154999999999998,0.8664999999999999,True,0.3510000000000001,0.3510000000000001,0.7555,0.7555,-0.24000000000000005,0.11099999999999999,0.0,0.0,0.35100000000000003
rep0727,0.18,0.177,alg3,0.15,0.0,0.0,0.15,abs_005_005,1000,2000,-0.022999999999999937,0.28300000000000003,True,0.30599999999999994,0.28300000000000003,0.153,0.153,-0.17599999999999993,0.13,0.0,0.0,0.30599999999999994
rep0728,0.55,0.554,alg3,0.15,0.0,0.0,0.15,abs_005_005,1000,2000,0.3125000000000001,0.6470000000000001,True,0.3345,0.3345,0.562,0.562,-0.24949999999999994,0.08500000000000008,0.0,0.0,0.3345
rep0729,0.59,0.586,alg3,0.15,0.0,0.0,0.15,abs_005_005,1000,2000,0.2545,0.6635,True,0.409,0.409,0.574,0.574,-0.31949999999999995,0.08950000000000002,0.0,0.0,0.409
rep0730,0.68,0.681,alg3,0.15,0.0,0.0,0.15,abs_005_005,1000,2000,0.4415,0.7599999999999999,True,0.3184999999999999,0.3184999999999999,0.6365,0.6365,-0.19499999999999995,0.12349999999999998,0.0,0.0,0.31849999999999995
rep0731,0.42,0.417,alg3,0.15,0.0,0.0,0.15,abs_005_005,1000,2000,0.35750000000000004,0.633,True,0.27549999999999997,0.27549999999999997,0.533,0.533,-0.1755,0.09999999999999998,0.0,0.0,0.27549999999999997
rep0732,0.59,0.587,alg3,0.15,0.0,0.0,0.15,abs_005_005,1000,2000,0.44499999999999995,0.7689999999999999,True,0.32399999999999995,0.32399999999999995,0.6665,0.6665,-0.22150000000000003,0.10249999999999992,0.0,0.0,0.32399999999999995
rep0733,0.81,0.814,alg3,0.15,0.0,0.0,0.15,abs_005_005,1000,2000,0.7150000000000001,1.013,True,0.2979999999999998,0.2849999999999999,0.8955,0.8955,-0.18049999999999994,0.11750000000000005,0.0,0.0,0.298
rep0734,0.56,0.56,alg3,0.15,0.0,0.0,0.15,abs_005_005,1000,2000,0.269,0.5675000000000001,True,0.2985000000000001,0.2985000000000001,0.4715,0.4715,-0.20249999999999996,0.09600000000000009,0.0,0.0,0.29850000000000004
rep0735,0.20,0.203,alg3,0.15,0.0,0.0,0.15,abs_005_005,1000,2000,0.11399999999999999,0.415,True,0.301,0.301,0.3035,0.3035,-0.1895,0.11149999999999999,0.0,0.0,0.301
rep0736,0.64,0.639,alg3,0.15,0.0,0.0,0.15,abs_005_005,1000,2000,0.6005,0.8905000000000001,True,0.29000000000000004,0.29000000000000004,0.8225,0.8225,-0.22200000000000003,0.06800000000000006,0.0,0.0,0.2900000000000001
rep0737,0.28,0.276,alg3,0.15,0.0,0.0,0.15,abs_005_005,1000,2000,0.139,0.3975,True,0.2585,0.2585,0.363,0.363,-0.22399999999999998,0.03450000000000003,0.0,0.0,0.2585
rep0738,0.68,0.676,alg3,0.15,0.0,0.0,0.15,abs_005_005,1000,2000,0.7095,0.971,False,0.26149999999999995,0.26149999999999995,0.864,0.864,-0.15449999999999997,0.10700000000000001,0.0,0.0,0.26149999999999995
rep0739,0.40,0.396,alg3,0.15,0.0,0.0,0.15,abs_005_005,1000,2000,0.20649999999999996,0.5509999999999999,True,0.3445,0.3445,0.426,0.426,-0.21950000000000003,0.125,0.0,0.0,0.34450000000000003
rep0740,0.49,0.491,alg3,0.15,0.0,0.0,0.15,abs_005_005,1000,2000,0.5055000000000001,0.748,False,0.24249999999999994,0.24249999999999994,0.643,0.643,-0.13749999999999996,0.10499999999999998,0.0,0.0,0.24249999999999994
rep0741,0.72,0.719,alg3,0.15,0.0,0.0,0.15,abs_005_005,1000,2000,0.4960000000000001,0.8235,True,0.3274999999999999,0.3274999999999999,0.7425,0.7425,-0.24649999999999997,0.08099999999999999,0.0,0.0,0.32749999999999996
rep0742,0.20,0.202,alg3,0.15,0.0,0.0,0.15,abs_005_005,1000,2000,-0.131,0.25149999999999995,True,0.38249999999999995,0.25149999999999995,0.0655,0.0655,-0.1965,0.18599999999999994,0.0,0.0,0.38249999999999995
rep0743,0.70,0.701,alg3,0.15,0.0,0.0,0.15,abs_005_005,1000,2000,0.5285,0.8215,True,0.29300000000000004,0.29300000000000004,0.735,0.735,-0.20649999999999996,0.08650000000000002,0.0,0.0,0.293
rep0744,0.80,0.798,alg3,0.15,0.0,0.0,0.15,abs_005_005,1000,2000,0.8265,1.081,False,0.25449999999999995,0.1735,1.0,1.0,-0.1735,0.08099999999999996,0.0,0.0,0.25449999999999995
rep0745,0.09,0.086,alg3,0.15,0.0,0.0,0.15,abs_005_005,1000,2000,0.14800000000000002,0.4025,False,0.2545,0.2545,0.35,0.35,-0.20199999999999996,0.05250000000000005,0.0,0.0,0.2545
rep0746,0.53,0.534,alg3,0.15,0.0,0.0,0.15,abs_005_005,1000,2000,0.308,0.5925,True,0.28450000000000003,0.28450000000000003,0.535,0.535,-0.22700000000000004,0.057499999999999996,0.0,0.0,0.28450000000000003
rep0747,0.47,0.468,alg3,0.15,0.0,0.0,0.15,abs_005_005,1000,2000,0.48250000000000004,0.7515,False,0.2689999999999999,0.2689999999999999,0.6545,0.6545,-0.17199999999999993,0.09699999999999999,0.0,0.0,0.2689999999999999
rep0748,0.82,0.817,alg3,0.15,0.0,0.0,0.15,abs_005_005,1000,2000,0.5905,0.8485,True,0.258,0.258,0.8065,0.8065,-0.21599999999999997,0.04200000000000004,0.0,0.0,0.258
rep0749,0.47,0.471,alg3,0.15,0.0,0.0,0.15,abs_005_005,1000,2000,0.29700000000000004,0.6345000000000001,True,0.3375,0.3375,0.541,0.541,-0.244,0.09350000000000003,0.0,0.0,0.3375
rep0750,0.54,0.535,alg3,0.15,0.0,0.0,0.15,abs_005_005,1000,2000,0.535,0.815,True,0.2799999999999999,0.2799999999999999,0.6825,0.6825,-0.14749999999999996,0.13249999999999995,0.0,0.0,0.2799999999999999
rep0751,0.12,0.118,alg3,0.15,0.0,0.0,0.15,abs_005_005,1000,2000,0.1235,0.41600000000000004,False,0.29250000000000004,0.29250000000000004,0.316,0.316,-0.1925,0.1,0.0,0.0,0.2925
rep0752,0.22,0.223,alg3,0.15,0.0,0.0,0.15,abs_005_005,1000,2000,0.041000000000000036,0.34450000000000003,True,0.3035,0.3035,0.2575,0.2575,-0.21649999999999997,0.08700000000000001,0.0,0.0,0.3035
rep0753,0.53,0.526,alg3,0.15,0.0,0.0,0.15,abs_005_005,1000,2000,0.349,0.6365000000000001,True,0.2875000000000001,0.2875000000000001,0.5725,0.5725,-0.22350000000000003,0.064,0.0,0.0,0.28750000000000003
rep0754,0.78,0.784,alg3,0.15,0.0,0.0,0.15,abs_005_005,1000,2000,0.5255,0.832,True,0.3065,0.3065,0.727,0.727,-0.2015,0.10499999999999998,0.0,0.0,0.3065
rep0755,0.13,0.134,alg3,0.15,0.0,0.0,0.15,abs_005_005,1000,2000,0.019500000000000017,0.325,True,0.3055,0.3055,0.2535,0.2535,-0.23399999999999999,0.07150000000000001,0.0,0.0,0.3055
rep0756,0.58,0.577,alg3,0.15,0.0,0.0,0.15,abs_005_005,1000,2000,0.476,0.7815,True,0.3055,0.3055,0.6655,0.6655,-0.1895,0.11599999999999996,0.0,0.0,0.3055
rep0757,0.23,0.235,alg3,0.15,0.0,0.0,0.15,abs_005_005,1000,2000,0.017500000000000016,0.343,True,0.3255,0.3255,0.2455,0.2455,-0.22799999999999998,0.09750000000000003,0.0,0.0,0.3255
rep0758,0.76,0.76,alg3,0.15,0.0,0.0,0.15,abs_005_005,1000,2000,0.7035,1.0350000000000001,True,0.33150000000000013,0.2965,0.894,0.894,-0.1905,0.14100000000000001,0.0,0.0,0.3315
rep0759,0.06,0.063,alg3,0.15,0.0,0.0,0.15,abs_005_005,1000,2000,-0.156,0.1444999999999999,True,0.3004999999999999,0.1444999999999999,0.055,0.055,-0.211,0.08949999999999991,0.0,0.0,0.3004999999999999
rep0760,0.60,0.605,alg3,0.15,0.0,0.0,0.15,abs_005_005,1000,2000,0.30299999999999994,0.6405000000000001,True,0.33750000000000013,0.33750000000000013,0.5465,0.5465,-0.24350000000000005,0.09400000000000008,0.0,0.0,0.33750000000000013
rep0761,0.96,0.964,alg3,0.15,0.0,0.0,0.15,abs_005_005,1000,2000,0.7749999999999999,1.052,True,0.27700000000000014,0.2250000000000001,1.0,1.0,-0.22500000000000003,0.05200000000000002,0.0,0.0,0.277
rep0762,0.79,0.792,alg3,0.15,0.0,0.0,0.15,abs_005_005,1000,2000,0.5835,0.8615,True,0.278,0.278,0.761,0.761,-0.17750000000000002,0.10050000000000003,0.0,0.0,0.278
rep0763,0.45,0.448,alg3,0.15,0.0,0.0,0.15,abs_005_005,1000,2000,0.23950000000000005,0.579,True,0.3394999999999999,0.3394999999999999,0.4665,0.4665,-0.22699999999999998,0.11249999999999993,0.0,0.0,0.3394999999999999
rep0764,0.43,0.435,alg3,0.15,0.0,0.0,0.15,abs_005_005,1000,2000,0.3245,0.6505,True,0.32599999999999996,0.32599999999999996,0.5285,0.5285,-0.20399999999999996,0.122,0.0,0.0,0.32599999999999996
rep0765,0.44,0.444,alg3,0.15,0.0,0.0,0.15,abs_005_005,1000,2000,0.1995,0.4655,True,0.266,0.266,0.3695,0.3695,-0.16999999999999998,0.09600000000000003,0.0,0.0,0.266
rep0766,0.40,0.397,alg3,0.15,0.0,0.0,0.15,abs_005_005,1000,2000,0.521,0.891,False,0.37,0.37,0.7145,0.7145,-0.19349999999999998,0.17650000000000002,0.0,0.0,0.37
rep0767,0.72,0.718,alg3,0.15,0.0,0.0,0.15,abs_005_005,1000,2000,0.4599999999999999,0.8714999999999999,True,0.41150000000000003,0.41150000000000003,0.709,0.709,-0.24900000000000005,0.16250000000000003,0.0,0.0,0.4115000000000001
rep0768,0.57,0.572,alg3,0.15,0.0,0.0,0.15,abs_005_005,1000,2000,0.29499999999999993,0.6599999999999999,True,0.365,0.365,0.5115,0.5115,-0.21650000000000003,0.14849999999999997,0.0,0.0,0.365
rep0769,0.66,0.66,alg3,0.15,0.0,0.0,0.15,abs_005_005,1000,2000,0.6255000000000001,0.9455,True,0.31999999999999995,0.31999999999999995,0.8305,0.8305,-0.20499999999999996,0.115,0.0,0.0,0.31999999999999995
rep0770,0.37,0.373,alg3,0.15,0.0,0.0,0.15,abs_005_005,1000,2000,0.282,0.592,True,0.31,0.31,0.5045,0.5045,-0.22249999999999998,0.0875,0.0,0.0,0.30999999999999994
rep0771,0.50,0.498,alg3,0.15,0.0,0.0,0.15,abs_005_005,1000,2000,0.3420000000000001,0.62,True,0.2779999999999999,0.2779999999999999,0.533,0.533,-0.19099999999999995,0.087,0.0,0.0,0.2779999999999999
rep0772,0.20,0.202,alg3,0.15,0.0,0.0,0.15,abs_005_005,1000,2000,0.1185,0.36850000000000005,True,0.25000000000000006,0.25000000000000006,0.2695,0.2695,-0.15100000000000002,0.09900000000000003,0.0,0.0,0.25000000000000006
rep0773,0.38,0.382,alg3,0.15,0.0,0.0,0.15,abs_005_005,1000,2000,0.19200000000000006,0.5515000000000001,True,0.35950000000000004,0.35950000000000004,0.4055,0.4055,-0.21349999999999997,0.14600000000000002,0.0,0.0,0.3595
rep0774,0.13,0.13,alg3,0.15,0.0,0.0,0.15,abs_005_005,1000,2000,-0.060500000000000054,0.27499999999999997,True,0.3355,0.27499999999999997,0.1325,0.1325,-0.19300000000000006,0.14249999999999996,0.0,0.0,0.3355
rep0775,0.42,0.425,alg3,0.15,0.0,0.0,0.15,abs_005_005,1000,2000,0.19400000000000012,0.4495,True,0.2554999999999999,0.2554999999999999,0.4055,0.4055,-0.2114999999999999,0.043999999999999984,0.0,0.0,0.2554999999999999
rep0776,0.44,0.441,alg3,0.15,0.0,0.0,0.15,abs_005_005,1000,2000,0.17799999999999988,0.499,True,0.3210000000000001,0.3210000000000001,0.407,0.407,-0.2290000000000001,0.09200000000000003,0.0,0.0,0.3210000000000001
rep0777,0.46,0.458,alg3,0.15,0.0,0.0,0.15,abs_005_005,1000,2000,0.34950000000000003,0.6615,True,0.31199999999999994,0.31199999999999994,0.5685,0.5685,-0.21899999999999997,0.09299999999999997,0.0,0.0,0.31199999999999994
rep0778,0.94,0.941,alg3,0.15,0.0,0.0,0.15,abs_005_005,1000,2000,0.831,1.0905,True,0.25950000000000006,0.16900000000000004,1.0,1.0,-0.16900000000000004,0.09050000000000002,0.0,0.0,0.25950000000000006
rep0779,0.41,0.411,alg3,0.15,0.0,0.0,0.15,abs_005_005,1000,2000,0.2715000000000001,0.5955,True,0.32399999999999995,0.32399999999999995,0.503,0.503,-0.23149999999999993,0.0925,0.0,0.0,0.32399999999999995
rep0780,0.36,0.359,alg3,0.15,0.0,0.0,0.15,abs_005_005,1000,2000,0.12099999999999994,0.479,True,0.35800000000000004,0.35800000000000004,0.355,0.355,-0.23400000000000004,0.12399999999999999,0.0,0.0,0.35800000000000004
rep0781,0.26,0.263,alg3,0.15,0.0,0.0,0.15,abs_005_005,1000,2000,0.06399999999999995,0.35350000000000004,True,0.2895000000000001,0.2895000000000001,0.236,0.236,-0.17200000000000004,0.11750000000000005,0.0,0.0,0.2895000000000001
rep0782,0.51,0.507,alg3,0.15,0.0,0.0,0.15,abs_005_005,1000,2000,0.20500000000000002,0.46649999999999997,False,0.26149999999999995,0.26149999999999995,0.3795,0.3795,-0.1745,0.08699999999999997,0.0,0.0,0.26149999999999995
rep0783,0.93,0.928,alg3,0.15,0.0,0.0,0.15,abs_005_005,1000,2000,0.6755,0.9375,True,0.262,0.262,0.863,0.863,-0.1875,0.07450000000000001,0.0,0.0,0.262
rep0784,0.62,0.619,alg3,0.15,0.0,0.0,0.15,abs_005_005,1000,2000,0.3710000000000001,0.644,True,0.2729999999999999,0.2729999999999999,0.562,0.562,-0.19099999999999995,0.08199999999999996,0.0,0.0,0.2729999999999999
rep0785,0.35,0.351,alg3,0.15,0.0,0.0,0.15,abs_005_005,1000,2000,0.055499999999999994,0.364,True,0.3085,0.3085,0.247,0.247,-0.1915,0.11699999999999999,0.0,0.0,0.3085
rep0786,0.35,0.35,alg3,0.15,0.0,0.0,0.15,abs_005_005,1000,2000,0.20700000000000002,0.4795,True,0.27249999999999996,0.27249999999999996,0.419,0.419,-0.21199999999999997,0.0605,0.0,0.0,0.27249999999999996
rep0787,0.23,0.233,alg3,0.15,0.0,0.0,0.15,abs_005_005,1000,2000,0.20000000000000007,0.4605,True,0.26049999999999995,0.26049999999999995,0.395,0.395,-0.19499999999999995,0.0655,0.0,0.0,0.26049999999999995
rep0788,0.53,0.528,alg3,0.15,0.0,0.0,0.15,abs_005_005,1000,2000,0.5235,0.829,True,0.3055,0.3055,0.743,0.743,-0.21950000000000003,0.08599999999999997,0.0,0.0,0.3055
rep0789,0.25,0.248,alg3,0.15,0.0,0.0,0.15,abs_005_005,1000,2000,0.08450000000000002,0.39749999999999996,True,0.31299999999999994,0.31299999999999994,0.2975,0.2975,-0.21299999999999997,0.09999999999999998,0.0,0.0,0.31299999999999994
rep0790,0.38,0.376,alg3,0.15,0.0,0.0,0.15,abs_005_005,1000,2000,0.25949999999999995,0.5569999999999999,True,0.2975,0.2975,0.4975,0.4975,-0.23800000000000002,0.0595,0.0,0.0,0.2975
rep0791,0.55,0.546,alg3,0.15,0.0,0.0,0.15,abs_005_005,1000,2000,0.36550000000000005,0.687,True,0.3215,0.3215,0.56,0.56,-0.1945,0.12699999999999995,0.0,0.0,0.32149999999999995
rep0792,0.36,0.364,alg3,0.15,0.0,0.0,0.15,abs_005_005,1000,2000,0.013000000000000012,0.25000000000000006,False,0.23700000000000004,0.23700000000000004,0.189,0.189,-0.176,0.061000000000000054,0.0,0.0,0.23700000000000004
rep0793,0.37,0.371,alg3,0.15,0.0,0.0,0.15,abs_005_005,1000,2000,-0.018500000000000016,0.24800000000000003,False,0.26650000000000007,0.24800000000000003,0.197,0.197,-0.21550000000000002,0.05100000000000002,0.0,0.0,0.26650000000000007
rep0794,0.61,0.609,alg3,0.15,0.0,0.0,0.15,abs_005_005,1000,2000,0.373,0.7174999999999999,True,0.3444999999999999,0.3444999999999999,0.607,0.607,-0.23399999999999999,0.11049999999999993,0.0,0.0,0.3444999999999999
rep0795,0.24,0.236,alg3,0.15,0.0,0.0,0.15,abs_005_005,1000,2000,0.2015,0.4575000000000001,True,0.25600000000000006,0.25600000000000006,0.34,0.34,-0.1385,0.11750000000000005,0.0,0.0,0.25600000000000006
rep0796,0.53,0.532,alg3,0.15,0.0,0.0,0.15,abs_005_005,1000,2000,0.474,0.8065,True,0.3325,0.3325,0.693,0.693,-0.21899999999999997,0.11349999999999999,0.0,0.0,0.33249999999999996
rep0797,0.52,0.516,alg3,0.15,0.0,0.0,0.15,abs_005_005,1000,2000,0.5105,0.8145,True,0.30400000000000005,0.30400000000000005,0.7085,0.7085,-0.19800000000000006,0.10600000000000001,0.0,0.0,0.30400000000000005
rep0798,0.71,0.707,alg3,0.15,0.0,0.0,0.15,abs_005_005,1000,2000,0.6715,0.991,True,0.3195,0.3195,0.882,0.882,-0.21050000000000002,0.10899999999999999,0.0,0.0,0.3195
rep0799,0.52,0.519,alg3,0.15,0.0,0.0,0.15,abs_005_005,1000,2000,0.45899999999999996,0.777,True,0.31800000000000006,0.31800000000000006,0.67,0.67,-0.21100000000000008,0.10699999999999998,0.0,0.0,0.31800000000000006
rep0800,0.27,0.271,alg3,0.15,0.0,0.0,0.15,abs_005_005,1000,2000,0.16949999999999993,0.432,True,0.26250000000000007,0.26250000000000007,0.322,0.322,-0.15250000000000008,0.10999999999999999,0.0,0.0,0.26250000000000007
rep0801,0.24,0.239,alg3,0.15,0.0,0.0,0.15,abs_005_005,1000,2000,0.29300000000000004,0.6505000000000001,False,0.35750000000000004,0.35750000000000004,0.519,0.519,-0.22599999999999998,0.1315,0.0,0.0,0.3575
rep0802,0.61,0.608,alg3,0.15,0.0,0.0,0.15,abs_005_005,1000,2000,0.5765,0.9245,True,0.348,0.348,0.7715,0.7715,-0.195,0.15300000000000002,0.0,0.0,0.34800000000000003
rep0803,0.20,0.202,alg3,0.15,0.0,0.0,0.15,abs_005_005,1000,2000,0.10399999999999998,0.385,True,0.281,0.281,0.277,0.277,-0.17300000000000004,0.108,0.0,0.0,0.281
rep0804,0.77,0.772,alg3,0.15,0.0,0.0,0.15,abs_005_005,1000,2000,0.46299999999999997,0.814,True,0.351,0.351,0.699,0.699,-0.236,0.115,0.0,0.0,0.351
rep0805,0.29,0.287,alg3,0.15,0.0,0.0,0.15,abs_005_005,1000,2000,0.056999999999999995,0.329,True,0.272,0.272,0.2375,0.2375,-0.1805,0.09150000000000003,0.0,0.0,0.272
rep0806,0.21,0.208,alg3,0.15,0.0,0.0,0.15,abs_005_005,1000,2000,0.11750000000000002,0.409,True,0.2915,0.2915,0.305,0.305,-0.18749999999999997,0.10399999999999998,0.0,0.0,0.2915
rep0807,0.54,0.535,alg3,0.15,0.0,0.0,0.15,abs_005_005,1000,2000,0.39649999999999996,0.64,True,0.24350000000000005,0.24350000000000005,0.614,0.614,-0.21750000000000003,0.026000000000000023,0.0,0.0,0.24350000000000005
rep0808,0.24,0.244,alg3,0.15,0.0,0.0,0.15,abs_005_005,1000,2000,0.04000000000000006,0.3305,True,0.2905,0.2905,0.223,0.223,-0.18299999999999994,0.10750000000000004,0.0,0.0,0.2905
rep0809,0.34,0.342,alg3,0.15,0.0,0.0,0.15,abs_005_005,1000,2000,0.14049999999999996,0.46649999999999997,True,0.326,0.326,0.362,0.362,-0.22150000000000003,0.10449999999999998,0.0,0.0,0.326
rep0810,0.62,0.619,alg3,0.15,0.0,0.0,0.15,abs_005_005,1000,2000,0.4800000000000001,0.8450000000000001,True,0.365,0.365,0.682,0.682,-0.20199999999999996,0.16300000000000003,0.0,0.0,0.365
rep0811,0.71,0.712,alg3,0.15,0.0,0.0,0.15,abs_005_005,1000,2000,0.49900000000000005,0.797,True,0.298,0.298,0.7265,0.7265,-0.22749999999999998,0.07049999999999998,0.0,0.0,0.29799999999999993
rep0812,0.61,0.615,alg3,0.15,0.0,0.0,0.15,abs_005_005,1000,2000,0.41600000000000004,0.7295,True,0.3135,0.3135,0.655,0.655,-0.239,0.07450000000000001,0.0,0.0,0.3135
rep0813,0.65,0.65,alg3,0.15,0.0,0.0,0.15,abs_005_005,1000,2000,0.42900000000000005,0.6940000000000001,True,0.265,0.265,0.614,0.614,-0.18499999999999994,0.08000000000000007,0.0,0.0,0.265
rep0814,0.57,0.566,alg3,0.15,0.0,0.0,0.15,abs_005_005,1000,2000,0.44949999999999996,0.7095,True,0.26000000000000006,0.26000000000000006,0.6355,0.6355,-0.186,0.07400000000000001,0.0,0.0,0.26
rep0815,0.48,0.483,alg3,0.15,0.0,0.0,0.15,abs_005_005,1000,2000,0.33499999999999996,0.616,True,0.281,0.281,0.5225,0.5225,-0.1875,0.0935,0.0,0.0,0.281
rep0816,0.27,0.27,alg3,0.15,0.0,0.0,0.15,abs_005_005,1000,2000,0.09099999999999991,0.3585,True,0.26750000000000007,0.26750000000000007,0.2365,0.2365,-0.14550000000000007,0.12200000000000001,0.0,0.0,0.26750000000000007
rep0817,0.49,0.494,alg3,0.15,0.0,0.0,0.15,abs_005_005,1000,2000,0.4869999999999999,0.744,True,0.2570000000000001,0.2570000000000001,0.6475,0.6475,-0.1605000000000001,0.09650000000000003,0.0,0.0,0.2570000000000001
rep0818,0.03,0.028,alg3,0.15,0.0,0.0,0.15,abs_005_005,1000,2000,-0.11400000000000009,0.2015,True,0.3155000000000001,0.2015,0.11,0.11,-0.2240000000000001,0.0915,0.0,0.0,0.3155000000000001
rep0819,0.58,0.581,alg3,0.15,0.0,0.0,0.15,abs_005_005,1000,2000,0.655,0.9219999999999999,False,0.2669999999999999,0.2669999999999999,0.823,0.823,-0.16799999999999998,0.09899999999999998,0.0,0.0,0.26699999999999996
rep0820,0.34,0.34,alg3,0.15,0.0,0.0,0.15,abs_005_005,1000,2000,-0.12749999999999997,0.209,False,0.33649999999999997,0.209,0.101,0.101,-0.22849999999999998,0.10799999999999998,0.0,0.0,0.33649999999999997
rep0821,0.29,0.287,alg3,0.15,0.0,0.0,0.15,abs_005_005,1000,2000,0.12400000000000005,0.48700000000000004,True,0.363,0.363,0.4045,0.4045,-0.28049999999999997,0.08250000000000002,0.0,0.0,0.363
rep0822,0.72,0.724,alg3,0.15,0.0,0.0,0.15,abs_005_005,1000,2000,0.756,1.061,False,0.30499999999999994,0.244,0.949,0.949,-0.19299999999999998,0.11199999999999999,0.0,0.0,0.30499999999999994
rep0823,0.58,0.577,alg3,0.15,0.0,0.0,0.15,abs_005_005,1000,2000,0.4535,0.6950000000000001,True,0.24150000000000005,0.24150000000000005,0.648,0.648,-0.1945,0.04700000000000004,0.0,0.0,0.24150000000000005
rep0824,0.34,0.336,alg3,0.15,0.0,0.0,0.15,abs_005_005,1000,2000,0.24149999999999994,0.5389999999999999,True,0.2975,0.2975,0.4095,0.4095,-0.16800000000000004,0.1295,0.0,0.0,0.29750000000000004
rep0825,0.69,0.687,alg3,0.15,0.0,0.0,0.15,abs_005_005,1000,2000,0.4704999999999999,0.781,True,0.3105000000000001,0.3105000000000001,0.6555,0.6555,-0.18500000000000005,0.12550000000000006,0.0,0.0,0.3105000000000001
rep0826,0.61,0.607,alg3,0.15,0.0,0.0,0.15,abs_005_005,1000,2000,0.34850000000000003,0.6859999999999999,True,0.3374999999999999,0.3374999999999999,0.588,0.588,-0.23949999999999994,0.09799999999999999,0.0,0.0,0.3374999999999999
rep0827,0.83,0.829,alg3,0.15,0.0,0.0,0.15,abs_005_005,1000,2000,0.763,1.0355,True,0.2725000000000001,0.237,0.9325,0.9325,-0.16949999999999998,0.10300000000000004,0.0,0.0,0.2725
rep0828,0.36,0.364,alg3,0.15,0.0,0.0,0.15,abs_005_005,1000,2000,0.137,0.4715,True,0.33449999999999996,0.33449999999999996,0.3595,0.3595,-0.22249999999999998,0.11199999999999999,0.0,0.0,0.33449999999999996
rep0829,0.70,0.701,alg3,0.15,0.0,0.0,0.15,abs_005_005,1000,2000,0.5734999999999999,0.846,True,0.2725000000000001,0.2725000000000001,0.7545,0.7545,-0.18100000000000005,0.0915,0.0,0.0,0.2725000000000001
rep0830,0.53,0.534,alg3,0.15,0.0,0.0,0.15,abs_005_005,1000,2000,0.306,0.5165000000000001,False,0.21050000000000008,0.21050000000000008,0.482,0.482,-0.176,0.034500000000000086,0.0,0.0,0.21050000000000008
rep0831,0.49,0.49,alg3,0.15,0.0,0.0,0.15,abs_005_005,1000,2000,0.24749999999999994,0.59,True,0.3425,0.3425,0.484,0.484,-0.23650000000000004,0.10599999999999998,0.0,0.0,0.3425
rep0832,0.64,0.637,alg3,0.15,0.0,0.0,0.15,abs_005_005,1000,2000,0.47150000000000003,0.7915,True,0.31999999999999995,0.31999999999999995,0.6915,0.6915,-0.21999999999999997,0.09999999999999998,0.0,0.0,0.31999999999999995
rep0833,0.27,0.268,alg3,0.15,0.0,0.0,0.15,abs_005_005,1000,2000,0.22849999999999998,0.5455,True,0.317,0.317,0.437,0.437,-0.20850000000000002,0.10849999999999999,0.0,0.0,0.317
rep0834,0.08,0.078,alg3,0.15,0.0,0.0,0.15,abs_005_005,1000,2000,-0.07649999999999998,0.29799999999999993,True,0.37449999999999994,0.29799999999999993,0.1575,0.1575,-0.23399999999999999,0.14049999999999996,0.0,0.0,0.37449999999999994
rep0835,0.45,0.451,alg3,0.15,0.0,0.0,0.15,abs_005_005,1000,2000,0.277,0.5555,True,0.27849999999999997,0.27849999999999997,0.4735,0.4735,-0.19649999999999998,0.082,0.0,0.0,0.27849999999999997
rep0836,0.88,0.879,alg3,0.15,0.0,0.0,0.15,abs_005_005,1000,2000,0.723,1.068,True,0.3450000000000001,0.277,0.952,0.952,-0.22899999999999998,0.116,0.0,0.0,0.345
rep0837,0.61,0.614,alg3,0.15,0.0,0.0,0.15,abs_005_005,1000,2000,0.524,0.846,True,0.32199999999999995,0.32199999999999995,0.731,0.731,-0.207,0.115,0.0,0.0,0.322
rep0838,0.74,0.744,alg3,0.15,0.0,0.0,0.15,abs_005_005,1000,2000,0.565,0.8235000000000001,True,0.2585000000000002,0.2585000000000002,0.7325,0.7325,-0.16750000000000004,0.09100000000000003,0.0,0.0,0.25850000000000006
rep0839,0.31,0.307,alg3,0.15,0.0,0.0,0.15,abs_005_005,1000,2000,-0.001999999999999974,0.34199999999999997,True,0.344,0.34199999999999997,0.229,0.229,-0.23099999999999998,0.11299999999999999,0.0,0.0,0.344
rep0840,0.46,0.456,alg3,0.15,0.0,0.0,0.15,abs_005_005,1000,2000,0.47350000000000003,0.8130000000000001,False,0.3395,0.3395,0.676,0.676,-0.2025,0.137,0.0,0.0,0.3395
rep0841,0.29,0.287,alg3,0.15,0.0,0.0,0.15,abs_005_005,1000,2000,0.21300000000000002,0.5045,True,0.2914999999999999,0.2914999999999999,0.384,0.384,-0.17099999999999999,0.12049999999999994,0.0,0.0,0.2914999999999999
rep0842,0.26,0.263,alg3,0.15,0.0,0.0,0.15,abs_005_005,1000,2000,0.0645,0.33649999999999997,True,0.27199999999999996,0.27199999999999996,0.244,0.244,-0.1795,0.09249999999999997,0.0,0.0,0.27199999999999996
rep0843,0.90,0.899,alg3,0.15,0.0,0.0,0.15,abs_005_005,1000,2000,0.7765,1.1179999999999999,True,0.3414999999999999,0.22350000000000003,1.0,1.0,-0.22350000000000003,0.118,0.0,0.0,0.3415
rep0844,0.29,0.29,alg3,0.15,0.0,0.0,0.15,abs_005_005,1000,2000,-0.02750000000000008,0.31799999999999995,True,0.34550000000000003,0.31799999999999995,0.1865,0.1865,-0.21400000000000008,0.13149999999999998,0.0,0.0,0.34550000000000003
rep0845,0.52,0.516,alg3,0.15,0.0,0.0,0.15,abs_005_005,1000,2000,0.3474999999999999,0.6074999999999999,True,0.26,0.26,0.5205,0.5205,-0.17300000000000004,0.08699999999999997,0.0,0.0,0.26
rep0846,0.62,0.623,alg3,0.15,0.0,0.0,0.15,abs_005_005,1000,2000,0.41500000000000004,0.6975,True,0.2825,0.2825,0.5775,0.5775,-0.16249999999999998,0.12,0.0,0.0,0.2825
rep0847,0.31,0.306,alg3,0.15,0.0,0.0,0.15,abs_005_005,1000,2000,0.20949999999999996,0.5265,True,0.317,0.317,0.3745,0.3745,-0.16500000000000004,0.152,0.0,0.0,0.31700000000000006
rep0848,0.35,0.351,alg3,0.15,0.0,0.0,0.15,abs_005_005,1000,2000,0.34199999999999997,0.6234999999999999,True,0.2815,0.2815,0.5065,0.5065,-0.16449999999999998,0.11699999999999999,0.0,0.0,0.2815
rep0849,0.62,0.619,alg3,0.15,0.0,0.0,0.15,abs_005_005,1000,2000,0.5710000000000001,0.879,True,0.30799999999999994,0.30799999999999994,0.7445,0.7445,-0.17350000000000002,0.13449999999999995,0.0,0.0,0.30799999999999994
rep0850,0.51,0.507,alg3,0.15,0.0,0.0,0.15,abs_005_005,1000,2000,0.4575,0.7095,True,0.252,0.252,0.598,0.598,-0.14049999999999996,0.11149999999999999,0.0,0.0,0.25199999999999995
rep0851,0.82,0.816,alg3,0.15,0.0,0.0,0.15,abs_005_005,1000,2000,0.7535,1.037,True,0.2835,0.24650000000000005,0.9315,0.9315,-0.17800000000000005,0.10549999999999998,0.0,0.0,0.28350000000000003
rep0852,0.27,0.27,alg3,0.15,0.0,0.0,0.15,abs_005_005,1000,2000,0.17299999999999993,0.47750000000000004,True,0.3045000000000001,0.3045000000000001,0.365,0.365,-0.19200000000000006,0.11250000000000004,0.0,0.0,0.3045000000000001
rep0853,0.39,0.388,alg3,0.15,0.0,0.0,0.15,abs_005_005,1000,2000,0.3375,0.6045,True,0.267,0.267,0.5465,0.5465,-0.20899999999999996,0.05800000000000005,0.0,0.0,0.267
rep0854,0.71,0.706,alg3,0.15,0.0,0.0,0.15,abs_005_005,1000,2000,0.531,0.8240000000000001,True,0.29300000000000004,0.29300000000000004,0.776,0.776,-0.245,0.04799999999999999,0.0,0.0,0.293
rep0855,0.22,0.219,alg3,0.15,0.0,0.0,0.15,abs_005_005,1000,2000,0.09400000000000003,0.3705,True,0.27649999999999997,0.27649999999999997,0.318,0.318,-0.22399999999999998,0.05249999999999999,0.0,0.0,0.27649999999999997
rep0856,0.59,0.593,alg3,0.15,0.0,0.0,0.15,abs_005_005,1000,2000,0.3554999999999999,0.6465,True,0.29100000000000004,0.29100000000000004,0.5515,0.5515,-0.19600000000000006,0.09499999999999997,0.0,0.0,0.29100000000000004
rep0857,0.66,0.661,alg3,0.15,0.0,0.0,0.15,abs_005_005,1000,2000,0.583,0.8775000000000001,True,0.2945000000000001,0.2945000000000001,0.789,0.789,-0.20600000000000002,0.08850000000000002,0.0,0.0,0.29450000000000004
rep0858,0.72,0.725,alg3,0.15,0.0,0.0,0.15,abs_005_005,1000,2000,0.5915,0.9149999999999999,True,0.3234999999999999,0.3234999999999999,0.8115,0.8115,-0.21999999999999997,0.10349999999999993,0.0,0.0,0.3234999999999999
rep0859,0.43,0.429,alg3,0.15,0.0,0.0,0.15,abs_005_005,1000,2000,0.2775,0.5305,True,0.25299999999999995,0.25299999999999995,0.4765,0.4765,-0.19899999999999995,0.05400000000000005,0.0,0.0,0.253
rep0860,0.30,0.296,alg3,0.15,0.0,0.0,0.15,abs_005_005,1000,2000,0.10250000000000004,0.41100000000000003,True,0.3085,0.3085,0.3335,0.3335,-0.23099999999999998,0.07750000000000001,0.0,0.0,0.3085
rep0861,0.57,0.572,alg3,0.15,0.0,0.0,0.15,abs_005_005,1000,2000,0.35999999999999993,0.655,True,0.2950000000000001,0.2950000000000001,0.572,0.572,-0.21200000000000002,0.08300000000000002,0.0,0.0,0.29500000000000004
rep0862,0.62,0.619,alg3,0.15,0.0,0.0,0.15,abs_005_005,1000,2000,0.35800000000000004,0.6565000000000001,True,0.29850000000000004,0.29850000000000004,0.553,0.553,-0.195,0.10350000000000004,0.0,0.0,0.29850000000000004
rep0863,0.22,0.221,alg3,0.15,0.0,0.0,0.15,abs_005_005,1000,2000,0.0925,0.34850000000000003,True,0.256,0.256,0.2185,0.2185,-0.126,0.13,0.0,0.0,0.256
rep0864,0.47,0.475,alg3,0.15,0.0,0.0,0.15,abs_005_005,1000,2000,0.40049999999999997,0.7184999999999999,True,0.31799999999999995,0.31799999999999995,0.597,0.597,-0.1965,0.12149999999999994,0.0,0.0,0.31799999999999995
rep0865,0.13,0.129,alg3,0.15,0.0,0.0,0.15,abs_005_005,1000,2000,0.0024999999999999745,0.362,True,0.35950000000000004,0.35950000000000004,0.215,0.215,-0.21250000000000002,0.14700000000000002,0.0,0.0,0.35950000000000004
rep0866,0.61,0.615,alg3,0.15,0.0,0.0,0.15,abs_005_005,1000,2000,0.4644999999999999,0.7995,True,0.3350000000000001,0.3350000000000001,0.6485,0.6485,-0.18400000000000005,0.15100000000000002,0.0,0.0,0.3350000000000001
rep0867,0.36,0.365,alg3,0.15,0.0,0.0,0.15,abs_005_005,1000,2000,0.32000000000000006,0.59,True,0.2699999999999999,0.2699999999999999,0.542,0.542,-0.22199999999999998,0.04799999999999993,0.0,0.0,0.2699999999999999
rep0868,0.14,0.137,alg3,0.15,0.0,0.0,0.15,abs_005_005,1000,2000,-0.21549999999999997,0.104,False,0.31949999999999995,0.104,0.0035,0.0035,-0.21899999999999997,0.10049999999999999,0.0,0.0,0.31949999999999995
rep0869,0.56,0.563,alg3,0.15,0.0,0.0,0.15,abs_005_005,1000,2000,0.424,0.714,True,0.29,0.29,0.624,0.624,-0.2,0.08999999999999997,0.0,0.0,0.29
rep0870,0.37,0.373,alg3,0.15,0.0,0.0,0.15,abs_005_005,1000,2000,0.15899999999999997,0.48250000000000004,True,0.32350000000000007,0.32350000000000007,0.3735,0.3735,-0.21450000000000002,0.10900000000000004,0.0,0.0,0.32350000000000007
rep0871,0.42,0.417,alg3,0.15,0.0,0.0,0.15,abs_005_005,1000,2000,0.2924999999999999,0.597,True,0.30450000000000005,0.30450000000000005,0.4705,0.4705,-0.17800000000000005,0.12650000000000006,0.0,0.0,0.3045000000000001
rep0872,0.58,0.583,alg3,0.15,0.0,0.0,0.15,abs_005_005,1000,2000,0.4075,0.706,True,0.2985,0.2985,0.6,0.6,-0.1925,0.106,0.0,0.0,0.2985
rep0873,0.80,0.8,alg3,0.15,0.0,0.0,0.15,abs_005_005,1000,2000,0.6749999999999999,0.989,True,0.31400000000000006,0.31400000000000006,0.9075,0.9075,-0.2325,0.08150000000000002,0.0,0.0,0.31400000000000006
rep0874,0.41,0.412,alg3,0.15,0.0,0.0,0.15,abs_005_005,1000,2000,0.3710000000000001,0.7120000000000001,True,0.34099999999999997,0.34099999999999997,0.561,0.561,-0.18999999999999995,0.15100000000000002,0.0,0.0,0.34099999999999997
rep0875,0.56,0.564,alg3,0.15,0.0,0.0,0.15,abs_005_005,1000,2000,0.40700000000000003,0.717,True,0.30999999999999994,0.30999999999999994,0.598,0.598,-0.19099999999999995,0.119,0.0,0.0,0.30999999999999994
rep0876,0.24,0.239,alg3,0.15,0.0,0.0,0.15,abs_005_005,1000,2000,0.09999999999999992,0.3875,True,0.2875000000000001,0.2875000000000001,0.291,0.291,-0.19100000000000006,0.09650000000000003,0.0,0.0,0.2875000000000001
rep0877,0.83,0.826,alg3,0.15,0.0,0.0,0.15,abs_005_005,1000,2000,0.5655,0.8165,False,0.251,0.251,0.769,0.769,-0.20350000000000001,0.0475,0.0,0.0,0.251
rep0878,0.70,0.7,alg3,0.15,0.0,0.0,0.15,abs_005_005,1000,2000,0.5285,0.8485,True,0.32000000000000006,0.32000000000000006,0.7185,0.7185,-0.19000000000000006,0.13,0.0,0.0,0.32000000000000006
rep0879,0.09,0.088,alg3,0.15,0.0,0.0,0.15,abs_005_005,1000,2000,0.019500000000000045,0.33499999999999996,True,0.3154999999999999,0.3154999999999999,0.2205,0.2205,-0.20099999999999996,0.11449999999999999,0.0,0.0,0.31549999999999995
rep0880,0.90,0.898,alg3,0.15,0.0,0.0,0.15,abs_005_005,1000,2000,0.7165,1.0615,True,0.3450000000000001,0.2835,0.921,0.921,-0.20450000000000002,0.14049999999999996,0.0,0.0,0.345
rep0881,0.65,0.646,alg3,0.15,0.0,0.0,0.15,abs_005_005,1000,2000,0.5665,0.8929999999999999,True,0.3264999999999999,0.3264999999999999,0.841,0.841,-0.27449999999999997,0.051999999999999935,0.0,0.0,0.3264999999999999
rep0882,0.65,0.651,alg3,0.15,0.0,0.0,0.15,abs_005_005,1000,2000,0.5155000000000001,0.7765000000000001,True,0.261,0.261,0.686,0.686,-0.17049999999999998,0.0905,0.0,0.0,0.261
rep0883,0.49,0.494,alg3,0.15,0.0,0.0,0.15,abs_005_005,1000,2000,0.25499999999999995,0.5925,True,0.3375000000000001,0.3375000000000001,0.5215,0.5215,-0.2665,0.07100000000000001,0.0,0.0,0.3375
rep0884,0.55,0.546,alg3,0.15,0.0,0.0,0.15,abs_005_005,1000,2000,0.4165,0.642,True,0.22550000000000003,0.22550000000000003,0.573,0.573,-0.15649999999999997,0.06900000000000006,0.0,0.0,0.22550000000000003
rep0885,0.55,0.554,alg3,0.15,0.0,0.0,0.15,abs_005_005,1000,2000,0.5145,0.7925,True,0.278,0.278,0.7075,0.7075,-0.193,0.08500000000000002,0.0,0.0,0.278
rep0886,0.68,0.682,alg3,0.15,0.0,0.0,0.15,abs_005_005,1000,2000,0.4545,0.78,True,0.3255,0.3255,0.6715,0.6715,-0.21699999999999997,0.10849999999999999,0.0,0.0,0.32549999999999996
rep0887,0.07,0.069,alg3,0.15,0.0,0.0,0.15,abs_005_005,1000,2000,-0.12499999999999999,0.182,True,0.307,0.182,0.116,0.116,-0.241,0.066,0.0,0.0,0.307
rep0888,0.79,0.791,alg3,0.15,0.0,0.0,0.15,abs_005_005,1000,2000,0.7549999999999999,1.019,True,0.264,0.2450000000000001,0.941,0.941,-0.186,0.07799999999999996,0.0,0.0,0.26399999999999996
rep0889,0.78,0.776,alg3,0.15,0.0,0.0,0.15,abs_005_005,1000,2000,0.435,0.8494999999999999,True,0.4144999999999999,0.4144999999999999,0.718,0.718,-0.283,0.1315,0.0,0.0,0.4145
rep0890,0.69,0.695,alg3,0.15,0.0,0.0,0.15,abs_005_005,1000,2000,0.3685,0.7075,True,0.339,0.339,0.572,0.572,-0.20349999999999996,0.13550000000000006,0.0,0.0,0.339
rep0891,0.36,0.361,alg3,0.15,0.0,0.0,0.15,abs_005_005,1000,2000,0.14049999999999996,0.43650000000000005,True,0.2960000000000001,0.2960000000000001,0.3665,0.3665,-0.22600000000000003,0.07000000000000006,0.0,0.0,0.2960000000000001
rep0892,0.61,0.614,alg3,0.15,0.0,0.0,0.15,abs_005_005,1000,2000,0.5954999999999999,0.9835,True,0.3880000000000001,0.3880000000000001,0.814,0.814,-0.21850000000000003,0.1695000000000001,0.0,0.0,0.3880000000000001
rep0893,0.40,0.402,alg3,0.15,0.0,0.0,0.15,abs_005_005,1000,2000,0.3445,0.597,True,0.2525,0.2525,0.5155,0.5155,-0.17099999999999999,0.08150000000000002,0.0,0.0,0.2525
rep0894,0.20,0.199,alg3,0.15,0.0,0.0,0.15,abs_005_005,1000,2000,0.032,0.31800000000000006,True,0.28600000000000003,0.28600000000000003,0.2335,0.2335,-0.2015,0.08450000000000002,0.0,0.0,0.28600000000000003
rep0895,0.83,0.834,alg3,0.15,0.0,0.0,0.15,abs_005_005,1000,2000,0.5315,0.853,True,0.3215,0.3215,0.742,0.742,-0.21050000000000002,0.11099999999999999,0.0,0.0,0.3215
rep0896,0.74,0.74,alg3,0.15,0.0,0.0,0.15,abs_005_005,1000,2000,0.4525,0.7725000000000001,True,0.32000000000000006,0.32000000000000006,0.67,0.67,-0.21750000000000003,0.10250000000000001,0.0,0.0,0.32000000000000006
rep0897,0.48,0.477,alg3,0.15,0.0,0.0,0.15,abs_005_005,1000,2000,0.37849999999999995,0.6725,True,0.29400000000000004,0.29400000000000004,0.5555,0.5555,-0.17700000000000005,0.11699999999999999,0.0,0.0,0.29400000000000004
rep0898,0.56,0.565,alg3,0.15,0.0,0.0,0.15,abs_005_005,1000,2000,0.5449999999999999,0.8434999999999999,True,0.2985,0.2985,0.7605,0.7605,-0.21549999999999997,0.08300000000000002,0.0,0.0,0.2985
rep0899,0.18,0.177,alg3,0.15,0.0,0.0,0.15,abs_005_005,1000,2000,0.11599999999999999,0.38550000000000006,True,0.2695000000000001,0.2695000000000001,0.263,0.263,-0.14700000000000002,0.12250000000000005,0.0,0.0,0.2695000000000001
rep0900,0.48,0.477,alg3,0.15,0.0,0.0,0.15,abs_005_005,1000,2000,0.47950000000000004,0.7255,False,0.246,0.246,0.639,0.639,-0.15949999999999998,0.0865,0.0,0.0,0.24599999999999997
rep0901,0.18,0.176,alg3,0.15,0.0,0.0,0.15,abs_005_005,1000,2000,-0.22599999999999998,0.10250000000000001,False,0.3285,0.10250000000000001,0.0,0.0,-0.22599999999999998,0.10250000000000001,0.0,0.0,0.3285
rep0902,0.52,0.523,alg3,0.15,0.0,0.0,0.15,abs_005_005,1000,2000,0.493,0.7745,True,0.2815,0.2815,0.6825,0.6825,-0.18950000000000003,0.09199999999999997,0.0,0.0,0.2815
rep0903,0.49,0.494,alg3,0.15,0.0,0.0,0.15,abs_005_005,1000,2000,0.36849999999999994,0.665,True,0.2965000000000001,0.2965000000000001,0.51,0.51,-0.14150000000000007,0.15500000000000003,0.0,0.0,0.2965000000000001
rep0904,0.58,0.585,alg3,0.15,0.0,0.0,0.15,abs_005_005,1000,2000,0.379,0.6585000000000001,True,0.2795000000000001,0.2795000000000001,0.5775,0.5775,-0.1985,0.08100000000000002,0.0,0.0,0.2795
rep0905,0.66,0.658,alg3,0.15,0.0,0.0,0.15,abs_005_005,1000,2000,0.5005000000000001,0.83,True,0.3294999999999999,0.3294999999999999,0.6885,0.6885,-0.18799999999999994,0.14149999999999996,0.0,0.0,0.3294999999999999
rep0906,0.21,0.206,alg3,0.15,0.0,0.0,0.15,abs_005_005,1000,2000,-0.064,0.22949999999999998,True,0.2935,0.22949999999999998,0.124,0.124,-0.188,0.10549999999999998,0.0,0.0,0.2935
rep0907,0.60,0.599,alg3,0.15,0.0,0.0,0.15,abs_005_005,1000,2000,0.41500000000000004,0.815,True,0.3999999999999999,0.3999999999999999,0.643,0.643,-0.22799999999999998,0.172,0.0,0.0,0.39999999999999997
rep0908,0.14,0.138,alg3,0.15,0.0,0.0,0.15,abs_005_005,1000,2000,-0.1985,0.11100000000000002,False,0.3095,0.11100000000000002,0.0,0.0,-0.1985,0.11100000000000002,0.0,0.0,0.3095
rep0909,0.57,0.569,alg3,0.15,0.0,0.0,0.15,abs_005_005,1000,2000,0.398,0.6955,True,0.2975,0.2975,0.618,0.618,-0.21999999999999997,0.07750000000000001,0.0,0.0,0.2975
rep0910,0.71,0.706,alg3,0.15,0.0,0.0,0.15,abs_005_005,1000,2000,0.6395000000000001,0.8825000000000001,True,0.243,0.243,0.791,0.791,-0.1515,0.0915,0.0,0.0,0.243
rep0911,0.45,0.453,alg3,0.15,0.0,0.0,0.15,abs_005_005,1000,2000,0.2445,0.4925,True,0.248,0.248,0.432,0.432,-0.1875,0.0605,0.0,0.0,0.248
rep0912,0.41,0.405,alg3,0.15,0.0,0.0,0.15,abs_005_005,1000,2000,0.1255,0.482,True,0.3565,0.3565,0.376,0.376,-0.2505,0.10599999999999998,0.0,0.0,0.3565
rep0913,0.35,0.349,alg3,0.15,0.0,0.0,0.15,abs_005_005,1000,2000,0.17900000000000005,0.426,True,0.24699999999999994,0.24699999999999994,0.332,0.332,-0.15299999999999997,0.09399999999999997,0.0,0.0,0.24699999999999994
rep0914,0.54,0.535,alg3,0.15,0.0,0.0,0.15,abs_005_005,1000,2000,0.38499999999999995,0.6194999999999999,True,0.2345,0.2345,0.595,0.595,-0.21000000000000002,0.024500000000000022,0.0,0.0,0.23450000000000004
rep0915,0.55,0.545,alg3,0.15,0.0,0.0,0.15,abs_005_005,1000,2000,0.372,0.77,True,0.398,0.398,0.599,0.599,-0.227,0.17099999999999999,0.0,0.0,0.398
rep0916,0.77,0.767,alg3,0.15,0.0,0.0,0.15,abs_005_005,1000,2000,0.7455,0.986,True,0.24049999999999994,0.24049999999999994,0.9065,0.9065,-0.16099999999999998,0.07950000000000002,0.0,0.0,0.2405
rep0917,0.16,0.162,alg3,0.15,0.0,0.0,0.15,abs_005_005,1000,2000,-0.11000000000000004,0.2099999999999999,True,0.31999999999999995,0.2099999999999999,0.1185,0.1185,-0.22850000000000004,0.09149999999999991,0.0,0.0,0.31999999999999995
rep0918,0.12,0.116,alg3,0.15,0.0,0.0,0.15,abs_005_005,1000,2000,-0.0695,0.20550000000000004,True,0.275,0.20550000000000004,0.0995,0.0995,-0.169,0.10600000000000004,0.0,0.0,0.275
rep0919,0.79,0.792,alg3,0.15,0.0,0.0,0.15,abs_005_005,1000,2000,0.7989999999999999,1.143,False,0.3440000000000001,0.20100000000000007,1.0,1.0,-0.201,0.143,0.0,0.0,0.344
rep0920,0.20,0.204,alg3,0.15,0.0,0.0,0.15,abs_005_005,1000,2000,-0.0020000000000000018,0.26,True,0.262,0.26,0.15,0.15,-0.152,0.10999999999999999,0.0,0.0,0.262
rep0921,0.28,0.282,alg3,0.15,0.0,0.0,0.15,abs_005_005,1000,2000,0.20600000000000002,0.4835,True,0.27749999999999997,0.27749999999999997,0.3745,0.3745,-0.16849999999999998,0.10899999999999999,0.0,0.0,0.27749999999999997
rep0922,0.84,0.84,alg3,0.15,0.0,0.0,0.15,abs_005_005,1000,2000,0.657,0.9424999999999999,True,0.28549999999999986,0.28549999999999986,0.843,0.843,-0.18599999999999994,0.09949999999999998,0.0,0.0,0.2854999999999999
rep0923,0.69,0.692,alg3,0.15,0.0,0.0,0.15,abs_005_005,1000,2000,0.6659999999999999,1.0305,True,0.36450000000000005,0.3340000000000001,0.8835,0.8835,-0.21750000000000003,0.14699999999999996,0.0,0.0,0.3645
rep0924,0.20,0.205,alg3,0.15,0.0,0.0,0.15,abs_005_005,1000,2000,0.1185000000000001,0.45250000000000007,True,0.33399999999999996,0.33399999999999996,0.331,0.331,-0.2124999999999999,0.12150000000000005,0.0,0.0,0.33399999999999996
rep0925,0.62,0.619,alg3,0.15,0.0,0.0,0.15,abs_005_005,1000,2000,0.7749999999999999,1.0755,False,0.3005,0.2250000000000001,0.972,0.972,-0.19700000000000006,0.10349999999999998,0.0,0.0,0.30050000000000004
rep0926,0.07,0.071,alg3,0.15,0.0,0.0,0.15,abs_005_005,1000,2000,-0.1705000000000001,0.11900000000000005,True,0.28950000000000015,0.11900000000000005,0.0,0.0,-0.1705000000000001,0.11900000000000005,0.0,0.0,0.28950000000000015
rep0927,0.60,0.596,alg3,0.15,0.0,0.0,0.15,abs_005_005,1000,2000,0.38449999999999995,0.67,True,0.2855000000000001,0.2855000000000001,0.5685,0.5685,-0.18400000000000005,0.10150000000000003,0.0,0.0,0.2855000000000001
rep0928,0.61,0.615,alg3,0.15,0.0,0.0,0.15,abs_005_005,1000,2000,0.636,0.9149999999999999,False,0.2789999999999999,0.2789999999999999,0.814,0.814,-0.17799999999999994,0.101,0.0,0.0,0.2789999999999999
rep0929,0.53,0.526,alg3,0.15,0.0,0.0,0.15,abs_005_005,1000,2000,0.43850000000000006,0.7070000000000001,True,0.2685,0.2685,0.635,0.635,-0.19649999999999995,0.07200000000000001,0.0,0.0,0.26849999999999996
rep0930,0.29,0.295,alg3,0.15,0.0,0.0,0.15,abs_005_005,1000,2000,0.20949999999999996,0.5325000000000001,True,0.3230000000000001,0.3230000000000001,0.458,0.458,-0.24850000000000005,0.07450000000000007,0.0,0.0,0.3230000000000001
rep0931,0.23,0.231,alg3,0.15,0.0,0.0,0.15,abs_005_005,1000,2000,0.26850000000000007,0.577,False,0.3084999999999999,0.3084999999999999,0.497,0.497,-0.22849999999999993,0.08000000000000002,0.0,0.0,0.30849999999999994
rep0932,0.41,0.415,alg3,0.15,0.0,0.0,0.15,abs_005_005,1000,2000,0.32249999999999995,0.5825,True,0.26000000000000006,0.26000000000000006,0.5085,0.5085,-0.186,0.07400000000000007,0.0,0.0,0.26000000000000006
rep0933,0.46,0.462,alg3,0.15,0.0,0.0,0.15,abs_005_005,1000,2000,0.3655,0.634,True,0.2685,0.2685,0.58,0.58,-0.21449999999999997,0.05400000000000005,0.0,0.0,0.2685
rep0934,0.51,0.506,alg3,0.15,0.0,0.0,0.15,abs_005_005,1000,2000,0.4635,0.7080000000000001,True,0.24450000000000005,0.24450000000000005,0.654,0.654,-0.1905,0.05400000000000005,0.0,0.0,0.24450000000000005
rep0935,0.58,0.578,alg3,0.15,0.0,0.0,0.15,abs_005_005,1000,2000,0.5555000000000001,0.8580000000000001,True,0.3025,0.3025,0.7215,0.7215,-0.16599999999999998,0.1365,0.0,0.0,0.3025
rep0936,0.70,0.704,alg3,0.15,0.0,0.0,0.15,abs_005_005,1000,2000,0.5795,0.928,True,0.34850000000000003,0.34850000000000003,0.791,0.791,-0.21150000000000002,0.137,0.0,0.0,0.34850000000000003
rep0937,0.76,0.764,alg3,0.15,0.0,0.0,0.15,abs_005_005,1000,2000,0.7645,1.013,False,0.24849999999999994,0.23550000000000004,0.953,0.953,-0.18850000000000003,0.060000000000000005,0.0,0.0,0.24850000000000003
rep0938,0.10,0.098,alg3,0.15,0.0,0.0,0.15,abs_005_005,1000,2000,-0.0635,0.23100000000000004,True,0.29450000000000004,0.23100000000000004,0.134,0.134,-0.1975,0.09700000000000003,0.0,0.0,0.29450000000000004
rep0939,0.61,0.613,alg3,0.15,0.0,0.0,0.15,abs_005_005,1000,2000,0.3585,0.613,True,0.2545,0.2545,0.533,0.533,-0.17450000000000004,0.07999999999999996,0.0,0.0,0.2545
rep0940,0.04,0.042,alg3,0.15,0.0,0.0,0.15,abs_005_005,1000,2000,-0.1855,0.08800000000000002,True,0.2735,0.08800000000000002,0.0,0.0,-0.1855,0.08800000000000002,0.0,0.0,0.2735
rep0941,0.58,0.581,alg3,0.15,0.0,0.0,0.15,abs_005_005,1000,2000,0.5095000000000001,0.8125,True,0.30299999999999994,0.30299999999999994,0.6995,0.6995,-0.19,0.11299999999999999,0.0,0.0,0.303
rep0942,0.58,0.583,alg3,0.15,0.0,0.0,0.15,abs_005_005,1000,2000,0.47150000000000003,0.766,True,0.2945,0.2945,0.687,0.687,-0.21550000000000002,0.07900000000000001,0.0,0.0,0.29450000000000004
rep0943,0.52,0.521,alg3,0.15,0.0,0.0,0.15,abs_005_005,1000,2000,0.1955,0.548,True,0.35250000000000004,0.35250000000000004,0.442,0.442,-0.2465,0.10600000000000004,0.0,0.0,0.35250000000000004
rep0944,0.74,0.739,alg3,0.15,0.0,0.0,0.15,abs_005_005,1000,2000,0.581,0.8504999999999999,True,0.26949999999999996,0.26949999999999996,0.7585,0.7585,-0.17750000000000005,0.09199999999999998,0.0,0.0,0.2695
rep0945,0.33,0.332,alg3,0.15,0.0,0.0,0.15,abs_005_005,1000,2000,-0.05849999999999994,0.384,True,0.44249999999999995,0.384,0.25,0.25,-0.30849999999999994,0.134,0.0,0.0,0.44249999999999995
rep0946,0.20,0.2,alg3,0.15,0.0,0.0,0.15,abs_005_005,1000,2000,-0.1155,0.18750000000000006,False,0.30300000000000005,0.18750000000000006,0.072,0.072,-0.1875,0.11550000000000005,0.0,0.0,0.30300000000000005
rep0947,0.30,0.305,alg3,0.15,0.0,0.0,0.15,abs_005_005,1000,2000,0.2815,0.5944999999999999,True,0.31299999999999994,0.31299999999999994,0.475,0.475,-0.19349999999999998,0.11949999999999994,0.0,0.0,0.31299999999999994
rep0948,0.49,0.493,alg3,0.15,0.0,0.0,0.15,abs_005_005,1000,2000,0.26050000000000006,0.534,True,0.27349999999999997,0.27349999999999997,0.439,0.439,-0.17849999999999994,0.09499999999999997,0.0,0.0,0.2734999999999999
rep0949,0.53,0.529,alg3,0.15,0.0,0.0,0.15,abs_005_005,1000,2000,0.4415,0.6995,True,0.258,0.258,0.6345,0.6345,-0.19299999999999995,0.06500000000000006,0.0,0.0,0.258
rep0950,0.24,0.236,alg3,0.15,0.0,0.0,0.15,abs_005_005,1000,2000,0.07250000000000006,0.37,True,0.29749999999999993,0.29749999999999993,0.2675,0.2675,-0.19499999999999995,0.10249999999999998,0.0,0.0,0.29749999999999993
rep0951,0.34,0.342,alg3,0.15,0.0,0.0,0.15,abs_005_005,1000,2000,-0.005499999999999977,0.3215,False,0.32699999999999996,0.3215,0.2065,0.2065,-0.21199999999999997,0.11499999999999999,0.0,0.0,0.32699999999999996
rep0952,0.75,0.75,alg3,0.15,0.0,0.0,0.15,abs_005_005,1000,2000,0.532,0.8514999999999999,True,0.3194999999999999,0.3194999999999999,0.758,0.758,-0.22599999999999998,0.09349999999999992,0.0,0.0,0.3194999999999999
rep0953,0.65,0.651,alg3,0.15,0.0,0.0,0.15,abs_005_005,1000,2000,0.616,0.8795000000000001,True,0.26350000000000007,0.26350000000000007,0.794,0.794,-0.17800000000000005,0.08550000000000002,0.0,0.0,0.26350000000000007
rep0954,0.34,0.339,alg3,0.15,0.0,0.0,0.15,abs_005_005,1000,2000,0.17799999999999994,0.511,True,0.3330000000000001,0.3330000000000001,0.384,0.384,-0.20600000000000007,0.127,0.0,0.0,0.3330000000000001
rep0955,0.61,0.61,alg3,0.15,0.0,0.0,0.15,abs_005_005,1000,2000,0.617,0.8905,False,0.27349999999999997,0.27349999999999997,0.8055,0.8055,-0.1885,0.08499999999999996,0.0,0.0,0.27349999999999997
rep0956,0.38,0.378,alg3,0.15,0.0,0.0,0.15,abs_005_005,1000,2000,0.24949999999999994,0.6315,True,0.382,0.382,0.5245,0.5245,-0.275,0.10699999999999998,0.0,0.0,0.382
rep0957,0.67,0.674,alg3,0.15,0.0,0.0,0.15,abs_005_005,1000,2000,0.478,0.7529999999999999,True,0.2749999999999999,0.2749999999999999,0.6265,0.6265,-0.1485,0.1265,0.0,0.0,0.275
rep0958,0.56,0.565,alg3,0.15,0.0,0.0,0.15,abs_005_005,1000,2000,0.44099999999999995,0.7464999999999999,True,0.3055,0.3055,0.603,0.603,-0.16200000000000003,0.14350000000000002,0.0,0.0,0.30550000000000005
rep0959,0.48,0.476,alg3,0.15,0.0,0.0,0.15,abs_005_005,1000,2000,0.35150000000000003,0.66,True,0.3085,0.3085,0.5715,0.5715,-0.21999999999999997,0.0885,0.0,0.0,0.3085
rep0960,0.28,0.283,alg3,0.15,0.0,0.0,0.15,abs_005_005,1000,2000,0.20799999999999996,0.4595,True,0.25150000000000006,0.25150000000000006,0.402,0.402,-0.19400000000000006,0.05750000000000001,0.0,0.0,0.25150000000000006
rep0961,0.10,0.105,alg3,0.15,0.0,0.0,0.15,abs_005_005,1000,2000,-0.03350000000000003,0.285,True,0.3185,0.285,0.174,0.174,-0.20750000000000002,0.11099999999999999,0.0,0.0,0.3185
rep0962,0.49,0.488,alg3,0.15,0.0,0.0,0.15,abs_005_005,1000,2000,0.386,0.6555,True,0.26949999999999996,0.26949999999999996,0.5735,0.5735,-0.1875,0.08199999999999996,0.0,0.0,0.26949999999999996
rep0963,0.65,0.647,alg3,0.15,0.0,0.0,0.15,abs_005_005,1000,2000,0.5115000000000001,0.805,True,0.2935,0.2935,0.7165,0.7165,-0.205,0.08850000000000002,0.0,0.0,0.2935
rep0964,0.41,0.407,alg3,0.15,0.0,0.0,0.15,abs_005_005,1000,2000,0.10149999999999998,0.358,False,0.2565,0.2565,0.321,0.321,-0.21950000000000003,0.037000000000000005,0.0,0.0,0.25650000000000006
rep0965,0.53,0.534,alg3,0.15,0.0,0.0,0.15,abs_005_005,1000,2000,0.4829999999999999,0.7525,True,0.2695000000000001,0.2695000000000001,0.6445,0.6445,-0.1615000000000001,0.10799999999999998,0.0,0.0,0.2695000000000001
rep0966,0.65,0.653,alg3,0.15,0.0,0.0,0.15,abs_005_005,1000,2000,0.5665,0.8495,True,0.28300000000000003,0.28300000000000003,0.785,0.785,-0.21850000000000003,0.0645,0.0,0.0,0.28300000000000003
rep0967,0.43,0.434,alg3,0.15,0.0,0.0,0.15,abs_005_005,1000,2000,0.314,0.574,True,0.25999999999999995,0.25999999999999995,0.5235,0.5235,-0.20949999999999996,0.05049999999999999,0.0,0.0,0.25999999999999995
rep0968,0.72,0.721,alg3,0.15,0.0,0.0,0.15,abs_005_005,1000,2000,0.5650000000000001,0.8765000000000001,True,0.3115,0.3115,0.794,0.794,-0.22899999999999998,0.08250000000000002,0.0,0.0,0.3115
rep0969,0.15,0.153,alg3,0.15,0.0,0.0,0.15,abs_005_005,1000,2000,0.147,0.38249999999999995,True,0.23549999999999996,0.23549999999999996,0.288,0.288,-0.141,0.0945,0.0,0.0,0.2355
rep0970,0.46,0.463,alg3,0.15,0.0,0.0,0.15,abs_005_005,1000,2000,0.396,0.6689999999999999,True,0.2729999999999999,0.2729999999999999,0.62,0.62,-0.22399999999999998,0.04899999999999993,0.0,0.0,0.2729999999999999
rep0971,0.80,0.796,alg3,0.15,0.0,0.0,0.15,abs_005_005,1000,2000,0.657,1.0165,True,0.35949999999999993,0.34299999999999997,0.887,0.887,-0.22999999999999998,0.12950000000000003,0.0,0.0,0.35950000000000004
rep0972,0.77,0.769,alg3,0.15,0.0,0.0,0.15,abs_005_005,1000,2000,0.692,1.039,True,0.347,0.30800000000000005,0.9165,0.9165,-0.22450000000000003,0.1225,0.0,0.0,0.34700000000000003
rep0973,0.67,0.666,alg3,0.15,0.0,0.0,0.15,abs_005_005,1000,2000,0.5915,0.8674999999999999,True,0.2759999999999999,0.2759999999999999,0.7865,0.7865,-0.19499999999999995,0.08100000000000002,0.0,0.0,0.27599999999999997
rep0974,0.57,0.566,alg3,0.15,0.0,0.0,0.15,abs_005_005,1000,2000,0.5650000000000001,0.927,True,0.362,0.362,0.786,0.786,-0.22099999999999997,0.141,0.0,0.0,0.362
rep0975,0.38,0.375,alg3,0.15,0.0,0.0,0.15,abs_005_005,1000,2000,0.08099999999999996,0.4645,True,0.38350000000000006,0.38350000000000006,0.3435,0.3435,-0.26250000000000007,0.121,0.0,0.0,0.38350000000000006
rep0976,0.59,0.594,alg3,0.15,0.0,0.0,0.15,abs_005_005,1000,2000,0.44299999999999995,0.7484999999999999,True,0.3055,0.3055,0.6575,0.6575,-0.2145,0.09099999999999997,0.0,0.0,0.3055
rep0977,0.38,0.379,alg3,0.15,0.0,0.0,0.15,abs_005_005,1000,2000,0.12550000000000006,0.5005,True,0.3749999999999999,0.3749999999999999,0.3815,0.3815,-0.25599999999999995,0.119,0.0,0.0,0.37499999999999994
rep0978,0.07,0.07,alg3,0.15,0.0,0.0,0.15,abs_005_005,1000,2000,-0.003500000000000031,0.2925,True,0.29600000000000004,0.2925,0.2045,0.2045,-0.20800000000000002,0.08799999999999997,0.0,0.0,0.296
rep0979,0.30,0.305,alg3,0.15,0.0,0.0,0.15,abs_005_005,1000,2000,0.03700000000000003,0.31899999999999995,True,0.2819999999999999,0.2819999999999999,0.237,0.237,-0.19999999999999996,0.08199999999999996,0.0,0.0,0.2819999999999999
rep0980,0.40,0.402,alg3,0.15,0.0,0.0,0.15,abs_005_005,1000,2000,0.22649999999999998,0.5215,True,0.295,0.295,0.424,0.424,-0.1975,0.0975,0.0,0.0,0.29500000000000004
rep0981,0.83,0.834,alg3,0.15,0.0,0.0,0.15,abs_005_005,1000,2000,0.648,0.922,True,0.274,0.274,0.8415,0.8415,-0.1935,0.08050000000000002,0.0,0.0,0.274
rep0982,0.62,0.618,alg3,0.15,0.0,0.0,0.15,abs_005_005,1000,2000,0.5660000000000001,0.8755000000000001,True,0.3095,0.3095,0.772,0.772,-0.20599999999999996,0.10350000000000004,0.0,0.0,0.3095
rep0983,0.13,0.13,alg3,0.15,0.0,0.0,0.15,abs_005_005,1000,2000,0.06150000000000003,0.378,True,0.3165,0.3165,0.264,0.264,-0.20249999999999999,0.11399999999999999,0.0,0.0,0.3165
rep0984,0.41,0.405,alg3,0.15,0.0,0.0,0.15,abs_005_005,1000,2000,0.23350000000000004,0.5175000000000001,True,0.28400000000000003,0.28400000000000003,0.4335,0.4335,-0.19999999999999996,0.08400000000000002,0.0,0.0,0.284
rep0985,0.50,0.504,alg3,0.15,0.0,0.0,0.15,abs_005_005,1000,2000,0.31600000000000006,0.5555000000000001,True,0.23950000000000005,0.23950000000000005,0.485,0.485,-0.16899999999999993,0.07050000000000006,0.0,0.0,0.2395
rep0986,0.35,0.352,alg3,0.15,0.0,0.0,0.15,abs_005_005,1000,2000,0.13650000000000007,0.3975000000000001,True,0.261,0.261,0.3295,0.3295,-0.19299999999999995,0.06800000000000006,0.0,0.0,0.261
rep0987,0.68,0.679,alg3,0.15,0.0,0.0,0.15,abs_005_005,1000,2000,0.48450000000000004,0.817,True,0.3324999999999999,0.3324999999999999,0.6955,0.6955,-0.21099999999999997,0.12149999999999994,0.0,0.0,0.3324999999999999
rep0988,0.43,0.428,alg3,0.15,0.0,0.0,0.15,abs_005_005,1000,2000,0.2835,0.5925,True,0.30900000000000005,0.30900000000000005,0.497,0.497,-0.21350000000000002,0.09549999999999997,0.0,0.0,0.309
rep0989,0.18,0.184,alg3,0.15,0.0,0.0,0.15,abs_005_005,1000,2000,-0.161,0.1615,False,0.3225,0.1615,0.0275,0.0275,-0.1885,0.134,0.0,0.0,0.3225
rep0990,0.47,0.475,alg3,0.15,0.0,0.0,0.15,abs_005_005,1000,2000,0.30999999999999994,0.599,True,0.28900000000000003,0.28900000000000003,0.5325,0.5325,-0.2225,0.0665,0.0,0.0,0.28900000000000003
rep0991,0.66,0.656,alg3,0.15,0.0,0.0,0.15,abs_005_005,1000,2000,0.508,0.8049999999999999,True,0.29699999999999993,0.29699999999999993,0.7055,0.7055,-0.19749999999999995,0.09949999999999998,0.0,0.0,0.29699999999999993
rep0992,0.39,0.389,alg3,0.15,0.0,0.0,0.15,abs_005_005,1000,2000,0.319,0.5499999999999999,True,0.23099999999999993,0.23099999999999993,0.472,0.472,-0.15299999999999997,0.07799999999999999,0.0,0.0,0.23099999999999996
rep0993,0.42,0.418,alg3,0.15,0.0,0.0,0.15,abs_005_005,1000,2000,0.3015,0.615,True,0.3135,0.3135,0.5175,0.5175,-0.216,0.0975,0.0,0.0,0.3135
rep0994,0.53,0.534,alg3,0.15,0.0,0.0,0.15,abs_005_005,1000,2000,0.33199999999999996,0.615,True,0.28300000000000003,0.28300000000000003,0.5405,0.5405,-0.20850000000000002,0.07449999999999996,0.0,0.0,0.283
rep0995,0.65,0.653,alg3,0.15,0.0,0.0,0.15,abs_005_005,1000,2000,0.65,0.902,True,0.252,0.252,0.8255,0.8255,-0.1755,0.07650000000000001,0.0,0.0,0.252
rep0996,0.40,0.395,alg3,0.15,0.0,0.0,0.15,abs_005_005,1000,2000,0.357,0.7020000000000001,True,0.3450000000000001,0.3450000000000001,0.549,0.549,-0.19200000000000006,0.15300000000000002,0.0,0.0,0.3450000000000001
rep0997,0.24,0.237,alg3,0.15,0.0,0.0,0.15,abs_005_005,1000,2000,0.10400000000000004,0.34950000000000003,True,0.2455,0.2455,0.2735,0.2735,-0.16949999999999998,0.07599999999999998,0.0,0.0,0.24549999999999997
rep0998,0.53,0.529,alg3,0.15,0.0,0.0,0.15,abs_005_005,1000,2000,0.3444999999999999,0.587,True,0.24250000000000005,0.24250000000000005,0.5345,0.5345,-0.19000000000000006,0.05249999999999999,0.0,0.0,0.24250000000000005
rep0999,0.95,0.952,alg3,0.15,0.0,0.0,0.15,abs_005_005,1000,2000,0.5094999999999998,0.8474999999999999,False,0.3380000000000001,0.3380000000000001,0.7565,0.7565,-0.24700000000000005,0.09099999999999997,0.0,0.0,0.338
