task_id,label,theta,algo,alpha,alpha1,alpha2,alpha3,alloc,n_j,N_j,L,U,covered,width,width_clip,L_tilde,U_tilde,delta_L,delta_U,W1,W2,W3
rep0000,0.64,0.6373258281549462,alg1,0.1,0.005,0.005,0.09000000000000001,abs_005_005,1000,2000,0.418106391217277,1.0306829502213513,True,0.6125765590040743,0.581893608782723,0.7487829784871016,0.8012170215128984,-0.33067658726982463,0.2294659287084529,0.052434043025796795,0.0901425159782776,0.47
rep0001,0.63,0.6286775031272058,alg1,0.1,0.005,0.005,0.09000000000000001,abs_005_005,1000,2000,0.17911629633082526,0.7847566435191876,True,0.6056403471883623,0.6056403471883623,0.5051923137765774,0.5678076862234226,-0.3260760174457521,0.21694895729576502,0.06261537244684523,0.10052497474151711,0.4425
rep0002,0.41,0.41163350278134125,alg1,0.1,0.005,0.005,0.09000000000000001,abs_005_005,1000,2000,0.2949628376533442,0.7929383066469265,True,0.49797546899358236,0.49797546899358236,0.5651925996378261,0.6268074003621739,-0.2702297619844819,0.1661309062847527,0.061614800724347774,0.10686066826923457,0.3295
rep0003,0.61,0.6096642639308459,alg1,0.1,0.005,0.005,0.09000000000000001,abs_005_005,1000,2000,0.28229601161872175,0.7745145847189165,True,0.4922185731001948,0.4922185731001948,0.5535600924311396,0.6154399075688605,-0.2712640808124178,0.15907467715005605,0.061879815137720895,0.10383875796247383,0.32650000000000007
rep0004,0.49,0.48771390184223834,alg1,0.1,0.005,0.005,0.09000000000000001,abs_005_005,1000,2000,0.35780377197217106,0.957095059529819,True,0.5992912875576479,0.5992912875576479,0.6902646077134704,0.7467353922865296,-0.33246083574129937,0.21035966724328933,0.05647078457305921,0.10382050298458867,0.43900000000000006
rep0005,0.45,0.45399106596774735,alg1,0.1,0.005,0.005,0.09000000000000001,abs_005_005,1000,2000,0.1437119268226714,0.6435995539425612,True,0.49988762711988977,0.49988762711988977,0.3914879417487185,0.4535120582512815,-0.2477760149260471,0.19008749569127975,0.06202411650256301,0.0938635106173269,0.344
rep0006,0.55,0.5464766064649674,alg1,0.1,0.005,0.005,0.09000000000000001,abs_005_005,1000,2000,0.29832955105846637,0.906894641410033,True,0.6085650903515666,0.6085650903515666,0.607827877329488,0.6681721226705121,-0.3094983262710216,0.23872251873952088,0.060344245341024116,0.08772084501054245,0.4605
rep0007,0.86,0.8640043102014627,alg1,0.1,0.005,0.005,0.09000000000000001,abs_005_005,1000,2000,0.5954582203305512,1.1600895316075432,True,0.5646313112769921,0.4045417796694488,0.9090142925758743,0.9419857074241257,-0.3135560722453231,0.21810382418341762,0.03297141484825139,0.09915989642874068,0.4325
rep0008,0.39,0.3885451173297374,alg1,0.1,0.005,0.005,0.09000000000000001,abs_005_005,1000,2000,0.21231791783225695,0.782878311584812,True,0.5705603937525551,0.5705603937525551,0.4536226888809052,0.5163773111190948,-0.24130477104864823,0.26650100046571723,0.06275462223818962,0.09330577151436548,0.4145
rep0009,0.65,0.6548269806048382,alg1,0.1,0.005,0.005,0.09000000000000001,abs_005_005,1000,2000,0.2615314823411724,0.8537940195464828,True,0.5922625372053104,0.5922625372053104,0.5565929786575801,0.61840702134242,-0.29506149631640766,0.2353869982040628,0.06181404268483992,0.09894849452047055,0.43149999999999994
rep0010,0.04,0.04485482439916032,alg1,0.1,0.005,0.005,0.09000000000000001,abs_005_005,1000,2000,-0.20719177772904565,0.42690816081163396,True,0.6340999385406796,0.42690816081163396,0.1882510573577341,0.2397489426422659,-0.39544283508677974,0.18715921816936806,0.05149788528453181,0.08660205325614778,0.496
rep0011,0.48,0.4849986644406866,alg1,0.1,0.005,0.005,0.09000000000000001,abs_005_005,1000,2000,0.2502426660365105,0.797119847569592,True,0.5468771815330815,0.5468771815330815,0.549518079532449,0.611481920467551,-0.2992754134959385,0.18563792710204094,0.06196384093510199,0.0924133405979794,0.3925
rep0012,0.16,0.15828025818708946,alg1,0.1,0.005,0.005,0.09000000000000001,abs_005_005,1000,2000,-0.14265786245473605,0.33742926402407925,True,0.4800871264788153,0.33742926402407925,0.13368917700510524,0.17931082299489476,-0.2763470394598413,0.1581184410291845,0.04562164598978952,0.1029654804890257,0.3315000000000001
rep0013,0.55,0.5484808341249996,alg1,0.1,0.005,0.005,0.09000000000000001,abs_005_005,1000,2000,0.08638241887260445,0.7513501873511121,True,0.6649677684785077,0.6649677684785077,0.46410983093197367,0.5268901690680263,-0.3777274120593692,0.22446001828308582,0.06278033813605266,0.10018743034245503,0.502
rep0014,0.31,0.3109773362624415,alg1,0.1,0.005,0.005,0.09000000000000001,abs_005_005,1000,2000,0.12735883437757028,0.7036476414939943,True,0.576288807116424,0.576288807116424,0.3949542621576793,0.45704573784232067,-0.26759542778010903,0.24660190365167362,0.06209147568464135,0.08969733143178271,0.4245
rep0015,0.29,0.289124392982063,alg1,0.1,0.005,0.005,0.09000000000000001,abs_005_005,1000,2000,0.039184494084166244,0.5812273913885906,True,0.5420428973044243,0.5420428973044243,0.33084597641644675,0.3911540235835532,-0.2916614823322805,0.19007336780503734,0.06030804716710647,0.09773485013731786,0.384
rep0016,0.55,0.5512395986675925,alg1,0.1,0.005,0.005,0.09000000000000001,abs_005_005,1000,2000,0.26795908137887253,0.7737802949775425,True,0.5058212135986699,0.5058212135986699,0.5303469250981944,0.5926530749018056,-0.26238784371932183,0.1811272200757369,0.062306149803611266,0.0880150637950588,0.3554999999999999
rep0017,0.27,0.27104730882952244,alg1,0.1,0.005,0.005,0.09000000000000001,abs_005_005,1000,2000,0.13981320289365667,0.7625296392714729,True,0.6227164363778162,0.6227164363778162,0.4711089519483476,0.5338910480516523,-0.33129574905469095,0.22863859121982055,0.06278209610330471,0.10343434027451148,0.4565
rep0018,0.44,0.43911829646560946,alg1,0.1,0.005,0.005,0.09000000000000001,abs_005_005,1000,2000,0.18626661205721087,0.7190394140546432,True,0.5327728019974324,0.5327728019974324,0.41826908201666446,0.48073091798333556,-0.2320024699594536,0.23830849607130766,0.0624618359666711,0.09181096603076128,0.3785
rep0019,0.33,0.32544495723094996,alg1,0.1,0.005,0.005,0.09000000000000001,abs_005_005,1000,2000,-0.024517376178594674,0.5486208593382079,True,0.5731382355168027,0.5486208593382079,0.26151151112356935,0.3184884888764306,-0.286028887302164,0.23013237046177734,0.05697697775286126,0.09616125776394147,0.41999999999999993
rep0020,0.24,0.23833631651545992,alg1,0.1,0.005,0.005,0.09000000000000001,abs_005_005,1000,2000,0.16406724086355728,0.6216177281780261,True,0.4575504873144688,0.4575504873144688,0.42423313252885964,0.4867668674711404,-0.26016589166530235,0.1348508607068857,0.06253373494228076,0.10051675237218805,0.2945
rep0021,0.18,0.17954220887381017,alg1,0.1,0.005,0.005,0.09000000000000001,abs_005_005,1000,2000,0.03369472780529564,0.6952589093818267,True,0.661564181576531,0.661564181576531,0.359870591203506,0.421129408796494,-0.32617586339821036,0.2741295005853326,0.06125881759298801,0.10030536398354306,0.4999999999999999
rep0022,0.22,0.22156152657943062,alg1,0.1,0.005,0.005,0.09000000000000001,abs_005_005,1000,2000,-0.1762328238468674,0.4708134627965581,True,0.6470462866434255,0.4708134627965581,0.17345775506433925,0.22354224493566077,-0.34969057891120664,0.24727121786089734,0.050084489871321525,0.10546179677210388,0.49150000000000005
rep0023,0.50,0.4979884610796338,alg1,0.1,0.005,0.005,0.09000000000000001,abs_005_005,1000,2000,0.28718588505833864,0.7640861264992351,True,0.4769002414408965,0.4769002414408965,0.549518079532449,0.611481920467551,-0.2623321944741104,0.15260420603168415,0.06196384093510199,0.09293640050579449,0.322
rep0024,0.69,0.688591058724187,alg1,0.1,0.005,0.005,0.09000000000000001,abs_005_005,1000,2000,0.4105418195945284,1.1470777319630332,True,0.7365359123685048,0.5894581804054716,0.7775053355578222,0.8274946644421778,-0.3669635159632938,0.3195830675208554,0.04998932888435559,0.10354658348414925,0.583
rep0025,0.76,0.7562608277116923,alg1,0.1,0.005,0.005,0.09000000000000001,abs_005_005,1000,2000,0.6492347507862759,1.1325629318355757,True,0.48332818104929975,0.3507652492137241,0.9079129874333186,0.9410870125666814,-0.25867823664704265,0.1914759192688943,0.03317402513336276,0.08465415591593689,0.36550000000000005
rep0026,0.63,0.6260146732349109,alg1,0.1,0.005,0.005,0.09000000000000001,abs_005_005,1000,2000,0.4650670653052032,1.0030421790908972,True,0.5379751137856941,0.5349329346947969,0.7326674053744279,0.786332594625572,-0.2676003400692247,0.21670958446532518,0.05366518925114416,0.0978099245345499,0.38649999999999995
rep0027,0.83,0.8309972605657512,alg1,0.1,0.005,0.005,0.09000000000000001,abs_005_005,1000,2000,0.6377948123189101,1.1781768640587404,True,0.5403820517398303,0.3622051876810899,1.0,1.0,-0.3622051876810899,0.17817686405874053,0.0,0.09638205173983039,0.44400000000000006
rep0028,0.40,0.39958981826499174,alg1,0.1,0.005,0.005,0.09000000000000001,abs_005_005,1000,2000,0.20000049755730487,0.7447847904046712,True,0.5447842928473663,0.5447842928473663,0.4846246360870454,0.5473753639129546,-0.28462413852974056,0.19740942649171653,0.06275072782590918,0.1005335650214571,0.3815
rep0029,0.22,0.22173165915440826,alg1,0.1,0.005,0.005,0.09000000000000001,abs_005_005,1000,2000,-0.13266339498552462,0.4738820094492818,True,0.6065454044348064,0.4738820094492818,0.22281421511141605,0.277185784888584,-0.3554776100969407,0.19669622456069785,0.05437156977716792,0.10467383465763858,0.4475
rep0030,0.46,0.4618527292941355,alg1,0.1,0.005,0.005,0.09000000000000001,abs_005_005,1000,2000,0.036542074529622826,0.6409770961847835,True,0.6044350216551606,0.6044350216551606,0.39693573094867596,0.459064269051324,-0.36039365641905313,0.18191282713345946,0.06212853810264807,0.09530648355251276,0.4469999999999999
rep0031,0.77,0.7723091706612852,alg1,0.1,0.005,0.005,0.09000000000000001,abs_005_005,1000,2000,0.5147646920198834,1.1828474206974835,True,0.6680827286776001,0.4852353079801166,0.8682003855111966,0.9077996144888034,-0.35343569349131315,0.2750478062086801,0.039599228977606815,0.10298349969999321,0.5255000000000001
rep0032,0.50,0.49757483899438837,alg1,0.1,0.005,0.005,0.09000000000000001,abs_005_005,1000,2000,0.19704168236291042,0.7423380198351137,True,0.5452963374722033,0.5452963374722033,0.5167535461327661,0.579246453867234,-0.3197118637698557,0.16309156596787977,0.062492907734467806,0.08680342973773547,0.396
rep0033,0.75,0.7459443379237577,alg1,0.1,0.005,0.005,0.09000000000000001,abs_005_005,1000,2000,0.24817580534904482,0.8604312106887828,True,0.612255405339738,0.612255405339738,0.656348876686611,0.714651123313389,-0.4081730713375662,0.14578008737539389,0.058302246626777965,0.08395315871296005,0.47
rep0034,0.31,0.3084834294561743,alg1,0.1,0.005,0.005,0.09000000000000001,abs_005_005,1000,2000,-0.018131834370523014,0.5856118167821149,True,0.603743651152638,0.5856118167821149,0.34017971958597354,0.40082028041402645,-0.35831155395649655,0.18479153636808854,0.060640560828052914,0.09310309032458502,0.45
rep0035,0.20,0.1959782333196279,alg1,0.1,0.005,0.005,0.09000000000000001,abs_005_005,1000,2000,-0.07725643672377175,0.5129887461796804,True,0.5902451829034521,0.5129887461796804,0.2382584905168944,0.2937415094831056,-0.31551492724066615,0.21924723669657475,0.05548301896621122,0.0967621639372408,0.43800000000000006
rep0036,0.42,0.4160199443510504,alg1,0.1,0.005,0.005,0.09000000000000001,abs_005_005,1000,2000,0.18228779151358232,0.8116555713176428,True,0.6293677798040604,0.6293677798040604,0.4741104587924903,0.5368895412075095,-0.291822667278908,0.2747660301101333,0.06277908241501923,0.08808869738904135,0.4784999999999999
rep0037,0.28,0.2840810100970807,alg1,0.1,0.005,0.005,0.09000000000000001,abs_005_005,1000,2000,-0.020789492097444517,0.5325709034863867,True,0.5533603955838312,0.5325709034863867,0.25423419106990974,0.3107658089300902,-0.27502368316735426,0.2218050945562965,0.05653161786018046,0.09732877772365078,0.39949999999999997
rep0038,0.48,0.48023584030473343,alg1,0.1,0.005,0.005,0.09000000000000001,abs_005_005,1000,2000,0.3863435938883677,1.0597182978677884,True,0.6733747039794207,0.6136564061116323,0.8053616825552764,0.8526383174447235,-0.4190180886669087,0.20707998042306475,0.04727663488944711,0.08809806908997353,0.5379999999999999
rep0039,0.70,0.6955050096988645,alg1,0.1,0.005,0.005,0.09000000000000001,abs_005_005,1000,2000,0.46359214616007116,1.121677167934518,True,0.6580850217744469,0.5364078538399288,0.7098759783112845,0.7651240216887156,-0.24628383215121333,0.3565531462458025,0.055248043377431166,0.10533697839701578,0.4975
rep0040,0.49,0.48556792845004704,alg1,0.1,0.005,0.005,0.09000000000000001,abs_005_005,1000,2000,0.2938001972878024,0.8493812565133944,True,0.555581059225592,0.555581059225592,0.5819134749016186,0.6430865250983815,-0.2881132776138162,0.2062947314150129,0.06117305019676289,0.10640800902882902,0.38800000000000007
rep0041,0.40,0.40081966311313716,alg1,0.1,0.005,0.005,0.09000000000000001,abs_005_005,1000,2000,0.057660298476973015,0.6608999941682263,True,0.6032396956912534,0.6032396956912534,0.39445897605294405,0.4565410239470559,-0.33679867757597104,0.2043589702211704,0.06208204789411187,0.08965764779714136,0.4515
rep0042,0.24,0.2366620648525915,alg1,0.1,0.005,0.005,0.09000000000000001,abs_005_005,1000,2000,-0.022018017526696965,0.5862945830057258,True,0.6083126005324228,0.5862945830057258,0.2941294362177544,0.3528705637822456,-0.31614745374445136,0.23342401922348022,0.058741127564491236,0.09207147296793156,0.45749999999999996
rep0043,0.37,0.37116903621671166,alg1,0.1,0.005,0.005,0.09000000000000001,abs_005_005,1000,2000,0.022759878795523658,0.6837981252368153,True,0.6610382464412916,0.6610382464412916,0.37072372228082295,0.4322762777191771,-0.3479638434852993,0.2515218475176382,0.06155255543835414,0.09398569100293741,0.5055000000000001
rep0044,0.20,0.20193288516558,alg1,0.1,0.005,0.005,0.09000000000000001,abs_005_005,1000,2000,-0.3084217970596719,0.4081489556094128,True,0.7165707526690847,0.4081489556094128,0.10516554094179285,0.14683445905820713,-0.41358733800146474,0.26131449655120564,0.04166891811641428,0.10240183455267038,0.5725
rep0045,0.18,0.17729474994311067,alg1,0.1,0.005,0.005,0.09000000000000001,abs_005_005,1000,2000,-0.28614245674529143,0.33811908227513243,True,0.6242615390204238,0.33811908227513243,0.08759297977703961,0.12640702022296038,-0.37373543652233104,0.21171206205217202,0.03881404044592077,0.10044749857450297,0.4850000000000001
rep0046,0.33,0.32892784278327797,alg1,0.1,0.005,0.005,0.09000000000000001,abs_005_005,1000,2000,0.24132348867497577,0.7187287130863311,True,0.47740522441135536,0.47740522441135536,0.46261081981797425,0.5253891801820257,-0.22128733114299848,0.19333953290430544,0.06277836036405149,0.10212686404730392,0.3125
rep0047,0.61,0.6085043089070807,alg1,0.1,0.005,0.005,0.09000000000000001,abs_005_005,1000,2000,0.35838162738496926,0.8871542260669393,True,0.52877259868197,0.52877259868197,0.65788667708642,0.7161133229135801,-0.29950504970145075,0.17104090315335918,0.058226645827160084,0.09904595285480988,0.37150000000000005
rep0048,0.36,0.3559637341021695,alg1,0.1,0.005,0.005,0.09000000000000001,abs_005_005,1000,2000,0.04905008519556009,0.7145976152903961,True,0.665547530094836,0.665547530094836,0.39891771804241316,0.4610822819575868,-0.34986763284685307,0.25351533333280923,0.062164563915173665,0.10288296617966242,0.5005
rep0049,0.25,0.2506045039611167,alg1,0.1,0.005,0.005,0.09000000000000001,abs_005_005,1000,2000,-0.10154692102100432,0.5029490277962535,True,0.6044959488172579,0.5029490277962535,0.22474210530174416,0.27925789469825585,-0.3262890263227485,0.22369113309799762,0.054515789396511694,0.10448015942074595,0.4455000000000001
rep0050,0.68,0.6780087649711394,alg1,0.1,0.005,0.005,0.09000000000000001,abs_005_005,1000,2000,0.4725209270484994,1.0344241477505216,True,0.5619032207020223,0.5274790729515006,0.797984747897319,0.8460152521026809,-0.3254638208488196,0.1884088956478407,0.048030504205361924,0.09637271649666035,0.4175
rep0051,0.79,0.788090391319667,alg1,0.1,0.005,0.005,0.09000000000000001,abs_005_005,1000,2000,0.5073806175865885,1.1075056993058343,True,0.6001250817192458,0.4926193824134115,0.8585247900890872,0.8994752099109128,-0.35114417250249874,0.2080304893949215,0.04095041982182557,0.10567466189742031,0.45349999999999996
rep0052,0.63,0.6252377323249299,alg1,0.1,0.005,0.005,0.09000000000000001,abs_005_005,1000,2000,0.3288498623363159,0.8975164135831524,True,0.5686665512468365,0.5686665512468365,0.645594077586143,0.7044059224138571,-0.31674421524982704,0.19311049116929518,0.05881184482771418,0.09235470641912219,0.41750000000000004
rep0053,0.65,0.650945553244556,alg1,0.1,0.005,0.005,0.09000000000000001,abs_005_005,1000,2000,0.25477958110795323,0.8680386641056566,True,0.6132590829977034,0.6132590829977034,0.6338343247628427,0.6931656752371572,-0.3790547436548895,0.17487298886849928,0.05933135047431448,0.10342773252338877,0.4505
rep0054,0.92,0.9209425285210213,alg1,0.1,0.005,0.005,0.09000000000000001,abs_005_005,1000,2000,0.4789247968398975,1.0177622543993172,True,0.5388374575594197,0.5210752031601025,0.7440990893933053,0.7969009106066947,-0.26517429255340774,0.22086134379262254,0.05280182121338939,0.0970356363460303,0.389
rep0055,0.41,0.40980934548043735,alg1,0.1,0.005,0.005,0.09000000000000001,abs_005_005,1000,2000,0.2868215640033025,0.7634528548761732,True,0.4766312908728707,0.4766312908728707,0.5560874154958706,0.6179125845041293,-0.2692658514925681,0.14554027037204392,0.06182516900825874,0.09480612186461207,0.31999999999999995
rep0056,0.35,0.34638669732430877,alg1,0.1,0.005,0.005,0.09000000000000001,abs_005_005,1000,2000,0.16152876659748497,0.7551159137484302,True,0.5935871471509453,0.5935871471509453,0.4098278728670918,0.4721721271329082,-0.24829910626960686,0.2829437866155221,0.06234425426581636,0.08774289288512904,0.4434999999999999
rep0057,0.34,0.3432835413957498,alg1,0.1,0.005,0.005,0.09000000000000001,abs_005_005,1000,2000,-0.010780188874057128,0.5619972287585032,True,0.5727774176325604,0.5619972287585032,0.28437403766906927,0.34262596233093073,-0.2951542265431264,0.2193712664275725,0.058251924661861465,0.1025254929706989,0.4119999999999999
rep0058,0.38,0.37654526701835733,alg1,0.1,0.005,0.005,0.09000000000000001,abs_005_005,1000,2000,0.06166776055005507,0.789012915422534,True,0.727345154872479,0.727345154872479,0.3964403151242497,0.4585596848757503,-0.33477255457419464,0.33045323054678377,0.062119369751500564,0.10122578512097835,0.5640000000000001
rep0059,0.80,0.8016451030066674,alg1,0.1,0.005,0.005,0.09000000000000001,abs_005_005,1000,2000,0.6181949138674517,1.1419267602332805,True,0.5237318463658288,0.38180508613254827,0.9505722852879687,0.9744277147120314,-0.33237737142051693,0.16749904552124925,0.023855429424062713,0.10637641694176625,0.39349999999999996
rep0060,0.91,0.9112811319195454,alg1,0.1,0.005,0.005,0.09000000000000001,abs_005_005,1000,2000,0.6631513300915153,1.1606290784995672,True,0.4974777484080519,0.3368486699084847,0.9397127037075208,0.9662872962924791,-0.27656137361600547,0.19434178220708803,0.026574592584958312,0.0959031558230935,0.375
rep0061,0.24,0.23673657540056603,alg1,0.1,0.005,0.005,0.09000000000000001,abs_005_005,1000,2000,0.037043722816611446,0.620224312554287,True,0.5831805897376756,0.5831805897376756,0.32937339075353705,0.3896266092464629,-0.2923296679369256,0.23059770330782403,0.060253218492925864,0.10342737124474966,0.4195
rep0062,0.73,0.7250989479557236,alg1,0.1,0.005,0.005,0.09000000000000001,abs_005_005,1000,2000,0.45245190480157504,1.0999800702062048,True,0.6475281654046298,0.547548095198425,0.7649503949626186,0.8160496050373813,-0.3124984901610436,0.2839304651688235,0.0510992100747627,0.092928955329867,0.5035000000000001
rep0063,0.81,0.8066952517827325,alg1,0.1,0.005,0.005,0.09000000000000001,abs_005_005,1000,2000,0.4730535457823004,1.0255742459003065,True,0.5525207001180061,0.5269464542176996,0.7665178834118486,0.8174821165881515,-0.29346433762954816,0.208092129312155,0.05096423317630294,0.10655646694170323,0.39499999999999996
rep0064,0.81,0.8138791456112554,alg1,0.1,0.005,0.005,0.09000000000000001,abs_005_005,1000,2000,0.24648018758096768,0.7755356825874318,False,0.5290554950064641,0.5290554950064641,0.5474978572785675,0.6095021427214325,-0.3010176696975998,0.16603353986599917,0.06200428544286507,0.10105120956359909,0.3659999999999999
rep0065,0.30,0.29551388697284364,alg1,0.1,0.005,0.005,0.09000000000000001,abs_005_005,1000,2000,-0.1313979971033329,0.4501526394998445,True,0.5815506366031774,0.4501526394998445,0.18968564065241328,0.24131435934758672,-0.32108363775574617,0.20883828015225783,0.05162871869517344,0.10092191790800409,0.42899999999999994
rep0066,0.21,0.20986478582471357,alg1,0.1,0.005,0.005,0.09000000000000001,abs_005_005,1000,2000,-0.018880902123260324,0.5051028294374564,True,0.5239837315607168,0.5051028294374564,0.2702567519186526,0.32774324808134736,-0.28913765404191294,0.17735958135610908,0.057486496162694745,0.08399723539802195,0.38250000000000006
rep0067,0.73,0.7264906891111869,alg1,0.1,0.005,0.005,0.09000000000000001,abs_005_005,1000,2000,0.34633402080443415,0.9674237388337675,True,0.6210897180293333,0.6210897180293333,0.6619892134613913,0.7200107865386086,-0.31565519265695713,0.24741295229515894,0.05802157307721734,0.1060681449521162,0.4569999999999999
rep0068,0.60,0.6036724431929373,alg1,0.1,0.005,0.005,0.09000000000000001,abs_005_005,1000,2000,0.5575938664920919,1.057262973201817,True,0.4996691067097252,0.44240613350790814,0.8414122727884706,0.8845877272115293,-0.2838184062963788,0.17267524599028766,0.0431754544230587,0.10249365228666646,0.354
rep0069,0.71,0.7146461153736874,alg1,0.1,0.005,0.005,0.09000000000000001,abs_005_005,1000,2000,0.47838862912055347,1.0732192802549356,True,0.5948306511343822,0.5216113708794465,0.7545136695890364,0.8064863304109635,-0.27612504046848296,0.266732949843972,0.051972660821927086,0.08285799031245494,0.46
rep0070,0.38,0.38493011072598804,alg1,0.1,0.005,0.005,0.09000000000000001,abs_005_005,1000,2000,0.12625166206266225,0.6597776333191188,True,0.5335259712564565,0.5335259712564565,0.4207535461327661,0.4832464538672339,-0.29450188407010386,0.17653117945188482,0.062492907734467806,0.09953306352198871,0.3715
rep0071,0.59,0.589244588033342,alg1,0.1,0.005,0.005,0.09000000000000001,abs_005_005,1000,2000,0.20062409516035135,0.8631806805639441,True,0.6625565854035929,0.6625565854035929,0.5651925996378261,0.6268074003621739,-0.36456850447747474,0.23637328020177029,0.061614800724347774,0.08944178467924513,0.5115
rep0072,0.36,0.35856004626953336,alg1,0.1,0.005,0.005,0.09000000000000001,abs_005_005,1000,2000,0.11759581422863508,0.6078984650603387,True,0.49030265083170366,0.49030265083170366,0.3677621689742447,0.42923783102575536,-0.2501663547456096,0.17866063403458338,0.06147566205151067,0.09432698878019297,0.3345
rep0073,0.31,0.3098747873646647,alg1,0.1,0.005,0.005,0.09000000000000001,abs_005_005,1000,2000,-0.0517816756938877,0.4957557535204064,True,0.547537429214294,0.4957557535204064,0.3176042878964205,0.3773957121035795,-0.3693859635903082,0.11836004141682693,0.059791424207158994,0.09274600500713509,0.395
rep0074,0.90,0.9049964966462319,alg1,0.1,0.005,0.005,0.09000000000000001,abs_005_005,1000,2000,0.6761426142268299,1.1453903658222446,True,0.46924775159541476,0.32385738577317014,1.0,1.0,-0.32385738577317014,0.14539036582224454,0.0,0.08474775159541464,0.3845
rep0075,0.32,0.31874561649802047,alg1,0.1,0.005,0.005,0.09000000000000001,abs_005_005,1000,2000,0.15675597426201748,0.7718571695135491,True,0.6151011952515316,0.6151011952515316,0.46261081981797425,0.5253891801820257,-0.30585484555595677,0.24646798933152336,0.06277836036405149,0.09532283488748017,0.45699999999999996
rep0076,0.71,0.7130176578255591,alg1,0.1,0.005,0.005,0.09000000000000001,abs_005_005,1000,2000,0.4414301566245832,1.0235479700243644,True,0.5821178133997812,0.5585698433754168,0.7759340576564474,0.8260659423435527,-0.3345039010318642,0.19748202768081163,0.05013188468710528,0.08998592871267586,0.44199999999999995
rep0077,0.23,0.22551714755685845,alg1,0.1,0.005,0.005,0.09000000000000001,abs_005_005,1000,2000,-0.09675775353674648,0.6277470442661506,True,0.7245047978028971,0.6277470442661506,0.3176042878964205,0.3773957121035795,-0.41436204143316696,0.2503513321625711,0.059791424207158994,0.10321337359573801,0.5615
rep0078,0.22,0.21628460971412697,alg1,0.1,0.005,0.005,0.09000000000000001,abs_005_005,1000,2000,-0.29305473207470023,0.36920666112828254,True,0.6622613932029828,0.36920666112828254,0.14830696849208294,0.19569303150791703,-0.44136170056678314,0.1735136296203655,0.04738606301583409,0.09587533018714867,0.519
rep0079,0.95,0.9510635793135657,alg1,0.1,0.005,0.005,0.09000000000000001,abs_005_005,1000,2000,0.6717526562595848,1.1701720110844012,True,0.49841935482481636,0.3282473437404152,0.9290043926582024,0.9579956073417976,-0.2572517363986176,0.21217640374260366,0.028991214683595112,0.10592814014122126,0.3635
rep0080,0.71,0.7113832984140084,alg1,0.1,0.005,0.005,0.09000000000000001,abs_005_005,1000,2000,0.6489256891652446,1.224463594900926,True,0.5755379057356813,0.3510743108347554,1.0,1.0,-0.3510743108347553,0.22446359490092588,0.0,0.0905379057356811,0.4850000000000001
rep0081,0.12,0.12213959433561365,alg1,0.1,0.005,0.005,0.09000000000000001,abs_005_005,1000,2000,-0.11354091684510786,0.4611094824971523,True,0.5746503993422601,0.4611094824971523,0.16204546344268006,0.21095453655731994,-0.2755863802877879,0.25015494593983234,0.04890907311463988,0.09474132622762038,0.4309999999999999
rep0082,0.82,0.8178167395012349,alg1,0.1,0.005,0.005,0.09000000000000001,abs_005_005,1000,2000,0.6448667956976342,1.1544679171095051,True,0.509601121411871,0.35513320430236583,0.9284442524630578,0.9575557475369421,-0.28357745676542373,0.19691216957256313,0.02911149507388422,0.09698962633798686,0.3835
rep0083,0.06,0.060662964465063446,alg1,0.1,0.005,0.005,0.09000000000000001,abs_005_005,1000,2000,-0.35893085497534655,0.24368064172777334,True,0.6026114967031199,0.24368064172777334,0.02220296243628548,0.044797037563714524,-0.38113381741163205,0.1988836041640588,0.022594075127429045,0.08801742157569081,0.492
rep0084,0.62,0.6150758790395158,alg1,0.1,0.005,0.005,0.09000000000000001,abs_005_005,1000,2000,0.25232284817188655,0.8141706843816139,True,0.5618478362097273,0.5618478362097273,0.5581098655587582,0.6198901344412417,-0.30578701738687164,0.19428054994037217,0.06178026888248356,0.10656756732724382,0.39349999999999996
rep0085,0.29,0.2902428209069779,alg1,0.1,0.005,0.005,0.09000000000000001,abs_005_005,1000,2000,-0.03865315941092429,0.5089250929098394,True,0.5475782523207637,0.5089250929098394,0.21847929908416402,0.27252070091583597,-0.2571324584950883,0.23640439199400343,0.05404140183167194,0.09303685048909166,0.4005000000000001
rep0086,0.25,0.24637299433828597,alg1,0.1,0.005,0.005,0.09000000000000001,abs_005_005,1000,2000,-0.11173787494564907,0.4973863417637984,True,0.6091242167094475,0.4973863417637984,0.22474210530174416,0.27925789469825585,-0.33647998024739323,0.21812844706554257,0.054515789396511694,0.09060842731293578,0.464
rep0087,0.61,0.6119961961191355,alg1,0.1,0.005,0.005,0.09000000000000001,abs_005_005,1000,2000,0.3108211543094487,0.8849644501736162,True,0.5741432958641676,0.5741432958641676,0.6338343247628427,0.6931656752371572,-0.32301317045339406,0.19179877493645905,0.05933135047431448,0.10631194538985317,0.4084999999999999
rep0088,0.80,0.799499301024024,alg1,0.1,0.005,0.005,0.09000000000000001,abs_005_005,1000,2000,0.46764956277598113,1.1666332658740592,True,0.6989837030980781,0.5323504372240189,0.8398132852208581,0.883186714779142,-0.37216372244487694,0.28344655109491734,0.04337342955828394,0.1021102735397943,0.5535
rep0089,0.55,0.5544814732727213,alg1,0.1,0.005,0.005,0.09000000000000001,abs_005_005,1000,2000,0.1049809784701971,0.6825705818540808,True,0.5775896033838837,0.5775896033838837,0.417772284788868,0.480227715211132,-0.3127913063186709,0.2023428666429488,0.06245543042226398,0.1056341729616197,0.4095
rep0090,0.92,0.9180134247207182,alg1,0.1,0.005,0.005,0.09000000000000001,abs_005_005,1000,2000,0.7259929805249021,1.2784862015541192,True,0.552493221029217,0.27400701947509787,1.0,1.0,-0.27400701947509787,0.2784862015541192,0.0,0.10349322102921704,0.449
rep0091,0.84,0.8398910044723701,alg1,0.1,0.005,0.005,0.09000000000000001,abs_005_005,1000,2000,0.48700577155872576,1.0088448877465748,True,0.5218391161878491,0.5129942284412743,0.78169815947531,0.83130184052469,-0.2946923879165842,0.1775430472218848,0.049603681049380066,0.10123543513846905,0.37099999999999994
rep0092,0.28,0.2777960637703798,alg1,0.1,0.005,0.005,0.09000000000000001,abs_005_005,1000,2000,0.17058334990720034,0.7158236855563582,True,0.5452403356491579,0.5452403356491579,0.4192627720965005,0.48173722790349954,-0.24867942218930014,0.23408645765285865,0.06247445580699906,0.09026587984215878,0.3925
rep0093,0.63,0.6264023877908076,alg1,0.1,0.005,0.005,0.09000000000000001,abs_005_005,1000,2000,0.3444741446289682,0.8295055324599492,True,0.485031387830981,0.485031387830981,0.607318880831548,0.667681119168452,-0.26284473620257975,0.16182441329149727,0.06036223833690402,0.0981691494940769,0.3265000000000001
rep0094,0.72,0.719674020727301,alg1,0.1,0.005,0.005,0.09000000000000001,abs_005_005,1000,2000,0.6034144737907708,1.177312864190047,True,0.5738983903992761,0.39658552620922916,0.9062626208900766,0.9397373791099235,-0.30284814709930574,0.23757548508012358,0.03347475821984691,0.1059236321794293,0.43450000000000005
rep0095,0.20,0.20396992166666802,alg1,0.1,0.005,0.005,0.09000000000000001,abs_005_005,1000,2000,0.026938538970847636,0.6946542555948498,True,0.6677157166240022,0.6677157166240022,0.30879117326680194,0.3682088267331981,-0.2818526342959543,0.32644542886165173,0.05941765346639616,0.10229806315760603,0.506
rep0096,0.59,0.5921568741881831,alg1,0.1,0.005,0.005,0.09000000000000001,abs_005_005,1000,2000,0.20058492451336818,0.7836295074969297,True,0.5830445829835615,0.5830445829835615,0.549518079532449,0.611481920467551,-0.34893315501908084,0.17214758702937874,0.06196384093510199,0.10058074204845963,0.42049999999999993
rep0097,0.57,0.5667784780317234,alg1,0.1,0.005,0.005,0.09000000000000001,abs_005_005,1000,2000,0.2523570589242099,0.786039340711302,True,0.5336822817870921,0.5336822817870921,0.5550763877737737,0.6169236122262263,-0.30271932884956376,0.16911572848507567,0.06184722445245261,0.10283505733463949,0.36899999999999994
rep0098,0.49,0.4860515321766179,alg1,0.1,0.005,0.005,0.09000000000000001,abs_005_005,1000,2000,0.3934936740453526,0.939570496352171,True,0.5460768223068184,0.5460768223068184,0.6707155896253978,0.7282844103746022,-0.27722191558004516,0.21128608597756882,0.05756882074920444,0.10250800155761397,0.386
rep0099,0.47,0.4665370407527249,alg1,0.1,0.005,0.005,0.09000000000000001,abs_005_005,1000,2000,0.18208912341987749,0.8200898167755963,True,0.6380006933557189,0.6380006933557189,0.47811422621935307,0.5408857737806468,-0.2960251027994756,0.2792040429949495,0.06277154756129377,0.10072914579442505,0.47450000000000003
rep0100,0.23,0.2314452131134777,alg1,0.1,0.005,0.005,0.09000000000000001,abs_005_005,1000,2000,-0.08206982104799504,0.5604146773019478,True,0.6424844983499429,0.5604146773019478,0.3210348023418273,0.38096519765817266,-0.40310462338982234,0.17944947964377517,0.059930395316345364,0.0860541030335975,0.49649999999999994
rep0101,0.18,0.18241329731071446,alg1,0.1,0.005,0.005,0.09000000000000001,abs_005_005,1000,2000,-0.11325208228521247,0.48593892808329286,True,0.5991910103685053,0.48593892808329286,0.1935136695890364,0.2454863304109636,-0.30676575187424887,0.24045259767232924,0.0519726608219272,0.0877183495465782,0.4594999999999999
rep0102,0.37,0.3696194439412057,alg1,0.1,0.005,0.005,0.09000000000000001,abs_005_005,1000,2000,0.16841268792769765,0.7337420859589634,True,0.5653293980312657,0.5653293980312657,0.5077041980027415,0.5702958019972586,-0.3392915100750438,0.1634462839617048,0.06259160399451713,0.1022377940367486,0.40049999999999997
rep0103,0.53,0.5313669461368673,alg1,0.1,0.005,0.005,0.09000000000000001,abs_005_005,1000,2000,0.1469322105141589,0.7777866251025713,True,0.6308544145884125,0.6308544145884125,0.4816191716535089,0.5443808283464912,-0.33468696113935004,0.23340579675608025,0.06276165669298223,0.0950927578954302,0.47300000000000003
rep0104,0.73,0.7304876450895312,alg1,0.1,0.005,0.005,0.09000000000000001,abs_005_005,1000,2000,0.38612647535382305,1.0771863429579491,True,0.6910598676041261,0.613873524646177,0.7305915655985304,0.7844084344014695,-0.3444650902447074,0.29277790855647967,0.05381686880293901,0.09624299880118703,0.541
rep0105,0.57,0.5667347679489478,alg1,0.1,0.005,0.005,0.09000000000000001,abs_005_005,1000,2000,0.245862120164332,0.8025005937585353,True,0.5566384735942034,0.5566384735942034,0.5636743247433105,0.6253256752566896,-0.31781220457897846,0.17717491850184577,0.06165135051337911,0.0949871230808243,0.39999999999999997
rep0106,0.38,0.37986130137793056,alg1,0.1,0.005,0.005,0.09000000000000001,abs_005_005,1000,2000,-0.08868520022803439,0.47287647740585326,True,0.5615616776338876,0.47287647740585326,0.23439294587556614,0.2896070541244339,-0.3230781461036005,0.18326942328141937,0.055214108248867744,0.09634756938501987,0.41000000000000003
rep0107,0.27,0.27407532462958295,alg1,0.1,0.005,0.005,0.09000000000000001,abs_005_005,1000,2000,0.23449400970885736,0.8316816826296045,True,0.5971876729207471,0.5971876729207471,0.5288353975019042,0.5911646024980959,-0.29434138779304686,0.24051708013150858,0.062329204996191656,0.10185846792455544,0.43299999999999994
rep0108,0.47,0.4707711637301804,alg1,0.1,0.005,0.005,0.09000000000000001,abs_005_005,1000,2000,0.23370316398463636,0.7071424458699538,True,0.4734392818853174,0.4734392818853174,0.45961364537822724,0.5223863546217727,-0.22591048139359088,0.184756091248181,0.0627727092435455,0.08516657264177196,0.3254999999999999
rep0109,0.38,0.3848717507370416,alg1,0.1,0.005,0.005,0.09000000000000001,abs_005_005,1000,2000,0.0978926627858584,0.7249098962514212,True,0.6270172334655628,0.6270172334655628,0.4546208674103579,0.5173791325896421,-0.3567282046244995,0.20753076366177914,0.06275826517928418,0.09475896828627861,0.46950000000000003
rep0110,0.80,0.7989159746856644,alg1,0.1,0.005,0.005,0.09000000000000001,abs_005_005,1000,2000,0.6208011424967207,1.1169639493354113,True,0.49616280683869063,0.3791988575032793,0.9150874190503846,0.9469125809496155,-0.2942862765536639,0.17005136838579585,0.0318251618992309,0.10433764493945974,0.36
rep0111,0.12,0.12400952746142559,alg1,0.1,0.005,0.005,0.09000000000000001,abs_005_005,1000,2000,-0.11672042392174614,0.5292308586821833,True,0.6459512826039295,0.5292308586821833,0.19830367837274548,0.2506963216272545,-0.3150241022944916,0.2785345370549288,0.05239264325450904,0.10105863934942039,0.49250000000000005
rep0112,0.39,0.38563753348671403,alg1,0.1,0.005,0.005,0.09000000000000001,abs_005_005,1000,2000,0.04438899885929254,0.5820865849086596,True,0.5376975860493671,0.5376975860493671,0.3195643646066943,0.37943563539330566,-0.27517536574740176,0.20265094951535395,0.059871270786611364,0.0973263152627557,0.3805
rep0113,0.63,0.6343612694543586,alg1,0.1,0.005,0.005,0.09000000000000001,abs_005_005,1000,2000,0.5005025879051432,1.0198452097445565,True,0.5193426218394133,0.49949741209485676,0.7953534926105922,0.8436465073894078,-0.29485090470544895,0.17619870235514865,0.048293014778815646,0.10554960706059763,0.3655
rep0114,0.21,0.21241080187871833,alg1,0.1,0.005,0.005,0.09000000000000001,abs_005_005,1000,2000,0.15076733258788055,0.7144064291919029,True,0.5636390966040223,0.5636390966040223,0.43717091780294814,0.4998290821970519,-0.2864035852150676,0.214577346994851,0.06265816439410377,0.10448093220991861,0.39649999999999996
rep0115,0.56,0.5572411844543719,alg1,0.1,0.005,0.005,0.09000000000000001,abs_005_005,1000,2000,0.12353832212950233,0.8631874625917847,True,0.7396491404622824,0.7396491404622824,0.49715959643633084,0.559840403563669,-0.3736212743068285,0.30334705902811565,0.0626808071273382,0.08846833333494408,0.5885
rep0116,0.53,0.5326044114477568,alg1,0.1,0.005,0.005,0.09000000000000001,abs_005_005,1000,2000,0.20325235952733017,0.7948445273568515,True,0.5915921678295213,0.5915921678295213,0.5409357309486759,0.603064269051324,-0.3376833714213457,0.1917802583055275,0.06212853810264818,0.10196362972687317,0.42750000000000005
rep0117,0.18,0.18098441911046229,alg1,0.1,0.005,0.005,0.09000000000000001,abs_005_005,1000,2000,-0.2620514731229175,0.30828542405582365,True,0.5703368971787411,0.30828542405582365,0.07066836310775715,0.10633163689224284,-0.33271983623067464,0.2019537871635808,0.035663273784485694,0.09217362339425555,0.44249999999999995
rep0118,0.45,0.4474671950089837,alg1,0.1,0.005,0.005,0.09000000000000001,abs_005_005,1000,2000,0.2718787394779404,0.8165610614950105,True,0.5446823220170701,0.5446823220170701,0.5687364043778771,0.630263595622123,-0.2968576648999367,0.1862974658728875,0.06152719124424588,0.09265513077282428,0.39049999999999996
rep0119,0.28,0.2787521235495636,alg1,0.1,0.005,0.005,0.09000000000000001,abs_005_005,1000,2000,-0.06649023851835034,0.5067875030385007,True,0.5732777415568511,0.5067875030385007,0.30536707878957486,0.3646329212104252,-0.3718573173079252,0.1421545818280755,0.05926584242085031,0.09101189913600083,0.42299999999999993
rep0120,0.60,0.596182596130875,alg1,0.1,0.005,0.005,0.09000000000000001,abs_005_005,1000,2000,0.45832802748815893,1.02574386644574,True,0.567415838957581,0.5416719725118411,0.78904546344268,0.83795453655732,-0.3307174359545211,0.1877893298884198,0.04890907311463999,0.10000676584294088,0.4185
rep0121,0.25,0.2485601873078287,alg1,0.1,0.005,0.005,0.09000000000000001,abs_005_005,1000,2000,-0.07071869985173973,0.4150769107461316,True,0.48579561059787135,0.4150769107461316,0.17822353496003787,0.2287764650399621,-0.2489422348117776,0.18630044570616952,0.05055293007992423,0.08474268051794709,0.35050000000000003
rep0122,0.08,0.07709053478553804,alg1,0.1,0.005,0.005,0.09000000000000001,abs_005_005,1000,2000,-0.24864228161726973,0.37418860308508395,True,0.6228308847023537,0.37418860308508395,0.1653702190117967,0.21462978098820332,-0.4140125006290664,0.1595588220968806,0.04925956197640663,0.08557132272594703,0.488
rep0123,0.53,0.5298974392230134,alg1,0.1,0.005,0.005,0.09000000000000001,abs_005_005,1000,2000,0.3592026274169857,0.9476742216223619,True,0.5884715942053762,0.5884715942053762,0.7197063384648152,0.7742936615351848,-0.3605037110478295,0.17338056008717712,0.05458732307036951,0.1038842711350067,0.43
rep0124,0.71,0.7125174212717241,alg1,0.1,0.005,0.005,0.09000000000000001,abs_005_005,1000,2000,0.49734975132570525,1.011874656667112,True,0.5145249053414067,0.5026502486742948,0.7958796048190212,0.8441203951809787,-0.29852985349331596,0.16775426148613326,0.0482407903619575,0.10128411497944934,0.3649999999999999
rep0125,0.45,0.45243036585239726,alg1,0.1,0.005,0.005,0.09000000000000001,abs_005_005,1000,2000,0.14562871671886235,0.661355604813505,True,0.5157268880946426,0.5157268880946426,0.4297041980027415,0.49229580199725853,-0.28407548128387916,0.16905980281624639,0.06259160399451702,0.10563528410012551,0.34750000000000003
rep0126,0.42,0.4156068894601565,alg1,0.1,0.005,0.005,0.09000000000000001,abs_005_005,1000,2000,-0.022953035986239434,0.599799646805306,True,0.6227526827915454,0.599799646805306,0.30976981987800734,0.3692301801219927,-0.33272285586424677,0.23056946668331324,0.05946036024398538,0.09829232254756015,0.46499999999999986
rep0127,0.59,0.5939947331228512,alg1,0.1,0.005,0.005,0.09000000000000001,abs_005_005,1000,2000,0.352338217570649,0.880574934895056,True,0.528236717324407,0.528236717324407,0.6119011247137863,0.6720988752862137,-0.25956290714313734,0.20847605960884236,0.06019775057242738,0.0940389667519797,0.374
rep0128,0.52,0.515352207355193,alg1,0.1,0.005,0.005,0.09000000000000001,abs_005_005,1000,2000,0.37230627526865645,0.8333802582386276,True,0.46107398296997115,0.46107398296997115,0.6047744275378668,0.6652255724621332,-0.23246815226921033,0.16815468577649442,0.0604511449242664,0.10612283804570471,0.29450000000000004
rep0129,0.76,0.7626184336266676,alg1,0.1,0.005,0.005,0.09000000000000001,abs_005_005,1000,2000,0.4475973329127357,0.9191840283979702,True,0.4715866954852345,0.4715866954852345,0.7352633368606162,0.7887366631393838,-0.2876660039478805,0.1304473652585864,0.05347332627876766,0.09461336920646679,0.3235000000000001
rep0130,0.76,0.760274583270415,alg1,0.1,0.005,0.005,0.09000000000000001,abs_005_005,1000,2000,0.5218415926357067,1.070397867515595,True,0.5485562748798882,0.47815840736429327,0.7597291951008449,0.811270804899155,-0.23788760246513813,0.25912706261644,0.05154160979831013,0.10451466508157814,0.39249999999999996
rep0131,0.52,0.5229193925795493,alg1,0.1,0.005,0.005,0.09000000000000001,abs_005_005,1000,2000,0.3263150144357927,0.9158206776925343,True,0.5895056632567416,0.5895056632567416,0.6861439709253001,0.7428560290746999,-0.3598289564895074,0.17296464861783437,0.056712058149399835,0.09079360510734169,0.44200000000000006
rep0132,0.84,0.84236346040491,alg1,0.1,0.005,0.005,0.09000000000000001,abs_005_005,1000,2000,0.33138235294883756,0.9524337656125108,True,0.6210514126636733,0.6210514126636733,0.7461802848537862,0.7988197151462137,-0.4147979319049486,0.153614050466297,0.05263943029242757,0.09191198237124576,0.4764999999999999
rep0133,0.83,0.8317829406902948,alg1,0.1,0.005,0.005,0.09000000000000001,abs_005_005,1000,2000,0.5108408752584581,0.993415682478014,True,0.4825748072195559,0.4825748072195559,0.7953534926105922,0.8436465073894078,-0.28451261735213407,0.1497691750886062,0.048293014778815646,0.09928179244074031,0.33499999999999996
rep0134,0.84,0.8361878329836531,alg1,0.1,0.005,0.005,0.09000000000000001,abs_005_005,1000,2000,0.48341744903896683,0.9586140513327329,True,0.4751966022937661,0.4751966022937661,0.7420187382697412,0.7949812617302587,-0.25860128923077436,0.16363278960247418,0.05296252346051755,0.10423407883324859,0.31799999999999995
rep0135,0.86,0.8550909895959153,alg1,0.1,0.005,0.005,0.09000000000000001,abs_005_005,1000,2000,0.4752662733826795,1.0236221481234975,True,0.5483558747408179,0.5247337266173204,0.8043069684920829,0.851693031507917,-0.3290406951094034,0.17192911661558058,0.047386063015834035,0.1034698117249841,0.3974999999999999
rep0136,0.56,0.5591669730250985,alg1,0.1,0.005,0.005,0.09000000000000001,abs_005_005,1000,2000,0.24183937474338868,0.8340452410457231,True,0.5922058663023344,0.5922058663023344,0.6425243902109112,0.7014756097890888,-0.40068501546752255,0.13256963125663423,0.058951219578177616,0.09175464672415684,0.44149999999999995
rep0137,0.87,0.869250465774666,alg1,0.1,0.005,0.005,0.09000000000000001,abs_005_005,1000,2000,0.5638896806075557,1.207625516510371,True,0.6437358359028154,0.43611031939244427,1.0,1.0,-0.43611031939244427,0.20762551651037103,0.0,0.09973583590281543,0.5439999999999999
rep0138,0.67,0.6714526155779372,alg1,0.1,0.005,0.005,0.09000000000000001,abs_005_005,1000,2000,0.39310653246023086,0.8962272103228256,True,0.5031206778625947,0.5031206778625947,0.6558363550198262,0.7141636449801739,-0.2627298225595953,0.18206356534265167,0.05832728996034775,0.09779338790224695,0.34700000000000003
rep0139,0.55,0.5459346046903469,alg1,0.1,0.005,0.005,0.09000000000000001,abs_005_005,1000,2000,0.37883511210663395,0.990968975283931,True,0.612133863177297,0.612133863177297,0.677910841263611,0.735089158736389,-0.29907572915697705,0.25587981654754194,0.05717831747277802,0.10245554570451904,0.45249999999999996
rep0140,0.62,0.6190868499708994,alg1,0.1,0.005,0.005,0.09000000000000001,abs_005_005,1000,2000,0.3905127060779458,0.99320158743386,True,0.6026888813559141,0.6026888813559141,0.6655810198973708,0.7234189801026292,-0.27506831381942504,0.2697826073312308,0.05783796020525833,0.09435092115065569,0.4505000000000001
rep0141,0.29,0.2937715974362318,alg1,0.1,0.005,0.005,0.09000000000000001,abs_005_005,1000,2000,0.10613705105207188,0.6692774338190243,True,0.5631403827669523,0.5631403827669523,0.42870917340287934,0.4912908265971207,-0.32257212235080746,0.17798660722190357,0.06258165319424136,0.08455872957271093,0.41600000000000004
rep0142,0.83,0.834391376856184,alg1,0.1,0.005,0.005,0.09000000000000001,abs_005_005,1000,2000,0.5431037443987152,1.1419625656484005,True,0.5988588212496853,0.4568962556012848,0.8784576562181166,0.9165423437818834,-0.33535391181940133,0.2254202218665171,0.03808468756376682,0.10377413368591831,0.45700000000000013
rep0143,0.39,0.3911087817219962,alg1,0.1,0.005,0.005,0.09000000000000001,abs_005_005,1000,2000,0.12593878312376855,0.7032146530362392,True,0.5772758699124707,0.5772758699124707,0.41528877716653484,0.4777112228334652,-0.2893499940427663,0.225503430202774,0.06242244566693034,0.09935342424554017,0.4155000000000001
rep0144,0.35,0.3548673598577421,alg1,0.1,0.005,0.005,0.09000000000000001,abs_005_005,1000,2000,0.216216109339525,0.7416960268536769,True,0.5254799175141518,0.5254799175141518,0.47961615720090445,0.5423838427990956,-0.26340004786137944,0.1993121840545813,0.06276768559819113,0.10571223191596069,0.35700000000000004
rep0145,0.60,0.5990818840046812,alg1,0.1,0.005,0.005,0.09000000000000001,abs_005_005,1000,2000,0.3827892608219519,0.9666592663340089,True,0.5838700055120569,0.5838700055120569,0.7493036783727455,0.8016963216272545,-0.36651441755079356,0.16496294470675446,0.052392643254508986,0.09697736225754805,0.4345
rep0146,0.69,0.6862154216878891,alg1,0.1,0.005,0.005,0.09000000000000001,abs_005_005,1000,2000,0.44744089733233283,1.0343449963909468,True,0.586904099058614,0.5525591026676672,0.6882039464237457,0.7447960535762543,-0.24076304909141288,0.2895489428146925,0.05659210715250862,0.09231199190610545,0.438
rep0147,0.62,0.6215751588168773,alg1,0.1,0.005,0.005,0.09000000000000001,abs_005_005,1000,2000,0.3787506621529796,0.9779016678553604,True,0.5991510057023808,0.5991510057023808,0.6471294362177544,0.7058705637822456,-0.26837877406477484,0.2720311040731148,0.058741127564491125,0.09840987813788965,0.442
rep0148,0.06,0.05817545956037128,alg1,0.1,0.005,0.005,0.09000000000000001,abs_005_005,1000,2000,-0.14224642713986096,0.4339449603762772,True,0.5761913875161382,0.4339449603762772,0.16584544565307102,0.21515455434692898,-0.308091872792932,0.21879040602934824,0.04930910869385796,0.08638227882228022,0.4405
rep0149,0.59,0.5922523293443875,alg1,0.1,0.005,0.005,0.09000000000000001,abs_005_005,1000,2000,0.3846493632459161,0.9328207106536504,True,0.5481713474077343,0.5481713474077343,0.6032481778009178,0.6637518221990821,-0.21859881455500169,0.2690688884545682,0.06050364439816436,0.10566770300956985,0.38200000000000006
rep0150,0.50,0.49525634585942097,alg1,0.1,0.005,0.005,0.09000000000000001,abs_005_005,1000,2000,0.21162655342552011,0.7139279647893311,True,0.5023014113638109,0.5023014113638109,0.4991670177592699,0.56183298224073,-0.2875404643337498,0.15209498254860107,0.06266596448146006,0.09863544688235093,0.34099999999999997
rep0151,0.51,0.5129933787050873,alg1,0.1,0.005,0.005,0.09000000000000001,abs_005_005,1000,2000,0.2967168277000437,0.9591117238085627,True,0.662394896108519,0.662394896108519,0.6328126747877151,0.6921873252122849,-0.3360958470876714,0.2669243985962778,0.0593746504245698,0.10302024568394919,0.5
rep0152,0.09,0.0865692862724574,alg1,0.1,0.005,0.005,0.09000000000000001,abs_005_005,1000,2000,-0.08087009023497052,0.3985128338558407,True,0.4793829240908112,0.3985128338558407,0.17536333468898577,0.22563666531101426,-0.2562334249239563,0.17287616854482646,0.05027333062202849,0.08560959346878277,0.34349999999999997
rep0153,0.48,0.4832073173983341,alg1,0.1,0.005,0.005,0.09000000000000001,abs_005_005,1000,2000,0.09863844915796094,0.6692020231561082,True,0.5705635739981473,0.5705635739981473,0.365295127213065,0.42670487278693503,-0.26665667805510407,0.24249715036917324,0.06140974557387002,0.10165382842427728,0.4075000000000001
rep0154,0.40,0.40109208941257574,alg1,0.1,0.005,0.005,0.09000000000000001,abs_005_005,1000,2000,0.15710980829125415,0.7789195549457715,True,0.6218097466545174,0.6218097466545174,0.45212565684821965,0.5148743431517804,-0.2950158485569655,0.2640452117939911,0.06274868630356073,0.08356106035095656,0.47550000000000003
rep0155,0.69,0.689446032969343,alg1,0.1,0.005,0.005,0.09000000000000001,abs_005_005,1000,2000,0.49455614236285494,1.056429868092349,True,0.561873725729494,0.505443857637145,0.8006177560334617,0.8483822439665383,-0.3060616136706068,0.20804762412581063,0.04776448793307653,0.10410923779641734,0.41000000000000003
rep0156,0.14,0.1393879721073728,alg1,0.1,0.005,0.005,0.09000000000000001,abs_005_005,1000,2000,-0.17748583736713167,0.5261318107904944,True,0.7036176481576261,0.5261318107904944,0.11587918099943281,0.1591208190005672,-0.2933650183665645,0.36701099178992724,0.0432416380011344,0.10087601015649172,0.5595
rep0157,0.59,0.589150430142333,alg1,0.1,0.005,0.005,0.09000000000000001,abs_005_005,1000,2000,0.4134831509798884,1.0572401621432166,True,0.6437570111633282,0.5865168490201116,0.7191885267325684,0.7738114732674317,-0.30570537575268,0.2834286888757848,0.054622946534863326,0.09113406462846474,0.4980000000000001
rep0158,0.61,0.6073199373638452,alg1,0.1,0.005,0.005,0.09000000000000001,abs_005_005,1000,2000,0.2350094883125557,0.852429045149069,True,0.6174195568365133,0.6174195568365133,0.5808990448485053,0.6421009551514948,-0.3458895565359496,0.2103280899975742,0.06120191030298949,0.09671764653352383,0.45949999999999996
rep0159,0.63,0.6314245779213238,alg1,0.1,0.005,0.005,0.09000000000000001,abs_005_005,1000,2000,0.39988121719378333,0.9726666057317044,True,0.572785388537921,0.572785388537921,0.7150477411140992,0.7699522588859009,-0.31516652392031586,0.20271434684580344,0.05490451777180172,0.10288087076611929,0.41500000000000004
rep0160,0.74,0.7376564844095054,alg1,0.1,0.005,0.005,0.09000000000000001,abs_005_005,1000,2000,0.37776155832132685,0.9093079716832001,True,0.5315464133618732,0.5315464133618732,0.6261755542841347,0.6858244457158653,-0.24841399596280792,0.22348352596733476,0.05964889143173058,0.09689752193014273,0.37499999999999994
rep0161,0.01,0.013813185400586675,alg1,0.1,0.005,0.005,0.09000000000000001,abs_005_005,1000,2000,-0.29741561314157816,0.26658926748259304,True,0.5640048806241712,0.26658926748259304,0.0,0.0,-0.29741561314157816,0.26658926748259304,0.0,0.09300488062417117,0.47100000000000003
rep0162,0.61,0.6134028005860644,alg1,0.1,0.005,0.005,0.09000000000000001,abs_005_005,1000,2000,0.322100757670947,0.9949448901592053,True,0.6728441324882584,0.6728441324882584,0.6583993558560483,0.7166006441439517,-0.33629859818510127,0.2783442460152536,0.058201288287903497,0.09164284420035496,0.5229999999999999
rep0163,0.19,0.18524019663743344,alg1,0.1,0.005,0.005,0.09000000000000001,abs_005_005,1000,2000,-0.059995490201968926,0.43845360568715896,True,0.4984490958891279,0.43845360568715896,0.22040544055020816,0.27459455944979183,-0.2804009307521771,0.16385904623736716,0.054189118899583666,0.0967599769895442,0.34750000000000003
rep0164,0.11,0.11484174020317689,alg1,0.1,0.005,0.005,0.09000000000000001,abs_005_005,1000,2000,-0.28040435783039513,0.3063157493059786,True,0.5867201071363737,0.3063157493059786,0.09589535692838332,0.1361046430716167,-0.37629971475877844,0.17021110623436186,0.040209286143233394,0.08901082099314028,0.4575
rep0165,0.38,0.38084826730824745,alg1,0.1,0.005,0.005,0.09000000000000001,abs_005_005,1000,2000,0.07295122737007487,0.6702593107021062,True,0.5973080833320313,0.5973080833320313,0.4491324418280405,0.5118675581719595,-0.37618121445796565,0.15839175253014665,0.06273511634391898,0.1035729669881123,0.431
rep0166,0.38,0.3787299719871194,alg1,0.1,0.005,0.005,0.09000000000000001,abs_005_005,1000,2000,0.17605706075507416,0.7441967867279231,True,0.5681397259728489,0.5681397259728489,0.5505283865119034,0.6124716134880966,-0.37447132575682923,0.13172517323982644,0.061943226976193255,0.09869649899665561,0.40750000000000003
rep0167,0.82,0.8222140268041133,alg1,0.1,0.005,0.005,0.09000000000000001,abs_005_005,1000,2000,0.34659201453141686,0.9535844634794572,True,0.6069924489480404,0.6069924489480404,0.660450465490264,0.718549534509736,-0.3138584509588471,0.23503492896972128,0.05809906901947204,0.09539337992856839,0.45350000000000007
rep0168,0.71,0.7093086415110121,alg1,0.1,0.005,0.005,0.09000000000000001,abs_005_005,1000,2000,0.3888851856337842,1.0509339839400886,True,0.6620487983063044,0.6111148143662157,0.7995643405755413,0.8474356594244588,-0.41067915494175705,0.20349832451562994,0.04787131884891749,0.09917747945738697,0.515
rep0169,0.52,0.5225953371690368,alg1,0.1,0.005,0.005,0.09000000000000001,abs_005_005,1000,2000,0.2406899317806681,0.9127064822257864,True,0.6720165504451183,0.6720165504451183,0.5490129750300087,0.6109870249699912,-0.30832304324934057,0.30171945725579513,0.06197404993998257,0.08804250050513573,0.522
rep0170,0.70,0.7013023530707954,alg1,0.1,0.005,0.005,0.09000000000000001,abs_005_005,1000,2000,0.4816010531494065,1.0658922851208612,True,0.5842912319714547,0.5183989468505935,0.8122245857929675,0.8587754142070325,-0.33062353264356104,0.2071168709138287,0.04655082841406499,0.10324040355738978,0.43449999999999994
rep0171,0.56,0.5599383249133976,alg1,0.1,0.005,0.005,0.09000000000000001,abs_005_005,1000,2000,0.39307303028373247,0.9261149186556243,True,0.5330418883718919,0.5330418883718919,0.6820260600177641,0.7389739399822359,-0.28895302973403164,0.18714097867338841,0.056947879964471815,0.08209400840742004,0.394
rep0172,0.26,0.2590639202579069,alg1,0.1,0.005,0.005,0.09000000000000001,abs_005_005,1000,2000,-0.07706380835698279,0.528855005395983,True,0.6059188137529657,0.528855005395983,0.19638701936754355,0.24861298063245646,-0.27345082772452634,0.2802420247635265,0.05222596126491291,0.09219285248805292,0.46149999999999997
rep0173,0.74,0.7363251066811258,alg1,0.1,0.005,0.005,0.09000000000000001,abs_005_005,1000,2000,0.39834475443320555,1.0609078376666057,True,0.6625630832334002,0.6016552455667945,0.7109099595912739,0.7660900404087262,-0.31256520515806835,0.2948177972578794,0.05518008081745229,0.09088300241594771,0.5165
rep0174,0.81,0.8139286848050418,alg1,0.1,0.005,0.005,0.09000000000000001,abs_005_005,1000,2000,0.6288385073626712,1.1959830327916294,True,0.5671445254289582,0.3711614926373288,0.9786236126321113,0.9933763873678887,-0.3497851052694401,0.20260664542374085,0.014752774735777407,0.09989175069318101,0.4525
rep0175,0.63,0.6348894231411129,alg1,0.1,0.005,0.005,0.09000000000000001,abs_005_005,1000,2000,0.21354003439600283,0.8401328703338974,True,0.6265928359378945,0.6265928359378945,0.4931462676250192,0.5558537323749808,-0.27960623322901634,0.2842791379589166,0.06270746474996164,0.10488537118793295,0.45899999999999996
rep0176,0.47,0.4725869259755337,alg1,0.1,0.005,0.005,0.09000000000000001,abs_005_005,1000,2000,0.0534635528533558,0.7330359086744249,True,0.6795723558210691,0.6795723558210691,0.38901297503000876,0.4509870249699912,-0.33554942217665296,0.2820488837044337,0.061974049939982456,0.09209830588108658,0.5255000000000001
rep0177,0.37,0.3661877553272999,alg1,0.1,0.005,0.005,0.09000000000000001,abs_005_005,1000,2000,0.10403727665064805,0.759516242095173,True,0.655478965444525,0.655478965444525,0.4891349551560032,0.5518650448439967,-0.38509767850535515,0.20765119725117628,0.06273008968799348,0.10524887575653141,0.48750000000000004
rep0178,0.58,0.5808139347307457,alg1,0.1,0.005,0.005,0.09000000000000001,abs_005_005,1000,2000,0.38137767131359135,0.9738817468039692,True,0.5925040754903779,0.5925040754903779,0.705741889140831,0.7612581108591691,-0.3243642178272397,0.2126236359448002,0.05551622171833803,0.10198785377203978,0.43500000000000005
rep0179,0.22,0.22017317015237053,alg1,0.1,0.005,0.005,0.09000000000000001,abs_005_005,1000,2000,-0.15789697046297052,0.4761038469726046,True,0.6340008174355751,0.4761038469726046,0.1968661026423435,0.2491338973576565,-0.354763073105314,0.2269699496149481,0.05226779471531301,0.10323302272026214,0.47850000000000004
rep0180,0.24,0.23704842462935202,alg1,0.1,0.005,0.005,0.09000000000000001,abs_005_005,1000,2000,0.05153613398613782,0.6113404884468359,True,0.5598043544606981,0.5598043544606981,0.3185842537117882,0.37841574628821173,-0.2670481197256504,0.23292474215862413,0.059831492576423506,0.09897286188427457,0.40099999999999997
rep0181,0.81,0.8124731630569871,alg1,0.1,0.005,0.005,0.09000000000000001,abs_005_005,1000,2000,0.44769601667698994,1.0319343085755492,True,0.5842382918985594,0.5523039833230101,0.797984747897319,0.8460152521026809,-0.35028873122032905,0.18591905647286838,0.048030504205361924,0.09870778769319749,0.43749999999999994
rep0182,0.20,0.1997976959635074,alg1,0.1,0.005,0.005,0.09000000000000001,abs_005_005,1000,2000,-0.06699292730602857,0.583978039547509,True,0.6509709668535376,0.583978039547509,0.24793499885601095,0.3040650011439891,-0.3149279261620395,0.27991303840351994,0.056130002287978153,0.0893409645655594,0.5055000000000001
rep0183,0.37,0.37134566744195185,alg1,0.1,0.005,0.005,0.09000000000000001,abs_005_005,1000,2000,0.1599924305912952,0.6971481760686583,True,0.5371557454773631,0.5371557454773631,0.4321923137765774,0.49480768622342264,-0.2721998831852822,0.2023404898452357,0.06261537244684523,0.09454037303051782,0.38000000000000006
rep0184,0.74,0.7354696566930434,alg1,0.1,0.005,0.005,0.09000000000000001,abs_005_005,1000,2000,0.4998603320532011,1.0481237761825184,True,0.5482634441293173,0.5001396679467989,0.7775053355578222,0.8274946644421778,-0.2776450035046211,0.2206291117403406,0.04998932888435559,0.09227411524496176,0.40599999999999997
rep0185,0.10,0.10340771969498831,alg1,0.1,0.005,0.005,0.09000000000000001,abs_005_005,1000,2000,-0.19118559381033187,0.3124629283063475,True,0.5036485221166793,0.3124629283063475,0.07841891874855758,0.11558108125144242,-0.26960451255888945,0.19688184705490502,0.03716216250288484,0.10048635961379448,0.366
rep0186,0.69,0.6920835306051816,alg1,0.1,0.005,0.005,0.09000000000000001,abs_005_005,1000,2000,0.591411518966572,1.1463330288158486,True,0.5549215098492767,0.40858848103342804,0.8435456096491836,0.8864543903508164,-0.2521340906826116,0.25987863846503223,0.04290878070163284,0.10601272914764376,0.4060000000000001
rep0187,0.80,0.798533047494207,alg1,0.1,0.005,0.005,0.09000000000000001,abs_005_005,1000,2000,0.4372008575865315,0.9583318302425489,True,0.5211309726560174,0.5211309726560174,0.7352633368606162,0.7887366631393838,-0.2980624792740847,0.16959516710316505,0.05347332627876766,0.09765764637724972,0.37
rep0188,0.89,0.8878576726046554,alg1,0.1,0.005,0.005,0.09000000000000001,abs_005_005,1000,2000,0.5397128381358498,1.0236409028344795,True,0.4839280646986297,0.4602871618641502,0.822278581355488,0.8677214186445119,-0.2825657432196382,0.15591948418996765,0.045442837289023874,0.10648522740960581,0.332
rep0189,0.68,0.6820614866402894,alg1,0.1,0.005,0.005,0.09000000000000001,abs_005_005,1000,2000,0.5209277920331218,1.1192995273044466,True,0.5983717352713248,0.4790722079668782,0.8456805199179263,0.8883194800820737,-0.32475272788480447,0.23098004722237292,0.04263896016414748,0.10523277510717743,0.4505
rep0190,0.38,0.3784619675117847,alg1,0.1,0.005,0.005,0.09000000000000001,abs_005_005,1000,2000,0.14535229083239687,0.7554471621461047,True,0.6100948713137079,0.6100948713137079,0.47010870081468936,0.5328912991853105,-0.3247564099822925,0.22255586296079422,0.06278259837062117,0.08931227294308663,0.4580000000000001
rep0191,0.28,0.2819871291482782,alg1,0.1,0.005,0.005,0.09000000000000001,abs_005_005,1000,2000,0.02178953047010579,0.7170378259458418,True,0.695248295475736,0.695248295475736,0.4068508318494414,0.4691491681505586,-0.3850613013793356,0.24788865779528313,0.06229833630111725,0.08644995917461873,0.5465
rep0192,0.26,0.2642608355159435,alg1,0.1,0.005,0.005,0.09000000000000001,abs_005_005,1000,2000,-0.021300260529704906,0.5637637399734707,True,0.5850640005031756,0.5637637399734707,0.3210348023418273,0.38096519765817266,-0.3423350628715322,0.18279854231529805,0.059930395316345364,0.08113360518683033,0.44399999999999995
rep0193,0.10,0.10065366890913507,alg1,0.1,0.005,0.005,0.09000000000000001,abs_005_005,1000,2000,-0.2674697251829046,0.18955897091128712,True,0.4570286960941917,0.18955897091128712,0.0,0.0,-0.2674697251829046,0.18955897091128712,0.0,0.08852869609419178,0.36849999999999994
rep0194,0.61,0.6065689152312473,alg1,0.1,0.005,0.005,0.09000000000000001,abs_005_005,1000,2000,0.2859040855632542,0.8738813635082541,True,0.5879772779449999,0.5879772779449999,0.5369002225382923,0.5990997774617076,-0.2509961369750381,0.2747815860465464,0.062199554923415334,0.09727772302158455,0.4285
rep0195,0.10,0.10236788996150449,alg1,0.1,0.005,0.005,0.09000000000000001,abs_005_005,1000,2000,-0.15089479255882118,0.29651899040005836,True,0.44741378295887957,0.29651899040005836,0.10052479008908718,0.1414752099109128,-0.25141958264790837,0.15504378048914555,0.04095041982182562,0.09596336313705389,0.3105
rep0196,0.11,0.10640820495151106,alg1,0.1,0.005,0.005,0.09000000000000001,abs_005_005,1000,2000,-0.22785103781297536,0.37867664172267484,True,0.6065276795356502,0.37867664172267484,0.061163415202838606,0.0948365847971614,-0.28901445301581397,0.28384005692551345,0.03367316959432279,0.10335450994132733,0.46950000000000003
rep0197,0.80,0.7955389051940175,alg1,0.1,0.005,0.005,0.09000000000000001,abs_005_005,1000,2000,0.6164120665939476,1.1680957123051998,True,0.5516836457112522,0.38358793340605235,0.9278844271523231,0.9571155728476769,-0.3114723605583755,0.21098013945752303,0.02923114569535379,0.09445250001589861,0.428
rep0198,0.72,0.7201597538360408,alg1,0.1,0.005,0.005,0.09000000000000001,abs_005_005,1000,2000,0.6210121292030417,1.19292410136046,True,0.5719119721574182,0.3789878707969583,0.9206337055296383,0.9513662944703618,-0.29962157632659664,0.241557806890098,0.030732588940723504,0.10367938321669468,0.4375
rep0199,0.36,0.3552953142149884,alg1,0.1,0.005,0.005,0.09000000000000001,abs_005_005,1000,2000,0.08070995154087268,0.7041134391940629,True,0.6234034876531902,0.6234034876531902,0.38901297503000876,0.4509870249699912,-0.3083030234891361,0.25312641422407167,0.061974049939982456,0.09792943771320772,0.4635
rep0200,0.28,0.27875301908221095,alg1,0.1,0.005,0.005,0.09000000000000001,abs_005_005,1000,2000,0.0017904758448569202,0.553411710386843,True,0.5516212345419861,0.5516212345419861,0.3068343247628427,0.3661656752371573,-0.3050438489179858,0.18724603514968569,0.05933135047431459,0.09628988406767153,0.39599999999999996
rep0201,0.62,0.6187795427961023,alg1,0.1,0.005,0.005,0.09000000000000001,abs_005_005,1000,2000,0.3501386565803898,0.8870186841313592,True,0.5368800275509694,0.5368800275509694,0.6302591986333589,0.6897408013666412,-0.2801205420529691,0.19727788276471803,0.05948160273328229,0.08389842481768711,0.3935
rep0202,0.26,0.2611469262103015,alg1,0.1,0.005,0.005,0.09000000000000001,abs_005_005,1000,2000,-0.06802465781586334,0.6115285067047878,True,0.6795531645206511,0.6115285067047878,0.235842181297473,0.291157818702527,-0.30386683911333634,0.32037068800226076,0.05531563740505399,0.10223752711559708,0.522
rep0203,0.13,0.13085876155232837,alg1,0.1,0.005,0.005,0.09000000000000001,abs_005_005,1000,2000,-0.07934114162209088,0.4910327700931004,True,0.5703739117151914,0.4910327700931004,0.21751652327784582,0.27148347672215417,-0.2968576648999367,0.21954929337094622,0.05396695344430835,0.0814069582708829,0.435
rep0204,0.41,0.4108195104512688,alg1,0.1,0.005,0.005,0.09000000000000001,abs_005_005,1000,2000,0.09436925787838818,0.6993582643954275,True,0.6049890065170394,0.6049890065170394,0.40734692509819437,0.46965307490180563,-0.3129776672198062,0.22970518949362187,0.062306149803611266,0.09868285671342814,0.44399999999999995
rep0205,0.79,0.7878764979526736,alg1,0.1,0.005,0.005,0.09000000000000001,abs_005_005,1000,2000,0.3172561133047213,1.014919477412367,True,0.6976633641076457,0.6827438866952786,0.7036759368478658,0.7593240631521343,-0.38641982354314447,0.25559541426023286,0.05564812630426852,0.09851523780337723,0.5435000000000001
rep0206,0.64,0.6364942699927159,alg1,0.1,0.005,0.005,0.09000000000000001,abs_005_005,1000,2000,0.28025524287227266,0.8484467297516887,True,0.568191486879416,0.568191486879416,0.634856123517449,0.6941438764825509,-0.35460088064517636,0.1543028532691377,0.059287752965101914,0.092903733914314,0.4160000000000001
rep0207,0.49,0.4906848418763044,alg1,0.1,0.005,0.005,0.09000000000000001,abs_005_005,1000,2000,0.2982843359855377,0.8556253338795289,True,0.5573409978939912,0.5573409978939912,0.607318880831548,0.667681119168452,-0.30903454484601023,0.18794421471107692,0.06036223833690402,0.10647875955708708,0.39050000000000007
rep0208,0.79,0.7884131600923425,alg1,0.1,0.005,0.005,0.09000000000000001,abs_005_005,1000,2000,0.45297412431305506,0.9597695090016821,True,0.5067953846886271,0.5067953846886271,0.7171177555385134,0.7718822444614867,-0.26414363122545836,0.18788726454019544,0.05476448892297325,0.09003089576565376,0.36200000000000004
rep0209,0.53,0.5343534617948776,alg1,0.1,0.005,0.005,0.09000000000000001,abs_005_005,1000,2000,0.183585417794686,0.8637848767583612,True,0.6801994589636753,0.6801994589636753,0.5601328427394102,0.6218671572605897,-0.3765474249447242,0.24191771949777152,0.0617343145211795,0.08346514444249575,0.535
rep0210,0.33,0.33438574106348895,alg1,0.1,0.005,0.005,0.09000000000000001,abs_005_005,1000,2000,0.011611745627171377,0.5629004430606334,True,0.551288697433462,0.551288697433462,0.28924979672637796,0.34775020327362205,-0.2776380510992066,0.21515023978701128,0.05850040654724409,0.10128829088621794,0.39149999999999996
rep0211,0.60,0.6037659353980034,alg1,0.1,0.005,0.005,0.09000000000000001,abs_005_005,1000,2000,0.3935856699446536,0.9361187843514064,True,0.5425331144067528,0.5425331144067528,0.6794537348955416,0.7365462651044583,-0.285868064950888,0.19957251924694808,0.05709253020891669,0.09994058419783614,0.38549999999999995
rep0212,0.98,0.9780460218423522,alg1,0.1,0.005,0.005,0.09000000000000001,abs_005_005,1000,2000,0.7300768563241657,1.2340283849108689,True,0.5039515285867031,0.26992314367583425,1.0,1.0,-0.2699231436758342,0.23402838491086875,0.0,0.10445152858670292,0.39949999999999997
rep0213,0.15,0.1484121191028399,alg1,0.1,0.005,0.005,0.09000000000000001,abs_005_005,1000,2000,-0.23536585470407434,0.38088660164590404,True,0.6162524563499784,0.38088660164590404,0.12664373986503585,0.17135626013496413,-0.3620095945691102,0.2095303415109399,0.04471252026992828,0.08753993608005017,0.484
rep0214,0.66,0.6628431392335704,alg1,0.1,0.005,0.005,0.09000000000000001,abs_005_005,1000,2000,0.42061335675022526,1.0523854386505256,True,0.6317720819003003,0.5793866432497747,0.7264422717773495,0.7805577282226503,-0.3058289150271243,0.2718277104278753,0.0541154564453008,0.09765662545499948,0.48000000000000004
rep0215,0.68,0.6753815297588844,alg1,0.1,0.005,0.005,0.09000000000000001,abs_005_005,1000,2000,0.2796240261825777,0.9651165698157826,True,0.6854925436332049,0.6854925436332049,0.6425243902109112,0.7014756097890888,-0.36290036402833353,0.2636409600266938,0.058951219578177616,0.09404132405502719,0.5325000000000001
rep0216,0.82,0.8173556056467988,alg1,0.1,0.005,0.005,0.09000000000000001,abs_005_005,1000,2000,0.6248578122848194,1.2193383277941163,True,0.5944805155092969,0.3751421877151806,0.9368817939745024,0.9641182060254976,-0.31202398168968304,0.25522012176861875,0.02723641205099514,0.09924410345830181,0.46799999999999997
rep0217,0.70,0.6971727626112771,alg1,0.1,0.005,0.005,0.09000000000000001,abs_005_005,1000,2000,0.4540426052228797,1.0759311088944719,True,0.6218885036715922,0.5459573947771204,0.7874699643497826,0.8365300356502176,-0.33342735912690286,0.23940107324425422,0.04906007130043499,0.10032843237115718,0.4724999999999999
rep0218,0.53,0.5325584219827054,alg1,0.1,0.005,0.005,0.09000000000000001,abs_005_005,1000,2000,-0.027772520685840463,0.5533801420928737,True,0.5811526627787141,0.5533801420928737,0.29266513979650605,0.35133486020349397,-0.3204376604823465,0.20204528188937976,0.058669720406987924,0.10148294237172634,0.421
rep0219,0.26,0.26006522148105754,alg1,0.1,0.005,0.005,0.09000000000000001,abs_005_005,1000,2000,0.11942798239853314,0.7494367801198809,True,0.6300087977213478,0.6300087977213478,0.4212505344848741,0.48374946551512593,-0.30182255208634096,0.2656873146047549,0.062498931030251836,0.09800986669109585,0.4695
rep0220,0.85,0.853759876232515,alg1,0.1,0.005,0.005,0.09000000000000001,abs_005_005,1000,2000,0.630183869329838,1.0906170736322158,True,0.4604332043023778,0.36981613067016195,0.9117713842872605,0.9442286157127396,-0.28158751495742246,0.14638845791947608,0.03245723142547918,0.09097597287689857,0.33699999999999997
rep0221,0.29,0.29471783594394063,alg1,0.1,0.005,0.005,0.09000000000000001,abs_005_005,1000,2000,-0.1210265697206562,0.5142078758725006,True,0.6352344455931568,0.5142078758725006,0.23004774111409912,0.28495225888590087,-0.3510743108347553,0.22925561698659974,0.05490451777180175,0.09082992782135502,0.48950000000000005
rep0222,0.60,0.5974502663194311,alg1,0.1,0.005,0.005,0.09000000000000001,abs_005_005,1000,2000,0.36560984773731237,0.9717730716351114,True,0.606163223897799,0.606163223897799,0.7191885267325684,0.7738114732674317,-0.353578678995256,0.19796159836767968,0.054622946534863326,0.1025402773629357,0.44899999999999995
rep0223,0.16,0.16311492076100237,alg1,0.1,0.005,0.005,0.09000000000000001,abs_005_005,1000,2000,-0.21079859826305158,0.44616035269858245,True,0.656958950961634,0.44616035269858245,0.14972544435065938,0.1972745556493406,-0.36052404261371096,0.24888579704924182,0.047549111298681224,0.09690983966295286,0.5125
rep0224,0.09,0.09398225610587806,alg1,0.1,0.005,0.005,0.09000000000000001,abs_005_005,1000,2000,-0.34470450970167704,0.19297782655158352,True,0.5376823362532606,0.19297782655158352,0.0,0.0,-0.34470450970167704,0.19297782655158352,0.0,0.10568233625326051,0.43200000000000005
rep0225,0.30,0.29551341108301227,alg1,0.1,0.005,0.005,0.09000000000000001,abs_005_005,1000,2000,-0.236385992739154,0.4040705925377885,True,0.6404565852769425,0.4040705925377885,0.10748997836188186,0.14951002163811816,-0.34387597110103585,0.2545605708996703,0.042020043276236305,0.09743654200070617,0.501
rep0226,0.26,0.2588609592951638,alg1,0.1,0.005,0.005,0.09000000000000001,abs_005_005,1000,2000,0.01998789034062537,0.5787568026834111,True,0.5587689123427857,0.5587689123427857,0.2726883517776822,0.3303116482223178,-0.2527004614370568,0.24844515446109333,0.0576232964446356,0.10114561589815019,0.4
rep0227,0.17,0.17268934084441262,alg1,0.1,0.005,0.005,0.09000000000000001,abs_005_005,1000,2000,0.016347702848111156,0.5315279202270182,True,0.5151802173789071,0.5151802173789071,0.2673401821925919,0.32465981780740805,-0.25099247934448077,0.2068681024196102,0.05731963561481612,0.10386058176409096,0.354
rep0228,0.85,0.8487852341549722,alg1,0.1,0.005,0.005,0.09000000000000001,abs_005_005,1000,2000,0.5131675495288126,1.1940407099154708,True,0.6808731603866582,0.4868324504711874,0.8822491382009472,0.9197508617990529,-0.3690815886721346,0.27428984811641793,0.03750172359810566,0.09787143678855259,0.5455
rep0229,0.49,0.4925986285027818,alg1,0.1,0.005,0.005,0.09000000000000001,abs_005_005,1000,2000,0.12285041295858051,0.6520355745026811,True,0.5291851615441006,0.5291851615441006,0.4571168636872549,0.5198831363127451,-0.3342664507286744,0.13215243818993605,0.06276627262549017,0.0969188889186105,0.36949999999999994
rep0230,0.37,0.3698093315210323,alg1,0.1,0.005,0.005,0.09000000000000001,abs_005_005,1000,2000,-0.029335101217290938,0.5938731825105055,True,0.6232082837277964,0.5938731825105055,0.28242483165822146,0.34057516834177853,-0.3117599328755124,0.2532980141687269,0.05815033668355707,0.10455794704423921,0.4605000000000001
rep0231,0.52,0.5174532275906403,alg1,0.1,0.005,0.005,0.09000000000000001,abs_005_005,1000,2000,0.152649847315459,0.7297518266859473,True,0.5771019793704883,0.5771019793704883,0.46261081981797425,0.5253891801820257,-0.30996097250251525,0.20436264650392158,0.06277836036405149,0.10032361900643683,0.41400000000000003
rep0232,0.32,0.3249276305613271,alg1,0.1,0.005,0.005,0.09000000000000001,abs_005_005,1000,2000,-0.06430138090046514,0.4704886111720764,True,0.5347899920725415,0.4704886111720764,0.21270562642137494,0.26629437357862507,-0.2770070073218401,0.20419423759345134,0.05358874715725012,0.10170124491529148,0.37949999999999995
rep0233,0.44,0.4411253571753426,alg1,0.1,0.005,0.005,0.09000000000000001,abs_005_005,1000,2000,0.29333319564674254,0.8178355200287059,True,0.5245023243819633,0.5245023243819633,0.5682300466632261,0.6297699533367739,-0.27489685101648353,0.18806556669193195,0.061539906673547806,0.10046241770841552,0.3625
rep0234,0.30,0.3017142302716192,alg1,0.1,0.005,0.005,0.09000000000000001,abs_005_005,1000,2000,0.17012075604394372,0.6887582781654507,True,0.5186375221215069,0.5186375221215069,0.4481349551560032,0.5108650448439968,-0.2780141991120595,0.17789323332145388,0.06273008968799354,0.0944074324335134,0.3615
rep0235,0.35,0.34969421484523144,alg1,0.1,0.005,0.005,0.09000000000000001,abs_005_005,1000,2000,-0.03145277304235494,0.5522533003102511,True,0.583706073352606,0.5522533003102511,0.29803590971516086,0.35696409028483916,-0.3294886827575158,0.19528921002541197,0.0589281805696783,0.1047778927829277,0.42000000000000004
rep0236,0.55,0.5457336066147829,alg1,0.1,0.005,0.005,0.09000000000000001,abs_005_005,1000,2000,0.2562512563801906,0.7868163441600379,True,0.5305650877798473,0.5305650877798473,0.5278278728670919,0.5901721271329082,-0.2715766164869013,0.19664421702712961,0.06234425426581636,0.09522083351403088,0.373
rep0237,0.30,0.29548634029776705,alg1,0.1,0.005,0.005,0.09000000000000001,abs_005_005,1000,2000,0.08416829391447089,0.6535573513566509,True,0.56938905744218,0.56938905744218,0.3840654914031138,0.44593450859688616,-0.2998971974886429,0.20762284275976475,0.06186901719377236,0.1000200402484076,0.4075000000000001
rep0238,0.69,0.6908595209258626,alg1,0.1,0.005,0.005,0.09000000000000001,abs_005_005,1000,2000,0.550105176702942,1.1110953993528387,True,0.5609902226498967,0.449894823297058,0.8371502044113772,0.8808497955886228,-0.2870450277084352,0.23024560376421604,0.043699591177245534,0.10579063147265128,0.41150000000000003
rep0239,0.62,0.6241144830557169,alg1,0.1,0.005,0.005,0.09000000000000001,abs_005_005,1000,2000,0.43214680113811677,1.0508333953069549,True,0.6186865941688381,0.5678531988618832,0.7644280154636486,0.8155719845363515,-0.3322812143255318,0.2352614107706033,0.05114396907270291,0.1005426250961351,0.46699999999999997
rep0240,0.24,0.24453791070407824,alg1,0.1,0.005,0.005,0.09000000000000001,abs_005_005,1000,2000,0.028079763027702043,0.6270419608098889,True,0.5989621977821868,0.5989621977821868,0.3731925996378262,0.43480740036217386,-0.34511283661012415,0.19223456044771514,0.06161480072434766,0.1053473970578393,0.432
rep0241,0.52,0.5164645066009014,alg1,0.1,0.005,0.005,0.09000000000000001,abs_005_005,1000,2000,0.43454342348707486,0.9992295353597022,True,0.5646861118726273,0.5646861118726273,0.7985112083691187,0.8464887916308813,-0.36396778488204384,0.15274074372882085,0.0479775832617626,0.09570852861086465,0.42100000000000004
rep0242,0.35,0.35169019236869076,alg1,0.1,0.005,0.005,0.09000000000000001,abs_005_005,1000,2000,0.3557232720728156,0.8028722358520526,False,0.44714896377923696,0.44714896377923696,0.6083369091805317,0.6686630908194682,-0.2526136371077161,0.13420914503258446,0.06032618163893644,0.0928227821403006,0.294
rep0243,0.23,0.23019375670154454,alg1,0.1,0.005,0.005,0.09000000000000001,abs_005_005,1000,2000,-0.22391135809484985,0.6209446645957547,True,0.8448560226906046,0.6209446645957547,0.285348876686611,0.343651123313389,-0.5092602347814609,0.2772935412823657,0.058302246626777965,0.10005377606382648,0.6865000000000001
rep0244,0.74,0.7415957082065188,alg1,0.1,0.005,0.005,0.09000000000000001,abs_005_005,1000,2000,0.47727443534900804,0.9871728874746163,True,0.5098984521256082,0.5098984521256082,0.7958796048190212,0.8441203951809787,-0.31860516947001316,0.14305249229363762,0.0482407903619575,0.08815766176365081,0.37349999999999994
rep0245,0.47,0.47499254802102725,alg1,0.1,0.005,0.005,0.09000000000000001,abs_005_005,1000,2000,0.34642732596488907,1.0147850403156529,True,0.6683577143507637,0.6535726740351109,0.6609633417981763,0.7190366582018236,-0.3145360158332872,0.29574838211382937,0.058073316403647324,0.10328439794711664,0.507
rep0246,0.78,0.7758975009320978,alg1,0.1,0.005,0.005,0.09000000000000001,abs_005_005,1000,2000,0.6786605417904104,1.1481011865270159,True,0.4694406447366055,0.32133945820958965,0.9128757964690508,0.9451242035309493,-0.2342152546786404,0.20297698299606656,0.032248407061898465,0.09969223767470703,0.3374999999999999
rep0247,0.28,0.2821271416173694,alg1,0.1,0.005,0.005,0.09000000000000001,abs_005_005,1000,2000,-0.14341942063911237,0.37403227882785495,True,0.5174516994669673,0.37403227882785495,0.18538343052408027,0.23661656947591972,-0.32880285116319263,0.13741570935193526,0.05123313895183945,0.10321856051512796,0.36299999999999993
rep0248,0.67,0.672988765329577,alg1,0.1,0.005,0.005,0.09000000000000001,abs_005_005,1000,2000,0.5923484525429688,1.041207638712316,True,0.44885918616934717,0.40765154745703125,0.838747770270886,0.8822522297291141,-0.2463993177279173,0.1589554089832019,0.04350445945822812,0.10685472671111923,0.29849999999999993
rep0249,0.98,0.9801107746609174,alg1,0.1,0.005,0.005,0.09000000000000001,abs_005_005,1000,2000,0.7226706983154777,1.1741451656113306,True,0.45147446729585294,0.2773293016845223,0.9546219126941008,0.9773780873058991,-0.2319512143786231,0.19676707830543144,0.022756174611798352,0.10171829268405458,0.32699999999999996
rep0250,0.62,0.6172560258772761,alg1,0.1,0.005,0.005,0.09000000000000001,abs_005_005,1000,2000,0.36437526762836364,1.0385832641043171,True,0.6742079964759535,0.6356247323716364,0.6717429903404378,0.7292570096595622,-0.3073677227120742,0.30932625444475503,0.057514019319124365,0.09169397715682914,0.525
rep0251,0.29,0.2924388188288769,alg1,0.1,0.005,0.005,0.09000000000000001,abs_005_005,1000,2000,0.07111543949046067,0.6236055861849459,True,0.5524901466944852,0.5524901466944852,0.35789904484850527,0.41910095515149476,-0.2867836053580446,0.20450463103345112,0.06120191030298949,0.09228823639149575,0.39899999999999997
rep0252,0.09,0.0896720602135544,alg1,0.1,0.005,0.005,0.09000000000000001,abs_005_005,1000,2000,-0.014450859229123869,0.522241164051207,True,0.5366920232803309,0.522241164051207,0.2809633417981763,0.3390366582018237,-0.29541420102730015,0.1832045058493833,0.058073316403647435,0.09561870687668345,0.383
rep0253,0.78,0.7765999665262309,alg1,0.1,0.005,0.005,0.09000000000000001,abs_005_005,1000,2000,0.4798898306032532,1.0100638983447834,True,0.5301740677415302,0.5201101693967468,0.7321483703007181,0.7858516296992819,-0.2522585396974649,0.22421226864550148,0.053703259398563796,0.09597080834296634,0.38050000000000006
rep0254,0.83,0.8252481785937431,alg1,0.1,0.005,0.005,0.09000000000000001,abs_005_005,1000,2000,0.46435164931454903,1.0300784126883447,True,0.5657267633737957,0.535648350685451,0.8430121290770501,0.88598787092295,-0.3786604797625011,0.14409054176539474,0.042975741845899806,0.08325102152789599,0.4394999999999999
rep0255,0.13,0.13437713505510218,alg1,0.1,0.005,0.005,0.09000000000000001,abs_005_005,1000,2000,-0.21342036626789795,0.24438988605262557,True,0.4578102523205235,0.24438988605262557,0.07933372985757266,0.11666627014242735,-0.2927540961254706,0.1277236159101982,0.03733254028485469,0.08147771203566884,0.33899999999999997
rep0256,0.78,0.7814779027125283,alg1,0.1,0.005,0.005,0.09000000000000001,abs_005_005,1000,2000,0.5960880366432433,1.109639427391518,True,0.5135513907482747,0.4039119633567567,0.8698168158625901,0.9091831841374098,-0.27372877921934685,0.2004562432541081,0.03936636827481976,0.09218502247345495,0.382
rep0257,0.45,0.45240573026405834,alg1,0.1,0.005,0.005,0.09000000000000001,abs_005_005,1000,2000,0.09154353580920077,0.7251927017508736,True,0.6336491659416728,0.6336491659416728,0.46261081981797425,0.5253891801820257,-0.3710672840087735,0.19980352156884781,0.06277836036405149,0.09137080557762123,0.47950000000000004
rep0258,0.07,0.07418392827862928,alg1,0.1,0.005,0.005,0.09000000000000001,abs_005_005,1000,2000,-0.18013664060585302,0.3468377168182187,True,0.5269743574240717,0.3468377168182187,0.08575369307414563,0.12424630692585437,-0.26589033367999865,0.2225914098923643,0.03849261385170874,0.101981743572363,0.38649999999999995
rep0259,0.68,0.6761520985115335,alg1,0.1,0.005,0.005,0.09000000000000001,abs_005_005,1000,2000,0.5086310254937816,0.9916651384460038,True,0.4830341129522222,0.4830341129522222,0.7487829784871016,0.8012170215128984,-0.2401519529933201,0.19044811693310537,0.052434043025796795,0.1026000699264254,0.32800000000000007
rep0260,0.10,0.10492620020216502,alg1,0.1,0.005,0.005,0.09000000000000001,abs_005_005,1000,2000,-0.01450949237998228,0.5829800011472516,True,0.5974894935272339,0.5829800011472516,0.23535905681343752,0.29064094318656253,-0.2498685491934198,0.29233905796068904,0.055281886373125005,0.10020760715410892,0.44199999999999995
rep0261,0.71,0.7113348004426951,alg1,0.1,0.005,0.005,0.09000000000000001,abs_005_005,1000,2000,0.21316592284358182,0.8645660182827409,True,0.6514000954391591,0.6514000954391591,0.6088459764164468,0.6691540235835532,-0.39568005357286495,0.1954119946991877,0.06030804716710647,0.0935920482720527,0.49749999999999994
rep0262,0.38,0.3806497009582499,alg1,0.1,0.005,0.005,0.09000000000000001,abs_005_005,1000,2000,0.16165917936773466,0.7558599504831225,True,0.5942007711153878,0.5942007711153878,0.4227416904324266,0.48525830956757343,-0.26108251106469194,0.270601640915549,0.06251661913514683,0.10118415198024089,0.4305
rep0263,0.24,0.24076696152715216,alg1,0.1,0.005,0.005,0.09000000000000001,abs_005_005,1000,2000,-0.13091882824679363,0.3632155625702289,True,0.49413439081702254,0.3632155625702289,0.15114457057593728,0.1988554294240627,-0.2820633988227309,0.16436013314616624,0.047710858848125426,0.10292353196889725,0.3434999999999999
rep0264,0.52,0.5212902081011369,alg1,0.1,0.005,0.005,0.09000000000000001,abs_005_005,1000,2000,0.33724949914416735,0.9861822274156222,True,0.6489327282714549,0.6489327282714549,0.6650677846772033,0.7229322153227966,-0.32781828553303594,0.2632500120928256,0.05786443064559332,0.0985682976258615,0.49250000000000005
rep0265,0.68,0.6761706844565677,alg1,0.1,0.005,0.005,0.09000000000000001,abs_005_005,1000,2000,0.23231821778677847,0.8576741575534327,True,0.6253559397666542,0.6253559397666542,0.5854650503371998,0.6465349496628002,-0.3531468325504213,0.21113920789063245,0.061069899325600474,0.0947860404410536,0.4695000000000001
rep0266,0.63,0.6259585314297184,alg1,0.1,0.005,0.005,0.09000000000000001,abs_005_005,1000,2000,0.41409864470808416,1.0705238671889457,True,0.6564252224808615,0.5859013552919159,0.7529500972809454,0.8050499027190546,-0.33885145257286126,0.26547396446989113,0.052099805438109215,0.08982541704275215,0.5145000000000002
rep0267,0.64,0.6425878750607568,alg1,0.1,0.005,0.005,0.09000000000000001,abs_005_005,1000,2000,0.38957167663364906,0.9938578084859041,True,0.604286131852255,0.604286131852255,0.7109099595912739,0.7660900404087262,-0.32133828295762484,0.22776776807717788,0.05518008081745229,0.10410605103480275,0.44499999999999995
rep0268,0.57,0.5688767604756515,alg1,0.1,0.005,0.005,0.09000000000000001,abs_005_005,1000,2000,0.3795095271691313,1.0103866710291314,True,0.63087714386,0.6204904728308687,0.6420129086256539,0.7009870913743461,-0.2625033814565226,0.30939957965478526,0.05897418274869226,0.10190296111130781,0.47
rep0269,0.61,0.6090884634770819,alg1,0.1,0.005,0.005,0.09000000000000001,abs_005_005,1000,2000,0.47406953422203496,1.0549493363216451,True,0.5808798020996102,0.5259304657779651,0.7373409959336705,0.7906590040663295,-0.26327146171163557,0.26429033225531556,0.05331800813265897,0.10456179396695114,0.423
rep0270,0.12,0.11526616192747224,alg1,0.1,0.005,0.005,0.09000000000000001,abs_005_005,1000,2000,-0.19713754020421825,0.423527151515561,True,0.6206646917197792,0.423527151515561,0.12899010444620118,0.1740098955537988,-0.32612764465041943,0.24951725596176216,0.04501979110759763,0.09614490061218162,0.4794999999999999
rep0271,0.47,0.4681751684593391,alg1,0.1,0.005,0.005,0.09000000000000001,abs_005_005,1000,2000,0.18711728353098278,0.6793689468712356,True,0.49225166334025283,0.49225166334025283,0.4531236467655985,0.5158763532344015,-0.26600636323461574,0.1634925936368341,0.06275270646880299,0.09349895687144988,0.33599999999999997
rep0272,0.40,0.39833590945832087,alg1,0.1,0.005,0.005,0.09000000000000001,abs_005_005,1000,2000,0.1100688612175123,0.7197824454089242,True,0.6097135841914119,0.6097135841914119,0.4351790968905382,0.49782090310946187,-0.3251102356730259,0.22196154229946233,0.06264180621892368,0.08057177797248821,0.46649999999999997
rep0273,0.71,0.7075613822911984,alg1,0.1,0.005,0.005,0.09000000000000001,abs_005_005,1000,2000,0.4562828069578211,1.0722210082706254,True,0.6159382013128043,0.5437171930421789,0.7545136695890364,0.8064863304109635,-0.29823086263121534,0.26573467785966176,0.051972660821927086,0.09946554049087708,0.4645
rep0274,0.85,0.8471606975483279,alg1,0.1,0.005,0.005,0.09000000000000001,abs_005_005,1000,2000,0.4740434164598746,1.089770211697893,True,0.6157267952380183,0.5259565835401254,0.8328940950358161,0.8771059049641838,-0.35885067857594155,0.21266430673370912,0.04421180992836771,0.07801498530965068,0.49349999999999994
rep0275,0.40,0.39745467775964205,alg1,0.1,0.005,0.005,0.09000000000000001,abs_005_005,1000,2000,0.09633696785183826,0.7158323206580222,True,0.619495352806184,0.619495352806184,0.38505472624513776,0.4469452737548622,-0.2887177583932995,0.2688870469031599,0.06189054750972445,0.09260480529645931,0.4650000000000001
rep0276,0.79,0.7949538983229296,alg1,0.1,0.005,0.005,0.09000000000000001,abs_005_005,1000,2000,0.4746890110897384,0.9210735442622799,True,0.44638453317254156,0.44638453317254156,0.7103929458755661,0.7656070541244339,-0.23570393478582774,0.15546649013784614,0.055214108248867744,0.08367042492367388,0.3075
rep0277,0.93,0.930301199871631,alg1,0.1,0.005,0.005,0.09000000000000001,abs_005_005,1000,2000,0.5170670937208479,1.1547302900345566,True,0.6376631963137087,0.4829329062791521,0.9499961495962436,0.9740038504037564,-0.43292905587539565,0.18072643963080037,0.0240077008075128,0.09765549550619601,0.516
rep0278,0.37,0.3696752001735406,alg1,0.1,0.005,0.005,0.09000000000000001,abs_005_005,1000,2000,0.051021972351605605,0.5854279163177105,True,0.5344059439661049,0.5344059439661049,0.3524800927735901,0.4135199072264099,-0.3014581204219845,0.17190800909130063,0.06103981445281981,0.0778661295132852,0.39549999999999996
rep0279,0.13,0.13147382621153028,alg1,0.1,0.005,0.005,0.09000000000000001,abs_005_005,1000,2000,-0.012702543462439264,0.6896685821638131,True,0.7023711256262524,0.6896685821638131,0.3337921031411069,0.39420789685889307,-0.3464946466035462,0.29546068530492,0.06041579371778616,0.09795533190846606,0.544
rep0280,0.36,0.35594285033815837,alg1,0.1,0.005,0.005,0.09000000000000001,abs_005_005,1000,2000,-0.0732287209936541,0.6248413330283404,True,0.6980700540219945,0.6248413330283404,0.21270562642137494,0.26629437357862507,-0.28593434741502904,0.3585469594497153,0.05358874715725012,0.10298130686474427,0.5415000000000001
rep0281,0.20,0.19703011471716847,alg1,0.1,0.005,0.005,0.09000000000000001,abs_005_005,1000,2000,-0.09547539389431442,0.5262499600427791,True,0.6217253539370935,0.5262499600427791,0.2522951969108842,0.30870480308911585,-0.3477705908051986,0.21754515695366325,0.05640960617823165,0.10231574775886187,0.46299999999999997
rep0282,0.53,0.534914057172963,alg1,0.1,0.005,0.005,0.09000000000000001,abs_005_005,1000,2000,0.2362020545727906,0.8728852422530711,True,0.6366831876802805,0.6366831876802805,0.5066993493231869,0.5693006506768131,-0.27049729475039636,0.3035845915762579,0.06260130135362618,0.10208188632665427,0.472
rep0283,0.41,0.41419228502596483,alg1,0.1,0.005,0.005,0.09000000000000001,abs_005_005,1000,2000,0.2534394944880797,0.853674719808865,True,0.6002352253207853,0.6002352253207853,0.542449580714241,0.604550419285759,-0.2890100862261613,0.2491243005231059,0.06210083857151805,0.10513438674926723,0.43299999999999994
rep0284,0.39,0.3925913844947507,alg1,0.1,0.005,0.005,0.09000000000000001,abs_005_005,1000,2000,0.19746347499900485,0.8860523832854932,True,0.6885889082864883,0.6885889082864883,0.526316826326671,0.588683173673329,-0.32885335132766613,0.2973692096121641,0.062366347346658024,0.10522256093983018,0.521
rep0285,0.61,0.6124263297024947,alg1,0.1,0.005,0.005,0.09000000000000001,abs_005_005,1000,2000,0.27581646134695154,0.975074102618841,True,0.6992576412718894,0.6992576412718894,0.6892341910699098,0.7457658089300903,-0.41341772972295826,0.2293082936887507,0.05653161786018046,0.09722602341170883,0.5455000000000001
rep0286,0.09,0.09137197017140981,alg1,0.1,0.005,0.005,0.09000000000000001,abs_005_005,1000,2000,-0.2643152596256475,0.40159372508536334,True,0.6659089847110109,0.40159372508536334,0.14405551123320842,0.1909444887667916,-0.4083707708588559,0.21064923631857174,0.046888977533583176,0.10252000717742771,0.5165
rep0287,0.42,0.42216382842444045,alg1,0.1,0.005,0.005,0.09000000000000001,abs_005_005,1000,2000,0.1966718776570205,0.8217487176786622,True,0.6250768400216418,0.6250768400216418,0.5082066698589959,0.5707933301410041,-0.3115347922019754,0.25095538753765817,0.06258666028200821,0.09649017973963359,0.46599999999999997
rep0288,0.33,0.3283444126896285,alg1,0.1,0.005,0.005,0.09000000000000001,abs_005_005,1000,2000,-0.06676525128401953,0.5464865955576913,True,0.6132518468417109,0.5464865955576913,0.24648238759923183,0.3025176124007682,-0.31324763888325136,0.2439689831569231,0.05603522480153636,0.09721662204017445,0.45999999999999996
rep0289,0.49,0.48946100113100743,alg1,0.1,0.005,0.005,0.09000000000000001,abs_005_005,1000,2000,0.08576268973256979,0.6424123773020565,True,0.5566496875694866,0.5566496875694866,0.3964403151242497,0.4585596848757503,-0.3106776253916799,0.1838526924263062,0.062119369751500564,0.10203031781798622,0.3924999999999999
rep0290,0.28,0.2770114750704152,alg1,0.1,0.005,0.005,0.09000000000000001,abs_005_005,1000,2000,0.053433481747089895,0.662193009109919,True,0.608759527362829,0.608759527362829,0.39891771804241316,0.4610822819575868,-0.34548423629532327,0.2011107271523321,0.062164563915173665,0.1025949634476554,0.44399999999999995
rep0291,0.52,0.5193958589819763,alg1,0.1,0.005,0.005,0.09000000000000001,abs_005_005,1000,2000,0.16486500121732667,0.6687386831010993,True,0.5038736818837726,0.5038736818837726,0.42224460664375535,0.4847553933562447,-0.2573796054264287,0.18398328974485464,0.06251078671248933,0.10236289517128333,0.339
rep0292,0.38,0.3772387157893864,alg1,0.1,0.005,0.005,0.09000000000000001,abs_005_005,1000,2000,0.0011107720178217817,0.7455033803887561,True,0.7443926083709342,0.7443926083709342,0.42970419800274146,0.4922958019972586,-0.4285934259849197,0.25320757839149743,0.06259160399451713,0.09980100437641704,0.5820000000000001
rep0293,0.51,0.5051984499773295,alg1,0.1,0.005,0.005,0.09000000000000001,abs_005_005,1000,2000,0.21398060555932485,0.8838747304849133,True,0.6698941249255884,0.6698941249255884,0.4856267090521901,0.54837329094781,-0.2716461034928652,0.33550143953710326,0.06274658189561988,0.08414754302996852,0.5229999999999999
rep0294,0.21,0.21121855142287588,alg1,0.1,0.005,0.005,0.09000000000000001,abs_005_005,1000,2000,-0.28377234185166045,0.3218742068174007,True,0.6056465486690612,0.3218742068174007,0.07522190417734079,0.11177809582265921,-0.3589942460290012,0.2100961109947415,0.036556191645318425,0.10159035702374275,0.4674999999999999
rep0295,0.17,0.17080313050950222,alg1,0.1,0.005,0.005,0.09000000000000001,abs_005_005,1000,2000,-0.2073622503465191,0.36371736697324863,True,0.5710796173197678,0.36371736697324863,0.13462998370932114,0.18037001629067886,-0.3419922340558402,0.18334735068256977,0.045740032581357726,0.09233958473841003,0.433
rep0296,0.79,0.7918184605324403,alg1,0.1,0.005,0.005,0.09000000000000001,abs_005_005,1000,2000,0.5371757061212378,1.0934351668338698,True,0.556259460712632,0.4628242938787622,0.8212188962137241,0.8667811037862758,-0.28404319009248635,0.22665406304759383,0.045562207572551694,0.0886972531400802,0.422
rep0297,0.73,0.7341329586862794,alg1,0.1,0.005,0.005,0.09000000000000001,abs_005_005,1000,2000,0.5338131649739085,1.0603545005132706,True,0.5265413355393621,0.4661868350260915,0.8898541181812,0.9261458818188001,-0.35604095320729146,0.1342086186944706,0.036291763637600116,0.10224957190176209,0.38799999999999996
rep0298,0.83,0.8339748580835719,alg1,0.1,0.005,0.005,0.09000000000000001,abs_005_005,1000,2000,0.5221801732852067,1.0538507932020056,True,0.5316706199167989,0.4778198267147933,0.824929248701566,0.870070751298434,-0.30274907541635937,0.18378004190357167,0.045141502596868,0.08702911731993102,0.3995
rep0299,0.51,0.5115871638625324,alg1,0.1,0.005,0.005,0.09000000000000001,abs_005_005,1000,2000,-0.016041853881136436,0.6564511141155196,True,0.672492967996656,0.6564511141155196,0.4172755194488647,0.4797244805511353,-0.43331737333000114,0.17672663356438428,0.062448961102270606,0.08654400689438535,0.5235000000000001
rep0300,0.40,0.40364277439345886,alg1,0.1,0.005,0.005,0.09000000000000001,abs_005_005,1000,2000,0.030486745460018783,0.49537226441855997,True,0.4648855189585412,0.4648855189585412,0.2697705543888063,0.32722944561119366,-0.23928380892878753,0.1681428188073663,0.05745889122238734,0.0909266277361539,0.31649999999999995
rep0301,0.87,0.8664360110278116,alg1,0.1,0.005,0.005,0.09000000000000001,abs_005_005,1000,2000,0.4010641673378362,0.95594356339318,True,0.5548793960553438,0.5548793960553438,0.65788667708642,0.7161133229135801,-0.25682250974858384,0.23983024047959992,0.058226645827160084,0.10665275022818382,0.38999999999999996
rep0302,0.49,0.4898968316994281,alg1,0.1,0.005,0.005,0.09000000000000001,abs_005_005,1000,2000,0.32333892682950216,0.8673859123898358,True,0.5440469855603336,0.5440469855603336,0.5905416309021364,0.6514583690978636,-0.26720270407263425,0.21592754329197214,0.06091673819572718,0.10563024736460641,0.3775
rep0303,0.92,0.924732878909452,alg1,0.1,0.005,0.005,0.09000000000000001,abs_005_005,1000,2000,0.6945273069970113,1.130540804233851,True,0.4360134972368397,0.30547269300298874,0.9476971181781783,0.9723028818218217,-0.253169811181167,0.15823792241202927,0.02460576364364342,0.09190773359319626,0.3195
rep0304,0.33,0.32739430932171654,alg1,0.1,0.005,0.005,0.09000000000000001,abs_005_005,1000,2000,0.20902649569433018,0.7899638691170862,True,0.580937373422756,0.580937373422756,0.5056946273053349,0.5683053726946652,-0.2966681316110047,0.22165849642242097,0.06261074538933031,0.10582662803342574,0.4124999999999999
rep0305,0.73,0.7336793722224937,alg1,0.1,0.005,0.005,0.09000000000000001,abs_005_005,1000,2000,0.484288672377689,1.0823074509572244,True,0.5980187785795353,0.515711327622311,0.8206891770051052,0.8663108229948948,-0.3364005046274162,0.2159966279623296,0.04562164598978957,0.10239713258974581,0.45000000000000007
rep0306,0.59,0.5870863789564866,alg1,0.1,0.005,0.005,0.09000000000000001,abs_005_005,1000,2000,0.29067823660487135,0.9861290314774287,True,0.6954507948725573,0.6954507948725573,0.607318880831548,0.667681119168452,-0.3166406442266766,0.31844791230897673,0.06036223833690402,0.1050885565356533,0.53
rep0307,0.45,0.44910197027138676,alg1,0.1,0.005,0.005,0.09000000000000001,abs_005_005,1000,2000,-0.05382978456413137,0.5622001491865469,True,0.6160299337506783,0.5622001491865469,0.21270562642137494,0.26629437357862507,-0.2665354109855063,0.2959057756079219,0.05358874715725012,0.09144118659342826,0.471
rep0308,0.77,0.7703970605576107,alg1,0.1,0.005,0.005,0.09000000000000001,abs_005_005,1000,2000,0.6330354554555875,1.2079547235279668,True,0.5749192680723794,0.3669645445444125,0.9051634152028386,0.9388365847971615,-0.2721279597472511,0.2691181387308053,0.03367316959432287,0.09674609847805649,0.4445
rep0309,0.58,0.5780358107220455,alg1,0.1,0.005,0.005,0.09000000000000001,abs_005_005,1000,2000,0.41062409182356485,0.8611064165710691,True,0.45048232474750427,0.45048232474750427,0.6333234811982477,0.6926765188017524,-0.2226993893746828,0.16842989776931672,0.059353037603504744,0.08862928714399965,0.3024999999999999
rep0310,0.39,0.38669066923314943,alg1,0.1,0.005,0.005,0.09000000000000001,abs_005_005,1000,2000,0.02011041037899769,0.5877656576807908,True,0.5676552473017931,0.5676552473017931,0.31809425265098834,0.3779057473490116,-0.29798384227199065,0.20985991033177917,0.05981149469802327,0.09834375260376971,0.4095000000000001
rep0311,0.49,0.4882251147484456,alg1,0.1,0.005,0.005,0.09000000000000001,abs_005_005,1000,2000,0.2964794731298499,0.8208473719169328,True,0.5243678987870829,0.5243678987870829,0.6185250204820637,0.6784749795179362,-0.3220455473522138,0.1423723923989966,0.059949959035872524,0.09191793975121032,0.37250000000000005
rep0312,0.72,0.7212445504770939,alg1,0.1,0.005,0.005,0.09000000000000001,abs_005_005,1000,2000,0.668404888007882,1.1419835091443928,True,0.47357862113651084,0.331595111992118,0.9223026842418599,0.9526973157581401,-0.2538977962339779,0.18928619338625266,0.03039463151628019,0.10618398962023051,0.337
rep0313,0.48,0.48016340603663465,alg1,0.1,0.005,0.005,0.09000000000000001,abs_005_005,1000,2000,0.14488322126519482,0.7413836267841145,True,0.5965004055189197,0.5965004055189197,0.45062890780126924,0.5133710921987307,-0.3057456865360744,0.2280125345853838,0.06274218439746143,0.09875822112145816,0.43500000000000005
rep0314,0.72,0.7171292909872643,alg1,0.1,0.005,0.005,0.09000000000000001,abs_005_005,1000,2000,0.6406723219860044,1.1023275906614323,True,0.46165526867542783,0.35932767801399557,0.8741329567489138,0.9128670432510861,-0.2334606347629093,0.1894605474103461,0.03873408650217236,0.10342118217325547,0.3194999999999999
rep0315,0.66,0.6617456357742059,alg1,0.1,0.005,0.005,0.09000000000000001,abs_005_005,1000,2000,0.30511671976268073,1.0019426359483103,True,0.6968259161856296,0.6948832802373193,0.7467007165612073,0.7992992834387928,-0.44158399679852656,0.20264335250951754,0.05259856687758546,0.07672734930804415,0.5675
rep0316,0.12,0.11918135634522453,alg1,0.1,0.005,0.005,0.09000000000000001,abs_005_005,1000,2000,-0.15305273768342487,0.46977802833775073,True,0.6228307660211756,0.46977802833775073,0.18060869036509092,0.23139130963490906,-0.3336614280485158,0.23838671870284164,0.05078261926981814,0.10404814675135737,0.468
rep0317,0.21,0.21108536838904637,alg1,0.1,0.005,0.005,0.09000000000000001,abs_005_005,1000,2000,-0.021571271547968285,0.5566535196563637,True,0.5782247912043319,0.5566535196563637,0.2595699593389326,0.31643004066106734,-0.2811412308869009,0.24022347899529634,0.056860081322134715,0.0983647098821972,0.423
rep0318,0.80,0.8040956201975279,alg1,0.1,0.005,0.005,0.09000000000000001,abs_005_005,1000,2000,0.5489139380375097,0.9999287819499098,True,0.4510148439124001,0.4510148439124001,0.7592073895803303,0.8107926104196698,-0.21029345154282064,0.18913617153023998,0.051585220839339474,0.08942962307306068,0.30999999999999994
rep0319,0.46,0.46119366142127793,alg1,0.1,0.005,0.005,0.09000000000000001,abs_005_005,1000,2000,0.31964010889951544,0.86434794092686,True,0.5447078320273445,0.5447078320273445,0.5505283865119034,0.6124716134880966,-0.23088827761238795,0.2518763274387633,0.061943226976193255,0.09776460505115131,0.38499999999999995
rep0320,0.62,0.6179707333947683,alg1,0.1,0.005,0.005,0.09000000000000001,abs_005_005,1000,2000,0.18344411980370146,0.7412383147314622,True,0.5577941949277607,0.5577941949277607,0.4956543616871941,0.5583456383128059,-0.31221024188349267,0.18289267641865628,0.0626912766256118,0.0981029183021489,0.397
rep0321,0.22,0.21594663720172308,alg1,0.1,0.005,0.005,0.09000000000000001,abs_005_005,1000,2000,0.0035826018423114614,0.6818711621095122,True,0.6782885602672006,0.6782885602672006,0.35789904484850527,0.41910095515149476,-0.3543164430061938,0.2627702069580174,0.06120191030298949,0.09658664996421118,0.5205
rep0322,0.46,0.459954081350642,alg1,0.1,0.005,0.005,0.09000000000000001,abs_005_005,1000,2000,0.22480187440202792,0.8304404027138258,True,0.6056385283117979,0.6056385283117979,0.48713005435299045,0.5498699456470095,-0.2623281799509625,0.28057045706681627,0.06273989129401908,0.10139863701777885,0.4415
rep0323,0.66,0.6611761223874517,alg1,0.1,0.005,0.005,0.09000000000000001,abs_005_005,1000,2000,0.3935277549429116,1.0055448373366227,True,0.6120170823937111,0.6064722450570884,0.7628612247808005,0.8141387752191994,-0.36933346983788895,0.1914060621174234,0.05127755043839888,0.09773953195531238,0.46299999999999997
rep0324,0.59,0.5893382976232248,alg1,0.1,0.005,0.005,0.09000000000000001,abs_005_005,1000,2000,0.4676920823550735,1.0955374687928143,True,0.6278453864377409,0.5323079176449266,0.7827469982492978,0.8322530017507022,-0.31505491589422435,0.2632844670421122,0.04950600350140433,0.09133938293633653,0.48700000000000004
rep0325,0.67,0.6677027912669447,alg1,0.1,0.005,0.005,0.09000000000000001,abs_005_005,1000,2000,0.46986497835694474,1.0016719635382352,True,0.5318069851812904,0.5301350216430553,0.7633834305240803,0.8146165694759198,-0.29351845216713557,0.18705539406231533,0.05123313895183945,0.09807384622945081,0.38250000000000006
rep0326,0.46,0.4623903026098371,alg1,0.1,0.005,0.005,0.09000000000000001,abs_005_005,1000,2000,0.10511567716866665,0.6408003411495733,True,0.5356846639809066,0.5356846639809066,0.42423313252885964,0.4867668674711404,-0.319117455360193,0.1540334736784329,0.06253373494228076,0.10165092903862594,0.37149999999999994
rep0327,0.57,0.5668670944773284,alg1,0.1,0.005,0.005,0.09000000000000001,abs_005_005,1000,2000,0.1279294046371015,0.7303188501851079,True,0.6023894455480063,0.6023894455480063,0.4098278728670918,0.4721721271329082,-0.2818984682299903,0.25814672305219977,0.06234425426581636,0.09554519128219019,0.4444999999999999
rep0328,0.36,0.3553453240229853,alg1,0.1,0.005,0.005,0.09000000000000001,abs_005_005,1000,2000,-0.07170117383995889,0.5277330168893337,True,0.5994341907292926,0.5277330168893337,0.25568888842730475,0.3123111115726952,-0.32739006226726364,0.21542190531663846,0.05662222314539045,0.08831196758390208,0.45449999999999996
rep0329,0.32,0.3171603949473484,alg1,0.1,0.005,0.005,0.09000000000000001,abs_005_005,1000,2000,0.09335331862360224,0.6019318074481843,True,0.5085784888245821,0.5085784888245821,0.3855493928280553,0.4474506071719447,-0.29219607420445304,0.15448120027623963,0.0619012143438894,0.10267727448069269,0.344
rep0330,0.25,0.2517098915594002,alg1,0.1,0.005,0.005,0.09000000000000001,abs_005_005,1000,2000,-0.15421835930501243,0.5781060435233605,True,0.7323244028283729,0.5781060435233605,0.2165539451743535,0.2704460548256465,-0.37077230447936593,0.30765998869771405,0.053892109651292985,0.09793229317707997,0.5805
rep0331,0.59,0.5850644392287365,alg1,0.1,0.005,0.005,0.09000000000000001,abs_005_005,1000,2000,0.1858100104178208,0.67440893351206,True,0.4885989230942392,0.4885989230942392,0.4446447433461683,0.5073552566538316,-0.2588347329283475,0.16705367685822836,0.06271051330766331,0.10038840978657593,0.32549999999999996
rep0332,0.32,0.31964031645980046,alg1,0.1,0.005,0.005,0.09000000000000001,abs_005_005,1000,2000,0.09604036074018935,0.5910524696212823,True,0.495012108881093,0.495012108881093,0.35494274242878854,0.4160572575712115,-0.2589023816885992,0.17499521205007082,0.06111451514242294,0.10289759373866991,0.33100000000000007
rep0333,0.71,0.71193238295495,alg1,0.1,0.005,0.005,0.09000000000000001,abs_005_005,1000,2000,0.5932693379457413,1.1686663147328227,True,0.5753969767870813,0.4067306620542587,0.8789988671533279,0.9170011328466722,-0.28572952920758654,0.2516651818861505,0.038002265693344306,0.09989471109373704,0.4375
rep0334,0.91,0.9057710364771338,alg1,0.1,0.005,0.005,0.09000000000000001,abs_005_005,1000,2000,0.5811069208465045,1.093713050407013,True,0.5126061295605084,0.4188930791534955,0.8811651357317338,0.9188348642682662,-0.3000582148852293,0.17487818613874662,0.03766972853653239,0.10643640102397595,0.3685
rep0335,0.60,0.5970340885379877,alg1,0.1,0.005,0.005,0.09000000000000001,abs_005_005,1000,2000,0.2573690332319808,0.8161457069653614,True,0.5587766737333806,0.5587766737333806,0.561144529365839,0.6228554706341609,-0.30377549613385824,0.19329023633120043,0.061710941268321884,0.10006573246505857,0.39700000000000013
rep0336,0.49,0.4896935424380086,alg1,0.1,0.005,0.005,0.09000000000000001,abs_005_005,1000,2000,0.19491866288243376,0.87505027957817,True,0.6801316166957363,0.6801316166957363,0.567723722280823,0.629276277719177,-0.37280505939838926,0.24577400185899298,0.06155255543835403,0.10207906125738231,0.5165
rep0337,0.32,0.3188697102776968,alg1,0.1,0.005,0.005,0.09000000000000001,abs_005_005,1000,2000,-0.20840318213833026,0.4206648700840504,True,0.6290680522223806,0.4206648700840504,0.2054987815147163,0.25850121848528373,-0.41390196365304655,0.16216365159876664,0.053002436970567446,0.08806561525181322,0.488
rep0338,0.54,0.5395303569899255,alg1,0.1,0.005,0.005,0.09000000000000001,abs_005_005,1000,2000,0.23568551053453396,0.8176704723337324,True,0.5819849617991983,0.5819849617991983,0.5323627449298406,0.5946372550701594,-0.29667723439530663,0.22303321726357292,0.06227451014031882,0.09171045165887959,0.42799999999999994
rep0339,0.12,0.12154911962725856,alg1,0.1,0.005,0.005,0.09000000000000001,abs_005_005,1000,2000,-0.26736099027268,0.2950135886690901,True,0.5623745789417701,0.2950135886690901,0.01764253705437411,0.03835746294562589,-0.28500352732705414,0.25665612572346425,0.020714925891251783,0.09715965305051844,0.4445
rep0340,0.31,0.3102217756660081,alg1,0.1,0.005,0.005,0.09000000000000001,abs_005_005,1000,2000,-0.02329229857255327,0.6337069199100696,True,0.6569992184826228,0.6337069199100696,0.2936412990213143,0.3523587009786857,-0.3169335975938676,0.28134821893138384,0.05871740195737141,0.10528181652525148,0.493
rep0341,0.37,0.37343317605093007,alg1,0.1,0.005,0.005,0.09000000000000001,abs_005_005,1000,2000,0.1785837001695918,0.7764170390519237,True,0.5978333388823319,0.5978333388823319,0.5278278728670919,0.5901721271329082,-0.3492441726975001,0.1862449119190155,0.06234425426581636,0.09348908461651562,0.44199999999999995
rep0342,0.13,0.12752717516458828,alg1,0.1,0.005,0.005,0.09000000000000001,abs_005_005,1000,2000,-0.1147983811713851,0.475965945676744,True,0.5907643268481291,0.475965945676744,0.23680856787515667,0.2921914321248434,-0.3516069490465418,0.18377451355190058,0.05538286424968672,0.09788146259844233,0.4375
rep0343,0.75,0.7506331851311092,alg1,0.1,0.005,0.005,0.09000000000000001,abs_005_005,1000,2000,0.6482708087713767,1.1875467618279183,True,0.5392759530565416,0.35172919122862334,0.9223026842418599,0.9526973157581401,-0.2740318754704832,0.23484944606977814,0.03039463151628019,0.10638132154026136,0.40249999999999997
rep0344,0.80,0.7973487844017139,alg1,0.1,0.005,0.005,0.09000000000000001,abs_005_005,1000,2000,0.6705758050047046,1.2088867097052267,True,0.5383109047005221,0.3294241949952954,1.0,1.0,-0.32942419499529535,0.2088867097052266,0.0,0.09931090470052184,0.43900000000000006
rep0345,0.45,0.44564247441258986,alg1,0.1,0.005,0.005,0.09000000000000001,abs_005_005,1000,2000,0.3107932998477049,0.9167625790025553,True,0.6059692791548504,0.6059692791548504,0.5971463275185068,0.6578536724814931,-0.28635302767080195,0.2589089065210622,0.06070734496298624,0.07526193419186405,0.47000000000000003
rep0346,0.64,0.6358154888318488,alg1,0.1,0.005,0.005,0.09000000000000001,abs_005_005,1000,2000,0.2689998432202407,0.8838853471435836,True,0.614885503923343,0.614885503923343,0.6083369091805317,0.6686630908194682,-0.33933706596029106,0.21522225632411537,0.06032618163893644,0.09355932228440644,0.46099999999999997
rep0347,0.41,0.40797144380603984,alg1,0.1,0.005,0.005,0.09000000000000001,abs_005_005,1000,2000,0.19781613660470881,0.6557751541105128,True,0.457959017505804,0.457959017505804,0.4711089519483476,0.5338910480516523,-0.2732928153436388,0.12188410605886049,0.06278209610330471,0.09517692140249928,0.3
rep0348,0.29,0.29376251328837416,alg1,0.1,0.005,0.005,0.09000000000000001,abs_005_005,1000,2000,0.18012864623391978,0.7110061317688695,True,0.5308774855349497,0.5308774855349497,0.4461403594932203,0.5088596405067797,-0.2660117132593005,0.2021464912620898,0.06271928101355939,0.10165820452139024,0.3665000000000001
rep0349,0.44,0.44186947927296477,alg1,0.1,0.005,0.005,0.09000000000000001,abs_005_005,1000,2000,0.21451676308108403,0.7717737495488224,True,0.5572569864677384,0.5572569864677384,0.4906389611887628,0.5533610388112372,-0.2761221981076788,0.2184127107375852,0.06272207762247439,0.08753490884526399,0.407
rep0350,0.38,0.38486196980731546,alg1,0.1,0.005,0.005,0.09000000000000001,abs_005_005,1000,2000,0.021015638390205205,0.5871796332667325,True,0.5661639948765274,0.5661639948765274,0.36332209748033867,0.42467790251966137,-0.34230645909013346,0.16250173074707108,0.0613558050393227,0.10580818983720452,0.399
rep0351,0.10,0.09872763892192564,alg1,0.1,0.005,0.005,0.09000000000000001,abs_005_005,1000,2000,-0.2654356014133269,0.32515500003405085,True,0.5905906014473777,0.32515500003405085,0.15872396174143183,0.20727603825856816,-0.4241595631547587,0.11787896177548271,0.04855207651713633,0.09703852493024145,0.44499999999999995
rep0352,0.28,0.2844427574292811,alg1,0.1,0.005,0.005,0.09000000000000001,abs_005_005,1000,2000,0.2185775099928643,0.7028717722831055,True,0.4842942622902412,0.4842942622902412,0.4536226888809052,0.5163773111190948,-0.23504517888804088,0.18649446116401067,0.06275462223818962,0.09453964005205151,0.32700000000000007
rep0353,0.55,0.5500653841041604,alg1,0.1,0.005,0.005,0.09000000000000001,abs_005_005,1000,2000,0.5249017661743898,1.1136166469331488,True,0.588714880758759,0.4750982338256102,0.7785531648028003,0.8284468351971996,-0.25365139862841063,0.28516981173594913,0.04989367039439929,0.10082121036435965,0.43800000000000006
rep0354,0.25,0.24510482126387192,alg1,0.1,0.005,0.005,0.09000000000000001,abs_005_005,1000,2000,-0.08402575487999744,0.5065512812061481,True,0.5905770360861455,0.5065512812061481,0.20357892275812303,0.25642107724187696,-0.2876046776381205,0.2501302039642712,0.05284215448375393,0.09573488160239174,0.44199999999999995
rep0355,0.95,0.9522585919166384,alg1,0.1,0.005,0.005,0.09000000000000001,abs_005_005,1000,2000,0.6659215665132647,1.1684330866008623,True,0.5025115200875976,0.33407843348673527,0.9598769306179393,0.9811230693820607,-0.29395536410467465,0.18731001721880164,0.021246138764121403,0.10676538132347624,0.37450000000000006
rep0356,0.68,0.6785408078428427,alg1,0.1,0.005,0.005,0.09000000000000001,abs_005_005,1000,2000,0.34019944534818086,0.8799346600296813,True,0.5397352146815004,0.5397352146815004,0.6185250204820637,0.6784749795179362,-0.27832557513388284,0.20145968051174507,0.059949959035872524,0.0907852556456279,0.389
rep0357,0.58,0.583331807645915,alg1,0.1,0.005,0.005,0.09000000000000001,abs_005_005,1000,2000,0.33467107762375164,1.0072088448746044,True,0.6725377672508528,0.6653289223762484,0.6307698198780073,0.6902301801219927,-0.29609874225425564,0.31697866475261166,0.05946036024398538,0.10057740700686735,0.5125
rep0358,0.38,0.3809641548377436,alg1,0.1,0.005,0.005,0.09000000000000001,abs_005_005,1000,2000,0.13095862452456775,0.8336255592709572,True,0.7026669347463894,0.7026669347463894,0.5147416904324267,0.5772583095675734,-0.38378306590785893,0.2563672497033838,0.06251661913514672,0.10315031561124266,0.537
rep0359,0.66,0.6648549710783686,alg1,0.1,0.005,0.005,0.09000000000000001,abs_005_005,1000,2000,0.5609173486513739,1.1023891907256456,True,0.5414718420742717,0.4390826513486261,0.8275820274778096,0.8724179725221903,-0.2666646788264357,0.2299712182034552,0.04483594504438071,0.09963589702989084,0.397
rep0360,0.43,0.4332237833125718,alg1,0.1,0.005,0.005,0.09000000000000001,abs_005_005,1000,2000,0.18167059306950506,0.7222934912934484,True,0.5406228982239434,0.5406228982239434,0.4446447433461683,0.5073552566538316,-0.26297415027666327,0.2149382346396168,0.06271051330766331,0.09791238491628002,0.38000000000000006
rep0361,0.17,0.17310515974696308,alg1,0.1,0.005,0.005,0.09000000000000001,abs_005_005,1000,2000,0.06973501886596573,0.6123266184834553,True,0.5425915996174895,0.5425915996174895,0.4078430504644922,0.4701569495355078,-0.3381080315985265,0.14216966894794744,0.06231389907101559,0.101277700546474,0.3789999999999999
rep0362,0.59,0.5929987418172065,alg1,0.1,0.005,0.005,0.09000000000000001,abs_005_005,1000,2000,0.2664218992760633,0.830413001681535,True,0.5639911024054717,0.5639911024054717,0.5885105877497496,0.6494894122502504,-0.3220886884736863,0.18092358943128467,0.06097882450050074,0.10601227790497114,0.3969999999999999
rep0363,0.78,0.7797202523798891,alg1,0.1,0.005,0.005,0.09000000000000001,abs_005_005,1000,2000,0.37339860867697555,0.9966406533431313,True,0.6232420446661557,0.6232420446661557,0.6589120740294125,0.7170879259705873,-0.285513465352437,0.279552727372544,0.058175851941174805,0.10456619272498091,0.4605
rep0364,0.86,0.8645679323305089,alg1,0.1,0.005,0.005,0.09000000000000001,abs_005_005,1000,2000,0.4634768943186581,1.0102840836411848,True,0.5468071893225268,0.536523105681342,0.7639056940347361,0.8150943059652639,-0.300428799716078,0.19518977767592088,0.051188611930527816,0.10211857739199892,0.39349999999999996
rep0365,0.26,0.25974986988586085,alg1,0.1,0.005,0.005,0.09000000000000001,abs_005_005,1000,2000,0.04317726924158094,0.7025658363152804,True,0.6593885670736994,0.6593885670736994,0.3776386695341029,0.43936133046589704,-0.33446140029252197,0.2632045058493833,0.06172266093179413,0.09366590614190529,0.504
rep0366,0.87,0.8690627549595847,alg1,0.1,0.005,0.005,0.09000000000000001,abs_005_005,1000,2000,0.47750376823598756,1.014692843597948,True,0.5371890753619606,0.5224962317640125,0.775410421907136,0.8255895780928639,-0.2979066536711485,0.1891032655050841,0.05017915618572788,0.09050991917623258,0.3965
rep0367,0.64,0.6428989626416638,alg1,0.1,0.005,0.005,0.09000000000000001,abs_005_005,1000,2000,0.3222315187703513,1.0467694940647645,True,0.7245379752944132,0.6777684812296487,0.7321483703007181,0.7858516296992819,-0.40991685153036683,0.2609178643654825,0.053703259398563796,0.0903347158958493,0.5805
rep0368,0.68,0.6753208609633297,alg1,0.1,0.005,0.005,0.09000000000000001,abs_005_005,1000,2000,0.5666204622558257,1.15862361975312,True,0.5920031574972942,0.43337953774417426,0.8969443807826016,0.9320556192173983,-0.3303239185267759,0.2265680005357216,0.03511123843479669,0.09439191906249755,0.4624999999999999
rep0369,0.51,0.5065372343729166,alg1,0.1,0.005,0.005,0.09000000000000001,abs_005_005,1000,2000,0.23969480480745808,0.899947593053906,True,0.660252788246448,0.660252788246448,0.6266858813114448,0.6863141186885552,-0.3869910765039867,0.2136334743653508,0.05962823737711043,0.10512455086933753,0.4955
rep0370,0.24,0.23632333791984533,alg1,0.1,0.005,0.005,0.09000000000000001,abs_005_005,1000,2000,-0.05942524435890034,0.4605512308237997,True,0.5199764751827001,0.4605512308237997,0.2697705543888063,0.32722944561119366,-0.32919579874770666,0.13332178521260601,0.05745889122238734,0.09201758396031273,0.37049999999999994
rep0371,0.58,0.575749758105001,alg1,0.1,0.005,0.005,0.09000000000000001,abs_005_005,1000,2000,0.27192920856996744,0.8643627840712192,True,0.5924335755012518,0.5924335755012518,0.549518079532449,0.611481920467551,-0.2775888709624816,0.25288086360366824,0.06196384093510199,0.10596973456614983,0.42449999999999993
rep0372,0.72,0.718979006591431,alg1,0.1,0.005,0.005,0.09000000000000001,abs_005_005,1000,2000,0.3931305234424299,0.9476460364433357,True,0.5545155130009058,0.5545155130009058,0.6548114290827928,0.7131885709172073,-0.2616809056403629,0.23445746552612834,0.05837714183441456,0.08813837116649126,0.408
rep0373,0.55,0.5517662944553136,alg1,0.1,0.005,0.005,0.09000000000000001,abs_005_005,1000,2000,0.19752651079443062,0.8488792345154635,True,0.6513527237210329,0.6513527237210329,0.582420740819448,0.643579259180552,-0.3848942300250173,0.2052999753349115,0.061158518361104086,0.10219420535992885,0.488
rep0374,0.88,0.8793070293832355,alg1,0.1,0.005,0.005,0.09000000000000001,abs_005_005,1000,2000,0.5579046666215906,1.1622026781559016,True,0.6042980115343111,0.44209533337840945,0.9156409212560109,0.9473590787439891,-0.3577362546344204,0.2148435994119125,0.03171815748797813,0.10207985404633291,0.47050000000000003
rep0375,0.24,0.24001764706486642,alg1,0.1,0.005,0.005,0.09000000000000001,abs_005_005,1000,2000,-0.2295480559933641,0.33952037806061236,True,0.5690684340539764,0.33952037806061236,0.1351005089885372,0.1808994910114628,-0.3646485649819013,0.15862088704914956,0.045798982022925594,0.10126945203105076,0.42200000000000004
rep0376,0.44,0.4387207683937876,alg1,0.1,0.005,0.005,0.09000000000000001,abs_005_005,1000,2000,0.18727877019133465,0.7736055766309603,True,0.5863268064396256,0.5863268064396256,0.5041877816443183,0.5668122183556816,-0.31690901145298367,0.20679335827527867,0.06262443671136331,0.10520236972826241,0.4184999999999999
rep0377,0.12,0.12480370420166471,alg1,0.1,0.005,0.005,0.09000000000000001,abs_005_005,1000,2000,-0.08551457055569422,0.5274022756832086,True,0.6129168462389029,0.5274022756832086,0.22377806393026178,0.2782219360697382,-0.309292634485956,0.24918033961347041,0.054443872139476435,0.09547297409942634,0.4630000000000001
rep0378,0.11,0.11430449700984965,alg1,0.1,0.005,0.005,0.09000000000000001,abs_005_005,1000,2000,-0.1902572496885297,0.2728779369969166,True,0.4631351866854463,0.2728779369969166,0.08851342357700832,0.12748657642299166,-0.278770673265538,0.14539136057392493,0.038973152845983336,0.07316203383946296,0.351
rep0379,0.20,0.20453031647305683,alg1,0.1,0.005,0.005,0.09000000000000001,abs_005_005,1000,2000,-0.2084943484606026,0.28465602006393226,True,0.49315036852453487,0.28465602006393226,0.12711284039819992,0.17188715960180007,-0.33560718885880253,0.11276886046213218,0.044774319203600144,0.08787604932093473,0.3605
rep0380,0.24,0.23811846326039054,alg1,0.1,0.005,0.005,0.09000000000000001,abs_005_005,1000,2000,-0.024333834052718772,0.5083068702172587,True,0.5326407042699774,0.5083068702172587,0.2741477993740821,0.33185220062591786,-0.2984816334268009,0.1764546695913409,0.057704401251835735,0.10343630301814177,0.37150000000000005
rep0381,0.11,0.11380558123415879,alg1,0.1,0.005,0.005,0.09000000000000001,abs_005_005,1000,2000,-0.19486970023567574,0.44132424421754546,True,0.6361939444532212,0.44132424421754546,0.09081681586259016,0.13018318413740984,-0.2856865160982659,0.3111410600801356,0.03936636827481968,0.09382757617840132,0.5030000000000001
rep0382,0.49,0.4919757483035177,alg1,0.1,0.005,0.005,0.09000000000000001,abs_005_005,1000,2000,0.45258360477319454,0.9138839792285551,True,0.4613003744553606,0.4613003744553606,0.7150477411140992,0.7699522588859009,-0.26246413634090465,0.14393172034265428,0.05490451777180172,0.09989585668355894,0.3065
rep0383,0.15,0.1489197703131804,alg1,0.1,0.005,0.005,0.09000000000000001,abs_005_005,1000,2000,-0.03208345410643332,0.4503918487624631,True,0.4824753028688964,0.4503918487624631,0.2242600605946784,0.2787399394053216,-0.2563435147011117,0.1716519093571415,0.0544798788106432,0.10249542405825318,0.3255
rep0384,0.20,0.20007340189381725,alg1,0.1,0.005,0.005,0.09000000000000001,abs_005_005,1000,2000,-0.20367700148437953,0.3357405140530295,True,0.539417515537409,0.3357405140530295,0.1028437881465318,0.1441562118534682,-0.30652078963091134,0.1915843021995613,0.041312423706936385,0.09910509183047256,0.3990000000000001
rep0385,0.55,0.5456431806537574,alg1,0.1,0.005,0.005,0.09000000000000001,abs_005_005,1000,2000,0.29898535895968437,0.8308353647867308,True,0.5318500058270464,0.5318500058270464,0.5672174312101228,0.6287825687898771,-0.26823207225043844,0.20205279599685372,0.06156513757975435,0.10678486824729216,0.3635
rep0386,0.52,0.5224872490939236,alg1,0.1,0.005,0.005,0.09000000000000001,abs_005_005,1000,2000,0.029103674155468995,0.5822333762093055,True,0.5531297020538365,0.5531297020538365,0.34460536848371986,0.40539463151628014,-0.31550169432825087,0.17683874469302532,0.06078926303256027,0.0933404390212762,0.399
rep0387,0.69,0.6886972502706856,alg1,0.1,0.005,0.005,0.09000000000000001,abs_005_005,1000,2000,0.6256108739783572,1.122035333100777,True,0.49642445912241984,0.37438912602164276,0.9575340482781219,0.9794659517218781,-0.33192317429976476,0.14256938137889896,0.021931903443756173,0.10199255567866367,0.37250000000000005
rep0388,0.23,0.2251468741488763,alg1,0.1,0.005,0.005,0.09000000000000001,abs_005_005,1000,2000,-0.2202071220803163,0.5347777702114938,True,0.7549848922918101,0.5347777702114938,0.27755458955295315,0.33544541044704684,-0.49776171163326943,0.19933235976444696,0.0578908208940937,0.10259407139771637,0.5945
rep0389,0.55,0.5505908481778488,alg1,0.1,0.005,0.005,0.09000000000000001,abs_005_005,1000,2000,0.4709128813047262,1.0087782005504151,True,0.5378653192456889,0.5290871186952738,0.7659953287825826,0.8170046712174174,-0.2950824474778564,0.19177352933299777,0.05100934243483479,0.10085597681085412,0.386
rep0390,0.80,0.795669704744102,alg1,0.1,0.005,0.005,0.09000000000000001,abs_005_005,1000,2000,0.6811547781126852,1.1569812735920326,True,0.4758264954793474,0.3188452218873148,0.9557846857446515,0.9782153142553485,-0.27462990763196626,0.17876595933668413,0.022430628510696993,0.09989586696865038,0.35350000000000004
rep0391,0.45,0.45358503651580734,alg1,0.1,0.005,0.005,0.09000000000000001,abs_005_005,1000,2000,0.32414395740172747,0.9485031554812027,True,0.6243591980794752,0.6243591980794752,0.6358780713799941,0.6951219286200059,-0.3117341139782666,0.25338122686119685,0.0592438572400118,0.10011534083946333,0.46500000000000014
rep0392,0.42,0.4224205634563259,alg1,0.1,0.005,0.005,0.09000000000000001,abs_005_005,1000,2000,0.1592200858694573,0.8707805207228987,True,0.7115604348534414,0.7115604348534414,0.5082066698589959,0.5707933301410041,-0.3489865839895386,0.29998719058189455,0.06258666028200821,0.10147377457143314,0.5475
rep0393,0.23,0.22617613393867625,alg1,0.1,0.005,0.005,0.09000000000000001,abs_005_005,1000,2000,-0.05603423236125968,0.44655245294249096,True,0.5025866853037506,0.44655245294249096,0.21270562642137494,0.26629437357862507,-0.2687398587826346,0.1802580793638659,0.05358874715725012,0.10199793814650054,0.347
rep0394,0.68,0.6802362956247577,alg1,0.1,0.005,0.005,0.09000000000000001,abs_005_005,1000,2000,0.5393280872225883,1.1471646909871849,True,0.6078366037645966,0.4606719127774117,0.8440791885540256,0.8869208114459745,-0.3047511013314373,0.26024387954121037,0.042841622891948816,0.08799498087264762,0.47700000000000004
rep0395,0.21,0.2071078162527467,alg1,0.1,0.005,0.005,0.09000000000000001,abs_005_005,1000,2000,-0.0025499482482922997,0.6674318774367884,True,0.6699818256850807,0.6674318774367884,0.33035507906916306,0.3906449209308369,-0.33290502731745536,0.2767869565059516,0.060289841861673854,0.09419198382340699,0.5155
rep0396,0.35,0.3458165390188869,alg1,0.1,0.005,0.005,0.09000000000000001,abs_005_005,1000,2000,0.1918019605143837,0.7213568283344151,True,0.5295548678200314,0.5295548678200314,0.4526246360870454,0.5153753639129546,-0.2608226755726617,0.2059814644214605,0.06275072782590918,0.10530413999412219,0.3615
rep0397,0.23,0.22569766624517135,alg1,0.1,0.005,0.005,0.09000000000000001,abs_005_005,1000,2000,-0.13658374602619971,0.46362267943940616,True,0.6002064254656059,0.46362267943940616,0.1558796048190213,0.2041203951809787,-0.292463350845221,0.2595022842584275,0.048240790361957386,0.09946563510364848,0.4525
rep0398,0.29,0.2869560971077115,alg1,0.1,0.005,0.005,0.09000000000000001,abs_005_005,1000,2000,0.03353361163666352,0.580259825755625,True,0.5467262141189615,0.5467262141189615,0.3391966245287671,0.3998033754712329,-0.30566301289210357,0.18045645028439206,0.060606750942465815,0.10611946317649557,0.38000000000000006
rep0399,0.96,0.9596574247528689,alg1,0.1,0.005,0.005,0.09000000000000001,abs_005_005,1000,2000,0.7115742939276204,1.228866597696962,True,0.5172923037693415,0.2884257060723796,1.0,1.0,-0.2884257060723796,0.22886659769696188,0.0,0.10429230376934157,0.413
rep0400,0.16,0.1648274519207478,alg1,0.1,0.005,0.005,0.09000000000000001,abs_005_005,1000,2000,-0.22107012785273372,0.311869110864099,True,0.5329392387168328,0.311869110864099,0.09358508115965104,0.13341491884034895,-0.31465520901238475,0.17845419202375007,0.03982983768069791,0.07210940103613478,0.42100000000000004
rep0401,0.20,0.20279397822435086,alg1,0.1,0.005,0.005,0.09000000000000001,abs_005_005,1000,2000,-0.20419546953843284,0.2712178083629352,True,0.475413277901368,0.2712178083629352,0.07339851298967662,0.10960148701032338,-0.27759398252810946,0.16161632135261178,0.03620297402064676,0.08921030388072121,0.35000000000000003
rep0402,0.29,0.2937077187390615,alg1,0.1,0.005,0.005,0.09000000000000001,abs_005_005,1000,2000,0.07372192640926578,0.7601077553873439,True,0.6863858289780781,0.6863858289780781,0.48312176243008637,0.5458782375699135,-0.4093998360208206,0.21422951781743038,0.06275647513982713,0.08162935383825087,0.542
rep0403,0.33,0.3312987531193831,alg1,0.1,0.005,0.005,0.09000000000000001,abs_005_005,1000,2000,0.07546963595515072,0.5574626688705112,True,0.4819930329153605,0.4819930329153605,0.359870591203506,0.421129408796494,-0.2844009552483553,0.1363332600740172,0.06125881759298801,0.10023421532237237,0.3205000000000001
rep0404,0.31,0.3104127522123926,alg1,0.1,0.005,0.005,0.09000000000000001,abs_005_005,1000,2000,0.016619065040450465,0.6257241306808319,True,0.6091050656403814,0.6091050656403814,0.36282892407447737,0.42417107592552267,-0.3462098590340269,0.20155305475530916,0.0613421518510453,0.10376291378933605,0.444
rep0405,0.61,0.6104709216473704,alg1,0.1,0.005,0.005,0.09000000000000001,abs_005_005,1000,2000,0.4850370938794073,0.9729388747019286,True,0.48790178082252134,0.48790178082252134,0.749824432274652,0.802175567725348,-0.2647873383952447,0.1707633069765806,0.05235113545069603,0.10055064537182534,0.33499999999999996
rep0406,0.18,0.17755348382106342,alg1,0.1,0.005,0.005,0.09000000000000001,abs_005_005,1000,2000,-0.09421664639788307,0.5301634740111043,True,0.6243801204089874,0.5301634740111043,0.22618852673256828,0.2808114732674317,-0.32040517313045136,0.24935200074367264,0.05462294653486344,0.10175717387412408,0.46799999999999997
rep0407,0.16,0.1551990367178863,alg1,0.1,0.005,0.005,0.09000000000000001,abs_005_005,1000,2000,-0.10784544319476158,0.5247974021331199,True,0.6326428453278814,0.5247974021331199,0.275120966685489,0.33287903331451096,-0.3829664098802506,0.19191836881860888,0.05775806662902194,0.09938477869885937,0.4755000000000001
rep0408,0.25,0.2535757297881408,alg1,0.1,0.005,0.005,0.09000000000000001,abs_005_005,1000,2000,-0.013259697632969691,0.522386381452927,True,0.5356460790858968,0.522386381452927,0.2566589007459293,0.31334109925407067,-0.269918598378899,0.20904528219885643,0.05668219850814138,0.07946388057775544,0.39949999999999997
rep0409,0.65,0.6500053033514692,alg1,0.1,0.005,0.005,0.09000000000000001,abs_005_005,1000,2000,0.2726637003682975,0.9070710932362522,True,0.6344073928679548,0.6344073928679548,0.5900338186313858,0.6509661813686143,-0.3173701182630883,0.256104911867638,0.06093236273722846,0.09547503013072628,0.47800000000000004
rep0410,0.49,0.4853730339511101,alg1,0.1,0.005,0.005,0.09000000000000001,abs_005_005,1000,2000,0.017329077454848157,0.5416342677846273,True,0.5243051903297792,0.5243051903297792,0.26248253926752246,0.3195174607324775,-0.2451534618126743,0.22211680705214976,0.057034921464955035,0.09377026886482404,0.3735
rep0411,0.44,0.4400543646308077,alg1,0.1,0.005,0.005,0.09000000000000001,abs_005_005,1000,2000,0.30824352383865883,0.9452378435594863,True,0.6369943197208274,0.6369943197208274,0.5682300466632261,0.6297699533367739,-0.25998652282456725,0.3154678902227124,0.061539906673547806,0.09295441304727958,0.48250000000000004
rep0412,0.28,0.2754297489682956,alg1,0.1,0.005,0.005,0.09000000000000001,abs_005_005,1000,2000,-0.07843660374067496,0.560536895853635,True,0.6389734995943099,0.560536895853635,0.19159920802103558,0.24340079197896441,-0.27003581176171054,0.31713610387467056,0.05180158395792883,0.103671915636381,0.48350000000000004
rep0413,0.45,0.445499730616442,alg1,0.1,0.005,0.005,0.09000000000000001,abs_005_005,1000,2000,0.3127383186505741,0.8786605373644586,True,0.5659222187138845,0.5659222187138845,0.5819134749016186,0.6430865250983815,-0.2691751562510445,0.23557401226607713,0.06117305019676289,0.10624916851712152,0.3985000000000001
rep0414,0.61,0.6067062022574174,alg1,0.1,0.005,0.005,0.09000000000000001,abs_005_005,1000,2000,0.45276542361568506,0.9581616012871769,True,0.5053961776714918,0.5053961776714918,0.702126946251105,0.7578730537488949,-0.24936152263542002,0.20028854753828196,0.055746107497789854,0.08865007017370197,0.361
rep0415,0.18,0.17827364188760167,alg1,0.1,0.005,0.005,0.09000000000000001,abs_005_005,1000,2000,-0.0744698708935706,0.5207787641775182,True,0.5952486350710888,0.5207787641775182,0.22618852673256828,0.2808114732674317,-0.3006583976261389,0.23996729091008653,0.05462294653486344,0.10262568853622545,0.43799999999999994
rep0416,0.02,0.01738533997491688,alg1,0.1,0.005,0.005,0.09000000000000001,abs_005_005,1000,2000,-0.059354288173462555,0.4567274066951732,True,0.5160816948686358,0.4567274066951732,0.20261930879868628,0.25538069120131374,-0.26197359697214884,0.20134671549385946,0.052761382402627455,0.10082031246600831,0.3625
rep0417,0.95,0.9462361712408387,alg1,0.1,0.005,0.005,0.09000000000000001,abs_005_005,1000,2000,0.7094472555452491,1.2135108168231694,True,0.5040635612779203,0.2905527444547509,0.9557846857446515,0.9782153142553485,-0.24633743019940235,0.23529550256782092,0.022430628510696993,0.09213293276722329,0.3895
rep0418,0.53,0.5251161563676663,alg1,0.1,0.005,0.005,0.09000000000000001,abs_005_005,1000,2000,0.3390095670526842,0.8942017757568597,True,0.5551922087041754,0.5551922087041754,0.6190348023418274,0.6789651976581726,-0.2800252352891432,0.215236578098687,0.05993039531634525,0.10026181338783013,0.395
rep0419,0.41,0.41264708194635696,alg1,0.1,0.005,0.005,0.09000000000000001,abs_005_005,1000,2000,0.1953950825967692,0.8110912704560094,True,0.6156961878592402,0.6156961878592402,0.53185874175302,0.5941412582469799,-0.33646365915625076,0.21695001220902946,0.062282516493959994,0.08641367136528022,0.46699999999999997
rep0420,0.85,0.8477361422226604,alg1,0.1,0.005,0.005,0.09000000000000001,abs_005_005,1000,2000,0.5694134442002651,1.2085184503644801,True,0.6391050061642151,0.4305865557997349,0.9448350028478034,0.9701649971521966,-0.37542155864753834,0.23835345321228343,0.0253299943043932,0.09977501185982174,0.514
rep0421,0.74,0.7426791938620335,alg1,0.1,0.005,0.005,0.09000000000000001,abs_005_005,1000,2000,0.452199885847649,0.9620303483520782,True,0.5098304625044292,0.5098304625044292,0.71194412581914,0.7670558741808601,-0.25974423997149104,0.1949744741712181,0.05511174836172006,0.0962187141427091,0.35850000000000004
rep0422,0.35,0.34612874823543205,alg1,0.1,0.005,0.005,0.09000000000000001,abs_005_005,1000,2000,0.01595589036623929,0.7116953923775711,True,0.6957395020113317,0.6957395020113317,0.40040454795607344,0.46259545204392655,-0.38444865758983415,0.24909994033364452,0.062190904087853105,0.1035485979234787,0.53
rep0423,0.76,0.7624919541659595,alg1,0.1,0.005,0.005,0.09000000000000001,abs_005_005,1000,2000,0.5835929126593273,1.1171766883167633,True,0.533583775657436,0.41640708734067267,0.9284442524630578,0.9575557475369421,-0.34485133980373045,0.15962094077982128,0.02911149507388422,0.09397228058355173,0.41050000000000003
rep0424,0.36,0.35814025055484455,alg1,0.1,0.005,0.005,0.09000000000000001,abs_005_005,1000,2000,0.023584933212624337,0.6665899985685969,True,0.6430050653559726,0.6430050653559726,0.411316826326671,0.473683173673329,-0.38773189311404666,0.19290682489526792,0.062366347346658024,0.10363871800931451,0.47700000000000004
rep0425,0.41,0.4118253375202507,alg1,0.1,0.005,0.005,0.09000000000000001,abs_005_005,1000,2000,0.22440255924981845,0.6832811494035325,True,0.458878590153714,0.458878590153714,0.4556191716535089,0.5183808283464911,-0.23121661240369046,0.16490032105704133,0.06276165669298223,0.09161693346073191,0.3044999999999999
rep0426,0.89,0.8892382178246042,alg1,0.1,0.005,0.005,0.09000000000000001,abs_005_005,1000,2000,0.5870423157350844,1.201259269254946,True,0.6142169535198616,0.41295768426491564,0.9178573897741681,0.9491426102258319,-0.3308150740390838,0.252116659029114,0.03128522045166382,0.09343173306819785,0.48949999999999994
rep0427,0.67,0.6661452233932901,alg1,0.1,0.005,0.005,0.09000000000000001,abs_005_005,1000,2000,0.253661246277706,0.8355266496413415,True,0.5818654033636355,0.5818654033636355,0.5758289240744774,0.6371710759255227,-0.3221676777967714,0.1983555737158188,0.0613421518510453,0.08702325151259016,0.4335
rep0428,0.37,0.3683436695959424,alg1,0.1,0.005,0.005,0.09000000000000001,abs_005_005,1000,2000,0.07730718296076541,0.5640177908591553,True,0.4867106078983898,0.4867106078983898,0.31809425265098834,0.3779057473490116,-0.24078706969022293,0.18611204351014363,0.05981149469802327,0.1023991132003666,0.32449999999999996
rep0429,0.54,0.53538173545435,alg1,0.1,0.005,0.005,0.09000000000000001,abs_005_005,1000,2000,0.3066506427075934,0.788954321463753,True,0.4823036787561596,0.4823036787561596,0.549518079532449,0.611481920467551,-0.24286743682485562,0.17747240099620196,0.06196384093510199,0.09283983782105759,0.32749999999999996
rep0430,0.60,0.6004174548191368,alg1,0.1,0.005,0.005,0.09000000000000001,abs_005_005,1000,2000,0.31933057669033316,0.8681382498553214,True,0.5488076731649882,0.5488076731649882,0.6063009937687206,0.6666990062312793,-0.28697041707838744,0.20143924362404209,0.060398012462558714,0.09840966070242957,0.38999999999999996
rep0431,0.51,0.5123730347347926,alg1,0.1,0.005,0.005,0.09000000000000001,abs_005_005,1000,2000,0.20794747034789873,0.8206816992266616,True,0.6127342288787628,0.6127342288787628,0.4811183709112936,0.5438816290887063,-0.2731709005633949,0.27680007013795527,0.06276325817741268,0.09297097070135013,0.457
rep0432,0.85,0.8486664875364552,alg1,0.1,0.005,0.005,0.09000000000000001,abs_005_005,1000,2000,0.5492414284833314,1.1810181320043247,True,0.6317767035209934,0.45075857151666865,0.857988365837068,0.899011634162932,-0.30874693735373665,0.2820064978413927,0.041023268325864004,0.10575343519512931,0.48500000000000004
rep0433,0.60,0.5999105382172571,alg1,0.1,0.005,0.005,0.09000000000000001,abs_005_005,1000,2000,0.4260831137424222,0.8764963729309916,True,0.4504132591885694,0.4504132591885694,0.677910841263611,0.735089158736389,-0.2518277275211888,0.14140721419460256,0.05717831747277802,0.1012349417157914,0.292
rep0434,0.33,0.3265377362700484,alg1,0.1,0.005,0.005,0.09000000000000001,abs_005_005,1000,2000,0.07579377427954598,0.5915751336734214,True,0.5157813593938754,0.5157813593938754,0.35297255448892356,0.41402744551107645,-0.2771787802093776,0.17754768816234498,0.06105489102215289,0.10322646837172256,0.35150000000000003
rep0435,0.15,0.14977152771680624,alg1,0.1,0.005,0.005,0.09000000000000001,abs_005_005,1000,2000,-0.11578845113974609,0.3483614861419912,True,0.46414993728173726,0.3483614861419912,0.13510050898853723,0.18089949101146277,-0.2508889601282833,0.16746199513052842,0.04579898202292554,0.10735095525881172,0.311
rep0436,0.54,0.5401868898627346,alg1,0.1,0.005,0.005,0.09000000000000001,abs_005_005,1000,2000,0.27851109645530947,0.8062843588800349,True,0.5277732624247254,0.5277732624247254,0.5288353975019042,0.5911646024980959,-0.25032430104659475,0.21511975638193906,0.062329204996191656,0.1024440574285338,0.363
rep0437,0.37,0.37375328603034585,alg1,0.1,0.005,0.005,0.09000000000000001,abs_005_005,1000,2000,0.23340287404430599,0.8576671552982618,True,0.6242642812539558,0.6242642812539558,0.529339207936354,0.591660792063646,-0.29593633389204804,0.26600636323461574,0.06232158412729194,0.10244269712666382,0.45949999999999996
rep0438,0.90,0.9000160248531138,alg1,0.1,0.005,0.005,0.09000000000000001,abs_005_005,1000,2000,0.7441197352631685,1.1642535427187066,True,0.4201338074555381,0.25588026473683145,1.0,1.0,-0.2558802647368314,0.16425354271870668,0.0,0.08363380745553811,0.33649999999999997
rep0439,0.52,0.5161664041144599,alg1,0.1,0.005,0.005,0.09000000000000001,abs_005_005,1000,2000,0.1517310591169676,0.7645681373447683,True,0.6128370782278006,0.6128370782278006,0.4441462676250192,0.5068537323749808,-0.2924152085080516,0.2577144049697875,0.06270746474996158,0.101629613477839,0.44850000000000007
rep0440,0.05,0.05345555884825453,alg1,0.1,0.005,0.005,0.09000000000000001,abs_005_005,1000,2000,-0.2580486637050768,0.318230198257098,True,0.5762788619621748,0.318230198257098,0.03762402456716245,0.06537597543283755,-0.29567268827223925,0.25285422282426046,0.0277519508656751,0.10252691109649953,0.4460000000000001
rep0441,0.23,0.22929022495825693,alg1,0.1,0.005,0.005,0.09000000000000001,abs_005_005,1000,2000,0.027855966102365154,0.44644110113671626,True,0.41858513503435113,0.41858513503435113,0.24599827205167388,0.30200172794832614,-0.21814230594930872,0.14443937318839012,0.05600345589665226,0.07908167913769887,0.2835
rep0442,0.35,0.34669088534373405,alg1,0.1,0.005,0.005,0.09000000000000001,abs_005_005,1000,2000,0.09379369606522808,0.6696456178760432,True,0.5758519218108151,0.5758519218108151,0.3638153045193952,0.42518469548060484,-0.2700216084541671,0.24446092239543832,0.061369390961209636,0.09248253084960545,0.42200000000000004
rep0443,0.40,0.3983478948712932,alg1,0.1,0.005,0.005,0.09000000000000001,abs_005_005,1000,2000,0.13478194773565697,0.6971081148502113,True,0.5623261671145543,0.5623261671145543,0.3667752518093203,0.42822474819067974,-0.23199330407366334,0.26888336665953155,0.061449496381359436,0.09187667073319494,0.4089999999999999
rep0444,0.86,0.8562660280433344,alg1,0.1,0.005,0.005,0.09000000000000001,abs_005_005,1000,2000,0.5888548329709384,1.0545312512349851,True,0.4656764182640467,0.41114516702906156,0.8692778794073356,0.9087221205926644,-0.2804230464363972,0.1458091306423207,0.039444241185328854,0.09573217707871795,0.33049999999999996
rep0445,0.22,0.22298442642290608,alg1,0.1,0.005,0.005,0.09000000000000001,abs_005_005,1000,2000,0.05447977482338889,0.7447361308897134,True,0.6902563560663244,0.6902563560663244,0.39346850125821037,0.4555314987417896,-0.3389887264348215,0.2892046321479238,0.06206299748357924,0.0986933585827452,0.5295000000000001
rep0446,0.63,0.6256453427510474,alg1,0.1,0.005,0.005,0.09000000000000001,abs_005_005,1000,2000,0.1644166869279977,0.7514083233254572,True,0.5869916363974594,0.5869916363974594,0.4496312323607329,0.5123687676392671,-0.28521454543273517,0.23903955568619012,0.0627375352785342,0.10275410111892525,0.4215
rep0447,0.91,0.9078740806315482,alg1,0.1,0.005,0.005,0.09000000000000001,abs_005_005,1000,2000,0.5567156334037504,1.0550673339843644,True,0.49835170058061395,0.4432843665962496,0.854772162700473,0.8962278372995269,-0.2980565292967226,0.15883949668483752,0.04145567459905397,0.10439602598156017,0.3524999999999999
rep0448,0.78,0.7758737271373656,alg1,0.1,0.005,0.005,0.09000000000000001,abs_005_005,1000,2000,0.32888712702481004,1.0075437876297548,True,0.6786566606049448,0.67111287297519,0.6882039464237457,0.7447960535762543,-0.35931681939893567,0.2627477340535006,0.05659210715250862,0.10356455345243631,0.5185
rep0449,0.36,0.36175984274945505,alg1,0.1,0.005,0.005,0.09000000000000001,abs_005_005,1000,2000,0.303311057857161,1.0097335171847641,True,0.7064224593276032,0.696688942142839,0.5905416309021364,0.6514583690978636,-0.2872305730449754,0.3582751480869006,0.06091673819572718,0.101005721131876,0.5445
rep0450,0.89,0.8859738272378596,alg1,0.1,0.005,0.005,0.09000000000000001,abs_005_005,1000,2000,0.7333266345765268,1.2509406419080438,True,0.517614007331517,0.2666733654234732,1.0,1.0,-0.26667336542347325,0.25094064190804377,0.0,0.09811400733151698,0.4195
rep0451,0.87,0.8653336032057626,alg1,0.1,0.005,0.005,0.09000000000000001,abs_005_005,1000,2000,0.6575102849398418,1.2618698508738735,True,0.6043595659340317,0.34248971506015824,0.9431235387714477,0.9688764612285522,-0.285613253831606,0.2929933896453212,0.025752922457104477,0.10260664347692727,0.476
rep0452,0.39,0.394610039489141,alg1,0.1,0.005,0.005,0.09000000000000001,abs_005_005,1000,2000,0.1168414290579029,0.630166686902593,True,0.5133252578446901,0.5133252578446901,0.3801098655587582,0.44189013444124176,-0.2632684365008553,0.1882765524613513,0.06178026888248356,0.08604498896220664,0.3655
rep0453,0.09,0.09455027447648914,alg1,0.1,0.005,0.005,0.09000000000000001,abs_005_005,1000,2000,-0.11365500786707261,0.5066802871288468,True,0.6203352949959194,0.5066802871288468,0.16632073709124556,0.21567926290875444,-0.2799757449583182,0.2910010242200924,0.04935852581750888,0.09597676917841058,0.475
rep0454,0.58,0.5837290921475382,alg1,0.1,0.005,0.005,0.09000000000000001,abs_005_005,1000,2000,0.47045561002113573,0.9527086287021675,True,0.4822530186810318,0.4822530186810318,0.7612949526600655,0.8127050473399345,-0.2908393426389298,0.14000358136223304,0.05141009467986901,0.09434292400116284,0.3365
rep0455,0.54,0.5415444686338559,alg1,0.1,0.005,0.005,0.09000000000000001,abs_005_005,1000,2000,0.48187398124450637,1.0233518624244295,True,0.5414778811799232,0.5181260187554937,0.7493036783727455,0.8016963216272545,-0.2674296971282391,0.22165554079717506,0.052392643254508986,0.09158523792541412,0.3975
rep0456,0.64,0.6437481035648497,alg1,0.1,0.005,0.005,0.09000000000000001,abs_005_005,1000,2000,0.38462880810742506,0.947224223527672,True,0.5625954154202469,0.5625954154202469,0.7026432315022798,0.7583567684977203,-0.31801442339485475,0.18886745502995167,0.05571353699544046,0.09988187842480634,0.40700000000000003
rep0457,0.26,0.2640833764558463,alg1,0.1,0.005,0.005,0.09000000000000001,abs_005_005,1000,2000,0.027921755881803123,0.5689503526747736,True,0.5410285967929704,0.5410285967929704,0.2819376287944344,0.3400623712055656,-0.2540158729126313,0.22888798146920797,0.05812474241113119,0.10190385438183919,0.38100000000000006
rep0458,0.58,0.5847717451956117,alg1,0.1,0.005,0.005,0.09000000000000001,abs_005_005,1000,2000,0.37175782533498364,0.8696100932523962,True,0.4978522679174126,0.4978522679174126,0.5986713193851936,0.6593286806148064,-0.22691349405020994,0.21028141263758982,0.06065736122961285,0.10219490668779979,0.33499999999999996
rep0459,0.78,0.7803407890735662,alg1,0.1,0.005,0.005,0.09000000000000001,abs_005_005,1000,2000,0.6008819984332542,1.0585554975998042,True,0.45767349916655,0.3991180015667458,0.8323624900031567,0.8766375099968434,-0.2314804915699025,0.1819179876029608,0.04427501999368677,0.09439847917286331,0.319
rep0460,0.63,0.6319873927279865,alg1,0.1,0.005,0.005,0.09000000000000001,abs_005_005,1000,2000,0.2858858222190638,0.9147024985718883,True,0.6288166763528246,0.6288166763528246,0.5874952718430843,0.6485047281569157,-0.3016094496240205,0.2661977704149726,0.06100945631383148,0.09930722003899317,0.4684999999999999
rep0461,0.79,0.7893090503791472,alg1,0.1,0.005,0.005,0.09000000000000001,abs_005_005,1000,2000,0.582340981176667,1.127709203894189,True,0.5453682227175219,0.417659018823333,0.8703558796568108,0.9096441203431892,-0.28801489848014383,0.21806508355099985,0.03928824068637837,0.10357998203114377,0.4024999999999999
rep0462,0.82,0.8165787770202874,alg1,0.1,0.005,0.005,0.09000000000000001,abs_005_005,1000,2000,0.45581624119542874,0.9425662465740053,True,0.4867500053785766,0.4867500053785766,0.7295539451743535,0.7834460548256464,-0.2737377039789247,0.15912019174835887,0.053892109651292985,0.09585789572728365,0.33699999999999997
rep0463,0.67,0.6702796967456214,alg1,0.1,0.005,0.005,0.09000000000000001,abs_005_005,1000,2000,0.31863874423373406,0.8918790924398192,True,0.5732403482060852,0.5732403482060852,0.6108825998498743,0.6711174001501258,-0.2922438556161402,0.22076169228969342,0.06023480030025152,0.0910055479058337,0.42199999999999993
rep0464,0.25,0.24854893018852145,alg1,0.1,0.005,0.005,0.09000000000000001,abs_005_005,1000,2000,-0.29954840953364653,0.35190096700328155,True,0.651449376536928,0.35190096700328155,0.12476821042933361,0.16923178957066637,-0.42431661996298015,0.18266917743261518,0.044463579141332754,0.10048579739559538,0.5065
rep0465,0.73,0.7322550138031816,alg1,0.1,0.005,0.005,0.09000000000000001,abs_005_005,1000,2000,0.32160434952513406,0.8398368140876721,True,0.518232464562538,0.518232464562538,0.6353670787895749,0.6946329212104252,-0.3137627292644408,0.14520389287724686,0.05926584242085031,0.09696662214168772,0.362
rep0466,0.19,0.19034587241629047,alg1,0.1,0.005,0.005,0.09000000000000001,abs_005_005,1000,2000,-0.0701943016017898,0.47443723160652834,True,0.5446315332083181,0.47443723160652834,0.22618852673256828,0.2808114732674317,-0.2963828283343581,0.19362575833909662,0.05462294653486344,0.10050858667345469,0.3895
rep0467,0.29,0.29274855713431724,alg1,0.1,0.005,0.005,0.09000000000000001,abs_005_005,1000,2000,0.3071682049008251,0.8387730321928379,False,0.5316048272920129,0.5316048272920129,0.612410440547034,0.672589559452966,-0.3052422356462089,0.16618347273987202,0.06017911890593197,0.09092570838608083,0.38050000000000006
rep0468,0.30,0.3027014172094155,alg1,0.1,0.005,0.005,0.09000000000000001,abs_005_005,1000,2000,0.11269469342988447,0.7126807880221162,True,0.5999860945922317,0.5999860945922317,0.4526246360870454,0.5153753639129546,-0.3399299426571609,0.19730542410916158,0.06275072782590918,0.10573536676632261,0.43149999999999994
rep0469,0.69,0.692436354301288,alg1,0.1,0.005,0.005,0.09000000000000001,abs_005_005,1000,2000,0.35700354159864667,0.996606304165653,True,0.6396027625670063,0.6396027625670063,0.7430588087723963,0.7959411912276037,-0.3860552671737496,0.20066511293804934,0.05288238245520738,0.0977203801117989,0.48900000000000005
rep0470,0.74,0.7434616566202104,alg1,0.1,0.005,0.005,0.09000000000000001,abs_005_005,1000,2000,0.5532120011617488,1.1595218380648298,True,0.6063098369030809,0.44678799883825115,0.8660468932185561,0.9059531067814439,-0.31283489205680726,0.25356873128338586,0.039906213562887816,0.08790362334019314,0.4785
rep0471,0.30,0.3048098630189149,alg1,0.1,0.005,0.005,0.09000000000000001,abs_005_005,1000,2000,-0.028550680709712034,0.4848153228648415,True,0.5133660035745535,0.4848153228648415,0.2131864907121777,0.26681350928782227,-0.24173717142188975,0.21800181357701923,0.05362701857564456,0.09973898499890899,0.36
rep0472,0.45,0.45077422443821824,alg1,0.1,0.005,0.005,0.09000000000000001,abs_005_005,1000,2000,0.11285432545466839,0.7216529565798455,True,0.6087986311251772,0.6087986311251772,0.4157854148552344,0.4782145851447656,-0.302931089400566,0.24343837143507993,0.06242917028953121,0.09636946083564596,0.45
rep0473,0.51,0.5071386075108679,alg1,0.1,0.005,0.005,0.09000000000000001,abs_005_005,1000,2000,0.26837122227765664,0.8527379113836088,True,0.5843666891059521,0.5843666891059521,0.5323627449298406,0.5946372550701594,-0.26399152265218395,0.25810065631344936,0.06227451014031882,0.09259217896563332,0.4295
rep0474,0.37,0.36586133903478896,alg1,0.1,0.005,0.005,0.09000000000000001,abs_005_005,1000,2000,-0.026330525883406397,0.5789690374413526,True,0.6052995633247591,0.5789690374413526,0.2610260600177641,0.31797393998223583,-0.2873565859011705,0.2609950974591168,0.056947879964471704,0.08985168336028726,0.4585
rep0475,0.52,0.5178202732421197,alg1,0.1,0.005,0.005,0.09000000000000001,abs_005_005,1000,2000,0.19938417905930816,0.7747614819132551,True,0.575377302853947,0.575377302853947,0.47010870081468936,0.5328912991853105,-0.2707245217553812,0.24187018272794453,0.06278259837062117,0.1065947044833257,0.40599999999999997
rep0476,0.84,0.8406559881807929,alg1,0.1,0.005,0.005,0.09000000000000001,abs_005_005,1000,2000,0.7548855401949381,1.172070481352325,True,0.4171849411573869,0.24511445980506186,1.0,1.0,-0.24511445980506183,0.17207048135232503,0.0,0.0946849411573869,0.32249999999999995
rep0477,0.14,0.14204946977544622,alg1,0.1,0.005,0.005,0.09000000000000001,abs_005_005,1000,2000,-0.057016844117276866,0.5941013019788272,True,0.651118146096104,0.5941013019788272,0.2946176117415047,0.35338238825849533,-0.35163445585878156,0.24071891372033183,0.058764776516990636,0.10235336957911345,0.49
rep0478,0.66,0.655505023483159,alg1,0.1,0.005,0.005,0.09000000000000001,abs_005_005,1000,2000,0.5086171410593415,1.0739154446087609,True,0.5652983035494193,0.4913828589406585,0.8595979785784666,0.9004020214215334,-0.3509808375191251,0.17351342318722762,0.04080404284306671,0.10099426070635265,0.4235000000000001
rep0479,0.47,0.47342875933991696,alg1,0.1,0.005,0.005,0.09000000000000001,abs_005_005,1000,2000,0.2013574572202903,0.7924051722301293,True,0.591047715009839,0.591047715009839,0.5298430504644922,0.5921569495355079,-0.3284855932442019,0.20024822269462142,0.0623138990710157,0.1062338159388233,0.4225
rep0480,0.67,0.6666146655076384,alg1,0.1,0.005,0.005,0.09000000000000001,abs_005_005,1000,2000,0.4366271782987313,0.9201896522325318,True,0.4835624739338005,0.4835624739338005,0.6702019503720724,0.7277980496279275,-0.2335747720733411,0.19239160260460433,0.05759609925585507,0.09246637467794538,0.3335
rep0481,0.62,0.6236445793214657,alg1,0.1,0.005,0.005,0.09000000000000001,abs_005_005,1000,2000,0.47100705493630474,0.9640391531262811,True,0.49303209818997634,0.49303209818997634,0.7222961154038772,0.7767038845961229,-0.25128906046757243,0.18733526853015808,0.05440776919224577,0.10162432899773055,0.33699999999999997
rep0482,0.37,0.3698861950035576,alg1,0.1,0.005,0.005,0.09000000000000001,abs_005_005,1000,2000,0.17256031457521237,0.8342779909846307,True,0.6617176764094184,0.6617176764094184,0.47361012916415324,0.5363898708358468,-0.30104981458894087,0.297888120148784,0.06277974167169353,0.10393793473772472,0.4950000000000001
rep0483,0.46,0.459924882847166,alg1,0.1,0.005,0.005,0.09000000000000001,abs_005_005,1000,2000,0.29153371582839493,0.7111984684965592,True,0.4196647526681643,0.4196647526681643,0.47461081981797426,0.5373891801820257,-0.1830771039895793,0.17380928831453346,0.06277836036405149,0.09288639230411283,0.26399999999999996
rep0484,0.66,0.6603997911653662,alg1,0.1,0.005,0.005,0.09000000000000001,abs_005_005,1000,2000,0.5160687043706988,1.0378035749241885,True,0.5217348705534897,0.48393129562930115,0.782222546943567,0.8317774530564331,-0.2661538425728681,0.20602612186775543,0.04955490611286617,0.09317996444062354,0.379
rep0485,0.24,0.24217090812958247,alg1,0.1,0.005,0.005,0.09000000000000001,abs_005_005,1000,2000,-0.11539615714279194,0.4488870662671095,True,0.5642832234099014,0.4488870662671095,0.21799788651935592,0.27200211348064407,-0.33339404366214787,0.1768849527864654,0.05400422696128815,0.10377899644861333,0.4065
rep0486,0.76,0.760035639995173,alg1,0.1,0.005,0.005,0.09000000000000001,abs_005_005,1000,2000,0.5633203714478079,1.1348953405719948,True,0.5715749691241869,0.4366796285521921,0.8499551820702528,0.8920448179297472,-0.28663481062244495,0.24285052264224755,0.042089635859494434,0.08348533326469254,0.44599999999999995
rep0487,0.39,0.3872144194396676,alg1,0.1,0.005,0.005,0.09000000000000001,abs_005_005,1000,2000,0.246659404037738,0.7940010963647903,True,0.5473416923270523,0.5473416923270523,0.4606125779144584,0.5233874220855416,-0.21395317387672041,0.27061367427924876,0.06277484417108314,0.09956684815596928,0.3849999999999999
rep0488,0.92,0.9231065213725952,alg1,0.1,0.005,0.005,0.09000000000000001,abs_005_005,1000,2000,0.41839135264625216,1.108838225503118,True,0.6904468728568658,0.5816086473537478,0.8064166906940602,0.8535833093059397,-0.38802533804780803,0.25525491619717816,0.04716661861187954,0.10478025424498616,0.5385000000000001
rep0489,0.63,0.6309729787707437,alg1,0.1,0.005,0.005,0.09000000000000001,abs_005_005,1000,2000,0.3728352719632454,0.8965818024157474,True,0.523746530452502,0.523746530452502,0.6804825392675224,0.7375174607324775,-0.30764726730427705,0.15906434168326988,0.057034921464955035,0.097711608987547,0.36899999999999994
rep0490,0.74,0.7378423983075558,alg1,0.1,0.005,0.005,0.09000000000000001,abs_005_005,1000,2000,0.44133455211893274,1.0296622890275875,True,0.5883277369086548,0.5586654478810673,0.8085275974795285,0.8554724025204714,-0.36719304536059577,0.17418988650711614,0.046944805040942894,0.10038293186771197,0.44099999999999995
rep0491,0.71,0.7065743599972876,alg1,0.1,0.005,0.005,0.09000000000000001,abs_005_005,1000,2000,0.5945994512546282,1.1704943177118987,True,0.5758948664572705,0.4054005487453718,0.8914877949862932,0.9275122050137068,-0.296888343731665,0.24298211269819184,0.036024410027413634,0.08437045642985685,0.4555
rep0492,0.86,0.8627654697954618,alg1,0.1,0.005,0.005,0.09000000000000001,abs_005_005,1000,2000,0.6298912443782659,1.1759529695960458,True,0.5460617252177798,0.37010875562173406,0.9024189309980288,0.9365810690019711,-0.2725276866197629,0.23937190059407465,0.0341621380039423,0.09839958721383757,0.4135
rep0493,0.29,0.2879040614514467,alg1,0.1,0.005,0.005,0.09000000000000001,abs_005_005,1000,2000,-0.07467662581898912,0.46971914483966815,True,0.5443957706586573,0.46971914483966815,0.17822353496003787,0.2287764650399621,-0.252900160779027,0.24094267979970602,0.05055293007992423,0.09184284057873293,0.4020000000000001
rep0494,0.45,0.44773830152782795,alg1,0.1,0.005,0.005,0.09000000000000001,abs_005_005,1000,2000,0.06263922593017929,0.6204567919172954,True,0.5578175659871161,0.5578175659871161,0.41826908201666446,0.48073091798333556,-0.3556298560864852,0.13972587393395985,0.0624618359666711,0.095355730020445,0.4
rep0495,0.71,0.7120820002216378,alg1,0.1,0.005,0.005,0.09000000000000001,abs_005_005,1000,2000,0.3205472977971448,0.9485604586885856,True,0.6280131608914408,0.6280131608914408,0.6768824533967464,0.7341175466032537,-0.35633515559960155,0.214442912085332,0.057235093206507326,0.10127806768493341,0.46950000000000014
rep0496,0.57,0.5672526840309957,alg1,0.1,0.005,0.005,0.09000000000000001,abs_005_005,1000,2000,0.27029202636812505,0.8224924545992495,True,0.5522004282311244,0.5522004282311244,0.5829280406970085,0.6440719593029915,-0.3126360143288835,0.17842049529625792,0.061143918605983005,0.10605650962514146,0.38499999999999995
rep0497,0.91,0.9059420139393258,alg1,0.1,0.005,0.005,0.09000000000000001,abs_005_005,1000,2000,0.6743911257853913,1.2719104567693027,True,0.5975193309839114,0.3256088742146087,1.0,1.0,-0.3256088742146087,0.2719104567693027,0.0,0.09701933098391147,0.5005
rep0498,0.30,0.30189760469625243,alg1,0.1,0.005,0.005,0.09000000000000001,abs_005_005,1000,2000,-0.11947450028918366,0.3518956990950853,True,0.47137019938426894,0.3518956990950853,0.16632073709124556,0.21567926290875444,-0.2857952373804292,0.13621643618633084,0.04935852581750888,0.10651167356676,0.31550000000000006
rep0499,0.93,0.9289382895149473,alg1,0.1,0.005,0.005,0.09000000000000001,abs_005_005,1000,2000,0.6502633229916688,1.137974945348899,True,0.4877116223572302,0.3497366770083312,0.9073626550217191,0.940637344978281,-0.25709933203005036,0.19733760037061787,0.03327468995656191,0.10443693240066826,0.35
rep0500,0.57,0.5734326800154889,alg1,0.1,0.005,0.005,0.09000000000000001,abs_005_005,1000,2000,0.38577409293410747,0.9210859045802641,True,0.5353118116461566,0.5353118116461566,0.6573740376690693,0.7156259623309307,-0.27159994473496185,0.20545994224933342,0.058251924661861354,0.08455988698429528,0.39249999999999996
rep0501,0.40,0.40497540524506176,alg1,0.1,0.005,0.005,0.09000000000000001,abs_005_005,1000,2000,-0.015447358149836166,0.5297961609321953,True,0.5452435190820315,0.5297961609321953,0.2868114290827928,0.3451885709172072,-0.30225878723262894,0.1846075900149881,0.05837714183441445,0.0953663772476171,0.39149999999999996
rep0502,0.12,0.12480475992732076,alg1,0.1,0.005,0.005,0.09000000000000001,abs_005_005,1000,2000,-0.14740336275385393,0.4389925619026216,True,0.5863959246564755,0.4389925619026216,0.20357892275812303,0.25642107724187696,-0.35098228551197697,0.18257148466074463,0.05284215448375393,0.08805377017272159,0.44549999999999995
rep0503,0.91,0.9050390105903781,alg1,0.1,0.005,0.005,0.09000000000000001,abs_005_005,1000,2000,0.5697113413331986,1.227553232046818,True,0.6578418907136195,0.43028865866680144,0.9546219126941008,0.9773780873058991,-0.38491057136090223,0.25017514474091884,0.022756174611798352,0.10358571610182099,0.5315000000000001
rep0504,0.47,0.46724572744993587,alg1,0.1,0.005,0.005,0.09000000000000001,abs_005_005,1000,2000,0.28148066597318155,0.9068805357659815,True,0.6253998697927999,0.6253998697927999,0.5798847503457281,0.641115249654272,-0.2984040843725465,0.2657652861117095,0.06123049930854396,0.10616937048425601,0.4580000000000001
rep0505,0.53,0.5318571099071661,alg1,0.1,0.005,0.005,0.09000000000000001,abs_005_005,1000,2000,0.26643999734575463,0.8111644440080024,True,0.5447244466622477,0.5447244466622477,0.5409357309486759,0.603064269051324,-0.27449573360292123,0.2081001749566783,0.06212853810264818,0.0985959085595996,0.38399999999999995
rep0506,0.48,0.4822668283351881,alg1,0.1,0.005,0.005,0.09000000000000001,abs_005_005,1000,2000,0.21089223676908964,0.7355487429047849,True,0.5246565061356953,0.5246565061356953,0.4396614044357072,0.5023385955642927,-0.2287691676666176,0.23321014734049217,0.0626771911285855,0.09997931500710971,0.36200000000000004
rep0507,0.74,0.7437366300478815,alg1,0.1,0.005,0.005,0.09000000000000001,abs_005_005,1000,2000,0.62411187757374,1.2199927347073818,True,0.5958808571336418,0.37588812242626,0.9267657058620491,0.9562342941379509,-0.3026538282883091,0.2637584405694308,0.02946858827590182,0.10591226885773997,0.4605
rep0508,0.40,0.404182804431366,alg1,0.1,0.005,0.005,0.09000000000000001,abs_005_005,1000,2000,0.01578839422723949,0.5113009711495505,True,0.49551257692231104,0.49551257692231104,0.2809633417981763,0.3390366582018237,-0.2651749475709368,0.1722643129477268,0.058073316403647435,0.09043926051866358,0.347
rep0509,0.65,0.6481999629909212,alg1,0.1,0.005,0.005,0.09000000000000001,abs_005_005,1000,2000,0.4904812829129189,0.9645491698614095,True,0.47406788694849056,0.47406788694849056,0.8122245857929675,0.8587754142070325,-0.3217433028800486,0.10577375565437702,0.04655082841406499,0.07151705853442564,0.356
rep0510,0.57,0.5721736043975432,alg1,0.1,0.005,0.005,0.09000000000000001,abs_005_005,1000,2000,0.03446172703034106,0.649473338633533,True,0.6150116116031918,0.6150116116031918,0.35740624291932444,0.4185937570806756,-0.3229445158889834,0.23087958155285743,0.06118751416135115,0.10082409744184084,0.45299999999999996
rep0511,0.45,0.45457728234462863,alg1,0.1,0.005,0.005,0.09000000000000001,abs_005_005,1000,2000,0.025693138697549966,0.5154539523524524,True,0.4897608136549024,0.4897608136549024,0.30830190549068665,0.3676980945093134,-0.2826087667931367,0.14775585784313897,0.059396189018626755,0.0793646246362757,0.351
rep0512,0.43,0.4325267337117133,alg1,0.1,0.005,0.005,0.09000000000000001,abs_005_005,1000,2000,0.15877519248936234,0.7612689779960262,True,0.6024937855066639,0.6024937855066639,0.5172565896111158,0.5797434103888842,-0.3584813971217534,0.18152556760714197,0.06248682077776846,0.09350696472889541,0.4465
rep0513,0.83,0.8277117370689172,alg1,0.1,0.005,0.005,0.09000000000000001,abs_005_005,1000,2000,0.6981099906125716,1.229149452199715,True,0.5310394615871434,0.3018900093874284,1.0,1.0,-0.30189000938742844,0.22914945219971516,0.0,0.10003946158714366,0.431
rep0514,0.59,0.5933413778937866,alg1,0.1,0.005,0.005,0.09000000000000001,abs_005_005,1000,2000,0.3189498693577685,0.917211328726558,True,0.5982614593687895,0.5982614593687895,0.5662049489222777,0.6277950510777223,-0.2472550795645092,0.28941627764883565,0.06159010215544458,0.09767135721334486,0.43899999999999995
rep0515,0.81,0.806166418341096,alg1,0.1,0.005,0.005,0.09000000000000001,abs_005_005,1000,2000,0.7621061099744011,1.1702254641839214,True,0.4081193542095203,0.2378938900255989,0.9877656243813507,0.9982343756186493,-0.22565951440694965,0.17199108856527207,0.010468751237298513,0.08465060297222177,0.31299999999999994
rep0516,0.61,0.6067540217721716,alg1,0.1,0.005,0.005,0.09000000000000001,abs_005_005,1000,2000,0.3526469042719281,0.9753856650480381,True,0.6227387607761101,0.6227387607761101,0.6599376287944344,0.7180623712055655,-0.30729072452250633,0.25732329384247266,0.05812474241113108,0.09661401836497896,0.4680000000000001
rep0517,0.42,0.4167877795529873,alg1,0.1,0.005,0.005,0.09000000000000001,abs_005_005,1000,2000,0.18109002885345182,0.7274302856948885,True,0.5463402568414367,0.5463402568414367,0.46910857524861366,0.5318914247513862,-0.28801854639516183,0.19553886094350237,0.06278284950277252,0.09055740733866424,0.39299999999999996
rep0518,0.16,0.16438034557877632,alg1,0.1,0.005,0.005,0.09000000000000001,abs_005_005,1000,2000,0.04744299542285202,0.6505709877890253,True,0.6031279923661733,0.6031279923661733,0.3288825998498743,0.3891174001501257,-0.28143960442702226,0.26145358763889964,0.06023480030025141,0.0993931920659219,0.4435
rep0519,0.56,0.5622779558093569,alg1,0.1,0.005,0.005,0.09000000000000001,abs_005_005,1000,2000,0.19171529193633713,0.732274038200833,True,0.5405587462644958,0.5405587462644958,0.4751112122416882,0.5378887877583117,-0.28339592030535105,0.19438525044252136,0.06277757551662355,0.10128117074787235,0.37650000000000006
rep0520,0.43,0.4326281458496036,alg1,0.1,0.005,0.005,0.09000000000000001,abs_005_005,1000,2000,0.3308547247830051,0.9316157163436659,True,0.6007609915606609,0.6007609915606609,0.5697492198867277,0.6312507801132724,-0.23889449510372257,0.3003649362303935,0.06150156022654474,0.09875943133411613,0.4405
rep0521,0.55,0.5514422589777986,alg1,0.1,0.005,0.005,0.09000000000000001,abs_005_005,1000,2000,0.30500805687159277,0.9200996855849832,True,0.6150916287133905,0.6150916287133905,0.6486651397965061,0.707334860203494,-0.3436570829249133,0.21276482538148925,0.058669720406987924,0.09442190830640262,0.46199999999999997
rep0522,0.38,0.3777243504273541,alg1,0.1,0.005,0.005,0.09000000000000001,abs_005_005,1000,2000,0.11424694491987547,0.670278227496356,True,0.5560312825764806,0.5560312825764806,0.38901297503000876,0.4509870249699912,-0.2747660301101333,0.2192912025263648,0.061974049939982456,0.08755723263649812,0.4065
rep0523,0.48,0.4805649545239059,alg1,0.1,0.005,0.005,0.09000000000000001,abs_005_005,1000,2000,0.07558408903514635,0.8124949680043937,True,0.7369108789692473,0.7369108789692473,0.4142955976146664,0.4767044023853336,-0.33871150857952004,0.33579056561906007,0.06240880477066724,0.1030020741985802,0.5714999999999999
rep0524,0.51,0.5091013726161637,alg1,0.1,0.005,0.005,0.09000000000000001,abs_005_005,1000,2000,0.2736820832367908,0.9654833253552269,True,0.6918012421184361,0.6918012421184361,0.5834353745586324,0.6445646254413676,-0.3097532913218416,0.32091869991385924,0.06112925088273524,0.0966719912357008,0.534
rep0525,0.85,0.853701137127399,alg1,0.1,0.005,0.005,0.09000000000000001,abs_005_005,1000,2000,0.5866154087225455,1.2506399790303173,True,0.6640245703077718,0.4133845912774545,0.9267657058620491,0.9562342941379509,-0.3401502971395036,0.29440568489236646,0.02946858827590182,0.10405598203186994,0.5305000000000001
rep0526,0.80,0.7988554886949664,alg1,0.1,0.005,0.005,0.09000000000000001,abs_005_005,1000,2000,0.6558715989850754,1.2424819724405614,True,0.586610373455486,0.3441284010149246,0.9239741532967438,0.9540258467032561,-0.2681025543116684,0.2884561257373053,0.03005169340651226,0.09155868004897366,0.465
rep0527,0.32,0.31690980769397253,alg1,0.1,0.005,0.005,0.09000000000000001,abs_005_005,1000,2000,-0.016205059301843627,0.49054734045059334,True,0.506752399752437,0.49054734045059334,0.2921771178617746,0.35082288213822543,-0.3083821771636182,0.13972445831236788,0.05864576427645085,0.09160663547598602,0.35650000000000004
rep0528,0.52,0.5180556111198258,alg1,0.1,0.005,0.005,0.09000000000000001,abs_005_005,1000,2000,0.21730536547130563,0.7748647701182494,True,0.5575594046469438,0.5575594046469438,0.5591212881864525,0.6208787118135475,-0.3418159227151468,0.15398605830470186,0.06175742362709502,0.10630198101984872,0.38949999999999996
rep0529,0.69,0.693035507698672,alg1,0.1,0.005,0.005,0.09000000000000001,abs_005_005,1000,2000,0.288758250443161,0.9470467104312218,True,0.6582884599880607,0.6582884599880607,0.623624467452457,0.6833755325475429,-0.33486621700929603,0.2636711778836789,0.059751065095085876,0.10503739489297481,0.49350000000000005
rep0530,0.75,0.7498518402748506,alg1,0.1,0.005,0.005,0.09000000000000001,abs_005_005,1000,2000,0.5001093777559963,1.094739241469067,True,0.5946298637130708,0.4998906222440037,0.7921982600647358,0.8408017399352642,-0.29208888230873953,0.25393750153380296,0.04860347987052838,0.10252638384254253,0.4435
rep0531,0.34,0.34311797330549854,alg1,0.1,0.005,0.005,0.09000000000000001,abs_005_005,1000,2000,-0.22376884455488158,0.5493548709253276,True,0.7731237154802092,0.5493548709253276,0.1318085479375906,0.1771914520624094,-0.35557739249247217,0.3721634188629182,0.045382904124818824,0.09074081135539036,0.637
rep0532,0.89,0.893355587107331,alg1,0.1,0.005,0.005,0.09000000000000001,abs_005_005,1000,2000,0.6152399781169142,1.1744665822260076,True,0.5592266041090934,0.3847600218830858,0.9651980258620476,0.9848019741379523,-0.3499580477451334,0.18966460808805533,0.019603948275904726,0.08912265583318868,0.4505
rep0533,0.51,0.5050569732631356,alg1,0.1,0.005,0.005,0.09000000000000001,abs_005_005,1000,2000,0.1195093719028888,0.682490566362419,True,0.5629811944595302,0.5629811944595302,0.4162820844719838,0.47871791552801624,-0.296772712569095,0.2037726508344027,0.062435831056032454,0.09254536340349773,0.40800000000000003
rep0534,0.75,0.7527924050435153,alg1,0.1,0.005,0.005,0.09000000000000001,abs_005_005,1000,2000,0.5363642082223343,1.06944488978795,True,0.5330806815656157,0.4636357917776657,0.7670404967277312,0.8179595032722687,-0.2306762885053969,0.25148538651568125,0.050919006544537515,0.07216167502107823,0.4099999999999999
rep0535,0.69,0.6878573655625912,alg1,0.1,0.005,0.005,0.09000000000000001,abs_005_005,1000,2000,0.181795380131774,0.992381820071947,True,0.810586439940173,0.810586439940173,0.6856290836948062,0.7423709163051937,-0.5038337035630323,0.25001090376675333,0.056741832610387455,0.0878446073297855,0.666
rep0536,0.32,0.31718992870948665,alg1,0.1,0.005,0.005,0.09000000000000001,abs_005_005,1000,2000,0.16532813991456452,0.634471505406678,True,0.46914336549211344,0.46914336549211344,0.4048667802731847,0.4671332197268153,-0.23953864035862016,0.16733828567986264,0.06226643945363064,0.10537692603848275,0.30150000000000005
rep0537,0.44,0.4395079866789626,alg1,0.1,0.005,0.005,0.09000000000000001,abs_005_005,1000,2000,0.07992048284760805,0.6860760033274675,True,0.6061555204798594,0.6061555204798594,0.45112779270212033,0.5138722072978796,-0.3712073098545123,0.17220379602958796,0.0627444145957593,0.08441110588410028,0.45899999999999996
rep0538,0.51,0.5080405165190043,alg1,0.1,0.005,0.005,0.09000000000000001,abs_005_005,1000,2000,0.21533520954520713,0.7782337729595803,True,0.5628985634143732,0.5628985634143732,0.5389177180424132,0.6010822819575867,-0.32358250849720605,0.1771514910019935,0.062164563915173554,0.08573399949919946,0.41500000000000004
rep0539,0.61,0.605947645961291,alg1,0.1,0.005,0.005,0.09000000000000001,abs_005_005,1000,2000,0.4543192445559659,1.0224954257898096,True,0.5681761812338437,0.5456807554440342,0.7769815143060201,0.82701848569398,-0.32266226975005424,0.1954769400958296,0.05003697138795982,0.09663920984588392,0.4215
rep0540,0.28,0.27858368570850345,alg1,0.1,0.005,0.005,0.09000000000000001,abs_005_005,1000,2000,0.12349146093735408,0.6760163733298876,True,0.5525249123925335,0.5525249123925335,0.3736864748218329,0.4353135251781671,-0.25019501388447885,0.24070284815172044,0.0616270503563342,0.09739786203619932,0.39349999999999996
rep0541,0.43,0.4251961899039096,alg1,0.1,0.005,0.005,0.09000000000000001,abs_005_005,1000,2000,0.1990263466654707,0.7594529521806903,True,0.5604266055152196,0.5604266055152196,0.4611120912886112,0.5238879087113888,-0.2620857446231405,0.23556504346930152,0.0627758174227776,0.08415078809244203,0.4135
rep0542,0.79,0.7940209501629047,alg1,0.1,0.005,0.005,0.09000000000000001,abs_005_005,1000,2000,0.4325054243554086,0.9689625295433659,True,0.5364571051879573,0.5364571051879573,0.7363020643399371,0.789697935660063,-0.30379663998452844,0.17926459388330301,0.05339587132012591,0.1015612338678315,0.38149999999999995
rep0543,0.38,0.3831363526824304,alg1,0.1,0.005,0.005,0.09000000000000001,abs_005_005,1000,2000,-0.06877859063236186,0.5158847886943084,True,0.5846633793266702,0.5158847886943084,0.2946176117415047,0.35338238825849533,-0.36339620237386655,0.1625024004358131,0.058764776516990636,0.10439860280967977,0.42149999999999993
rep0544,0.59,0.5914617767466555,alg1,0.1,0.005,0.005,0.09000000000000001,abs_005_005,1000,2000,0.3838621472612306,1.0195752797599944,True,0.6357131324987638,0.6161378527387694,0.6825406509751828,0.7394593490248171,-0.2986785037139522,0.28011593073517727,0.05691869804963434,0.10479443444912956,0.4739999999999999
rep0545,0.40,0.4045296863004263,alg1,0.1,0.005,0.005,0.09000000000000001,abs_005_005,1000,2000,-0.03632360230749426,0.6458330075783519,True,0.6821566098858463,0.6458330075783519,0.2912011895834573,0.3497988104165427,-0.32752479189095157,0.29603419716180923,0.058597620833085395,0.1030589890527609,0.5205
rep0546,0.62,0.6221462295275441,alg1,0.1,0.005,0.005,0.09000000000000001,abs_005_005,1000,2000,0.24735208521069613,0.8959277501157554,True,0.6485756649050594,0.6485756649050594,0.6088459764164468,0.6691540235835532,-0.36149389120575065,0.22677372653220224,0.06030804716710647,0.10426761773795284,0.48400000000000004
rep0547,0.54,0.5398389563768513,alg1,0.1,0.005,0.005,0.09000000000000001,abs_005_005,1000,2000,0.18049081358416447,0.79985831129886,True,0.6193674977146955,0.6193674977146955,0.5333708477955615,0.5956291522044385,-0.3528800342113971,0.20422915909442152,0.06225830440887692,0.10010919330581852,0.457
rep0548,0.52,0.5199645804683984,alg1,0.1,0.005,0.005,0.09000000000000001,abs_005_005,1000,2000,0.22027864234941053,0.720232128820783,True,0.4999534864713725,0.4999534864713725,0.47461081981797426,0.5373891801820257,-0.25433217746856374,0.18284294863875727,0.06277836036405149,0.09317512610732104,0.344
rep0549,0.62,0.6208409396546456,alg1,0.1,0.005,0.005,0.09000000000000001,abs_005_005,1000,2000,0.6173092669926084,1.160762084937324,True,0.5434528179447156,0.38269073300739165,0.8811651357317338,0.9188348642682662,-0.2638558687391254,0.24192722066905778,0.03766972853653239,0.09778308940818325,0.4079999999999999
rep0550,0.99,0.9936861934525361,alg1,0.1,0.005,0.005,0.09000000000000001,abs_005_005,1000,2000,0.5879606397616041,1.2280310429193897,True,0.6400704031577856,0.41203936023839594,0.974267598483385,0.9907324015166151,-0.3863069587217809,0.2372986414027745,0.01646480303323017,0.08910560012455537,0.5345
rep0551,0.87,0.8691550462741996,alg1,0.1,0.005,0.005,0.09000000000000001,abs_005_005,1000,2000,0.4238141401650961,1.1951604675404026,True,0.7713463273753065,0.5761858598349039,0.8159253480735558,0.8620746519264442,-0.39211120790845966,0.3330858156139585,0.0461493038528884,0.10269702352241805,0.6225
rep0552,0.30,0.3049738261693674,alg1,0.1,0.005,0.005,0.09000000000000001,abs_005_005,1000,2000,-0.03171402574427962,0.5118059469341347,True,0.5435199726784143,0.5118059469341347,0.2819376287944344,0.3400623712055656,-0.313651654538714,0.17174357572856913,0.05812474241113119,0.1023952302672832,0.38299999999999995
rep0553,0.62,0.6161624006122597,alg1,0.1,0.005,0.005,0.09000000000000001,abs_005_005,1000,2000,0.5257515577984406,1.1095250523278735,True,0.5837734945294328,0.4742484422015594,0.8302369611528674,0.8747630388471327,-0.3044854033544268,0.23476201348074077,0.04452607769426531,0.10524741683516753,0.434
rep0554,0.00,0.0026144279964859323,alg1,0.1,0.005,0.005,0.09000000000000001,abs_005_005,1000,2000,-0.0208214118035408,0.5642391356837753,True,0.5850605474873161,0.5642391356837753,0.23729182980186742,0.2927081701981326,-0.2581132416054082,0.2715309654856427,0.055416340396265196,0.09864420709105098,0.431
rep0555,0.66,0.6568972912097388,alg1,0.1,0.005,0.005,0.09000000000000001,abs_005_005,1000,2000,0.4301259406922717,0.901915322308497,True,0.4717893816162253,0.4717893816162253,0.7368215045667629,0.790178495433237,-0.30669556387449115,0.11173682687525996,0.05335699086647416,0.09693239074975118,0.32149999999999995
rep0556,0.53,0.5297247668406883,alg1,0.1,0.005,0.005,0.09000000000000001,abs_005_005,1000,2000,0.205246440789829,0.7426656791009907,True,0.5374192383111617,0.5374192383111617,0.5248060680085661,0.587193931991434,-0.3195596272187371,0.15547174710955666,0.062387863982867886,0.08203137432829383,0.39299999999999996
rep0557,0.48,0.4754731400813595,alg1,0.1,0.005,0.005,0.09000000000000001,abs_005_005,1000,2000,0.1255189098354229,0.6535003945869724,True,0.5279814847515495,0.5279814847515495,0.4361749441637992,0.49882505583620085,-0.3106560343283763,0.15467533875077152,0.06265011167240164,0.09083137307914779,0.37450000000000006
rep0558,0.31,0.3120902571492485,alg1,0.1,0.005,0.005,0.09000000000000001,abs_005_005,1000,2000,0.012806683104335692,0.5431019870794596,True,0.5302953039751239,0.5302953039751239,0.2717155896253978,0.32928441037460215,-0.25890890652106213,0.21381757670485735,0.05756882074920433,0.07572648322591952,0.39699999999999996
rep0559,0.42,0.42110416982339,alg1,0.1,0.005,0.005,0.09000000000000001,abs_005_005,1000,2000,0.2424357305852854,0.699174605662805,True,0.4567388750775196,0.4567388750775196,0.45512000381903034,0.5178799961809697,-0.21268427323374495,0.18129460948183534,0.06275999236193935,0.10397888271558037,0.2899999999999999
rep0560,0.29,0.2869455415315838,alg1,0.1,0.005,0.005,0.09000000000000001,abs_005_005,1000,2000,-0.04141583794678397,0.48055286847249273,True,0.5219687064192767,0.48055286847249273,0.2160727305185802,0.26992726948141976,-0.25748856846536416,0.21062559899107297,0.053854538962839565,0.09611416745643714,0.372
rep0561,0.75,0.7548790789403604,alg1,0.1,0.005,0.005,0.09000000000000001,abs_005_005,1000,2000,0.4417780415501571,1.0066133442050795,True,0.5648353026549224,0.5582219584498429,0.7026432315022798,0.7583567684977203,-0.2608651899521227,0.24825657570735926,0.05571353699544046,0.09762176565948189,0.4115000000000001
rep0562,0.26,0.25715189795729787,alg1,0.1,0.005,0.005,0.09000000000000001,abs_005_005,1000,2000,0.037565532860769996,0.5415957300671509,True,0.5040301972063809,0.5040301972063809,0.2795022089229074,0.3374977910770926,-0.2419366760621374,0.20409793899005826,0.05799558215418521,0.08903461505219568,0.357
rep0563,0.69,0.694134812909248,alg1,0.1,0.005,0.005,0.09000000000000001,abs_005_005,1000,2000,0.19070689891523068,0.8560183187436936,True,0.6653114198284629,0.6653114198284629,0.5885105877497496,0.6494894122502504,-0.39780368883451894,0.20652890649344327,0.06097882450050074,0.09483259532796229,0.5095
rep0564,0.75,0.7462469932611169,alg1,0.1,0.005,0.005,0.09000000000000001,abs_005_005,1000,2000,0.4117326705557017,1.0279499005781219,True,0.6162172300224202,0.5882673294442984,0.7503452403214073,0.8026547596785927,-0.3386125697657056,0.22529514089952912,0.05230951935718542,0.10190771066523463,0.4620000000000001
rep0565,0.53,0.525622655628258,alg1,0.1,0.005,0.005,0.09000000000000001,abs_005_005,1000,2000,0.2900549027265048,0.8228580335207838,True,0.532803130794279,0.532803130794279,0.5793776538663249,0.6406223461336751,-0.2893227511398201,0.18223568738710866,0.06124469226735019,0.10555843852692887,0.3659999999999999
rep0566,0.23,0.22973697006701982,alg1,0.1,0.005,0.005,0.09000000000000001,abs_005_005,1000,2000,-0.08694018809413101,0.41060042615621467,True,0.4975406142503457,0.41060042615621467,0.20597887693294353,0.2590211230670565,-0.29291906502707454,0.15157930308915818,0.05304224613411296,0.08649836811623274,0.358
rep0567,0.47,0.46653122626074534,alg1,0.1,0.005,0.005,0.09000000000000001,abs_005_005,1000,2000,0.15009865569485759,0.7931390643775171,True,0.6430404086826595,0.6430404086826595,0.4292066698589959,0.4917933301410041,-0.27910801416413833,0.301345734236513,0.06258666028200821,0.0999537484006513,0.48050000000000004
rep0568,0.65,0.6476528899256542,alg1,0.1,0.005,0.005,0.09000000000000001,abs_005_005,1000,2000,0.2752020046038185,0.8943751730106575,True,0.619173168406839,0.619173168406839,0.6440590626588248,0.7029409373411751,-0.36885705805500635,0.19143423566948242,0.05888187468235029,0.09329129372448886,0.46699999999999997
rep0569,0.62,0.6210820569798082,alg1,0.1,0.005,0.005,0.09000000000000001,abs_005_005,1000,2000,0.27067018190500136,1.020379911598905,True,0.7497097296939036,0.7293298180949986,0.6717429903404378,0.7292570096595622,-0.40107280843543647,0.2911229019393428,0.057514019319124365,0.09769571037477942,0.5944999999999999
rep0570,0.91,0.908173164325695,alg1,0.1,0.005,0.005,0.09000000000000001,abs_005_005,1000,2000,0.7629112749167166,1.1561334487461554,True,0.3932221738294388,0.23708872508328338,1.0,1.0,-0.23708872508328344,0.15613344874615553,0.0,0.08622217382943892,0.30700000000000005
rep0571,0.76,0.7582617190446,alg1,0.1,0.005,0.005,0.09000000000000001,abs_005_005,1000,2000,0.4283407244076473,0.9897485187193154,True,0.561407794311668,0.561407794311668,0.7114270195438397,0.7665729804561603,-0.2830862951361924,0.22317553826315512,0.0551459609123206,0.10626183339934747,0.4
rep0572,0.57,0.57152858566112,alg1,0.1,0.005,0.005,0.09000000000000001,abs_005_005,1000,2000,0.06493078310257966,0.7333628700099203,True,0.6684320869073406,0.6684320869073406,0.4396614044357072,0.5023385955642927,-0.37473062133312757,0.23102427444562756,0.0626771911285855,0.10325489577875513,0.5025
rep0573,0.75,0.7499681206873676,alg1,0.1,0.005,0.005,0.09000000000000001,abs_005_005,1000,2000,0.36763760453803906,0.8766605442089677,True,0.5090229396709286,0.5090229396709286,0.6317911732668019,0.6912088267331981,-0.26415356872876283,0.18545171747576958,0.05941765346639616,0.09310528620453246,0.3565
rep0574,0.65,0.64924090326269,alg1,0.1,0.005,0.005,0.09000000000000001,abs_005_005,1000,2000,0.31893480125192103,0.8763247580270053,True,0.5573899567750842,0.5573899567750842,0.5768426782523224,0.6381573217476777,-0.25790787700040135,0.23816743627932757,0.061314643495355314,0.09707531327972901,0.3989999999999999
rep0575,0.28,0.2828330061268331,alg1,0.1,0.005,0.005,0.09000000000000001,abs_005_005,1000,2000,0.043192500710915016,0.6514010516765338,True,0.6082085509656188,0.6082085509656188,0.37418038319688673,0.4358196168031133,-0.3309878824859717,0.2155814348734205,0.061639233606226584,0.09756931735939217,0.449
rep0576,0.71,0.7100476042846439,alg1,0.1,0.005,0.005,0.09000000000000001,abs_005_005,1000,2000,0.5810162345184954,1.1202764521573214,True,0.539260217638826,0.4189837654815046,0.8472827532104118,0.8897172467895883,-0.2662665186919164,0.230559205367733,0.0424344935791765,0.09182572405964945,0.40499999999999997
rep0577,0.18,0.18453341897546627,alg1,0.1,0.005,0.005,0.09000000000000001,abs_005_005,1000,2000,0.06931958747895117,0.6086913182559305,True,0.5393717307769793,0.5393717307769793,0.34706527401502557,0.40793472598497443,-0.2777456865360744,0.20075659227095605,0.06086945196994886,0.10150227880703044,0.377
rep0578,0.41,0.40843208300883915,alg1,0.1,0.005,0.005,0.09000000000000001,abs_005_005,1000,2000,0.04090217846335803,0.5474573718925861,True,0.5065551934292281,0.5065551934292281,0.3117275562240648,0.37127244377593527,-0.27082537776070675,0.17618492811665093,0.059544887551870485,0.09301030587735765,0.35400000000000004
rep0579,0.38,0.381134139048079,alg1,0.1,0.005,0.005,0.09000000000000001,abs_005_005,1000,2000,-0.0635091423162358,0.5489990916458989,True,0.6125082339621347,0.5489990916458989,0.23680856787515667,0.2921914321248434,-0.3003177101913925,0.25680765952105544,0.05538286424968672,0.1061253697124479,0.45099999999999996
rep0580,0.32,0.32374466693507603,alg1,0.1,0.005,0.005,0.09000000000000001,abs_005_005,1000,2000,-0.0501829689802154,0.6268415750487784,True,0.6770245440289937,0.6268415750487784,0.3185842537117882,0.37841574628821173,-0.3687672226920036,0.2484258287605666,0.059831492576423506,0.09119305145257017,0.526
rep0581,0.30,0.2954218366557133,alg1,0.1,0.005,0.005,0.09000000000000001,abs_005_005,1000,2000,0.10760131494168612,0.7008041477673831,True,0.593202832825697,0.593202832825697,0.39297331259811824,0.45502668740188174,-0.2853719976564321,0.24577746036550135,0.062053374803763495,0.08664945802193347,0.4445
rep0582,0.55,0.55252721058902,alg1,0.1,0.005,0.005,0.09000000000000001,abs_005_005,1000,2000,0.02279882777740233,0.6890452323830372,True,0.6662464046056349,0.6662464046056349,0.3776386695341029,0.43936133046589704,-0.3548398417567006,0.24968390191714016,0.06172266093179413,0.0960237436738407,0.5085000000000001
rep0583,0.36,0.36461157786988,alg1,0.1,0.005,0.005,0.09000000000000001,abs_005_005,1000,2000,0.020464893818178675,0.6676071152974845,True,0.6471422214793059,0.6471422214793059,0.38604409216295477,0.4479559078370452,-0.3655791983447761,0.21965120746043929,0.06191181567409043,0.08123040580521534,0.504
rep0584,0.36,0.3578882772937474,alg1,0.1,0.005,0.005,0.09000000000000001,abs_005_005,1000,2000,0.00879064200841001,0.7425231420548549,True,0.733732500046445,0.733732500046445,0.4292066698589959,0.4917933301410041,-0.4204160278505859,0.2507298119138508,0.06258666028200821,0.09964583976443686,0.5714999999999999
rep0585,0.24,0.2445422485786722,alg1,0.1,0.005,0.005,0.09000000000000001,abs_005_005,1000,2000,0.03324165461400497,0.6462654892714776,True,0.6130238346574727,0.6130238346574727,0.3391966245287671,0.3998033754712329,-0.3059549699147621,0.2464621138002448,0.060606750942465815,0.09391708371500684,0.4585
rep0586,0.59,0.5939722175187477,alg1,0.1,0.005,0.005,0.09000000000000001,abs_005_005,1000,2000,0.35901317997742027,0.9475111077907022,True,0.588497927813282,0.588497927813282,0.7166001812129407,0.7713998187870593,-0.3575870012355204,0.17611128900364292,0.054799637574118654,0.07969829023916342,0.45399999999999996
rep0587,0.51,0.5119910843087874,alg1,0.1,0.005,0.005,0.09000000000000001,abs_005_005,1000,2000,0.32959012344001837,0.8956270747748679,True,0.5660369513348495,0.5660369513348495,0.5961298399344417,0.6568701600655582,-0.2665397164944233,0.23875691470930974,0.06074032013111652,0.0952966312037331,0.4099999999999999
rep0588,0.14,0.14082339519018963,alg1,0.1,0.005,0.005,0.09000000000000001,abs_005_005,1000,2000,0.053982886033932476,0.6231836777501251,True,0.5692007917161925,0.5692007917161925,0.38208741549587055,0.4439125845041294,-0.3281045294619381,0.1792710932459957,0.06182516900825885,0.10237562270793377,0.405
rep0589,0.29,0.2857319512975673,alg1,0.1,0.005,0.005,0.09000000000000001,abs_005_005,1000,2000,0.12311392952118377,0.8025348927900834,True,0.6794209632688997,0.6794209632688997,0.4316946273053349,0.4943053726946651,-0.30858069778415115,0.30822952009541826,0.0626107453893302,0.09581021787956934,0.521
rep0590,0.29,0.2855115380831413,alg1,0.1,0.005,0.005,0.09000000000000001,abs_005_005,1000,2000,-0.15993868846037984,0.3985281919398132,True,0.5584668804001931,0.3985281919398132,0.08851342357700832,0.12748657642299166,-0.24845211203738815,0.27104161551682154,0.038973152845983336,0.08399372755420981,0.43549999999999994
rep0591,0.68,0.6805692535643133,alg1,0.1,0.005,0.005,0.09000000000000001,abs_005_005,1000,2000,0.28911997132610257,0.8157293385917395,True,0.5266093672656369,0.5266093672656369,0.5814062429193244,0.6425937570806756,-0.29228627159322185,0.17313558151106395,0.06118751416135115,0.0909218531042858,0.3745
rep0592,0.90,0.8957370925949865,alg1,0.1,0.005,0.005,0.09000000000000001,abs_005_005,1000,2000,0.6762421784926876,1.2436706973146259,True,0.5674285188219382,0.32375782150731236,1.0,1.0,-0.32375782150731236,0.24367069731462582,0.0,0.0959285188219382,0.4714999999999999
rep0593,0.41,0.41146676632931023,alg1,0.1,0.005,0.005,0.09000000000000001,abs_005_005,1000,2000,0.10617085600713533,0.7588029891992708,True,0.6526321331921354,0.6526321331921354,0.47010870081468936,0.5328912991853105,-0.36393784480755403,0.22591169001396028,0.06278259837062117,0.08934953482151431,0.5005
rep0594,0.24,0.23616052570756335,alg1,0.1,0.005,0.005,0.09000000000000001,abs_005_005,1000,2000,0.011579352013584399,0.46683368648543194,True,0.45525433447184754,0.45525433447184754,0.23874188914083103,0.294258110859169,-0.22716253712724663,0.17257557562626297,0.05551622171833795,0.09373811275350952,0.30600000000000005
rep0595,0.91,0.9071305911747453,alg1,0.1,0.005,0.005,0.09000000000000001,abs_005_005,1000,2000,0.6552227284802477,1.1463598089464435,True,0.49113708046619586,0.34477727151975235,0.8833337298575726,0.9206662701424274,-0.22811100137732504,0.22569353880401619,0.037332540284854776,0.10330454018134122,0.3505
rep0596,0.16,0.1568685661239671,alg1,0.1,0.005,0.005,0.09000000000000001,abs_005_005,1000,2000,-0.19489559561032122,0.3068835880223717,True,0.5017791836326929,0.3068835880223717,0.12476821042933361,0.16923178957066637,-0.31966380603965483,0.1376517984517053,0.044463579141332754,0.09631560449136006,0.36100000000000004
rep0597,0.27,0.27393466907869957,alg1,0.1,0.005,0.005,0.09000000000000001,abs_005_005,1000,2000,-0.01794611606108454,0.523693241788151,True,0.5416393578492356,0.523693241788151,0.281450465490264,0.339549534509736,-0.2993965815513485,0.184143707278415,0.05809906901947204,0.08854028882976345,0.3950000000000001
rep0598,0.54,0.5420283130202336,alg1,0.1,0.005,0.005,0.09000000000000001,abs_005_005,1000,2000,0.26863449828469255,0.8195785543416155,True,0.550944056056923,0.550944056056923,0.5748153045193952,0.6361846954806049,-0.3061808062347027,0.1833938588610107,0.061369390961209636,0.10207466509571334,0.3875
rep0599,0.50,0.5021331271343222,alg1,0.1,0.005,0.005,0.09000000000000001,abs_005_005,1000,2000,0.028878219725887444,0.7152927432335017,True,0.6864145235076142,0.6864145235076142,0.42224460664375535,0.4847553933562447,-0.3933663869178679,0.230537349877257,0.06251078671248933,0.10190373679512488,0.522
rep0600,0.13,0.12998473245606057,alg1,0.1,0.005,0.005,0.09000000000000001,abs_005_005,1000,2000,-0.1954038398861387,0.5071585281927544,True,0.7025623680788932,0.5071585281927544,0.210302064339937,0.26369793566006294,-0.4057059042260757,0.24346059253269153,0.05339587132012594,0.09316649675876731,0.5559999999999999
rep0601,0.13,0.12502403401150727,alg1,0.1,0.005,0.005,0.09000000000000001,abs_005_005,1000,2000,0.0015113027974497095,0.5536663817758307,True,0.552155078978381,0.552155078978381,0.2702567519186526,0.32774324808134736,-0.2687454491212029,0.22592313369448336,0.057486496162694745,0.10566858281568631,0.38899999999999996
rep0602,0.64,0.640248836959821,alg1,0.1,0.005,0.005,0.09000000000000001,abs_005_005,1000,2000,0.43823509905565067,1.0019341954297816,True,0.5636990963741308,0.5617649009443493,0.7093590568134375,0.7646409431865625,-0.2711239577577868,0.23729325224321907,0.05528188637312503,0.10491721000100585,0.40349999999999997
rep0603,0.60,0.5991544039577558,alg1,0.1,0.005,0.005,0.09000000000000001,abs_005_005,1000,2000,0.15035475119582165,0.689037296091288,True,0.5386825448954664,0.5386825448954664,0.42522758611508227,0.48777241388491777,-0.2748728349192606,0.20126488220637034,0.0625448277698355,0.08513771712563095,0.391
rep0604,0.60,0.6047526563157402,alg1,0.1,0.005,0.005,0.09000000000000001,abs_005_005,1000,2000,0.2989364639098406,0.8838598836540295,True,0.5849234197441888,0.5849234197441888,0.5829280406970085,0.6440719593029915,-0.28399157678716797,0.23978792435103796,0.061143918605983005,0.08577950113820598,0.43799999999999994
rep0605,0.45,0.4481679997574964,alg1,0.1,0.005,0.005,0.09000000000000001,abs_005_005,1000,2000,0.11713062375324379,0.7136583687973685,True,0.5965277450441248,0.5965277450441248,0.48011686368725487,0.5428831363127451,-0.3629862399340111,0.17077523248462345,0.06276627262549023,0.09726147241863464,0.43649999999999994
rep0606,0.08,0.0795086777572074,alg1,0.1,0.005,0.005,0.09000000000000001,abs_005_005,1000,2000,-0.21958968843214716,0.18522321865829086,True,0.40481290709043805,0.18522321865829086,0.0,0.0,-0.21958968843214716,0.18522321865829086,0.0,0.08631290709043815,0.3184999999999999
rep0607,0.81,0.8090746309451496,alg1,0.1,0.005,0.005,0.09000000000000001,abs_005_005,1000,2000,0.5784517566481124,1.132368408429254,True,0.5539166517811416,0.42154824335188756,0.906812533472083,0.940187466527917,-0.32836077682397063,0.19218094190133717,0.033374933055833944,0.10554171872530788,0.415
rep0608,0.47,0.46755530354218017,alg1,0.1,0.005,0.005,0.09000000000000001,abs_005_005,1000,2000,0.22812210338123368,0.8341596003269516,True,0.6060374969457178,0.6060374969457178,0.5464879417487185,0.6085120582512815,-0.31836583836748483,0.22564754207567003,0.06202411650256301,0.09601338044315488,0.44799999999999995
rep0609,0.06,0.058461800263415145,alg1,0.1,0.005,0.005,0.09000000000000001,abs_005_005,1000,2000,-0.01834034207054741,0.5404799568162706,True,0.5588202988868181,0.5404799568162706,0.2887620453970106,0.3472379546029894,-0.307102387467558,0.19324200221328114,0.05847590920597878,0.0998443896808392,0.40049999999999997
rep0610,0.66,0.6623647730854072,alg1,0.1,0.005,0.005,0.09000000000000001,abs_005_005,1000,2000,0.3777512148433674,0.8916802887274426,True,0.5139290738840753,0.5139290738840753,0.6369001686821623,0.6960998313178377,-0.2591489538387949,0.1955804574096049,0.05919966263567544,0.08622941124839983,0.36849999999999994
rep0611,0.51,0.5087070800519636,alg1,0.1,0.005,0.005,0.09000000000000001,abs_005_005,1000,2000,0.21233002599573786,0.7950524348077619,True,0.582722408812024,0.582722408812024,0.5363959294034644,0.5986040705965356,-0.3240659034077265,0.19644836421122625,0.062208141193071276,0.0970142676189526,0.4235000000000001
rep0612,0.61,0.609833705874556,alg1,0.1,0.005,0.005,0.09000000000000001,abs_005_005,1000,2000,0.04899366398436594,0.6827213492770996,True,0.6337276852927336,0.6337276852927336,0.4207535461327661,0.4832464538672339,-0.37175988214840017,0.19947489540986568,0.062492907734467806,0.09523477755826587,0.4759999999999999
rep0613,0.37,0.36681183434391906,alg1,0.1,0.005,0.005,0.09000000000000001,abs_005_005,1000,2000,-0.010542937006139785,0.6805627186404679,True,0.6911056556466078,0.6805627186404679,0.30096736059221935,0.3600326394077807,-0.31151029759835913,0.3205300792326872,0.05906527881556134,0.09604037683104627,0.536
rep0614,0.78,0.7760406702648954,alg1,0.1,0.005,0.005,0.09000000000000001,abs_005_005,1000,2000,0.39671825174489656,1.131406564494895,True,0.7346883127499984,0.6032817482551034,0.7701774178750391,0.8208225821249608,-0.3734591661301426,0.310583982369934,0.050645164249921715,0.10204314850007656,0.5820000000000001
rep0615,0.32,0.32458550371632305,alg1,0.1,0.005,0.005,0.09000000000000001,abs_005_005,1000,2000,0.17477180150491312,0.8012734051934087,True,0.6265016036884956,0.6265016036884956,0.4946510295094988,0.5573489704905012,-0.3198792280045857,0.2439244347029075,0.06269794098100245,0.10530366270749325,0.4584999999999999
rep0616,0.38,0.38081427159349795,alg1,0.1,0.005,0.005,0.09000000000000001,abs_005_005,1000,2000,0.21648726862141648,0.8480062892386966,True,0.63151902061728,0.63151902061728,0.5112221667064186,0.5737778332935813,-0.29473489808500214,0.27422845594511525,0.06255566658716272,0.10046335403011725,0.4685000000000001
rep0617,0.79,0.790250279351206,alg1,0.1,0.005,0.005,0.09000000000000001,abs_005_005,1000,2000,0.49803466037067295,0.9973251729045878,True,0.4992905125339148,0.4992905125339148,0.7764577550643392,0.8265422449356608,-0.2784230946936663,0.17078292796892697,0.050084489871321525,0.10570602266259321,0.3435
rep0618,0.81,0.811969262567762,alg1,0.1,0.005,0.005,0.09000000000000001,abs_005_005,1000,2000,0.4714785513052283,1.1413597969734792,True,0.6698812456682509,0.5285214486947717,0.78904546344268,0.83795453655732,-0.3175669121374517,0.3034052604161591,0.04890907311463999,0.09497217255361068,0.5260000000000001
rep0619,0.26,0.26239769985805894,alg1,0.1,0.005,0.005,0.09000000000000001,abs_005_005,1000,2000,0.10616438180021648,0.6366530754706783,True,0.5304886936704618,0.5304886936704618,0.38109857471002995,0.44290142528997,-0.27493419290981347,0.19375165018070822,0.06180285057994006,0.10518584309052176,0.36349999999999993
rep0620,0.47,0.4718778798485914,alg1,0.1,0.005,0.005,0.09000000000000001,abs_005_005,1000,2000,0.11576208329053822,0.7547013445650146,True,0.6389392612744764,0.6389392612744764,0.4751112122416882,0.5378887877583117,-0.35934912895114995,0.2168125568067028,0.06277757551662355,0.10516168575785279,0.471
rep0621,0.44,0.43636423997616214,alg1,0.1,0.005,0.005,0.09000000000000001,abs_005_005,1000,2000,0.02188708752079238,0.729115601416744,True,0.7072285138959516,0.7072285138959516,0.39891771804241316,0.4610822819575868,-0.3770306305216208,0.2680333194591572,0.062164563915173665,0.09906394998077794,0.546
rep0622,0.20,0.20476096634931776,alg1,0.1,0.005,0.005,0.09000000000000001,abs_005_005,1000,2000,-0.11442416676478018,0.4507883904078575,True,0.5652125571726376,0.4507883904078575,0.1696495752999313,0.2193504247000687,-0.2840737420647115,0.2314379657077888,0.049700849400137415,0.10601170777250019,0.40950000000000003
rep0623,0.31,0.30606562076902893,alg1,0.1,0.005,0.005,0.09000000000000001,abs_005_005,1000,2000,0.06129988419787452,0.6213067590975185,True,0.5600068748996441,0.5600068748996441,0.4103241586435021,0.47267584135649793,-0.34902427444562756,0.1486309177410206,0.06235168271299585,0.10615519218664815,0.3915
rep0624,0.35,0.34572132256660687,alg1,0.1,0.005,0.005,0.09000000000000001,abs_005_005,1000,2000,-0.065817185403584,0.5141358061810564,True,0.5799529915846404,0.5141358061810564,0.2780414344698104,0.3359585655301896,-0.3438586198733944,0.17817724065086682,0.05791713106037921,0.10103586052426128,0.42099999999999993
rep0625,0.39,0.39367772927381633,alg1,0.1,0.005,0.005,0.09000000000000001,abs_005_005,1000,2000,-0.05132208084608303,0.6066740619747046,True,0.6579961428207877,0.6066740619747046,0.39346850125821037,0.4555314987417896,-0.4447905821042934,0.15114256323291506,0.06206299748357924,0.10293314533720838,0.49300000000000005
rep0626,0.41,0.41492438643787577,alg1,0.1,0.005,0.005,0.09000000000000001,abs_005_005,1000,2000,-0.055688618362754294,0.7002127005451895,True,0.7559013189079438,0.7002127005451895,0.327410440547034,0.38758955945296597,-0.3830990589097883,0.31262314109222344,0.06017911890593197,0.10422220000201166,0.5915000000000001
rep0627,0.31,0.31257351511226816,alg1,0.1,0.005,0.005,0.09000000000000001,abs_005_005,1000,2000,0.13901600071361447,0.7212605248187891,True,0.5822445241051746,0.5822445241051746,0.42721687423686266,0.4897831257631374,-0.2882008735232482,0.23147739905565173,0.06256625152627471,0.09117827257889999,0.4285
rep0628,0.82,0.8190252259712505,alg1,0.1,0.005,0.005,0.09000000000000001,abs_005_005,1000,2000,0.6079219259166718,1.115825696259779,True,0.5079037703431072,0.3920780740833282,0.8692778794073356,0.9087221205926644,-0.26135595349066376,0.20710357566711457,0.039444241185328854,0.08295952915777832,0.3855
rep0629,0.61,0.6114223063029015,alg1,0.1,0.005,0.005,0.09000000000000001,abs_005_005,1000,2000,0.23976697639369177,0.9391459366664555,True,0.6993789602727638,0.6993789602727638,0.549518079532449,0.611481920467551,-0.30975110313875726,0.3276640161989045,0.06196384093510199,0.09691511933766173,0.5405000000000001
rep0630,0.47,0.46574380274058796,alg1,0.1,0.005,0.005,0.09000000000000001,abs_005_005,1000,2000,0.30878949498329805,0.7386449711365481,True,0.4298554761532501,0.4298554761532501,0.5152446066437553,0.5777553933562447,-0.2064551116604572,0.1608895777803035,0.06251078671248944,0.09434468944076069,0.273
rep0631,0.42,0.4168418952476526,alg1,0.1,0.005,0.005,0.09000000000000001,abs_005_005,1000,2000,0.13155038376451644,0.6986701492354224,True,0.5671197654709059,0.5671197654709059,0.43269003189187794,0.4953099681081221,-0.3011396481273615,0.2033601811273002,0.06261993621624418,0.08549982925466171,0.41899999999999993
rep0632,0.56,0.5642405624687724,alg1,0.1,0.005,0.005,0.09000000000000001,abs_005_005,1000,2000,0.5131698961241835,1.088467371993636,True,0.5752974758694525,0.4868301038758165,0.8106397057204886,0.8573602942795113,-0.29746980959630503,0.2311070777141247,0.046720588559022724,0.1060768873104298,0.42249999999999993
rep0633,0.32,0.32059734318177824,alg1,0.1,0.005,0.005,0.09000000000000001,abs_005_005,1000,2000,0.0449785024789876,0.6354620338782935,True,0.5904835313993059,0.5904835313993059,0.39297331259811824,0.45502668740188174,-0.34799481011913064,0.18043534647641177,0.062053374803763495,0.10243015659554244,0.42599999999999993
rep0634,0.45,0.4494167669884945,alg1,0.1,0.005,0.005,0.09000000000000001,abs_005_005,1000,2000,0.24413336207363223,0.810057970320826,True,0.5659246082471938,0.5659246082471938,0.526820476467146,0.5891795235328541,-0.2826871143935138,0.220878446787972,0.06235904706570805,0.09506556118148579,0.4085
rep0635,0.42,0.4171584895969967,alg1,0.1,0.005,0.005,0.09000000000000001,abs_005_005,1000,2000,0.06067852205271412,0.6813803660769384,True,0.6207018440242242,0.6207018440242242,0.3722049489222777,0.43379505107772237,-0.31152642686956356,0.24758531499921604,0.06159010215544469,0.09761174186877974,0.4614999999999999
rep0636,0.25,0.2531301096110303,alg1,0.1,0.005,0.005,0.09000000000000001,abs_005_005,1000,2000,-0.13153169546876783,0.47413652206183754,True,0.6056682175306054,0.47413652206183754,0.21703520946190338,0.2709647905380966,-0.3485669049306712,0.20317173152374096,0.053929581076193195,0.09773863645441216,0.45399999999999996
rep0637,0.88,0.8792689425778458,alg1,0.1,0.005,0.005,0.09000000000000001,abs_005_005,1000,2000,0.7071972348645662,1.218306142270088,True,0.5111089074055218,0.2928027651354338,0.9139811352561144,0.9460188647438857,-0.20678390039154815,0.2722872775262023,0.032037729487771394,0.1010711779177505,0.37799999999999995
rep0638,0.80,0.7984768448122922,alg1,0.1,0.005,0.005,0.09000000000000001,abs_005_005,1000,2000,0.4895704647765359,1.002333796277719,True,0.5127633315011831,0.5104295352234641,0.8074719949710677,0.8545280050289322,-0.3179015301945318,0.14780579124878673,0.04705601005786453,0.09620732144331862,0.36949999999999994
rep0639,0.85,0.8486004041262027,alg1,0.1,0.005,0.005,0.09000000000000001,abs_005_005,1000,2000,0.6436342285196085,1.1456946636894432,True,0.5020604351698347,0.3563657714803915,0.9488455520689391,0.9731544479310609,-0.30521132354933056,0.17254021575838227,0.024308895862121815,0.09575153930771285,0.382
rep0640,0.39,0.3851373885412998,alg1,0.1,0.005,0.005,0.09000000000000001,abs_005_005,1000,2000,0.026103412215985833,0.5192419001755814,True,0.49313848795959553,0.49313848795959553,0.3122170823985488,0.37178291760145127,-0.28611367018256295,0.1474589825741301,0.059565835202902484,0.09357265275669313,0.3399999999999999
rep0641,0.59,0.5914541300664489,alg1,0.1,0.005,0.005,0.09000000000000001,abs_005_005,1000,2000,0.20074074368820843,0.7822321001777298,True,0.5814913564895214,0.5814913564895214,0.5288353975019042,0.5911646024980959,-0.3280946538136958,0.19106749767963396,0.062329204996191656,0.08716215149332984,0.43199999999999994
rep0642,0.64,0.635516605025901,alg1,0.1,0.005,0.005,0.09000000000000001,abs_005_005,1000,2000,0.5945669494800963,1.119245139207993,True,0.5246781897278967,0.40543305051990375,0.8671233920459601,0.9068766079540399,-0.27255644256586387,0.21236853125395294,0.039753215908079786,0.09892497381981691,0.3859999999999999
rep0643,0.60,0.5989367021783024,alg1,0.1,0.005,0.005,0.09000000000000001,abs_005_005,1000,2000,0.3666411266335,1.0169097990178453,True,0.6502686723843453,0.6333588733665,0.7000622528923508,0.7559377471076492,-0.3334211262588508,0.26097205191019607,0.05587549421529836,0.09339317816904669,0.5010000000000001
rep0644,0.54,0.5417266321103141,alg1,0.1,0.005,0.005,0.09000000000000001,abs_005_005,1000,2000,0.4337536448178819,0.9061410861123548,True,0.47238744129447285,0.47238744129447285,0.6461058255463109,0.7048941744536891,-0.21235218072842899,0.2012469116586657,0.05878834890737816,0.09659909238709463,0.31700000000000006
rep0645,0.83,0.830101746507834,alg1,0.1,0.005,0.005,0.09000000000000001,abs_005_005,1000,2000,0.6687281137434368,1.2543046617973488,True,0.585576548053912,0.33127188625656323,0.943693561867285,0.969306438132715,-0.27496544812384827,0.2849982236646337,0.025612876265429962,0.09096367178848186,0.4690000000000001
rep0646,0.72,0.7190690865093518,alg1,0.1,0.005,0.005,0.09000000000000001,abs_005_005,1000,2000,0.4209749569199499,0.9461792595298021,True,0.5252043026098522,0.5252043026098522,0.6517375868581403,0.7102624131418598,-0.23076262993819044,0.2359168463879423,0.05852482628371947,0.09917947632613267,0.36750000000000005
rep0647,0.28,0.28187237136063,alg1,0.1,0.005,0.005,0.09000000000000001,abs_005_005,1000,2000,-0.16981440613006912,0.44374383485908736,True,0.6135582409891565,0.44374383485908736,0.15351120836911866,0.20148879163088132,-0.3233256144991878,0.24225504322820604,0.04797758326176266,0.09658065772739388,0.469
rep0648,0.07,0.07423100775724908,alg1,0.1,0.005,0.005,0.09000000000000001,abs_005_005,1000,2000,-0.24969785834159292,0.44170755130647377,True,0.6914054096480666,0.44170755130647377,0.11074857443083151,0.1532514255691685,-0.36044643277242444,0.2884561257373053,0.042502851138336975,0.08990255850972972,0.5589999999999999
rep0649,0.63,0.628180716912371,alg1,0.1,0.005,0.005,0.09000000000000001,abs_005_005,1000,2000,0.2145235825539104,0.8809486135698015,True,0.666425031015891,0.666425031015891,0.5819134749016186,0.6430865250983815,-0.3673898923477082,0.23786208847142004,0.06117305019676289,0.09775198081912817,0.5075000000000001
rep0650,0.63,0.634384654469708,alg1,0.1,0.005,0.005,0.09000000000000001,abs_005_005,1000,2000,0.4688093512229899,0.9551169423645182,True,0.4863075911415283,0.4863075911415283,0.7316293853842275,0.7853706146157724,-0.2628200341612376,0.1697463277487458,0.053741229231544896,0.09606636190998341,0.3365
rep0651,0.45,0.45319449808014894,alg1,0.1,0.005,0.005,0.09000000000000001,abs_005_005,1000,2000,-0.10042053623182384,0.5658842453209703,True,0.666304781552794,0.5658842453209703,0.3357568925983201,0.3962431074016799,-0.43617742883014393,0.16964113791929036,0.060486214803359806,0.10381856674943424,0.502
rep0652,0.44,0.44043978579245635,alg1,0.1,0.005,0.005,0.09000000000000001,abs_005_005,1000,2000,0.11447371617420762,0.6347928752467993,True,0.5203191590725916,0.5203191590725916,0.35642074081944797,0.41757925918055205,-0.24194702464524034,0.21721361606624726,0.061158518361104086,0.10716064071148762,0.352
rep0653,0.41,0.4149109690860978,alg1,0.1,0.005,0.005,0.09000000000000001,abs_005_005,1000,2000,0.3420547820796934,0.8398185255976198,True,0.4977637435179264,0.4977637435179264,0.5313547707303193,0.5936452292696807,-0.1892999886506259,0.24617329632793913,0.062290458539361326,0.08947328497856505,0.346
rep0654,0.50,0.49949569016094303,alg1,0.1,0.005,0.005,0.09000000000000001,abs_005_005,1000,2000,0.30618395927390274,0.9021005805101483,True,0.5959166212362456,0.5959166212362456,0.5743085451693148,0.6356914548306851,-0.2681245858954121,0.2664091256794632,0.06138290966137028,0.10103371157487528,0.4335
rep0655,0.29,0.2854596404029002,alg1,0.1,0.005,0.005,0.09000000000000001,abs_005_005,1000,2000,0.07408092671309063,0.6625316928297962,True,0.5884507661167055,0.5884507661167055,0.3865388242330144,0.4484611757669856,-0.31245789751992376,0.21407051706281055,0.06192235153397119,0.1030284145827342,0.42350000000000004
rep0656,0.49,0.4882524133456352,alg1,0.1,0.005,0.005,0.09000000000000001,abs_005_005,1000,2000,0.32022399255224543,0.9566208591228994,True,0.636396866570654,0.636396866570654,0.6338343247628427,0.6931656752371572,-0.3136103322105973,0.2634551838857422,0.05933135047431448,0.08456551609633944,0.49250000000000005
rep0657,0.29,0.2879795746117501,alg1,0.1,0.005,0.005,0.09000000000000001,abs_005_005,1000,2000,-0.22495848409358923,0.5211301295737886,True,0.7460886136673778,0.5211301295737886,0.23632535167927401,0.29167464832072604,-0.46128383577286325,0.2294554812530625,0.05534929664145202,0.09623931702592581,0.5944999999999999
rep0658,0.16,0.15814258074432144,alg1,0.1,0.005,0.005,0.09000000000000001,abs_005_005,1000,2000,-0.09221740814433135,0.4466766664537187,True,0.53889407459805,0.4466766664537187,0.22136880460419175,0.2756311953958082,-0.3135862127485231,0.17104547105791046,0.05426239079161646,0.0821316838064336,0.40249999999999997
rep0659,0.33,0.3308168158198044,alg1,0.1,0.005,0.005,0.09000000000000001,abs_005_005,1000,2000,0.033259151559271394,0.5918585494773824,True,0.558599397918111,0.558599397918111,0.2902254157437464,0.34877458425625363,-0.256966264184475,0.24308396522112874,0.058549168512507244,0.10105022940560376,0.39899999999999997
rep0660,0.84,0.8414857095486005,alg1,0.1,0.005,0.005,0.09000000000000001,abs_005_005,1000,2000,0.7251460964737804,1.2108960538382145,True,0.48574995736443416,0.27485390352621963,0.9850707560094395,0.9969292439905605,-0.25992465953565913,0.21396680984765398,0.011858487981120991,0.10039146938331317,0.37349999999999994
rep0661,0.49,0.4858396125606992,alg1,0.1,0.005,0.005,0.09000000000000001,abs_005_005,1000,2000,0.25838915809925783,0.8543672978743532,True,0.5959781397750954,0.5959781397750954,0.5803918806652364,0.6416081193347636,-0.32200272256597856,0.21275917853958962,0.06121623866952719,0.09176190110556814,0.44300000000000006
rep0662,0.28,0.2766584649431424,alg1,0.1,0.005,0.005,0.09000000000000001,abs_005_005,1000,2000,-0.07691764977342491,0.5029597665873127,True,0.5798774163607376,0.5029597665873127,0.23487597831128437,0.29012402168871565,-0.3117936280847093,0.21283574489859702,0.05524804337743128,0.10462937298330632,0.41999999999999993
rep0663,0.18,0.1819360935009027,alg1,0.1,0.005,0.005,0.09000000000000001,abs_005_005,1000,2000,0.11492508274816132,0.7190117958087936,True,0.6040867130606322,0.6040867130606322,0.4118132082108285,0.4741867917891715,-0.2968881254626672,0.24482500401962207,0.062373583578342995,0.09171312948228916,0.45000000000000007
rep0664,0.38,0.38299670627741383,alg1,0.1,0.005,0.005,0.09000000000000001,abs_005_005,1000,2000,0.07286387010364709,0.6764221007891554,True,0.6035582306855083,0.6035582306855083,0.39445897605294405,0.4565410239470559,-0.32159510594929697,0.21988107684209954,0.06208204789411187,0.09197618279139652,0.4495
rep0665,0.67,0.6699674075673208,alg1,0.1,0.005,0.005,0.09000000000000001,abs_005_005,1000,2000,0.3697425748515111,0.9004935701532676,True,0.5307509953017565,0.5307509953017565,0.6323019054906867,0.6916980945093134,-0.2625593306391756,0.20879547564395418,0.059396189018626755,0.10435480628312965,0.3670000000000001
rep0666,0.51,0.5083358063154882,alg1,0.1,0.005,0.005,0.09000000000000001,abs_005_005,1000,2000,0.2138629889813396,0.7246532017469769,True,0.5107902127656373,0.5107902127656373,0.47661257791445844,0.5393874220855416,-0.26274958893311884,0.18526577966143537,0.06277484417108314,0.10401536859455424,0.344
rep0667,0.60,0.6020300693324006,alg1,0.1,0.005,0.005,0.09000000000000001,abs_005_005,1000,2000,0.2437509591298117,0.9045016743488568,True,0.660750715219045,0.660750715219045,0.5946053684837199,0.6553946315162801,-0.3508544093539082,0.24910704283257662,0.06078926303256016,0.09746145218648483,0.5025000000000001
rep0668,0.86,0.8597838880732807,alg1,0.1,0.005,0.005,0.09000000000000001,abs_005_005,1000,2000,0.45301940752990316,1.0866202666109401,True,0.6336008590810369,0.5469805924700968,0.9035161282818651,0.9374838717181349,-0.45049672075196195,0.14913639489280522,0.03396774343626974,0.09863311564476729,0.5009999999999999
rep0669,0.36,0.35731394286942286,alg1,0.1,0.005,0.005,0.09000000000000001,abs_005_005,1000,2000,0.29332446517382066,0.9212269745004473,True,0.6279025093266266,0.6279025093266266,0.5874952718430843,0.6485047281569157,-0.2941708066692636,0.2727222463435316,0.06100945631383148,0.0863930530127952,0.4804999999999999
rep0670,0.20,0.1962266302355978,alg1,0.1,0.005,0.005,0.09000000000000001,abs_005_005,1000,2000,0.010831798295478368,0.4312526582115881,True,0.4204208599161097,0.4204208599161097,0.26685423126281854,0.32414576873718143,-0.2560224329673402,0.10710688947440666,0.057291537474362886,0.10612932244174694,0.2569999999999999
rep0671,0.50,0.49682018352700374,alg1,0.1,0.005,0.005,0.09000000000000001,abs_005_005,1000,2000,0.4069428348985208,0.9511955167291093,True,0.5442526818305885,0.5442526818305885,0.6466176117415047,0.7053823882584954,-0.2396747768429839,0.24581312847061393,0.05876477651699075,0.09998790531359786,0.3855
rep0672,0.69,0.6892868730555781,alg1,0.1,0.005,0.005,0.09000000000000001,abs_005_005,1000,2000,0.4727839598916432,1.009264597843197,True,0.5364806379515539,0.5272160401083568,0.8355534763861006,0.8794465236138995,-0.3627695164944574,0.12981807422929753,0.043893047227798965,0.08258759072375488,0.41000000000000003
rep0673,0.53,0.5254793729407189,alg1,0.1,0.005,0.005,0.09000000000000001,abs_005_005,1000,2000,0.1943632297758019,0.6690611316482402,True,0.4746979018724383,0.4746979018724383,0.46161163606480987,0.5243883639351901,-0.267248406289008,0.14467276771305015,0.06277672787038019,0.10592117400205808,0.30600000000000005
rep0674,0.67,0.6695377226521729,alg1,0.1,0.005,0.005,0.09000000000000001,abs_005_005,1000,2000,0.39957485801987264,0.9752131094136441,True,0.5756382513937714,0.5756382513937714,0.7160826540939189,0.7709173459060812,-0.3165077960740463,0.20429576350756296,0.05483469181216227,0.10080355958160925,0.41999999999999993
rep0675,0.46,0.4632691092459867,alg1,0.1,0.005,0.005,0.09000000000000001,abs_005_005,1000,2000,0.2615347686830822,0.8390922985725656,True,0.5775575298894835,0.5775575298894835,0.5753220974803386,0.6366779025196614,-0.3137873287972564,0.20241439605290426,0.06135580503932281,0.1002017248501606,0.4160000000000001
rep0676,0.57,0.5697577821462855,alg1,0.1,0.005,0.005,0.09000000000000001,abs_005_005,1000,2000,0.311078216496863,0.9898371896112421,True,0.678758973114379,0.678758973114379,0.616486253244898,0.6765137467551019,-0.305408036748035,0.3133234428561402,0.060027493510203866,0.09023147960417521,0.5285
rep0677,0.65,0.6464032465274445,alg1,0.1,0.005,0.005,0.09000000000000001,abs_005_005,1000,2000,0.3969886446530199,0.8828311341192286,True,0.4858424894662087,0.4858424894662087,0.6491771178617746,0.7078228821382254,-0.25218847320875465,0.1750082519810032,0.05864576427645085,0.08769672518975768,0.33950000000000014
rep0678,0.38,0.381704180917303,alg1,0.1,0.005,0.005,0.09000000000000001,abs_005_005,1000,2000,-0.08875655271354904,0.6006545049275618,True,0.6894110576411108,0.6006545049275618,0.2907132833348797,0.3492867166651203,-0.37946983604842877,0.25136778826244144,0.058573433330240565,0.09733762431087034,0.5334999999999999
rep0679,0.61,0.6139353443163895,alg1,0.1,0.005,0.005,0.09000000000000001,abs_005_005,1000,2000,0.2907892916030873,0.9030242960426532,True,0.6122350044395659,0.6122350044395659,0.6702019503720724,0.7277980496279275,-0.3794126587689851,0.17522624641472573,0.05759609925585507,0.09913890518371077,0.45550000000000007
rep0680,0.60,0.599416591637384,alg1,0.1,0.005,0.005,0.09000000000000001,abs_005_005,1000,2000,0.3240769394143832,0.927366302297781,True,0.6032893628833979,0.6032893628833979,0.6068099196551068,0.6671900803448932,-0.2827329802407236,0.2601762219528878,0.060380160689786466,0.08490920219361131,0.4580000000000001
rep0681,0.61,0.6120391767699129,alg1,0.1,0.005,0.005,0.09000000000000001,abs_005_005,1000,2000,0.29785506388792393,0.857025571408306,True,0.5591705075203821,0.5591705075203821,0.6271962449807604,0.6868037550192396,-0.3293411810928365,0.1702218163890664,0.059607510038479194,0.09556299748190289,0.404
rep0682,0.21,0.20524372314526954,alg1,0.1,0.005,0.005,0.09000000000000001,abs_005_005,1000,2000,-0.02900350344296243,0.5327008329367676,True,0.56170433637973,0.5327008329367676,0.2848614375527869,0.3431385624472131,-0.31386494099574935,0.18956227048955457,0.05827712489442616,0.10492721148530393,0.39849999999999997
rep0683,0.50,0.49551393879539885,alg1,0.1,0.005,0.005,0.09000000000000001,abs_005_005,1000,2000,0.2957854561034358,0.9279238492485447,True,0.6321383931451088,0.6321383931451088,0.5758289240744774,0.6371710759255227,-0.28004346797104157,0.290752773323022,0.0613421518510453,0.08779624129406355,0.48300000000000004
rep0684,0.15,0.14799688249000248,alg1,0.1,0.005,0.005,0.09000000000000001,abs_005_005,1000,2000,-0.10776366102202273,0.3372426304978794,True,0.4450062915199021,0.3372426304978794,0.14641669069406027,0.19358330930593975,-0.254180351716083,0.1436593211919396,0.047166618611879485,0.09833967290802248,0.2995000000000001
rep0685,0.25,0.25374061711051393,alg1,0.1,0.005,0.005,0.09000000000000001,abs_005_005,1000,2000,-0.0527243855361072,0.47315886916699623,True,0.5258832547031034,0.47315886916699623,0.2016599064064562,0.2543400935935438,-0.2543842919425634,0.2188187755734524,0.05268018718708761,0.10670306751601583,0.3665
rep0686,0.58,0.5762415075030807,alg1,0.1,0.005,0.005,0.09000000000000001,abs_005_005,1000,2000,0.33635792467003695,0.942152155019748,True,0.605794230349711,0.605794230349711,0.6113918444923729,0.671608155507627,-0.275033919822336,0.27054399951212105,0.06021631101525404,0.08707791933445697,0.4585
rep0687,0.47,0.4738166731340248,alg1,0.1,0.005,0.005,0.09000000000000001,abs_005_005,1000,2000,0.2599576890894877,0.8416261798356692,True,0.5816684907461815,0.5816684907461815,0.5636743247433105,0.6253256752566896,-0.3037166356538228,0.21630050457897965,0.06165135051337911,0.1055171402328024,0.41450000000000004
rep0688,0.51,0.5114671157047247,alg1,0.1,0.005,0.005,0.09000000000000001,abs_005_005,1000,2000,0.060684232554293505,0.6575743042452141,True,0.5968900716909207,0.5968900716909207,0.4536226888809052,0.5163773111190948,-0.3929384563266117,0.14119699312611933,0.06275462223818962,0.10563544945273101,0.42850000000000005
rep0689,0.04,0.035133814196115686,alg1,0.1,0.005,0.005,0.09000000000000001,abs_005_005,1000,2000,0.08074736675845723,0.5258868881965031,False,0.44513952143804586,0.44513952143804586,0.3249575550547195,0.38504244494528045,-0.2442101882962623,0.1408444432512226,0.06008488989056093,0.1000546315474849,0.285
rep0690,0.32,0.321154014109585,alg1,0.1,0.005,0.005,0.09000000000000001,abs_005_005,1000,2000,-0.011518273199380757,0.5562316037771189,True,0.5677498769764997,0.5562316037771189,0.2887620453970106,0.3472379546029894,-0.30028031859639137,0.2089936491741295,0.05847590920597878,0.09177396777052094,0.4175
rep0691,0.14,0.13555251647644306,alg1,0.1,0.005,0.005,0.09000000000000001,abs_005_005,1000,2000,-0.0845339488553806,0.5477629579595855,True,0.6322969068149661,0.5477629579595855,0.2281177555385134,0.28288224446148663,-0.312651704393894,0.26488071349809883,0.054764488922973226,0.09903241789199291,0.4784999999999999
rep0692,0.49,0.4900656986391382,alg1,0.1,0.005,0.005,0.09000000000000001,abs_005_005,1000,2000,0.26681687260357856,0.8086003519055768,True,0.5417834793019982,0.5417834793019982,0.5102168742368626,0.5727831257631374,-0.24340000163328399,0.2358172261424394,0.06256625152627482,0.0997172277757234,0.3795
rep0693,0.38,0.3793630417094126,alg1,0.1,0.005,0.005,0.09000000000000001,abs_005_005,1000,2000,0.15510643783883055,0.7341140843954828,True,0.5790076465566523,0.5790076465566523,0.42373595338372866,0.4862640466162714,-0.2686295155448981,0.24785003777921139,0.06252809323254271,0.09997955332410957,0.4165
rep0694,0.56,0.5589248503985509,alg1,0.1,0.005,0.005,0.09000000000000001,abs_005_005,1000,2000,0.18922487412013383,0.7825831276262343,True,0.5933582535061004,0.5933582535061004,0.5859725544889236,0.6470274455110765,-0.39674768036878977,0.13555568211515773,0.06105489102215289,0.10480336248394756,0.42749999999999994
rep0695,0.34,0.3392601427470871,alg1,0.1,0.005,0.005,0.09000000000000001,abs_005_005,1000,2000,-0.13321039942767715,0.4785993515521204,True,0.6118097509797975,0.4785993515521204,0.2508414054764772,0.30715859452352284,-0.38405180490415436,0.17144075702859754,0.056317189047045635,0.0924925619327519,0.46299999999999997
rep0696,0.37,0.37497989849424296,alg1,0.1,0.005,0.005,0.09000000000000001,abs_005_005,1000,2000,-0.04676088446778609,0.4988464093237441,True,0.5456072937915302,0.4988464093237441,0.2532646077134703,0.30973539228652963,-0.3000254921812564,0.18911101703721445,0.05647078457305932,0.08013650921847093,0.4089999999999999
rep0697,0.51,0.5138505617404521,alg1,0.1,0.005,0.005,0.09000000000000001,abs_005_005,1000,2000,0.2756162168799406,0.8977625309355158,True,0.6221463140555752,0.6221463140555752,0.5157475546582376,0.5782524453417625,-0.24013133777829704,0.3195100855937534,0.06250489068352483,0.0981414233720504,0.46149999999999997
rep0698,0.49,0.48808821982515055,alg1,0.1,0.005,0.005,0.09000000000000001,abs_005_005,1000,2000,0.09346666310353097,0.6794993083560816,True,0.5860326452525506,0.5860326452525506,0.4023874399293123,0.4646125600706877,-0.30892077682578134,0.21488674828539395,0.06222512014137538,0.0973075251111753,0.42650000000000005
rep0699,0.74,0.737624141085637,alg1,0.1,0.005,0.005,0.09000000000000001,abs_005_005,1000,2000,0.4557253292732624,1.0583500123311227,True,0.6026246830578603,0.5442746707267376,0.7550349708507226,0.8069650291492775,-0.29930964157746015,0.2513849831818453,0.051930058298554904,0.1046946247593053,0.4460000000000001
rep0700,0.09,0.08784335363432007,alg1,0.1,0.005,0.005,0.09000000000000001,abs_005_005,1000,2000,-0.23607831966128376,0.26832720648985253,True,0.5044055261511363,0.26832720648985253,0.06930558311262161,0.10469441688737838,-0.30538390277390537,0.16363278960247418,0.03538883377475677,0.09851669237637961,0.37049999999999994
rep0701,0.23,0.22824436689619965,alg1,0.1,0.005,0.005,0.09000000000000001,abs_005_005,1000,2000,-0.16062323244229124,0.5344518145276941,True,0.6950750469699853,0.5344518145276941,0.21270562642137494,0.26629437357862507,-0.3733288588636662,0.268157440949069,0.05358874715725012,0.09898629981273521,0.5425
rep0702,0.79,0.7916799561732202,alg1,0.1,0.005,0.005,0.09000000000000001,abs_005_005,1000,2000,0.581674710819587,1.2076015789212644,True,0.6259268681016774,0.418325289180413,0.8730531356580481,0.9119468643419518,-0.29137842483846105,0.2956547145793125,0.03889372868390373,0.10253313941777348,0.4845000000000001
rep0703,0.72,0.7159597687993551,alg1,0.1,0.005,0.005,0.09000000000000001,abs_005_005,1000,2000,0.38756693232694506,0.9951599600718184,True,0.6075930277448733,0.6075930277448733,0.6912951969108841,0.7477048030891159,-0.3037282645839391,0.24745515698270246,0.056409606178231764,0.10168342156664145,0.4495000000000001
rep0704,0.24,0.2433457414922106,alg1,0.1,0.005,0.005,0.09000000000000001,abs_005_005,1000,2000,0.011953682026019957,0.568072487754033,True,0.556118805728013,0.556118805728013,0.2310130158809105,0.2859869841190895,-0.21905933385489054,0.28208550363494345,0.054973968238179016,0.104644837489834,0.39649999999999996
rep0705,0.73,0.7259717934097802,alg1,0.1,0.005,0.005,0.09000000000000001,abs_005_005,1000,2000,0.35467781304262785,1.0037937176883651,True,0.6491159046457373,0.6453221869573722,0.6655810198973708,0.7234189801026292,-0.310903206854743,0.28037473758573606,0.05783796020525833,0.09377794444047893,0.49750000000000005
rep0706,0.33,0.3288119907847241,alg1,0.1,0.005,0.005,0.09000000000000001,abs_005_005,1000,2000,0.06635304047377677,0.6074259948958343,True,0.5410729544220575,0.5410729544220575,0.35740624291932444,0.4185937570806756,-0.29105320244554767,0.18883223781515868,0.06118751416135115,0.07538544026070637,0.40449999999999997
rep0707,0.36,0.36157900634283197,alg1,0.1,0.005,0.005,0.09000000000000001,abs_005_005,1000,2000,-0.09946692071935231,0.545334797663332,True,0.6448017183826844,0.545334797663332,0.2887620453970106,0.3472379546029894,-0.38822896611636293,0.19809684306034264,0.05847590920597878,0.09482580917670569,0.49149999999999994
rep0708,0.58,0.5817658237164358,alg1,0.1,0.005,0.005,0.09000000000000001,abs_005_005,1000,2000,0.1233880305001378,0.7911036457907852,True,0.6677156152906474,0.6677156152906474,0.4316946273053349,0.4943053726946651,-0.3083065968051971,0.29679827309612,0.0626107453893302,0.10160486990131701,0.5035000000000001
rep0709,0.86,0.8602526850021784,alg1,0.1,0.005,0.005,0.09000000000000001,abs_005_005,1000,2000,0.5605079130113229,1.1104076605923132,True,0.5498997475809904,0.43949208698867714,0.8953055831126217,0.9306944168873784,-0.33479767010129874,0.1797132437049347,0.03538883377475677,0.09551091380623339,0.419
rep0710,0.71,0.714066617435744,alg1,0.1,0.005,0.005,0.09000000000000001,abs_005_005,1000,2000,0.4112622143002473,0.9290453413077522,True,0.5177831270075048,0.5177831270075048,0.712978477683686,0.768021522316314,-0.30171626338343877,0.16102381899143817,0.05504304463262799,0.09224008237487691,0.37050000000000005
rep0711,0.24,0.24175158542979483,alg1,0.1,0.005,0.005,0.09000000000000001,abs_005_005,1000,2000,-0.02857703960841662,0.6880314960155476,True,0.7166085356239642,0.6880314960155476,0.38901297503000876,0.4509870249699912,-0.4175900146384254,0.23704447104555643,0.061974049939982456,0.10313448568398176,0.5515000000000001
rep0712,0.46,0.4564952417546153,alg1,0.1,0.005,0.005,0.09000000000000001,abs_005_005,1000,2000,0.15278132111847448,0.6883550551821191,True,0.5355737340636446,0.5355737340636446,0.4346812206567642,0.4973187793432359,-0.2818998995382897,0.19103627583888333,0.0626375586864717,0.10543617537717309,0.36749999999999994
rep0713,0.31,0.31094655298240614,alg1,0.1,0.005,0.005,0.09000000000000001,abs_005_005,1000,2000,0.08878332363724567,0.7315340754811979,True,0.6427507518439521,0.6427507518439521,0.4207535461327661,0.4832464538672339,-0.33197022249552044,0.24828762161396398,0.062492907734467806,0.08825784410948445,0.492
rep0714,0.42,0.42224281977971795,alg1,0.1,0.005,0.005,0.09000000000000001,abs_005_005,1000,2000,-0.08474823464587722,0.5151811506615789,True,0.5999293853074561,0.5151811506615789,0.26442509750113974,0.3215749024988602,-0.34917333214701696,0.19360624816271868,0.05714980499772049,0.10227958030973566,0.44049999999999995
rep0715,0.36,0.3621149722632049,alg1,0.1,0.005,0.005,0.09000000000000001,abs_005_005,1000,2000,0.08467938947253756,0.6825972003375116,True,0.5979178108649741,0.5979178108649741,0.34706527401502557,0.40793472598497443,-0.262385884542488,0.27466247435253716,0.06086945196994886,0.10354835889502528,0.43349999999999994
rep0716,0.34,0.3413958520892463,alg1,0.1,0.005,0.005,0.09000000000000001,abs_005_005,1000,2000,0.0221039511075794,0.5897328994127805,True,0.567628948305201,0.567628948305201,0.33280991965510676,0.3931900803448932,-0.31070596854752736,0.19654281906788726,0.060380160689786466,0.09224878761541455,0.41500000000000004
rep0717,0.44,0.4415860096902311,alg1,0.1,0.005,0.005,0.09000000000000001,abs_005_005,1000,2000,0.07486373071620706,0.6464584662298444,True,0.5715947355136373,0.5715947355136373,0.3682556777226446,0.42974432227735543,-0.29339194700643756,0.21671414395248895,0.061488644554710814,0.10410609095892664,0.4059999999999999
rep0718,0.56,0.5646466920560302,alg1,0.1,0.005,0.005,0.09000000000000001,abs_005_005,1000,2000,0.23238519733448715,0.8239923627373393,True,0.5916071654028522,0.5916071654028522,0.5379089056702813,0.6000910943297186,-0.3055237083357941,0.22390126840762065,0.062182188659437365,0.10092497674341466,0.42850000000000005
rep0719,0.71,0.7103995063697587,alg1,0.1,0.005,0.005,0.09000000000000001,abs_005_005,1000,2000,0.5197943448997626,0.9461040458216166,True,0.42630970092185394,0.42630970092185394,0.7764577550643392,0.8265422449356608,-0.25666341016457656,0.11956180088595586,0.050084489871321525,0.09922521105053239,0.277
rep0720,0.69,0.6932176668159191,alg1,0.1,0.005,0.005,0.09000000000000001,abs_005_005,1000,2000,0.5128452555224802,0.987605021808764,True,0.4747597662862838,0.4747597662862838,0.7943014748918075,0.8426985251081925,-0.2814562193693273,0.14490649670057143,0.048397050216385074,0.10486271606989872,0.3215
rep0721,0.86,0.8636766762196767,alg1,0.1,0.005,0.005,0.09000000000000001,abs_005_005,1000,2000,0.493273936624651,1.1207168488050203,True,0.6274429121803693,0.506726063375349,0.8628203084917185,0.9031796915082815,-0.3695463718670675,0.21753715729673878,0.040359383016562944,0.10158352916380636,0.4855
rep0722,0.92,0.9209427021622629,alg1,0.1,0.005,0.005,0.09000000000000001,abs_005_005,1000,2000,0.681251462261041,1.2104349450338514,True,0.5291834827728104,0.31874853773895895,1.0,1.0,-0.3187485377389589,0.21043494503385152,0.0,0.10368348277281031,0.42550000000000004
rep0723,0.50,0.5016753434719334,alg1,0.1,0.005,0.005,0.09000000000000001,abs_005_005,1000,2000,0.17466107392648944,0.7891051797031791,True,0.6144441057766896,0.6144441057766896,0.5011749441637992,0.5638250558362008,-0.3265138702373097,0.22528012386697827,0.06265011167240164,0.09979399410428802,0.45199999999999996
rep0724,0.22,0.22277910125347108,alg1,0.1,0.005,0.005,0.09000000000000001,abs_005_005,1000,2000,-0.2637021950330861,0.3554151858132101,True,0.6191173808462962,0.3554151858132101,0.10052479008908718,0.1414752099109128,-0.3642269851221733,0.2139399759022973,0.04095041982182562,0.0966669610244707,0.48149999999999993
rep0725,0.63,0.6285584659969985,alg1,0.1,0.005,0.005,0.09000000000000001,abs_005_005,1000,2000,0.28415378066215957,0.8843153314851504,True,0.6001615508229908,0.6001615508229908,0.5925732239085932,0.6534267760914068,-0.30841944324643367,0.2308885553937437,0.06085355218281352,0.09580799864017742,0.4435
rep0726,0.58,0.5754838177330744,alg1,0.1,0.005,0.005,0.09000000000000001,abs_005_005,1000,2000,0.4202463179244196,0.9976872789193139,True,0.5774409609948943,0.5774409609948943,0.7285165232778458,0.7824834767221541,-0.3082702053534262,0.21520380219715973,0.05396695344430835,0.10097400755058594,0.4225
rep0727,0.21,0.2115740355737719,alg1,0.1,0.005,0.005,0.09000000000000001,abs_005_005,1000,2000,-0.3244989418473012,0.4044375319733039,True,0.7289364738206051,0.4044375319733039,0.1303989476777169,0.1756010523222831,-0.45489788952501814,0.22883647965102077,0.0452021046445662,0.09773436917603884,0.5860000000000001
rep0728,0.56,0.5564120944969329,alg1,0.1,0.005,0.005,0.09000000000000001,abs_005_005,1000,2000,0.15919931627147443,0.7466694652546833,True,0.5874701489832088,0.5874701489832088,0.5308508318494415,0.5931491681505586,-0.37165151557796705,0.15352029710412457,0.06229833630111714,0.10267181268209163,0.42250000000000004
rep0729,0.60,0.5956440662913057,alg1,0.1,0.005,0.005,0.09000000000000001,abs_005_005,1000,2000,0.15934291545715257,0.7739279506582097,True,0.6145850352010571,0.6145850352010571,0.5429542621576793,0.6050457378423206,-0.3836113467005267,0.16888221281588908,0.06209147568464135,0.08299355951641574,0.46950000000000003
rep0730,0.69,0.6917308798798025,alg1,0.1,0.005,0.005,0.09000000000000001,abs_005_005,1000,2000,0.30530882159684697,0.8601187334153371,True,0.5548099118184902,0.5548099118184902,0.6063009937687206,0.6666990062312793,-0.30099217217187363,0.1934197271840577,0.060398012462558714,0.10591189935593126,0.38850000000000007
rep0731,0.43,0.4266039488445103,alg1,0.1,0.005,0.005,0.09000000000000001,abs_005_005,1000,2000,0.25630084110816864,0.761592482467609,True,0.5052916413594404,0.5052916413594404,0.5016770047283273,0.5643229952716727,-0.24537616362015865,0.1972694871959363,0.06264599054334541,0.10714565081609495,0.3355
rep0732,0.58,0.5845218275511942,alg1,0.1,0.005,0.005,0.09000000000000001,abs_005_005,1000,2000,0.17212506807151545,0.9390562104210938,True,0.7669311423495784,0.7669311423495784,0.6369001686821623,0.6960998313178377,-0.4647751006106468,0.24295637910325604,0.05919966263567544,0.09673147971390261,0.6110000000000002
rep0733,0.81,0.8126562034084693,alg1,0.1,0.005,0.005,0.09000000000000001,abs_005_005,1000,2000,0.6225892671778614,1.0946935837792389,True,0.4721043166013774,0.37741073282213855,0.8762942097986317,0.9147057902013682,-0.2537049426207703,0.1799877935778707,0.03841158040273651,0.09069273619864104,0.34299999999999997
rep0734,0.55,0.5486243168959926,alg1,0.1,0.005,0.005,0.09000000000000001,abs_005_005,1000,2000,0.11298508478080982,0.7399390842844513,True,0.6269539995036415,0.6269539995036415,0.44015959643633085,0.5028404035636691,-0.327174511655521,0.23709868072078227,0.06268080712733826,0.09277319237630333,0.47150000000000003
rep0735,0.20,0.19850254703185236,alg1,0.1,0.005,0.005,0.09000000000000001,abs_005_005,1000,2000,-0.005470196011377271,0.5723073738145852,True,0.5777775698259624,0.5723073738145852,0.2746343628427856,0.3323656371572144,-0.28010455885416286,0.23994173665737079,0.057731274314428815,0.09604629551153365,0.42400000000000004
rep0736,0.63,0.628675093368849,alg1,0.1,0.005,0.005,0.09000000000000001,abs_005_005,1000,2000,0.48144659063790984,1.0258432368093056,True,0.5443966461713957,0.5185534093620902,0.7985112083691187,0.8464887916308813,-0.31706461773120886,0.17935444517842436,0.0479775832617626,0.10091906290963326,0.39549999999999996
rep0737,0.30,0.3010343309546036,alg1,0.1,0.005,0.005,0.09000000000000001,abs_005_005,1000,2000,0.014864911501585809,0.5022489924617447,True,0.4873840809601589,0.4873840809601589,0.33280991965510676,0.3931900803448932,-0.31794500815352095,0.10905891211685145,0.060380160689786466,0.09650392027037236,0.3305
rep0738,0.67,0.672878039474014,alg1,0.1,0.005,0.005,0.09000000000000001,abs_005_005,1000,2000,0.5545933336791757,1.1126638439331518,True,0.558070510253976,0.44540666632082426,0.8424787463786972,0.8855212536213027,-0.28788541269952145,0.22714259031184914,0.0430425072426055,0.10502800301137066,0.40999999999999986
rep0739,0.39,0.39484025614167567,alg1,0.1,0.005,0.005,0.09000000000000001,abs_005_005,1000,2000,0.05226435245850575,0.7970224162019164,True,0.7447580637434106,0.7447580637434106,0.3949542621576793,0.45704573784232067,-0.34268990969917357,0.33997667835959566,0.06209147568464135,0.09616658805876921,0.5865
rep0740,0.50,0.5019803607519125,alg1,0.1,0.005,0.005,0.09000000000000001,abs_005_005,1000,2000,0.34275861262511875,0.9780564111737415,True,0.6352977985486228,0.6352977985486228,0.6129197920252031,0.673080207974797,-0.27016117940008433,0.30497620319894464,0.06016041594959387,0.09963738259902893,0.4755
rep0741,0.71,0.706007734024443,alg1,0.1,0.005,0.005,0.09000000000000001,abs_005_005,1000,2000,0.38731782456718505,0.9389675262794037,True,0.5516497017122186,0.5516497017122186,0.7150477411140992,0.7699522588859009,-0.32772991654691414,0.1690152673935028,0.05490451777180172,0.10274518394041704,0.3939999999999999
rep0742,0.20,0.20412545190772005,alg1,0.1,0.005,0.005,0.09000000000000001,abs_005_005,1000,2000,-0.238495353896592,0.3479133476959414,True,0.5864087015925334,0.3479133476959414,0.0499671358841478,0.0810328641158522,-0.2884624897807398,0.2668804835800892,0.0310657282317044,0.09234297336082903,0.463
rep0743,0.70,0.703056156327592,alg1,0.1,0.005,0.005,0.09000000000000001,abs_005_005,1000,2000,0.408890255137116,0.9021868050116738,True,0.4932965498745578,0.4932965498745578,0.7072918298018673,0.7627081701981326,-0.2984015746647513,0.13947863481354117,0.05541634039626531,0.10038020947829246,0.3375
rep0744,0.79,0.7913026862136665,alg1,0.1,0.005,0.005,0.09000000000000001,abs_005_005,1000,2000,0.6764260996141069,1.169530973609005,True,0.493104873994898,0.32357390038589307,1.0,1.0,-0.323573900385893,0.16953097360900504,0.0,0.10660487399489793,0.3865000000000001
rep0745,0.09,0.08797622050160088,alg1,0.1,0.005,0.005,0.09000000000000001,abs_005_005,1000,2000,0.014351243531016744,0.6523437281120152,True,0.6379924845809986,0.6379924845809986,0.3200544743685559,0.37994552563144407,-0.30570323083753914,0.2723982024805712,0.059891051262888184,0.09860143331811039,0.4795
rep0746,0.52,0.5221816913900238,alg1,0.1,0.005,0.005,0.09000000000000001,abs_005_005,1000,2000,0.14774196425288794,0.7103918918109455,True,0.5626499275580576,0.5626499275580576,0.5036855630270782,0.5663144369729218,-0.3559435987741903,0.14407745483802367,0.0626288739458436,0.09702105361221391,0.403
rep0747,0.48,0.4831577354732387,alg1,0.1,0.005,0.005,0.09000000000000001,abs_005_005,1000,2000,0.366920097570265,0.9223622311956872,True,0.5554421336254222,0.5554421336254222,0.6246447926746737,0.6843552073253263,-0.25772469510440865,0.23800702387036085,0.05971041465065263,0.0917317189747695,0.404
rep0748,0.80,0.8039755610445151,alg1,0.1,0.005,0.005,0.09000000000000001,abs_005_005,1000,2000,0.376200439830883,1.0872599248393329,True,0.7110594850084498,0.623799560169117,0.78169815947531,0.83130184052469,-0.40549771964442693,0.25595808431464284,0.049603681049380066,0.09095580395906988,0.5704999999999999
rep0749,0.48,0.4849524325382472,alg1,0.1,0.005,0.005,0.09000000000000001,abs_005_005,1000,2000,0.18517911004787135,0.7803843825657396,True,0.5952052725178683,0.5952052725178683,0.509714275584058,0.572285724415942,-0.32453516553618666,0.20809865814979758,0.06257144883188404,0.10113382368598423,0.4315
rep0750,0.54,0.5415944112692606,alg1,0.1,0.005,0.005,0.09000000000000001,abs_005_005,1000,2000,0.35431895455272794,0.9784448075695994,True,0.6241258530168714,0.6241258530168714,0.6532743329188253,0.7117256670811747,-0.29895537836609737,0.2667191404884247,0.05845133416234938,0.09017451885452199,0.47550000000000003
rep0751,0.11,0.11305284111474975,alg1,0.1,0.005,0.005,0.09000000000000001,abs_005_005,1000,2000,0.03308899017955419,0.5474705204157674,True,0.5143815302362131,0.5143815302362131,0.2868114290827928,0.3451885709172072,-0.2537224389032386,0.20228194949856013,0.05837714183441445,0.07000438840179868,0.386
rep0752,0.21,0.20638117578173643,alg1,0.1,0.005,0.005,0.09000000000000001,abs_005_005,1000,2000,-0.08487173337053414,0.5216182493620439,True,0.606489982732578,0.5216182493620439,0.23004774111409912,0.28495225888590087,-0.31491947448463325,0.23666599047614303,0.05490451777180175,0.1000854649607763,0.4515
rep0753,0.50,0.5007371849253293,alg1,0.1,0.005,0.005,0.09000000000000001,abs_005_005,1000,2000,0.18518130787576353,0.8074394377001315,True,0.6222581298243679,0.6222581298243679,0.5414403151242497,0.6035596848757503,-0.3562590072484862,0.2038797528243812,0.062119369751500564,0.10063876007286732,0.4595
rep0754,0.77,0.7657822681826205,alg1,0.1,0.005,0.005,0.09000000000000001,abs_005_005,1000,2000,0.4052598593862152,0.9200409437449215,True,0.5147810843587063,0.5147810843587063,0.6990301737141317,0.7549698262858683,-0.29377031432791645,0.16507111745905328,0.05593965257173661,0.10334143178696964,0.3555000000000001
rep0755,0.13,0.13228095225451117,alg1,0.1,0.005,0.005,0.09000000000000001,abs_005_005,1000,2000,-0.1367696185632995,0.5064363061674525,True,0.643205924730752,0.5064363061674525,0.22618852673256828,0.2808114732674317,-0.3629581452958678,0.22562483290002078,0.05462294653486344,0.09258297819588857,0.496
rep0756,0.57,0.571112422982143,alg1,0.1,0.005,0.005,0.09000000000000001,abs_005_005,1000,2000,0.2930546024944264,0.8974545915077021,True,0.6043999890132757,0.6043999890132757,0.6358780713799941,0.6951219286200059,-0.3428234688855677,0.20233266288769625,0.0592438572400118,0.10115613177326388,0.44400000000000006
rep0757,0.25,0.24520131457810895,alg1,0.1,0.005,0.005,0.09000000000000001,abs_005_005,1000,2000,-0.08770540603663901,0.4981899029168081,True,0.5858953089534471,0.4981899029168081,0.21847929908416402,0.27252070091583597,-0.30618470512080304,0.22566920200097212,0.05404140183167194,0.09235390712177516,0.4395
rep0758,0.75,0.752406258982651,alg1,0.1,0.005,0.005,0.09000000000000001,abs_005_005,1000,2000,0.5504646669998507,1.109784087407744,True,0.5593194204078933,0.44953533300014925,0.8746730673980732,0.9133269326019269,-0.3242084003982224,0.19645715480581727,0.03865386520385372,0.09216555520403968,0.4285
rep0759,0.07,0.06962115207073712,alg1,0.1,0.005,0.005,0.09000000000000001,abs_005_005,1000,2000,-0.3390995732312023,0.27899403240331355,True,0.6180936056345159,0.27899403240331355,0.040686742345562375,0.06931325765443763,-0.3797863155767647,0.20968077474887595,0.028626515308875257,0.09896709032564066,0.49049999999999994
rep0760,0.59,0.5914516038863458,alg1,0.1,0.005,0.005,0.09000000000000001,abs_005_005,1000,2000,0.16260027382480963,0.846831386714724,True,0.6842311128899143,0.6842311128899143,0.5152446066437553,0.5777553933562447,-0.35264433281894564,0.2690759933584793,0.06251078671248944,0.08972032617742487,0.532
rep0761,0.96,0.9615407011273777,alg1,0.1,0.005,0.005,0.09000000000000001,abs_005_005,1000,2000,0.6430571126842305,1.1300775361744577,True,0.48702042349022723,0.3569428873157695,1.0,1.0,-0.3569428873157695,0.1300775361744576,0.0,0.0990204234902271,0.388
rep0762,0.80,0.8015721210640162,alg1,0.1,0.005,0.005,0.09000000000000001,abs_005_005,1000,2000,0.48434583832316735,0.9457562702996571,True,0.4614104319764898,0.4614104319764898,0.7342248126100182,0.7877751873899819,-0.2498789742868508,0.15798108290967533,0.053550374779963716,0.08836005719652623,0.3194999999999999
rep0763,0.47,0.4704981219093263,alg1,0.1,0.005,0.005,0.09000000000000001,abs_005_005,1000,2000,0.08546508038179579,0.689302018734752,True,0.6038369383529563,0.6038369383529563,0.4351790968905382,0.49782090310946187,-0.3497140165087424,0.19148111562529016,0.06264180621892368,0.10519513213403259,0.436
rep0764,0.43,0.4303563611804176,alg1,0.1,0.005,0.005,0.09000000000000001,abs_005_005,1000,2000,0.2278592528455265,0.7781481056718366,True,0.5502888528263101,0.5502888528263101,0.49715959643633084,0.559840403563669,-0.26930034359080435,0.21830770210816752,0.0626808071273382,0.10510804569897197,0.3824999999999999
rep0765,0.44,0.43973229587711393,alg1,0.1,0.005,0.005,0.09000000000000001,abs_005_005,1000,2000,0.08248582038009505,0.5570518078931552,True,0.4745659875130602,0.4745659875130602,0.3391966245287671,0.3998033754712329,-0.25671080414867203,0.15724843242192235,0.060606750942465815,0.09695923657059435,0.31700000000000006
rep0766,0.38,0.37621017495843084,alg1,0.1,0.005,0.005,0.09000000000000001,abs_005_005,1000,2000,0.4125127887793883,1.0249006571238881,False,0.6123878683444999,0.5874872112206118,0.6861439709253001,0.7428560290746999,-0.2736311821459118,0.2820446280491882,0.056712058149399835,0.09967581019509997,0.45600000000000007
rep0767,0.72,0.7246108330751603,alg1,0.1,0.005,0.005,0.09000000000000001,abs_005_005,1000,2000,0.334593470946176,1.0110700930269043,True,0.6764766220807283,0.665406529053824,0.6804825392675224,0.7375174607324775,-0.34588906832134647,0.27355263229442683,0.057034921464955035,0.09394170061577323,0.5255000000000001
rep0768,0.58,0.5782724073312556,alg1,0.1,0.005,0.005,0.09000000000000001,abs_005_005,1000,2000,0.15909469110530605,0.8548989957547182,True,0.6958043046494121,0.6958043046494121,0.48011686368725487,0.5428831363127451,-0.3210221725819488,0.31201585944197313,0.06276627262549023,0.10053803202392197,0.5325
rep0769,0.66,0.6626943303081723,alg1,0.1,0.005,0.005,0.09000000000000001,abs_005_005,1000,2000,0.5174350823627373,1.0843394344965962,True,0.5669043521338589,0.4825649176372627,0.8069443056851836,0.8540556943148164,-0.28950922332244633,0.23028374018177983,0.04711138862963282,0.10629296350422623,0.4135
rep0770,0.37,0.37433490040573675,alg1,0.1,0.005,0.005,0.09000000000000001,abs_005_005,1000,2000,0.09280788804594436,0.7215551696014512,True,0.6287472815555069,0.6287472815555069,0.47310983093197356,0.5358901690680263,-0.3803019428860292,0.18566500053342483,0.06278033813605277,0.09896694341945406,0.467
rep0771,0.50,0.5010909538628612,alg1,0.1,0.005,0.005,0.09000000000000001,abs_005_005,1000,2000,0.25742331061618073,0.7332188861829481,True,0.4757955755667673,0.4757955755667673,0.5016770047283273,0.5643229952716727,-0.2442536941121466,0.16889589091127538,0.06264599054334541,0.10114958502342192,0.31200000000000006
rep0772,0.20,0.1995563133268665,alg1,0.1,0.005,0.005,0.09000000000000001,abs_005_005,1000,2000,-0.022300761098481142,0.5566462744577917,True,0.5789470355562728,0.5566462744577917,0.24164323150227981,0.29735676849772025,-0.26394399260076096,0.25928950596007144,0.05571353699544043,0.09173349856083246,0.4315
rep0773,0.39,0.3893484360679591,alg1,0.1,0.005,0.005,0.09000000000000001,abs_005_005,1000,2000,0.03340220828122481,0.6893744288949282,True,0.6559722206137033,0.6559722206137033,0.37467432474331047,0.4363256752566896,-0.34127211646208566,0.2530487536382386,0.06165135051337911,0.1053208701003242,0.489
rep0774,0.13,0.12593374803146856,alg1,0.1,0.005,0.005,0.09000000000000001,abs_005_005,1000,2000,-0.15355595583863174,0.39828337391481905,True,0.5518393297534507,0.39828337391481905,0.1112144968283938,0.15378550317160622,-0.26477045266702554,0.24449787074321283,0.042571006343212425,0.08926832341023844,0.42
rep0775,0.41,0.41085886710447456,alg1,0.1,0.005,0.005,0.09000000000000001,abs_005_005,1000,2000,0.05500120964286598,0.5916478747429587,True,0.5366466651000927,0.5366466651000927,0.37467432474331047,0.4363256752566896,-0.3196731151004445,0.1553221994862691,0.06165135051337911,0.10449531458671357,0.37050000000000005
rep0776,0.46,0.45781073823209023,alg1,0.1,0.005,0.005,0.09000000000000001,abs_005_005,1000,2000,0.0842814921436913,0.6763265301365098,True,0.5920450379928185,0.5920450379928185,0.3761563482158663,0.43784365178413365,-0.291874856072175,0.23848287835237617,0.06168730356826735,0.08585773442455114,0.4445
rep0777,0.47,0.4676893945991415,alg1,0.1,0.005,0.005,0.09000000000000001,abs_005_005,1000,2000,0.2592816234779671,0.9131928058874677,True,0.6539111824095005,0.6539111824095005,0.5374045479560734,0.5995954520439266,-0.27812292447810627,0.313597353843541,0.062190904087853216,0.08222027832164736,0.5095
rep0778,0.93,0.9334488837209958,alg1,0.1,0.005,0.005,0.09000000000000001,abs_005_005,1000,2000,0.7657202264699952,1.1871409786733884,True,0.42142075220339326,0.23427977353000484,1.0,1.0,-0.2342797735300049,0.18714097867338841,0.0,0.08192075220339329,0.3395
rep0779,0.42,0.417137055094038,alg1,0.1,0.005,0.005,0.09000000000000001,abs_005_005,1000,2000,0.1668794195437161,0.7014561673942575,True,0.5345767478505414,0.5345767478505414,0.47160912460390314,0.5343908753960969,-0.30472970506018704,0.16706529199816067,0.06278175079219372,0.10679499705834772,0.365
rep0780,0.38,0.381724145742122,alg1,0.1,0.005,0.005,0.09000000000000001,abs_005_005,1000,2000,0.012392349896651167,0.5791622219371433,True,0.5667698720404921,0.5667698720404921,0.3249575550547195,0.38504244494528045,-0.31256520515806835,0.1941197769918629,0.06008488989056093,0.09068498214993126,0.41600000000000004
rep0781,0.25,0.24904971690384717,alg1,0.1,0.005,0.005,0.09000000000000001,abs_005_005,1000,2000,-0.1498841045487178,0.4495862747386218,True,0.5994703792873396,0.4495862747386218,0.2093409959336705,0.26265900406632947,-0.3592251004823883,0.18692727067229228,0.05331800813265897,0.09665237115468062,0.4495
rep0782,0.50,0.5035278430127574,alg1,0.1,0.005,0.005,0.09000000000000001,abs_005_005,1000,2000,0.0911844748101886,0.5511057981877414,True,0.4599213233775528,0.4599213233775528,0.3490338186313857,0.4099661813686143,-0.2578493438211971,0.14113961681912712,0.060932362737228574,0.07998896064032429,0.31899999999999995
rep0783,0.94,0.9360989131889664,alg1,0.1,0.005,0.005,0.09000000000000001,abs_005_005,1000,2000,0.5006828143502893,1.0577242998301937,True,0.5570414854799044,0.4993171856497107,0.8414122727884706,0.8845877272115293,-0.3407294584381814,0.17313657261866439,0.0431754544230587,0.10486603105684578,0.40900000000000003
rep0784,0.61,0.6074696407734866,alg1,0.1,0.005,0.005,0.09000000000000001,abs_005_005,1000,2000,0.25632041955770574,0.8502318551210667,True,0.593911435563361,0.593911435563361,0.5308508318494415,0.5931491681505586,-0.27453041229173575,0.25708268697050807,0.06229833630111714,0.09911309926224388,0.4325
rep0785,0.36,0.3571470202258215,alg1,0.1,0.005,0.005,0.09000000000000001,abs_005_005,1000,2000,-0.05095841676193169,0.4714161424820029,True,0.5223745592439346,0.4714161424820029,0.21992383170393026,0.27407616829606973,-0.27088224846586195,0.1973399741859332,0.05415233659213947,0.1027222226517952,0.36549999999999994
rep0786,0.37,0.37153525023005257,alg1,0.1,0.005,0.005,0.09000000000000001,abs_005_005,1000,2000,0.1073790458843773,0.6251974641883742,True,0.5178184183039969,0.5178184183039969,0.3880232166876645,0.4499767833123355,-0.2806441708032872,0.17522068087603873,0.061953566624671,0.10136485167932596,0.3544999999999999
rep0787,0.24,0.24331452186376437,alg1,0.1,0.005,0.005,0.09000000000000001,abs_005_005,1000,2000,0.0667804071139283,0.7031903731594438,True,0.6364099660455155,0.6364099660455155,0.3643085451693148,0.4256914548306852,-0.2975281380553865,0.27749891832875856,0.06138290966137039,0.10202705638414511,0.473
rep0788,0.55,0.5512601715860497,alg1,0.1,0.005,0.005,0.09000000000000001,abs_005_005,1000,2000,0.34817437015666275,0.93746730795356,True,0.5892929377968973,0.5892929377968973,0.7155651740909725,0.7704348259090275,-0.3673908039343098,0.16703248204453258,0.05486965181805492,0.09942328597884242,0.43499999999999994
rep0789,0.24,0.2383467617095517,alg1,0.1,0.005,0.005,0.09000000000000001,abs_005_005,1000,2000,-0.045856926771303874,0.5464060192701699,True,0.5922629460414737,0.5464060192701699,0.2687982822410809,0.3262017177589191,-0.31465520901238475,0.22020430151125078,0.05740343551783822,0.0933595105236355,0.44150000000000006
rep0790,0.39,0.38816487634462776,alg1,0.1,0.005,0.005,0.09000000000000001,abs_005_005,1000,2000,0.1322226046620174,0.7654817301555347,True,0.6332591254935173,0.6332591254935173,0.46610895194834767,0.5288910480516523,-0.33388634728633027,0.23659068210388234,0.06278209610330465,0.08447702939021257,0.48600000000000004
rep0791,0.53,0.5325261843368188,alg1,0.1,0.005,0.005,0.09000000000000001,abs_005_005,1000,2000,0.27004471171933714,0.7909514677813367,True,0.5209067560619995,0.5209067560619995,0.5288353975019042,0.5911646024980959,-0.2587906857825671,0.1997868652832408,0.062329204996191656,0.0945775510658079,0.364
rep0792,0.35,0.34766868497572634,alg1,0.1,0.005,0.005,0.09000000000000001,abs_005_005,1000,2000,-0.0937947095243282,0.44586986949467394,True,0.5396645790190021,0.44586986949467394,0.16441996090413943,0.21358003909586057,-0.25821467042846763,0.23228983039881337,0.049160078191721135,0.087504500827281,0.403
rep0793,0.37,0.36630566512072477,alg1,0.1,0.005,0.005,0.09000000000000001,abs_005_005,1000,2000,-0.14621271793845275,0.48276698514510863,True,0.6289797030835613,0.48276698514510863,0.17202921899721224,0.22197078100278778,-0.318241936935665,0.26079620414232085,0.049941562005575535,0.09053814107798591,0.4885
rep0794,0.59,0.586637601892118,alg1,0.1,0.005,0.005,0.09000000000000001,abs_005_005,1000,2000,0.28198919263130345,0.8208743993698864,True,0.538885206738583,0.538885206738583,0.576335784324274,0.637664215675726,-0.29434659169297056,0.18321018369416042,0.06132843135145194,0.09955677538713098,0.378
rep0795,0.24,0.2429206298711245,alg1,0.1,0.005,0.005,0.09000000000000001,abs_005_005,1000,2000,0.02361539551596553,0.592440190741324,True,0.5688247952253584,0.5688247952253584,0.3102591986333589,0.36974080136664117,-0.28664380311739335,0.22269938937468287,0.05948160273328229,0.07984319249207622,0.42949999999999994
rep0796,0.56,0.561300008922971,alg1,0.1,0.005,0.005,0.09000000000000001,abs_005_005,1000,2000,0.36212676130126364,0.9661687538264518,True,0.6040419925251882,0.6040419925251882,0.6640414344698103,0.7219585655301896,-0.3019146731685467,0.2442101882962623,0.05791713106037921,0.10012486146480903,0.44599999999999995
rep0797,0.51,0.5056180194657826,alg1,0.1,0.005,0.005,0.09000000000000001,abs_005_005,1000,2000,0.38997340210346293,1.0380839232978654,True,0.6481105211944025,0.6100265978965371,0.6799681161777961,0.737031883822204,-0.28999471407433314,0.30105203947566145,0.0570637676444079,0.09204675354999453,0.49900000000000005
rep0798,0.69,0.6882904474874456,alg1,0.1,0.005,0.005,0.09000000000000001,abs_005_005,1000,2000,0.5879665312572959,1.1123244885909047,True,0.5243579573336088,0.4120334687427041,0.8617457327379774,0.9022542672620226,-0.2737792014806815,0.210070221328882,0.04050853452404524,0.09484942280956354,0.389
rep0799,0.51,0.5088230243845884,alg1,0.1,0.005,0.005,0.09000000000000001,abs_005_005,1000,2000,0.2944777781284254,0.9006081602842592,True,0.6061303821558337,0.6061303821558337,0.6404786909421372,0.6995213090578629,-0.34600091281371176,0.20108685122639625,0.05904261811572575,0.10258776404010794,0.4445
rep0800,0.25,0.24656049201872093,alg1,0.1,0.005,0.005,0.09000000000000001,abs_005_005,1000,2000,0.008518029611547684,0.5656248909398801,True,0.5571068613283324,0.5571068613283324,0.29266513979650605,0.35133486020349397,-0.28414711018495836,0.21429003073638614,0.058669720406987924,0.10393714092134443,0.3945000000000001
rep0801,0.23,0.23351130930800437,alg1,0.1,0.005,0.005,0.09000000000000001,abs_005_005,1000,2000,0.17482703719909348,0.7483676340249575,True,0.573540596825864,0.573540596825864,0.4876312323607329,0.5503687676392671,-0.31280419516163943,0.19799886638569042,0.0627375352785342,0.09180306154732976,0.41900000000000004
rep0802,0.62,0.6217755239909735,alg1,0.1,0.005,0.005,0.09000000000000001,abs_005_005,1000,2000,0.4513063570643183,1.0076388026761347,True,0.5563324456118164,0.5486936429356817,0.7451395810956959,0.797860418904304,-0.29383322403137757,0.2097783837718306,0.052720837808608145,0.08811160780320815,0.4155000000000001
rep0803,0.22,0.21751791059021222,alg1,0.1,0.005,0.005,0.09000000000000001,abs_005_005,1000,2000,-0.11407851363359017,0.5732176420738611,True,0.6872961557074513,0.5732176420738611,0.24890362612895167,0.3050963738710484,-0.36298213976254184,0.2681212682028127,0.056192747742096705,0.1036034079653545,0.5275000000000001
rep0804,0.77,0.7675171046933926,alg1,0.1,0.005,0.005,0.09000000000000001,abs_005_005,1000,2000,0.3703314427807057,0.978441218931638,True,0.6081097761509324,0.6081097761509324,0.6702019503720724,0.7277980496279275,-0.29987050759136674,0.2506431693037105,0.05759609925585507,0.10401367689507723,0.4465
rep0805,0.29,0.29343339200596075,alg1,0.1,0.005,0.005,0.09000000000000001,abs_005_005,1000,2000,-0.07084805445744793,0.46817185747551177,True,0.5390199119329597,0.46817185747551177,0.21078267514156016,0.26421732485843985,-0.2816307295990081,0.20395453261707192,0.053434649716879695,0.08908526221607999,0.3965
rep0806,0.21,0.207044071143073,alg1,0.1,0.005,0.005,0.09000000000000001,abs_005_005,1000,2000,-0.05525751914112331,0.532013535839466,True,0.5872710549805893,0.532013535839466,0.27609429526853246,0.3339057047314675,-0.3313518144096558,0.1981078311079984,0.05781140946293506,0.10395964551765419,0.42549999999999993
rep0807,0.54,0.5448211469415667,alg1,0.1,0.005,0.005,0.09000000000000001,abs_005_005,1000,2000,0.29433771910125434,0.8335324926927521,True,0.5391947735914977,0.5391947735914977,0.5834353745586324,0.6445646254413676,-0.28909765545737803,0.18896786725138442,0.06112925088273524,0.09606552270876245,0.382
rep0808,0.24,0.23795078312197512,alg1,0.1,0.005,0.005,0.09000000000000001,abs_005_005,1000,2000,-0.19146740057420059,0.4718332867323394,True,0.6633006873065399,0.4718332867323394,0.1968661026423435,0.2491338973576565,-0.3883335032165441,0.22269938937468287,0.05226779471531301,0.08603289259122693,0.525
rep0809,0.33,0.33023207761568657,alg1,0.1,0.005,0.005,0.09000000000000001,abs_005_005,1000,2000,-0.04257767106763488,0.6816481705690103,True,0.7242258416366452,0.6816481705690103,0.3318278773294879,0.3921721226705121,-0.37440554839712276,0.2894760478984982,0.06034424534102423,0.09688159629562099,0.567
rep0810,0.62,0.6200866198870967,alg1,0.1,0.005,0.005,0.09000000000000001,abs_005_005,1000,2000,0.3864348107731492,1.001191005240778,True,0.6147561944676287,0.6135651892268508,0.6527620453970107,0.7112379546029894,-0.2663272346238615,0.2899530506377885,0.05847590920597878,0.09778028526165,0.45849999999999996
rep0811,0.73,0.7253801847373942,alg1,0.1,0.005,0.005,0.09000000000000001,abs_005_005,1000,2000,0.4122868783673894,0.9098731704092018,True,0.4975862920418124,0.4975862920418124,0.6985142007314533,0.7544857992685468,-0.2862273223640639,0.15538737114065507,0.05597159853709344,0.09611469350471896,0.3455
rep0812,0.62,0.6224385819220218,alg1,0.1,0.005,0.005,0.09000000000000001,abs_005_005,1000,2000,0.2996697892694815,0.8520998263558804,True,0.5524300370863989,0.5524300370863989,0.6251550100035186,0.6848449899964815,-0.3254852207340371,0.16725483635939895,0.05968997999296288,0.09874005709343603,0.394
rep0813,0.64,0.6422593872188701,alg1,0.1,0.005,0.005,0.09000000000000001,abs_005_005,1000,2000,0.2693798194316699,0.8979458523025645,True,0.6285660328708946,0.6285660328708946,0.5834353745586324,0.6445646254413676,-0.3140555551269625,0.25338122686119685,0.06112925088273524,0.09093678198815935,0.47650000000000003
rep0814,0.56,0.5588847312315257,alg1,0.1,0.005,0.005,0.09000000000000001,abs_005_005,1000,2000,0.2753552920354092,0.8213403310418724,True,0.5459850390064632,0.5459850390064632,0.6052832477411432,0.6657167522588567,-0.32992795570573397,0.15562357878301572,0.060433504517713565,0.1010515344887497,0.38449999999999995
rep0815,0.49,0.4850539827643685,alg1,0.1,0.005,0.005,0.09000000000000001,abs_005_005,1000,2000,0.1293145930924089,0.7242396939408362,True,0.5949251008484273,0.5949251008484273,0.49114035949322027,0.5538596405067796,-0.3618257664008114,0.17038005343405666,0.06271928101355934,0.10320581983486798,0.42900000000000005
rep0816,0.27,0.2678401057425488,alg1,0.1,0.005,0.005,0.09000000000000001,abs_005_005,1000,2000,-0.034587607004770676,0.47342368189426876,True,0.5080112888990395,0.47342368189426876,0.20982150456676293,0.26317849543323707,-0.2444091115715336,0.21024518646103169,0.053356990866474135,0.10115429803256532,0.3535
rep0817,0.51,0.5139026739428948,alg1,0.1,0.005,0.005,0.09000000000000001,abs_005_005,1000,2000,0.3714575030062641,0.8412421143015596,True,0.4697846112952955,0.4697846112952955,0.6175055648931309,0.677494435106869,-0.24604806188686676,0.16374767919469055,0.05998887021373811,0.0952957410815573,0.3145
rep0818,0.02,0.01784520507933445,alg1,0.1,0.005,0.005,0.09000000000000001,abs_005_005,1000,2000,-0.24271891075116275,0.37729923030118434,True,0.6200181410523471,0.37729923030118434,0.09035587965681084,0.12964412034318917,-0.3330747904079736,0.24765510995799517,0.03928824068637833,0.09972990036596874,0.481
rep0819,0.59,0.5855831225425897,alg1,0.1,0.005,0.005,0.09000000000000001,abs_005_005,1000,2000,0.4911811015747229,1.009382581864632,True,0.5182014802899091,0.508818898425277,0.7990377391838897,0.8469622608161103,-0.30785663760916676,0.16242032104852172,0.04792452163222061,0.08827695865768853,0.38199999999999995
rep0820,0.31,0.31459734189247923,alg1,0.1,0.005,0.005,0.09000000000000001,abs_005_005,1000,2000,-0.32325529360647115,0.3224759744456531,True,0.6457312680521243,0.3224759744456531,0.0820817146014608,0.11991828539853921,-0.40533700820793195,0.2025576890471139,0.03783657079707842,0.0943946972550459,0.5135
rep0821,0.28,0.2810728255765275,alg1,0.1,0.005,0.005,0.09000000000000001,abs_005_005,1000,2000,-0.00384427506075391,0.6242123063808034,True,0.6280565814415573,0.6242123063808034,0.3736864748218329,0.4353135251781671,-0.37753074988258684,0.18889878120263623,0.0616270503563342,0.09892953108522301,0.4675000000000001
rep0822,0.72,0.7209132512090639,alg1,0.1,0.005,0.005,0.09000000000000001,abs_005_005,1000,2000,0.5709441136116385,1.1744534296454638,True,0.6035093160338253,0.42905588638836145,0.9351879088923741,0.9628120911076258,-0.3642437952807356,0.21164133853783812,0.027624182215251647,0.09638513381857372,0.47950000000000004
rep0823,0.56,0.5553223135054838,alg1,0.1,0.005,0.005,0.09000000000000001,abs_005_005,1000,2000,0.28622139390294093,0.8341302492469176,True,0.5479088553439766,0.5479088553439766,0.6180152746775468,0.6779847253224532,-0.33179388077460586,0.1561455239244644,0.05996945064490644,0.0944394046990703,0.39349999999999996
rep0824,0.34,0.3410288734497897,alg1,0.1,0.005,0.005,0.09000000000000001,abs_005_005,1000,2000,0.12052108016249052,0.6887826331743822,True,0.5682615530118916,0.5682615530118916,0.3786270489630553,0.4403729510369446,-0.2581059688005648,0.24840968213743755,0.0617459020738893,0.09151565093800229,0.41500000000000004
rep0825,0.67,0.6673711637162791,alg1,0.1,0.005,0.005,0.09000000000000001,abs_005_005,1000,2000,0.32628482644283563,0.8943925011998621,True,0.5681076747570265,0.5681076747570265,0.6256652638607801,0.6853347361392198,-0.2993804374179445,0.20905776506064236,0.05966947227843966,0.09043820247858686,0.418
rep0826,0.62,0.6172719856442066,alg1,0.1,0.005,0.005,0.09000000000000001,abs_005_005,1000,2000,0.20837340196602844,0.8070546849583562,True,0.5986812829923278,0.5986812829923278,0.5570985747100299,0.61890142528997,-0.34872517274400144,0.1881532596683861,0.06180285057994017,0.08487843241238757,0.45199999999999996
rep0827,0.81,0.8131918762099404,alg1,0.1,0.005,0.005,0.09000000000000001,abs_005_005,1000,2000,0.6568246860756597,1.1455916613770776,True,0.4887669753014179,0.3431753139243403,0.9167486585227541,0.9482513414772459,-0.2599239724470944,0.1973403198998318,0.03150268295449177,0.10226429234692624,0.355
rep0828,0.37,0.3652481836526102,alg1,0.1,0.005,0.005,0.09000000000000001,abs_005_005,1000,2000,-0.031273174115217406,0.5964296570947313,True,0.6277028312099486,0.5964296570947313,0.32937339075353705,0.3896266092464629,-0.36064656486875446,0.2068030478482684,0.060253218492925864,0.1039496127170228,0.4635000000000001
rep0829,0.70,0.7003248799003606,alg1,0.1,0.005,0.005,0.09000000000000001,abs_005_005,1000,2000,0.44450301879605403,0.9593107976944983,True,0.5148077788984443,0.5148077788984443,0.727479299084164,0.7815207009158359,-0.28297628028810995,0.17779009677866245,0.05404140183167194,0.09826637706677238,0.3625
rep0830,0.49,0.49109549559105764,alg1,0.1,0.005,0.005,0.09000000000000001,abs_005_005,1000,2000,0.1517472567268418,0.6869412793917118,True,0.5351940226648699,0.5351940226648699,0.45062890780126924,0.5133710921987307,-0.29888165107442743,0.17357018719298112,0.06274218439746143,0.10495183826740856,0.3675
rep0831,0.50,0.4977091255401117,alg1,0.1,0.005,0.005,0.09000000000000001,abs_005_005,1000,2000,0.1605763695178502,0.7346727013757004,True,0.5740963318578503,0.5740963318578503,0.4526246360870454,0.5153753639129546,-0.2920482665691952,0.21929733746274585,0.06275072782590918,0.10234560403194104,0.40900000000000003
rep0832,0.64,0.6383972746834774,alg1,0.1,0.005,0.005,0.09000000000000001,abs_005_005,1000,2000,0.3096288450703001,0.9600389787127065,True,0.6504101336424064,0.6504101336424064,0.6625022089229075,0.7204977910770926,-0.35287336385260737,0.23954118763561397,0.0579955821541851,0.09641455148822131,0.496
rep0833,0.29,0.28572994509888355,alg1,0.1,0.005,0.005,0.09000000000000001,abs_005_005,1000,2000,0.07746685614983767,0.7244889423142549,True,0.6470220861644171,0.6470220861644171,0.40585874175301995,0.46814125824698005,-0.3283918856031823,0.2563476840672749,0.062282516493960105,0.10323956967045711,0.48150000000000004
rep0834,0.09,0.08546723092106184,alg1,0.1,0.005,0.005,0.09000000000000001,abs_005_005,1000,2000,-0.16354708464842335,0.38291830625156953,True,0.5464653908999929,0.38291830625156953,0.13462998370932114,0.18037001629067886,-0.2981770683577445,0.20254828996089064,0.045740032581357726,0.1002253583186351,0.40049999999999997
rep0835,0.45,0.44887993716439767,alg1,0.1,0.005,0.005,0.09000000000000001,abs_005_005,1000,2000,0.18101388337357982,0.7229018591711107,True,0.5418879757975309,0.5418879757975309,0.4421526798362553,0.5048473201637447,-0.26113879646267546,0.218054539007366,0.06269464032748939,0.08919333547004143,0.39
rep0836,0.89,0.8878425886851584,alg1,0.1,0.005,0.005,0.09000000000000001,abs_005_005,1000,2000,0.5958036750636008,1.1813499692273812,True,0.5855462941637805,0.40419632493639923,0.9385791404025361,0.9654208595974638,-0.3427754653389353,0.2159291096299174,0.026841719194927727,0.09770457496885276,0.46099999999999997
rep0837,0.64,0.6430680121422878,alg1,0.1,0.005,0.005,0.09000000000000001,abs_005_005,1000,2000,0.42008460319456825,1.039358577388575,True,0.6192739741940068,0.5799153968054318,0.7031595616748353,0.7588404383251647,-0.28307495848026704,0.28051813906341033,0.05568087665032939,0.10109309754367729,0.4625000000000001
rep0838,0.76,0.7585345229463266,alg1,0.1,0.005,0.005,0.09000000000000001,abs_005_005,1000,2000,0.37016013597286507,0.9372669119435499,True,0.5671067759706849,0.5671067759706849,0.7047088225137532,0.7602911774862469,-0.33454868654088815,0.17697573445730305,0.05558235497249364,0.08752442099819124,0.42399999999999993
rep0839,0.30,0.299955317096841,alg1,0.1,0.005,0.005,0.09000000000000001,abs_005_005,1000,2000,-0.14431362029864347,0.44041316651074364,True,0.5847267868093871,0.44041316651074364,0.20261930879868628,0.25538069120131374,-0.34693292909732976,0.1850324753094299,0.052761382402627455,0.10396540440675966,0.428
rep0840,0.48,0.4762535562840754,alg1,0.1,0.005,0.005,0.09000000000000001,abs_005_005,1000,2000,0.32160093091673625,0.934287081086731,True,0.6126861501699947,0.6126861501699947,0.6466176117415047,0.7053823882584954,-0.3250166808247684,0.2289046928282355,0.05876477651699075,0.10242137365300391,0.45150000000000007
rep0841,0.29,0.29348760442428756,alg1,0.1,0.005,0.005,0.09000000000000001,abs_005_005,1000,2000,0.09000396609323941,0.6347233294466859,True,0.5447193633534464,0.5447193633534464,0.3534650503371997,0.4145349496628003,-0.2634610842439603,0.2201883797838855,0.061069899325600585,0.0971494640278458,0.3865
rep0842,0.26,0.2600372661782315,alg1,0.1,0.005,0.005,0.09000000000000001,abs_005_005,1000,2000,-0.04313888406705954,0.4620851084596733,True,0.5052239925267329,0.4620851084596733,0.21703520946190338,0.2709647905380966,-0.2601740935289629,0.19112031792157674,0.053929581076193195,0.1052944114505397,0.346
rep0843,0.90,0.9032932434984263,alg1,0.1,0.005,0.005,0.09000000000000001,abs_005_005,1000,2000,0.6966697570091105,1.2230092341059269,True,0.5263394770968164,0.3033302429908895,1.0,1.0,-0.3033302429908895,0.22300923410592677,0.0,0.10583947709681629,0.4205
rep0844,0.27,0.26798360751529504,alg1,0.1,0.005,0.005,0.09000000000000001,abs_005_005,1000,2000,-0.14524421048334146,0.4837990392334123,True,0.6290432497167537,0.4837990392334123,0.16204546344268006,0.21095453655731994,-0.3072896739260215,0.27284450267609234,0.04890907311463988,0.10563417660211383,0.47450000000000003
rep0845,0.50,0.503308802837567,alg1,0.1,0.005,0.005,0.09000000000000001,abs_005_005,1000,2000,0.17447974614361844,0.7061554010622784,True,0.5316756549186599,0.5316756549186599,0.4891349551560032,0.5518650448439967,-0.31465520901238475,0.15429035621828166,0.06273008968799348,0.08144556523066648,0.38749999999999996
rep0846,0.61,0.6108272963044864,alg1,0.1,0.005,0.005,0.09000000000000001,abs_005_005,1000,2000,0.31404550214572113,0.8538601801117798,True,0.5398146779660586,0.5398146779660586,0.5464879417487185,0.6085120582512815,-0.23244243960299737,0.2453481218604983,0.06202411650256301,0.10429056146349569,0.3735
rep0847,0.31,0.3050700060207112,alg1,0.1,0.005,0.005,0.09000000000000001,abs_005_005,1000,2000,0.02075474163352825,0.6121205627841088,True,0.5913658211505806,0.5913658211505806,0.34411349101457617,0.40488650898542383,-0.3233587493810479,0.20723405379868495,0.060773017970847665,0.08709280317973289,0.4435
rep0848,0.38,0.38080926678722893,alg1,0.1,0.005,0.005,0.09000000000000001,abs_005_005,1000,2000,0.16164718944559064,0.7516266340589935,True,0.5899794446134029,0.5899794446134029,0.4751112122416882,0.5378887877583117,-0.31346402279609753,0.21373784630068182,0.06277757551662355,0.0847018690967794,0.44249999999999995
rep0849,0.61,0.6147374912980764,alg1,0.1,0.005,0.005,0.09000000000000001,abs_005_005,1000,2000,0.46026837122397396,1.0182802726704283,True,0.5580119014464544,0.5397316287760261,0.7171177555385134,0.7718822444614867,-0.25684938431453946,0.24639802820894163,0.05476448892297325,0.10574741252348119,0.39749999999999996
rep0850,0.51,0.5064586149038528,alg1,0.1,0.005,0.005,0.09000000000000001,abs_005_005,1000,2000,0.3180950739199645,0.8429796548211361,True,0.5248845809011716,0.5248845809011716,0.5672174312101228,0.6287825687898771,-0.24912235729015833,0.21419708603125898,0.06156513757975435,0.09081944332141723,0.37250000000000005
rep0851,0.81,0.8104603233100676,alg1,0.1,0.005,0.005,0.09000000000000001,abs_005_005,1000,2000,0.5986069502946261,1.1573422124039703,True,0.5587352621093442,0.4013930497053739,0.9156409212560109,0.9473590787439891,-0.3170339709613849,0.2099831336599812,0.03171815748797813,0.09751710462136615,0.42949999999999994
rep0852,0.29,0.2903692516157944,alg1,0.1,0.005,0.005,0.09000000000000001,abs_005_005,1000,2000,0.017268527205961948,0.6461262887289151,True,0.6288577615229531,0.6288577615229531,0.3347744275378668,0.3952255724621332,-0.31750590033190484,0.2509007162667819,0.0604511449242664,0.10540661659868683,0.4629999999999999
rep0853,0.43,0.4308078281296323,alg1,0.1,0.005,0.005,0.09000000000000001,abs_005_005,1000,2000,0.22153550256819982,0.7132993703704544,True,0.4917638678022546,0.4917638678022546,0.5152446066437553,0.5777553933562447,-0.29370910407555545,0.13554397701420967,0.06251078671248944,0.07175308108976508,0.35750000000000004
rep0854,0.69,0.6936935450233443,alg1,0.1,0.005,0.005,0.09000000000000001,abs_005_005,1000,2000,0.4193721170886585,1.01918773373858,True,0.5998156166499214,0.5806278829113415,0.749824432274652,0.802175567725348,-0.3304523151859935,0.2170121660132319,0.05235113545069603,0.10196448119922541,0.4455
rep0855,0.22,0.21512527880424012,alg1,0.1,0.005,0.005,0.09000000000000001,abs_005_005,1000,2000,-0.044902743989190974,0.5292294390256902,True,0.5741321830148811,0.5292294390256902,0.2887620453970106,0.3472379546029894,-0.3336647893862016,0.18199148442270077,0.05847590920597878,0.09815627380890224,0.4175000000000001
rep0856,0.60,0.5951423315513312,alg1,0.1,0.005,0.005,0.09000000000000001,abs_005_005,1000,2000,0.24901453135428248,0.7549978623137322,True,0.5059833309594497,0.5059833309594497,0.5202755194488646,0.5827244805511353,-0.27126098809458216,0.17227338176259688,0.06244896110227072,0.09303436985717911,0.3504999999999999
rep0857,0.66,0.6551063440972089,alg1,0.1,0.005,0.005,0.09000000000000001,abs_005_005,1000,2000,0.5000869474287324,0.9645531451464058,True,0.4644661977176734,0.4644661977176734,0.7633834305240803,0.8146165694759198,-0.26329648309534787,0.149936575670486,0.05123313895183945,0.09123305876583387,0.32199999999999995
rep0858,0.71,0.7119962362250923,alg1,0.1,0.005,0.005,0.09000000000000001,abs_005_005,1000,2000,0.4846522892630007,1.0478113060320797,True,0.563159016769079,0.5153477107369993,0.7869449298331277,0.8360550701668723,-0.302292640570127,0.21175623586520748,0.04911014033374461,0.10304887643533445,0.41100000000000003
rep0859,0.42,0.41695032965931245,alg1,0.1,0.005,0.005,0.09000000000000001,abs_005_005,1000,2000,0.15931013065560468,0.6728873884519722,True,0.5135772577963675,0.5135772577963675,0.44514325056756804,0.507856749432432,-0.28583311991196336,0.16503063901954024,0.06271349886486394,0.09586375893150362,0.355
rep0860,0.31,0.3112715807723814,alg1,0.1,0.005,0.005,0.09000000000000001,abs_005_005,1000,2000,-0.00876349465150561,0.4976188693527982,True,0.5063823640043038,0.4976188693527982,0.30390016868216235,0.3630998313178377,-0.31266366333366796,0.13451903803496051,0.05919966263567533,0.10518270136862856,0.3419999999999999
rep0861,0.57,0.5718038311434078,alg1,0.1,0.005,0.005,0.09000000000000001,abs_005_005,1000,2000,0.25850513742876186,0.7485237563982126,True,0.4900186189694507,0.4900186189694507,0.5409357309486759,0.603064269051324,-0.282430593519914,0.14545948734688854,0.06212853810264818,0.08689008086680261,0.34099999999999997
rep0862,0.59,0.593903704021643,alg1,0.1,0.005,0.005,0.09000000000000001,abs_005_005,1000,2000,0.22709302693865024,0.8776983145622348,True,0.6506052876235846,0.6506052876235846,0.5217854148552344,0.5842145851447657,-0.2946923879165842,0.2934837294174691,0.06242917028953121,0.1041761173340533,0.484
rep0863,0.22,0.2211255706079462,alg1,0.1,0.005,0.005,0.09000000000000001,abs_005_005,1000,2000,-0.0821925085419844,0.44886981173276386,True,0.5310623202747482,0.44886981173276386,0.19255632758507746,0.24444367241492254,-0.27474883612706186,0.20442613931784132,0.05188734482984508,0.09767497544490311,0.38150000000000006
rep0864,0.48,0.48313814068410765,alg1,0.1,0.005,0.005,0.09000000000000001,abs_005_005,1000,2000,0.3000314011014438,0.8246630306953543,True,0.5246316295939105,0.5246316295939105,0.5662049489222777,0.6277950510777223,-0.2661735478208339,0.196867979617632,0.06159010215544458,0.10504152743846595,0.358
rep0865,0.14,0.13825585557614326,alg1,0.1,0.005,0.005,0.09000000000000001,abs_005_005,1000,2000,-0.12005165668010487,0.4936489654282056,True,0.6137006221083104,0.4936489654282056,0.18920738958033023,0.24079261041966976,-0.3092590462604351,0.2528563550085358,0.05158522083933953,0.09661540126897084,0.4655
rep0866,0.60,0.599708094715837,alg1,0.1,0.005,0.005,0.09000000000000001,abs_005_005,1000,2000,0.365739328094761,0.9542957922587847,True,0.5885564641640237,0.5885564641640237,0.6185250204820637,0.6784749795179362,-0.2527856923873027,0.2758208127408484,0.059949959035872524,0.08860650512815105,0.44000000000000006
rep0867,0.34,0.34366307116519274,alg1,0.1,0.005,0.005,0.09000000000000001,abs_005_005,1000,2000,0.20581843758414803,0.7264460225095768,True,0.5206275849254287,0.5206275849254287,0.5107195046083155,0.5732804953916846,-0.30490106702416747,0.15316552711789222,0.06256099078336907,0.0960665941420597,0.362
rep0868,0.13,0.1278779285132063,alg1,0.1,0.005,0.005,0.09000000000000001,abs_005_005,1000,2000,-0.33118076355294807,0.230517436867604,True,0.5616982004205521,0.230517436867604,-0.00020777962703945503,0.007207779627039455,-0.3309729839259086,0.22330965724056456,0.00741555925407891,0.10478264116647312,0.44950000000000007
rep0869,0.54,0.5392567295241685,alg1,0.1,0.005,0.005,0.09000000000000001,abs_005_005,1000,2000,0.18685812025504683,0.8512905690635869,True,0.66443244880854,0.66443244880854,0.5935892271414609,0.6544107728585391,-0.40673110688641406,0.1968797962050478,0.06082154571707821,0.0946109030914618,0.509
rep0870,0.36,0.36163439556497956,alg1,0.1,0.005,0.005,0.09000000000000001,abs_005_005,1000,2000,0.07127090156242522,0.5714008009038564,True,0.5001298993414312,0.5001298993414312,0.3431298399344417,0.4038701600655583,-0.27185893837201647,0.16753064083829802,0.06074032013111663,0.09588957921031455,0.34349999999999997
rep0871,0.42,0.4197272877722369,alg1,0.1,0.005,0.005,0.09000000000000001,abs_005_005,1000,2000,0.11102331718806502,0.7188914414256109,True,0.6078681242375459,0.6078681242375459,0.439163243985602,0.5018367560143979,-0.328139926797537,0.21705468541121303,0.0626735120287959,0.10419461220875009,0.441
rep0872,0.57,0.5674604779482287,alg1,0.1,0.005,0.005,0.09000000000000001,abs_005_005,1000,2000,0.20028742640282404,0.8533571133174949,True,0.6530696869146708,0.6530696869146708,0.5692427954454456,0.6307572045545543,-0.3689553690426216,0.22259990876294053,0.06151440910910866,0.09855527780556217,0.493
rep0873,0.78,0.7806965032742744,alg1,0.1,0.005,0.005,0.09000000000000001,abs_005_005,1000,2000,0.5524727759031286,1.1278366053665627,True,0.5753638294634341,0.4475272240968714,0.8893098858955271,0.9256901141044729,-0.33683710999239846,0.2021464912620898,0.03638022820894582,0.10298360125448819,0.4360000000000001
rep0874,0.43,0.4292313502895028,alg1,0.1,0.005,0.005,0.09000000000000001,abs_005_005,1000,2000,0.2775506757848786,0.8579444816230919,True,0.5803938058382133,0.5803938058382133,0.5298430504644922,0.5921569495355079,-0.25229237467961363,0.26578753208758393,0.0623138990710157,0.10557990676719747,0.41250000000000003
rep0875,0.56,0.5603388085034261,alg1,0.1,0.005,0.005,0.09000000000000001,abs_005_005,1000,2000,0.23656551133048154,0.8533818216145451,True,0.6168163102840636,0.6168163102840636,0.5672174312101228,0.6287825687898771,-0.33065191987964127,0.22459925282466794,0.06156513757975435,0.08675117270430915,0.4685000000000001
rep0876,0.22,0.2221392497222348,alg1,0.1,0.005,0.005,0.09000000000000001,abs_005_005,1000,2000,-0.06695082228878274,0.533324923825755,True,0.6002757461145378,0.533324923825755,0.26248253926752246,0.3195174607324775,-0.3294333615563052,0.21380746309327753,0.057034921464955035,0.1007408246495829,0.4424999999999999
rep0877,0.85,0.8503103181093458,alg1,0.1,0.005,0.005,0.09000000000000001,abs_005_005,1000,2000,0.41318941865621467,0.9806995937117036,True,0.567510175055489,0.567510175055489,0.7425387473160638,0.7954612526839362,-0.32934932865984917,0.18523834102776743,0.05292250536787235,0.10058766968761645,0.41400000000000015
rep0878,0.72,0.7164404563613495,alg1,0.1,0.005,0.005,0.09000000000000001,abs_005_005,1000,2000,0.4109950619115921,0.9860491046558189,True,0.5750540427442268,0.5750540427442268,0.6902646077134704,0.7467353922865296,-0.27926954580187835,0.23931371236928922,0.05647078457305921,0.09708325817116759,0.4215
rep0879,0.08,0.07576739051193988,alg1,0.1,0.005,0.005,0.09000000000000001,abs_005_005,1000,2000,-0.08928111551865775,0.44719232590212876,True,0.5364734414207866,0.44719232590212876,0.19447123293925617,0.24652876706074384,-0.2837523484579139,0.2006635588413849,0.05205753412148767,0.09041590729929883,0.394
rep0880,0.90,0.8982166533697417,alg1,0.1,0.005,0.005,0.09000000000000001,abs_005_005,1000,2000,0.49761729680402206,1.1733353806079923,True,0.6757180838039702,0.502382703195978,0.9040650234008298,0.9379349765991702,-0.4064477265968078,0.2354004040088221,0.03386995319834041,0.10334813060562986,0.5385
rep0881,0.64,0.6350075468335434,alg1,0.1,0.005,0.005,0.09000000000000001,abs_005_005,1000,2000,0.42322720890969356,1.0773053703206488,True,0.6540781614109552,0.5767727910903064,0.818041801835833,0.863958198164167,-0.3948145929261394,0.2133471721564818,0.045916396328334,0.0951617650826212,0.513
rep0882,0.62,0.6194045418639186,alg1,0.1,0.005,0.005,0.09000000000000001,abs_005_005,1000,2000,0.39912801148618005,0.9181497389591986,True,0.5190217274730186,0.5190217274730186,0.6568614375527869,0.7151385624472132,-0.2577334260666069,0.20301117651198541,0.05827712489442627,0.10424460257859225,0.35650000000000004
rep0883,0.48,0.4834139338653431,alg1,0.1,0.005,0.005,0.09000000000000001,abs_005_005,1000,2000,0.12099776102731863,0.7520655037716608,True,0.6310677427443422,0.6310677427443422,0.49013759436713555,0.5528624056328644,-0.3691398333398169,0.19920309813879641,0.06272481126572882,0.08284293147861338,0.4855
rep0884,0.57,0.5727074213945059,alg1,0.1,0.005,0.005,0.09000000000000001,abs_005_005,1000,2000,0.30737594319221007,0.7569417562363621,True,0.449565813044152,0.449565813044152,0.5419449317079529,0.604055068292047,-0.23456898851574282,0.15288668794431504,0.062110136584094144,0.10595567646005782,0.28150000000000003
rep0885,0.56,0.5645856504075222,alg1,0.1,0.005,0.005,0.09000000000000001,abs_005_005,1000,2000,0.38848463059505633,0.9201030533564432,True,0.5316184227613868,0.5316184227613868,0.6789393953576045,0.7360606046423955,-0.29045476476254817,0.18404244871404768,0.05712120928479103,0.10499721347659585,0.3695
rep0886,0.69,0.6931027460584248,alg1,0.1,0.005,0.005,0.09000000000000001,abs_005_005,1000,2000,0.24364853300994171,0.9919382843598954,True,0.7482897513499537,0.7482897513499537,0.6420129086256539,0.7009870913743461,-0.39836437561571214,0.2909511929855492,0.05897418274869226,0.10231556860126134,0.587
rep0887,0.05,0.049205140687383575,alg1,0.1,0.005,0.005,0.09000000000000001,abs_005_005,1000,2000,-0.24480464664293072,0.34064103395600615,True,0.5854456805989369,0.34064103395600615,0.09589535692838332,0.1361046430716167,-0.340700003571314,0.20453639088438944,0.040209286143233394,0.10273639445570343,0.44250000000000006
rep0888,0.80,0.8033900827235515,alg1,0.1,0.005,0.005,0.09000000000000001,abs_005_005,1000,2000,0.6638133784444449,1.1870859973676215,True,0.5232726189231767,0.3361866215555551,0.9262068024242556,0.9557931975757443,-0.26239342397981075,0.2312927997918771,0.029586395151488754,0.0971862237716879,0.39649999999999996
rep0889,0.78,0.784505898456157,alg1,0.1,0.005,0.005,0.09000000000000001,abs_005_005,1000,2000,0.2727771509008458,0.9686020090971523,True,0.6958248581963065,0.6958248581963065,0.6897493778573669,0.746250622142633,-0.4169722269565211,0.22235138695451934,0.05650124428526615,0.09082361391104044,0.5485
rep0890,0.67,0.6746884477761247,alg1,0.1,0.005,0.005,0.09000000000000001,abs_005_005,1000,2000,0.2348698738910262,0.8231189664600844,True,0.5882490925690582,0.5882490925690582,0.5409357309486759,0.603064269051324,-0.30606585705764966,0.22005469740876044,0.06212853810264818,0.09562055446641005,0.4305
rep0891,0.37,0.36852113494770344,alg1,0.1,0.005,0.005,0.09000000000000001,abs_005_005,1000,2000,0.020671121880352084,0.5672795932868239,True,0.5466084714064718,0.5466084714064718,0.33624817780091776,0.3967518221990822,-0.3155770559205657,0.17052777108774161,0.06050364439816447,0.09760482700830725,0.3885
rep0892,0.61,0.6115842575713748,alg1,0.1,0.005,0.005,0.09000000000000001,abs_005_005,1000,2000,0.5009493900610547,1.105966291738293,True,0.6050169016772384,0.49905060993894534,0.7895707623337536,0.8384292376662463,-0.28862137227269885,0.2675370540720468,0.04885847533249277,0.09615842634474558,0.4600000000000001
rep0893,0.39,0.39275393687404453,alg1,0.1,0.005,0.005,0.09000000000000001,abs_005_005,1000,2000,0.14689264734034607,0.7472071068619748,True,0.6003144595216288,0.6003144595216288,0.4841236467655985,0.5468763532344014,-0.3372309994252524,0.2003307536275734,0.06275270646880293,0.10356175305282594,0.4339999999999999
rep0894,0.20,0.19510863323616778,alg1,0.1,0.005,0.005,0.09000000000000001,abs_005_005,1000,2000,-0.08275383295131025,0.6009858013813683,True,0.6837396343326785,0.6009858013813683,0.20693922382028004,0.26006077617971995,-0.2896930567715903,0.34092502520164825,0.05312155235943991,0.09911808197323846,0.5315000000000001
rep0895,0.82,0.8242368779695044,alg1,0.1,0.005,0.005,0.09000000000000001,abs_005_005,1000,2000,0.2631939631276948,0.9720727775598527,True,0.7088788144321578,0.7088788144321578,0.7145303550737667,0.7694696449262333,-0.45133639194607195,0.20260313263361943,0.054939289852466544,0.09443952457969129,0.5595000000000001
rep0896,0.76,0.7582292136960516,alg1,0.1,0.005,0.005,0.09000000000000001,abs_005_005,1000,2000,0.272725881317546,0.9139588511794821,True,0.6412329698619361,0.6412329698619361,0.6404786909421372,0.6995213090578629,-0.36775280962459117,0.21443754212161917,0.05904261811572575,0.10369035174621027,0.4785000000000001
rep0897,0.48,0.4770049671272524,alg1,0.1,0.005,0.005,0.09000000000000001,abs_005_005,1000,2000,0.1997357722631113,0.7789533932298358,True,0.5792176209667246,0.5792176209667246,0.5243025459001677,0.5866974540998323,-0.3245667736370564,0.1922559391300035,0.062394908199664645,0.1038227127670599,0.41300000000000003
rep0898,0.57,0.5660254562409672,alg1,0.1,0.005,0.005,0.09000000000000001,abs_005_005,1000,2000,0.4084475497840653,0.9744731630126975,True,0.5660256132286322,0.5660256132286322,0.7337056264213749,0.787294373578625,-0.32525807663730966,0.1871787894340725,0.05358874715725004,0.09843686607138225,0.4139999999999999
rep0899,0.19,0.1925111327199006,alg1,0.1,0.005,0.005,0.09000000000000001,abs_005_005,1000,2000,0.024778099040803997,0.5817845825060153,True,0.5570064834652113,0.5570064834652113,0.23535905681343752,0.29064094318656253,-0.21058095777263353,0.2911436393194527,0.055281886373125005,0.10172459709208626,0.4
rep0900,0.49,0.4888817860759957,alg1,0.1,0.005,0.005,0.09000000000000001,abs_005_005,1000,2000,0.3247223931649546,0.8545806633336305,True,0.5298582701686758,0.5298582701686758,0.6088459764164468,0.6691540235835532,-0.2841235832514922,0.18542663975007725,0.06030804716710647,0.10455022300156935,0.3650000000000001
rep0901,0.17,0.16546622940684158,alg1,0.1,0.005,0.005,0.09000000000000001,abs_005_005,1000,2000,-0.3272911537126586,0.24022031241412303,True,0.5675114661267816,0.24022031241412303,0.0,0.0,-0.3272911537126586,0.24022031241412303,0.0,0.09551146612678163,0.472
rep0902,0.48,0.4847437166697385,alg1,0.1,0.005,0.005,0.09000000000000001,abs_005_005,1000,2000,0.32794213641971315,0.9635810782961063,True,0.6356389418763931,0.6356389418763931,0.6532743329188253,0.7117256670811747,-0.32533219649911216,0.2518554112149316,0.05845133416234938,0.10518760771404378,0.472
rep0903,0.48,0.47642673676275166,alg1,0.1,0.005,0.005,0.09000000000000001,abs_005_005,1000,2000,0.23277632565600914,0.757169121554194,True,0.5243927958981849,0.5243927958981849,0.47861483846893343,0.5413851615310666,-0.2458385128129243,0.21578396002312733,0.0627703230621332,0.10312247283605175,0.3584999999999999
rep0904,0.57,0.5696815665570198,alg1,0.1,0.005,0.005,0.09000000000000001,abs_005_005,1000,2000,0.2081157523864684,0.8008410832828412,True,0.5927253308963728,0.5927253308963728,0.5464879417487185,0.6085120582512815,-0.3383721893622501,0.19232902503155969,0.06202411650256301,0.10520121439380986,0.42549999999999993
rep0905,0.66,0.6633540310767755,alg1,0.1,0.005,0.005,0.09000000000000001,abs_005_005,1000,2000,0.3943859031564641,0.9164436187838656,True,0.5220577156274016,0.5220577156274016,0.6594248316582214,0.7175751683417786,-0.2650389285017573,0.19886845044208698,0.05815033668355718,0.08240737894384431,0.38149999999999995
rep0906,0.21,0.20778147997799512,alg1,0.1,0.005,0.005,0.09000000000000001,abs_005_005,1000,2000,-0.1653484286755029,0.3382524723909147,True,0.5036009010664176,0.3382524723909147,0.10330792062048758,0.14469207937951242,-0.26865634929599047,0.19356039301140232,0.04138415875902485,0.08421674230739268,0.3780000000000001
rep0907,0.61,0.6108360185194849,alg1,0.1,0.005,0.005,0.09000000000000001,abs_005_005,1000,2000,0.31097921105773363,0.9029411993450858,True,0.5919619882873521,0.5919619882873521,0.6129197920252031,0.673080207974797,-0.30194058096746945,0.2298609913702888,0.06016041594959387,0.09780157233775832,0.43399999999999994
rep0908,0.12,0.12191918547230092,alg1,0.1,0.005,0.005,0.09000000000000001,abs_005_005,1000,2000,-0.2696435965493574,0.17250282405969422,True,0.4421464206090516,0.17250282405969422,0.0,0.0,-0.2696435965493574,0.17250282405969422,0.0,0.0941464206090516,0.34800000000000003
rep0909,0.59,0.5887956842779712,alg1,0.1,0.005,0.005,0.09000000000000001,abs_005_005,1000,2000,0.3056040818828889,0.791649723629797,True,0.4860456417469081,0.4860456417469081,0.5874952718430843,0.6485047281569157,-0.28189118996019535,0.14314499547288126,0.06100945631383148,0.09903618543307663,0.326
rep0910,0.71,0.705233842939327,alg1,0.1,0.005,0.005,0.09000000000000001,abs_005_005,1000,2000,0.44038243687955647,1.0047069337663117,True,0.5643244968867552,0.5596175631204435,0.7654728326843753,0.8165271673156248,-0.3250903958048188,0.18817976645068696,0.05105433463124953,0.09377016225550577,0.41950000000000004
rep0911,0.41,0.41052858864821595,alg1,0.1,0.005,0.005,0.09000000000000001,abs_005_005,1000,2000,0.10735063670892775,0.6608909630883872,True,0.5535403263794595,0.5535403263794595,0.40090022253829233,0.46309977746170766,-0.2935495858293646,0.19779118562667958,0.062199554923415334,0.10584077145604415,0.3855
rep0912,0.40,0.3985697612219814,alg1,0.1,0.005,0.005,0.09000000000000001,abs_005_005,1000,2000,0.021026832288131236,0.6029339586611904,True,0.5819071263730591,0.5819071263730591,0.34558922714146084,0.40641077285853916,-0.3245623948533296,0.1965231858026512,0.06082154571707832,0.10108558065598078,0.4200000000000001
rep0913,0.31,0.3099407247072056,alg1,0.1,0.005,0.005,0.09000000000000001,abs_005_005,1000,2000,0.02805765397457155,0.6449127460290934,True,0.6168550920545219,0.6168550920545219,0.3024335955682802,0.36156640443171983,-0.27437594159370865,0.2833463415973736,0.059132808863439634,0.09372228319108222,0.46399999999999997
rep0914,0.53,0.5328259823253244,alg1,0.1,0.005,0.005,0.09000000000000001,abs_005_005,1000,2000,0.22473429183450278,0.7970969246713671,True,0.5723626328368643,0.5723626328368643,0.5641803831968867,0.6258196168031133,-0.3394460913623839,0.17127730786825385,0.061639233606226584,0.08522339923063765,0.42550000000000004
rep0915,0.54,0.5361074221794188,alg1,0.1,0.005,0.005,0.09000000000000001,abs_005_005,1000,2000,0.2768366717030811,0.9073529074998037,True,0.6305162357967226,0.6305162357967226,0.5682300466632261,0.6297699533367739,-0.29139337496014495,0.2775829541630298,0.061539906673547806,0.09447632912317477,0.4745
rep0916,0.77,0.7667858068857146,alg1,0.1,0.005,0.005,0.09000000000000001,abs_005_005,1000,2000,0.6675183071149702,1.1070240582614437,True,0.4395057511464735,0.3324816928850298,0.8882219041773407,0.9247780958226592,-0.22070359706237047,0.18224596243878433,0.036556191645318536,0.09844955950115492,0.3044999999999999
rep0917,0.16,0.15603266640807414,alg1,0.1,0.005,0.005,0.09000000000000001,abs_005_005,1000,2000,-0.29419773357286405,0.3291168495319539,True,0.6233145831048179,0.3291168495319539,0.09820862048726461,0.13879137951273537,-0.3924063540601287,0.19032547001921854,0.04058275902547076,0.09623182407934733,0.4864999999999999
rep0918,0.10,0.10229831623511373,alg1,0.1,0.005,0.005,0.09000000000000001,abs_005_005,1000,2000,-0.23380792514565923,0.46793033761644365,True,0.7017382627621029,0.46793033761644365,0.080707063813014,0.11829293618698601,-0.31451498895867325,0.34963740142945765,0.03758587237397201,0.09565239038813111,0.5684999999999998
rep0919,0.79,0.7880486889494721,alg1,0.1,0.005,0.005,0.09000000000000001,abs_005_005,1000,2000,0.6846261584123204,1.233841948700258,True,0.5492157902879377,0.31537384158767956,1.0,1.0,-0.31537384158767956,0.23384194870025815,0.0,0.10121579028793781,0.44799999999999995
rep0920,0.19,0.18988673461986103,alg1,0.1,0.005,0.005,0.09000000000000001,abs_005_005,1000,2000,-0.28209313082962606,0.35247938328566597,True,0.634572514115292,0.35247938328566597,0.12758202747780958,0.1724179725221904,-0.4096751583074356,0.18006141076347554,0.04483594504438082,0.09123656907091104,0.49850000000000005
rep0921,0.31,0.3057314196109613,alg1,0.1,0.005,0.005,0.09000000000000001,abs_005_005,1000,2000,0.10740037088563092,0.6268206824738557,True,0.5194203115882248,0.5194203115882248,0.34411349101457617,0.40488650898542383,-0.23671312012894524,0.2219341734884319,0.060773017970847665,0.08764729361737705,0.37100000000000005
rep0922,0.82,0.8204088881687474,alg1,0.1,0.005,0.005,0.09000000000000001,abs_005_005,1000,2000,0.5116821730246356,1.1084576116842884,True,0.5967754386596528,0.4883178269753644,0.8201595396096597,0.8658404603903402,-0.3084773665850241,0.24261715129394804,0.045680920780680534,0.10209451787897217,0.44899999999999995
rep0923,0.67,0.6673295667496753,alg1,0.1,0.005,0.005,0.09000000000000001,abs_005_005,1000,2000,0.5595611333107154,1.3110483305945486,True,0.7514871972838332,0.44043886668928456,0.8633577732952439,0.903642226704756,-0.30379663998452844,0.4074061038897926,0.040284453409512144,0.09770274387432099,0.6135
rep0924,0.19,0.18602206952727826,alg1,0.1,0.005,0.005,0.09000000000000001,abs_005_005,1000,2000,0.00018821666690482797,0.5799009236606412,True,0.5797127069937363,0.5797127069937363,0.3014560679420448,0.3605439320579552,-0.30126785127514,0.2193569916026859,0.05908786411591038,0.10462484287782586,0.4160000000000001
rep0925,0.64,0.6354263351837406,alg1,0.1,0.005,0.005,0.09000000000000001,abs_005_005,1000,2000,0.5864903427841154,1.1890893644916007,True,0.6025990217074854,0.4135096572158846,0.9616425370543741,0.9823574629456259,-0.3751521942702587,0.20673190154597482,0.02071492589125179,0.10088409581623337,0.4810000000000001
rep0926,0.07,0.07157292987670523,alg1,0.1,0.005,0.005,0.09000000000000001,abs_005_005,1000,2000,-0.3252073973497625,0.22557878618953334,True,0.5507861835392959,0.22557878618953334,0.0,0.0,-0.3252073973497625,0.22557878618953334,0.0,0.0907861835392958,0.4600000000000001
rep0927,0.62,0.615998541441101,alg1,0.1,0.005,0.005,0.09000000000000001,abs_005_005,1000,2000,0.28499874768051764,0.7868445066304879,True,0.5018457589499703,0.5018457589499703,0.5374045479560734,0.5995954520439266,-0.25240580027555576,0.18724905458656133,0.062190904087853216,0.0791548548621171,0.3605
rep0928,0.61,0.6069671000905437,alg1,0.1,0.005,0.005,0.09000000000000001,abs_005_005,1000,2000,0.5428870253301612,1.1207696245809111,True,0.5778825992507499,0.4571129746698388,0.7895707623337536,0.8384292376662463,-0.24668373700359236,0.28234038691466473,0.04885847533249277,0.10552412391825722,0.42349999999999993
rep0929,0.53,0.533638298979293,alg1,0.1,0.005,0.005,0.09000000000000001,abs_005_005,1000,2000,0.22687800600711716,0.8317282676376454,True,0.6048502616305282,0.6048502616305282,0.6047744275378668,0.6652255724621332,-0.37789642153074965,0.1665026951755122,0.0604511449242664,0.09589911670626183,0.4485
rep0930,0.29,0.29261726235459307,alg1,0.1,0.005,0.005,0.09000000000000001,abs_005_005,1000,2000,0.0991854585929664,0.6532223187556344,True,0.554036860162668,0.554036860162668,0.4267195046083154,0.4892804953916846,-0.327534046015349,0.16394182336394983,0.06256099078336919,0.08647586937929885,0.405
rep0931,0.22,0.2229244437616591,alg1,0.1,0.005,0.005,0.09000000000000001,abs_005_005,1000,2000,0.13271535249349642,0.6974041801204958,True,0.5646888276269993,0.5646888276269993,0.46560912460390314,0.5283908753960969,-0.3328937721104067,0.16901330472439885,0.06278175079219372,0.10090707683480543,0.4010000000000001
rep0932,0.42,0.42272745262942124,alg1,0.1,0.005,0.005,0.09000000000000001,abs_005_005,1000,2000,0.1914468031922949,0.7258010490975417,True,0.5343542459052468,0.5343542459052468,0.47711309594381207,0.5398869040561878,-0.28566629275151717,0.18591414504135395,0.0627738081123757,0.09608043779287107,0.37550000000000006
rep0933,0.49,0.48694716452448095,alg1,0.1,0.005,0.005,0.09000000000000001,abs_005_005,1000,2000,0.2293994959193406,0.7827646820906418,True,0.5533651861713011,0.5533651861713011,0.5490129750300087,0.6109870249699912,-0.31961347911066806,0.17177765712065046,0.06197404993998257,0.10239113623131851,0.389
rep0934,0.49,0.4935287680614457,alg1,0.1,0.005,0.005,0.09000000000000001,abs_005_005,1000,2000,0.36632046405330027,0.807210654748973,True,0.44089019069567276,0.44089019069567276,0.6241346118367551,0.6838653881632449,-0.25781414778345485,0.12334526658572814,0.05973077632648982,0.09365941436918296,0.28750000000000003
rep0935,0.59,0.5916524058171294,alg1,0.1,0.005,0.005,0.09000000000000001,abs_005_005,1000,2000,0.4022602265325249,0.9491101171405261,True,0.5468498906080012,0.5468498906080012,0.6933568952210643,0.7496431047789358,-0.29109666868853934,0.1994670123615903,0.05628620955787156,0.09056368105012963,0.4
rep0936,0.71,0.7101960404072895,alg1,0.1,0.005,0.005,0.09000000000000001,abs_005_005,1000,2000,0.48687107024997556,1.0841196956908266,True,0.597248625440851,0.5131289297500244,0.7654728326843753,0.8165271673156248,-0.2786017624343997,0.2675925283752018,0.05105433463124953,0.10169429080960152,0.44450000000000006
rep0937,0.75,0.7487264705753629,alg1,0.1,0.005,0.005,0.09000000000000001,abs_005_005,1000,2000,0.6817641528509051,1.152343377897762,True,0.470579225046857,0.3182358471490949,0.9397127037075208,0.9662872962924791,-0.2579485508566157,0.18605608160528303,0.026574592584958312,0.08200463246189876,0.362
rep0938,0.10,0.10400479654477361,alg1,0.1,0.005,0.005,0.09000000000000001,abs_005_005,1000,2000,-0.23753012986472555,0.3390225618032807,True,0.5765526916680063,0.3390225618032807,0.11261286625473842,0.15538713374526159,-0.350142996119464,0.18363542805801913,0.04277426749052317,0.08477842417748316,0.44899999999999995
rep0939,0.62,0.61597297399605,alg1,0.1,0.005,0.005,0.09000000000000001,abs_005_005,1000,2000,0.23804481373806852,0.7630130173374705,True,0.524968203599402,0.524968203599402,0.5016770047283273,0.5643229952716727,-0.2636321909902588,0.1986900220657978,0.06264599054334541,0.10382221305605671,0.3584999999999999
rep0940,0.04,0.03944101284156614,alg1,0.1,0.005,0.005,0.09000000000000001,abs_005_005,1000,2000,-0.30094792938717657,0.1401812380741545,True,0.4411291674613311,0.1401812380741545,0.0,0.0,-0.30094792938717657,0.1401812380741545,0.0,0.07612916746133108,0.365
rep0941,0.56,0.5583163483519791,alg1,0.1,0.005,0.005,0.09000000000000001,abs_005_005,1000,2000,0.38148121037395916,0.9495527955981168,True,0.5680715852241576,0.5680715852241576,0.6707155896253978,0.7282844103746022,-0.28923437925143863,0.22126838522351455,0.05756882074920444,0.1040027644749531,0.40650000000000003
rep0942,0.57,0.5733742466148171,alg1,0.1,0.005,0.005,0.09000000000000001,abs_005_005,1000,2000,0.2840807644013672,1.0177208078881859,True,0.7336400434868187,0.7159192355986328,0.65788667708642,0.7161133229135801,-0.3738059126850528,0.3016074849746059,0.058226645827160084,0.10341339765965885,0.5719999999999998
rep0943,0.52,0.5192053278597004,alg1,0.1,0.005,0.005,0.09000000000000001,abs_005_005,1000,2000,0.10846552682632998,0.6852921255215526,True,0.5768265986952226,0.5768265986952226,0.410820476467146,0.47317952353285403,-0.302354949640816,0.21211260198869858,0.06235904706570805,0.10646755162951449,0.40800000000000003
rep0944,0.74,0.7406440761691009,alg1,0.1,0.005,0.005,0.09000000000000001,abs_005_005,1000,2000,0.40856320554224373,0.9801027708897833,True,0.5715395653475395,0.5715395653475395,0.7316293853842275,0.7853706146157724,-0.32306617984198377,0.19473215627401086,0.053741229231544896,0.09979833611599448,0.4180000000000001
rep0945,0.34,0.3414404434383478,alg1,0.1,0.005,0.005,0.09000000000000001,abs_005_005,1000,2000,-0.19233527885937626,0.553874819489997,True,0.7462100983493732,0.553874819489997,0.22281421511141605,0.277185784888584,-0.4151494939707923,0.276689034601413,0.05437156977716792,0.09283852857220531,0.599
rep0946,0.21,0.21214867445246377,alg1,0.1,0.005,0.005,0.09000000000000001,abs_005_005,1000,2000,-0.27293521433307044,0.2989279700565617,True,0.5718631843896321,0.2989279700565617,0.05577138428726039,0.0882286157127396,-0.3287065986203308,0.2106993543438221,0.03245723142547921,0.09390595296415272,0.4455000000000001
rep0947,0.28,0.28422013734374324,alg1,0.1,0.005,0.005,0.09000000000000001,abs_005_005,1000,2000,0.11791275032155446,0.7332733721223551,True,0.6153606218008006,0.6153606218008006,0.443647823408715,0.506352176591285,-0.32573507308716054,0.22692119553107015,0.06270435318256995,0.09865626861823068,0.454
rep0948,0.48,0.48338293458160114,alg1,0.1,0.005,0.005,0.09000000000000001,abs_005_005,1000,2000,0.11443949381822732,0.6638551285090688,True,0.5494156346908414,0.5494156346908414,0.4078430504644922,0.4701569495355078,-0.2934035566462649,0.19369817897356106,0.06231389907101559,0.10510173561982594,0.382
rep0949,0.52,0.5182804217943408,alg1,0.1,0.005,0.005,0.09000000000000001,abs_005_005,1000,2000,0.3258734697954001,0.8268306412198976,True,0.5009571714244975,0.5009571714244975,0.604265642500474,0.6647343574995259,-0.2783921727050739,0.16209628372037166,0.06046871499905193,0.10498845642544546,0.3355000000000001
rep0950,0.23,0.22991933107119408,alg1,0.1,0.005,0.005,0.09000000000000001,abs_005_005,1000,2000,-0.09801662957941915,0.4554650577050286,True,0.5534816872844477,0.4554650577050286,0.23970882251375325,0.2952911774862468,-0.3377254520931724,0.16017388021878182,0.05558235497249353,0.0938993323119543,0.4039999999999999
rep0951,0.36,0.35825827602418825,alg1,0.1,0.005,0.005,0.09000000000000001,abs_005_005,1000,2000,-0.19273777254891275,0.44620832984506914,True,0.6389461023939819,0.44620832984506914,0.18108590004638161,0.23191409995361836,-0.37382367259529437,0.21429422989145078,0.05082819990723675,0.08861790248674506,0.49950000000000006
rep0952,0.73,0.7289050088345319,alg1,0.1,0.005,0.005,0.09000000000000001,abs_005_005,1000,2000,0.44592981783494196,0.9417706007659982,True,0.4958407829310562,0.4958407829310562,0.731110450518718,0.784889549481282,-0.2851806326837761,0.15688105128471616,0.05377909896256394,0.10106168396849213,0.3410000000000001
rep0953,0.65,0.6450561188092513,alg1,0.1,0.005,0.005,0.09000000000000001,abs_005_005,1000,2000,0.5308664284498303,1.0284365918337657,True,0.49757016338393534,0.46913357155016966,0.7686086903650909,0.8193913096349091,-0.23774226191526063,0.20904528219885643,0.0507826192698182,0.0902875441141171,0.35649999999999993
rep0954,0.34,0.3356003964011355,alg1,0.1,0.005,0.005,0.09000000000000001,abs_005_005,1000,2000,0.04109051388273738,0.616163774675814,True,0.5750732607930766,0.5750732607930766,0.3534650503371997,0.4145349496628003,-0.31237453645446234,0.20162882501301366,0.061069899325600585,0.09650336146747607,0.41749999999999987
rep0955,0.59,0.5934399509169045,alg1,0.1,0.005,0.005,0.09000000000000001,abs_005_005,1000,2000,0.4970131487709494,1.0725430251610855,True,0.5755298763901361,0.5029868512290506,0.7806495752999313,0.8303504247000687,-0.2836364265289819,0.24219260046101682,0.049700849400137415,0.09282902698999884,0.43299999999999994
rep0956,0.39,0.39181048198391705,alg1,0.1,0.005,0.005,0.09000000000000001,abs_005_005,1000,2000,0.13986065316816465,0.7941147231487868,True,0.6542540699806222,0.6542540699806222,0.4931462676250192,0.5558537323749808,-0.3532856144568545,0.23826099077380608,0.06270746474996164,0.10204660523066067,0.48949999999999994
rep0957,0.68,0.6783139786825123,alg1,0.1,0.005,0.005,0.09000000000000001,abs_005_005,1000,2000,0.2723879540279561,0.852264708672331,True,0.5798767546443748,0.5798767546443748,0.5961298399344417,0.6568701600655582,-0.32374188590648556,0.19539454860677277,0.06074032013111652,0.10163643451325821,0.4175000000000001
rep0958,0.57,0.5707098860996819,alg1,0.1,0.005,0.005,0.09000000000000001,abs_005_005,1000,2000,0.2759262956078129,0.870644313359671,True,0.5947180177518581,0.5947180177518581,0.572281843435527,0.633718156564473,-0.2963555478277141,0.236926156795198,0.06143631312894593,0.10028170462291214,0.433
rep0959,0.46,0.46419226054784907,alg1,0.1,0.005,0.005,0.09000000000000001,abs_005_005,1000,2000,0.2092404268726284,0.7679833506043001,True,0.5587429237316717,0.5587429237316717,0.5404311791668863,0.6025688208331137,-0.33119075229425793,0.16541452977118642,0.06213764166622737,0.10060528206544439,0.39599999999999996
rep0960,0.27,0.26685012160209715,alg1,0.1,0.005,0.005,0.09000000000000001,abs_005_005,1000,2000,0.005745891255038549,0.5515007093117805,True,0.545754818056742,0.545754818056742,0.3712174312101229,0.43278256878987714,-0.36547153995508436,0.11871814052190335,0.06156513757975424,0.08518968047698777,0.39899999999999997
rep0961,0.10,0.09932453733107761,alg1,0.1,0.005,0.005,0.09000000000000001,abs_005_005,1000,2000,-0.1813780371269975,0.3901143753986027,True,0.5714924125256002,0.3901143753986027,0.15019841449126534,0.19780158550873464,-0.3315764516182628,0.19231278988986805,0.0476031710174693,0.10538924150813084,0.41850000000000004
rep0962,0.49,0.49056511629801486,alg1,0.1,0.005,0.005,0.09000000000000001,abs_005_005,1000,2000,0.2981548071537272,0.8485995590066979,True,0.5504447518529707,0.5504447518529707,0.542449580714241,0.604550419285759,-0.24429477356051377,0.2440491397209389,0.06210083857151805,0.09684391328145259,0.39150000000000007
rep0963,0.64,0.6424563136593564,alg1,0.1,0.005,0.005,0.09000000000000001,abs_005_005,1000,2000,0.3969777202435657,1.005272258524697,True,0.6082945382811312,0.6030222797564343,0.6882039464237457,0.7447960535762543,-0.29122622618018,0.2604762049484427,0.05659210715250862,0.0957024311286227,0.456
rep0964,0.41,0.4098375058446741,alg1,0.1,0.005,0.005,0.09000000000000001,abs_005_005,1000,2000,0.018052580814687746,0.4743142772739154,True,0.45626169645922765,0.45626169645922765,0.2916891344416287,0.3503108655583713,-0.27363655362694095,0.12400341171554405,0.058621731116742626,0.08813996534248497,0.30950000000000005
rep0965,0.52,0.5177998783960265,alg1,0.1,0.005,0.005,0.09000000000000001,abs_005_005,1000,2000,0.3279453977383652,0.931556539931673,True,0.6036111421933078,0.6036111421933078,0.6144480606626291,0.6745519393373708,-0.28650266292426396,0.2570046005943022,0.06010387867474165,0.09150726351856608,0.45200000000000007
rep0966,0.65,0.6530343212030639,alg1,0.1,0.005,0.005,0.09000000000000001,abs_005_005,1000,2000,0.4608713396271418,1.0404198048678641,True,0.5795484652407223,0.5391286603728582,0.7592073895803303,0.8107926104196698,-0.2983360499531885,0.22962719444819438,0.051585220839339474,0.09196324440138287,0.436
rep0967,0.42,0.4212391093269436,alg1,0.1,0.005,0.005,0.09000000000000001,abs_005_005,1000,2000,0.1551284968008148,0.747728077885094,True,0.5925995810842792,0.5925995810842792,0.492143250567568,0.5548567494324319,-0.3370147537667532,0.1928713284526621,0.06271349886486388,0.10288608221941536,0.427
rep0968,0.73,0.7275222267367003,alg1,0.1,0.005,0.005,0.09000000000000001,abs_005_005,1000,2000,0.32424525254458103,1.0130894886084703,True,0.6888442360638892,0.675754747455419,0.7686086903650909,0.8193913096349091,-0.4443634378205099,0.19369817897356106,0.0507826192698182,0.101061616794071,0.5369999999999999
rep0969,0.14,0.14258850472421675,alg1,0.1,0.005,0.005,0.09000000000000001,abs_005_005,1000,2000,-0.015254721250870407,0.5306713737611524,True,0.5459260950120228,0.5306713737611524,0.2595699593389326,0.31643004066106734,-0.274824680589803,0.21424133310008509,0.056860081322134715,0.0935660136898881,0.3955
rep0970,0.47,0.47304827033809954,alg1,0.1,0.005,0.005,0.09000000000000001,abs_005_005,1000,2000,0.16611595427576886,0.84937360766389,True,0.6832576533881212,0.6832576533881212,0.5895260406999051,0.6504739593000949,-0.42341008642413624,0.19889964836379512,0.06094791860018978,0.09980973478793131,0.5225000000000001
rep0971,0.80,0.7956306301453825,alg1,0.1,0.005,0.005,0.09000000000000001,abs_005_005,1000,2000,0.5290665242694974,1.1069107285140636,True,0.5778442042445662,0.4709334757305026,0.8671233920459601,0.9068766079540399,-0.3380568677764627,0.20003412056002373,0.039753215908079786,0.10359098833648639,0.4345
rep0972,0.77,0.7717441073435837,alg1,0.1,0.005,0.005,0.09000000000000001,abs_005_005,1000,2000,0.5588486073859285,1.161785509462441,True,0.6029369020765125,0.44115139261407155,0.8991319639249392,0.9338680360750607,-0.34028335653901076,0.22791747338738022,0.03473607215012153,0.10570082992639102,0.46249999999999997
rep0973,0.67,0.674802219980781,alg1,0.1,0.005,0.005,0.09000000000000001,abs_005_005,1000,2000,0.4331380858529038,1.0509802533704895,True,0.6178421675175857,0.5668619141470962,0.7607729764956375,0.8122270235043625,-0.32763489064273366,0.23875322986612707,0.05145404700872502,0.10338812050886076,0.463
rep0974,0.57,0.5705564869580644,alg1,0.1,0.005,0.005,0.09000000000000001,abs_005_005,1000,2000,0.40201294025026424,1.0227707879807355,True,0.6207578477304713,0.5979870597497358,0.7602510573577341,0.8117489426422659,-0.3582381171074699,0.2110218453384695,0.05149788528453181,0.08725996244593937,0.482
rep0975,0.36,0.3607373352562038,alg1,0.1,0.005,0.005,0.09000000000000001,abs_005_005,1000,2000,-0.05009790459214697,0.5997188924988022,True,0.6498167970909492,0.5997188924988022,0.31368588131144487,0.3733141186885552,-0.36378378590359184,0.22640477381024704,0.059628237377110316,0.10518855971383889,0.485
rep0976,0.55,0.549968058507605,alg1,0.1,0.005,0.005,0.09000000000000001,abs_005_005,1000,2000,0.28075165433537136,0.8752147984113018,True,0.5944631440759305,0.5944631440759305,0.6277066453303195,0.6872933546696804,-0.34695499099494814,0.18792144374162137,0.059586709339360944,0.09537643473656943,0.4395000000000001
rep0977,0.34,0.34386259797383306,alg1,0.1,0.005,0.005,0.09000000000000001,abs_005_005,1000,2000,-0.06361908649268005,0.6361445172252889,True,0.6997636037179689,0.6361445172252889,0.35100291267892864,0.4119970873210714,-0.4146219991716087,0.2241474299042175,0.06099417464214274,0.09476942907582608,0.544
rep0978,0.09,0.09187027739961487,alg1,0.1,0.005,0.005,0.09000000000000001,abs_005_005,1000,2000,-0.10181850672565002,0.38061859940840004,True,0.48243710613405005,0.38061859940840004,0.17917741787503916,0.22982258212496082,-0.2809959246006892,0.15079601728343925,0.05064516424992166,0.10229194188412843,0.32949999999999996
rep0979,0.29,0.29022549594630476,alg1,0.1,0.005,0.005,0.09000000000000001,abs_005_005,1000,2000,-0.07973288197855041,0.4286522616134018,True,0.5083851435919522,0.4286522616134018,0.210302064339937,0.26369793566006294,-0.2900349463184874,0.16495432595333887,0.05339587132012594,0.08398927227182629,0.371
rep0980,0.38,0.38207521365970815,alg1,0.1,0.005,0.005,0.09000000000000001,abs_005_005,1000,2000,0.09701544667661205,0.6914088044109667,True,0.5943933577343548,0.5943933577343548,0.39297331259811824,0.45502668740188174,-0.2959578659215062,0.23638211700908507,0.062053374803763495,0.08983998293059126,0.4425
rep0981,0.85,0.8490801200465765,alg1,0.1,0.005,0.005,0.09000000000000001,abs_005_005,1000,2000,0.5655120710132988,1.032137655978355,True,0.46662558496505624,0.4344879289867012,0.8185711151342429,0.8644288848657572,-0.2530590441209441,0.16770877111259785,0.04585776973151434,0.097767815233542,0.32299999999999995
rep0982,0.61,0.6078923145347822,alg1,0.1,0.005,0.005,0.09000000000000001,abs_005_005,1000,2000,0.47664592679451057,1.0530088782824158,True,0.5763629514879053,0.5233540732054894,0.7456599064064562,0.7983400935935439,-0.2690139796119456,0.25466878468887194,0.05268018718708767,0.08668276430081756,0.43699999999999994
rep0983,0.13,0.13188209031789844,alg1,0.1,0.005,0.005,0.09000000000000001,abs_005_005,1000,2000,-0.04919362264746355,0.6169371244163675,True,0.666130747063831,0.6169371244163675,0.23632535167927401,0.29167464832072604,-0.28551897432673756,0.3252624760956414,0.05534929664145202,0.09278145042237906,0.5179999999999999
rep0984,0.43,0.4339175652789224,alg1,0.1,0.005,0.005,0.09000000000000001,abs_005_005,1000,2000,0.11614558587586016,0.6146534014635936,True,0.49850781558773344,0.49850781558773344,0.4023874399293123,0.4646125600706877,-0.28624185405345215,0.15004084139290597,0.06222512014137538,0.1007826954463581,0.3355
rep0985,0.52,0.519694130940924,alg1,0.1,0.005,0.005,0.09000000000000001,abs_005_005,1000,2000,0.1769273389883227,0.6410223996737816,True,0.4640950606854589,0.4640950606854589,0.4536226888809052,0.5163773111190948,-0.2766953498925825,0.12464508855468676,0.06275462223818962,0.08484043844726924,0.3165
rep0986,0.32,0.32208760185791574,alg1,0.1,0.005,0.005,0.09000000000000001,abs_005_005,1000,2000,-0.07617451724583263,0.575026820991221,True,0.6512013382370536,0.575026820991221,0.2999900590352226,0.35900994096477745,-0.3761645762810552,0.21601688002644365,0.059019881929554874,0.10518145630749887,0.487
rep0987,0.68,0.6813639880543828,alg1,0.1,0.005,0.005,0.09000000000000001,abs_005_005,1000,2000,0.3887673773660451,1.030932124581808,True,0.6421647472157628,0.6112326226339548,0.6666076108460335,0.7243923891539665,-0.2778402334799884,0.3065397354278413,0.05778477830793305,0.09037996890782968,0.49400000000000005
rep0988,0.43,0.42623173649753915,alg1,0.1,0.005,0.005,0.09000000000000001,abs_005_005,1000,2000,0.18009782419472126,0.6906547001995728,True,0.5105568760048516,0.5105568760048516,0.46560912460390314,0.5283908753960969,-0.2855113004091819,0.1622638248034759,0.06278175079219372,0.1027751252126578,0.345
rep0989,0.16,0.16100365715429354,alg1,0.1,0.005,0.005,0.09000000000000001,abs_005_005,1000,2000,-0.23325795188761259,0.24453413135784832,True,0.4777920832454609,0.24453413135784832,0.017232791250562512,0.03776720874943749,-0.2504907431381751,0.20676692260841084,0.020534417498874975,0.09925766574658595,0.358
rep0990,0.48,0.4786719612656737,alg1,0.1,0.005,0.005,0.09000000000000001,abs_005_005,1000,2000,0.1799458554602102,0.7183733805298622,True,0.538427525069652,0.538427525069652,0.5011749441637992,0.5638250558362008,-0.32122908870358896,0.1545483246936614,0.06265011167240164,0.10077741339725022,0.3750000000000001
rep0991,0.67,0.6691826357680173,alg1,0.1,0.005,0.005,0.09000000000000001,abs_005_005,1000,2000,0.37597344475105815,0.93608894828131,True,0.5601155035302519,0.5601155035302519,0.6768824533967464,0.7341175466032537,-0.3009090086456882,0.20197140167805624,0.057235093206507326,0.1003804103237444,0.4025
rep0992,0.38,0.38192524926570776,alg1,0.1,0.005,0.005,0.09000000000000001,abs_005_005,1000,2000,0.13686472801152022,0.6395297463545171,True,0.5026650183429968,0.5026650183429968,0.44065781998201287,0.5033421800179871,-0.30379309197049265,0.13618756633653,0.06268436003597427,0.10698065830702258,0.3330000000000001
rep0993,0.40,0.40445688832898824,alg1,0.1,0.005,0.005,0.09000000000000001,abs_005_005,1000,2000,0.08452505564070756,0.7293563854972529,True,0.6448313298565453,0.6448313298565453,0.4861277927021203,0.5488722072978796,-0.40160273706141275,0.18048417819937337,0.06274441459575925,0.0835869152607861,0.49850000000000005
rep0994,0.52,0.5164659959573914,alg1,0.1,0.005,0.005,0.09000000000000001,abs_005_005,1000,2000,0.22049976323935627,0.723407076431947,True,0.5029073131925907,0.5029073131925907,0.5092117086419983,0.5717882913580017,-0.288711945402642,0.1516187850739453,0.06257658271600341,0.08383073047658729,0.35650000000000004
rep0995,0.65,0.6477753976991143,alg1,0.1,0.005,0.005,0.09000000000000001,abs_005_005,1000,2000,0.5554362779117888,0.9859506008541141,True,0.4305143229423253,0.4305143229423253,0.8016714566477395,0.8493285433522605,-0.2462351787359507,0.13662205750185358,0.04765708670452096,0.09485723623780423,0.28800000000000003
rep0996,0.38,0.37720978773316866,alg1,0.1,0.005,0.005,0.09000000000000001,abs_005_005,1000,2000,0.21979835431197364,0.8244233526907738,True,0.6046249983788001,0.6046249983788001,0.517759664929226,0.5802403350707741,-0.29796131061725234,0.24418301761999972,0.06248067014154812,0.10114432823725195,0.44100000000000006
rep0997,0.25,0.24626615445195021,alg1,0.1,0.005,0.005,0.09000000000000001,abs_005_005,1000,2000,-0.03800704766535937,0.45741550224099825,True,0.4954225499063576,0.45741550224099825,0.24551420073145327,0.3014857992685468,-0.28352124839681264,0.15592970297245146,0.05597159853709352,0.10445095136926419,0.3349999999999999
rep0998,0.55,0.5545866695943503,alg1,0.1,0.005,0.005,0.09000000000000001,abs_005_005,1000,2000,0.21180581283567146,0.7572842122418995,True,0.545478399406228,0.545478399406228,0.5031833760334351,0.5658166239665648,-0.29137756319776364,0.19146758827533455,0.06263324793312974,0.10434515147309831,0.3784999999999999
rep0999,0.95,0.9482047380720229,alg1,0.1,0.005,0.005,0.09000000000000001,abs_005_005,1000,2000,0.39971707030308,0.99702209046734,True,0.59730502016426,0.59730502016426,0.7295539451743535,0.7834460548256464,-0.32983687487127344,0.21357603564169356,0.053892109651292985,0.10291291051296708,0.44049999999999995
