task_id,label,theta,algo,alpha,alpha1,alpha2,alpha3,alloc,n_j,N_j,L,U,covered,width,width_clip,L_tilde,U_tilde,delta_L,delta_U,W1,W2,W3
rep0000,0.64,0.6373258281549462,alg1,0.15,0.005,0.005,0.13999999999999999,abs_005_005,1000,2000,0.5012355260303129,1.0297534531122075,True,0.5285179270818946,0.49876447396968715,0.7487829784871016,0.8012170215128984,-0.24754745245678877,0.228536431599309,0.052434043025796795,0.08408388405609779,0.392
rep0001,0.63,0.6286775031272058,alg1,0.15,0.005,0.005,0.13999999999999999,abs_005_005,1000,2000,0.2617459688257929,0.7788021896906194,True,0.5170562208648266,0.5170562208648266,0.5051923137765774,0.5678076862234226,-0.2434463449507845,0.21099450346719686,0.06261537244684523,0.0969408484179815,0.3574999999999999
rep0002,0.41,0.41163350278134125,alg1,0.15,0.005,0.005,0.13999999999999999,abs_005_005,1000,2000,0.31254281879714585,0.7594347277882806,True,0.44689190899113473,0.44689190899113473,0.5651925996378261,0.6268074003621739,-0.25264978084068024,0.1326273274261067,0.061614800724347774,0.09677710826678698,0.2885
rep0003,0.61,0.6096642639308459,alg1,0.15,0.005,0.005,0.13999999999999999,abs_005_005,1000,2000,0.2875432403955996,0.766154343749476,True,0.4786111033538764,0.4786111033538764,0.5535600924311396,0.6154399075688605,-0.26601685203554,0.1507144361806155,0.061879815137720895,0.10123128821615546,0.3155
rep0004,0.49,0.48771390184223834,alg1,0.15,0.005,0.005,0.13999999999999999,abs_005_005,1000,2000,0.4271205288290334,0.9540363339272749,True,0.5269158050982415,0.5269158050982415,0.6902646077134704,0.7467353922865296,-0.263144078884437,0.2073009416407453,0.05647078457305921,0.09094502052518233,0.3795
rep0005,0.45,0.45399106596774735,alg1,0.15,0.005,0.005,0.13999999999999999,abs_005_005,1000,2000,0.14812416395829703,0.6247240018012175,True,0.4765998378429204,0.4765998378429204,0.3914879417487185,0.4535120582512815,-0.24336377779042145,0.17121194354993596,0.06202411650256301,0.10107572134035736,0.31350000000000006
rep0006,0.55,0.5464766064649674,alg1,0.15,0.005,0.005,0.13999999999999999,abs_005_005,1000,2000,0.2993038057003902,0.881141675788265,True,0.5818378700878748,0.5818378700878748,0.607827877329488,0.6681721226705121,-0.30852407162909773,0.21296955311775287,0.060344245341024116,0.10099362474685059,0.4205
rep0007,0.86,0.8640043102014627,alg1,0.15,0.005,0.005,0.13999999999999999,abs_005_005,1000,2000,0.6002893843742438,1.1449236441541315,True,0.5446342597798877,0.39971061562575616,0.9090142925758743,0.9419857074241257,-0.30872490820163045,0.2029379367300059,0.03297141484825139,0.0971628449316364,0.4145
rep0008,0.39,0.3885451173297374,alg1,0.15,0.005,0.005,0.13999999999999999,abs_005_005,1000,2000,0.2347678664575032,0.6848460238168086,True,0.4500781573593054,0.4500781573593054,0.4536226888809052,0.5163773111190948,-0.21885482242340198,0.16846871269771382,0.06275462223818962,0.08382353512111584,0.3035
rep0009,0.65,0.6548269806048382,alg1,0.15,0.005,0.005,0.13999999999999999,abs_005_005,1000,2000,0.2749744299766383,0.8276230170129129,True,0.5526485870362745,0.5526485870362745,0.5565929786575801,0.61840702134242,-0.28161854868094177,0.20921599567049293,0.06181404268483992,0.10233454435143469,0.3885
rep0010,0.04,0.04485482439916032,alg1,0.15,0.005,0.005,0.13999999999999999,abs_005_005,1000,2000,-0.09864115340453264,0.41813258940077624,True,0.5167737428053089,0.41813258940077624,0.1882510573577341,0.2397489426422659,-0.28689221076226673,0.17838364675851034,0.05149788528453181,0.09527585752077705,0.37
rep0011,0.48,0.4849986644406866,alg1,0.15,0.005,0.005,0.13999999999999999,abs_005_005,1000,2000,0.2759675560120594,0.777116529868431,True,0.5011489738563717,0.5011489738563717,0.549518079532449,0.611481920467551,-0.2735505235203896,0.16563460940088007,0.06196384093510199,0.09718513292126973,0.34199999999999997
rep0012,0.16,0.15828025818708946,alg1,0.15,0.005,0.005,0.13999999999999999,abs_005_005,1000,2000,-0.12947027421195245,0.3265959963945805,True,0.45606627060653293,0.3265959963945805,0.13368917700510524,0.17931082299489476,-0.2631594512170577,0.14728517339968572,0.04562164598978952,0.09094462461674341,0.3195
rep0013,0.55,0.5484808341249996,alg1,0.15,0.005,0.005,0.13999999999999999,abs_005_005,1000,2000,0.13902451372419106,0.7262189059577657,True,0.5871943922335747,0.5871943922335747,0.46410983093197367,0.5268901690680263,-0.3250853172077826,0.19932873688973934,0.06278033813605266,0.09291405409752196,0.4315
rep0014,0.31,0.3109773362624415,alg1,0.15,0.005,0.005,0.13999999999999999,abs_005_005,1000,2000,0.13516901490668065,0.6627557733140035,True,0.5275867584073228,0.5275867584073228,0.3949542621576793,0.45704573784232067,-0.25978524725099866,0.20571003547168276,0.06209147568464135,0.09649528272268154,0.3689999999999999
rep0015,0.29,0.289124392982063,alg1,0.15,0.005,0.005,0.13999999999999999,abs_005_005,1000,2000,0.0641540684481029,0.5501744815923312,True,0.4860204131442283,0.4860204131442283,0.33084597641644675,0.3911540235835532,-0.26669190796834386,0.15902045800877798,0.06030804716710647,0.1002123659771218,0.3255
rep0016,0.55,0.5512395986675925,alg1,0.15,0.005,0.005,0.13999999999999999,abs_005_005,1000,2000,0.2934589003821071,0.7671067629887522,True,0.47364786260664515,0.47364786260664515,0.5303469250981944,0.5926530749018056,-0.23688802471608725,0.1744536880869466,0.062306149803611266,0.09934171280303389,0.312
rep0017,0.27,0.27104730882952244,alg1,0.15,0.005,0.005,0.13999999999999999,abs_005_005,1000,2000,0.19212551125685723,0.7095864612691536,True,0.5174609500122964,0.5174609500122964,0.4711089519483476,0.5338910480516523,-0.2789834406914904,0.1756954132175012,0.06278209610330471,0.09167885390899161,0.363
rep0018,0.44,0.43911829646560946,alg1,0.15,0.005,0.005,0.13999999999999999,abs_005_005,1000,2000,0.18668556130384853,0.681333044193267,True,0.4946474828894185,0.4946474828894185,0.41826908201666446,0.48073091798333556,-0.23158352071281593,0.20060212620993145,0.0624618359666711,0.10468564692274746,0.32749999999999996
rep0019,0.33,0.32544495723094996,alg1,0.15,0.005,0.005,0.13999999999999999,abs_005_005,1000,2000,0.010016823880381165,0.5165507911982135,True,0.5065339673178323,0.5065339673178323,0.26151151112356935,0.3184884888764306,-0.2514946872431882,0.19806230232178285,0.05697697775286126,0.09055698956497105,0.359
rep0020,0.24,0.23833631651545992,alg1,0.15,0.005,0.005,0.13999999999999999,abs_005_005,1000,2000,0.1937383544358652,0.6041248729297043,True,0.4103865184938391,0.4103865184938391,0.42423313252885964,0.4867668674711404,-0.23049477809299443,0.11735800545856392,0.06253373494228076,0.10185278355155844,0.2459999999999999
rep0021,0.18,0.17954220887381017,alg1,0.15,0.005,0.005,0.13999999999999999,abs_005_005,1000,2000,0.05975608945287214,0.5652611489833856,True,0.5055050595305135,0.5055050595305135,0.359870591203506,0.421129408796494,-0.30011450175063387,0.14413174018689157,0.06125881759298801,0.10474624193752546,0.33949999999999997
rep0022,0.22,0.22156152657943062,alg1,0.15,0.005,0.005,0.13999999999999999,abs_005_005,1000,2000,-0.12948664334951565,0.38113624642674626,True,0.5106228897762619,0.38113624642674626,0.17345775506433925,0.22354224493566077,-0.3029443984138549,0.1575940014910855,0.050084489871321525,0.09553839990494034,0.36500000000000005
rep0023,0.50,0.4979884610796338,alg1,0.15,0.005,0.005,0.13999999999999999,abs_005_005,1000,2000,0.3006276075680131,0.7486257196452546,True,0.4479981120772415,0.4479981120772415,0.549518079532449,0.611481920467551,-0.2488904719644359,0.13714379917770364,0.06196384093510199,0.09703427114213936,0.28900000000000015
rep0024,0.69,0.688591058724187,alg1,0.15,0.005,0.005,0.13999999999999999,abs_005_005,1000,2000,0.4723665892590584,1.094969143188397,True,0.6226025539293386,0.5276334107409416,0.7775053355578222,0.8274946644421778,-0.3051387462987638,0.26747447874621916,0.04998932888435559,0.10411322504498294,0.46849999999999997
rep0025,0.76,0.7562608277116923,alg1,0.15,0.005,0.005,0.13999999999999999,abs_005_005,1000,2000,0.6650258300180925,1.119865724263454,True,0.45483989424536153,0.33497416998190754,0.9079129874333186,0.9410870125666814,-0.24288715741522618,0.17877871169677262,0.03317402513336276,0.08916586911199875,0.3325
rep0026,0.63,0.6260146732349109,alg1,0.15,0.005,0.005,0.13999999999999999,abs_005_005,1000,2000,0.49958225613856155,0.984828072667469,True,0.4852458165289074,0.4852458165289074,0.7326674053744279,0.786332594625572,-0.23308514923586632,0.19849547804189688,0.05366518925114416,0.10608062727776318,0.3255
rep0027,0.83,0.8309972605657512,alg1,0.15,0.005,0.005,0.13999999999999999,abs_005_005,1000,2000,0.7149360160279914,1.1701181029187013,True,0.45518208689070994,0.2850639839720086,1.0,1.0,-0.28506398397200855,0.1701181029187014,0.0,0.10368208689070996,0.3515
rep0028,0.40,0.39958981826499174,alg1,0.15,0.005,0.005,0.13999999999999999,abs_005_005,1000,2000,0.2045098233298916,0.7146186995695949,True,0.5101088762397032,0.5101088762397032,0.4846246360870454,0.5473753639129546,-0.28011481275715383,0.16724333565664035,0.06275072782590918,0.10585814841379415,0.3415
rep0029,0.22,0.22173165915440826,alg1,0.15,0.005,0.005,0.13999999999999999,abs_005_005,1000,2000,-0.055247331086713564,0.4076117023351582,True,0.46285903342187174,0.4076117023351582,0.22281421511141605,0.277185784888584,-0.2780615461981296,0.1304259174465742,0.05437156977716792,0.09748746364470373,0.31100000000000005
rep0030,0.46,0.4618527292941355,alg1,0.15,0.005,0.005,0.13999999999999999,abs_005_005,1000,2000,0.04832615048647093,0.6131932234754165,True,0.5648670729889456,0.5648670729889456,0.39693573094867596,0.459064269051324,-0.348609580462205,0.15412895442409252,0.06212853810264807,0.09523853488629747,0.40750000000000014
rep0031,0.77,0.7723091706612852,alg1,0.15,0.005,0.005,0.13999999999999999,abs_005_005,1000,2000,0.56940324160341,1.1446576826391268,True,0.5752544410357168,0.43059675839658995,0.8682003855111966,0.9077996144888034,-0.2987971439077865,0.23685806815032345,0.039599228977606815,0.10415521205810996,0.4315
rep0032,0.50,0.49757483899438837,alg1,0.15,0.005,0.005,0.13999999999999999,abs_005_005,1000,2000,0.270152653906489,0.7292100188354256,True,0.45905736492893656,0.45905736492893656,0.5167535461327661,0.579246453867234,-0.2466008922262771,0.14996356496819158,0.062492907734467806,0.08956445719446865,0.307
rep0033,0.75,0.7459443379237577,alg1,0.15,0.005,0.005,0.13999999999999999,abs_005_005,1000,2000,0.38889894695782284,0.8555815626919808,True,0.466682615734158,0.466682615734158,0.656348876686611,0.714651123313389,-0.26744992972878817,0.14093043937859187,0.058302246626777965,0.10338036910738008,0.305
rep0034,0.31,0.3084834294561743,alg1,0.15,0.005,0.005,0.13999999999999999,abs_005_005,1000,2000,0.03842678718106074,0.524513143900397,True,0.4860863567193363,0.4860863567193363,0.34017971958597354,0.40082028041402645,-0.3017529324049128,0.1236928634863706,0.060640560828052914,0.09394579589128338,0.3315
rep0035,0.20,0.1959782333196279,alg1,0.15,0.005,0.005,0.13999999999999999,abs_005_005,1000,2000,-0.04918827120331559,0.5092085048104664,True,0.558396776013782,0.5092085048104664,0.2382584905168944,0.2937415094831056,-0.28744676172021,0.21546699532736086,0.05548301896621122,0.09891375704757083,0.40399999999999997
rep0036,0.42,0.4160199443510504,alg1,0.15,0.005,0.005,0.13999999999999999,abs_005_005,1000,2000,0.20933902220312806,0.798996402897826,True,0.589657380694698,0.589657380694698,0.4741104587924903,0.5368895412075095,-0.26477143658936225,0.26210686169031655,0.06277908241501923,0.10387829827967887,0.42299999999999993
rep0037,0.28,0.2840810100970807,alg1,0.15,0.005,0.005,0.13999999999999999,abs_005_005,1000,2000,-0.012263505102315664,0.4625475527606402,True,0.47481105786295585,0.4625475527606402,0.25423419106990974,0.3107658089300902,-0.2664976961722254,0.15178174383054996,0.05653161786018046,0.10377944000277534,0.31450000000000006
rep0038,0.48,0.48023584030473343,alg1,0.15,0.005,0.005,0.13999999999999999,abs_005_005,1000,2000,0.5310708185931096,1.049053923784448,False,0.5179831051913385,0.46892918140689044,0.8053616825552764,0.8526383174447235,-0.27429086396216684,0.1964156063397246,0.04727663488944711,0.0892064703018915,0.38149999999999995
rep0039,0.70,0.6955050096988645,alg1,0.15,0.005,0.005,0.13999999999999999,abs_005_005,1000,2000,0.4817552822596308,0.9925637033260124,True,0.5108084210663816,0.5108084210663816,0.7098759783112845,0.7651240216887156,-0.22812069605165364,0.22743968163729678,0.055248043377431166,0.09456037768895048,0.36099999999999993
rep0040,0.49,0.48556792845004704,alg1,0.15,0.005,0.005,0.13999999999999999,abs_005_005,1000,2000,0.2993722701817341,0.7782455666359782,True,0.4788732964542441,0.4788732964542441,0.5819134749016186,0.6430865250983815,-0.2825412047198845,0.13515904153759678,0.06117305019676289,0.10720024625748126,0.3105
rep0041,0.40,0.40081966311313716,alg1,0.15,0.005,0.005,0.13999999999999999,abs_005_005,1000,2000,0.07876055842695207,0.6582052308265623,True,0.5794446723996103,0.5794446723996103,0.39445897605294405,0.4565410239470559,-0.315698417625992,0.20166420687950642,0.06208204789411187,0.09986262450549843,0.4175
rep0042,0.24,0.2366620648525915,alg1,0.15,0.005,0.005,0.13999999999999999,abs_005_005,1000,2000,-0.009500697721468554,0.5566928618657452,True,0.5661935595872137,0.5566928618657452,0.2941294362177544,0.3528705637822456,-0.30363013393922295,0.20382229808349958,0.058741127564491236,0.10245243202272242,0.4050000000000001
rep0043,0.37,0.37116903621671166,alg1,0.15,0.005,0.005,0.13999999999999999,abs_005_005,1000,2000,0.03606941295174504,0.6300217459564734,True,0.5939523330047284,0.5939523330047284,0.37072372228082295,0.4322762777191771,-0.3346543093290779,0.19774546823729633,0.06155255543835414,0.09589977756637419,0.43650000000000005
rep0044,0.20,0.20193288516558,alg1,0.15,0.005,0.005,0.13999999999999999,abs_005_005,1000,2000,-0.24502471049521207,0.30145845408083727,True,0.5464831645760493,0.30145845408083727,0.10516554094179285,0.14683445905820713,-0.35019025143700494,0.15462399502263013,0.04166891811641428,0.10631424645963505,0.39849999999999997
rep0045,0.18,0.17729474994311067,alg1,0.15,0.005,0.005,0.13999999999999999,abs_005_005,1000,2000,-0.2414756189046217,0.2846480260209544,True,0.5261236449255762,0.2846480260209544,0.08759297977703961,0.12640702022296038,-0.32906859868166133,0.15824100579799405,0.03881404044592077,0.10530960447965537,0.382
rep0046,0.33,0.32892784278327797,alg1,0.15,0.005,0.005,0.13999999999999999,abs_005_005,1000,2000,0.2814357607584424,0.7076781989450396,True,0.4262424381865972,0.4262424381865972,0.46261081981797425,0.5253891801820257,-0.18117505905953185,0.18228901876301382,0.06277836036405149,0.08396407782254567,0.27949999999999997
rep0047,0.61,0.6085043089070807,alg1,0.15,0.005,0.005,0.13999999999999999,abs_005_005,1000,2000,0.3926268387070223,0.859527493769219,True,0.4669006550621967,0.4669006550621967,0.65788667708642,0.7161133229135801,-0.2652598383793977,0.14341417085563896,0.058226645827160084,0.08917400923503666,0.3195
rep0048,0.36,0.3559637341021695,alg1,0.15,0.005,0.005,0.13999999999999999,abs_005_005,1000,2000,0.07448835070256621,0.6933900746890103,True,0.618901723986444,0.618901723986444,0.39891771804241316,0.4610822819575868,-0.32442936733984695,0.2323077927314235,0.062164563915173665,0.09973716007127043,0.4570000000000001
rep0049,0.25,0.2506045039611167,alg1,0.15,0.005,0.005,0.13999999999999999,abs_005_005,1000,2000,-0.004674952268859167,0.47248502745466836,True,0.4771599797235275,0.47248502745466836,0.22474210530174416,0.27925789469825585,-0.22941705757060332,0.1932271327564125,0.054515789396511694,0.09664419032701577,0.32600000000000007
rep0050,0.68,0.6780087649711394,alg1,0.15,0.005,0.005,0.13999999999999999,abs_005_005,1000,2000,0.49900053027904573,1.0006773644113558,True,0.5016768341323101,0.5009994697209543,0.797984747897319,0.8460152521026809,-0.29898421761827326,0.154662112308675,0.048030504205361924,0.08314632992694826,0.3705
rep0051,0.79,0.788090391319667,alg1,0.15,0.005,0.005,0.13999999999999999,abs_005_005,1000,2000,0.5271849190818187,1.0416676615262248,True,0.5144827424444061,0.47281508091818125,0.8585247900890872,0.8994752099109128,-0.3313398710072684,0.14219245161531213,0.04095041982182557,0.08553232262258054,0.388
rep0052,0.63,0.6252377323249299,alg1,0.15,0.005,0.005,0.13999999999999999,abs_005_005,1000,2000,0.33611875249101053,0.8774187910163159,True,0.5413000385253054,0.5413000385253054,0.645594077586143,0.7044059224138571,-0.3094753250951324,0.1730128686024588,0.05881184482771418,0.09848819369759121,0.384
rep0053,0.65,0.650945553244556,alg1,0.15,0.005,0.005,0.13999999999999999,abs_005_005,1000,2000,0.2882159110267904,0.846292681583207,True,0.5580767705564167,0.5580767705564167,0.6338343247628427,0.6931656752371572,-0.34561841373605234,0.1531270063460498,0.05933135047431448,0.09624542008210218,0.40249999999999997
rep0054,0.92,0.9209425285210213,alg1,0.15,0.005,0.005,0.13999999999999999,abs_005_005,1000,2000,0.48937671822044726,0.9923817369051098,True,0.5030050186846625,0.5030050186846625,0.7440990893933053,0.7969009106066947,-0.254722371172858,0.19548082629841518,0.05280182121338939,0.10070319747127321,0.3495
rep0055,0.41,0.40980934548043735,alg1,0.15,0.005,0.005,0.13999999999999999,abs_005_005,1000,2000,0.3190271592883136,0.7619680625168964,True,0.4429409032285828,0.4429409032285828,0.5560874154958706,0.6179125845041293,-0.23706025620755702,0.14405547801276705,0.06182516900825874,0.103615734220324,0.2775000000000001
rep0056,0.35,0.34638669732430877,alg1,0.15,0.005,0.005,0.13999999999999999,abs_005_005,1000,2000,0.16741056930287396,0.7093493989400877,True,0.5419388296372138,0.5419388296372138,0.4098278728670918,0.4721721271329082,-0.24241730356421787,0.23717727180717957,0.06234425426581636,0.09859457537139743,0.381
rep0057,0.34,0.3432835413957498,alg1,0.15,0.005,0.005,0.13999999999999999,abs_005_005,1000,2000,0.043397011873124086,0.5373969134035043,True,0.4939999015303802,0.4939999015303802,0.28437403766906927,0.34262596233093073,-0.24097702579594518,0.19477095107257353,0.058251924661861465,0.10474797686851872,0.331
rep0058,0.38,0.37654526701835733,alg1,0.15,0.005,0.005,0.13999999999999999,abs_005_005,1000,2000,0.18047209813482656,0.671437288296918,True,0.4909651901620914,0.4909651901620914,0.3964403151242497,0.4585596848757503,-0.21596821698942315,0.21287760342116763,0.062119369751500564,0.09984582041059081,0.32899999999999996
rep0059,0.80,0.8016451030066674,alg1,0.15,0.005,0.005,0.13999999999999999,abs_005_005,1000,2000,0.6463733185416523,1.1365597283554372,True,0.4901864098137849,0.35362668145834775,0.9505722852879687,0.9744277147120314,-0.30419896674631647,0.1621320136434058,0.023855429424062713,0.10583098038972233,0.36049999999999993
rep0060,0.91,0.9112811319195454,alg1,0.15,0.005,0.005,0.13999999999999999,abs_005_005,1000,2000,0.6705448660168948,1.1233767565578205,True,0.45283189054092576,0.3294551339831052,0.9397127037075208,0.9662872962924791,-0.269167837690626,0.15708946026534149,0.026574592584958312,0.09925729795596755,0.32699999999999996
rep0061,0.24,0.23673657540056603,alg1,0.15,0.005,0.005,0.13999999999999999,abs_005_005,1000,2000,0.06640705637216715,0.6031276159694561,True,0.5367205595972889,0.5367205595972889,0.32937339075353705,0.3896266092464629,-0.2629663343813699,0.21350100672299316,0.060253218492925864,0.10096734110436306,0.3755
rep0062,0.73,0.7250989479557236,alg1,0.15,0.005,0.005,0.13999999999999999,abs_005_005,1000,2000,0.46032442392240064,1.06549027392136,True,0.6051658499989594,0.5396755760775993,0.7649503949626186,0.8160496050373813,-0.304625971040218,0.2494406688839788,0.0510992100747627,0.0995666399241969,0.4544999999999999
rep0063,0.81,0.8066952517827325,alg1,0.15,0.005,0.005,0.13999999999999999,abs_005_005,1000,2000,0.4994161109489037,0.9708867722244798,True,0.47147066127557613,0.47147066127557613,0.7665178834118486,0.8174821165881515,-0.26710177246294486,0.15340465563632838,0.05096423317630294,0.10300642809927324,0.3175
rep0064,0.81,0.8138791456112554,alg1,0.15,0.005,0.005,0.13999999999999999,abs_005_005,1000,2000,0.25848624233806927,0.7525884072441713,False,0.49410216490610204,0.49410216490610204,0.5474978572785675,0.6095021427214325,-0.2890116149404982,0.1430862645227388,0.06200428544286507,0.09709787946323689,0.3350000000000001
rep0065,0.30,0.29551388697284364,alg1,0.15,0.005,0.005,0.13999999999999999,abs_005_005,1000,2000,-0.12357521842196428,0.38829770928633345,True,0.5118729277082977,0.38829770928633345,0.18968564065241328,0.24131435934758672,-0.31326085907437756,0.1469833499387467,0.05162871869517344,0.09174420901312424,0.3685
rep0066,0.21,0.20986478582471357,alg1,0.15,0.005,0.005,0.13999999999999999,abs_005_005,1000,2000,-0.005896777162839817,0.46112848278977936,True,0.4670252599526192,0.46112848278977936,0.2702567519186526,0.32774324808134736,-0.27615352908149243,0.13338523470843203,0.057486496162694745,0.09903876378992443,0.31050000000000005
rep0067,0.73,0.7264906891111869,alg1,0.15,0.005,0.005,0.13999999999999999,abs_005_005,1000,2000,0.3680327756971163,0.9600374949012626,True,0.5920047192041462,0.5920047192041462,0.6619892134613913,0.7200107865386086,-0.293956437764275,0.24002670836265394,0.05802157307721734,0.10648314612692888,0.4275
rep0068,0.60,0.6036724431929373,alg1,0.15,0.005,0.005,0.13999999999999999,abs_005_005,1000,2000,0.5597405644610955,1.0276075836627205,True,0.467867019201625,0.44025943553890445,0.8414122727884706,0.8845877272115293,-0.2816717083273751,0.1430198564511913,0.0431754544230587,0.10019156477856644,0.32449999999999996
rep0069,0.71,0.7146461153736874,alg1,0.15,0.005,0.005,0.13999999999999999,abs_005_005,1000,2000,0.4818398910554992,0.9882466789836793,True,0.5064067879281802,0.5064067879281802,0.7545136695890364,0.8064863304109635,-0.27267377853353725,0.18176034857271584,0.051972660821927086,0.08093412710625308,0.3735
rep0070,0.38,0.38493011072598804,alg1,0.15,0.005,0.005,0.13999999999999999,abs_005_005,1000,2000,0.1712178223193547,0.6331241464962093,True,0.4619063241768546,0.4619063241768546,0.4207535461327661,0.4832464538672339,-0.2495357238134114,0.14987769262897538,0.062492907734467806,0.09141341644238682,0.308
rep0071,0.59,0.589244588033342,alg1,0.15,0.005,0.005,0.13999999999999999,abs_005_005,1000,2000,0.29451668596471064,0.7937568692957102,True,0.49924018333099957,0.49924018333099957,0.5651925996378261,0.6268074003621739,-0.27067591367311544,0.1669494689335363,0.061614800724347774,0.10362538260665183,0.3339999999999999
rep0072,0.36,0.35856004626953336,alg1,0.15,0.005,0.005,0.13999999999999999,abs_005_005,1000,2000,0.11963235925587654,0.5856220285795504,True,0.4659896693236738,0.4659896693236738,0.3677621689742447,0.42923783102575536,-0.24812980971836815,0.15638419755379507,0.06147566205151067,0.0960140072721633,0.30849999999999994
rep0073,0.31,0.3098747873646647,alg1,0.15,0.005,0.005,0.13999999999999999,abs_005_005,1000,2000,-0.015221094988380035,0.4936853486000574,True,0.5089064435884374,0.4936853486000574,0.3176042878964205,0.3773957121035795,-0.3328253828848005,0.11628963649647797,0.059791424207158994,0.09861501938127853,0.3505
rep0074,0.90,0.9049964966462319,alg1,0.15,0.005,0.005,0.13999999999999999,abs_005_005,1000,2000,0.7081252527858753,1.1444603458063578,True,0.43633509302048246,0.29187474721412465,1.0,1.0,-0.29187474721412465,0.14446034580635791,0.0,0.09433509302048254,0.342
rep0075,0.32,0.31874561649802047,alg1,0.15,0.005,0.005,0.13999999999999999,abs_005_005,1000,2000,0.1619480558665632,0.7369642633761277,True,0.5750162075095646,0.5750162075095646,0.46261081981797425,0.5253891801820257,-0.30066276395141106,0.21157508319410195,0.06277836036405149,0.1032378471455131,0.4089999999999999
rep0076,0.71,0.7130176578255591,alg1,0.15,0.005,0.005,0.13999999999999999,abs_005_005,1000,2000,0.47895263801347576,1.019440727551945,True,0.5404880895384693,0.5210473619865242,0.7759340576564474,0.8260659423435527,-0.29698141964297164,0.19337478520839235,0.05013188468710528,0.10285620485136393,0.38750000000000007
rep0077,0.23,0.22551714755685845,alg1,0.15,0.005,0.005,0.13999999999999999,abs_005_005,1000,2000,0.0725908735008958,0.5914625488887925,True,0.5188716753878967,0.5188716753878967,0.3176042878964205,0.3773957121035795,-0.24501341439552468,0.21406683678521296,0.059791424207158994,0.0905802511807377,0.36849999999999994
rep0078,0.22,0.21628460971412697,alg1,0.15,0.005,0.005,0.13999999999999999,abs_005_005,1000,2000,-0.2082592859110318,0.33660818885902755,True,0.5448674747700594,0.33660818885902755,0.14830696849208294,0.19569303150791703,-0.35656625440311474,0.14091515735111054,0.04738606301583409,0.10398141175422526,0.3935
rep0079,0.95,0.9510635793135657,alg1,0.15,0.005,0.005,0.13999999999999999,abs_005_005,1000,2000,0.7039114919622328,1.1260543055325822,True,0.42214281357034944,0.2960885080377672,0.9290043926582024,0.9579956073417976,-0.22509290069596968,0.16805869819078464,0.028991214683595112,0.1046515988867543,0.28850000000000003
rep0080,0.71,0.7113832984140084,alg1,0.15,0.005,0.005,0.13999999999999999,abs_005_005,1000,2000,0.7031037968549879,1.1566592654192012,True,0.45355546856421325,0.2968962031450121,1.0,1.0,-0.2968962031450121,0.15665926541920128,0.0,0.10305546856421338,0.3505
rep0081,0.12,0.12213959433561365,alg1,0.15,0.005,0.005,0.13999999999999999,abs_005_005,1000,2000,-0.07743405505065898,0.35831062803722624,True,0.4357446830878852,0.35831062803722624,0.16204546344268006,0.21095453655731994,-0.23947951849333904,0.1473560914799063,0.04890907311463988,0.09633560997324536,0.2905
rep0082,0.82,0.8178167395012349,alg1,0.15,0.005,0.005,0.13999999999999999,abs_005_005,1000,2000,0.6631726660463726,1.1453784342932578,True,0.4822057682468852,0.3368273339536274,0.9284442524630578,0.9575557475369421,-0.26527158641668525,0.18782268675631583,0.02911149507388422,0.10509427317300113,0.348
rep0083,0.06,0.060662964465063446,alg1,0.15,0.005,0.005,0.13999999999999999,abs_005_005,1000,2000,-0.26940576209126266,0.23378788568498382,True,0.5031936477762464,0.23378788568498382,0.02220296243628548,0.044797037563714524,-0.29160872452754816,0.1889908481212693,0.022594075127429045,0.08909957264881752,0.39149999999999996
rep0084,0.62,0.6150758790395158,alg1,0.15,0.005,0.005,0.13999999999999999,abs_005_005,1000,2000,0.26415796726554935,0.791869283633084,True,0.5277113163675347,0.5277113163675347,0.5581098655587582,0.6198901344412417,-0.29395189829320884,0.17197914919184223,0.06178026888248356,0.08743104748505098,0.3785000000000001
rep0085,0.29,0.2902428209069779,alg1,0.15,0.005,0.005,0.13999999999999999,abs_005_005,1000,2000,-0.034900711324000244,0.4826132784823004,True,0.5175139898063006,0.4826132784823004,0.21847929908416402,0.27252070091583597,-0.25338001040816427,0.2100925775664644,0.05404140183167194,0.09847258797462866,0.365
rep0086,0.25,0.24637299433828597,alg1,0.15,0.005,0.005,0.13999999999999999,abs_005_005,1000,2000,-0.048541430463312885,0.49560909466121034,True,0.5441505251245232,0.49560909466121034,0.22474210530174416,0.27925789469825585,-0.27328353576505704,0.2163511999629545,0.054515789396511694,0.07713473572801155,0.4125
rep0087,0.61,0.6119961961191355,alg1,0.15,0.005,0.005,0.13999999999999999,abs_005_005,1000,2000,0.3295916287211292,0.879598439246613,True,0.5500068105254838,0.5500068105254838,0.6338343247628427,0.6931656752371572,-0.30424269604171356,0.1864327640094558,0.05933135047431448,0.10217546005116934,0.3885
rep0088,0.80,0.799499301024024,alg1,0.15,0.005,0.005,0.13999999999999999,abs_005_005,1000,2000,0.5462037178534598,1.029837741473332,True,0.4836340236198722,0.4537962821465402,0.8398132852208581,0.883186714779142,-0.29360956736739835,0.14665102669419003,0.04337342955828394,0.08076059406158836,0.3595
rep0089,0.55,0.5544814732727213,alg1,0.15,0.005,0.005,0.13999999999999999,abs_005_005,1000,2000,0.19596959884110063,0.6751540613105751,True,0.47918446246947444,0.47918446246947444,0.417772284788868,0.480227715211132,-0.2218026859477674,0.19492634609944304,0.06245543042226398,0.09472903204721039,0.32200000000000006
rep0090,0.92,0.9180134247207182,alg1,0.15,0.005,0.005,0.13999999999999999,abs_005_005,1000,2000,0.7383214723182241,1.2061422772958093,True,0.46782080497758516,0.2616785276817759,1.0,1.0,-0.26167852768177585,0.2061422772958093,0.0,0.09582080497758522,0.37199999999999994
rep0091,0.84,0.8398910044723701,alg1,0.15,0.005,0.005,0.13999999999999999,abs_005_005,1000,2000,0.4905677723674915,1.0009015454375998,True,0.5103337730701083,0.5094322276325085,0.78169815947531,0.83130184052469,-0.29113038710781847,0.1695997049129098,0.049603681049380066,0.1047300920207282,0.35600000000000004
rep0092,0.28,0.2777960637703798,alg1,0.15,0.005,0.005,0.13999999999999999,abs_005_005,1000,2000,0.1817810363846067,0.6903610529489802,True,0.5085800165643735,0.5085800165643735,0.4192627720965005,0.48173722790349954,-0.2374817357118938,0.20862382504548066,0.06247445580699906,0.10410556075737443,0.342
rep0093,0.63,0.6264023877908076,alg1,0.15,0.005,0.005,0.13999999999999999,abs_005_005,1000,2000,0.38768641102991275,0.8223285288305233,True,0.4346421178006106,0.4346421178006106,0.607318880831548,0.667681119168452,-0.2196324698016352,0.15464740966207136,0.06036223833690402,0.09177987946370647,0.2825000000000001
rep0094,0.72,0.719674020727301,alg1,0.15,0.005,0.005,0.13999999999999999,abs_005_005,1000,2000,0.6332172936997913,1.1164544402218886,True,0.48323714652209726,0.3667827063002087,0.9062626208900766,0.9397373791099235,-0.27304532719028524,0.17671706111196503,0.03347475821984691,0.10476238830225021,0.34500000000000003
rep0095,0.20,0.20396992166666802,alg1,0.15,0.005,0.005,0.13999999999999999,abs_005_005,1000,2000,0.04862144518702316,0.6014384537222615,True,0.5528170085352383,0.5528170085352383,0.30879117326680194,0.3682088267331981,-0.2601697280797788,0.23322962698906335,0.05941765346639616,0.09789935506884206,0.3955000000000001
rep0096,0.59,0.5921568741881831,alg1,0.15,0.005,0.005,0.13999999999999999,abs_005_005,1000,2000,0.22397207697919508,0.7800356532488695,True,0.5560635762696744,0.5560635762696744,0.549518079532449,0.611481920467551,-0.32554600255325394,0.16855373278131847,0.06196384093510199,0.10059973533457228,0.3935000000000001
rep0097,0.57,0.5667784780317234,alg1,0.15,0.005,0.005,0.13999999999999999,abs_005_005,1000,2000,0.2717707612963672,0.7739258045660022,True,0.5021550432696351,0.5021550432696351,0.5550763877737737,0.6169236122262263,-0.2833056264774065,0.15700219233977597,0.06184722445245261,0.09980781881718254,0.3404999999999999
rep0098,0.49,0.4860515321766179,alg1,0.15,0.005,0.005,0.13999999999999999,abs_005_005,1000,2000,0.44587510374476474,0.9368307201537329,True,0.4909556164089682,0.4909556164089682,0.6707155896253978,0.7282844103746022,-0.22484048588063305,0.20854630977913072,0.05756882074920444,0.08338679565976381,0.35
rep0099,0.47,0.4665370407527249,alg1,0.15,0.005,0.005,0.13999999999999999,abs_005_005,1000,2000,0.2245439981252177,0.7375297598733137,True,0.512985761748096,0.512985761748096,0.47811422621935307,0.5408857737806468,-0.2535702280941354,0.19664398609266684,0.06277154756129377,0.09821421418680226,0.3519999999999999
rep0100,0.23,0.2314452131134777,alg1,0.15,0.005,0.005,0.13999999999999999,abs_005_005,1000,2000,0.019158615406041857,0.5077175833255003,True,0.48855896791945846,0.48855896791945846,0.3210348023418273,0.38096519765817266,-0.30187618693578544,0.12675238566732766,0.059930395316345364,0.10412857260311309,0.3245
rep0101,0.18,0.18241329731071446,alg1,0.15,0.005,0.005,0.13999999999999999,abs_005_005,1000,2000,-0.061388792742653325,0.4712789961163599,True,0.5326677888590132,0.4712789961163599,0.1935136695890364,0.2454863304109636,-0.2549024623316897,0.2257926657053963,0.0519726608219272,0.10469512803708603,0.376
rep0102,0.37,0.3696194439412057,alg1,0.15,0.005,0.005,0.13999999999999999,abs_005_005,1000,2000,0.23967892051568035,0.7129538907863673,True,0.47327497027068693,0.47327497027068693,0.5077041980027415,0.5702958019972586,-0.2680252774870611,0.14265808878910863,0.06259160399451713,0.08468336627616979,0.32599999999999996
rep0103,0.53,0.5313669461368673,alg1,0.15,0.005,0.005,0.13999999999999999,abs_005_005,1000,2000,0.2343751592260673,0.7016974996914394,True,0.467322340465372,0.467322340465372,0.4816191716535089,0.5443808283464912,-0.24724401242744162,0.1573166713449482,0.06276165669298223,0.08106068377238995,0.3234999999999999
rep0104,0.73,0.7304876450895312,alg1,0.15,0.005,0.005,0.13999999999999999,abs_005_005,1000,2000,0.43090733272453,0.9924117325535069,True,0.5615043998289768,0.5615043998289768,0.7305915655985304,0.7844084344014695,-0.2996842328740004,0.20800329815203739,0.05381686880293901,0.10068753102603778,0.40700000000000003
rep0105,0.57,0.5667347679489478,alg1,0.15,0.005,0.005,0.13999999999999999,abs_005_005,1000,2000,0.32204187322917965,0.7962847832368375,True,0.47424291000765784,0.47424291000765784,0.5636743247433105,0.6253256752566896,-0.24163245151413082,0.17095910798014793,0.06165135051337911,0.09559155949427867,0.31700000000000006
rep0106,0.38,0.37986130137793056,alg1,0.15,0.005,0.005,0.13999999999999999,abs_005_005,1000,2000,-0.07023904161391326,0.42134023207973886,True,0.4915792736936521,0.42134023207973886,0.23439294587556614,0.2896070541244339,-0.3046319874894794,0.13173317795530498,0.055214108248867744,0.07986516544478434,0.35650000000000004
rep0107,0.27,0.27407532462958295,alg1,0.15,0.005,0.005,0.13999999999999999,abs_005_005,1000,2000,0.2944654076774276,0.7587371434715671,False,0.46427173579413944,0.46427173579413944,0.5288353975019042,0.5911646024980959,-0.2343699898244766,0.16757254097347124,0.062329204996191656,0.1039425307979478,0.29800000000000004
rep0108,0.47,0.4707711637301804,alg1,0.15,0.005,0.005,0.13999999999999999,abs_005_005,1000,2000,0.25562420880022113,0.6927300123526552,True,0.43710580355243406,0.43710580355243406,0.45961364537822724,0.5223863546217727,-0.2039894365780061,0.17034365773088245,0.0627727092435455,0.10483309430888854,0.2695
rep0109,0.38,0.3848717507370416,alg1,0.15,0.005,0.005,0.13999999999999999,abs_005_005,1000,2000,0.1799897267240721,0.7059724045894918,True,0.5259826778654197,0.5259826778654197,0.4546208674103579,0.5173791325896421,-0.2746311406862858,0.18859327199984974,0.06275826517928418,0.09972441268613563,0.36349999999999993
rep0110,0.80,0.7989159746856644,alg1,0.15,0.005,0.005,0.13999999999999999,abs_005_005,1000,2000,0.6395961071116273,1.1144000721050056,True,0.4748039649933783,0.3604038928883727,0.9150874190503846,0.9469125809496155,-0.2754913119387573,0.16748749115539005,0.0318251618992309,0.10347880309414736,0.3395
rep0111,0.12,0.12400952746142559,alg1,0.15,0.005,0.005,0.13999999999999999,abs_005_005,1000,2000,-0.03697175933155619,0.42471902205251016,True,0.4616907813840664,0.42471902205251016,0.19830367837274548,0.2506963216272545,-0.23527543770430168,0.17402270042525564,0.05239264325450904,0.10479813812955724,0.30450000000000005
rep0112,0.39,0.38563753348671403,alg1,0.15,0.005,0.005,0.13999999999999999,abs_005_005,1000,2000,0.04657882871178187,0.5531586568565252,True,0.5065798281447433,0.5065798281447433,0.3195643646066943,0.37943563539330566,-0.2729855358949124,0.1737230214632196,0.059871270786611364,0.10670855735813206,0.33999999999999997
rep0113,0.63,0.6343612694543586,alg1,0.15,0.005,0.005,0.13999999999999999,abs_005_005,1000,2000,0.5127622354294711,0.9861061801317399,True,0.4733439447022688,0.4733439447022688,0.7953534926105922,0.8436465073894078,-0.2825912571811211,0.14245967274233204,0.048293014778815646,0.09505092992345326,0.3299999999999999
rep0114,0.21,0.21241080187871833,alg1,0.15,0.005,0.005,0.13999999999999999,abs_005_005,1000,2000,0.18881955434831993,0.6844020125952719,True,0.49558245824695196,0.49558245824695196,0.43717091780294814,0.4998290821970519,-0.24835136345462822,0.18457293039821993,0.06265816439410377,0.10242429385284813,0.3305
rep0115,0.56,0.5572411844543719,alg1,0.15,0.005,0.005,0.13999999999999999,abs_005_005,1000,2000,0.24260954405760693,0.7979094783483955,True,0.5552999342907886,0.5552999342907886,0.49715959643633084,0.559840403563669,-0.2545500523787239,0.2380690747847265,0.0626808071273382,0.09511912716345039,0.3975
rep0116,0.53,0.5326044114477568,alg1,0.15,0.005,0.005,0.13999999999999999,abs_005_005,1000,2000,0.23951052168797138,0.7477286206073185,True,0.5082180989193471,0.5082180989193471,0.5409357309486759,0.603064269051324,-0.3014252092607045,0.14466435155599447,0.06212853810264818,0.07558956081669893,0.3705
rep0117,0.18,0.18098441911046229,alg1,0.15,0.005,0.005,0.13999999999999999,abs_005_005,1000,2000,-0.21583012702954646,0.30314358963506866,True,0.5189737166646151,0.30314358963506866,0.07066836310775715,0.10633163689224284,-0.2864984901373036,0.1968119527428258,0.035663273784485694,0.10231044288012942,0.381
rep0118,0.45,0.4474671950089837,alg1,0.15,0.005,0.005,0.13999999999999999,abs_005_005,1000,2000,0.3314534915453434,0.8012104575391041,True,0.4697569659937607,0.4697569659937607,0.5687364043778771,0.630263595622123,-0.23728291283253367,0.1709468619169811,0.06152719124424588,0.09672977474951483,0.31149999999999994
rep0119,0.28,0.2787521235495636,alg1,0.15,0.005,0.005,0.13999999999999999,abs_005_005,1000,2000,0.06921901454021284,0.4856411613843538,True,0.416422146844141,0.416422146844141,0.30536707878957486,0.3646329212104252,-0.23614806424936202,0.12100824017392864,0.05926584242085031,0.0906563044232907,0.26649999999999996
rep0120,0.60,0.596182596130875,alg1,0.15,0.005,0.005,0.13999999999999999,abs_005_005,1000,2000,0.5204156470096593,1.0026144165835171,True,0.4821987695738579,0.47958435299034075,0.78904546344268,0.83795453655732,-0.26862981643302075,0.16465988002619714,0.04890907311463999,0.10178969645921787,0.3315
rep0121,0.25,0.2485601873078287,alg1,0.15,0.005,0.005,0.13999999999999999,abs_005_005,1000,2000,-0.05623393056609041,0.36278686558660167,True,0.41902079615269205,0.36278686558660167,0.17822353496003787,0.2287764650399621,-0.23445746552612828,0.13401040054663954,0.05055293007992423,0.0864678660727678,0.28200000000000003
rep0122,0.08,0.07709053478553804,alg1,0.15,0.005,0.005,0.13999999999999999,abs_005_005,1000,2000,-0.14906957479253627,0.37237920552462167,True,0.5214487803171579,0.37237920552462167,0.1653702190117967,0.21462978098820332,-0.31443979380433296,0.15774942453641833,0.04925956197640663,0.10468921834075123,0.36750000000000005
rep0123,0.53,0.5298974392230134,alg1,0.15,0.005,0.005,0.13999999999999999,abs_005_005,1000,2000,0.4368794190356745,0.9261815488286326,True,0.48930212979295806,0.48930212979295806,0.7197063384648152,0.7742936615351848,-0.28282691942914073,0.15188788729344785,0.05458732307036951,0.08821480672258852,0.34650000000000003
rep0124,0.71,0.7125174212717241,alg1,0.15,0.005,0.005,0.13999999999999999,abs_005_005,1000,2000,0.5242796600840594,0.9823796386575779,True,0.4580999785735186,0.4580999785735186,0.7958796048190212,0.8441203951809787,-0.27159994473496185,0.13825924347659926,0.0482407903619575,0.08085918821156113,0.32899999999999996
rep0125,0.45,0.45243036585239726,alg1,0.15,0.005,0.005,0.13999999999999999,abs_005_005,1000,2000,0.18254606668669,0.6405038604676152,True,0.4579577937809252,0.4579577937809252,0.4297041980027415,0.49229580199725853,-0.24715813131605152,0.14820805847035673,0.06259160399451702,0.10036618978640821,0.29500000000000004
rep0126,0.42,0.4156068894601565,alg1,0.15,0.005,0.005,0.13999999999999999,abs_005_005,1000,2000,0.06125931932501552,0.5714046407743862,True,0.5101453214493707,0.5101453214493707,0.30976981987800734,0.3692301801219927,-0.24851050055299181,0.20217446065239347,0.05946036024398538,0.09618496120538533,0.3544999999999999
rep0127,0.59,0.5939947331228512,alg1,0.15,0.005,0.005,0.13999999999999999,abs_005_005,1000,2000,0.35797990755545706,0.8751089416179986,True,0.5171290340625415,0.5171290340625415,0.6119011247137863,0.6720988752862137,-0.25392121715832927,0.20301006633178487,0.06019775057242738,0.08893128349011414,0.368
rep0128,0.52,0.515352207355193,alg1,0.15,0.005,0.005,0.13999999999999999,abs_005_005,1000,2000,0.37561838104915646,0.8313141992320165,True,0.4556958181828601,0.4556958181828601,0.6047744275378668,0.6652255724621332,-0.22915604648871035,0.1660886267698834,0.0604511449242664,0.10574467325859377,0.2895
rep0129,0.76,0.7626184336266676,alg1,0.15,0.005,0.005,0.13999999999999999,abs_005_005,1000,2000,0.48338570318416607,0.914294038443378,True,0.4309083352592119,0.4309083352592119,0.7352633368606162,0.7887366631393838,-0.2518776336764501,0.12555737530399413,0.05347332627876766,0.0974350089804441,0.28000000000000014
rep0130,0.76,0.760274583270415,alg1,0.15,0.005,0.005,0.13999999999999999,abs_005_005,1000,2000,0.5490616037085361,1.0334502649875401,True,0.48438866127900404,0.4509383962914639,0.7597291951008449,0.811270804899155,-0.2106675913923089,0.222179460088385,0.05154160979831013,0.10384705148069401,0.3289999999999999
rep0131,0.52,0.5229193925795493,alg1,0.15,0.005,0.005,0.13999999999999999,abs_005_005,1000,2000,0.3805991892752862,0.9091002156127239,True,0.5285010263374377,0.5285010263374377,0.6861439709253001,0.7428560290746999,-0.3055447816500139,0.16624418653802395,0.056712058149399835,0.08528896818803783,0.3865
rep0132,0.84,0.84236346040491,alg1,0.15,0.005,0.005,0.13999999999999999,abs_005_005,1000,2000,0.48799163859236955,0.936448996631005,True,0.44845735803863546,0.44845735803863546,0.7461802848537862,0.7988197151462137,-0.25818864626141663,0.1376292814847913,0.05263943029242757,0.10031792774620796,0.2955
rep0133,0.83,0.8317829406902948,alg1,0.15,0.005,0.005,0.13999999999999999,abs_005_005,1000,2000,0.5231803870938626,0.9849441635374433,True,0.4617637764435807,0.4617637764435807,0.7953534926105922,0.8436465073894078,-0.2721731055167296,0.1412976561480355,0.048293014778815646,0.09897076166476504,0.3145
rep0134,0.84,0.8361878329836531,alg1,0.15,0.005,0.005,0.13999999999999999,abs_005_005,1000,2000,0.4900690146256489,0.9070321455485431,True,0.41696313092289417,0.41696313092289417,0.7420187382697412,0.7949812617302587,-0.2519497236440923,0.11205088381828432,0.05296252346051755,0.10500060746237666,0.25899999999999995
rep0135,0.86,0.8550909895959153,alg1,0.15,0.005,0.005,0.13999999999999999,abs_005_005,1000,2000,0.525710136081939,0.9738348688232096,True,0.4481247327412706,0.4481247327412706,0.8043069684920829,0.851693031507917,-0.27859683241014405,0.12214183731529263,0.047386063015834035,0.10623866972543677,0.29449999999999993
rep0136,0.56,0.5591669730250985,alg1,0.15,0.005,0.005,0.13999999999999999,abs_005_005,1000,2000,0.3121960317576595,0.8285178230502808,True,0.5163217912926212,0.5163217912926212,0.6425243902109112,0.7014756097890888,-0.33032835845325176,0.12704221326119197,0.058951219578177616,0.09987057171444375,0.3575
rep0137,0.87,0.869250465774666,alg1,0.15,0.005,0.005,0.13999999999999999,abs_005_005,1000,2000,0.6827926571712275,1.1794928257840305,True,0.496700168612803,0.3172073428287725,1.0,1.0,-0.31720734282877255,0.17949282578403045,0.0,0.10020016861280295,0.3965
rep0138,0.67,0.6714526155779372,alg1,0.15,0.005,0.005,0.13999999999999999,abs_005_005,1000,2000,0.4005043368200051,0.8867741843979974,True,0.4862698475779923,0.4862698475779923,0.6558363550198262,0.7141636449801739,-0.2553320181998211,0.17261053941782345,0.05832728996034775,0.09994255761764459,0.32799999999999996
rep0139,0.55,0.5459346046903469,alg1,0.15,0.005,0.005,0.13999999999999999,abs_005_005,1000,2000,0.3944033580628662,0.9661503317984561,True,0.5717469737355899,0.5717469737355899,0.677910841263611,0.735089158736389,-0.2835074832007448,0.2310611730620671,0.05717831747277802,0.10556865626281203,0.40899999999999986
rep0140,0.62,0.6190868499708994,alg1,0.15,0.005,0.005,0.13999999999999999,abs_005_005,1000,2000,0.3963480488816396,0.9166988791445365,True,0.520350830262897,0.520350830262897,0.6655810198973708,0.7234189801026292,-0.26923297101573124,0.19327989904190732,0.05783796020525833,0.09201287005763858,0.37049999999999994
rep0141,0.29,0.2937715974362318,alg1,0.15,0.005,0.005,0.13999999999999999,abs_005_005,1000,2000,0.11039952633354821,0.6417606620514797,True,0.5313611357179315,0.5313611357179315,0.42870917340287934,0.4912908265971207,-0.3183096470693311,0.15046983545435902,0.06258165319424136,0.09627948252369017,0.3725
rep0142,0.83,0.834391376856184,alg1,0.15,0.005,0.005,0.13999999999999999,abs_005_005,1000,2000,0.5647362328363174,1.128292733291652,True,0.5635565004553346,0.43526376716368265,0.8784576562181166,0.9165423437818834,-0.3137214233817992,0.21175038950976857,0.03808468756376682,0.09447181289156781,0.43099999999999994
rep0143,0.39,0.3911087817219962,alg1,0.15,0.005,0.005,0.13999999999999999,abs_005_005,1000,2000,0.18990530562357502,0.6854313978240385,True,0.4955260922004635,0.4955260922004635,0.41528877716653484,0.4777112228334652,-0.22538347154295982,0.20772017499057327,0.06242244566693034,0.09660364653353304,0.3365
rep0144,0.35,0.3548673598577421,alg1,0.15,0.005,0.005,0.13999999999999999,abs_005_005,1000,2000,0.22780931999307003,0.7136094032305995,True,0.4858000832375295,0.4858000832375295,0.47961615720090445,0.5423838427990956,-0.2518068372078344,0.17122556043150394,0.06276768559819113,0.10103239763933836,0.322
rep0145,0.60,0.5990818840046812,alg1,0.15,0.005,0.005,0.13999999999999999,abs_005_005,1000,2000,0.4050555988734895,0.9545587951032262,True,0.5495031962297366,0.5495031962297366,0.7493036783727455,0.8016963216272545,-0.34424807949925595,0.15286247347597165,0.052392643254508986,0.10411055297522753,0.39300000000000007
rep0146,0.69,0.6862154216878891,alg1,0.15,0.005,0.005,0.13999999999999999,abs_005_005,1000,2000,0.48774770316963767,0.9362719728451486,True,0.44852426967551096,0.44852426967551096,0.6882039464237457,0.7447960535762543,-0.20045624325410805,0.1914759192688943,0.05659210715250862,0.07393216252300239,0.31799999999999995
rep0147,0.62,0.6215751588168773,alg1,0.15,0.005,0.005,0.13999999999999999,abs_005_005,1000,2000,0.38227820026072556,0.9399369280178196,True,0.557658727757094,0.557658727757094,0.6471294362177544,0.7058705637822456,-0.26485123595702886,0.23406636423557403,0.058741127564491125,0.10291760019260293,0.39599999999999996
rep0148,0.06,0.05817545956037128,alg1,0.15,0.005,0.005,0.13999999999999999,abs_005_005,1000,2000,-0.1173983322048473,0.4155525770689982,True,0.5329509092738455,0.4155525770689982,0.16584544565307102,0.21515455434692898,-0.2832437778579183,0.2003980227220692,0.04930910869385796,0.0921418005799875,0.3915
rep0149,0.59,0.5922523293443875,alg1,0.15,0.005,0.005,0.13999999999999999,abs_005_005,1000,2000,0.3960543456884105,0.8968519943639445,True,0.5007976486755339,0.5007976486755339,0.6032481778009178,0.6637518221990821,-0.20719383211250725,0.23310017216486234,0.06050364439816436,0.09829400427736956,0.342
rep0150,0.50,0.49525634585942097,alg1,0.15,0.005,0.005,0.13999999999999999,abs_005_005,1000,2000,0.21653532198705228,0.7078245666680206,True,0.49128924468096835,0.49128924468096835,0.4991670177592699,0.56183298224073,-0.28263169577221764,0.14599158442729065,0.06266596448146006,0.09712328019950828,0.3315
rep0151,0.51,0.5129933787050873,alg1,0.15,0.005,0.005,0.13999999999999999,abs_005_005,1000,2000,0.3064778399446095,0.865065966083385,True,0.5585881261387755,0.5585881261387755,0.6328126747877151,0.6921873252122849,-0.3263348348431056,0.17287864087110014,0.0593746504245698,0.09571347571420574,0.40349999999999997
rep0152,0.09,0.0865692862724574,alg1,0.15,0.005,0.005,0.13999999999999999,abs_005_005,1000,2000,-0.05161677667753381,0.3971459911041385,True,0.44876276778167234,0.3971459911041385,0.17536333468898577,0.22563666531101426,-0.22698011136651958,0.17150932579312422,0.05027333062202849,0.08748943715964391,0.3109999999999999
rep0153,0.48,0.4832073173983341,alg1,0.15,0.005,0.005,0.13999999999999999,abs_005_005,1000,2000,0.12401787100279887,0.5909841931076412,True,0.4669663221048423,0.4669663221048423,0.365295127213065,0.42670487278693503,-0.24127725621026613,0.16427932032070608,0.06140974557387002,0.08655657653097226,0.31899999999999995
rep0154,0.40,0.40109208941257574,alg1,0.15,0.005,0.005,0.13999999999999999,abs_005_005,1000,2000,0.15770365117806956,0.7746832312552574,True,0.6169795800771878,0.6169795800771878,0.45212565684821965,0.5148743431517804,-0.2944220056701501,0.2598088881034771,0.06274868630356073,0.1062308937736271,0.448
rep0155,0.69,0.689446032969343,alg1,0.15,0.005,0.005,0.13999999999999999,abs_005_005,1000,2000,0.5273892583580222,0.9670380870793768,True,0.4396488287213546,0.4396488287213546,0.8006177560334617,0.8483822439665383,-0.2732284976754395,0.11865584311283853,0.04776448793307653,0.08138434078827805,0.3105
rep0156,0.14,0.1393879721073728,alg1,0.15,0.005,0.005,0.13999999999999999,abs_005_005,1000,2000,-0.11827394281990647,0.44074807079013856,True,0.559022013610045,0.44074807079013856,0.11587918099943281,0.1591208190005672,-0.23415312381933928,0.2816272517895714,0.0432416380011344,0.08978037560891067,0.426
rep0157,0.59,0.589150430142333,alg1,0.15,0.005,0.005,0.13999999999999999,abs_005_005,1000,2000,0.4512110548462967,1.0443554727795528,True,0.5931444179332561,0.5487889451537034,0.7191885267325684,0.7738114732674317,-0.2679774718862717,0.27054399951212105,0.054622946534863326,0.07552147139839277,0.463
rep0158,0.61,0.6073199373638452,alg1,0.15,0.005,0.005,0.13999999999999999,abs_005_005,1000,2000,0.3347257485205662,0.8421578394841083,True,0.5074320909635421,0.5074320909635421,0.5808990448485053,0.6421009551514948,-0.2461732963279391,0.20005688433261348,0.06120191030298949,0.0852301806605526,0.361
rep0159,0.63,0.6314245779213238,alg1,0.15,0.005,0.005,0.13999999999999999,abs_005_005,1000,2000,0.4455427596595411,0.9055614332177924,True,0.46001867355825127,0.46001867355825127,0.7150477411140992,0.7699522588859009,-0.2695049814545581,0.13560917433189146,0.05490451777180172,0.10461415578644939,0.30050000000000016
rep0160,0.74,0.7376564844095054,alg1,0.15,0.005,0.005,0.13999999999999999,abs_005_005,1000,2000,0.4006430387605996,0.8641496305271433,True,0.46350659176654374,0.46350659176654374,0.6261755542841347,0.6858244457158653,-0.22553251552353515,0.17832518481127804,0.05964889143173058,0.09135770033481316,0.3125
rep0161,0.01,0.013813185400586675,alg1,0.15,0.005,0.005,0.13999999999999999,abs_005_005,1000,2000,-0.23790579002365492,0.20832940020972085,True,0.44623519023337577,0.20832940020972085,0.0,0.0,-0.23790579002365492,0.20832940020972085,0.0,0.08773519023337578,0.3585
rep0162,0.61,0.6134028005860644,alg1,0.15,0.005,0.005,0.13999999999999999,abs_005_005,1000,2000,0.3494897414978703,0.9429676206734499,True,0.5934778791755795,0.5934778791755795,0.6583993558560483,0.7166006441439517,-0.30890961435817793,0.22636697652949814,0.058201288287903497,0.10377659088767616,0.43149999999999994
rep0163,0.19,0.18524019663743344,alg1,0.15,0.005,0.005,0.13999999999999999,abs_005_005,1000,2000,-0.025243746756599406,0.42490675378637616,True,0.45015050054297556,0.42490675378637616,0.22040544055020816,0.27459455944979183,-0.24564918730680757,0.15031219433658433,0.054189118899583666,0.09746138164339191,0.2985
rep0164,0.11,0.11484174020317689,alg1,0.15,0.005,0.005,0.13999999999999999,abs_005_005,1000,2000,-0.19067511640020635,0.3005369549539795,True,0.4912120713541858,0.3005369549539795,0.09589535692838332,0.1361046430716167,-0.28657047332858965,0.16443231188236274,0.040209286143233394,0.10050278521095235,0.35050000000000003
rep0165,0.38,0.38084826730824745,alg1,0.15,0.005,0.005,0.13999999999999999,abs_005_005,1000,2000,0.17691736458210167,0.6422192734490175,True,0.46530190886691586,0.46530190886691586,0.4491324418280405,0.5118675581719595,-0.27221507724593885,0.13035171527705808,0.06273511634391898,0.08956679252299693,0.313
rep0166,0.38,0.3787299719871194,alg1,0.15,0.005,0.005,0.13999999999999999,abs_005_005,1000,2000,0.26240914104992347,0.7225599526176768,True,0.46015081156775334,0.46015081156775334,0.5505283865119034,0.6124716134880966,-0.2881192454619799,0.11008833912958016,0.061943226976193255,0.0972075845915602,0.3009999999999999
rep0167,0.82,0.8222140268041133,alg1,0.15,0.005,0.005,0.13999999999999999,abs_005_005,1000,2000,0.36287648109127996,0.8721382515978124,True,0.5092617705065325,0.5092617705065325,0.660450465490264,0.718549534509736,-0.297573984398984,0.15358871708807642,0.05809906901947204,0.0906627014870604,0.36050000000000004
rep0168,0.71,0.7093086415110121,alg1,0.15,0.005,0.005,0.13999999999999999,abs_005_005,1000,2000,0.48070738987830963,0.9835521558053815,True,0.5028447659270718,0.5028447659270718,0.7995643405755413,0.8474356594244588,-0.31885695069723163,0.13611649638092274,0.04787131884891749,0.0914734470781543,0.36350000000000005
rep0169,0.52,0.5225953371690368,alg1,0.15,0.005,0.005,0.13999999999999999,abs_005_005,1000,2000,0.24731555611893263,0.8209379381970277,True,0.573622382078095,0.573622382078095,0.5490129750300087,0.6109870249699912,-0.30169741891107604,0.2099509132270364,0.06197404993998257,0.09264833213811247,0.419
rep0170,0.70,0.7013023530707954,alg1,0.15,0.005,0.005,0.13999999999999999,abs_005_005,1000,2000,0.5499134848192987,1.0384638645691957,True,0.488550379749897,0.4500865151807013,0.8122245857929675,0.8587754142070325,-0.26231110097366883,0.1796884503621632,0.04655082841406499,0.09299955133583204,0.349
rep0171,0.56,0.5599383249133976,alg1,0.15,0.005,0.005,0.13999999999999999,abs_005_005,1000,2000,0.4212709950739455,0.8755728807073173,True,0.4543018856333718,0.4543018856333718,0.6820260600177641,0.7389739399822359,-0.2607550649438186,0.13659894072508133,0.056947879964471815,0.09935400566890001,0.29799999999999993
rep0172,0.26,0.2590639202579069,alg1,0.15,0.005,0.005,0.13999999999999999,abs_005_005,1000,2000,-0.055046359033214476,0.48419521447406494,True,0.5392415735072794,0.48419521447406494,0.19638701936754355,0.24861298063245646,-0.251433378400758,0.23558223384160848,0.05222596126491291,0.09651561224236654,0.39049999999999996
rep0173,0.74,0.7363251066811258,alg1,0.15,0.005,0.005,0.13999999999999999,abs_005_005,1000,2000,0.42190742011343485,0.9579452141330455,True,0.5360377940196106,0.5360377940196106,0.7109099595912739,0.7660900404087262,-0.28900253947783905,0.19185517372431926,0.05518008081745229,0.10535771320215831,0.3755
rep0174,0.81,0.8139286848050418,alg1,0.15,0.005,0.005,0.13999999999999999,abs_005_005,1000,2000,0.7036083848598464,1.1774343823444793,True,0.47382599748463283,0.29639161514015355,0.9786236126321113,0.9933763873678887,-0.27501522777226484,0.18405799497659053,0.014752774735777407,0.08557322274885532,0.37350000000000005
rep0175,0.63,0.6348894231411129,alg1,0.15,0.005,0.005,0.13999999999999999,abs_005_005,1000,2000,0.22329356013678386,0.7656591155098829,True,0.542365555373099,0.542365555373099,0.4931462676250192,0.5558537323749808,-0.2698527074882353,0.209805383134902,0.06270746474996164,0.09765809062313718,0.3820000000000001
rep0176,0.47,0.4725869259755337,alg1,0.15,0.005,0.005,0.13999999999999999,abs_005_005,1000,2000,0.1255600917386624,0.7299704656614816,True,0.6044103739228193,0.6044103739228193,0.38901297503000876,0.4509870249699912,-0.26345288329134636,0.2789834406914904,0.061974049939982456,0.09393632398283669,0.4485
rep0177,0.37,0.3661877553272999,alg1,0.15,0.005,0.005,0.13999999999999999,abs_005_005,1000,2000,0.2354821605881804,0.7128307645225176,True,0.4773486039343372,0.4773486039343372,0.4891349551560032,0.5518650448439967,-0.2536527945678228,0.16096571967852097,0.06273008968799348,0.09861851424634371,0.31600000000000006
rep0178,0.58,0.5808139347307457,alg1,0.15,0.005,0.005,0.13999999999999999,abs_005_005,1000,2000,0.4862253232325416,0.9149749297995386,True,0.42874960656699707,0.42874960656699707,0.705741889140831,0.7612581108591691,-0.21951656590828944,0.1537168189403696,0.05551622171833803,0.08473338484865905,0.2885
rep0179,0.22,0.22017317015237053,alg1,0.15,0.005,0.005,0.13999999999999999,abs_005_005,1000,2000,-0.04827027495333497,0.4643676869607222,True,0.5126379619140572,0.4643676869607222,0.1968661026423435,0.2491338973576565,-0.24513637759567847,0.21523378960306572,0.05226779471531301,0.09087016719874419,0.3695
rep0180,0.24,0.23704842462935202,alg1,0.15,0.005,0.005,0.13999999999999999,abs_005_005,1000,2000,0.09075655310466435,0.5840905919650156,True,0.4933340388603512,0.4933340388603512,0.3185842537117882,0.37841574628821173,-0.22782770060712387,0.20567484567680383,0.059831492576423506,0.10050254628392763,0.3330000000000001
rep0181,0.81,0.8124731630569871,alg1,0.15,0.005,0.005,0.13999999999999999,abs_005_005,1000,2000,0.543897990010238,0.9769637711346517,True,0.43306578112441374,0.43306578112441374,0.797984747897319,0.8460152521026809,-0.254086757887081,0.13094851903197086,0.048030504205361924,0.093535276919052,0.29149999999999987
rep0182,0.20,0.1997976959635074,alg1,0.15,0.005,0.005,0.13999999999999999,abs_005_005,1000,2000,-0.05352688951341239,0.5485620933965598,True,0.6020889829099723,0.5485620933965598,0.24793499885601095,0.3040650011439891,-0.30146188836942334,0.2444970922525707,0.056130002287978153,0.09445898062199393,0.45150000000000007
rep0183,0.37,0.37134566744195185,alg1,0.15,0.005,0.005,0.13999999999999999,abs_005_005,1000,2000,0.16613776814139375,0.6883326364579573,True,0.5221948683165636,0.5221948683165636,0.4321923137765774,0.49480768622342264,-0.26605454563518366,0.19352495023453462,0.06261537244684523,0.09457949586971826,0.365
rep0184,0.74,0.7354696566930434,alg1,0.15,0.005,0.005,0.13999999999999999,abs_005_005,1000,2000,0.5004132624178383,1.0376047518628821,True,0.5371914894450438,0.49958673758216166,0.7775053355578222,0.8274946644421778,-0.27709207313998385,0.21011008742070444,0.04998932888435559,0.10570216056068826,0.38150000000000006
rep0185,0.10,0.10340771969498831,alg1,0.15,0.005,0.005,0.13999999999999999,abs_005_005,1000,2000,-0.16606988224444294,0.29108008337782076,True,0.45714996562226373,0.29108008337782076,0.07841891874855758,0.11558108125144242,-0.24448880099300052,0.1754990021263783,0.03716216250288484,0.07698780311937875,0.3430000000000001
rep0186,0.69,0.6920835306051816,alg1,0.15,0.005,0.005,0.13999999999999999,abs_005_005,1000,2000,0.6099952461455768,1.027454663495784,True,0.4174594173502072,0.39000475385442324,0.8435456096491836,0.8864543903508164,-0.23355036350360683,0.14100027314496755,0.04290878070163284,0.10055063664857433,0.274
rep0187,0.80,0.798533047494207,alg1,0.15,0.005,0.005,0.13999999999999999,abs_005_005,1000,2000,0.4473471028203003,0.9511331698915446,True,0.5037860670712443,0.5037860670712443,0.7352633368606162,0.7887366631393838,-0.28791623404031585,0.16239650675216072,0.05347332627876766,0.08881274079247653,0.36150000000000004
rep0188,0.89,0.8878576726046554,alg1,0.15,0.005,0.005,0.13999999999999999,abs_005_005,1000,2000,0.565519903577896,1.0078684895067633,True,0.4423485859288673,0.43448009642210395,0.822278581355488,0.8677214186445119,-0.256758677777592,0.1401470708622514,0.045442837289023874,0.09640574863984341,0.3005
rep0189,0.68,0.6820614866402894,alg1,0.15,0.005,0.005,0.13999999999999999,abs_005_005,1000,2000,0.5856214598424749,1.0082396326569185,True,0.4226181728144436,0.41437854015752507,0.8456805199179263,0.8883194800820737,-0.2600590600754513,0.11992015257484481,0.04263896016414748,0.08947921265029612,0.2905
rep0190,0.38,0.3784619675117847,alg1,0.15,0.005,0.005,0.13999999999999999,abs_005_005,1000,2000,0.22842667405611256,0.7327175041322449,True,0.5042908300761324,0.5042908300761324,0.47010870081468936,0.5328912991853105,-0.2416820267585768,0.19982620494693434,0.06278259837062117,0.09750823170551115,0.344
rep0191,0.28,0.2819871291482782,alg1,0.15,0.005,0.005,0.13999999999999999,abs_005_005,1000,2000,0.149447651477415,0.6932821480812797,True,0.5438344966038647,0.5438344966038647,0.4068508318494414,0.4691491681505586,-0.25740318037202636,0.22413297993072112,0.06229833630111725,0.10553616030274765,0.37599999999999983
rep0192,0.26,0.2642608355159435,alg1,0.15,0.005,0.005,0.13999999999999999,abs_005_005,1000,2000,0.027810197668037495,0.5563597690188133,True,0.5285495713507758,0.5285495713507758,0.3210348023418273,0.38096519765817266,-0.2932246046737898,0.17539457136064066,0.059930395316345364,0.10261917603443049,0.366
rep0193,0.10,0.10065366890913507,alg1,0.15,0.005,0.005,0.13999999999999999,abs_005_005,1000,2000,-0.24889782424686274,0.18623708842512288,True,0.4351349126719856,0.18623708842512288,0.0,0.0,-0.24889782424686274,0.18623708842512288,0.0,0.10413491267198555,0.33100000000000007
rep0194,0.61,0.6065689152312473,alg1,0.15,0.005,0.005,0.13999999999999999,abs_005_005,1000,2000,0.3266650438023416,0.8291721663316649,True,0.5025071225293233,0.5025071225293233,0.5369002225382923,0.5990997774617076,-0.21023517873595066,0.23007238886995723,0.062199554923415334,0.10080756760590798,0.3394999999999999
rep0195,0.10,0.10236788996150449,alg1,0.15,0.005,0.005,0.13999999999999999,abs_005_005,1000,2000,-0.14906042528983027,0.2710445680141893,True,0.42010499330401957,0.2710445680141893,0.10052479008908718,0.1414752099109128,-0.24958521537891745,0.12956935810327647,0.04095041982182562,0.10265457348219392,0.2765
rep0196,0.11,0.10640820495151106,alg1,0.15,0.005,0.005,0.13999999999999999,abs_005_005,1000,2000,-0.1949412498399348,0.2710677164392568,True,0.46600896627919164,0.2710677164392568,0.061163415202838606,0.0948365847971614,-0.2561046650427734,0.17623113164209542,0.03367316959432279,0.09833579668486886,0.33399999999999996
rep0197,0.80,0.7955389051940175,alg1,0.15,0.005,0.005,0.13999999999999999,abs_005_005,1000,2000,0.6312570409896485,1.085090318667825,True,0.4538332776781764,0.3687429590103515,0.9278844271523231,0.9571155728476769,-0.29662738616267464,0.12797474582014806,0.02923114569535379,0.10160213198282275,0.32299999999999995
rep0198,0.72,0.7201597538360408,alg1,0.15,0.005,0.005,0.13999999999999999,abs_005_005,1000,2000,0.6230017560135979,1.119610103473704,True,0.4966083474601062,0.37699824398640214,0.9206337055296383,0.9513662944703618,-0.2976319495160404,0.16824380900334218,0.030732588940723504,0.10337575851938252,0.36250000000000004
rep0199,0.36,0.3552953142149884,alg1,0.15,0.005,0.005,0.13999999999999999,abs_005_005,1000,2000,0.10217835414773851,0.6535286682060601,True,0.5513503140583216,0.5513503140583216,0.38901297503000876,0.4509870249699912,-0.28683462088227024,0.20254164323606894,0.061974049939982456,0.10587626411833923,0.38349999999999995
rep0200,0.28,0.27875301908221095,alg1,0.15,0.005,0.005,0.13999999999999999,abs_005_005,1000,2000,0.0668947055963009,0.5521622022546864,True,0.4852674966583855,0.4852674966583855,0.3068343247628427,0.3661656752371573,-0.23993961916654183,0.18599652701752906,0.05933135047431459,0.09693614618407081,0.32900000000000007
rep0201,0.62,0.6187795427961023,alg1,0.15,0.005,0.005,0.13999999999999999,abs_005_005,1000,2000,0.35076922566332724,0.8218161978240237,True,0.47104697216069646,0.47104697216069646,0.6302591986333589,0.6897408013666412,-0.27948997297003164,0.13207539645738256,0.05948160273328229,0.10556536942741412,0.30600000000000005
rep0202,0.26,0.2611469262103015,alg1,0.15,0.005,0.005,0.13999999999999999,abs_005_005,1000,2000,-0.03673919063291056,0.5506764731856579,True,0.5874156638185685,0.5506764731856579,0.235842181297473,0.291157818702527,-0.27258137193038356,0.2595186544831309,0.05531563740505399,0.10060002641351456,0.43149999999999994
rep0203,0.13,0.13085876155232837,alg1,0.15,0.005,0.005,0.13999999999999999,abs_005_005,1000,2000,-0.035573907322288545,0.45231185196916873,True,0.4878857592914573,0.45231185196916873,0.21751652327784582,0.27148347672215417,-0.25309043060013436,0.18082837524701456,0.05396695344430835,0.10641880584714891,0.3275
rep0204,0.41,0.4108195104512688,alg1,0.15,0.005,0.005,0.13999999999999999,abs_005_005,1000,2000,0.16200734852162169,0.694867096685544,True,0.5328597481639223,0.5328597481639223,0.40734692509819437,0.46965307490180563,-0.24533957657657268,0.22521402178373837,0.062306149803611266,0.10255359836031108,0.368
rep0205,0.79,0.7878764979526736,alg1,0.15,0.005,0.005,0.13999999999999999,abs_005_005,1000,2000,0.44262894186854257,0.999402036892693,True,0.5567730950241505,0.5567730950241505,0.7036759368478658,0.7593240631521343,-0.2610469949793232,0.24007797374055867,0.05564812630426852,0.10012496871988186,0.401
rep0206,0.64,0.6364942699927159,alg1,0.15,0.005,0.005,0.13999999999999999,abs_005_005,1000,2000,0.3606054562468535,0.8286653126608545,True,0.46805985641400105,0.46805985641400105,0.634856123517449,0.6941438764825509,-0.27425066727059555,0.13452143617830362,0.059287752965101914,0.09327210344889914,0.3155
rep0207,0.49,0.4906848418763044,alg1,0.15,0.005,0.005,0.13999999999999999,abs_005_005,1000,2000,0.3398948921960524,0.8466075702219705,True,0.5067126780259181,0.5067126780259181,0.607318880831548,0.667681119168452,-0.26742398863549555,0.17892645105351856,0.06036223833690402,0.08985043968901407,0.35650000000000004
rep0208,0.79,0.7884131600923425,alg1,0.15,0.005,0.005,0.13999999999999999,abs_005_005,1000,2000,0.49337813662422136,0.9340480709974355,True,0.4406699343732141,0.4406699343732141,0.7171177555385134,0.7718822444614867,-0.22373961891429206,0.16216582653594885,0.05476448892297325,0.10090544545024088,0.28500000000000003
rep0209,0.53,0.5343534617948776,alg1,0.15,0.005,0.005,0.13999999999999999,abs_005_005,1000,2000,0.23244732877528124,0.8450597112875513,True,0.61261238251227,0.61261238251227,0.5601328427394102,0.6218671572605897,-0.327685513964129,0.22319255402696164,0.0617343145211795,0.08937806799109071,0.4614999999999999
rep0210,0.33,0.33438574106348895,alg1,0.15,0.005,0.005,0.13999999999999999,abs_005_005,1000,2000,0.07180178869965906,0.5485442017971741,True,0.4767424130975151,0.4767424130975151,0.28924979672637796,0.34775020327362205,-0.2174480080267189,0.20079399852355204,0.05850040654724409,0.09074200655027093,0.3275
rep0211,0.60,0.6037659353980034,alg1,0.15,0.005,0.005,0.13999999999999999,abs_005_005,1000,2000,0.43906052284755315,0.8844806381129624,True,0.44542011526540926,0.44542011526540926,0.6794537348955416,0.7365462651044583,-0.2403932120479885,0.1479343730085041,0.05709253020891669,0.10082758505649247,0.2875000000000001
rep0212,0.98,0.9780460218423522,alg1,0.15,0.005,0.005,0.13999999999999999,abs_005_005,1000,2000,0.7581180534031953,1.2297340187112362,True,0.47161596530804095,0.24188194659680473,1.0,1.0,-0.24188194659680476,0.22973401871123625,0.0,0.09811596530804101,0.3735
rep0213,0.15,0.1484121191028399,alg1,0.15,0.005,0.005,0.13999999999999999,abs_005_005,1000,2000,-0.13467886252504113,0.36073902553792897,True,0.4954178880629701,0.36073902553792897,0.12664373986503585,0.17135626013496413,-0.261322602390077,0.18938276540296484,0.04471252026992828,0.10320536779304179,0.34750000000000003
rep0214,0.66,0.6628431392335704,alg1,0.15,0.005,0.005,0.13999999999999999,abs_005_005,1000,2000,0.46734618471294354,0.983670188702723,True,0.5163240039897795,0.5163240039897795,0.7264422717773495,0.7805577282226503,-0.259096087064406,0.20311246048007275,0.0541154564453008,0.10070854754447872,0.36150000000000004
rep0215,0.68,0.6753815297588844,alg1,0.15,0.005,0.005,0.13999999999999999,abs_005_005,1000,2000,0.2833521219688265,0.9254166645002748,True,0.6420645425314484,0.6420645425314484,0.6425243902109112,0.7014756097890888,-0.35917226824208476,0.223941054711186,0.058951219578177616,0.10211332295327075,0.48100000000000004
rep0216,0.82,0.8173556056467988,alg1,0.15,0.005,0.005,0.13999999999999999,abs_005_005,1000,2000,0.6260210513970785,1.2057037728237092,True,0.5796827214266307,0.37397894860292147,0.9368817939745024,0.9641182060254976,-0.3108607425774239,0.24158556679821164,0.02723641205099514,0.10144630937563548,0.45100000000000007
rep0217,0.70,0.6971727626112771,alg1,0.15,0.005,0.005,0.13999999999999999,abs_005_005,1000,2000,0.5057906591612903,1.0329960561911729,True,0.5272053970298826,0.4942093408387097,0.7874699643497826,0.8365300356502176,-0.28167930518849227,0.1964660205409554,0.04906007130043499,0.10214532572944757,0.3760000000000001
rep0218,0.53,0.5325584219827054,alg1,0.15,0.005,0.005,0.13999999999999999,abs_005_005,1000,2000,0.0065335757550662454,0.5453766443944087,True,0.5388430686393424,0.5388430686393424,0.29266513979650605,0.35133486020349397,-0.2861315640414398,0.19404178419091472,0.058669720406987924,0.10317334823235452,0.377
rep0219,0.26,0.26006522148105754,alg1,0.15,0.005,0.005,0.13999999999999999,abs_005_005,1000,2000,0.12393676481973176,0.6950150082362649,True,0.5710782434165331,0.5710782434165331,0.4212505344848741,0.48374946551512593,-0.29731376966514234,0.21126554272113898,0.062498931030251836,0.10157931238628132,0.407
rep0220,0.85,0.853759876232515,alg1,0.15,0.005,0.005,0.13999999999999999,abs_005_005,1000,2000,0.6361366723593281,1.0764538145492915,True,0.4403171421899633,0.36386332764067186,0.9117713842872605,0.9442286157127396,-0.2756347119279323,0.13222519883655187,0.03245723142547918,0.08085991076448429,0.3269999999999999
rep0221,0.29,0.29471783594394063,alg1,0.15,0.005,0.005,0.13999999999999999,abs_005_005,1000,2000,-0.00947162207942806,0.49107596418298743,True,0.5005475862624155,0.49107596418298743,0.23004774111409912,0.28495225888590087,-0.23951936319352718,0.20612370529708657,0.05490451777180175,0.10414306849061372,0.3415
rep0222,0.60,0.5974502663194311,alg1,0.15,0.005,0.005,0.13999999999999999,abs_005_005,1000,2000,0.4571027821094279,0.8898371327143308,True,0.43273435060490295,0.43273435060490295,0.7191885267325684,0.7738114732674317,-0.2620857446231405,0.11602565944689908,0.054622946534863326,0.07661140407003958,0.3015
rep0223,0.16,0.16311492076100237,alg1,0.15,0.005,0.005,0.13999999999999999,abs_005_005,1000,2000,-0.14297974110698458,0.38021035669652453,True,0.5231900978035091,0.38021035669652453,0.14972544435065938,0.1972745556493406,-0.29270518545764396,0.18293580104718393,0.047549111298681224,0.09664098650482789,0.379
rep0224,0.09,0.09398225610587806,alg1,0.15,0.005,0.005,0.13999999999999999,abs_005_005,1000,2000,-0.2921414354326418,0.1891508563904384,True,0.4812922918230802,0.1891508563904384,0.0,0.0,-0.2921414354326418,0.1891508563904384,0.0,0.1022922918230803,0.3789999999999999
rep0225,0.30,0.29551341108301227,alg1,0.15,0.005,0.005,0.13999999999999999,abs_005_005,1000,2000,-0.20084634934576628,0.3056393671653041,True,0.5064857165110703,0.3056393671653041,0.10748997836188186,0.14951002163811816,-0.30833632770764813,0.15612934552718594,0.042020043276236305,0.10146567323483408,0.363
rep0226,0.26,0.2588609592951638,alg1,0.15,0.005,0.005,0.13999999999999999,abs_005_005,1000,2000,0.03291184474384201,0.5071838707324376,True,0.47427202598859564,0.47427202598859564,0.2726883517776822,0.3303116482223178,-0.23977650703384018,0.17687222251011986,0.0576232964446356,0.08514872954396008,0.33149999999999996
rep0227,0.17,0.17268934084441262,alg1,0.15,0.005,0.005,0.13999999999999999,abs_005_005,1000,2000,0.025524045637949355,0.4597144229308313,True,0.43419037729288196,0.43419037729288196,0.2673401821925919,0.32465981780740805,-0.24181613655464257,0.1350546051234233,0.05731963561481612,0.09337074167806592,0.2835
rep0228,0.85,0.8487852341549722,alg1,0.15,0.005,0.005,0.13999999999999999,abs_005_005,1000,2000,0.5857693091452285,1.171308076741655,True,0.5855387675964265,0.4142306908547715,0.8822491382009472,0.9197508617990529,-0.2964798290557187,0.2515572149426022,0.03750172359810566,0.09953704399832086,0.4485
rep0229,0.49,0.4925986285027818,alg1,0.15,0.005,0.005,0.13999999999999999,abs_005_005,1000,2000,0.17020021198853413,0.640314092820978,True,0.4701138808324438,0.4701138808324438,0.4571168636872549,0.5198831363127451,-0.28691665169872077,0.12043095650823285,0.06276627262549017,0.09384760820695354,0.31350000000000006
rep0230,0.37,0.3698093315210323,alg1,0.15,0.005,0.005,0.13999999999999999,abs_005_005,1000,2000,-0.0015218891779912314,0.536682816938781,True,0.5382047061167722,0.536682816938781,0.28242483165822146,0.34057516834177853,-0.2839467208362127,0.19610764859700236,0.05815033668355707,0.10155436943321516,0.3784999999999999
rep0231,0.52,0.5174532275906403,alg1,0.15,0.005,0.005,0.13999999999999999,abs_005_005,1000,2000,0.21669766267137497,0.6736675662247786,True,0.45696990355340367,0.45696990355340367,0.46261081981797425,0.5253891801820257,-0.24591315714659928,0.14827838604275295,0.06277836036405149,0.08819154318935224,0.306
rep0232,0.32,0.3249276305613271,alg1,0.15,0.005,0.005,0.13999999999999999,abs_005_005,1000,2000,-0.013354077099940215,0.40937593221211743,True,0.4227300093120576,0.40937593221211743,0.21270562642137494,0.26629437357862507,-0.22605970352131516,0.14308155863349234,0.05358874715725012,0.1046412621548074,0.26450000000000007
rep0233,0.44,0.4411253571753426,alg1,0.15,0.005,0.005,0.13999999999999999,abs_005_005,1000,2000,0.30313486050923044,0.7888673353656143,True,0.4857324748563838,0.4857324748563838,0.5682300466632261,0.6297699533367739,-0.26509518615399563,0.15909738202884038,0.061539906673547806,0.093692568182836,0.3305
rep0234,0.30,0.3017142302716192,alg1,0.15,0.005,0.005,0.13999999999999999,abs_005_005,1000,2000,0.17232781194425717,0.67746267169376,True,0.5051348597495028,0.5051348597495028,0.4481349551560032,0.5108650448439968,-0.27580714321174604,0.1665976268497632,0.06273008968799354,0.10440477006150928,0.33799999999999997
rep0235,0.35,0.34969421484523144,alg1,0.15,0.005,0.005,0.13999999999999999,abs_005_005,1000,2000,-0.030929533278317878,0.5325242419124512,True,0.5634537751907691,0.5325242419124512,0.29803590971516086,0.35696409028483916,-0.32896544299347874,0.175560151627612,0.0589281805696783,0.10552559462109068,0.399
rep0236,0.55,0.5457336066147829,alg1,0.15,0.005,0.005,0.13999999999999999,abs_005_005,1000,2000,0.2863184231611313,0.7735657762757844,True,0.48724735311465306,0.48724735311465306,0.5278278728670919,0.5901721271329082,-0.24150944970596053,0.1833936491428762,0.06234425426581636,0.10190309884883669,0.323
rep0237,0.30,0.29548634029776705,alg1,0.15,0.005,0.005,0.13999999999999999,abs_005_005,1000,2000,0.11685057275625726,0.6345492178003238,True,0.5176986450440666,0.5176986450440666,0.3840654914031138,0.44593450859688616,-0.26721491864685654,0.18861470920343765,0.06186901719377236,0.1053296278502941,0.3505000000000001
rep0238,0.69,0.6908595209258626,alg1,0.15,0.005,0.005,0.13999999999999999,abs_005_005,1000,2000,0.5966941180521519,1.0356735137061783,True,0.43897939565402644,0.4033058819478481,0.8371502044113772,0.8808497955886228,-0.24045608635922527,0.15482371811755552,0.043699591177245534,0.09027980447678086,0.30499999999999994
rep0239,0.62,0.6241144830557169,alg1,0.15,0.005,0.005,0.13999999999999999,abs_005_005,1000,2000,0.47803254156343106,0.9103757278864146,True,0.4323431863229836,0.4323431863229836,0.7644280154636486,0.8155719845363515,-0.2863954739002175,0.0948037433500632,0.05114396907270291,0.10369921725028075,0.27749999999999997
rep0240,0.24,0.24453791070407824,alg1,0.15,0.005,0.005,0.13999999999999999,abs_005_005,1000,2000,0.05294790394931159,0.6136513119966512,True,0.5607034080473396,0.5607034080473396,0.3731925996378262,0.43480740036217386,-0.3202446956885146,0.17884391163447738,0.06161480072434766,0.08458860732299212,0.41449999999999987
rep0241,0.52,0.5164645066009014,alg1,0.15,0.005,0.005,0.13999999999999999,abs_005_005,1000,2000,0.46613059163553716,0.9702316976150908,True,0.5041011059795536,0.5041011059795536,0.7985112083691187,0.8464887916308813,-0.33238061673358155,0.12374290598420948,0.0479775832617626,0.09462352271779095,0.36150000000000004
rep0242,0.35,0.35169019236869076,alg1,0.15,0.005,0.005,0.13999999999999999,abs_005_005,1000,2000,0.37920191323156865,0.7700742387375161,False,0.39087232550594747,0.39087232550594747,0.6083369091805317,0.6686630908194682,-0.22913499594896308,0.10141114791804792,0.06032618163893644,0.099046143867011,0.23149999999999998
rep0243,0.23,0.23019375670154454,alg1,0.15,0.005,0.005,0.13999999999999999,abs_005_005,1000,2000,-0.10083981270364373,0.6069452380222176,True,0.7077850507258613,0.6069452380222176,0.285348876686611,0.343651123313389,-0.38618868939025475,0.26329411470882863,0.058302246626777965,0.08998280409908355,0.5594999999999999
rep0244,0.74,0.7415957082065188,alg1,0.15,0.005,0.005,0.13999999999999999,abs_005_005,1000,2000,0.5134436768880293,0.985540811502362,True,0.47209713461433267,0.47209713461433267,0.7958796048190212,0.8441203951809787,-0.28243592793099187,0.14142041632138325,0.0482407903619575,0.0898563442523751,0.334
rep0245,0.47,0.47499254802102725,alg1,0.15,0.005,0.005,0.13999999999999999,abs_005_005,1000,2000,0.35712854112655956,0.9038862004645882,True,0.5467576593380287,0.5467576593380287,0.6609633417981763,0.7190366582018236,-0.3038348006716167,0.18484954226276457,0.058073316403647324,0.09968434293438122,0.38900000000000007
rep0246,0.78,0.7758975009320978,alg1,0.15,0.005,0.005,0.13999999999999999,abs_005_005,1000,2000,0.6807805586086351,1.0917883600654656,True,0.4110078014568306,0.31921944139136493,0.9128757964690508,0.9451242035309493,-0.2320952378604157,0.14666415653451645,0.032248407061898465,0.10725939439493215,0.27149999999999996
rep0247,0.28,0.2821271416173694,alg1,0.15,0.005,0.005,0.13999999999999999,abs_005_005,1000,2000,-0.11345384673536205,0.3676376786442392,True,0.4810915253796012,0.3676376786442392,0.18538343052408027,0.23661656947591972,-0.2988372772594423,0.13102110916831947,0.05123313895183945,0.09635838642776173,0.3335
rep0248,0.67,0.672988765329577,alg1,0.15,0.005,0.005,0.13999999999999999,abs_005_005,1000,2000,0.602515056057606,1.0392799462973283,True,0.4367648902397223,0.397484943942394,0.838747770270886,0.8822522297291141,-0.2362327142132799,0.1570277165682143,0.04350445945822812,0.09626043078149416,0.29700000000000004
rep0249,0.98,0.9801107746609174,alg1,0.15,0.005,0.005,0.13999999999999999,abs_005_005,1000,2000,0.7258128105618842,1.1636836755896491,True,0.43787086502776496,0.2741871894381158,0.9546219126941008,0.9773780873058991,-0.22880910213221656,0.18630558828375002,0.022756174611798352,0.10411469041596655,0.31100000000000005
rep0250,0.62,0.6172560258772761,alg1,0.15,0.005,0.005,0.13999999999999999,abs_005_005,1000,2000,0.40645233450407564,0.9482955401462874,True,0.5418432056422118,0.5418432056422118,0.6717429903404378,0.7292570096595622,-0.2652906558363622,0.21903853048672522,0.057514019319124365,0.07332918632308738,0.41100000000000003
rep0251,0.29,0.2924388188288769,alg1,0.15,0.005,0.005,0.13999999999999999,abs_005_005,1000,2000,0.14450793820591473,0.5786771442469314,True,0.43416920604101666,0.43416920604101666,0.35789904484850527,0.41910095515149476,-0.21339110664259053,0.15957618909543658,0.06120191030298949,0.10746729573802705,0.26550000000000007
rep0252,0.09,0.0896720602135544,alg1,0.15,0.005,0.005,0.13999999999999999,abs_005_005,1000,2000,0.01551962329737433,0.49563941544724466,True,0.48011979214987033,0.48011979214987033,0.2809633417981763,0.3390366582018237,-0.26544371850080195,0.15660275724542094,0.058073316403647435,0.10004647574622288,0.322
rep0253,0.78,0.7765999665262309,alg1,0.15,0.005,0.005,0.13999999999999999,abs_005_005,1000,2000,0.4990688627291152,0.9710327157752956,True,0.4719638530461804,0.4719638530461804,0.7321483703007181,0.7858516296992819,-0.2330795075716029,0.18518108607601372,0.053703259398563796,0.10076059364761664,0.31749999999999995
rep0254,0.83,0.8252481785937431,alg1,0.15,0.005,0.005,0.13999999999999999,abs_005_005,1000,2000,0.5212005950110095,1.0193905275822135,True,0.49818993257120403,0.47879940498899054,0.8430121290770501,0.88598787092295,-0.3218115340660407,0.13340265665926365,0.042975741845899806,0.0977141907253044,0.35749999999999993
rep0255,0.13,0.13437713505510218,alg1,0.15,0.005,0.005,0.13999999999999999,abs_005_005,1000,2000,-0.19512048815106448,0.24126352434737647,True,0.43638401249844094,0.24126352434737647,0.07933372985757266,0.11666627014242735,-0.2744542180086371,0.1245972542049491,0.03733254028485469,0.10655147221358618,0.29250000000000004
rep0256,0.78,0.7814779027125283,alg1,0.15,0.005,0.005,0.13999999999999999,abs_005_005,1000,2000,0.6210102016469933,1.09201311084593,True,0.4710029091989366,0.3789897983530067,0.8698168158625901,0.9091831841374098,-0.24880661421559683,0.1828299267085201,0.03936636827481976,0.093636540924117,0.33799999999999997
rep0257,0.45,0.45240573026405834,alg1,0.15,0.005,0.005,0.13999999999999999,abs_005_005,1000,2000,0.10554458098310349,0.6836651152028543,True,0.5781205342197508,0.5781205342197508,0.46261081981797425,0.5253891801820257,-0.35706623883487076,0.1582759350208286,0.06277836036405149,0.08934217385569931,0.42600000000000005
rep0258,0.07,0.07418392827862928,alg1,0.15,0.005,0.005,0.13999999999999999,abs_005_005,1000,2000,-0.13250313472855182,0.3060671508668698,True,0.43857028559542166,0.3060671508668698,0.08575369307414563,0.12424630692585437,-0.21825682780269745,0.18182084394101544,0.03849261385170874,0.10407767174371291,0.296
rep0259,0.68,0.6761520985115335,alg1,0.15,0.005,0.005,0.13999999999999999,abs_005_005,1000,2000,0.5150080895788267,0.9384285657548137,True,0.423420476175987,0.423420476175987,0.7487829784871016,0.8012170215128984,-0.23377488890827486,0.13721154424191523,0.052434043025796795,0.10698643315019007,0.264
rep0260,0.10,0.10492620020216502,alg1,0.15,0.005,0.005,0.13999999999999999,abs_005_005,1000,2000,0.003580984978334395,0.4744588086008691,True,0.4708778236225347,0.4708778236225347,0.23535905681343752,0.29064094318656253,-0.23177807183510313,0.18381786541430659,0.055281886373125005,0.10259593724940974,0.31299999999999994
rep0261,0.71,0.7113348004426951,alg1,0.15,0.005,0.005,0.13999999999999999,abs_005_005,1000,2000,0.37677700683640003,0.8582104445977954,True,0.48143343776139536,0.48143343776139536,0.6088459764164468,0.6691540235835532,-0.23206896958004672,0.1890564210142422,0.06030804716710647,0.08662539059428886,0.3345
rep0262,0.38,0.3806497009582499,alg1,0.15,0.005,0.005,0.13999999999999999,abs_005_005,1000,2000,0.16602084613742196,0.7267103763823005,True,0.5606895302448786,0.5606895302448786,0.4227416904324266,0.48525830956757343,-0.25672084429500464,0.24145206681472708,0.06251661913514683,0.0996729111097317,0.3985
rep0263,0.24,0.24076696152715216,alg1,0.15,0.005,0.005,0.13999999999999999,abs_005_005,1000,2000,-0.11543424599721913,0.3369122028005246,True,0.4523464487977437,0.3369122028005246,0.15114457057593728,0.1988554294240627,-0.2665788165731564,0.1380567733764619,0.047710858848125426,0.0851355899496184,0.31949999999999995
rep0264,0.52,0.5212902081011369,alg1,0.15,0.005,0.005,0.13999999999999999,abs_005_005,1000,2000,0.37556541283458866,0.978889700180541,True,0.6033242873459523,0.6033242873459523,0.6650677846772033,0.7229322153227966,-0.2895023718426146,0.2559574848577444,0.05786443064559332,0.10445985670035907,0.44099999999999995
rep0265,0.68,0.6761706844565677,alg1,0.15,0.005,0.005,0.13999999999999999,abs_005_005,1000,2000,0.38493012699750867,0.825817849781803,True,0.4408877227842943,0.4408877227842943,0.5854650503371998,0.6465349496628002,-0.20053492333969108,0.17928290011900272,0.061069899325600474,0.09331782345869377,0.28650000000000003
rep0266,0.63,0.6259585314297184,alg1,0.15,0.005,0.005,0.13999999999999999,abs_005_005,1000,2000,0.4883539635071014,1.0418102265331786,True,0.5534562630260771,0.5116460364928985,0.7529500972809454,0.8050499027190546,-0.264596133773844,0.23676032381412385,0.052099805438109215,0.10085645758796791,0.40049999999999997
rep0267,0.64,0.6425878750607568,alg1,0.15,0.005,0.005,0.13999999999999999,abs_005_005,1000,2000,0.45097278730901663,0.9188031677064494,True,0.4678303803974328,0.4678303803974328,0.7109099595912739,0.7660900404087262,-0.25993717228225727,0.1527131272977233,0.05518008081745229,0.10015029957998056,0.3125
rep0268,0.57,0.5688767604756515,alg1,0.15,0.005,0.005,0.13999999999999999,abs_005_005,1000,2000,0.385794635714354,0.8662425510901017,True,0.4804479153757477,0.4804479153757477,0.6420129086256539,0.7009870913743461,-0.25621827291129984,0.16525545971575564,0.05897418274869226,0.1064737326270554,0.31500000000000006
rep0269,0.61,0.6090884634770819,alg1,0.15,0.005,0.005,0.13999999999999999,abs_005_005,1000,2000,0.4982862594380628,0.9427321316511663,True,0.4444458722131035,0.4444458722131035,0.7373409959336705,0.7906590040663295,-0.2390547364956077,0.15207312758483682,0.05331800813265897,0.08762786408044454,0.3035
rep0270,0.12,0.11526616192747224,alg1,0.15,0.005,0.005,0.13999999999999999,abs_005_005,1000,2000,-0.1575605424174294,0.3720421594791676,True,0.529602701896597,0.3720421594791676,0.12899010444620118,0.1740098955537988,-0.2865506468636306,0.19803226392536877,0.04501979110759763,0.08758291078899932,0.397
rep0271,0.47,0.4681751684593391,alg1,0.15,0.005,0.005,0.13999999999999999,abs_005_005,1000,2000,0.23677666878019488,0.6740570111022584,True,0.4372803423220635,0.4372803423220635,0.4531236467655985,0.5158763532344015,-0.21634697798540364,0.1581806578678569,0.06275270646880299,0.10052763585326052,0.274
rep0272,0.40,0.39833590945832087,alg1,0.15,0.005,0.005,0.13999999999999999,abs_005_005,1000,2000,0.11142914270498083,0.6696120235533849,True,0.5581828808484041,0.5581828808484041,0.4351790968905382,0.49782090310946187,-0.32374995418555735,0.171791120443923,0.06264180621892368,0.10104107462948042,0.39449999999999996
rep0273,0.71,0.7075613822911984,alg1,0.15,0.005,0.005,0.13999999999999999,abs_005_005,1000,2000,0.46395553966391756,1.0533008537461501,True,0.5893453140822326,0.5360444603360824,0.7545136695890364,0.8064863304109635,-0.29055812992511887,0.24681452333518658,0.051972660821927086,0.09287265326030553,0.44449999999999995
rep0274,0.85,0.8471606975483279,alg1,0.15,0.005,0.005,0.13999999999999999,abs_005_005,1000,2000,0.5441821179048575,1.0896473862583318,True,0.5454652683534743,0.4558178820951425,0.8328940950358161,0.8771059049641838,-0.28871197713095864,0.21254148129414796,0.04421180992836771,0.09275345842510663,0.4085
rep0275,0.40,0.39745467775964205,alg1,0.15,0.005,0.005,0.13999999999999999,abs_005_005,1000,2000,0.10826024735585488,0.628765500458919,True,0.5205052531030641,0.5205052531030641,0.38505472624513776,0.4469452737548622,-0.2767944788892829,0.18182022670405673,0.06189054750972445,0.09711470559333951,0.3615000000000001
rep0276,0.79,0.7949538983229296,alg1,0.15,0.005,0.005,0.13999999999999999,abs_005_005,1000,2000,0.4885916427126357,0.9073078410124671,True,0.41871619829983137,0.41871619829983137,0.7103929458755661,0.7656070541244339,-0.2218013031629304,0.14170078688803317,0.055214108248867744,0.0850020900509636,0.27849999999999997
rep0277,0.93,0.930301199871631,alg1,0.15,0.005,0.005,0.13999999999999999,abs_005_005,1000,2000,0.714964875992508,1.134099823848051,True,0.41913494785554306,0.285035124007492,0.9499961495962436,0.9740038504037564,-0.23503127360373555,0.1600959734442946,0.0240077008075128,0.10612724704803012,0.28900000000000003
rep0278,0.37,0.3696752001735406,alg1,0.15,0.005,0.005,0.13999999999999999,abs_005_005,1000,2000,0.07031840854587829,0.571483084457189,True,0.5011646759113106,0.5011646759113106,0.3524800927735901,0.4135199072264099,-0.2821616842277118,0.1579631772307791,0.06103981445281981,0.09762486145849092,0.3425
rep0279,0.13,0.13147382621153028,alg1,0.15,0.005,0.005,0.13999999999999999,abs_005_005,1000,2000,0.06292893188600651,0.6319026308177216,True,0.5689736989317151,0.5689736989317151,0.3337921031411069,0.39420789685889307,-0.2708631712551004,0.23769473395882856,0.06041579371778616,0.09355790521392893,0.41500000000000004
rep0280,0.36,0.35594285033815837,alg1,0.15,0.005,0.005,0.13999999999999999,abs_005_005,1000,2000,-0.048464264848740196,0.3905919192169462,True,0.43905618406568636,0.3905919192169462,0.21270562642137494,0.26629437357862507,-0.26116989127011514,0.12429754563832111,0.05358874715725012,0.08246743690843622,0.30300000000000005
rep0281,0.20,0.19703011471716847,alg1,0.15,0.005,0.005,0.13999999999999999,abs_005_005,1000,2000,-0.05686369836202365,0.5090168215221267,True,0.5658805198841503,0.5090168215221267,0.2522951969108842,0.30870480308911585,-0.30915889527290785,0.20031201843301089,0.05640960617823165,0.09697091370591882,0.4125
rep0282,0.53,0.534914057172963,alg1,0.15,0.005,0.005,0.13999999999999999,abs_005_005,1000,2000,0.24885000550198982,0.7150867756363344,True,0.46623677013434456,0.46623677013434456,0.5066993493231869,0.5693006506768131,-0.2578493438211971,0.14578612495952128,0.06260130135362618,0.08963546878071843,0.314
rep0283,0.41,0.41419228502596483,alg1,0.15,0.005,0.005,0.13999999999999999,abs_005_005,1000,2000,0.2715660994658718,0.7968347103439344,True,0.5252686108780626,0.5252686108780626,0.542449580714241,0.604550419285759,-0.2708834812483692,0.1922842910581754,0.06210083857151805,0.09816777230654461,0.365
rep0284,0.39,0.3925913844947507,alg1,0.15,0.005,0.005,0.13999999999999999,abs_005_005,1000,2000,0.2801679883384967,0.7502265991216209,True,0.4700586107831242,0.4700586107831242,0.526316826326671,0.588683173673329,-0.24614883798817427,0.16154342544829195,0.062366347346658024,0.10069226343646631,0.30699999999999994
rep0285,0.61,0.6124263297024947,alg1,0.15,0.005,0.005,0.13999999999999999,abs_005_005,1000,2000,0.3105366570164197,0.9174035589842913,True,0.6068669019678716,0.6068669019678716,0.6892341910699098,0.7457658089300903,-0.3786975340534901,0.171637750054201,0.05653161786018046,0.0773352841076912,0.473
rep0286,0.09,0.09137197017140981,alg1,0.15,0.005,0.005,0.13999999999999999,abs_005_005,1000,2000,-0.10776176909743046,0.39205848864697257,True,0.49982025774440303,0.39205848864697257,0.14405551123320842,0.1909444887667916,-0.2518172803306389,0.20111399988018097,0.046888977533583176,0.09943128021081982,0.35350000000000004
rep0287,0.42,0.42216382842444045,alg1,0.15,0.005,0.005,0.13999999999999999,abs_005_005,1000,2000,0.257068583925121,0.7335859499434514,True,0.4765173660183304,0.4765173660183304,0.5082066698589959,0.5707933301410041,-0.2511380859338749,0.1627926198024473,0.06258666028200821,0.08893070573632217,0.325
rep0288,0.33,0.3283444126896285,alg1,0.15,0.005,0.005,0.13999999999999999,abs_005_005,1000,2000,-0.055380782516007504,0.46955998327010473,True,0.5249407657861123,0.46955998327010473,0.24648238759923183,0.3025176124007682,-0.30186317011523933,0.16704237086933654,0.05603522480153636,0.10590554098457583,0.36300000000000004
rep0289,0.49,0.48946100113100743,alg1,0.15,0.005,0.005,0.13999999999999999,abs_005_005,1000,2000,0.11275733569748347,0.5730523719031155,True,0.46029503620563206,0.46029503620563206,0.3964403151242497,0.4585596848757503,-0.28368297942676624,0.11449268702736531,0.062119369751500564,0.0886756664541315,0.30950000000000005
rep0290,0.28,0.2770114750704152,alg1,0.15,0.005,0.005,0.13999999999999999,abs_005_005,1000,2000,0.12906042340726676,0.618203037281277,True,0.48914261387401026,0.48914261387401026,0.39891771804241316,0.4610822819575868,-0.2698572946351464,0.15712075532369021,0.062164563915173665,0.10147804995883664,0.32549999999999996
rep0291,0.52,0.5193958589819763,alg1,0.15,0.005,0.005,0.13999999999999999,abs_005_005,1000,2000,0.18733691408468978,0.623653662706426,True,0.4363167486217362,0.4363167486217362,0.42224460664375535,0.4847553933562447,-0.23490769255906557,0.13889826935018126,0.06251078671248933,0.06830596190924687,0.3055
rep0292,0.38,0.3772387157893864,alg1,0.15,0.005,0.005,0.13999999999999999,abs_005_005,1000,2000,0.16398847394662758,0.7317851533002161,True,0.5677966793535885,0.5677966793535885,0.42970419800274146,0.4922958019972586,-0.2657157240561139,0.23948935130295754,0.06259160399451713,0.09620507535907152,0.4089999999999999
rep0293,0.51,0.5051984499773295,alg1,0.15,0.005,0.005,0.13999999999999999,abs_005_005,1000,2000,0.21908606916593643,0.7652157894440443,True,0.5461297202781079,0.5461297202781079,0.4856267090521901,0.54837329094781,-0.26654063988625365,0.21684249849623435,0.06274658189561988,0.09888313838248808,0.38449999999999995
rep0294,0.21,0.21121855142287588,alg1,0.15,0.005,0.005,0.13999999999999999,abs_005_005,1000,2000,-0.19185059373973803,0.3119965401776348,True,0.5038471339173728,0.3119965401776348,0.07522190417734079,0.11177809582265921,-0.2670724979170788,0.20021844435497557,0.036556191645318425,0.09179094227205437,0.3755
rep0295,0.17,0.17080313050950222,alg1,0.15,0.005,0.005,0.13999999999999999,abs_005_005,1000,2000,-0.1320433817141521,0.3573734689577669,True,0.489416850671919,0.3573734689577669,0.13462998370932114,0.18037001629067886,-0.26667336542347325,0.17700345266708806,0.045740032581357726,0.1046768180905614,0.3389999999999999
rep0296,0.79,0.7918184605324403,alg1,0.15,0.005,0.005,0.13999999999999999,abs_005_005,1000,2000,0.54854350495835,1.0114934279045602,True,0.4629499229462102,0.45145649504165,0.8212188962137241,0.8667811037862758,-0.27267539125537416,0.14471232411828433,0.045562207572551694,0.09088771537365847,0.3265
rep0297,0.73,0.7341329586862794,alg1,0.15,0.005,0.005,0.13999999999999999,abs_005_005,1000,2000,0.6370402268888674,1.033910051974754,True,0.39686982508588653,0.3629597731111326,0.8898541181812,0.9261458818188001,-0.25281389129233256,0.10776417015595396,0.036291763637600116,0.09507806144828657,0.26549999999999996
rep0298,0.83,0.8339748580835719,alg1,0.15,0.005,0.005,0.13999999999999999,abs_005_005,1000,2000,0.5782882587615429,1.0377541100896863,True,0.45946585132814344,0.4217117412384571,0.824929248701566,0.870070751298434,-0.24664098994002312,0.16768335879125226,0.045141502596868,0.10482434873127539,0.3095
rep0299,0.51,0.5115871638625324,alg1,0.15,0.005,0.005,0.13999999999999999,abs_005_005,1000,2000,0.06373636739268218,0.6542320600761157,True,0.5904956926834335,0.5904956926834335,0.4172755194488647,0.4797244805511353,-0.3535391520561825,0.17450757952498036,0.062448961102270606,0.09554673158116284,0.43250000000000005
rep0300,0.40,0.40364277439345886,alg1,0.15,0.005,0.005,0.13999999999999999,abs_005_005,1000,2000,0.03609786411314625,0.48280292914472406,True,0.4467050650315778,0.4467050650315778,0.2697705543888063,0.32722944561119366,-0.23367269027566007,0.1555734835335304,0.05745889122238734,0.09674617380919037,0.2925000000000001
rep0301,0.87,0.8664360110278116,alg1,0.15,0.005,0.005,0.13999999999999999,abs_005_005,1000,2000,0.43445658547323807,0.9155244654931942,True,0.48106788001995615,0.48106788001995615,0.65788667708642,0.7161133229135801,-0.22343009161318192,0.19941114257961406,0.058226645827160084,0.09634123419279605,0.3264999999999999
rep0302,0.49,0.4898968316994281,alg1,0.15,0.005,0.005,0.13999999999999999,abs_005_005,1000,2000,0.34170989656010803,0.8253590865313027,True,0.4836491899711947,0.4836491899711947,0.5905416309021364,0.6514583690978636,-0.24883173434202838,0.17390071743343913,0.06091673819572718,0.09923245177546752,0.32349999999999995
rep0303,0.92,0.924732878909452,alg1,0.15,0.005,0.005,0.13999999999999999,abs_005_005,1000,2000,0.6997750801819305,1.104386727211999,True,0.40461164703006847,0.30022491981806954,0.9476971181781783,0.9723028818218217,-0.24792203799624785,0.13208384539017717,0.02460576364364342,0.10750588338642503,0.2725
rep0304,0.33,0.32739430932171654,alg1,0.15,0.005,0.005,0.13999999999999999,abs_005_005,1000,2000,0.2291145271224873,0.7149544301513772,True,0.48583990302888985,0.48583990302888985,0.5056946273053349,0.5683053726946652,-0.27658010018284757,0.14664905745671197,0.06261074538933031,0.10622915763955953,0.317
rep0305,0.73,0.7336793722224937,alg1,0.15,0.005,0.005,0.13999999999999999,abs_005_005,1000,2000,0.569203790489424,1.066381472349729,True,0.49717768186030487,0.43079620951057596,0.8206891770051052,0.8663108229948948,-0.2514853865156812,0.2000706493548342,0.04562164598978957,0.08705603587051547,0.36449999999999994
rep0306,0.59,0.5870863789564866,alg1,0.15,0.005,0.005,0.13999999999999999,abs_005_005,1000,2000,0.35293458888898455,0.8150962260717725,True,0.4621616371827879,0.4621616371827879,0.607318880831548,0.667681119168452,-0.2543842919425634,0.1474151069033205,0.06036223833690402,0.10679939884588391,0.295
rep0307,0.45,0.44910197027138676,alg1,0.15,0.005,0.005,0.13999999999999999,abs_005_005,1000,2000,-0.049047402170714544,0.44949887942800837,True,0.49854628159872294,0.44949887942800837,0.21270562642137494,0.26629437357862507,-0.2617530285920895,0.1832045058493833,0.05358874715725012,0.10645753444147277,0.3385
rep0308,0.77,0.7703970605576107,alg1,0.15,0.005,0.005,0.13999999999999999,abs_005_005,1000,2000,0.6376583771894975,1.1138433375071197,True,0.47618496031762225,0.36234162281050253,0.9051634152028386,0.9388365847971615,-0.2675050380133411,0.17500675270995816,0.03367316959432287,0.0990117907232993,0.34349999999999997
rep0309,0.58,0.5780358107220455,alg1,0.15,0.005,0.005,0.13999999999999999,abs_005_005,1000,2000,0.4368580776834401,0.8357605386513755,True,0.39890246096793536,0.39890246096793536,0.6333234811982477,0.6926765188017524,-0.1964654035148076,0.14308401984962305,0.059353037603504744,0.08954942336443061,0.25
rep0310,0.39,0.38669066923314943,alg1,0.15,0.005,0.005,0.13999999999999999,abs_005_005,1000,2000,0.07440311240168038,0.5657056828150008,True,0.49130257041332037,0.49130257041332037,0.31809425265098834,0.3779057473490116,-0.24369114024930796,0.18779993546598914,0.05981149469802327,0.10699107571529715,0.32449999999999996
rep0311,0.49,0.4882251147484456,alg1,0.15,0.005,0.005,0.13999999999999999,abs_005_005,1000,2000,0.3448777487604256,0.8206059232480458,True,0.4757281744876202,0.4757281744876202,0.6185250204820637,0.6784749795179362,-0.2736472717216381,0.14213094373010962,0.059949959035872524,0.09627821545174786,0.3194999999999999
rep0312,0.72,0.7212445504770939,alg1,0.15,0.005,0.005,0.13999999999999999,abs_005_005,1000,2000,0.6862344253041337,1.1321284942184449,True,0.44589406891431116,0.3137655746958663,0.9223026842418599,0.9526973157581401,-0.23606825893772615,0.17943117846030474,0.03039463151628019,0.09649943739803085,0.319
rep0313,0.48,0.48016340603663465,alg1,0.15,0.005,0.005,0.13999999999999999,abs_005_005,1000,2000,0.16065192480520268,0.7199290641485361,True,0.5592771393433333,0.5592771393433333,0.45062890780126924,0.5133710921987307,-0.28997698299606656,0.20655797194980544,0.06274218439746143,0.105034954945872,0.39149999999999996
rep0314,0.72,0.7171292909872643,alg1,0.15,0.005,0.005,0.13999999999999999,abs_005_005,1000,2000,0.6502654291492971,1.0694765201585739,True,0.4192110910092768,0.3497345708507029,0.8741329567489138,0.9128670432510861,-0.22386752759961676,0.15660947690748778,0.03873408650217236,0.09547700450710461,0.2849999999999999
rep0315,0.66,0.6617456357742059,alg1,0.15,0.005,0.005,0.13999999999999999,abs_005_005,1000,2000,0.46184781555384447,0.9854442469850343,True,0.5235964314311898,0.5235964314311898,0.7467007165612073,0.7992992834387928,-0.2848529010073628,0.18614496354624152,0.05259856687758546,0.09999786455360438,0.371
rep0316,0.12,0.11918135634522453,alg1,0.15,0.005,0.005,0.13999999999999999,abs_005_005,1000,2000,-0.14139588097697892,0.458705904844912,True,0.6001017858218909,0.458705904844912,0.18060869036509092,0.23139130963490906,-0.32200457134206983,0.22731459521000297,0.05078261926981814,0.10031916655207279,0.449
rep0317,0.21,0.21108536838904637,alg1,0.15,0.005,0.005,0.13999999999999999,abs_005_005,1000,2000,-0.00712211784118838,0.5380315142199624,True,0.5451536320611508,0.5380315142199624,0.2595699593389326,0.31643004066106734,-0.266692077180121,0.2216014735588951,0.056860081322134715,0.08729355073901607,0.401
rep0318,0.80,0.8040956201975279,alg1,0.15,0.005,0.005,0.13999999999999999,abs_005_005,1000,2000,0.5522665914559706,0.9804821753428846,True,0.42821558388691405,0.42821558388691405,0.7592073895803303,0.8107926104196698,-0.20694079812435975,0.16968956492321483,0.051585220839339474,0.10313036304757461,0.27349999999999997
rep0319,0.46,0.46119366142127793,alg1,0.15,0.005,0.005,0.13999999999999999,abs_005_005,1000,2000,0.3320887231646319,0.8384758215628245,True,0.5063870983981926,0.5063870983981926,0.5505283865119034,0.6124716134880966,-0.2184396633472715,0.22600420807472787,0.061943226976193255,0.1004438714219994,0.344
rep0320,0.62,0.6179707333947683,alg1,0.15,0.005,0.005,0.13999999999999999,abs_005_005,1000,2000,0.29884581641306845,0.7396760126309029,True,0.4408301962178344,0.4408301962178344,0.4956543616871941,0.5583456383128059,-0.19680854527412567,0.18133037431809695,0.0626912766256118,0.09063891959222264,0.2875
rep0321,0.22,0.21594663720172308,alg1,0.15,0.005,0.005,0.13999999999999999,abs_005_005,1000,2000,0.04047781021318703,0.6511929039376273,True,0.6107150937244403,0.6107150937244403,0.35789904484850527,0.41910095515149476,-0.31742123463531824,0.2320919487861325,0.06120191030298949,0.10101318342145071,0.4485
rep0322,0.46,0.459954081350642,alg1,0.15,0.005,0.005,0.13999999999999999,abs_005_005,1000,2000,0.2426779001524457,0.6976593832916171,True,0.4549814831391714,0.4549814831391714,0.48713005435299045,0.5498699456470095,-0.24445215420054475,0.14778943764460767,0.06273989129401908,0.10424159184515236,0.28800000000000003
rep0323,0.66,0.6611761223874517,alg1,0.15,0.005,0.005,0.13999999999999999,abs_005_005,1000,2000,0.3979945863278984,0.9950503048919608,True,0.5970557185640624,0.5970557185640624,0.7628612247808005,0.8141387752191994,-0.3648666384529021,0.18091152967276136,0.05127755043839888,0.10127816812566359,0.4444999999999999
rep0324,0.59,0.5893382976232248,alg1,0.15,0.005,0.005,0.13999999999999999,abs_005_005,1000,2000,0.46784517965491934,1.006551996749328,True,0.5387068170944086,0.5321548203450807,0.7827469982492978,0.8322530017507022,-0.3149018185943785,0.1742989949986259,0.04950600350140433,0.09470081359300431,0.3945000000000001
rep0325,0.67,0.6677027912669447,alg1,0.15,0.005,0.005,0.13999999999999999,abs_005_005,1000,2000,0.49212347060937667,0.9620879567201096,True,0.46996448611073294,0.46996448611073294,0.7633834305240803,0.8146165694759198,-0.27125995991470364,0.14747138724418982,0.05123313895183945,0.09823134715889348,0.3205
rep0326,0.46,0.4623903026098371,alg1,0.15,0.005,0.005,0.13999999999999999,abs_005_005,1000,2000,0.12737546762892293,0.6221796726759072,True,0.4948042050469843,0.4948042050469843,0.42423313252885964,0.4867668674711404,-0.2968576648999367,0.13541280520476687,0.06253373494228076,0.08327047010470356,0.349
rep0327,0.57,0.5668670944773284,alg1,0.15,0.005,0.005,0.13999999999999999,abs_005_005,1000,2000,0.15027598373562012,0.6768762617278984,True,0.5266002779922783,0.5266002779922783,0.4098278728670918,0.4721721271329082,-0.2595518891314717,0.2047041345949902,0.06234425426581636,0.09825602372646192,0.366
rep0328,0.36,0.3553453240229853,alg1,0.15,0.005,0.005,0.13999999999999999,abs_005_005,1000,2000,-0.025139267240710583,0.5131172323605417,True,0.5382564996012523,0.5131172323605417,0.25568888842730475,0.3123111115726952,-0.28082815566801533,0.2008061207878466,0.05662222314539045,0.09663427645586192,0.385
rep0329,0.32,0.3171603949473484,alg1,0.15,0.005,0.005,0.13999999999999999,abs_005_005,1000,2000,0.11669807888104056,0.5585116063696518,True,0.44181352748861125,0.44181352748861125,0.3855493928280553,0.4474506071719447,-0.2688513139470147,0.11106099919770712,0.0619012143438894,0.10591231314472183,0.274
rep0330,0.25,0.2517098915594002,alg1,0.15,0.005,0.005,0.13999999999999999,abs_005_005,1000,2000,-0.014553132539771307,0.4926150668247208,True,0.5071681993644921,0.4926150668247208,0.2165539451743535,0.2704460548256465,-0.2311070777141248,0.2221690119990743,0.053892109651292985,0.10727608971319913,0.346
rep0331,0.59,0.5850644392287365,alg1,0.15,0.005,0.005,0.13999999999999999,abs_005_005,1000,2000,0.19287217601714496,0.6542576385050384,True,0.4613854624878934,0.4613854624878934,0.4446447433461683,0.5073552566538316,-0.25177256732902337,0.14690238185120674,0.06271051330766331,0.10267494918022996,0.29600000000000015
rep0332,0.32,0.31964031645980046,alg1,0.15,0.005,0.005,0.13999999999999999,abs_005_005,1000,2000,0.09853046785696651,0.5816281338434934,True,0.4830976659865269,0.4830976659865269,0.35494274242878854,0.4160572575712115,-0.25641227457182203,0.165570876272282,0.06111451514242294,0.09748315084410403,0.3245
rep0333,0.71,0.71193238295495,alg1,0.15,0.005,0.005,0.13999999999999999,abs_005_005,1000,2000,0.6317833571766526,1.100427348048411,True,0.46864399087175845,0.36821664282334743,0.8789988671533279,0.9170011328466722,-0.24721550997667532,0.18342621520173888,0.038002265693344306,0.10564172517841436,0.32499999999999984
rep0334,0.91,0.9057710364771338,alg1,0.15,0.005,0.005,0.13999999999999999,abs_005_005,1000,2000,0.5819447783149259,1.0693844500976308,True,0.487439671782705,0.41805522168507414,0.8811651357317338,0.9188348642682662,-0.29922035741680797,0.15054958582936462,0.03766972853653239,0.10476994324617256,0.34500000000000003
rep0335,0.60,0.5970340885379877,alg1,0.15,0.005,0.005,0.13999999999999999,abs_005_005,1000,2000,0.3107120430687173,0.7650314834176091,True,0.45431944034889177,0.45431944034889177,0.561144529365839,0.6228554706341609,-0.2504324862971217,0.1421760127834481,0.061710941268321884,0.08610849908056983,0.3065
rep0336,0.49,0.4896935424380086,alg1,0.15,0.005,0.005,0.13999999999999999,abs_005_005,1000,2000,0.24063039357226051,0.8628149036870056,True,0.6221845101147452,0.6221845101147452,0.567723722280823,0.629276277719177,-0.3270933287085625,0.23353862596782862,0.06155255543835403,0.10113195467639113,0.4595
rep0337,0.32,0.3188697102776968,alg1,0.15,0.005,0.005,0.13999999999999999,abs_005_005,1000,2000,-0.19587998491638803,0.41427437622147756,True,0.6101543611378656,0.41427437622147756,0.2054987815147163,0.25850121848528373,-0.4013787664311043,0.15577315773619382,0.053002436970567446,0.09765192416729818,0.4595
rep0338,0.54,0.5395303569899255,alg1,0.15,0.005,0.005,0.13999999999999999,abs_005_005,1000,2000,0.2596918025940364,0.8171082994070236,True,0.5574164968129871,0.5574164968129871,0.5323627449298406,0.5946372550701594,-0.2726709423358042,0.2224710443368641,0.06227451014031882,0.10514198667266828,0.39
rep0339,0.12,0.12154911962725856,alg1,0.15,0.005,0.005,0.13999999999999999,abs_005_005,1000,2000,-0.24017730434295329,0.2159329222956228,True,0.4561102266385761,0.2159329222956228,0.01764253705437411,0.03835746294562589,-0.2578198413973274,0.1775754593499969,0.020714925891251783,0.08789530074732438,0.3474999999999999
rep0340,0.31,0.3102217756660081,alg1,0.15,0.005,0.005,0.13999999999999999,abs_005_005,1000,2000,0.012976922123254131,0.5333843526739053,True,0.5204074305506512,0.5204074305506512,0.2936412990213143,0.3523587009786857,-0.2806643768980602,0.18102565169521956,0.05871740195737141,0.09569002859327974,0.366
rep0341,0.37,0.37343317605093007,alg1,0.15,0.005,0.005,0.13999999999999999,abs_005_005,1000,2000,0.18115514120376897,0.7368095252633031,True,0.5556543840595342,0.5556543840595342,0.5278278728670919,0.5901721271329082,-0.3466727316633229,0.14663739813039486,0.06234425426581636,0.10581012979371773,0.38750000000000007
rep0342,0.13,0.12752717516458828,alg1,0.15,0.005,0.005,0.13999999999999999,abs_005_005,1000,2000,-0.03996170378999789,0.45243694504917353,True,0.4923986488391714,0.45243694504917353,0.23680856787515667,0.2921914321248434,-0.27677027166515455,0.16024551292433015,0.05538286424968672,0.09951578458948473,0.33749999999999997
rep0343,0.75,0.7506331851311092,alg1,0.15,0.005,0.005,0.13999999999999999,abs_005_005,1000,2000,0.6611802899379015,1.131139409457868,True,0.4699591195199665,0.33881971006209854,0.9223026842418599,0.9526973157581401,-0.26112239430395845,0.17844209369972783,0.03039463151628019,0.10056448800368634,0.33899999999999997
rep0344,0.80,0.7973487844017139,alg1,0.15,0.005,0.005,0.13999999999999999,abs_005_005,1000,2000,0.6775069545064623,1.1970322418341184,True,0.5195252873276561,0.32249304549353774,1.0,1.0,-0.32249304549353774,0.19703224183411833,0.0,0.10352528732765609,0.41600000000000004
rep0345,0.45,0.44564247441258986,alg1,0.15,0.005,0.005,0.13999999999999999,abs_005_005,1000,2000,0.3209873838718281,0.8156834248401788,True,0.4946960409683506,0.4946960409683506,0.5971463275185068,0.6578536724814931,-0.2761589436466787,0.15782975235868574,0.06070734496298624,0.10248869600536442,0.3315
rep0346,0.64,0.6358154888318488,alg1,0.15,0.005,0.005,0.13999999999999999,abs_005_005,1000,2000,0.2770611485450736,0.800174078266066,True,0.5231129297209924,0.5231129297209924,0.6083369091805317,0.6686630908194682,-0.33127576063545816,0.1315109874465979,0.06032618163893644,0.09928674808205601,0.36350000000000005
rep0347,0.41,0.40797144380603984,alg1,0.15,0.005,0.005,0.13999999999999999,abs_005_005,1000,2000,0.1994952027140573,0.653391146000111,True,0.45389594328605365,0.45389594328605365,0.4711089519483476,0.5338910480516523,-0.2716137492342903,0.11950009794845859,0.06278209610330471,0.10411384718274885,0.28700000000000003
rep0348,0.29,0.29376251328837416,alg1,0.15,0.005,0.005,0.13999999999999999,abs_005_005,1000,2000,0.18337544560428015,0.6690183122389797,True,0.4856428666346995,0.4856428666346995,0.4461403594932203,0.5088596405067797,-0.26276491388894013,0.16015867173220005,0.06271928101355939,0.09842358562114012,0.32450000000000007
rep0349,0.44,0.44186947927296477,alg1,0.15,0.005,0.005,0.13999999999999999,abs_005_005,1000,2000,0.22597512446293794,0.7169096140522756,True,0.49093448958933766,0.49093448958933766,0.4906389611887628,0.5533610388112372,-0.2646638367258249,0.16354857524103836,0.06272207762247439,0.10721241196686315,0.32100000000000006
rep0350,0.38,0.38486196980731546,alg1,0.15,0.005,0.005,0.13999999999999999,abs_005_005,1000,2000,0.08221959521737576,0.5776053284576093,True,0.4953857332402335,0.4953857332402335,0.36332209748033867,0.42467790251966137,-0.2811025022629629,0.15292742593794792,0.0613558050393227,0.10202992820091072,0.3320000000000001
rep0351,0.10,0.09872763892192564,alg1,0.15,0.005,0.005,0.13999999999999999,abs_005_005,1000,2000,-0.09696626852121831,0.3046332948012873,True,0.4015995633225056,0.3046332948012873,0.15872396174143183,0.20727603825856816,-0.25569023026265014,0.09735725654271912,0.04855207651713633,0.08504748680536933,0.2679999999999999
rep0352,0.28,0.2844427574292811,alg1,0.15,0.005,0.005,0.13999999999999999,abs_005_005,1000,2000,0.22902955052171237,0.6896976931543137,True,0.46066814263260136,0.46066814263260136,0.4536226888809052,0.5163773111190948,-0.2245931383591928,0.17332038203521888,0.06275462223818962,0.09891352039441176,0.29899999999999993
rep0353,0.55,0.5500653841041604,alg1,0.15,0.005,0.005,0.13999999999999999,abs_005_005,1000,2000,0.539489330647404,1.0562153076056338,True,0.5167259769582297,0.460510669352596,0.7785531648028003,0.8284468351971996,-0.2390638341553963,0.2277684724084341,0.04989367039439929,0.0933323065638304,0.3735
rep0354,0.25,0.24510482126387192,alg1,0.15,0.005,0.005,0.13999999999999999,abs_005_005,1000,2000,-0.040951324666791994,0.45776209157672515,True,0.49871341624351717,0.45776209157672515,0.20357892275812303,0.25642107724187696,-0.24453024742491503,0.2013410143348482,0.05284215448375393,0.10387126175976319,0.342
rep0355,0.95,0.9522585919166384,alg1,0.15,0.005,0.005,0.13999999999999999,abs_005_005,1000,2000,0.6788949764464969,1.1428272988408654,True,0.46393232239436855,0.3211050235535031,0.9598769306179393,0.9811230693820607,-0.28098195417144245,0.16170422945880464,0.021246138764121403,0.0866861836302471,0.356
rep0356,0.68,0.6785408078428427,alg1,0.15,0.005,0.005,0.13999999999999999,abs_005_005,1000,2000,0.3581610450078599,0.8430896555005742,True,0.48492861049271435,0.48492861049271435,0.6185250204820637,0.6784749795179362,-0.2603639754742038,0.16461467598263807,0.059949959035872524,0.08747865145684186,0.3375
rep0357,0.58,0.583331807645915,alg1,0.15,0.005,0.005,0.13999999999999999,abs_005_005,1000,2000,0.39326444651213516,0.9559046528370359,True,0.5626402063249007,0.5626402063249007,0.6307698198780073,0.6902301801219927,-0.23750537336587213,0.2656744727150432,0.05946036024398538,0.09217984608091545,0.4109999999999999
rep0358,0.38,0.3809641548377436,alg1,0.15,0.005,0.005,0.13999999999999999,abs_005_005,1000,2000,0.1521727035416942,0.817467820857088,True,0.6652951173153938,0.6652951173153938,0.5147416904324267,0.5772583095675734,-0.36256898689073247,0.24020951128951468,0.06251661913514672,0.10127849818024703,0.5015000000000001
rep0359,0.66,0.6648549710783686,alg1,0.15,0.005,0.005,0.13999999999999999,abs_005_005,1000,2000,0.5742145364014852,1.0563690097192273,True,0.4821544733177421,0.42578546359851477,0.8275820274778096,0.8724179725221903,-0.2533674910763244,0.18395103719703704,0.04483594504438071,0.10631852827336141,0.331
rep0360,0.43,0.4332237833125718,alg1,0.15,0.005,0.005,0.13999999999999999,abs_005_005,1000,2000,0.20376490812566203,0.6689597931077917,True,0.4651948849821297,0.4651948849821297,0.4446447433461683,0.5073552566538316,-0.2408798352205063,0.16160453645396014,0.06271051330766331,0.09398437167446644,0.3085
rep0361,0.17,0.17310515974696308,alg1,0.15,0.005,0.005,0.13999999999999999,abs_005_005,1000,2000,0.09190457446951844,0.5956920197264128,True,0.5037874452568945,0.5037874452568945,0.4078430504644922,0.4701569495355078,-0.31593847599497377,0.1255350701909051,0.06231389907101559,0.08647354618587882,0.35500000000000004
rep0362,0.59,0.5929987418172065,alg1,0.15,0.005,0.005,0.13999999999999999,abs_005_005,1000,2000,0.34844065723843753,0.8079701902902044,True,0.4595295330517669,0.4595295330517669,0.5885105877497496,0.6494894122502504,-0.2400699305113121,0.15848077803995408,0.06097882450050074,0.10555070855126619,0.293
rep0363,0.78,0.7797202523798891,alg1,0.15,0.005,0.005,0.13999999999999999,abs_005_005,1000,2000,0.40149475151040065,0.8849487973784349,True,0.48345404586803425,0.48345404586803425,0.6589120740294125,0.7170879259705873,-0.2574173225190119,0.1678608714078475,0.058175851941174805,0.10127819392685933,0.32400000000000007
rep0364,0.86,0.8645679323305089,alg1,0.15,0.005,0.005,0.13999999999999999,abs_005_005,1000,2000,0.4671037959060287,0.9506621997883135,True,0.48355840388228477,0.48355840388228477,0.7639056940347361,0.8150943059652639,-0.2968018981287074,0.1355678938230496,0.051188611930527816,0.09936979195175699,0.33299999999999996
rep0365,0.26,0.25974986988586085,alg1,0.15,0.005,0.005,0.13999999999999999,abs_005_005,1000,2000,0.14077504660502463,0.6824921239812763,True,0.5417170773762517,0.5417170773762517,0.3776386695341029,0.43936133046589704,-0.23686362292907828,0.24313079351537928,0.06172266093179413,0.09399441644445755,0.386
rep0366,0.87,0.8690627549595847,alg1,0.15,0.005,0.005,0.13999999999999999,abs_005_005,1000,2000,0.49011341154442073,1.0023713238313847,True,0.5122579122869639,0.5098865884555792,0.775410421907136,0.8255895780928639,-0.2852970103627153,0.1767817457385208,0.05017915618572788,0.10507875610123607,0.35700000000000004
rep0367,0.64,0.6428989626416638,alg1,0.15,0.005,0.005,0.13999999999999999,abs_005_005,1000,2000,0.48848034702293947,1.0260422827262996,True,0.5375619357033601,0.5115196529770605,0.7321483703007181,0.7858516296992819,-0.24366802327777864,0.2401906530270177,0.053703259398563796,0.09735867630479628,0.38650000000000007
rep0368,0.68,0.6753208609633297,alg1,0.15,0.005,0.005,0.13999999999999999,abs_005_005,1000,2000,0.641916112442715,1.1437551903487886,True,0.5018390779060736,0.35808388755728504,0.8969443807826016,0.9320556192173983,-0.2550282683398867,0.21169957113139024,0.03511123843479669,0.10572783947127695,0.361
rep0369,0.51,0.5065372343729166,alg1,0.15,0.005,0.005,0.13999999999999999,abs_005_005,1000,2000,0.37924014771290704,0.893691615564957,True,0.51445146785205,0.51445146785205,0.6266858813114448,0.6863141186885552,-0.24744573359853775,0.2073774968764018,0.05962823737711043,0.10532323047493958,0.3495
rep0370,0.24,0.23632333791984533,alg1,0.15,0.005,0.005,0.13999999999999999,abs_005_005,1000,2000,-0.04467292496860792,0.4451918928604432,True,0.4898648178290511,0.4451918928604432,0.2697705543888063,0.32722944561119366,-0.31444347935741424,0.11796244724924954,0.05745889122238734,0.09240592660666375,0.34
rep0371,0.58,0.575749758105001,alg1,0.15,0.005,0.005,0.13999999999999999,abs_005_005,1000,2000,0.31011532417159837,0.8198796830546294,True,0.5097643588830311,0.5097643588830311,0.549518079532449,0.611481920467551,-0.23940275536085065,0.20839776258707843,0.06196384093510199,0.09280051794792898,0.3550000000000001
rep0372,0.72,0.718979006591431,alg1,0.15,0.005,0.005,0.13999999999999999,abs_005_005,1000,2000,0.42042200685490844,0.8648417159026232,True,0.4444197090477147,0.4444197090477147,0.6548114290827928,0.7131885709172073,-0.23438942222788434,0.15165314498541582,0.05837714183441456,0.09604256721330012,0.29000000000000004
rep0373,0.55,0.5517662944553136,alg1,0.15,0.005,0.005,0.13999999999999999,abs_005_005,1000,2000,0.3219578623748101,0.8425944358295436,True,0.5206365734547336,0.5206365734547336,0.582420740819448,0.643579259180552,-0.26046287844463784,0.19901517664899165,0.061158518361104086,0.09247805509362944,0.36700000000000005
rep0374,0.88,0.8793070293832355,alg1,0.15,0.005,0.005,0.13999999999999999,abs_005_005,1000,2000,0.6199694819043513,1.1259667793935073,True,0.505997297489156,0.3800305180956487,0.9156409212560109,0.9473590787439891,-0.2956714393516596,0.17860770064951817,0.03171815748797813,0.08627914000117776,0.388
rep0375,0.24,0.24001764706486642,alg1,0.15,0.005,0.005,0.13999999999999999,abs_005_005,1000,2000,-0.1509442208581544,0.28521520244526866,True,0.43615942330342305,0.28521520244526866,0.1351005089885372,0.1808994910114628,-0.2860447298466916,0.10431571143380587,0.045798982022925594,0.10686044128049743,0.28350000000000003
rep0376,0.44,0.4387207683937876,alg1,0.15,0.005,0.005,0.13999999999999999,abs_005_005,1000,2000,0.22830894862653134,0.7382959326346188,True,0.5099869840080875,0.5099869840080875,0.5041877816443183,0.5668122183556816,-0.275878833017787,0.17148371427893722,0.06262443671136331,0.10036254729672417,0.34700000000000003
rep0377,0.12,0.12480370420166471,alg1,0.15,0.005,0.005,0.13999999999999999,abs_005_005,1000,2000,-0.038536524352304924,0.5202019688424849,True,0.5587384931947899,0.5202019688424849,0.22377806393026178,0.2782219360697382,-0.2623145882825667,0.24198003277274674,0.054443872139476435,0.10679462105531334,0.3975000000000001
rep0378,0.11,0.11430449700984965,alg1,0.15,0.005,0.005,0.13999999999999999,abs_005_005,1000,2000,-0.1571543842159906,0.2557698281465507,True,0.4129242123625413,0.2557698281465507,0.08851342357700832,0.12748657642299166,-0.2456678077929989,0.12828325172355906,0.038973152845983336,0.10045105951655786,0.2735000000000001
rep0379,0.20,0.20453031647305683,alg1,0.15,0.005,0.005,0.13999999999999999,abs_005_005,1000,2000,-0.19608058826695707,0.2668206683339077,True,0.4629012566008648,0.2668206683339077,0.12711284039819992,0.17188715960180007,-0.323193428665157,0.09493350873210768,0.044774319203600144,0.09812693739726464,0.32000000000000006
rep0380,0.24,0.23811846326039054,alg1,0.15,0.005,0.005,0.13999999999999999,abs_005_005,1000,2000,0.00812085217121905,0.48798099479944923,True,0.4798601426282302,0.4798601426282302,0.2741477993740821,0.33185220062591786,-0.2660269472028631,0.1561287941735314,0.057704401251835735,0.09465574137639449,0.32749999999999996
rep0381,0.11,0.11380558123415879,alg1,0.15,0.005,0.005,0.13999999999999999,abs_005_005,1000,2000,-0.18292890521539523,0.34554166078075477,True,0.5284705659961499,0.34554166078075477,0.09081681586259016,0.13018318413740984,-0.2737457210779854,0.2153584766433449,0.03936636827481968,0.10260419772133028,0.3865
rep0382,0.49,0.4919757483035177,alg1,0.15,0.005,0.005,0.13999999999999999,abs_005_005,1000,2000,0.4669384452585669,0.9079740494193815,True,0.4410356041608146,0.4410356041608146,0.7150477411140992,0.7699522588859009,-0.24810929585553226,0.13802179053348057,0.05490451777180172,0.09813108638901286,0.288
rep0383,0.15,0.1489197703131804,alg1,0.15,0.005,0.005,0.13999999999999999,abs_005_005,1000,2000,-0.010595212483038047,0.44500004246176866,True,0.4555952549448067,0.44500004246176866,0.2242600605946784,0.2787399394053216,-0.23485527307771645,0.16626010305644706,0.0544798788106432,0.10361537613416344,0.29750000000000004
rep0384,0.20,0.20007340189381725,alg1,0.15,0.005,0.005,0.13999999999999999,abs_005_005,1000,2000,-0.1861362530434472,0.2861875388617684,True,0.47232379190521556,0.2861875388617684,0.1028437881465318,0.1441562118534682,-0.288980041189979,0.1420313270083002,0.041312423706936385,0.10651136819827922,0.3245
rep0385,0.55,0.5456431806537574,alg1,0.15,0.005,0.005,0.13999999999999999,abs_005_005,1000,2000,0.3159604612709287,0.772463397566908,True,0.45650293629597927,0.45650293629597927,0.5672174312101228,0.6287825687898771,-0.2512569699391941,0.14368082877703087,0.06156513757975435,0.08893779871622493,0.30600000000000005
rep0386,0.52,0.5224872490939236,alg1,0.15,0.005,0.005,0.13999999999999999,abs_005_005,1000,2000,0.09564304694231116,0.5696309698630435,True,0.47398792292073233,0.47398792292073233,0.34460536848371986,0.40539463151628014,-0.2489623215414087,0.1642363383467634,0.06078926303256027,0.09419865988817211,0.319
rep0387,0.69,0.6886972502706856,alg1,0.15,0.005,0.005,0.13999999999999999,abs_005_005,1000,2000,0.6682609450777123,1.0728998302669028,True,0.40463888518919056,0.3317390549222877,0.9575340482781219,0.9794659517218781,-0.28927310320040966,0.09343387854502469,0.021931903443756173,0.0977069817454343,0.2850000000000001
rep0388,0.23,0.2251468741488763,alg1,0.15,0.005,0.005,0.13999999999999999,abs_005_005,1000,2000,-0.029981965553841805,0.505277950203366,True,0.5352599157572078,0.505277950203366,0.27755458955295315,0.33544541044704684,-0.30753655510679495,0.16983253975631912,0.0578908208940937,0.09736909486311407,0.38
rep0389,0.55,0.5505908481778488,alg1,0.15,0.005,0.005,0.13999999999999999,abs_005_005,1000,2000,0.4914333446115624,1.0054187123228546,True,0.5139853677112922,0.5085666553884376,0.7659953287825826,0.8170046712174174,-0.2745619841710202,0.1884140411054373,0.05100934243483479,0.1024760252764575,0.3605
rep0390,0.80,0.795669704744102,alg1,0.15,0.005,0.005,0.13999999999999999,abs_005_005,1000,2000,0.71725811872217,1.156959313585629,True,0.43970119486345904,0.28274188127782995,0.9557846857446515,0.9782153142553485,-0.23852656702248143,0.17874399933028068,0.022430628510696993,0.10677056635276216,0.31049999999999994
rep0391,0.45,0.45358503651580734,alg1,0.15,0.005,0.005,0.13999999999999999,abs_005_005,1000,2000,0.3789302891803986,0.8425835431172585,True,0.46365325393685985,0.46365325393685985,0.6358780713799941,0.6951219286200059,-0.25694778219959546,0.1474616144972526,0.0592438572400118,0.09440939669684811,0.30999999999999994
rep0392,0.42,0.4224205634563259,alg1,0.15,0.005,0.005,0.13999999999999999,abs_005_005,1000,2000,0.2831352028563172,0.8417925091850775,True,0.5586573063287603,0.5586573063287603,0.5082066698589959,0.5707933301410041,-0.2250714670026787,0.27099917904407345,0.06258666028200821,0.10107064604675214,0.39499999999999996
rep0393,0.23,0.22617613393867625,alg1,0.15,0.005,0.005,0.13999999999999999,abs_005_005,1000,2000,-0.039203994422091965,0.4429965997926059,True,0.48220059421469785,0.4429965997926059,0.21270562642137494,0.26629437357862507,-0.2519096208434669,0.17670222621398085,0.05358874715725012,0.10311184705744775,0.3255
rep0394,0.68,0.6802362956247577,alg1,0.15,0.005,0.005,0.13999999999999999,abs_005_005,1000,2000,0.5618785852552246,1.0594407540469886,True,0.49756216879176396,0.4381214147447754,0.8440791885540256,0.8869208114459745,-0.28220060329880103,0.17251994260101414,0.042841622891948816,0.1007205458998151,0.35400000000000004
rep0395,0.21,0.2071078162527467,alg1,0.15,0.005,0.005,0.13999999999999999,abs_005_005,1000,2000,0.046794284858355684,0.6637319320284356,True,0.6169376471700799,0.6169376471700799,0.33035507906916306,0.3906449209308369,-0.2835607942108074,0.2730870110975987,0.060289841861673854,0.10064780530840606,0.456
rep0396,0.35,0.3458165390188869,alg1,0.15,0.005,0.005,0.13999999999999999,abs_005_005,1000,2000,0.22644930807058297,0.6859133556875116,True,0.4594640476169286,0.4594640476169286,0.4526246360870454,0.5153753639129546,-0.22617532801646242,0.17053799177455697,0.06275072782590918,0.10721331979101933,0.2895000000000001
rep0397,0.23,0.22569766624517135,alg1,0.15,0.005,0.005,0.13999999999999999,abs_005_005,1000,2000,-0.12400141177977386,0.42565552838696136,True,0.5496569401667353,0.42565552838696136,0.1558796048190213,0.2041203951809787,-0.27988101659879516,0.22153513320598267,0.048240790361957386,0.10641614980477776,0.395
rep0398,0.29,0.2869560971077115,alg1,0.15,0.005,0.005,0.13999999999999999,abs_005_005,1000,2000,0.07785522504995723,0.5719525665894402,True,0.4940973415394829,0.4940973415394829,0.3391966245287671,0.3998033754712329,-0.26134139947880985,0.17214919111820726,0.060606750942465815,0.1049905905970171,0.3285
rep0399,0.96,0.9596574247528689,alg1,0.15,0.005,0.005,0.13999999999999999,abs_005_005,1000,2000,0.7253729653713403,1.1767397138990678,True,0.4513667485277275,0.27462703462865967,1.0,1.0,-0.2746270346286597,0.17673971389906795,0.0,0.10336674852772781,0.34799999999999986
rep0400,0.16,0.1648274519207478,alg1,0.15,0.005,0.005,0.13999999999999999,abs_005_005,1000,2000,-0.17063504329797036,0.310774500196458,True,0.4814095434944284,0.310774500196458,0.09358508115965104,0.13341491884034895,-0.2642201244576214,0.17735958135610908,0.03982983768069791,0.10257970581373044,0.339
rep0401,0.20,0.20279397822435086,alg1,0.15,0.005,0.005,0.13999999999999999,abs_005_005,1000,2000,-0.16360305843422016,0.26888066626090956,True,0.43248372469512975,0.26888066626090956,0.07339851298967662,0.10960148701032338,-0.23700157142389677,0.1592791792505862,0.03620297402064676,0.10628075067448306,0.2899999999999999
rep0402,0.29,0.2937077187390615,alg1,0.15,0.005,0.005,0.13999999999999999,abs_005_005,1000,2000,0.1923961074641849,0.7595571607981864,True,0.5671610533340015,0.5671610533340015,0.48312176243008637,0.5458782375699135,-0.29072565496590147,0.2136789232282728,0.06275647513982713,0.10090457819417425,0.4035
rep0403,0.33,0.3312987531193831,alg1,0.15,0.005,0.005,0.13999999999999999,abs_005_005,1000,2000,0.09056627505227471,0.5084185910533788,True,0.4178523160011041,0.4178523160011041,0.359870591203506,0.421129408796494,-0.2693043161512313,0.08728918225688481,0.06125881759298801,0.08809349840811609,0.2685
rep0404,0.31,0.3104127522123926,alg1,0.15,0.005,0.005,0.13999999999999999,abs_005_005,1000,2000,0.051309097076951304,0.5619590086636231,True,0.5106499115866718,0.5106499115866718,0.36282892407447737,0.42417107592552267,-0.31151982699752606,0.13778793273810047,0.0613421518510453,0.06730775973562653,0.382
rep0405,0.61,0.6104709216473704,alg1,0.15,0.005,0.005,0.13999999999999999,abs_005_005,1000,2000,0.4909904166691855,0.9621622142058038,True,0.4711717975366183,0.4711717975366183,0.749824432274652,0.802175567725348,-0.2588340156054665,0.15998664648045577,0.05235113545069603,0.09532066208592227,0.3235
rep0406,0.18,0.17755348382106342,alg1,0.15,0.005,0.005,0.13999999999999999,abs_005_005,1000,2000,-0.04887899948637642,0.4831079753109382,True,0.5319869747973146,0.4831079753109382,0.22618852673256828,0.2808114732674317,-0.2750675262189447,0.2022965020435065,0.05462294653486344,0.0893640282624511,0.38800000000000007
rep0407,0.16,0.1551990367178863,alg1,0.15,0.005,0.005,0.13999999999999999,abs_005_005,1000,2000,-0.019061701800706987,0.5064226151806656,True,0.5254843169813725,0.5064226151806656,0.275120966685489,0.33287903331451096,-0.294182668486196,0.1735435818661546,0.05775806662902194,0.10122625035235056,0.36650000000000005
rep0408,0.25,0.2535757297881408,alg1,0.15,0.005,0.005,0.13999999999999999,abs_005_005,1000,2000,-0.0031755988408183056,0.4931482026892935,True,0.4963238015301118,0.4931482026892935,0.2566589007459293,0.31334109925407067,-0.2598344995867476,0.17980710343522283,0.05668219850814138,0.09964160302197045,0.33999999999999997
rep0409,0.65,0.6500053033514692,alg1,0.15,0.005,0.005,0.13999999999999999,abs_005_005,1000,2000,0.35059986371519547,0.809766353379949,True,0.4591664896647535,0.4591664896647535,0.5900338186313858,0.6509661813686143,-0.23943395491619035,0.1588001720113347,0.06093236273722846,0.08723412692752508,0.31099999999999994
rep0410,0.49,0.4853730339511101,alg1,0.15,0.005,0.005,0.13999999999999999,abs_005_005,1000,2000,0.026707306799035574,0.48236085801467854,False,0.455653551215643,0.455653551215643,0.26248253926752246,0.3195174607324775,-0.2357752324684869,0.16284339728220107,0.057034921464955035,0.09211862975068791,0.30650000000000005
rep0411,0.44,0.4400543646308077,alg1,0.15,0.005,0.005,0.13999999999999999,abs_005_005,1000,2000,0.33556649758157303,0.755628273469363,True,0.42006177588779,0.42006177588779,0.5682300466632261,0.6297699533367739,-0.23266354908165304,0.12585832013258913,0.061539906673547806,0.09752186921424211,0.26100000000000007
rep0412,0.28,0.2754297489682956,alg1,0.15,0.005,0.005,0.13999999999999999,abs_005_005,1000,2000,-0.04398747241275666,0.4746581313863141,True,0.5186456037990708,0.4746581313863141,0.19159920802103558,0.24340079197896441,-0.23558668043379224,0.23125733940734966,0.05180158395792883,0.08784401984114187,0.379
rep0413,0.45,0.445499730616442,alg1,0.15,0.005,0.005,0.13999999999999999,abs_005_005,1000,2000,0.3311271442553093,0.836927521322255,True,0.5058003770669457,0.5058003770669457,0.5819134749016186,0.6430865250983815,-0.2507863306463093,0.19384099622387352,0.06117305019676289,0.10012732687018289,0.3444999999999999
rep0414,0.61,0.6067062022574174,alg1,0.15,0.005,0.005,0.13999999999999999,abs_005_005,1000,2000,0.4697186631017625,0.939852228612946,True,0.4701335655111835,0.4701335655111835,0.702126946251105,0.7578730537488949,-0.23240828314934253,0.1819791748640511,0.055746107497789854,0.09238745801339365,0.32199999999999995
rep0415,0.18,0.17827364188760167,alg1,0.15,0.005,0.005,0.13999999999999999,abs_005_005,1000,2000,-0.042287099301741016,0.4760703101422479,True,0.5183574094439889,0.4760703101422479,0.22618852673256828,0.2808114732674317,-0.2684756260343093,0.19525883687481616,0.05462294653486344,0.10273446290912541,0.36100000000000004
rep0416,0.02,0.01738533997491688,alg1,0.15,0.005,0.005,0.13999999999999999,abs_005_005,1000,2000,-0.05812611709492482,0.42692154169408103,True,0.48504765878900585,0.42692154169408103,0.20261930879868628,0.25538069120131374,-0.2607454258936111,0.1715408504927673,0.052761382402627455,0.10578627638637839,0.3265
rep0417,0.95,0.9462361712408387,alg1,0.15,0.005,0.005,0.13999999999999999,abs_005_005,1000,2000,0.7141854682262825,1.1790948438782214,True,0.4649093756519389,0.2858145317737175,0.9557846857446515,0.9782153142553485,-0.24159921751836905,0.20087952962287284,0.022430628510696993,0.08747874714124187,0.35500000000000004
rep0418,0.53,0.5251161563676663,alg1,0.15,0.005,0.005,0.13999999999999999,abs_005_005,1000,2000,0.34654423161272424,0.8419932539954202,True,0.495449022382696,0.495449022382696,0.6190348023418274,0.6789651976581726,-0.27249057072910315,0.16302805633724765,0.05993039531634525,0.10001862706635084,0.33549999999999996
rep0419,0.41,0.41264708194635696,alg1,0.15,0.005,0.005,0.13999999999999999,abs_005_005,1000,2000,0.2792904600463375,0.7952887051570633,True,0.5159982451107258,0.5159982451107258,0.53185874175302,0.5941412582469799,-0.25256828170668244,0.20114744691008332,0.062282516493959994,0.10271572861676576,0.35100000000000003
rep0420,0.85,0.8477361422226604,alg1,0.15,0.005,0.005,0.13999999999999999,abs_005_005,1000,2000,0.6780634307126655,1.1226141139147052,True,0.4445506832020397,0.3219365692873345,0.9448350028478034,0.9701649971521966,-0.2667715721351379,0.15244911676250852,0.0253299943043932,0.08322068889764633,0.3360000000000001
rep0421,0.74,0.7426791938620335,alg1,0.15,0.005,0.005,0.13999999999999999,abs_005_005,1000,2000,0.4739055259268159,0.958188607791454,True,0.4842830818646381,0.4842830818646381,0.71194412581914,0.7670558741808601,-0.23803859989232415,0.1911327336105939,0.05511174836172006,0.08817133350291806,0.34099999999999997
rep0422,0.35,0.34612874823543205,alg1,0.15,0.005,0.005,0.13999999999999999,abs_005_005,1000,2000,0.1658108957513743,0.6963579453329993,True,0.530547049581625,0.530547049581625,0.40040454795607344,0.46259545204392655,-0.23459365220469913,0.23376249328907275,0.062190904087853105,0.09635614549377192,0.372
rep0423,0.76,0.7624919541659595,alg1,0.15,0.005,0.005,0.13999999999999999,abs_005_005,1000,2000,0.6704410797324812,1.0887333306558886,True,0.4182922509234074,0.32955892026751876,0.9284442524630578,0.9575557475369421,-0.2580031727305766,0.13117758311894662,0.02911149507388422,0.09068075584952323,0.2985
rep0424,0.36,0.35814025055484455,alg1,0.15,0.005,0.005,0.13999999999999999,abs_005_005,1000,2000,0.12397440221302236,0.6026953688477219,True,0.47872096663469954,0.47872096663469954,0.411316826326671,0.473683173673329,-0.28734242411364863,0.12901219517439289,0.062366347346658024,0.09535461928804145,0.32100000000000006
rep0425,0.41,0.4118253375202507,alg1,0.15,0.005,0.005,0.13999999999999999,abs_005_005,1000,2000,0.23077868577287586,0.673375319445557,True,0.4425966336726811,0.4425966336726811,0.4556191716535089,0.5183808283464911,-0.22484048588063305,0.15499449109906588,0.06276165669298223,0.093834976979699,0.2859999999999999
rep0426,0.89,0.8892382178246042,alg1,0.15,0.005,0.005,0.13999999999999999,abs_005_005,1000,2000,0.6290412456450942,1.1062338970027885,True,0.4771926513576943,0.3709587543549058,0.9178573897741681,0.9491426102258319,-0.2888161441290739,0.1570912867769567,0.03128522045166382,0.0969074309060306,0.349
rep0427,0.67,0.6661452233932901,alg1,0.15,0.005,0.005,0.13999999999999999,abs_005_005,1000,2000,0.31712774554039563,0.8334173189332367,True,0.516289573392841,0.516289573392841,0.5758289240744774,0.6371710759255227,-0.25870117853408175,0.19624624300771398,0.0613421518510453,0.09494742154179564,0.3600000000000001
rep0428,0.37,0.3683436695959424,alg1,0.15,0.005,0.005,0.13999999999999999,abs_005_005,1000,2000,0.09533685861147961,0.5615846307346462,True,0.46624777212316654,0.46624777212316654,0.31809425265098834,0.3779057473490116,-0.22275739403950873,0.1836788833856346,0.05981149469802327,0.09793627742514333,0.3085
rep0429,0.54,0.53538173545435,alg1,0.15,0.005,0.005,0.13999999999999999,abs_005_005,1000,2000,0.3123030021328237,0.7584693994396281,True,0.4461663973068044,0.4461663973068044,0.549518079532449,0.611481920467551,-0.2372150773996253,0.14698747897207706,0.06196384093510199,0.10320255637170239,0.28099999999999997
rep0430,0.60,0.6004174548191368,alg1,0.15,0.005,0.005,0.13999999999999999,abs_005_005,1000,2000,0.3381604261678601,0.8427564418574188,True,0.5045960156895588,0.5045960156895588,0.6063009937687206,0.6666990062312793,-0.2681405676008605,0.1760574356261395,0.060398012462558714,0.09819800322700001,0.34600000000000003
rep0431,0.51,0.5123730347347926,alg1,0.15,0.005,0.005,0.13999999999999999,abs_005_005,1000,2000,0.22198985692018192,0.7700351461512163,True,0.5480452892310343,0.5480452892310343,0.4811183709112936,0.5438816290887063,-0.2591285139911117,0.22615351706250997,0.06276325817741268,0.08878203105362165,0.3965
rep0432,0.85,0.8486664875364552,alg1,0.15,0.005,0.005,0.13999999999999999,abs_005_005,1000,2000,0.612674875369122,1.0895153872552603,True,0.4768405118861383,0.387325124630878,0.857988365837068,0.899011634162932,-0.2453134904679459,0.19050375309232837,0.041023268325864004,0.08481724356027431,0.351
rep0433,0.60,0.5999105382172571,alg1,0.15,0.005,0.005,0.13999999999999999,abs_005_005,1000,2000,0.4353288944202339,0.8621758680838632,True,0.4268469736636292,0.4268469736636292,0.677910841263611,0.735089158736389,-0.2425819468433771,0.12708670934747418,0.05717831747277802,0.08116865619085134,0.2885
rep0434,0.33,0.3265377362700484,alg1,0.15,0.005,0.005,0.13999999999999999,abs_005_005,1000,2000,0.08989944360137181,0.5459178856832232,True,0.4560184420818514,0.4560184420818514,0.35297255448892356,0.41402744551107645,-0.26307311088755175,0.13189044017214674,0.06105489102215289,0.09346355105969839,0.3015000000000001
rep0435,0.15,0.14977152771680624,alg1,0.15,0.005,0.005,0.13999999999999999,abs_005_005,1000,2000,-0.11258518953489693,0.33186814427478467,True,0.4444533338096816,0.33186814427478467,0.13510050898853723,0.18089949101146277,-0.24768569852343417,0.1509686532633219,0.04579898202292554,0.10565435178675603,0.29300000000000004
rep0436,0.54,0.5401868898627346,alg1,0.15,0.005,0.005,0.13999999999999999,abs_005_005,1000,2000,0.2962759696979752,0.8037155525060938,True,0.5074395828081186,0.5074395828081186,0.5288353975019042,0.5911646024980959,-0.23255942780392902,0.21255095000799795,0.062329204996191656,0.106610377811927,0.33849999999999997
rep0437,0.37,0.37375328603034585,alg1,0.15,0.005,0.005,0.13999999999999999,abs_005_005,1000,2000,0.23689978382034343,0.7850478880280805,True,0.548148104207737,0.548148104207737,0.529339207936354,0.591660792063646,-0.2924394241160106,0.19338709596443446,0.06232158412729194,0.10182652008044502,0.384
rep0438,0.90,0.9000160248531138,alg1,0.15,0.005,0.005,0.13999999999999999,abs_005_005,1000,2000,0.768961075566819,1.1446004642246375,True,0.37563938865781843,0.23103892443318097,1.0,1.0,-0.23103892443318091,0.14460046422463735,0.0,0.08963938865781834,0.2859999999999999
rep0439,0.52,0.5161664041144599,alg1,0.15,0.005,0.005,0.13999999999999999,abs_005_005,1000,2000,0.2303927306772717,0.7579305651771682,True,0.5275378344998964,0.5275378344998964,0.4441462676250192,0.5068537323749808,-0.21375353694774749,0.25107683280218746,0.06270746474996158,0.10683036974993498,0.358
rep0440,0.05,0.05345555884825453,alg1,0.15,0.005,0.005,0.13999999999999999,abs_005_005,1000,2000,-0.21110357799204782,0.25411342956643534,True,0.46521700755848316,0.25411342956643534,0.03762402456716245,0.06537597543283755,-0.24872760255921028,0.18873745413359783,0.0277519508656751,0.08446505669280813,0.353
rep0441,0.23,0.22929022495825693,alg1,0.15,0.005,0.005,0.13999999999999999,abs_005_005,1000,2000,0.037743694149446866,0.42849588528680527,True,0.3907521911373584,0.3907521911373584,0.24599827205167388,0.30200172794832614,-0.208254577902227,0.12649415733847916,0.05600345589665226,0.08774873524070609,0.24700000000000005
rep0442,0.35,0.34669088534373405,alg1,0.15,0.005,0.005,0.13999999999999999,abs_005_005,1000,2000,0.12134043719195745,0.5829829369647106,True,0.4616424997727532,0.4616424997727532,0.3638153045193952,0.42518469548060484,-0.24247486732743775,0.15779824148410573,0.061369390961209636,0.10527310881154345,0.29500000000000004
rep0443,0.40,0.3983478948712932,alg1,0.15,0.005,0.005,0.13999999999999999,abs_005_005,1000,2000,0.14032742058940506,0.6250490947027337,True,0.48472167411332867,0.48472167411332867,0.3667752518093203,0.42822474819067974,-0.22644783121991524,0.19682434651205402,0.061449496381359436,0.09927217773196922,0.324
rep0444,0.86,0.8562660280433344,alg1,0.15,0.005,0.005,0.13999999999999999,abs_005_005,1000,2000,0.5939964268597008,1.0482553562951478,True,0.454258929435447,0.4060035731402992,0.8692778794073356,0.9087221205926644,-0.2752814525476348,0.13953323570248327,0.039444241185328854,0.09131468825011813,0.32349999999999995
rep0445,0.22,0.22298442642290608,alg1,0.15,0.005,0.005,0.13999999999999999,abs_005_005,1000,2000,0.10679752727158226,0.6546940565531671,True,0.5478965292815849,0.5478965292815849,0.39346850125821037,0.4555314987417896,-0.2866709739866281,0.19916255781137748,0.06206299748357924,0.08483353179800551,0.4010000000000001
rep0446,0.63,0.6256453427510474,alg1,0.15,0.005,0.005,0.13999999999999999,abs_005_005,1000,2000,0.22821419915681082,0.712354218735621,True,0.48414001957881014,0.48414001957881014,0.4496312323607329,0.5123687676392671,-0.22141703320392206,0.19998545109635388,0.0627375352785342,0.10440248430027588,0.31700000000000006
rep0447,0.91,0.9078740806315482,alg1,0.15,0.005,0.005,0.13999999999999999,abs_005_005,1000,2000,0.5725421300377554,1.0448190971407751,True,0.4722769671030197,0.42745786996224455,0.854772162700473,0.8962278372995269,-0.2822300326627175,0.1485912598412482,0.04145567459905397,0.0948212925039657,0.336
rep0448,0.78,0.7758737271373656,alg1,0.15,0.005,0.005,0.13999999999999999,abs_005_005,1000,2000,0.4029720824754836,0.9598425000814391,True,0.5568704176059556,0.5568704176059556,0.6882039464237457,0.7447960535762543,-0.2852318639482621,0.21504644650518479,0.05659210715250862,0.07927831045344691,0.42100000000000004
rep0449,0.36,0.36175984274945505,alg1,0.15,0.005,0.005,0.13999999999999999,abs_005_005,1000,2000,0.327470834146392,0.8075689207106053,True,0.48009808656421327,0.48009808656421327,0.5905416309021364,0.6514583690978636,-0.2630707967557444,0.15611055161274168,0.06091673819572718,0.09668134836848619,0.3224999999999999
rep0450,0.89,0.8859738272378596,alg1,0.15,0.005,0.005,0.13999999999999999,abs_005_005,1000,2000,0.7429496469895487,1.202074937663397,True,0.45912529067384833,0.2570503530104513,1.0,1.0,-0.2570503530104513,0.20207493766339701,0.0,0.08612529067384839,0.37299999999999994
rep0451,0.87,0.8653336032057626,alg1,0.15,0.005,0.005,0.13999999999999999,abs_005_005,1000,2000,0.6749145177826945,1.1376976518342043,True,0.46278313405150984,0.3250854822173055,0.9431235387714477,0.9688764612285522,-0.26820902098875327,0.16882119060565218,0.025752922457104477,0.10703021159440546,0.33
rep0452,0.39,0.394610039489141,alg1,0.15,0.005,0.005,0.13999999999999999,abs_005_005,1000,2000,0.1361280493127458,0.6131707086059335,True,0.4770426592931877,0.4770426592931877,0.3801098655587582,0.44189013444124176,-0.2439818162460124,0.17128057416469178,0.06178026888248356,0.09676239041070411,0.31850000000000006
rep0453,0.09,0.09455027447648914,alg1,0.15,0.005,0.005,0.13999999999999999,abs_005_005,1000,2000,-0.040193419899653915,0.4323338674380285,True,0.4725272873376824,0.4323338674380285,0.16632073709124556,0.21567926290875444,-0.20651415699089948,0.21665460452927404,0.04935852581750888,0.10116876152017346,0.32200000000000006
rep0454,0.58,0.5837290921475382,alg1,0.15,0.005,0.005,0.13999999999999999,abs_005_005,1000,2000,0.49143941729546764,0.927019337747677,True,0.43557992045220933,0.43557992045220933,0.7612949526600655,0.8127050473399345,-0.2698555353645979,0.11431429040774246,0.05141009467986901,0.0931698257723404,0.291
rep0455,0.54,0.5415444686338559,alg1,0.15,0.005,0.005,0.13999999999999999,abs_005_005,1000,2000,0.48862856183793646,0.9891383737614371,True,0.5005098119235006,0.5005098119235006,0.7493036783727455,0.8016963216272545,-0.260675116534809,0.1874420521341826,0.052392643254508986,0.10461716866899162,0.3435
rep0456,0.64,0.6437481035648497,alg1,0.15,0.005,0.005,0.13999999999999999,abs_005_005,1000,2000,0.39803189205598427,0.9278955884751483,True,0.5298636964191641,0.5298636964191641,0.7026432315022798,0.7583567684977203,-0.30461133944629554,0.16953881997742803,0.05571353699544046,0.08915015942372356,0.385
rep0457,0.26,0.2640833764558463,alg1,0.15,0.005,0.005,0.13999999999999999,abs_005_005,1000,2000,0.049342822684455834,0.5315552495087802,True,0.48221242682432436,0.48221242682432436,0.2819376287944344,0.3400623712055656,-0.23259480610997857,0.1914928783032146,0.05812474241113119,0.1015876844131931,0.32250000000000006
rep0458,0.58,0.5847717451956117,alg1,0.15,0.005,0.005,0.13999999999999999,abs_005_005,1000,2000,0.3832433402250064,0.8354802564026089,True,0.45223691617760253,0.45223691617760253,0.5986713193851936,0.6593286806148064,-0.21542797916018716,0.1761515757878025,0.06065736122961285,0.09757955494798964,0.29400000000000004
rep0459,0.78,0.7803407890735662,alg1,0.15,0.005,0.005,0.13999999999999999,abs_005_005,1000,2000,0.6052215945898576,1.0166691094875975,True,0.4114475148977399,0.3947784054101424,0.8323624900031567,0.8766375099968434,-0.22714089541329902,0.14003159949075394,0.04427501999368677,0.1056724949040529,0.26150000000000007
rep0460,0.63,0.6319873927279865,alg1,0.15,0.005,0.005,0.13999999999999999,abs_005_005,1000,2000,0.2924677740838487,0.8081366228333329,True,0.5156688487494842,0.5156688487494842,0.5874952718430843,0.6485047281569157,-0.29502749775923554,0.1596318946764172,0.06100945631383148,0.0941593924356528,0.36049999999999993
rep0461,0.79,0.7893090503791472,alg1,0.15,0.005,0.005,0.13999999999999999,abs_005_005,1000,2000,0.5909758497114175,1.121497713717901,True,0.5305218640064835,0.4090241502885825,0.8703558796568108,0.9096441203431892,-0.2793800299453934,0.21185359337471188,0.03928824068637837,0.09473362332010526,0.3965
rep0462,0.82,0.8165787770202874,alg1,0.15,0.005,0.005,0.13999999999999999,abs_005_005,1000,2000,0.4595334253287496,0.9392312446845047,True,0.4796978193557551,0.4796978193557551,0.7295539451743535,0.7834460548256464,-0.2700205198456039,0.15578518985885823,0.053892109651292985,0.10080570970446201,0.32500000000000007
rep0463,0.67,0.6702796967456214,alg1,0.15,0.005,0.005,0.13999999999999999,abs_005_005,1000,2000,0.35077543668825156,0.8261692138577067,True,0.47539377716945513,0.47539377716945513,0.6108825998498743,0.6711174001501258,-0.2601071631616227,0.1550518137075809,0.06023480030025152,0.10065897686920361,0.31449999999999995
rep0464,0.25,0.24854893018852145,alg1,0.15,0.005,0.005,0.13999999999999999,abs_005_005,1000,2000,-0.2420659602718253,0.33531399193472566,True,0.577379952206551,0.33531399193472566,0.12476821042933361,0.16923178957066637,-0.3668341707011589,0.16608220236405932,0.044463579141332754,0.10191637306521817,0.43100000000000005
rep0465,0.73,0.7322550138031816,alg1,0.15,0.005,0.005,0.13999999999999999,abs_005_005,1000,2000,0.3228440904849872,0.8011254824191117,True,0.47828139193412456,0.47828139193412456,0.6353670787895749,0.6946329212104252,-0.3125229883045877,0.10649256120868653,0.05926584242085031,0.09501554951327418,0.32400000000000007
rep0466,0.19,0.19034587241629047,alg1,0.15,0.005,0.005,0.13999999999999999,abs_005_005,1000,2000,-0.00011508435667728634,0.46122320931337046,True,0.46133829367004775,0.46122320931337046,0.22618852673256828,0.2808114732674317,-0.22630361108924557,0.18041173604593874,0.05462294653486344,0.10671534713518432,0.3
rep0467,0.29,0.29274855713431724,alg1,0.15,0.005,0.005,0.13999999999999999,abs_005_005,1000,2000,0.32204837098262923,0.8275465560555273,False,0.5054981850728981,0.5054981850728981,0.612410440547034,0.672589559452966,-0.29036206956440475,0.15495699660256138,0.06017911890593197,0.09381906616696617,0.3515
rep0468,0.30,0.3027014172094155,alg1,0.15,0.005,0.005,0.13999999999999999,abs_005_005,1000,2000,0.22835891140887388,0.674310662267137,True,0.4459517508582631,0.4459517508582631,0.4526246360870454,0.5153753639129546,-0.22426572467817152,0.1589352983541824,0.06275072782590918,0.07520102303235399,0.30799999999999994
rep0469,0.69,0.692436354301288,alg1,0.15,0.005,0.005,0.13999999999999999,abs_005_005,1000,2000,0.4851423148586918,0.9377199620973622,True,0.4525776472386704,0.4525776472386704,0.7430588087723963,0.7959411912276037,-0.25791649391370447,0.14177877086975854,0.05288238245520738,0.08519526478346301,0.3145
rep0470,0.74,0.7434616566202104,alg1,0.15,0.005,0.005,0.13999999999999999,abs_005_005,1000,2000,0.6003630086947458,1.084178534121937,True,0.4838155254271912,0.3996369913052542,0.8660468932185561,0.9059531067814439,-0.2656838845238103,0.17822542734049307,0.039906213562887816,0.0989093118643033,0.3450000000000001
rep0471,0.30,0.3048098630189149,alg1,0.15,0.005,0.005,0.13999999999999999,abs_005_005,1000,2000,-0.02800574880388043,0.3999649940980561,True,0.4279707429019365,0.3999649940980561,0.2131864907121777,0.26681350928782227,-0.24119223951605814,0.1331514848102338,0.05362701857564456,0.10584372432629197,0.26849999999999996
rep0472,0.45,0.45077422443821824,alg1,0.15,0.005,0.005,0.13999999999999999,abs_005_005,1000,2000,0.14256123144713945,0.6476561133694504,True,0.5050948819223109,0.5050948819223109,0.4157854148552344,0.4782145851447656,-0.27322418340809496,0.1694415282246848,0.06242917028953121,0.10616571163277988,0.3364999999999999
rep0473,0.51,0.5071386075108679,alg1,0.15,0.005,0.005,0.13999999999999999,abs_005_005,1000,2000,0.270881427904295,0.7565183461331381,True,0.4856369182288431,0.4856369182288431,0.5323627449298406,0.5946372550701594,-0.2614813170255456,0.16188109106297868,0.06227451014031882,0.10036240808852437,0.32299999999999995
rep0474,0.37,0.36586133903478896,alg1,0.15,0.005,0.005,0.13999999999999999,abs_005_005,1000,2000,-0.0103566913883395,0.5302575032664216,True,0.5406141946547611,0.5302575032664216,0.2610260600177641,0.31797393998223583,-0.27138275140610363,0.2122835632841858,0.056947879964471704,0.09566631469028941,0.388
rep0475,0.52,0.5178202732421197,alg1,0.15,0.005,0.005,0.13999999999999999,abs_005_005,1000,2000,0.24048420593875824,0.6978022823194545,True,0.45731807638069627,0.45731807638069627,0.47010870081468936,0.5328912991853105,-0.22962449487593112,0.16491098313414396,0.06278259837062117,0.10303547801007507,0.2915
rep0476,0.84,0.8406559881807929,alg1,0.15,0.005,0.005,0.13999999999999999,abs_005_005,1000,2000,0.7667097489892446,1.146107328110567,True,0.3793975791213223,0.2332902510107554,1.0,1.0,-0.23329025101075537,0.14610732811056704,0.0,0.10039757912132241,0.279
rep0477,0.14,0.14204946977544622,alg1,0.15,0.005,0.005,0.13999999999999999,abs_005_005,1000,2000,0.03572823924805191,0.5674184219547299,True,0.531690182706678,0.531690182706678,0.2946176117415047,0.35338238825849533,-0.2588893724934528,0.21403603369623458,0.058764776516990636,0.10592540618968743,0.36699999999999994
rep0478,0.66,0.655505023483159,alg1,0.15,0.005,0.005,0.13999999999999999,abs_005_005,1000,2000,0.5765185666335246,1.054832875051702,True,0.47831430841817735,0.42348143336647537,0.8595979785784666,0.9004020214215334,-0.283079411944942,0.15443085363016867,0.04080404284306671,0.08901026557511066,0.34850000000000003
rep0479,0.47,0.47342875933991696,alg1,0.15,0.005,0.005,0.13999999999999999,abs_005_005,1000,2000,0.2618415440912855,0.7399431934096086,True,0.47810164931832305,0.47810164931832305,0.5298430504644922,0.5921569495355079,-0.2680015063732067,0.14778624387410066,0.0623138990710157,0.09878775024730735,0.317
rep0480,0.67,0.6666146655076384,alg1,0.15,0.005,0.005,0.13999999999999999,abs_005_005,1000,2000,0.4431903311687819,0.9013880196832419,True,0.45819768851445997,0.45819768851445997,0.6702019503720724,0.7277980496279275,-0.2270116192032905,0.1735899700553144,0.05759609925585507,0.10160158925860485,0.29900000000000004
rep0481,0.62,0.6236445793214657,alg1,0.15,0.005,0.005,0.13999999999999999,abs_005_005,1000,2000,0.49585861522880537,0.9450108613401857,True,0.4491522461113804,0.4491522461113804,0.7222961154038772,0.7767038845961229,-0.22643750017507178,0.1683069767440628,0.05440776919224577,0.10024447691913463,0.2945
rep0482,0.37,0.3698861950035576,alg1,0.15,0.005,0.005,0.13999999999999999,abs_005_005,1000,2000,0.1893275447324662,0.7339044246698012,True,0.544576879937335,0.544576879937335,0.47361012916415324,0.5363898708358468,-0.284282584431687,0.1975145538339545,0.06277974167169353,0.10079713826564146,0.38100000000000006
rep0483,0.46,0.459924882847166,alg1,0.15,0.005,0.005,0.13999999999999999,abs_005_005,1000,2000,0.2960492639871113,0.6981768145141776,True,0.4021275505270663,0.4021275505270663,0.47461081981797426,0.5373891801820257,-0.178561555830863,0.16078763433215182,0.06277836036405149,0.0943491901630148,0.245
rep0484,0.66,0.6603997911653662,alg1,0.15,0.005,0.005,0.13999999999999999,abs_005_005,1000,2000,0.5310852965908041,1.0197922330475133,True,0.48870693645670926,0.46891470340919594,0.782222546943567,0.8317774530564331,-0.2511372503527629,0.18801477999108013,0.04955490611286617,0.10115203034384318,0.33799999999999986
rep0485,0.24,0.24217090812958247,alg1,0.15,0.005,0.005,0.13999999999999999,abs_005_005,1000,2000,-0.06922208517695727,0.4425899869229899,True,0.5118120720999472,0.4425899869229899,0.21799788651935592,0.27200211348064407,-0.2872199716963132,0.17058787344234583,0.05400422696128815,0.09730784513865903,0.3605
rep0486,0.76,0.760035639995173,alg1,0.15,0.005,0.005,0.13999999999999999,abs_005_005,1000,2000,0.5726854229741205,1.1135236030122337,True,0.5408381800381132,0.4273145770258795,0.8499551820702528,0.8920448179297472,-0.2772697590961322,0.22147878508248642,0.042089635859494434,0.10024854417861867,0.39849999999999997
rep0487,0.39,0.3872144194396676,alg1,0.15,0.005,0.005,0.13999999999999999,abs_005_005,1000,2000,0.2552272274546327,0.6996577151568502,True,0.44443048770221744,0.44443048770221744,0.4606125779144584,0.5233874220855416,-0.2053853504598257,0.17627029307130865,0.06277484417108314,0.0776556435311343,0.30400000000000005
rep0488,0.92,0.9231065213725952,alg1,0.15,0.005,0.005,0.13999999999999999,abs_005_005,1000,2000,0.5719958008819146,1.0800056425018838,True,0.5080098416199692,0.4280041991180854,0.8064166906940602,0.8535833093059397,-0.23442088981214557,0.2264223331959441,0.04716661861187954,0.10084322300808973,0.35999999999999993
rep0489,0.63,0.6309729787707437,alg1,0.15,0.005,0.005,0.13999999999999999,abs_005_005,1000,2000,0.4470036023336843,0.8623644245100558,True,0.4153608221763715,0.4153608221763715,0.6804825392675224,0.7375174607324775,-0.23347893693383814,0.12484696377757835,0.057034921464955035,0.10582590071141657,0.25249999999999995
rep0490,0.74,0.7378423983075558,alg1,0.15,0.005,0.005,0.13999999999999999,abs_005_005,1000,2000,0.49648825237210853,1.010652126473114,True,0.5141638741010055,0.5035117476278914,0.8085275974795285,0.8554724025204714,-0.31203934510742,0.15517972395264273,0.046944805040942894,0.09471906906006278,0.37249999999999994
rep0491,0.71,0.7065743599972876,alg1,0.15,0.005,0.005,0.13999999999999999,abs_005_005,1000,2000,0.6321377731255868,1.1586219180144834,True,0.5264841448888966,0.36786222687441317,0.8914877949862932,0.9275122050137068,-0.25935002186070627,0.2311097130007767,0.036024410027413634,0.10445973486148291,0.38600000000000007
rep0492,0.86,0.8627654697954618,alg1,0.15,0.005,0.005,0.13999999999999999,abs_005_005,1000,2000,0.6334447362731224,1.1673231137799904,True,0.5338783775068681,0.36655526372687763,0.9024189309980288,0.9365810690019711,-0.2689741947249064,0.2307420447780193,0.0341621380039423,0.10371623950292563,0.3960000000000001
rep0493,0.29,0.2879040614514467,alg1,0.15,0.005,0.005,0.13999999999999999,abs_005_005,1000,2000,-0.01655793171350417,0.4555336186051545,True,0.4720915503186587,0.4555336186051545,0.17822353496003787,0.2287764650399621,-0.19478146667354204,0.2267571535651924,0.05055293007992423,0.07453862023873437,0.3470000000000001
rep0494,0.45,0.44773830152782795,alg1,0.15,0.005,0.005,0.13999999999999999,abs_005_005,1000,2000,0.16505620603770654,0.611836965528858,True,0.4467807594911515,0.4467807594911515,0.41826908201666446,0.48073091798333556,-0.2532128759789579,0.13110604754552252,0.0624618359666711,0.09381892352448035,0.2905000000000001
rep0495,0.71,0.7120820002216378,alg1,0.15,0.005,0.005,0.13999999999999999,abs_005_005,1000,2000,0.3923156226162921,0.939137144614888,True,0.5468215219985959,0.5468215219985959,0.6768824533967464,0.7341175466032537,-0.28456683078045425,0.20501959801163433,0.057235093206507326,0.10658642879208857,0.383
rep0496,0.57,0.5672526840309957,alg1,0.15,0.005,0.005,0.13999999999999999,abs_005_005,1000,2000,0.27560348951618013,0.7944846742361305,True,0.5188811847199504,0.5188811847199504,0.5829280406970085,0.6440719593029915,-0.3073245511808284,0.15041271493313885,0.061143918605983005,0.08223726611396726,0.3755
rep0497,0.91,0.9059420139393258,alg1,0.15,0.005,0.005,0.13999999999999999,abs_005_005,1000,2000,0.710631440382913,1.1795765725758376,True,0.46894513219292455,0.28936855961708696,1.0,1.0,-0.289368559617087,0.17957657257583753,0.0,0.10294513219292456,0.366
rep0498,0.30,0.30189760469625243,alg1,0.15,0.005,0.005,0.13999999999999999,abs_005_005,1000,2000,-0.09978770842310009,0.3370978622448676,True,0.4368855706679677,0.3370978622448676,0.16632073709124556,0.21567926290875444,-0.26610844551434565,0.12141859933611315,0.04935852581750888,0.10102704485045888,0.2864999999999999
rep0499,0.93,0.9289382895149473,alg1,0.15,0.005,0.005,0.13999999999999999,abs_005_005,1000,2000,0.6802624854440005,1.111370725686994,True,0.43110824024299355,0.3197375145559995,0.9073626550217191,0.940637344978281,-0.2271001695777186,0.17073338070871297,0.03327468995656191,0.08833355028643153,0.30950000000000005
rep0500,0.57,0.5734326800154889,alg1,0.15,0.005,0.005,0.13999999999999999,abs_005_005,1000,2000,0.4282891615482024,0.9195459242993054,True,0.49125676275110297,0.49125676275110297,0.6573740376690693,0.7156259623309307,-0.22908487612086692,0.20391996196837464,0.058251924661861354,0.09750483808924165,0.3354999999999999
rep0501,0.40,0.40497540524506176,alg1,0.15,0.005,0.005,0.13999999999999999,abs_005_005,1000,2000,-0.007568260769395263,0.4714134636857853,True,0.47898172445518056,0.4714134636857853,0.2868114290827928,0.3451885709172072,-0.29437968985218804,0.12622489276857807,0.05837714183441445,0.09910458262076616,0.32149999999999995
rep0502,0.12,0.12480475992732076,alg1,0.15,0.005,0.005,0.13999999999999999,abs_005_005,1000,2000,-0.09271623569291329,0.42243597206381334,True,0.5151522077567267,0.42243597206381334,0.20357892275812303,0.25642107724187696,-0.2962951584510363,0.16601489482193638,0.05284215448375393,0.0903100532729727,0.372
rep0503,0.91,0.9050390105903781,alg1,0.15,0.005,0.005,0.13999999999999999,abs_005_005,1000,2000,0.6221037676060021,1.2000881337544176,True,0.5779843661484155,0.37789623239399794,0.9546219126941008,0.9773780873058991,-0.33251814508809874,0.2227100464485185,0.022756174611798352,0.09472819153661727,0.4605
rep0504,0.47,0.46724572744993587,alg1,0.15,0.005,0.005,0.13999999999999999,abs_005_005,1000,2000,0.3017079704835233,0.8828745380588063,True,0.5811665675752831,0.5811665675752831,0.5798847503457281,0.641115249654272,-0.27817677986220474,0.24175928840453426,0.06123049930854396,0.09493606826673906,0.42499999999999993
rep0505,0.53,0.5318571099071661,alg1,0.15,0.005,0.005,0.13999999999999999,abs_005_005,1000,2000,0.2784524969797302,0.7616494408120095,True,0.4831969438322793,0.4831969438322793,0.5409357309486759,0.603064269051324,-0.2624832339689457,0.15858517176068543,0.06212853810264818,0.1015684057296311,0.3195
rep0506,0.48,0.4822668283351881,alg1,0.15,0.005,0.005,0.13999999999999999,abs_005_005,1000,2000,0.22388830100743912,0.6834394670130137,True,0.4595511660055746,0.4595511660055746,0.4396614044357072,0.5023385955642927,-0.2157731034282681,0.181100871448721,0.0626771911285855,0.09937397487698924,0.2974999999999999
rep0507,0.74,0.7437366300478815,alg1,0.15,0.005,0.005,0.13999999999999999,abs_005_005,1000,2000,0.6570789998609294,1.162984826690637,True,0.5059058268297076,0.34292100013907056,0.9267657058620491,0.9562342941379509,-0.26968670600111966,0.2067505325526861,0.02946858827590182,0.0849372385538058,0.39149999999999996
rep0508,0.40,0.404182804431366,alg1,0.15,0.005,0.005,0.13999999999999999,abs_005_005,1000,2000,0.046502860831488385,0.4795714550686661,True,0.4330685942371777,0.4330685942371777,0.2809633417981763,0.3390366582018237,-0.2344604809666879,0.1405347968668424,0.058073316403647435,0.09599527783353023,0.279
rep0509,0.65,0.6481999629909212,alg1,0.15,0.005,0.005,0.13999999999999999,abs_005_005,1000,2000,0.5409511435672762,0.9486192336263168,True,0.4076680900590406,0.4076680900590406,0.8122245857929675,0.8587754142070325,-0.27127344222569133,0.08984381941928432,0.04655082841406499,0.09661726164497558,0.26450000000000007
rep0510,0.57,0.5721736043975432,alg1,0.15,0.005,0.005,0.13999999999999999,abs_005_005,1000,2000,0.05371475224534683,0.5275766594208938,False,0.473861907175547,0.473861907175547,0.35740624291932444,0.4185937570806756,-0.3036914906739776,0.10898290234021825,0.06118751416135115,0.09067439301419589,0.32199999999999995
rep0511,0.45,0.45457728234462863,alg1,0.15,0.005,0.005,0.13999999999999999,abs_005_005,1000,2000,0.05282914123545224,0.49487412095821265,True,0.4420449797227604,0.4420449797227604,0.30830190549068665,0.3676980945093134,-0.2554727642552344,0.12717602644889925,0.059396189018626755,0.09614879070413368,0.2865
rep0512,0.43,0.4325267337117133,alg1,0.15,0.005,0.005,0.13999999999999999,abs_005_005,1000,2000,0.2472647197451967,0.7484407575789693,True,0.5011760378337726,0.5011760378337726,0.5172565896111158,0.5797434103888842,-0.26999186986591905,0.1686973471900851,0.06248682077776846,0.09518921705600414,0.3435
rep0513,0.83,0.8277117370689172,alg1,0.15,0.005,0.005,0.13999999999999999,abs_005_005,1000,2000,0.7000219824430807,1.1888016443029994,True,0.4887796618599187,0.29997801755691933,1.0,1.0,-0.2999780175569193,0.18880164430299934,0.0,0.09827966185991865,0.39049999999999996
rep0514,0.59,0.5933413778937866,alg1,0.15,0.005,0.005,0.13999999999999999,abs_005_005,1000,2000,0.34395176968072794,0.8752117457316515,True,0.5312599760509236,0.5312599760509236,0.5662049489222777,0.6277950510777223,-0.22225317924154978,0.2474166946539293,0.06159010215544458,0.0956698738954791,0.374
rep0515,0.81,0.806166418341096,alg1,0.15,0.005,0.005,0.13999999999999999,abs_005_005,1000,2000,0.7891045793114924,1.1563498921064863,True,0.36724531279499395,0.21089542068850764,0.9877656243813507,0.9982343756186493,-0.19866104506985843,0.15811551648783714,0.010468751237298513,0.10127656155769543,0.2555000000000001
rep0516,0.61,0.6067540217721716,alg1,0.15,0.005,0.005,0.13999999999999999,abs_005_005,1000,2000,0.35964185505255103,0.9474781062341973,True,0.5878362511816462,0.5878362511816462,0.6599376287944344,0.7180623712055655,-0.3002957737418834,0.22941573502863175,0.05812474241113108,0.09421150877051515,0.43549999999999994
rep0517,0.42,0.4167877795529873,alg1,0.15,0.005,0.005,0.13999999999999999,abs_005_005,1000,2000,0.205876892331899,0.7269392309600662,True,0.5210623386281672,0.5210623386281672,0.46910857524861366,0.5318914247513862,-0.26323168291671467,0.19504780620868006,0.06278284950277252,0.0997794891253947,0.35850000000000004
rep0518,0.16,0.16438034557877632,alg1,0.15,0.005,0.005,0.13999999999999999,abs_005_005,1000,2000,0.07022948154078157,0.5610306849026023,True,0.49080120336182076,0.49080120336182076,0.3288825998498743,0.3891174001501257,-0.2586531183090927,0.17191328475247666,0.06023480030025141,0.09306640306156932,0.3375
rep0519,0.56,0.5622779558093569,alg1,0.15,0.005,0.005,0.13999999999999999,abs_005_005,1000,2000,0.22416738571994416,0.7266971619843767,True,0.5025297762644325,0.5025297762644325,0.4751112122416882,0.5378887877583117,-0.250943826521744,0.18880837422606506,0.06277757551662355,0.10075220074780905,0.339
rep0520,0.43,0.4326281458496036,alg1,0.15,0.005,0.005,0.13999999999999999,abs_005_005,1000,2000,0.34544732259362304,0.7886835021663583,True,0.44323617957273526,0.44323617957273526,0.5697492198867277,0.6312507801132724,-0.22430189729310462,0.15743272205308595,0.06150156022654474,0.1022346193461906,0.27949999999999997
rep0521,0.55,0.5514422589777986,alg1,0.15,0.005,0.005,0.13999999999999999,abs_005_005,1000,2000,0.3948794007368317,0.8828723217732949,True,0.4879929210364632,0.4879929210364632,0.6486651397965061,0.707334860203494,-0.2537857390596744,0.17553746156980085,0.058669720406987924,0.10082320062947525,0.3285
rep0522,0.38,0.3777243504273541,alg1,0.15,0.005,0.005,0.13999999999999999,abs_005_005,1000,2000,0.13473022679351648,0.6330688715643986,True,0.49833864477088213,0.49833864477088213,0.38901297503000876,0.4509870249699912,-0.2542827482364923,0.1820818465944074,0.061974049939982456,0.0948645948308997,0.34149999999999997
rep0523,0.48,0.4805649545239059,alg1,0.15,0.005,0.005,0.13999999999999999,abs_005_005,1000,2000,0.11413816695825546,0.6520556201417123,True,0.5379174531834567,0.5379174531834567,0.4142955976146664,0.4767044023853336,-0.30015743065641093,0.17535121775637869,0.06240880477066724,0.0895086484127895,0.3860000000000001
rep0524,0.51,0.5091013726161637,alg1,0.15,0.005,0.005,0.13999999999999999,abs_005_005,1000,2000,0.34590409243182785,0.7829432793966256,True,0.4370391869647977,0.4370391869647977,0.5834353745586324,0.6445646254413676,-0.2375312821268045,0.1383786539552579,0.06112925088273524,0.09940993608206239,0.27649999999999997
rep0525,0.85,0.853701137127399,alg1,0.15,0.005,0.005,0.13999999999999999,abs_005_005,1000,2000,0.6303118175701415,1.1310451535069759,True,0.5007333359368343,0.36968818242985846,0.9267657058620491,0.9562342941379509,-0.29645388829190755,0.17481085936902502,0.02946858827590182,0.09726474766093263,0.37399999999999994
rep0526,0.80,0.7988554886949664,alg1,0.15,0.005,0.005,0.13999999999999999,abs_005_005,1000,2000,0.6708618036769565,1.1749234278390528,True,0.5040616241620963,0.32913819632304353,0.9239741532967438,0.9540258467032561,-0.2531123496197874,0.2208975811357966,0.03005169340651226,0.10550993075558407,0.36849999999999994
rep0527,0.32,0.31690980769397253,alg1,0.15,0.005,0.005,0.13999999999999999,abs_005_005,1000,2000,0.036460351140220726,0.4855282931279455,True,0.44906794198772476,0.44906794198772476,0.2921771178617746,0.35082288213822543,-0.25571676672155386,0.13470541098972005,0.05864576427645085,0.10392217771127388,0.28650000000000003
rep0528,0.52,0.5180556111198258,alg1,0.15,0.005,0.005,0.13999999999999999,abs_005_005,1000,2000,0.26798424211588645,0.7650821204024824,True,0.4970978782865959,0.4970978782865959,0.5591212881864525,0.6208787118135475,-0.291137046070566,0.1442034085889349,0.06175742362709502,0.09634045465950075,0.33900000000000013
rep0529,0.69,0.693035507698672,alg1,0.15,0.005,0.005,0.13999999999999999,abs_005_005,1000,2000,0.34304611206797464,0.8873143011891945,True,0.5442681891212199,0.5442681891212199,0.623624467452457,0.6833755325475429,-0.2805783553844824,0.2039387686416516,0.059751065095085876,0.105517124026134,0.379
rep0530,0.75,0.7498518402748506,alg1,0.15,0.005,0.005,0.13999999999999999,abs_005_005,1000,2000,0.5212306299497933,1.0659431757938187,True,0.5447125458440254,0.4787693700502067,0.7921982600647358,0.8408017399352642,-0.2709676301149425,0.22514143585855448,0.04860347987052838,0.08610906597349693,0.4100000000000001
rep0531,0.34,0.34311797330549854,alg1,0.15,0.005,0.005,0.13999999999999999,abs_005_005,1000,2000,-0.14528512012701186,0.32827416501142986,False,0.4735592851384417,0.32827416501142986,0.1318085479375906,0.1771914520624094,-0.27709366806460245,0.15108271294902045,0.045382904124818824,0.10067638101362292,0.32749999999999996
rep0532,0.89,0.893355587107331,alg1,0.15,0.005,0.005,0.13999999999999999,abs_005_005,1000,2000,0.6648197581226506,1.1382691744164903,True,0.47344941629383974,0.3351802418773494,0.9651980258620476,0.9848019741379523,-0.300378267739397,0.15346720027853794,0.019603948275904726,0.08734546801793497,0.3665
rep0533,0.51,0.5050569732631356,alg1,0.15,0.005,0.005,0.13999999999999999,abs_005_005,1000,2000,0.13073185649973718,0.6638908491544835,True,0.5331589926547463,0.5331589926547463,0.4162820844719838,0.47871791552801624,-0.2855502279722466,0.18517293362646722,0.062435831056032454,0.09872316159871386,0.372
rep0534,0.75,0.7527924050435153,alg1,0.15,0.005,0.005,0.13999999999999999,abs_005_005,1000,2000,0.5368536670389279,1.048069161331162,True,0.511215494292234,0.4631463329610721,0.7670404967277312,0.8179595032722687,-0.23018682968880338,0.2301096580588931,0.050919006544537515,0.10629648774769646,0.35400000000000004
rep0535,0.69,0.6878573655625912,alg1,0.15,0.005,0.005,0.13999999999999999,abs_005_005,1000,2000,0.3936943364375689,0.9263737420374809,True,0.532679405599912,0.532679405599912,0.6856290836948062,0.7423709163051937,-0.29193474725723734,0.18400282573228724,0.056741832610387455,0.10443757298952455,0.3715
rep0536,0.32,0.31718992870948665,alg1,0.15,0.005,0.005,0.13999999999999999,abs_005_005,1000,2000,0.1933631974419721,0.6272070746080152,True,0.43384387716604306,0.43384387716604306,0.4048667802731847,0.4671332197268153,-0.21150358283121257,0.16007385488119985,0.06226643945363064,0.09257743771241239,0.279
rep0537,0.44,0.4395079866789626,alg1,0.15,0.005,0.005,0.13999999999999999,abs_005_005,1000,2000,0.16708605097447266,0.6169579427757831,True,0.44987189180131043,0.44987189180131043,0.45112779270212033,0.5138722072978796,-0.2840417417276477,0.10308573547790348,0.0627444145957593,0.0911274772055512,0.296
rep0538,0.51,0.5080405165190043,alg1,0.15,0.005,0.005,0.13999999999999999,abs_005_005,1000,2000,0.22326615079105538,0.7723159310804135,True,0.5490497802893581,0.5490497802893581,0.5389177180424132,0.6010822819575867,-0.3156515672513578,0.1712336491228268,0.062164563915173554,0.10588521637418463,0.38099999999999995
rep0539,0.61,0.605947645961291,alg1,0.15,0.005,0.005,0.13999999999999999,abs_005_005,1000,2000,0.490527379227435,1.020627011053917,True,0.5300996318264821,0.509472620772565,0.7769815143060201,0.82701848569398,-0.28645413507858514,0.193608525359937,0.05003697138795982,0.10456266043852225,0.3754999999999999
rep0540,0.28,0.27858368570850345,alg1,0.15,0.005,0.005,0.13999999999999999,abs_005_005,1000,2000,0.130497692665834,0.6622312370320401,True,0.5317335443662061,0.5317335443662061,0.3736864748218329,0.4353135251781671,-0.24318878215599893,0.226917711853873,0.0616270503563342,0.09560649400987187,0.37450000000000006
rep0541,0.43,0.4251961899039096,alg1,0.15,0.005,0.005,0.13999999999999999,abs_005_005,1000,2000,0.26104990341051915,0.6918831192103668,True,0.4308332157998477,0.4308332157998477,0.4611120912886112,0.5238879087113888,-0.20006218787809202,0.16799521049897806,0.0627758174227776,0.10355739837707012,0.26449999999999996
rep0542,0.79,0.7940209501629047,alg1,0.15,0.005,0.005,0.13999999999999999,abs_005_005,1000,2000,0.4955992161882165,0.9191110692457469,True,0.4235118530575304,0.4235118530575304,0.7363020643399371,0.789697935660063,-0.24070284815172055,0.12941313358568401,0.05339587132012591,0.09011598173740454,0.28
rep0543,0.38,0.3831363526824304,alg1,0.15,0.005,0.005,0.13999999999999999,abs_005_005,1000,2000,-0.05552438674142102,0.4954036357561442,True,0.5509280224975652,0.4954036357561442,0.2946176117415047,0.35338238825849533,-0.3501419984829257,0.14202124749764888,0.058764776516990636,0.09566324598057463,0.39649999999999996
rep0544,0.59,0.5914617767466555,alg1,0.15,0.005,0.005,0.13999999999999999,abs_005_005,1000,2000,0.42208559806521684,0.9240967835945261,True,0.5020111855293092,0.5020111855293092,0.6825406509751828,0.7394593490248171,-0.26045505290996596,0.18463743456970894,0.05691869804963434,0.09359248747967497,0.3514999999999999
rep0545,0.40,0.4045296863004263,alg1,0.15,0.005,0.005,0.13999999999999999,abs_005_005,1000,2000,-0.006205106775914793,0.5662942026302137,True,0.5724993094061285,0.5662942026302137,0.2912011895834573,0.3497988104165427,-0.2974062963593721,0.216495392213671,0.058597620833085395,0.10390168857304305,0.41000000000000003
rep0546,0.62,0.6221462295275441,alg1,0.15,0.005,0.005,0.13999999999999999,abs_005_005,1000,2000,0.2931682703184089,0.860786599545283,True,0.5676183292268742,0.5676183292268742,0.6088459764164468,0.6691540235835532,-0.31567770609803786,0.1916325759617298,0.06030804716710647,0.10631028205976761,0.4010000000000001
rep0547,0.54,0.5398389563768513,alg1,0.15,0.005,0.005,0.13999999999999999,abs_005_005,1000,2000,0.25464327126398467,0.7924293868562209,True,0.5377861155922362,0.5377861155922362,0.5333708477955615,0.5956291522044385,-0.27872757653157687,0.19680023465178237,0.06225830440887692,0.10602781118335919,0.36950000000000005
rep0548,0.52,0.5199645804683984,alg1,0.15,0.005,0.005,0.13999999999999999,abs_005_005,1000,2000,0.22655101245768594,0.7152612871843386,True,0.4887102747266526,0.4887102747266526,0.47461081981797426,0.5373891801820257,-0.24805980736028832,0.1778721070023128,0.06277836036405149,0.08943191436260112,0.3365
rep0549,0.62,0.6208409396546456,alg1,0.15,0.005,0.005,0.13999999999999999,abs_005_005,1000,2000,0.6220455668705402,1.118481526043815,False,0.49643595917327477,0.37795443312945975,0.8811651357317338,0.9188348642682662,-0.25911956886119364,0.19964666177554877,0.03766972853653239,0.09926623063674239,0.3595
rep0550,0.99,0.9936861934525361,alg1,0.15,0.005,0.005,0.13999999999999999,abs_005_005,1000,2000,0.6495148705985805,1.1871517335326498,True,0.5376368629340693,0.3504851294014195,0.974267598483385,0.9907324015166151,-0.32475272788480447,0.19641933201603456,0.01646480303323017,0.08967205990083904,0.4315
rep0551,0.87,0.8691550462741996,alg1,0.15,0.005,0.005,0.13999999999999999,abs_005_005,1000,2000,0.5503758222504369,1.050476009392593,True,0.500100187142156,0.4496241777495631,0.8159253480735558,0.8620746519264442,-0.2655495258231188,0.1884013574661488,0.0461493038528884,0.10495088328926766,0.3489999999999999
rep0552,0.30,0.3049738261693674,alg1,0.15,0.005,0.005,0.13999999999999999,abs_005_005,1000,2000,-0.010957435765405421,0.4897013011822442,True,0.5006587369476496,0.4897013011822442,0.2819376287944344,0.3400623712055656,-0.2928950645598398,0.1496389299766786,0.05812474241113119,0.10703399453651835,0.3355000000000001
rep0553,0.62,0.6161624006122597,alg1,0.15,0.005,0.005,0.13999999999999999,abs_005_005,1000,2000,0.5831890047560414,1.068389095708534,True,0.4852000909524926,0.4168109952439586,0.8302369611528674,0.8747630388471327,-0.24704795639682597,0.19362605686140133,0.04452607769426531,0.1056740132582274,0.3349999999999999
rep0554,0.00,0.0026144279964859323,alg1,0.15,0.005,0.005,0.13999999999999999,abs_005_005,1000,2000,-0.012512869610038585,0.5595890203679466,True,0.5721018899779852,0.5595890203679466,0.23729182980186742,0.2927081701981326,-0.249804699411906,0.2668808501698139,0.055416340396265196,0.09518554958171993,0.42149999999999993
rep0555,0.66,0.6568972912097388,alg1,0.15,0.005,0.005,0.13999999999999999,abs_005_005,1000,2000,0.4406793685789694,0.8799532258489597,True,0.43927385726999035,0.43927385726999035,0.7368215045667629,0.790178495433237,-0.2961421359877935,0.08977473041572273,0.05335699086647416,0.10241686640351622,0.2835
rep0556,0.53,0.5297247668406883,alg1,0.15,0.005,0.005,0.13999999999999999,abs_005_005,1000,2000,0.2551203331730633,0.7383735663566693,True,0.48325323318360597,0.48325323318360597,0.5248060680085661,0.587193931991434,-0.2696857348355028,0.15117963436523524,0.062387863982867886,0.10486536920073808,0.31599999999999995
rep0557,0.48,0.4754731400813595,alg1,0.15,0.005,0.005,0.13999999999999999,abs_005_005,1000,2000,0.13925699646290457,0.6510733176045174,True,0.5118163211416128,0.5118163211416128,0.4361749441637992,0.49882505583620085,-0.29691794770089464,0.1522482617683165,0.06265011167240164,0.09916620946921112,0.35000000000000003
rep0558,0.31,0.3120902571492485,alg1,0.15,0.005,0.005,0.13999999999999999,abs_005_005,1000,2000,0.05329562922566486,0.522031727618359,True,0.46873609839269414,0.46873609839269414,0.2717155896253978,0.32928441037460215,-0.21841996039973297,0.1927473172437569,0.05756882074920433,0.10166727764348993,0.30949999999999994
rep0559,0.42,0.42110416982339,alg1,0.15,0.005,0.005,0.13999999999999999,abs_005_005,1000,2000,0.26019719342777037,0.6901826060245447,True,0.42998541259677436,0.42998541259677436,0.45512000381903034,0.5178799961809697,-0.19492281039125997,0.17230260984357504,0.06275999236193935,0.10172542023483505,0.26549999999999996
rep0560,0.29,0.2869455415315838,alg1,0.15,0.005,0.005,0.13999999999999999,abs_005_005,1000,2000,-0.03662619469814979,0.4699829275155024,True,0.5066091222136522,0.4699829275155024,0.2160727305185802,0.26992726948141976,-0.25269892521673,0.20005565803408268,0.053854538962839565,0.0922545832508127,0.36049999999999993
rep0561,0.75,0.7548790789403604,alg1,0.15,0.005,0.005,0.13999999999999999,abs_005_005,1000,2000,0.4989113726866773,0.9189679540969173,True,0.42005658141024005,0.42005658141024005,0.7026432315022798,0.7583567684977203,-0.20373185881560252,0.16061118559919707,0.05571353699544046,0.09734304441479968,0.2669999999999999
rep0562,0.26,0.25715189795729787,alg1,0.15,0.005,0.005,0.13999999999999999,abs_005_005,1000,2000,0.04075251960414353,0.5095998752085795,True,0.468847355604436,0.468847355604436,0.2795022089229074,0.3374977910770926,-0.23874968931876386,0.17210208413148698,0.05799558215418521,0.09685177345025081,0.314
rep0563,0.69,0.694134812909248,alg1,0.15,0.005,0.005,0.13999999999999999,abs_005_005,1000,2000,0.2515380330606305,0.7979468666281252,True,0.5464088335674947,0.5464088335674947,0.5885105877497496,0.6494894122502504,-0.33697255468911913,0.1484574543778748,0.06097882450050074,0.10243000906699395,0.383
rep0564,0.75,0.7462469932611169,alg1,0.15,0.005,0.005,0.13999999999999999,abs_005_005,1000,2000,0.44369000407530906,0.9839808159335424,True,0.5402908118582332,0.5402908118582332,0.7503452403214073,0.8026547596785927,-0.3066552362460982,0.18132605625494963,0.05230951935718542,0.0809812925010478,0.40700000000000003
rep0565,0.53,0.525622655628258,alg1,0.15,0.005,0.005,0.13999999999999999,abs_005_005,1000,2000,0.3174714222237017,0.8138292698248413,True,0.49635784760113955,0.49635784760113955,0.5793776538663249,0.6406223461336751,-0.26190623164262317,0.17320692369116614,0.06124469226735019,0.1006131553337894,0.3344999999999999
rep0566,0.23,0.22973697006701982,alg1,0.15,0.005,0.005,0.13999999999999999,abs_005_005,1000,2000,-0.055097173514809084,0.3897139283762594,True,0.4448111018910685,0.3897139283762594,0.20597887693294353,0.2590211230670565,-0.2610760504477526,0.13069280530920288,0.05304224613411296,0.08626885575695553,0.3055
rep0567,0.47,0.46653122626074534,alg1,0.15,0.005,0.005,0.13999999999999999,abs_005_005,1000,2000,0.17450532386490242,0.6636188292763404,True,0.489113505411438,0.489113505411438,0.4292066698589959,0.4917933301410041,-0.2547013459940935,0.17182549913533632,0.06258666028200821,0.08152684512942987,0.345
rep0568,0.65,0.6476528899256542,alg1,0.15,0.005,0.005,0.13999999999999999,abs_005_005,1000,2000,0.3695364496367002,0.8644344251020395,True,0.4948979754653393,0.4948979754653393,0.6440590626588248,0.7029409373411751,-0.27452261302212466,0.16149348776086442,0.05888187468235029,0.0880161007829891,0.348
rep0569,0.62,0.6210820569798082,alg1,0.15,0.005,0.005,0.13999999999999999,abs_005_005,1000,2000,0.3707508181685642,0.8872035165469734,True,0.5164526983784092,0.5164526983784092,0.6717429903404378,0.7292570096595622,-0.30099217217187363,0.15794650688741113,0.057514019319124365,0.10643867905928472,0.35250000000000004
rep0570,0.91,0.908173164325695,alg1,0.15,0.005,0.005,0.13999999999999999,abs_005_005,1000,2000,0.7787681437939025,1.1330152562042837,True,0.3542471124103812,0.22123185620609753,1.0,1.0,-0.22123185620609756,0.13301525620428373,0.0,0.10274711241038137,0.25149999999999995
rep0571,0.76,0.7582617190446,alg1,0.15,0.005,0.005,0.13999999999999999,abs_005_005,1000,2000,0.43741476343302776,0.9216570486802104,True,0.4842422852471826,0.4842422852471826,0.7114270195438397,0.7665729804561603,-0.2740122561108119,0.1550840682240501,0.0551459609123206,0.09959632433486193,0.32950000000000007
rep0572,0.57,0.57152858566112,alg1,0.15,0.005,0.005,0.13999999999999999,abs_005_005,1000,2000,0.14224849213305274,0.7079601560077715,True,0.5657116638747188,0.5657116638747188,0.4396614044357072,0.5023385955642927,-0.2974129123026545,0.2056215604434788,0.0626771911285855,0.09603447274613336,0.407
rep0573,0.75,0.7499681206873676,alg1,0.15,0.005,0.005,0.13999999999999999,abs_005_005,1000,2000,0.4101552983278063,0.8355500800596518,True,0.42539478173184553,0.42539478173184553,0.6317911732668019,0.6912088267331981,-0.22163587493899561,0.14434125332645376,0.05941765346639616,0.1039771282654493,0.26200000000000007
rep0574,0.65,0.64924090326269,alg1,0.15,0.005,0.005,0.13999999999999999,abs_005_005,1000,2000,0.3444156325698893,0.8379931482366874,True,0.4935775156667981,0.4935775156667981,0.5768426782523224,0.6381573217476777,-0.2324270456824331,0.19983582648900963,0.061314643495355314,0.09476287217144275,0.3375
rep0575,0.28,0.2828330061268331,alg1,0.15,0.005,0.005,0.13999999999999999,abs_005_005,1000,2000,0.10046942445106771,0.5744134621668546,True,0.4739440377157869,0.4739440377157869,0.37418038319688673,0.4358196168031133,-0.273710958745819,0.13859384536374134,0.061639233606226584,0.09130480410956043,0.32099999999999995
rep0576,0.71,0.7100476042846439,alg1,0.15,0.005,0.005,0.13999999999999999,abs_005_005,1000,2000,0.6020125076937749,1.0641921125459708,True,0.4621796048521959,0.3979874923062251,0.8472827532104118,0.8897172467895883,-0.2452702455166369,0.17447486575638244,0.0424344935791765,0.10374511127301933,0.316
rep0577,0.18,0.18453341897546627,alg1,0.15,0.005,0.005,0.13999999999999999,abs_005_005,1000,2000,0.0929742247232716,0.5882431099900831,True,0.4952688852668115,0.4952688852668115,0.34706527401502557,0.40793472598497443,-0.25409104929175397,0.18030838400510868,0.06086945196994886,0.09889943329686263,0.3355
rep0578,0.41,0.40843208300883915,alg1,0.15,0.005,0.005,0.13999999999999999,abs_005_005,1000,2000,0.07413696016430793,0.5391626941721981,True,0.46502573400789016,0.46502573400789016,0.3117275562240648,0.37127244377593527,-0.23759059605975685,0.16789025039626276,0.059544887551870485,0.10648084645601974,0.2989999999999999
rep0579,0.38,0.381134139048079,alg1,0.15,0.005,0.005,0.13999999999999999,abs_005_005,1000,2000,-0.03127904893407782,0.531085927228566,True,0.5623649761626438,0.531085927228566,0.23680856787515667,0.2921914321248434,-0.2680876168092345,0.23889449510372252,0.05538286424968672,0.09748211191295697,0.4095
rep0580,0.32,0.32374466693507603,alg1,0.15,0.005,0.005,0.13999999999999999,abs_005_005,1000,2000,-0.04560779186292219,0.5478598656543334,True,0.5934676575172556,0.5478598656543334,0.3185842537117882,0.37841574628821173,-0.3641920455747104,0.16944411936612166,0.059831492576423506,0.08963616494083199,0.4440000000000001
rep0581,0.30,0.2954218366557133,alg1,0.15,0.005,0.005,0.13999999999999999,abs_005_005,1000,2000,0.1076276144883978,0.6761368444187884,True,0.5685092299303907,0.5685092299303907,0.39297331259811824,0.45502668740188174,-0.28534569810972044,0.2211101570169067,0.062053374803763495,0.09145585512662724,0.4149999999999999
rep0582,0.55,0.55252721058902,alg1,0.15,0.005,0.005,0.13999999999999999,abs_005_005,1000,2000,0.07658663005844146,0.6454207853948829,True,0.5688341553364414,0.5688341553364414,0.3776386695341029,0.43936133046589704,-0.30105203947566145,0.20605945492898586,0.06172266093179413,0.08861149440464733,0.4185
rep0583,0.36,0.36461157786988,alg1,0.15,0.005,0.005,0.13999999999999999,abs_005_005,1000,2000,0.09153094062765132,0.5908051961600966,True,0.4992742555324453,0.4992742555324453,0.38604409216295477,0.4479559078370452,-0.29451315153530344,0.14284928832305138,0.06191181567409043,0.0998624398583548,0.3375
rep0584,0.36,0.3578882772937474,alg1,0.15,0.005,0.005,0.13999999999999999,abs_005_005,1000,2000,0.14320638547526066,0.6951070411417706,True,0.5519006556665099,0.5519006556665099,0.4292066698589959,0.4917933301410041,-0.28600028438373526,0.2033137110007665,0.06258666028200821,0.1068139953845017,0.38250000000000006
rep0585,0.24,0.2445422485786722,alg1,0.15,0.005,0.005,0.13999999999999999,abs_005_005,1000,2000,0.06804240746766271,0.5867504880623508,True,0.518708080594688,0.518708080594688,0.3391966245287671,0.3998033754712329,-0.2711542170611044,0.18694711259111785,0.060606750942465815,0.10660132965222219,0.35150000000000003
rep0586,0.59,0.5939722175187477,alg1,0.15,0.005,0.005,0.13999999999999999,abs_005_005,1000,2000,0.4456534390289021,0.9372272707722941,True,0.491573831743392,0.491573831743392,0.7166001812129407,0.7713998187870593,-0.2709467421840386,0.16582745198523471,0.054799637574118654,0.1062741941692733,0.3305
rep0587,0.51,0.5119910843087874,alg1,0.15,0.005,0.005,0.13999999999999999,abs_005_005,1000,2000,0.3849039707258237,0.8189951873996004,True,0.4340912166737767,0.4340912166737767,0.5961298399344417,0.6568701600655582,-0.21122586920861794,0.16212502733404227,0.06074032013111652,0.0908508965426601,0.2825000000000001
rep0588,0.14,0.14082339519018963,alg1,0.15,0.005,0.005,0.13999999999999999,abs_005_005,1000,2000,0.10188819136817834,0.6109131824852219,True,0.5090249911170435,0.5090249911170435,0.38208741549587055,0.4439125845041294,-0.2801992241276922,0.16700059798109246,0.06182516900825885,0.09969982210878464,0.34750000000000003
rep0589,0.29,0.2857319512975673,alg1,0.15,0.005,0.005,0.13999999999999999,abs_005_005,1000,2000,0.13825824153854327,0.7007020864496101,True,0.5624438449110668,0.5624438449110668,0.4316946273053349,0.4943053726946651,-0.29343638576679165,0.206396713754945,0.0626107453893302,0.09483309952173674,0.4049999999999999
rep0590,0.29,0.2855115380831413,alg1,0.15,0.005,0.005,0.13999999999999999,abs_005_005,1000,2000,-0.13231721695490162,0.35521246437498233,True,0.48752968132988395,0.35521246437498233,0.08851342357700832,0.12748657642299166,-0.22083064053190993,0.22772588795199064,0.038973152845983336,0.09855652848390062,0.35
rep0591,0.68,0.6805692535643133,alg1,0.15,0.005,0.005,0.13999999999999999,abs_005_005,1000,2000,0.2956598598127015,0.8057952814899697,True,0.5101354216772682,0.5101354216772682,0.5814062429193244,0.6425937570806756,-0.2857463831066229,0.1632015244092941,0.06118751416135115,0.09744790751591714,0.3514999999999999
rep0592,0.90,0.8957370925949865,alg1,0.15,0.005,0.005,0.13999999999999999,abs_005_005,1000,2000,0.701299291038624,1.2409872125673418,True,0.5396879215287178,0.298700708961376,1.0,1.0,-0.29870070896137596,0.24098721256734174,0.0,0.10418792152871775,0.43549999999999994
rep0593,0.41,0.41146676632931023,alg1,0.15,0.005,0.005,0.13999999999999999,abs_005_005,1000,2000,0.17392782124322526,0.646972344794373,True,0.4730445235511478,0.4730445235511478,0.47010870081468936,0.5328912991853105,-0.2961808795714641,0.11408104560906249,0.06278259837062117,0.10176192518052657,0.30850000000000005
rep0594,0.24,0.23616052570756335,alg1,0.15,0.005,0.005,0.13999999999999999,abs_005_005,1000,2000,0.024583074829776425,0.4404068895861001,True,0.4158238147563237,0.4158238147563237,0.23874188914083103,0.294258110859169,-0.2141588143110546,0.14614877872693108,0.05551622171833795,0.1038075930379857,0.25649999999999995
rep0595,0.91,0.9071305911747453,alg1,0.15,0.005,0.005,0.13999999999999999,abs_005_005,1000,2000,0.6676266189499047,1.112718275478599,True,0.4450916565286942,0.3323733810500953,0.8833337298575726,0.9206662701424274,-0.21570711090766792,0.19205200533617156,0.037332540284854776,0.10575911624383943,0.30200000000000005
rep0596,0.16,0.1568685661239671,alg1,0.15,0.005,0.005,0.13999999999999999,abs_005_005,1000,2000,-0.18737352890721515,0.3007228714966447,True,0.4880964004038598,0.3007228714966447,0.12476821042933361,0.16923178957066637,-0.31214173933654876,0.13149108192597833,0.044463579141332754,0.09613282126252709,0.34750000000000003
rep0597,0.27,0.27393466907869957,alg1,0.15,0.005,0.005,0.13999999999999999,abs_005_005,1000,2000,0.014249163669874887,0.5129799978379409,True,0.498730834168066,0.498730834168066,0.281450465490264,0.339549534509736,-0.2672013018203891,0.17343046332820491,0.05809906901947204,0.08863176514859405,0.352
rep0598,0.54,0.5420283130202336,alg1,0.15,0.005,0.005,0.13999999999999999,abs_005_005,1000,2000,0.3493535181327579,0.7614051274016325,True,0.4120516092688746,0.4120516092688746,0.5748153045193952,0.6361846954806049,-0.22546178638663733,0.12522043192102755,0.061369390961209636,0.09618221830766499,0.2544999999999999
rep0599,0.50,0.5021331271343222,alg1,0.15,0.005,0.005,0.13999999999999999,abs_005_005,1000,2000,0.15211564596925686,0.6238417143568843,True,0.47172606838762743,0.47172606838762743,0.42224460664375535,0.4847553933562447,-0.2701289606744985,0.1390863210006396,0.06251078671248933,0.09121528167513804,0.31800000000000006
rep0600,0.13,0.12998473245606057,alg1,0.15,0.005,0.005,0.13999999999999999,abs_005_005,1000,2000,-0.16248627672241192,0.4399882266008376,True,0.6024745033232495,0.4399882266008376,0.210302064339937,0.26369793566006294,-0.3727883410623489,0.17629029094077467,0.05339587132012594,0.10357863200312356,0.4455
rep0601,0.13,0.12502403401150727,alg1,0.15,0.005,0.005,0.13999999999999999,abs_005_005,1000,2000,0.012414595790572691,0.5226992657243507,True,0.510284669933778,0.510284669933778,0.2702567519186526,0.32774324808134736,-0.2578421561280799,0.19495601764300327,0.057486496162694745,0.09829817377108319,0.35450000000000004
rep0602,0.64,0.640248836959821,alg1,0.15,0.005,0.005,0.13999999999999999,abs_005_005,1000,2000,0.4436962717010642,0.947645975289854,True,0.5039497035887898,0.5039497035887898,0.7093590568134375,0.7646409431865625,-0.2656627851123733,0.18300503210329144,0.05528188637312503,0.09916781721566476,0.3495
rep0603,0.60,0.5991544039577558,alg1,0.15,0.005,0.005,0.13999999999999999,abs_005_005,1000,2000,0.15665124169460493,0.6841924225645147,True,0.5275411808699098,0.5275411808699098,0.42522758611508227,0.48777241388491777,-0.26857634442047734,0.196420008679597,0.0625448277698355,0.09049635310007437,0.3745
rep0604,0.60,0.6047526563157402,alg1,0.15,0.005,0.005,0.13999999999999999,abs_005_005,1000,2000,0.31223697406985257,0.8744520903587119,True,0.5622151162888593,0.5622151162888593,0.5829280406970085,0.6440719593029915,-0.270691066627156,0.23038013105572033,0.061143918605983005,0.10357119768287643,0.3974999999999999
rep0605,0.45,0.4481679997574964,alg1,0.15,0.005,0.005,0.13999999999999999,abs_005_005,1000,2000,0.14731629627850934,0.7119904882683687,True,0.5646741919898595,0.5646741919898595,0.48011686368725487,0.5428831363127451,-0.33280056740874553,0.1691073519556236,0.06276627262549023,0.09440791936436915,0.40750000000000003
rep0606,0.08,0.0795086777572074,alg1,0.15,0.005,0.005,0.13999999999999999,abs_005_005,1000,2000,-0.2161788637366591,0.16145068432481968,True,0.37762954806147875,0.16145068432481968,0.0,0.0,-0.2161788637366591,0.16145068432481968,0.0,0.10112954806147872,0.2765
rep0607,0.81,0.8090746309451496,alg1,0.15,0.005,0.005,0.13999999999999999,abs_005_005,1000,2000,0.6237063686727735,1.1248731478649792,True,0.5011667791922056,0.3762936313272265,0.906812533472083,0.940187466527917,-0.2831061647993095,0.18468568133706223,0.033374933055833944,0.10079184613637171,0.367
rep0608,0.47,0.46755530354218017,alg1,0.15,0.005,0.005,0.13999999999999999,abs_005_005,1000,2000,0.24913845791555855,0.8233245356223925,True,0.5741860777068339,0.5741860777068339,0.5464879417487185,0.6085120582512815,-0.29734948383315996,0.21481247737111095,0.06202411650256301,0.10266196120427096,0.4095
rep0609,0.06,0.058461800263415145,alg1,0.15,0.005,0.005,0.13999999999999999,abs_005_005,1000,2000,0.014756424846332494,0.5328872825953876,True,0.5181308577490551,0.5181308577490551,0.2887620453970106,0.3472379546029894,-0.2740056205506781,0.1856493279923983,0.05847590920597878,0.10065494854307638,0.35900000000000004
rep0610,0.66,0.6623647730854072,alg1,0.15,0.005,0.005,0.13999999999999999,abs_005_005,1000,2000,0.39950945615302147,0.8881958962830034,True,0.48868644012998197,0.48868644012998197,0.6369001686821623,0.6960998313178377,-0.23739071252914082,0.1920960649651658,0.05919966263567544,0.10598677749430663,0.3235
rep0611,0.51,0.5087070800519636,alg1,0.15,0.005,0.005,0.13999999999999999,abs_005_005,1000,2000,0.3169109824997325,0.7579782144709093,True,0.4410672319711768,0.4410672319711768,0.5363959294034644,0.5986040705965356,-0.2194849469037319,0.15937414387437365,0.062208141193071276,0.08085909077810549,0.29800000000000004
rep0612,0.61,0.609833705874556,alg1,0.15,0.005,0.005,0.13999999999999999,abs_005_005,1000,2000,0.1492245301546259,0.6275742623550384,True,0.47834973220041255,0.47834973220041255,0.4207535461327661,0.4832464538672339,-0.2715290159781402,0.14432780848780452,0.062492907734467806,0.10235682446594474,0.3135
rep0613,0.37,0.36681183434391906,alg1,0.15,0.005,0.005,0.13999999999999999,abs_005_005,1000,2000,0.051703250075882445,0.5839014234084798,True,0.5321981733325973,0.5321981733325973,0.30096736059221935,0.3600326394077807,-0.2492641105163369,0.22386878400069912,0.05906527881556134,0.10263289451703594,0.37050000000000005
rep0614,0.78,0.7760406702648954,alg1,0.15,0.005,0.005,0.13999999999999999,abs_005_005,1000,2000,0.46325293539873724,1.0010943667074805,True,0.5378414313087433,0.5367470646012628,0.7701774178750391,0.8208225821249608,-0.3069244824763019,0.18027178458251972,0.050645164249921715,0.10469626705882162,0.38249999999999995
rep0615,0.32,0.32458550371632305,alg1,0.15,0.005,0.005,0.13999999999999999,abs_005_005,1000,2000,0.2013176216769642,0.7168394987140632,True,0.515521877037099,0.515521877037099,0.4946510295094988,0.5573489704905012,-0.2933334078325346,0.1594905282235619,0.06269794098100245,0.09582393605609651,0.357
rep0616,0.38,0.38081427159349795,alg1,0.15,0.005,0.005,0.13999999999999999,abs_005_005,1000,2000,0.23098014194289201,0.7889937270162611,True,0.5580135850733692,0.5580135850733692,0.5112221667064186,0.5737778332935813,-0.2802420247635266,0.21521589372267982,0.06255566658716272,0.10345791848620639,0.39200000000000007
rep0617,0.79,0.790250279351206,alg1,0.15,0.005,0.005,0.13999999999999999,abs_005_005,1000,2000,0.49937602734440695,0.9900949756730077,True,0.4907189483286008,0.4907189483286008,0.7764577550643392,0.8265422449356608,-0.2770817277199323,0.163552730737347,0.050084489871321525,0.1066344584572792,0.3340000000000001
rep0618,0.81,0.811969262567762,alg1,0.15,0.005,0.005,0.13999999999999999,abs_005_005,1000,2000,0.47232710023482627,1.0238265652095802,True,0.5514994649747539,0.5276728997651737,0.78904546344268,0.83795453655732,-0.31671836320785374,0.1858720286522602,0.04890907311463999,0.09759039186011392,0.4050000000000001
rep0619,0.26,0.26239769985805894,alg1,0.15,0.005,0.005,0.13999999999999999,abs_005_005,1000,2000,0.1663580560794059,0.6307759353437422,True,0.4644178792643363,0.4644178792643363,0.38109857471002995,0.44290142528997,-0.21474051863062404,0.1878745100537722,0.06180285057994006,0.10561502868439632,0.29699999999999993
rep0620,0.47,0.4718778798485914,alg1,0.15,0.005,0.005,0.13999999999999999,abs_005_005,1000,2000,0.16321222108015415,0.7280477321839453,True,0.564835511103791,0.564835511103791,0.4751112122416882,0.5378887877583117,-0.311898991161534,0.1901589444256335,0.06277757551662355,0.09755793558716752,0.40449999999999997
rep0621,0.44,0.43636423997616214,alg1,0.15,0.005,0.005,0.13999999999999999,abs_005_005,1000,2000,0.13258654118848962,0.6783720920125398,True,0.5457855508240501,0.5457855508240501,0.39891771804241316,0.4610822819575868,-0.26633117685392355,0.21728981005495301,0.062164563915173665,0.09762098690887666,0.3859999999999999
rep0622,0.20,0.20476096634931776,alg1,0.15,0.005,0.005,0.13999999999999999,abs_005_005,1000,2000,-0.07355369486624103,0.4237600531083744,True,0.4973137479746154,0.4237600531083744,0.1696495752999313,0.2193504247000687,-0.24320327016617233,0.20440962840830568,0.049700849400137415,0.10061289857447803,0.347
rep0623,0.31,0.30606562076902893,alg1,0.15,0.005,0.005,0.13999999999999999,abs_005_005,1000,2000,0.1313407179520117,0.6105735947334701,True,0.4792328767814584,0.4792328767814584,0.4103241586435021,0.47267584135649793,-0.2789834406914904,0.13789775337697216,0.06235168271299585,0.09138119406846257,0.3255
rep0624,0.35,0.34572132256660687,alg1,0.15,0.005,0.005,0.13999999999999999,abs_005_005,1000,2000,-0.006009074635258682,0.5114691930854943,True,0.517478267720753,0.5114691930854943,0.2780414344698104,0.3359585655301896,-0.28405050910506907,0.17551062755530472,0.05791713106037921,0.1070611366603737,0.3525000000000001
rep0625,0.39,0.39367772927381633,alg1,0.15,0.005,0.005,0.13999999999999999,abs_005_005,1000,2000,0.05928715081227531,0.5807153391492441,True,0.5214281883369688,0.5214281883369688,0.39346850125821037,0.4555314987417896,-0.33418135044593505,0.12518384040745445,0.06206299748357924,0.09586519085338957,0.36349999999999993
rep0626,0.41,0.41492438643787577,alg1,0.15,0.005,0.005,0.13999999999999999,abs_005_005,1000,2000,0.053397869593457326,0.5540979811985245,True,0.5007001116050671,0.5007001116050671,0.327410440547034,0.38758955945296597,-0.2740125709535767,0.1665084217455585,0.06017911890593197,0.09102099269913522,0.3494999999999999
rep0627,0.31,0.31257351511226816,alg1,0.15,0.005,0.005,0.13999999999999999,abs_005_005,1000,2000,0.1730572329476962,0.6879816490990587,True,0.5149244161513624,0.5149244161513624,0.42721687423686266,0.4897831257631374,-0.25415964128916646,0.19819852333592125,0.06256625152627471,0.09885816462508773,0.3535
rep0628,0.82,0.8190252259712505,alg1,0.15,0.005,0.005,0.13999999999999999,abs_005_005,1000,2000,0.614464653360846,1.0683363110515107,True,0.45387165769066473,0.385535346639154,0.8692778794073356,0.9087221205926644,-0.25481322604648965,0.1596141904588464,0.039444241185328854,0.09792741650533604,0.3165
rep0629,0.61,0.6114223063029015,alg1,0.15,0.005,0.005,0.13999999999999999,abs_005_005,1000,2000,0.3311405117829671,0.7944289692147026,True,0.4632884574317355,0.4632884574317355,0.549518079532449,0.611481920467551,-0.21837756774948192,0.18294704874715162,0.06196384093510199,0.09832461649663349,0.30300000000000005
rep0630,0.47,0.46574380274058796,alg1,0.15,0.005,0.005,0.13999999999999999,abs_005_005,1000,2000,0.32885386474067735,0.7365616540831487,True,0.4077077893424713,0.4077077893424713,0.5152446066437553,0.5777553933562447,-0.18639074190307792,0.15880626072690393,0.06251078671248944,0.1031970026299818,0.24200000000000008
rep0631,0.42,0.4168418952476526,alg1,0.15,0.005,0.005,0.13999999999999999,abs_005_005,1000,2000,0.17757460424389915,0.6725961348232322,True,0.49502153057933307,0.49502153057933307,0.43269003189187794,0.4953099681081221,-0.2551154276479788,0.17728616671511013,0.06261993621624418,0.10340159436308882,0.32900000000000007
rep0632,0.56,0.5642405624687724,alg1,0.15,0.005,0.005,0.13999999999999999,abs_005_005,1000,2000,0.5727317366877813,0.9959990173135299,False,0.4232672806257486,0.4232672806257486,0.8106397057204886,0.8573602942795113,-0.23790796903270728,0.13863872303401858,0.046720588559022724,0.10654669206672585,0.27
rep0633,0.32,0.32059734318177824,alg1,0.15,0.005,0.005,0.13999999999999999,abs_005_005,1000,2000,0.13096337242095457,0.6005545311124012,True,0.46959115869144663,0.46959115869144663,0.39297331259811824,0.45502668740188174,-0.26200994017716367,0.1455278437105194,0.062053374803763495,0.08903778388768302,0.31850000000000006
rep0634,0.45,0.4494167669884945,alg1,0.15,0.005,0.005,0.13999999999999999,abs_005_005,1000,2000,0.3145604974867838,0.7645176660104283,True,0.4499571685236445,0.4499571685236445,0.526820476467146,0.5891795235328541,-0.21225997898036225,0.17533814247757418,0.06235904706570805,0.09659812145793639,0.29100000000000004
rep0635,0.42,0.4171584895969967,alg1,0.15,0.005,0.005,0.13999999999999999,abs_005_005,1000,2000,0.07424996576843612,0.6125809603468588,True,0.5383309945784227,0.5383309945784227,0.3722049489222777,0.43379505107772237,-0.29795498315384156,0.17878590926913643,0.06159010215544469,0.10324089242297801,0.3735
rep0636,0.25,0.2531301096110303,alg1,0.15,0.005,0.005,0.13999999999999999,abs_005_005,1000,2000,-0.12181202934123028,0.4436056458352913,True,0.5654176751765215,0.4436056458352913,0.21703520946190338,0.2709647905380966,-0.33884723880313367,0.1726408552971947,0.053929581076193195,0.10348809410032839,0.408
rep0637,0.88,0.8792689425778458,alg1,0.15,0.005,0.005,0.13999999999999999,abs_005_005,1000,2000,0.7221064880124197,1.157335517051843,True,0.4352290290394232,0.2778935119875803,0.9139811352561144,0.9460188647438857,-0.19187464724369457,0.2113166523079571,0.032037729487771394,0.09269129955165162,0.31050000000000005
rep0638,0.80,0.7984768448122922,alg1,0.15,0.005,0.005,0.13999999999999999,abs_005_005,1000,2000,0.5430538891507535,0.9582557997397365,True,0.41520191058898304,0.41520191058898304,0.8074719949710677,0.8545280050289322,-0.26441810582031416,0.10372779471080432,0.04705601005786453,0.09614590053111849,0.272
rep0639,0.85,0.8486004041262027,alg1,0.15,0.005,0.005,0.13999999999999999,abs_005_005,1000,2000,0.6991457512275808,1.1432125904817956,True,0.44406683925421475,0.3008542487724192,0.9488455520689391,0.9731544479310609,-0.2496998008413582,0.17005814255073476,0.024308895862121815,0.10475794339209288,0.31500000000000006
rep0640,0.39,0.3851373885412998,alg1,0.15,0.005,0.005,0.13999999999999999,abs_005_005,1000,2000,0.057914756509158505,0.5074923933356708,True,0.44957763682651225,0.44957763682651225,0.3122170823985488,0.37178291760145127,-0.2543023258893903,0.1357094757342195,0.059565835202902484,0.09551180162360978,0.2945
rep0641,0.59,0.5914541300664489,alg1,0.15,0.005,0.005,0.13999999999999999,abs_005_005,1000,2000,0.23589661816756508,0.7342989770298359,True,0.49840235886227086,0.49840235886227086,0.5288353975019042,0.5911646024980959,-0.29293877933433915,0.14313437453174005,0.062329204996191656,0.09757315386607918,0.3385
rep0642,0.64,0.635516605025901,alg1,0.15,0.005,0.005,0.13999999999999999,abs_005_005,1000,2000,0.6066106933757558,1.1181398694018954,True,0.5115291760261396,0.3933893066242442,0.8671233920459601,0.9068766079540399,-0.26051269867020427,0.21126326144785543,0.039753215908079786,0.09177596011805966,0.38
rep0643,0.60,0.5989367021783024,alg1,0.15,0.005,0.005,0.13999999999999999,abs_005_005,1000,2000,0.3922834546537236,0.9585715834253619,True,0.5662881287716383,0.5662881287716383,0.7000622528923508,0.7559377471076492,-0.3077787982386272,0.20263383631771273,0.05587549421529836,0.08991263455633985,0.42050000000000004
rep0644,0.54,0.5417266321103141,alg1,0.15,0.005,0.005,0.13999999999999999,abs_005_005,1000,2000,0.45030223183758156,0.853208745164403,True,0.4029065133268215,0.4029065133268215,0.6461058255463109,0.7048941744536891,-0.19580359370872935,0.14831457071071397,0.05878834890737816,0.0681181644194434,0.2759999999999999
rep0645,0.83,0.830101746507834,alg1,0.15,0.005,0.005,0.13999999999999999,abs_005_005,1000,2000,0.6912623520618868,1.2105557558284186,True,0.5192934037665318,0.3087376479381132,0.943693561867285,0.969306438132715,-0.2524312098053982,0.24124931769570354,0.025612876265429962,0.10118052750110174,0.39249999999999996
rep0646,0.72,0.7190690865093518,alg1,0.15,0.005,0.005,0.13999999999999999,abs_005_005,1000,2000,0.42459320313848314,0.8741245458933817,True,0.4495313427548986,0.4495313427548986,0.6517375868581403,0.7102624131418598,-0.2271443837196572,0.16386213275152198,0.05852482628371947,0.0995065164711792,0.2915
rep0647,0.28,0.28187237136063,alg1,0.15,0.005,0.005,0.13999999999999999,abs_005_005,1000,2000,-0.1693385005459753,0.40832416316246845,True,0.5776626637084438,0.40832416316246845,0.15351120836911866,0.20148879163088132,-0.32284970891509396,0.2068353715315871,0.04797758326176266,0.10268508044668095,0.4270000000000001
rep0648,0.07,0.07423100775724908,alg1,0.15,0.005,0.005,0.13999999999999999,abs_005_005,1000,2000,-0.16686247635468587,0.37278341410264376,True,0.5396458904573296,0.37278341410264376,0.11074857443083151,0.1532514255691685,-0.2776110507855174,0.21953198853347528,0.042502851138336975,0.09664303931899271,0.40049999999999997
rep0649,0.63,0.628180716912371,alg1,0.15,0.005,0.005,0.13999999999999999,abs_005_005,1000,2000,0.28761465551524706,0.8416317918220807,True,0.5540171363068336,0.5540171363068336,0.5819134749016186,0.6430865250983815,-0.29429881938637154,0.19854526672369918,0.06117305019676289,0.10384408611007068,0.389
rep0650,0.63,0.634384654469708,alg1,0.15,0.005,0.005,0.13999999999999999,abs_005_005,1000,2000,0.4728057243861672,0.9370408071090963,True,0.4642350827229291,0.4642350827229291,0.7316293853842275,0.7853706146157724,-0.2588236609980603,0.15167019249332386,0.053741229231544896,0.09499385349138417,0.3155
rep0651,0.45,0.45319449808014894,alg1,0.15,0.005,0.005,0.13999999999999999,abs_005_005,1000,2000,0.01575806875773661,0.5405882559088916,True,0.5248301871511549,0.5248301871511549,0.3357568925983201,0.3962431074016799,-0.3199988238405835,0.14434514850721172,0.060486214803359806,0.09234397234779523,0.372
rep0652,0.44,0.44043978579245635,alg1,0.15,0.005,0.005,0.13999999999999999,abs_005_005,1000,2000,0.14117600457013368,0.6189305001150875,True,0.47775449554495386,0.47775449554495386,0.35642074081944797,0.41757925918055205,-0.21524473624931428,0.2013512409345355,0.061158518361104086,0.10759597718384972,0.30900000000000005
rep0653,0.41,0.4149109690860978,alg1,0.15,0.005,0.005,0.13999999999999999,abs_005_005,1000,2000,0.3511804865488692,0.7986188661828455,True,0.4474383796339763,0.4474383796339763,0.5313547707303193,0.5936452292696807,-0.18017428418145015,0.2049736369131649,0.062290458539361326,0.08564792109461505,0.2995
rep0654,0.50,0.49949569016094303,alg1,0.15,0.005,0.005,0.13999999999999999,abs_005_005,1000,2000,0.31893818468720647,0.7960727741796298,True,0.4771345894924234,0.4771345894924234,0.5743085451693148,0.6356914548306851,-0.25537036048210837,0.16038131934894476,0.06138290966137028,0.0957516798310531,0.32
rep0655,0.29,0.2854596404029002,alg1,0.15,0.005,0.005,0.13999999999999999,abs_005_005,1000,2000,0.11535916769090931,0.6163787945680657,True,0.5010196268771563,0.5010196268771563,0.3865388242330144,0.4484611757669856,-0.2711796565421051,0.16791761880108003,0.06192235153397119,0.10509727534318508,0.334
rep0656,0.49,0.4882524133456352,alg1,0.15,0.005,0.005,0.13999999999999999,abs_005_005,1000,2000,0.34672004283482444,0.8807700184146204,True,0.534049975579796,0.534049975579796,0.6338343247628427,0.6931656752371572,-0.2871142819280183,0.18760434317746322,0.05933135047431448,0.09471862510548151,0.38
rep0657,0.29,0.2879795746117501,alg1,0.15,0.005,0.005,0.13999999999999999,abs_005_005,1000,2000,-0.04709424702586265,0.49225688003425094,True,0.5393511270601136,0.49225688003425094,0.23632535167927401,0.29167464832072604,-0.28341959870513667,0.2005822317135249,0.05534929664145202,0.08300183041866155,0.401
rep0658,0.16,0.15814258074432144,alg1,0.15,0.005,0.005,0.13999999999999999,abs_005_005,1000,2000,-0.08242307721078637,0.4376927697492532,True,0.5201158469600395,0.4376927697492532,0.22136880460419175,0.2756311953958082,-0.3037918818149781,0.162061574353445,0.05426239079161646,0.092353456168423,0.3735000000000001
rep0659,0.33,0.3308168158198044,alg1,0.15,0.005,0.005,0.13999999999999999,abs_005_005,1000,2000,0.03889825129243024,0.5705236451726297,True,0.5316253938801994,0.5316253938801994,0.2902254157437464,0.34877458425625363,-0.25132716445131614,0.22174906091637606,0.058549168512507244,0.09807622536769223,0.375
rep0660,0.84,0.8414857095486005,alg1,0.15,0.005,0.005,0.13999999999999999,abs_005_005,1000,2000,0.7379499071341392,1.162836124625225,True,0.4248862174910858,0.2620500928658608,0.9850707560094395,0.9969292439905605,-0.24712084887530028,0.16590688063466444,0.011858487981120991,0.09702772950996463,0.31600000000000006
rep0661,0.49,0.4858396125606992,alg1,0.15,0.005,0.005,0.13999999999999999,abs_005_005,1000,2000,0.26001759117636497,0.8133091520595649,True,0.5532915608831999,0.5532915608831999,0.5803918806652364,0.6416081193347636,-0.3203742894888714,0.17170103272480133,0.06121623866952719,0.08607532221367281,0.40599999999999997
rep0662,0.28,0.2766584649431424,alg1,0.15,0.005,0.005,0.13999999999999999,abs_005_005,1000,2000,-0.024433770431997903,0.4422486158999399,True,0.4666823863319378,0.4422486158999399,0.23487597831128437,0.29012402168871565,-0.2593097487432823,0.15212459421122426,0.05524804337743128,0.10243434295450654,0.309
rep0663,0.18,0.1819360935009027,alg1,0.15,0.005,0.005,0.13999999999999999,abs_005_005,1000,2000,0.17505947513711023,0.6498602837342751,True,0.47480080859716484,0.47480080859716484,0.4118132082108285,0.4741867917891715,-0.23675373307371828,0.1756734919451036,0.062373583578342995,0.0969272250188219,0.3155
rep0664,0.38,0.38299670627741383,alg1,0.15,0.005,0.005,0.13999999999999999,abs_005_005,1000,2000,0.10669709397698962,0.638110364791397,True,0.5314132708144075,0.5314132708144075,0.39445897605294405,0.4565410239470559,-0.28776188207595443,0.18156934084434107,0.06208204789411187,0.09383122292029544,0.37550000000000006
rep0665,0.67,0.6699674075673208,alg1,0.15,0.005,0.005,0.13999999999999999,abs_005_005,1000,2000,0.39352874868520044,0.8775297639938711,True,0.4840010153086706,0.4840010153086706,0.6323019054906867,0.6916980945093134,-0.23877315680548622,0.1858316694845577,0.059396189018626755,0.09360482629004385,0.33100000000000007
rep0666,0.51,0.5083358063154882,alg1,0.15,0.005,0.005,0.13999999999999999,abs_005_005,1000,2000,0.23020657091332827,0.7124244058695419,True,0.4822178349562136,0.4822178349562136,0.47661257791445844,0.5393874220855416,-0.24640600700113016,0.1730369837840004,0.06277484417108314,0.09294299078513057,0.3265
rep0667,0.60,0.6020300693324006,alg1,0.15,0.005,0.005,0.13999999999999999,abs_005_005,1000,2000,0.3136399254902412,0.8719089722298476,True,0.5582690467396064,0.5582690467396064,0.5946053684837199,0.6553946315162801,-0.2809654429934787,0.21651434071356757,0.06078926303256016,0.10447978370704625,0.393
rep0668,0.86,0.8597838880732807,alg1,0.15,0.005,0.005,0.13999999999999999,abs_005_005,1000,2000,0.5912134226037731,1.0739139344806918,True,0.48270051187691876,0.4087865773962269,0.9035161282818651,0.9374838717181349,-0.31230270567809204,0.13643006276255698,0.03396774343626974,0.08873276844064898,0.36000000000000004
rep0669,0.36,0.35731394286942286,alg1,0.15,0.005,0.005,0.13999999999999999,abs_005_005,1000,2000,0.3358422100941653,0.9182086892997371,True,0.5823664792055718,0.5823664792055718,0.5874952718430843,0.6485047281569157,-0.25165306174891894,0.26970396114282136,0.06100945631383148,0.09235702289174041,0.42899999999999994
rep0670,0.20,0.1962266302355978,alg1,0.15,0.005,0.005,0.13999999999999999,abs_005_005,1000,2000,0.029119311298001826,0.42867716663092315,True,0.3995578553329213,0.3995578553329213,0.26685423126281854,0.32414576873718143,-0.23773491996481672,0.1045313978937417,0.057291537474362886,0.10426631785855844,0.238
rep0671,0.50,0.49682018352700374,alg1,0.15,0.005,0.005,0.13999999999999999,abs_005_005,1000,2000,0.4211141815387307,0.9363075244406032,True,0.5151933429018725,0.5151933429018725,0.6466176117415047,0.7053823882584954,-0.225503430202774,0.2309251361821078,0.05876477651699075,0.09692856638488179,0.35950000000000004
rep0672,0.69,0.6892868730555781,alg1,0.15,0.005,0.005,0.13999999999999999,abs_005_005,1000,2000,0.48489906477070066,1.000858088484137,True,0.5159590237134363,0.5151009352292993,0.8355534763861006,0.8794465236138995,-0.3506544116153999,0.12141156487023741,0.043893047227798965,0.10456597648563737,0.36749999999999994
rep0673,0.53,0.5254793729407189,alg1,0.15,0.005,0.005,0.13999999999999999,abs_005_005,1000,2000,0.20988688801477634,0.6590882056186989,True,0.4492013176039225,0.4492013176039225,0.46161163606480987,0.5243883639351901,-0.25172474805003353,0.13469984168350882,0.06277672787038019,0.1014245897335424,0.2849999999999999
rep0674,0.67,0.6695377226521729,alg1,0.15,0.005,0.005,0.13999999999999999,abs_005_005,1000,2000,0.423115032154893,0.9296707768111194,True,0.5065557446562264,0.5065557446562264,0.7160826540939189,0.7709173459060812,-0.2929676219390259,0.1587534309050383,0.05483469181216227,0.10172105284406419,0.35000000000000003
rep0675,0.46,0.4632691092459867,alg1,0.15,0.005,0.005,0.13999999999999999,abs_005_005,1000,2000,0.26915664676528045,0.7999095365408304,True,0.53075288977555,0.53075288977555,0.5753220974803386,0.6366779025196614,-0.30616545071505813,0.16323163402116908,0.06135580503932281,0.0793970847362272,0.39
rep0676,0.57,0.5697577821462855,alg1,0.15,0.005,0.005,0.13999999999999999,abs_005_005,1000,2000,0.34010299326607724,0.8839067674561502,True,0.543803774190073,0.543803774190073,0.616486253244898,0.6765137467551019,-0.2763832599788208,0.20739302070104826,0.060027493510203866,0.09177628067986898,0.39200000000000007
rep0677,0.65,0.6464032465274445,alg1,0.15,0.005,0.005,0.13999999999999999,abs_005_005,1000,2000,0.4405123340190174,0.8420570978598734,True,0.40154476384085597,0.40154476384085597,0.6491771178617746,0.7078228821382254,-0.20866478384275716,0.134234215721648,0.05864576427645085,0.09889899956440507,0.2440000000000001
rep0678,0.38,0.381704180917303,alg1,0.15,0.005,0.005,0.13999999999999999,abs_005_005,1000,2000,-0.03751658905617411,0.5022765749723423,True,0.5397931640285165,0.5022765749723423,0.2907132833348797,0.3492867166651203,-0.32822987239105383,0.152989858307222,0.058573433330240565,0.09421973069827594,0.3869999999999999
rep0679,0.61,0.6139353443163895,alg1,0.15,0.005,0.005,0.13999999999999999,abs_005_005,1000,2000,0.38389819796525426,0.8931328429577587,True,0.5092346449925045,0.5092346449925045,0.6702019503720724,0.7277980496279275,-0.28630375240681816,0.16533479332983123,0.05759609925585507,0.10163854573664949,0.3499999999999999
rep0680,0.60,0.599416591637384,alg1,0.15,0.005,0.005,0.13999999999999999,abs_005_005,1000,2000,0.3896349968074753,0.8326795202749917,True,0.4430445234675164,0.4430445234675164,0.6068099196551068,0.6671900803448932,-0.21717492284763146,0.16548943993009846,0.060380160689786466,0.09966436277772989,0.28300000000000003
rep0681,0.61,0.6120391767699129,alg1,0.15,0.005,0.005,0.13999999999999999,abs_005_005,1000,2000,0.40591317091566637,0.8234820341059,True,0.4175688631902337,0.4175688631902337,0.6271962449807604,0.6868037550192396,-0.22128307406509407,0.13667827908666044,0.059607510038479194,0.09596135315175441,0.26200000000000007
rep0682,0.21,0.20524372314526954,alg1,0.15,0.005,0.005,0.13999999999999999,abs_005_005,1000,2000,-0.014694695436041572,0.5284564105759043,True,0.5431511060119458,0.5284564105759043,0.2848614375527869,0.3431385624472131,-0.2995561329888285,0.1853178481286912,0.05827712489442616,0.10137398111751972,0.38349999999999995
rep0683,0.50,0.49551393879539885,alg1,0.15,0.005,0.005,0.13999999999999999,abs_005_005,1000,2000,0.29811999355972446,0.8111888039156416,True,0.5130688103559171,0.5130688103559171,0.5758289240744774,0.6371710759255227,-0.2777089305147529,0.17401772799011894,0.0613421518510453,0.1052266585048719,0.3465
rep0684,0.15,0.14799688249000248,alg1,0.15,0.005,0.005,0.13999999999999999,abs_005_005,1000,2000,-0.09023357358313383,0.32796613512057166,True,0.4181997087037055,0.32796613512057166,0.14641669069406027,0.19358330930593975,-0.2366502642771941,0.1343828258146319,0.047166618611879485,0.10403309009182599,0.267
rep0685,0.25,0.25374061711051393,alg1,0.15,0.005,0.005,0.13999999999999999,abs_005_005,1000,2000,-0.008348348384424886,0.417400050994975,True,0.4257483993793999,0.417400050994975,0.2016599064064562,0.2543400935935438,-0.2100082547908811,0.1630599574014312,0.05268018718708761,0.10756821219231227,0.2655
rep0686,0.58,0.5762415075030807,alg1,0.15,0.005,0.005,0.13999999999999999,abs_005_005,1000,2000,0.3679793234520119,0.8662354353584063,True,0.4982561119063944,0.4982561119063944,0.6113918444923729,0.671608155507627,-0.243412521040361,0.19462727985077927,0.06021631101525404,0.10303980089114029,0.33499999999999996
rep0687,0.47,0.4738166731340248,alg1,0.15,0.005,0.005,0.13999999999999999,abs_005_005,1000,2000,0.32260567962910336,0.7501963829657932,True,0.4275907033366898,0.4275907033366898,0.5636743247433105,0.6253256752566896,-0.24106864511420711,0.12487070770910358,0.06165135051337911,0.09493935282331067,0.271
rep0688,0.51,0.5114671157047247,alg1,0.15,0.005,0.005,0.13999999999999999,abs_005_005,1000,2000,0.2129912938457417,0.6300826982939283,True,0.4170914044481866,0.4170914044481866,0.4536226888809052,0.5163773111190948,-0.24063139503516348,0.11370538717483353,0.06275462223818962,0.09233678220999697,0.262
rep0689,0.04,0.035133814196115686,alg1,0.15,0.005,0.005,0.13999999999999999,abs_005_005,1000,2000,0.09705852499658812,0.5110473553230251,False,0.413988830326437,0.413988830326437,0.3249575550547195,0.38504244494528045,-0.2278990300581314,0.12600491037774467,0.06008488989056093,0.10040394043587597,0.25350000000000006
rep0690,0.32,0.321154014109585,alg1,0.15,0.005,0.005,0.13999999999999999,abs_005_005,1000,2000,0.04506657288272323,0.5428894219010392,True,0.49782284901831597,0.49782284901831597,0.2887620453970106,0.3472379546029894,-0.2436954725142874,0.1956514672980498,0.05847590920597878,0.10084693981233722,0.33849999999999997
rep0691,0.14,0.13555251647644306,alg1,0.15,0.005,0.005,0.13999999999999999,abs_005_005,1000,2000,-0.054955944349096036,0.5118324078336617,True,0.5667883521827577,0.5118324078336617,0.2281177555385134,0.28288224446148663,-0.28307369988760944,0.22895016337217503,0.054764488922973226,0.09752386325978446,0.4145
rep0692,0.49,0.4900656986391382,alg1,0.15,0.005,0.005,0.13999999999999999,abs_005_005,1000,2000,0.26826379450771015,0.7974243491913879,True,0.5291605546836777,0.5291605546836777,0.5102168742368626,0.5727831257631374,-0.24195307972915242,0.22464122342825057,0.06256625152627482,0.10159430315740303,0.365
rep0693,0.38,0.3793630417094126,alg1,0.15,0.005,0.005,0.13999999999999999,abs_005_005,1000,2000,0.19937552681529158,0.6460966962333908,True,0.44672116941809925,0.44672116941809925,0.42373595338372866,0.4862640466162714,-0.22436042656843708,0.15983264961711946,0.06252809323254271,0.08819307618555661,0.29599999999999993
rep0694,0.56,0.5589248503985509,alg1,0.15,0.005,0.005,0.13999999999999999,abs_005_005,1000,2000,0.30307655915774684,0.7708228291499153,True,0.46774626999216845,0.46774626999216845,0.5859725544889236,0.6470274455110765,-0.28289599533117676,0.12379538363883878,0.06105489102215289,0.10219137897001557,0.3045
rep0695,0.34,0.3392601427470871,alg1,0.15,0.005,0.005,0.13999999999999999,abs_005_005,1000,2000,-0.021132150976869768,0.46586407685341835,True,0.4869962278302881,0.46586407685341835,0.2508414054764772,0.30715859452352284,-0.271973556453347,0.1587054823298955,0.056317189047045635,0.10667903878324253,0.32399999999999995
rep0696,0.37,0.37497989849424296,alg1,0.15,0.005,0.005,0.13999999999999999,abs_005_005,1000,2000,-0.04482514170392121,0.4976092473411895,True,0.5424343890451107,0.4976092473411895,0.2532646077134703,0.30973539228652963,-0.2980897494173915,0.18787385505465987,0.05647078457305932,0.09346360447205143,0.39249999999999996
rep0697,0.51,0.5138505617404521,alg1,0.15,0.005,0.005,0.13999999999999999,abs_005_005,1000,2000,0.28226971533289524,0.7665967694455819,True,0.4843270541126866,0.4843270541126866,0.5157475546582376,0.5782524453417625,-0.23347783932534238,0.1883443241038194,0.06250489068352483,0.10382216342916178,0.318
rep0698,0.49,0.48808821982515055,alg1,0.15,0.005,0.005,0.13999999999999999,abs_005_005,1000,2000,0.13120625087889115,0.6555785121250834,True,0.5243722612461923,0.5243722612461923,0.4023874399293123,0.4646125600706877,-0.27118118905042116,0.19096595205439576,0.06222512014137538,0.09714714110481687,0.36500000000000005
rep0699,0.74,0.737624141085637,alg1,0.15,0.005,0.005,0.13999999999999999,abs_005_005,1000,2000,0.4799773482586134,0.9598119929268558,True,0.47983464466824244,0.47983464466824244,0.7550349708507226,0.8069650291492775,-0.2750576225921092,0.1528469637775784,0.051930058298554904,0.09290458636968763,0.33499999999999996
rep0700,0.09,0.08784335363432007,alg1,0.15,0.005,0.005,0.13999999999999999,abs_005_005,1000,2000,-0.18976006738276488,0.2329371195538559,True,0.4226971869366208,0.2329371195538559,0.06930558311262161,0.10469441688737838,-0.2590656504953865,0.12824270266647753,0.03538883377475677,0.09280835316186398,0.29450000000000004
rep0701,0.23,0.22824436689619965,alg1,0.15,0.005,0.005,0.13999999999999999,abs_005_005,1000,2000,-0.026090498520732835,0.4960529456219575,True,0.5221434441426903,0.4960529456219575,0.21270562642137494,0.26629437357862507,-0.23879612494210778,0.22975857204333244,0.05358874715725012,0.10355469698544023,0.365
rep0702,0.79,0.7916799561732202,alg1,0.15,0.005,0.005,0.13999999999999999,abs_005_005,1000,2000,0.6289391764428143,1.104898271748978,True,0.47595909530616365,0.3710608235571857,0.8730531356580481,0.9119468643419518,-0.24411395921523385,0.19295140740702607,0.03889372868390373,0.1055653666222599,0.3315
rep0703,0.72,0.7159597687993551,alg1,0.15,0.005,0.005,0.13999999999999999,abs_005_005,1000,2000,0.40956296878105336,0.9304593245368263,True,0.520896355755773,0.520896355755773,0.6912951969108841,0.7477048030891159,-0.2817322281298308,0.1827545214477104,0.056409606178231764,0.10598674957754128,0.35849999999999993
rep0704,0.24,0.2433457414922106,alg1,0.15,0.005,0.005,0.13999999999999999,abs_005_005,1000,2000,0.0283689189895151,0.4577911015814554,True,0.4294221825919403,0.4294221825919403,0.2310130158809105,0.2859869841190895,-0.2026440968913954,0.17180411746236587,0.054973968238179016,0.09944821435376133,0.27499999999999997
rep0705,0.73,0.7259717934097802,alg1,0.15,0.005,0.005,0.13999999999999999,abs_005_005,1000,2000,0.4169676617878368,1.0003510683459966,True,0.5833834065581598,0.5830323382121632,0.6655810198973708,0.7234189801026292,-0.24861335810953406,0.2769320882433675,0.05783796020525833,0.10554544635290158,0.42
rep0706,0.33,0.3288119907847241,alg1,0.15,0.005,0.005,0.13999999999999999,abs_005_005,1000,2000,0.08177045409190908,0.5473406931866561,True,0.46557023909474704,0.46557023909474704,0.35740624291932444,0.4185937570806756,-0.27563578882741535,0.1287469361059805,0.06118751416135115,0.09438272493339583,0.31000000000000005
rep0707,0.36,0.36157900634283197,alg1,0.15,0.005,0.005,0.13999999999999999,abs_005_005,1000,2000,-0.055253814044962546,0.5269506057596208,True,0.5822044198045834,0.5269506057596208,0.2887620453970106,0.3472379546029894,-0.34401585944197316,0.1797126511566314,0.05847590920597878,0.0942285105986046,0.4295
rep0708,0.58,0.5817658237164358,alg1,0.15,0.005,0.005,0.13999999999999999,abs_005_005,1000,2000,0.19231692085921348,0.6803614542999481,True,0.4880445334407346,0.4880445334407346,0.4316946273053349,0.4943053726946651,-0.23937770644612144,0.18605608160528303,0.0626107453893302,0.07643378805140438,0.3490000000000001
rep0709,0.86,0.8602526850021784,alg1,0.15,0.005,0.005,0.13999999999999999,abs_005_005,1000,2000,0.6000304731706273,1.0843327235922018,True,0.4843022504215745,0.3999695268293727,0.8953055831126217,0.9306944168873784,-0.29527510994199435,0.15363830670482329,0.03538883377475677,0.10391341664681752,0.3450000000000001
rep0710,0.71,0.714066617435744,alg1,0.15,0.005,0.005,0.13999999999999999,abs_005_005,1000,2000,0.4405079197684522,0.9215197854739021,True,0.4810118657054499,0.4810118657054499,0.712978477683686,0.768021522316314,-0.27247055791523384,0.15349826315758808,0.05504304463262799,0.10346882107282179,0.3225000000000001
rep0711,0.24,0.24175158542979483,alg1,0.15,0.005,0.005,0.13999999999999999,abs_005_005,1000,2000,0.05825681988693632,0.5951646032586759,True,0.5369077833717396,0.5369077833717396,0.38901297503000876,0.4509870249699912,-0.33075615514307244,0.14417757828868472,0.061974049939982456,0.10293373343175716,0.372
rep0712,0.46,0.4564952417546153,alg1,0.15,0.005,0.005,0.13999999999999999,abs_005_005,1000,2000,0.16264543748123383,0.6635016794967196,True,0.5008562420154857,0.5008562420154857,0.4346812206567642,0.4973187793432359,-0.27203578317553034,0.16618290015348366,0.0626375586864717,0.10471868332901402,0.3335
rep0713,0.31,0.31094655298240614,alg1,0.15,0.005,0.005,0.13999999999999999,abs_005_005,1000,2000,0.12725006951839307,0.687387952921899,True,0.560137883403506,0.560137883403506,0.4207535461327661,0.4832464538672339,-0.29350347661437304,0.2041414990546651,0.062492907734467806,0.09514497566903818,0.40249999999999997
rep0714,0.42,0.42224281977971795,alg1,0.15,0.005,0.005,0.13999999999999999,abs_005_005,1000,2000,0.014433111293350814,0.4769820316428793,True,0.46254892034952844,0.46254892034952844,0.26442509750113974,0.3215749024988602,-0.24999198620778892,0.15540712914401905,0.05714980499772049,0.0938991153518079,0.31150000000000005
rep0715,0.36,0.3621149722632049,alg1,0.15,0.005,0.005,0.13999999999999999,abs_005_005,1000,2000,0.10796743217333218,0.5724501246004636,True,0.46448269242713147,0.46448269242713147,0.34706527401502557,0.40793472598497443,-0.2390978418416934,0.16451539861548914,0.06086945196994886,0.10111324045718251,0.3025
rep0716,0.34,0.3413958520892463,alg1,0.15,0.005,0.005,0.13999999999999999,abs_005_005,1000,2000,0.08428592570929427,0.549549828387204,True,0.46526390267790974,0.46526390267790974,0.33280991965510676,0.3931900803448932,-0.24852399394581248,0.1563597480423108,0.060380160689786466,0.10488374198812322,0.30000000000000004
rep0717,0.44,0.4415860096902311,alg1,0.15,0.005,0.005,0.13999999999999999,abs_005_005,1000,2000,0.1184170053171961,0.5887922840831139,True,0.4703752787659178,0.4703752787659178,0.3682556777226446,0.42974432227735543,-0.24983867240544852,0.15904796180575842,0.061488644554710814,0.10038663421120697,0.3085
rep0718,0.56,0.5646466920560302,alg1,0.15,0.005,0.005,0.13999999999999999,abs_005_005,1000,2000,0.28419289039969753,0.7750612432837162,True,0.49086835288401864,0.49086835288401864,0.5379089056702813,0.6000910943297186,-0.25371601527058374,0.1749701489539975,0.062182188659437365,0.08818616422458125,0.3405
rep0719,0.71,0.7103995063697587,alg1,0.15,0.005,0.005,0.13999999999999999,abs_005_005,1000,2000,0.526535566398332,0.9354483699704794,True,0.40891280357214743,0.40891280357214743,0.7764577550643392,0.8265422449356608,-0.24992218866600727,0.10890612503481871,0.050084489871321525,0.09682831370082595,0.262
rep0720,0.69,0.6932176668159191,alg1,0.15,0.005,0.005,0.13999999999999999,abs_005_005,1000,2000,0.5379225357487448,0.9818430925104726,True,0.4439205567617278,0.4439205567617278,0.7943014748918075,0.8426985251081925,-0.25637893914306265,0.1391445674022801,0.048397050216385074,0.0925235065453428,0.30299999999999994
rep0721,0.86,0.8636766762196767,alg1,0.15,0.005,0.005,0.13999999999999999,abs_005_005,1000,2000,0.5605641750201835,1.0715176756675961,True,0.5109535006474126,0.4394358249798165,0.8628203084917185,0.9031796915082815,-0.30225613347153496,0.16833798415931478,0.040359383016562944,0.09459411763084974,0.376
rep0722,0.92,0.9209427021622629,alg1,0.15,0.005,0.005,0.13999999999999999,abs_005_005,1000,2000,0.7181738080699951,1.1482555596024797,True,0.4300817515324846,0.2818261919300049,1.0,1.0,-0.28182619193000485,0.1482555596024798,0.0,0.10158175153248467,0.32849999999999996
rep0723,0.50,0.5016753434719334,alg1,0.15,0.005,0.005,0.13999999999999999,abs_005_005,1000,2000,0.262761412741993,0.7328154502582698,True,0.4700540375162768,0.4700540375162768,0.5011749441637992,0.5638250558362008,-0.23841353142180616,0.168990394422069,0.06265011167240164,0.08640392584387513,0.32100000000000006
rep0724,0.22,0.22277910125347108,alg1,0.15,0.005,0.005,0.13999999999999999,abs_005_005,1000,2000,-0.19900050135029781,0.29440114920192584,True,0.4934016505522236,0.29440114920192584,0.10052479008908718,0.1414752099109128,-0.299525291439385,0.15292593929101306,0.04095041982182562,0.10145123073039813,0.3509999999999999
rep0725,0.63,0.6285584659969985,alg1,0.15,0.005,0.005,0.13999999999999999,abs_005_005,1000,2000,0.33128706980392986,0.7957964730733617,True,0.4645094032694318,0.4645094032694318,0.5925732239085932,0.6534267760914068,-0.2612861541046634,0.14236969698195492,0.06085355218281352,0.09765585108661828,0.306
rep0726,0.58,0.5754838177330744,alg1,0.15,0.005,0.005,0.13999999999999999,abs_005_005,1000,2000,0.43554653859673126,0.9623002155499146,True,0.5267536769531833,0.5267536769531833,0.7285165232778458,0.7824834767221541,-0.2929699846811145,0.1798167388277605,0.05396695344430835,0.09628672350887507,0.37649999999999995
rep0727,0.21,0.2115740355737719,alg1,0.15,0.005,0.005,0.13999999999999999,abs_005_005,1000,2000,-0.14875756781180852,0.3685763090862503,True,0.5173338768980588,0.3685763090862503,0.1303989476777169,0.1756010523222831,-0.2791565154895254,0.1929752567639672,0.0452021046445662,0.10513177225349263,0.367
rep0728,0.56,0.5564120944969329,alg1,0.15,0.005,0.005,0.13999999999999999,abs_005_005,1000,2000,0.22851738384162645,0.7300208346328125,True,0.5015034507911861,0.5015034507911861,0.5308508318494415,0.5931491681505586,-0.30233344800781503,0.1368716664822539,0.06229833630111714,0.09920511449006897,0.33999999999999997
rep0729,0.60,0.5956440662913057,alg1,0.15,0.005,0.005,0.13999999999999999,abs_005_005,1000,2000,0.1697422696916997,0.751263015453469,True,0.5815207457617693,0.5815207457617693,0.5429542621576793,0.6050457378423206,-0.3732119924659796,0.14621727761114828,0.06209147568464135,0.10092927007712788,0.41850000000000004
rep0730,0.69,0.6917308798798025,alg1,0.15,0.005,0.005,0.13999999999999999,abs_005_005,1000,2000,0.3224704856993614,0.8440664976110784,True,0.5215960119117171,0.5215960119117171,0.6063009937687206,0.6666990062312793,-0.2838305080693592,0.17736749137979915,0.060398012462558714,0.10219799944915842,0.359
rep0731,0.43,0.4266039488445103,alg1,0.15,0.005,0.005,0.13999999999999999,abs_005_005,1000,2000,0.25884716472587255,0.7470512884151052,True,0.4882041236892326,0.4882041236892326,0.5016770047283273,0.5643229952716727,-0.24282984000245478,0.18272829314343242,0.06264599054334541,0.10355813314588724,0.32199999999999995
rep0732,0.58,0.5845218275511942,alg1,0.15,0.005,0.005,0.13999999999999999,abs_005_005,1000,2000,0.24771743329203333,0.8900520884998306,True,0.6423346552077973,0.6423346552077973,0.6369001686821623,0.6960998313178377,-0.38918273539012893,0.19395225718199288,0.05919966263567544,0.08513499257212181,0.49800000000000005
rep0733,0.81,0.8126562034084693,alg1,0.15,0.005,0.005,0.13999999999999999,abs_005_005,1000,2000,0.6422430167164727,1.093282647015674,True,0.45103963029920136,0.35775698328352734,0.8762942097986317,0.9147057902013682,-0.23405119308215902,0.17857685681430585,0.03841158040273651,0.09062804989646489,0.32199999999999995
rep0734,0.55,0.5486243168959926,alg1,0.15,0.005,0.005,0.13999999999999999,abs_005_005,1000,2000,0.15303555589816642,0.6506505429845435,True,0.4976149870863771,0.4976149870863771,0.44015959643633085,0.5028404035636691,-0.2871240405381644,0.14781013942087434,0.06268080712733826,0.09443417995903874,0.3405
rep0735,0.20,0.19850254703185236,alg1,0.15,0.005,0.005,0.13999999999999999,abs_005_005,1000,2000,0.01215053104045527,0.5172261775235014,True,0.5050756464830461,0.5050756464830461,0.2746343628427856,0.3323656371572144,-0.2624838318023303,0.18486054036628707,0.057731274314428815,0.0913443721686174,0.356
rep0736,0.63,0.628675093368849,alg1,0.15,0.005,0.005,0.13999999999999999,abs_005_005,1000,2000,0.5051157848938403,1.0064116288046048,True,0.5012958439107644,0.49488421510615965,0.7985112083691187,0.8464887916308813,-0.29339542347527836,0.15992283717372358,0.0479775832617626,0.10581826064900202,0.3474999999999999
rep0737,0.30,0.3010343309546036,alg1,0.15,0.005,0.005,0.13999999999999999,abs_005_005,1000,2000,0.04443442340550885,0.48395855023755174,True,0.4395241268320429,0.4395241268320429,0.33280991965510676,0.3931900803448932,-0.2883754962495979,0.09076846989265852,0.060380160689786466,0.10414396614225646,0.27499999999999997
rep0738,0.67,0.672878039474014,alg1,0.15,0.005,0.005,0.13999999999999999,abs_005_005,1000,2000,0.6056587130210095,1.0685134276508645,True,0.46285471462985506,0.3943412869789905,0.8424787463786972,0.8855212536213027,-0.23682003335768775,0.18299217402956175,0.0430425072426055,0.0988122073872495,0.321
rep0739,0.39,0.39484025614167567,alg1,0.15,0.005,0.005,0.13999999999999999,abs_005_005,1000,2000,0.10418354855079165,0.6705546313390747,True,0.5663710827882831,0.5663710827882831,0.3949542621576793,0.45704573784232067,-0.29077071360688767,0.213508893496754,0.06209147568464135,0.0947796071036417,0.40950000000000003
rep0740,0.50,0.5019803607519125,alg1,0.15,0.005,0.005,0.13999999999999999,abs_005_005,1000,2000,0.41401213963041045,0.8321636099883469,True,0.4181514703579365,0.4181514703579365,0.6129197920252031,0.673080207974797,-0.19890765239479263,0.15908340201354992,0.06016041594959387,0.10549105440834255,0.2525
rep0741,0.71,0.706007734024443,alg1,0.15,0.005,0.005,0.13999999999999999,abs_005_005,1000,2000,0.4085812362448103,0.9056288028418711,True,0.4970475665970608,0.4970475665970608,0.7150477411140992,0.7699522588859009,-0.3064665048692889,0.13567654395597012,0.05490451777180172,0.10214304882525904,0.33999999999999997
rep0742,0.20,0.20412545190772005,alg1,0.15,0.005,0.005,0.13999999999999999,abs_005_005,1000,2000,-0.23007346824237818,0.33690867173905004,True,0.5669821399814282,0.33690867173905004,0.0499671358841478,0.0810328641158522,-0.280040604126526,0.25587580762319784,0.0310657282317044,0.10391641174972394,0.4319999999999999
rep0743,0.70,0.703056156327592,alg1,0.15,0.005,0.005,0.13999999999999999,abs_005_005,1000,2000,0.4332038242634369,0.9014159918499434,True,0.46821216758650647,0.46821216758650647,0.7072918298018673,0.7627081701981326,-0.27408800553843043,0.13870782165181078,0.05541634039626531,0.10229582719024127,0.31049999999999994
rep0744,0.79,0.7913026862136665,alg1,0.15,0.005,0.005,0.13999999999999999,abs_005_005,1000,2000,0.7275941878499027,1.1391937663515854,True,0.4115995785016827,0.2724058121500973,1.0,1.0,-0.2724058121500973,0.1391937663515853,0.0,0.0960995785016826,0.3155
rep0745,0.09,0.08797622050160088,alg1,0.15,0.005,0.005,0.13999999999999999,abs_005_005,1000,2000,0.03231398735808616,0.5489991845329558,True,0.5166851971748696,0.5166851971748696,0.3200544743685559,0.37994552563144407,-0.2877404870104697,0.1690536589015117,0.059891051262888184,0.10629414591198133,0.3505000000000001
rep0746,0.52,0.5221816913900238,alg1,0.15,0.005,0.005,0.13999999999999999,abs_005_005,1000,2000,0.15859629524545787,0.6977547874283995,True,0.5391584921829415,0.5391584921829415,0.5036855630270782,0.5663144369729218,-0.34508926778162036,0.13144035045547767,0.0626288739458436,0.10502961823709805,0.3715
rep0747,0.48,0.4831577354732387,alg1,0.15,0.005,0.005,0.13999999999999999,abs_005_005,1000,2000,0.3992118758506228,0.8611983633574659,True,0.4619864875068431,0.4619864875068431,0.6246447926746737,0.6843552073253263,-0.22543291682405084,0.17684315603213965,0.05971041465065263,0.08927607285619049,0.313
rep0748,0.80,0.8039755610445151,alg1,0.15,0.005,0.005,0.13999999999999999,abs_005_005,1000,2000,0.487677367227126,1.0316499571345155,True,0.5439725899073895,0.512322632772874,0.78169815947531,0.83130184052469,-0.29402079224818395,0.20034811660982554,0.049603681049380066,0.09936890885800947,0.395
rep0749,0.48,0.4849524325382472,alg1,0.15,0.005,0.005,0.13999999999999999,abs_005_005,1000,2000,0.21243294222599607,0.7599177642857345,True,0.5474848220597385,0.5474848220597385,0.509714275584058,0.572285724415942,-0.29728133335806195,0.1876320398697925,0.06257144883188404,0.09991337322785449,0.38499999999999995
rep0750,0.54,0.5415944112692606,alg1,0.15,0.005,0.005,0.13999999999999999,abs_005_005,1000,2000,0.43916640131379614,0.9255015407910123,True,0.4863351394772162,0.4863351394772162,0.6532743329188253,0.7117256670811747,-0.21410793160502917,0.21377587370983758,0.05845133416234938,0.1048838053148668,0.32299999999999995
rep0751,0.11,0.11305284111474975,alg1,0.15,0.005,0.005,0.13999999999999999,abs_005_005,1000,2000,0.04094609942473193,0.5030588936060736,True,0.46211279418134166,0.46211279418134166,0.2868114290827928,0.3451885709172072,-0.24586532965806085,0.15787032268886642,0.05837714183441445,0.09673565234692721,0.30700000000000005
rep0752,0.21,0.20638117578173643,alg1,0.15,0.005,0.005,0.13999999999999999,abs_005_005,1000,2000,-0.04471828899603417,0.47978700340510094,True,0.5245052924011351,0.47978700340510094,0.23004774111409912,0.28495225888590087,-0.2747660301101333,0.19483474451920008,0.05490451777180175,0.09160077462933341,0.37799999999999995
rep0753,0.50,0.5007371849253293,alg1,0.15,0.005,0.005,0.13999999999999999,abs_005_005,1000,2000,0.1944073812054558,0.7509298664143338,True,0.5565224852088779,0.5565224852088779,0.5414403151242497,0.6035596848757503,-0.3470329339187939,0.14737018153858353,0.062119369751500564,0.09190311545737745,0.4025
rep0754,0.77,0.7657822681826205,alg1,0.15,0.005,0.005,0.13999999999999999,abs_005_005,1000,2000,0.43979599627223104,0.9136479949273077,True,0.4738519986550767,0.4738519986550767,0.6990301737141317,0.7549698262858683,-0.25923417744190064,0.15867816864143952,0.05593965257173661,0.10691234608334016,0.311
rep0755,0.13,0.13228095225451117,alg1,0.15,0.005,0.005,0.13999999999999999,abs_005_005,1000,2000,-0.07843338940246003,0.5050893134774765,True,0.5835227028799366,0.5050893134774765,0.22618852673256828,0.2808114732674317,-0.3046219161350283,0.2242778402100448,0.05462294653486344,0.09439975634507314,0.4345
rep0756,0.57,0.571112422982143,alg1,0.15,0.005,0.005,0.13999999999999999,abs_005_005,1000,2000,0.3632224739989084,0.8904139297560867,True,0.5271914557571783,0.5271914557571783,0.6358780713799941,0.6951219286200059,-0.2726555973810857,0.1952920011360808,0.0592438572400118,0.0909475985171665,0.377
rep0757,0.25,0.24520131457810895,alg1,0.15,0.005,0.005,0.13999999999999999,abs_005_005,1000,2000,-0.06920343314889549,0.4423692202623598,True,0.5115726534112552,0.4423692202623598,0.21847929908416402,0.27252070091583597,-0.2876827322330595,0.16984851934652387,0.05404140183167194,0.10603125157958343,0.3515
rep0758,0.75,0.752406258982651,alg1,0.15,0.005,0.005,0.13999999999999999,abs_005_005,1000,2000,0.6138486962094668,1.1080523158002653,True,0.4942036195907985,0.3861513037905332,0.8746730673980732,0.9133269326019269,-0.26082437118860635,0.19472538319833838,0.03865386520385372,0.10654975438694475,0.349
rep0759,0.07,0.06962115207073712,alg1,0.15,0.005,0.005,0.13999999999999999,abs_005_005,1000,2000,-0.24460896307320937,0.2378476967560824,True,0.48245665982929176,0.2378476967560824,0.040686742345562375,0.06931325765443763,-0.28529570541877175,0.16853443910164476,0.028626515308875257,0.09783014452041638,0.3560000000000001
rep0760,0.59,0.5914516038863458,alg1,0.15,0.005,0.005,0.13999999999999999,abs_005_005,1000,2000,0.19586208473461125,0.7241118722487416,True,0.5282497875141303,0.5282497875141303,0.5152446066437553,0.5777553933562447,-0.319382521909144,0.14635647889249695,0.06251078671248944,0.09073900080164099,0.375
rep0761,0.96,0.9615407011273777,alg1,0.15,0.005,0.005,0.13999999999999999,abs_005_005,1000,2000,0.718582324998774,1.1033030789000349,True,0.3847207539012609,0.28141767500122605,1.0,1.0,-0.281417675001226,0.10330307890003491,0.0,0.1017207539012609,0.28300000000000003
rep0762,0.80,0.8015721210640162,alg1,0.15,0.005,0.005,0.13999999999999999,abs_005_005,1000,2000,0.5057349489075683,0.939041728828523,True,0.4333067799209547,0.4333067799209547,0.7342248126100182,0.7877751873899819,-0.22848986370244986,0.15126654143854112,0.053550374779963716,0.08675640514099103,0.2929999999999999
rep0763,0.47,0.4704981219093263,alg1,0.15,0.005,0.005,0.13999999999999999,abs_005_005,1000,2000,0.1502388565250627,0.6642718569774787,True,0.5140330004524161,0.5140330004524161,0.4351790968905382,0.49782090310946187,-0.2849402403654755,0.16645095386801684,0.06264180621892368,0.0833911942334924,0.36799999999999994
rep0764,0.43,0.4303563611804176,alg1,0.15,0.005,0.005,0.13999999999999999,abs_005_005,1000,2000,0.23524618233600103,0.757551892990941,True,0.5223057106549399,0.5223057106549399,0.49715959643633084,0.559840403563669,-0.2619134141003298,0.19771148942727193,0.0626808071273382,0.09462490352760178,0.365
rep0765,0.44,0.43973229587711393,alg1,0.15,0.005,0.005,0.13999999999999999,abs_005_005,1000,2000,0.08920734497251548,0.5499293205593565,True,0.460721975586841,0.460721975586841,0.3391966245287671,0.3998033754712329,-0.2499892795562516,0.15012594508812357,0.060606750942465815,0.09411522464437527,0.30599999999999994
rep0766,0.38,0.37621017495843084,alg1,0.15,0.005,0.005,0.13999999999999999,abs_005_005,1000,2000,0.43555475677858063,0.984894051492895,False,0.5493392947143143,0.5493392947143143,0.6861439709253001,0.7428560290746999,-0.2505892141467195,0.24203802241819505,0.056712058149399835,0.10412723656491463,0.3884999999999999
rep0767,0.72,0.7246108330751603,alg1,0.15,0.005,0.005,0.13999999999999999,abs_005_005,1000,2000,0.35360471642225955,0.9989514542192682,True,0.6453467377970087,0.6453467377970087,0.6804825392675224,0.7375174607324775,-0.3268778228452629,0.26143399348679075,0.057034921464955035,0.10031181633205366,0.488
rep0768,0.58,0.5782724073312556,alg1,0.15,0.005,0.005,0.13999999999999999,abs_005_005,1000,2000,0.21121185332669934,0.754958099811017,True,0.5437462464843177,0.5437462464843177,0.48011686368725487,0.5428831363127451,-0.26890501036055553,0.21207496349827196,0.06276627262549023,0.10497997385882751,0.376
rep0769,0.66,0.6626943303081723,alg1,0.15,0.005,0.005,0.13999999999999999,abs_005_005,1000,2000,0.5488523104664769,1.0360268769148304,True,0.48717456644835355,0.45114768953352313,0.8069443056851836,0.8540556943148164,-0.25809199521870674,0.18197118260001396,0.04711138862963282,0.08456317781872069,0.35550000000000004
rep0770,0.37,0.37433490040573675,alg1,0.15,0.005,0.005,0.13999999999999999,abs_005_005,1000,2000,0.10459575337144678,0.7012742457471306,True,0.5966784923756838,0.5966784923756838,0.47310983093197356,0.5358901690680263,-0.3685140775605268,0.16538407667910426,0.06278033813605277,0.09889815423963105,0.435
rep0771,0.50,0.5010909538628612,alg1,0.15,0.005,0.005,0.13999999999999999,abs_005_005,1000,2000,0.26245062283185605,0.728779866725367,True,0.46632924389351094,0.46632924389351094,0.5016770047283273,0.5643229952716727,-0.23922638189647125,0.16445687145369425,0.06264599054334541,0.10068325335016559,0.30299999999999994
rep0772,0.20,0.1995563133268665,alg1,0.15,0.005,0.005,0.13999999999999999,abs_005_005,1000,2000,0.012306559721281335,0.4591739423842595,True,0.4468673826629782,0.4468673826629782,0.24164323150227981,0.29735676849772025,-0.22933667178099848,0.16181717388653927,0.05571353699544043,0.09815384566753776,0.293
rep0773,0.39,0.3893484360679591,alg1,0.15,0.005,0.005,0.13999999999999999,abs_005_005,1000,2000,0.04599888069362629,0.6405336206618628,True,0.5945347399682366,0.5945347399682366,0.37467432474331047,0.4363256752566896,-0.3286754440496842,0.20420794540517326,0.06165135051337911,0.0858833894548574,0.44700000000000006
rep0774,0.13,0.12593374803146856,alg1,0.15,0.005,0.005,0.13999999999999999,abs_005_005,1000,2000,-0.14112962245052896,0.3665483918247838,True,0.5076780142753128,0.3665483918247838,0.1112144968283938,0.15378550317160622,-0.25234411927892275,0.21276288865317758,0.042571006343212425,0.10610700793210032,0.35900000000000004
rep0775,0.41,0.41085886710447456,alg1,0.15,0.005,0.005,0.13999999999999999,abs_005_005,1000,2000,0.09011765989619452,0.5869538612888708,True,0.4968362013926763,0.4968362013926763,0.37467432474331047,0.4363256752566896,-0.28455666484711595,0.15062818603218128,0.06165135051337911,0.1031848508792973,0.33199999999999996
rep0776,0.46,0.45781073823209023,alg1,0.15,0.005,0.005,0.13999999999999999,abs_005_005,1000,2000,0.08626498791975362,0.6208829384506442,True,0.5346179505308906,0.5346179505308906,0.3761563482158663,0.43784365178413365,-0.2898913602961127,0.18303928666651056,0.06168730356826735,0.10643064696262322,0.3665
rep0777,0.47,0.4676893945991415,alg1,0.15,0.005,0.005,0.13999999999999999,abs_005_005,1000,2000,0.2626385178459401,0.7465352656043379,True,0.4838967477583978,0.4838967477583978,0.5374045479560734,0.5995954520439266,-0.2747660301101333,0.14693981356041133,0.062190904087853216,0.08570584367054468,0.33599999999999997
rep0778,0.93,0.9334488837209958,alg1,0.15,0.005,0.005,0.13999999999999999,abs_005_005,1000,2000,0.7784585000656387,1.151898642451158,True,0.37344014238551926,0.22154149993436134,1.0,1.0,-0.22154149993436134,0.15189864245115786,0.0,0.09444014238551918,0.279
rep0779,0.42,0.417137055094038,alg1,0.15,0.005,0.005,0.13999999999999999,abs_005_005,1000,2000,0.16850882923423915,0.6747242928779106,True,0.5062154636436714,0.5062154636436714,0.47160912460390314,0.5343908753960969,-0.303100295369664,0.1403334174818137,0.06278175079219372,0.09843371285147773,0.345
rep0780,0.38,0.381724145742122,alg1,0.15,0.005,0.005,0.13999999999999999,abs_005_005,1000,2000,0.028569010760822633,0.5603276207529008,True,0.5317586099920781,0.5317586099920781,0.3249575550547195,0.38504244494528045,-0.2963885442938969,0.17528517580762032,0.06008488989056093,0.08917372010151714,0.38250000000000006
rep0781,0.25,0.24904971690384717,alg1,0.15,0.005,0.005,0.13999999999999999,abs_005_005,1000,2000,-0.03670718201068193,0.4375655229439857,True,0.47427270495466767,0.4375655229439857,0.2093409959336705,0.26265900406632947,-0.24604817794435244,0.17490651887765624,0.05331800813265897,0.09945469682200869,0.3215
rep0782,0.50,0.5035278430127574,alg1,0.15,0.005,0.005,0.13999999999999999,abs_005_005,1000,2000,0.12549547038669454,0.5480871650398701,True,0.4225916946531756,0.4225916946531756,0.3490338186313857,0.4099661813686143,-0.22353834824469118,0.1381209836712558,0.060932362737228574,0.09565933191594694,0.26600000000000007
rep0783,0.94,0.9360989131889664,alg1,0.15,0.005,0.005,0.13999999999999999,abs_005_005,1000,2000,0.5615981464681346,1.0529135247539656,True,0.49131537828583105,0.43840185353186545,0.8414122727884706,0.8845877272115293,-0.27981412632033603,0.16832579754243632,0.0431754544230587,0.09913992386277243,0.3489999999999999
rep0784,0.61,0.6074696407734866,alg1,0.15,0.005,0.005,0.13999999999999999,abs_005_005,1000,2000,0.2727361376855614,0.7390867151825562,True,0.4663505774969948,0.4663505774969948,0.5308508318494415,0.5931491681505586,-0.2581146941638801,0.14593754703199763,0.06229833630111714,0.10505224119587775,0.299
rep0785,0.36,0.3571470202258215,alg1,0.15,0.005,0.005,0.13999999999999999,abs_005_005,1000,2000,-0.022919759305421394,0.44493174075725483,True,0.46785150006267623,0.44493174075725483,0.21992383170393026,0.27407616829606973,-0.24284359100935166,0.1708555724611851,0.05415233659213947,0.09519916347053675,0.3185
rep0786,0.37,0.37153525023005257,alg1,0.15,0.005,0.005,0.13999999999999999,abs_005_005,1000,2000,0.12444209927750144,0.614058334175892,True,0.4896162348983905,0.4896162348983905,0.3880232166876645,0.4499767833123355,-0.26358111741016305,0.1640815508635565,0.061953566624671,0.10416266827371956,0.3235
rep0787,0.24,0.24331452186376437,alg1,0.15,0.005,0.005,0.13999999999999999,abs_005_005,1000,2000,0.07094352680275035,0.5452586165663934,True,0.47431508976364306,0.47431508976364306,0.3643085451693148,0.4256914548306852,-0.2933650183665645,0.1195671617357082,0.06138290966137039,0.10143218010227267,0.3115
rep0788,0.55,0.5512601715860497,alg1,0.15,0.005,0.005,0.13999999999999999,abs_005_005,1000,2000,0.444744537947333,0.9308715405292949,True,0.4861270025819619,0.4861270025819619,0.7155651740909725,0.7704348259090275,-0.27082063614363955,0.16043671462026737,0.05486965181805492,0.08675735076390689,0.34450000000000003
rep0789,0.24,0.2383467617095517,alg1,0.15,0.005,0.005,0.13999999999999999,abs_005_005,1000,2000,-0.022983155324803328,0.48916470268579276,True,0.512147858010596,0.48916470268579276,0.2687982822410809,0.3262017177589191,-0.2917814375658842,0.16296298492687367,0.05740343551783822,0.10074442249275789,0.354
rep0790,0.39,0.38816487634462776,alg1,0.15,0.005,0.005,0.13999999999999999,abs_005_005,1000,2000,0.14810079481604882,0.7166464326382431,True,0.5685456378221942,0.5685456378221942,0.46610895194834767,0.5288910480516523,-0.31800815713229885,0.18775538458659086,0.06278209610330465,0.10226354171888968,0.4035
rep0791,0.53,0.5325261843368188,alg1,0.15,0.005,0.005,0.13999999999999999,abs_005_005,1000,2000,0.2797808862513168,0.7720296605462018,True,0.492248774294885,0.492248774294885,0.5288353975019042,0.5911646024980959,-0.2490545112505874,0.1808650580481059,0.062329204996191656,0.09891956929869333,0.33099999999999996
rep0792,0.35,0.34766868497572634,alg1,0.15,0.005,0.005,0.13999999999999999,abs_005_005,1000,2000,-0.062101498797885485,0.3897924217576889,True,0.4518939205555744,0.3897924217576889,0.16441996090413943,0.21358003909586057,-0.22652145970202492,0.17621238266182832,0.049160078191721135,0.07373384236385327,0.32899999999999996
rep0793,0.37,0.36630566512072477,alg1,0.15,0.005,0.005,0.13999999999999999,abs_005_005,1000,2000,-0.10083537781483054,0.3392466126224769,False,0.44008199043730745,0.3392466126224769,0.17202921899721224,0.22197078100278778,-0.2728645968120428,0.11727583161968913,0.049941562005575535,0.10714042843173194,0.283
rep0794,0.59,0.586637601892118,alg1,0.15,0.005,0.005,0.13999999999999999,abs_005_005,1000,2000,0.2957385686188836,0.8114999731225574,True,0.5157614045036738,0.5157614045036738,0.576335784324274,0.637664215675726,-0.2805972157053904,0.1738357574468315,0.06132843135145194,0.09943297315222194,0.355
rep0795,0.24,0.2429206298711245,alg1,0.15,0.005,0.005,0.13999999999999999,abs_005_005,1000,2000,0.09219697496185397,0.5922118457035053,True,0.5000148707416513,0.5000148707416513,0.3102591986333589,0.36974080136664117,-0.2180622236715049,0.2224710443368641,0.05948160273328229,0.09903326800836898,0.3415
rep0796,0.56,0.561300008922971,alg1,0.15,0.005,0.005,0.13999999999999999,abs_005_005,1000,2000,0.3678521758426908,0.9414795435712984,True,0.5736273677286076,0.5736273677286076,0.6640414344698103,0.7219585655301896,-0.29618925862711953,0.21952097804110876,0.05791713106037921,0.08921023666822825,0.4265
rep0797,0.51,0.5056180194657826,alg1,0.15,0.005,0.005,0.13999999999999999,abs_005_005,1000,2000,0.4203123786075378,0.8961450761775667,True,0.4758326975700289,0.4758326975700289,0.6799681161777961,0.737031883822204,-0.2596557375702583,0.15911319235536273,0.0570637676444079,0.09676892992562092,0.32200000000000006
rep0798,0.69,0.6882904474874456,alg1,0.15,0.005,0.005,0.13999999999999999,abs_005_005,1000,2000,0.5906835064368405,1.0947363968573909,True,0.5040528904205503,0.40931649356315947,0.8617457327379774,0.9022542672620226,-0.2710622263011369,0.19248212959536823,0.04050853452404524,0.10504435589650507,0.35850000000000004
rep0799,0.51,0.5088230243845884,alg1,0.15,0.005,0.005,0.13999999999999999,abs_005_005,1000,2000,0.30113130819464085,0.8944729928908238,True,0.593341684696183,0.593341684696183,0.6404786909421372,0.6995213090578629,-0.3393473827474963,0.19495168383296094,0.05904261811572575,0.10329906658045723,0.431
rep0800,0.25,0.24656049201872093,alg1,0.15,0.005,0.005,0.13999999999999999,abs_005_005,1000,2000,0.0739680650709254,0.5307976115298084,True,0.456829546458883,0.456829546458883,0.29266513979650605,0.35133486020349397,-0.21869707472558064,0.17946275132631445,0.058669720406987924,0.10115982605189511,0.297
rep0801,0.23,0.23351130930800437,alg1,0.15,0.005,0.005,0.13999999999999999,abs_005_005,1000,2000,0.19874219416915606,0.7373198689222812,True,0.5385776747531251,0.5385776747531251,0.4876312323607329,0.5503687676392671,-0.28888903819157685,0.18695110128301407,0.0627375352785342,0.09434013947459091,0.3815
rep0802,0.62,0.6217755239909735,alg1,0.15,0.005,0.005,0.13999999999999999,abs_005_005,1000,2000,0.4908136994889373,1.0053865837294602,True,0.5145728842405228,0.5091863005110626,0.7451395810956959,0.797860418904304,-0.25432588160675856,0.20752616482515615,0.052720837808608145,0.1038520464319147,0.358
rep0803,0.22,0.21751791059021222,alg1,0.15,0.005,0.005,0.13999999999999999,abs_005_005,1000,2000,0.0246428937540554,0.49730014309210985,True,0.4726572493380544,0.4726572493380544,0.24890362612895167,0.3050963738710484,-0.22426073237489627,0.19220376922106147,0.056192747742096705,0.09946450159595777,0.31699999999999995
rep0804,0.77,0.7675171046933926,alg1,0.15,0.005,0.005,0.13999999999999999,abs_005_005,1000,2000,0.3709556916636926,0.9297847922201752,True,0.5588291005564826,0.5588291005564826,0.6702019503720724,0.7277980496279275,-0.29924625870837984,0.20198674259224775,0.05759609925585507,0.09973300130062757,0.4015000000000001
rep0805,0.29,0.29343339200596075,alg1,0.15,0.005,0.005,0.13999999999999999,abs_005_005,1000,2000,-0.03367547039478619,0.4459290585318285,True,0.4796045289266147,0.4459290585318285,0.21078267514156016,0.26421732485843985,-0.24445814553634634,0.1817117336733887,0.053434649716879695,0.08316987920973506,0.34299999999999997
rep0806,0.21,0.207044071143073,alg1,0.15,0.005,0.005,0.13999999999999999,abs_005_005,1000,2000,0.03517956482257614,0.4983864959776526,True,0.4632069311550765,0.4632069311550765,0.27609429526853246,0.3339057047314675,-0.24091473044595632,0.1644807912461851,0.05781140946293506,0.10739552169214145,0.298
rep0807,0.54,0.5448211469415667,alg1,0.15,0.005,0.005,0.13999999999999999,abs_005_005,1000,2000,0.3103626852442611,0.7393994988521153,True,0.42903681360785423,0.42903681360785423,0.5834353745586324,0.6445646254413676,-0.2730726893143713,0.09483487341074771,0.06112925088273524,0.09390756272511896,0.274
rep0808,0.24,0.23795078312197512,alg1,0.15,0.005,0.005,0.13999999999999999,abs_005_005,1000,2000,-0.0414393600431357,0.4139077607470063,True,0.455347120790142,0.4139077607470063,0.1968661026423435,0.2491338973576565,-0.2383054626854792,0.1647738633893498,0.05226779471531301,0.106079326074829,0.297
rep0809,0.33,0.33023207761568657,alg1,0.15,0.005,0.005,0.13999999999999999,abs_005_005,1000,2000,0.0019899831205087426,0.6427735819834994,True,0.6407835988629906,0.6407835988629906,0.3318278773294879,0.3921721226705121,-0.32983789420897913,0.25060145931298733,0.06034424534102423,0.09693935352196659,0.48349999999999993
rep0810,0.62,0.6200866198870967,alg1,0.15,0.005,0.005,0.13999999999999999,abs_005_005,1000,2000,0.39773496932394986,0.9294492787283037,True,0.5317143094043539,0.5317143094043539,0.6527620453970107,0.7112379546029894,-0.2550270760730608,0.21821132412531433,0.05847590920597878,0.0952384001983752,0.37799999999999995
rep0811,0.73,0.7253801847373942,alg1,0.15,0.005,0.005,0.13999999999999999,abs_005_005,1000,2000,0.41242336049239503,0.8893005943138514,True,0.4768772338214564,0.4768772338214564,0.6985142007314533,0.7544857992685468,-0.2860908402390583,0.13481479504530475,0.05597159853709344,0.10540563528436303,0.3155
rep0812,0.62,0.6224385819220218,alg1,0.15,0.005,0.005,0.13999999999999999,abs_005_005,1000,2000,0.3376819100096723,0.8469393539698742,True,0.5092574439602019,0.5092574439602019,0.6251550100035186,0.6848449899964815,-0.2874730999938463,0.16209436397339275,0.05968997999296288,0.09606746396723909,0.3534999999999999
rep0813,0.64,0.6422593872188701,alg1,0.15,0.005,0.005,0.13999999999999999,abs_005_005,1000,2000,0.3223516736999265,0.7945292105509266,True,0.4721775368510001,0.4721775368510001,0.5834353745586324,0.6445646254413676,-0.26108370085870586,0.14996458510955898,0.06112925088273524,0.09554828596826481,0.3155
rep0814,0.56,0.5588847312315257,alg1,0.15,0.005,0.005,0.13999999999999999,abs_005_005,1000,2000,0.3326276503600575,0.8133574011759994,True,0.48072975081594194,0.48072975081594194,0.6052832477411432,0.6657167522588567,-0.2726555973810857,0.14764064891714268,0.060433504517713565,0.08129624629822829,0.3390000000000001
rep0815,0.49,0.4850539827643685,alg1,0.15,0.005,0.005,0.13999999999999999,abs_005_005,1000,2000,0.18224917707189336,0.6922935431138558,True,0.5100443660419625,0.5100443660419625,0.49114035949322027,0.5538596405067796,-0.3088911824213269,0.1384339026070762,0.06271928101355934,0.08882508502840314,0.35849999999999993
rep0816,0.27,0.2678401057425488,alg1,0.15,0.005,0.005,0.13999999999999999,abs_005_005,1000,2000,-0.00894521136478224,0.46546008889689927,True,0.4744053002616815,0.46546008889689927,0.20982150456676293,0.26317849543323707,-0.21876671593154517,0.2022815934636622,0.053356990866474135,0.10004830939520742,0.32099999999999995
rep0817,0.51,0.5139026739428948,alg1,0.15,0.005,0.005,0.13999999999999999,abs_005_005,1000,2000,0.3759601983490042,0.8238772760666528,True,0.44791707771764866,0.44791707771764866,0.6175055648931309,0.677494435106869,-0.24154536654412676,0.14638284095978377,0.05998887021373811,0.09842820750391046,0.2895000000000001
rep0818,0.02,0.01784520507933445,alg1,0.15,0.005,0.005,0.13999999999999999,abs_005_005,1000,2000,-0.2337031041073852,0.2882157345572345,True,0.5219188386646196,0.2882157345572345,0.09035587965681084,0.12964412034318917,-0.32405898376419606,0.1585716142140453,0.03928824068637833,0.0841305979782414,0.39849999999999997
rep0819,0.59,0.5855831225425897,alg1,0.15,0.005,0.005,0.13999999999999999,abs_005_005,1000,2000,0.5299688507293214,1.0089223310696136,True,0.47895348034029217,0.47003114927067857,0.7990377391838897,0.8469622608161103,-0.2690688884545682,0.16196007025350334,0.04792452163222061,0.1025289587080716,0.32849999999999996
rep0820,0.31,0.31459734189247923,alg1,0.15,0.005,0.005,0.13999999999999999,abs_005_005,1000,2000,-0.27531837410493804,0.31422589177903637,False,0.5895442658839745,0.31422589177903637,0.0820817146014608,0.11991828539853921,-0.35740008870639883,0.19430760638049716,0.03783657079707842,0.08920769508689597,0.4625
rep0821,0.28,0.2810728255765275,alg1,0.15,0.005,0.005,0.13999999999999999,abs_005_005,1000,2000,0.011214505890716764,0.6219755266633176,True,0.6107610207726009,0.6107610207726009,0.3736864748218329,0.4353135251781671,-0.36247196893111616,0.1866620014851505,0.0616270503563342,0.10513397041626665,0.444
rep0822,0.72,0.7209132512090639,alg1,0.15,0.005,0.005,0.13999999999999999,abs_005_005,1000,2000,0.6799423693190088,1.1446253310103247,True,0.46468296169131595,0.32005763068099125,0.9351879088923741,0.9628120911076258,-0.25524553957336543,0.1818132399026989,0.027624182215251647,0.10505877947606429,0.332
rep0823,0.56,0.5553223135054838,alg1,0.15,0.005,0.005,0.13999999999999999,abs_005_005,1000,2000,0.2957086202327805,0.8244528120624361,True,0.5287441918296556,0.5287441918296556,0.6180152746775468,0.6779847253224532,-0.3223066544447663,0.14646808673998288,0.05996945064490644,0.0992747411847491,0.36950000000000005
rep0824,0.34,0.3410288734497897,alg1,0.15,0.005,0.005,0.13999999999999999,abs_005_005,1000,2000,0.16093289870823782,0.6732565683839989,True,0.5123236696757612,0.5123236696757612,0.3786270489630553,0.4403729510369446,-0.2176941502548175,0.2328836173470543,0.0617459020738893,0.09957776760187176,0.35100000000000003
rep0825,0.67,0.6673711637162791,alg1,0.15,0.005,0.005,0.13999999999999999,abs_005_005,1000,2000,0.3646381584151677,0.8936677337906803,True,0.5290295753755125,0.5290295753755125,0.6256652638607801,0.6853347361392198,-0.2610271054456124,0.20833299765146052,0.05966947227843966,0.08436010309707292,0.385
rep0826,0.62,0.6172719856442066,alg1,0.15,0.005,0.005,0.13999999999999999,abs_005_005,1000,2000,0.20876038690996335,0.8057700610188065,True,0.5970096741088432,0.5970096741088432,0.5570985747100299,0.61890142528997,-0.34833818780006653,0.18686863572883655,0.06180285057994017,0.10470682352890315,0.4305
rep0827,0.81,0.8131918762099404,alg1,0.15,0.005,0.005,0.13999999999999999,abs_005_005,1000,2000,0.6784548051210673,1.119994917205815,True,0.44154011208474775,0.32154519487893274,0.9167486585227541,0.9482513414772459,-0.2382938534016868,0.17174357572856913,0.03150268295449177,0.09853742913025604,0.3114999999999999
rep0828,0.37,0.3652481836526102,alg1,0.15,0.005,0.005,0.13999999999999999,abs_005_005,1000,2000,0.04321840825935397,0.5735114764961765,True,0.5302930682368225,0.5302930682368225,0.32937339075353705,0.3896266092464629,-0.2861549824941831,0.18388486724971362,0.060253218492925864,0.07753984974389672,0.39249999999999996
rep0829,0.70,0.7003248799003606,alg1,0.15,0.005,0.005,0.13999999999999999,abs_005_005,1000,2000,0.4676642315721372,0.9488384083460921,True,0.4811741767739549,0.4811741767739549,0.727479299084164,0.7815207009158359,-0.25981506751202676,0.16731770743025626,0.05404140183167194,0.10113277494228307,0.32599999999999996
rep0830,0.49,0.49109549559105764,alg1,0.15,0.005,0.005,0.13999999999999999,abs_005_005,1000,2000,0.21355523500624302,0.6029176913664539,True,0.3893624563602109,0.3893624563602109,0.45062890780126924,0.5133710921987307,-0.23707367279502622,0.08954659916772326,0.06274218439746143,0.09212027196274944,0.23450000000000001
rep0831,0.50,0.4977091255401117,alg1,0.15,0.005,0.005,0.13999999999999999,abs_005_005,1000,2000,0.1638464355051319,0.6989806657656228,True,0.5351342302604909,0.5351342302604909,0.4526246360870454,0.5153753639129546,-0.2887782005819135,0.18360530185266827,0.06275072782590918,0.10088350243458177,0.3715
rep0832,0.64,0.6383972746834774,alg1,0.15,0.005,0.005,0.13999999999999999,abs_005_005,1000,2000,0.39019830390735377,0.8920307422014786,True,0.5018324382941248,0.5018324382941248,0.6625022089229075,0.7204977910770926,-0.2723039050155537,0.17153295112438602,0.0579955821541851,0.10133685613993976,0.34249999999999997
rep0833,0.29,0.28572994509888355,alg1,0.15,0.005,0.005,0.13999999999999999,abs_005_005,1000,2000,0.14162752909785092,0.659009561426357,True,0.5173820323285061,0.5173820323285061,0.40585874175301995,0.46814125824698005,-0.264231212655169,0.19086830317937697,0.062282516493960105,0.10159951583454602,0.3535
rep0834,0.09,0.08546723092106184,alg1,0.15,0.005,0.005,0.13999999999999999,abs_005_005,1000,2000,-0.14276972454083256,0.375096316456919,True,0.5178660409977516,0.375096316456919,0.13462998370932114,0.18037001629067886,-0.2773997082501537,0.19472630016624015,0.045740032581357726,0.08012600841639383,0.392
rep0835,0.45,0.44887993716439767,alg1,0.15,0.005,0.005,0.13999999999999999,abs_005_005,1000,2000,0.18785821355958965,0.6778246524500899,True,0.4899664388905003,0.4899664388905003,0.4421526798362553,0.5048473201637447,-0.25429446627666563,0.17297733228634532,0.06269464032748939,0.10227179856301089,0.32500000000000007
rep0836,0.89,0.8878425886851584,alg1,0.15,0.005,0.005,0.13999999999999999,abs_005_005,1000,2000,0.6392895894025894,1.169295369651236,True,0.5300057802486466,0.3607104105974106,0.9385791404025361,0.9654208595974638,-0.29928955099994664,0.20387451005377222,0.026841719194927727,0.10216406105371889,0.401
rep0837,0.64,0.6430680121422878,alg1,0.15,0.005,0.005,0.13999999999999999,abs_005_005,1000,2000,0.426533715160936,0.956195856576087,True,0.529662141415151,0.529662141415151,0.7031595616748353,0.7588404383251647,-0.27662584651389927,0.19735541825092232,0.05568087665032939,0.10698126476482167,0.36699999999999994
rep0838,0.76,0.7585345229463266,alg1,0.15,0.005,0.005,0.13999999999999999,abs_005_005,1000,2000,0.48364697688560243,0.9246689745574896,True,0.4410219976718872,0.4410219976718872,0.7047088225137532,0.7602911774862469,-0.22106184562815082,0.16437779707124275,0.05558235497249364,0.10393964269939354,0.28150000000000003
rep0839,0.30,0.299955317096841,alg1,0.15,0.005,0.005,0.13999999999999999,abs_005_005,1000,2000,-0.10574472373395455,0.42675808160016576,True,0.5325028053341203,0.42675808160016576,0.20261930879868628,0.25538069120131374,-0.30836403253264083,0.17137739039885203,0.052761382402627455,0.1002414229314928,0.37950000000000006
rep0840,0.48,0.4762535562840754,alg1,0.15,0.005,0.005,0.13999999999999999,abs_005_005,1000,2000,0.3320760392033803,0.8996983082878958,True,0.5676222690845154,0.5676222690845154,0.6466176117415047,0.7053823882584954,-0.31454157253812437,0.19431592002940037,0.05876477651699075,0.0993574925675248,0.4095
rep0841,0.29,0.29348760442428756,alg1,0.15,0.005,0.005,0.13999999999999999,abs_005_005,1000,2000,0.0908126059919599,0.6167209397096054,True,0.5259083337176456,0.5259083337176456,0.3534650503371997,0.4145349496628003,-0.2626524443452398,0.2021859900468051,0.061069899325600585,0.09933843439204487,0.36550000000000005
rep0842,0.26,0.2600372661782315,alg1,0.15,0.005,0.005,0.13999999999999999,abs_005_005,1000,2000,-0.02432449493633193,0.4466690491103061,True,0.470993544046638,0.4466690491103061,0.21703520946190338,0.2709647905380966,-0.24135970439823531,0.1757042585722095,0.053929581076193195,0.09456396297044484,0.32249999999999995
rep0843,0.90,0.9032932434984263,alg1,0.15,0.005,0.005,0.13999999999999999,abs_005_005,1000,2000,0.7120534081690261,1.2165973114784612,True,0.5045439033094351,0.28794659183097393,1.0,1.0,-0.28794659183097393,0.21659731147846123,0.0,0.10154390330943519,0.403
rep0844,0.27,0.26798360751529504,alg1,0.15,0.005,0.005,0.13999999999999999,abs_005_005,1000,2000,-0.13291874353090838,0.4298400156901471,True,0.5627587592210554,0.4298400156901471,0.16204546344268006,0.21095453655731994,-0.29496420697358844,0.2188854791328272,0.04890907311463988,0.09384968610641564,0.42000000000000004
rep0845,0.50,0.503308802837567,alg1,0.15,0.005,0.005,0.13999999999999999,abs_005_005,1000,2000,0.24572247600280597,0.6995927038728125,True,0.4538702278700065,0.4538702278700065,0.4891349551560032,0.5518650448439967,-0.24341247915319722,0.14772765902881577,0.06273008968799348,0.10564013818201295,0.28550000000000003
rep0846,0.61,0.6108272963044864,alg1,0.15,0.005,0.005,0.13999999999999999,abs_005_005,1000,2000,0.32333828133117937,0.7953725938474113,True,0.47203431251623196,0.47203431251623196,0.5464879417487185,0.6085120582512815,-0.22314966041753911,0.1868605355961298,0.06202411650256301,0.09251019601366894,0.3175
rep0847,0.31,0.3050700060207112,alg1,0.15,0.005,0.005,0.13999999999999999,abs_005_005,1000,2000,0.11909773685568709,0.6073506463738965,True,0.4882529095182094,0.4882529095182094,0.34411349101457617,0.40488650898542383,-0.22501575415888908,0.20246413738847263,0.060773017970847665,0.09947989154736175,0.32799999999999996
rep0848,0.38,0.38080926678722893,alg1,0.15,0.005,0.005,0.13999999999999999,abs_005_005,1000,2000,0.1778274247536777,0.7088746193856933,True,0.5310471946320157,0.5310471946320157,0.4751112122416882,0.5378887877583117,-0.2972837874880105,0.17098583162738157,0.06277757551662355,0.10626961911539207,0.362
rep0849,0.61,0.6147374912980764,alg1,0.15,0.005,0.005,0.13999999999999999,abs_005_005,1000,2000,0.49087758904738477,0.9682600734877242,True,0.4773824844403395,0.4773824844403395,0.7171177555385134,0.7718822444614867,-0.22624016649112866,0.1963778290262376,0.05476448892297325,0.09861799551736627,0.32399999999999995
rep0850,0.51,0.5064586149038528,alg1,0.15,0.005,0.005,0.13999999999999999,abs_005_005,1000,2000,0.37145682662149876,0.7914054300535638,True,0.419948603432065,0.419948603432065,0.5672174312101228,0.6287825687898771,-0.19576060458862404,0.16262286126368658,0.06156513757975435,0.08788346585231066,0.27049999999999996
rep0851,0.81,0.8104603233100676,alg1,0.15,0.005,0.005,0.13999999999999999,abs_005_005,1000,2000,0.6678677654195364,1.1380539451489788,True,0.47018617972944243,0.3321322345804636,0.9156409212560109,0.9473590787439891,-0.2477731558364745,0.19069486640498973,0.03171815748797813,0.10396802224146418,0.3345
rep0852,0.29,0.2903692516157944,alg1,0.15,0.005,0.005,0.13999999999999999,abs_005_005,1000,2000,0.061476129725100304,0.6164234233922952,True,0.5549472936671949,0.5549472936671949,0.3347744275378668,0.3952255724621332,-0.2732982978127665,0.221197850930162,0.0604511449242664,0.10549614874292851,0.38899999999999996
rep0853,0.43,0.4308078281296323,alg1,0.15,0.005,0.005,0.13999999999999999,abs_005_005,1000,2000,0.23958062628888843,0.7009720934482135,True,0.4613914671593251,0.4613914671593251,0.5152446066437553,0.5777553933562447,-0.27566398035486683,0.12321670009196885,0.06251078671248944,0.08888068044683567,0.31
rep0854,0.69,0.6936935450233443,alg1,0.15,0.005,0.005,0.13999999999999999,abs_005_005,1000,2000,0.44506479802722,0.9260199886788167,True,0.48095519065159675,0.48095519065159675,0.749824432274652,0.802175567725348,-0.304759634247432,0.12384442095346868,0.05235113545069603,0.09660405520090065,0.3320000000000001
rep0855,0.22,0.21512527880424012,alg1,0.15,0.005,0.005,0.13999999999999999,abs_005_005,1000,2000,-0.0012349008916537896,0.5180443797061541,True,0.5192792805978079,0.5180443797061541,0.2887620453970106,0.3472379546029894,-0.2899969462886644,0.1708064251031647,0.05847590920597878,0.1068033713918291,0.35400000000000004
rep0856,0.60,0.5951423315513312,alg1,0.15,0.005,0.005,0.13999999999999999,abs_005_005,1000,2000,0.26879013293318343,0.751782549618272,True,0.4829924166850885,0.4829924166850885,0.5202755194488646,0.5827244805511353,-0.2514853865156812,0.16905806906713666,0.06244896110227072,0.09054345558281784,0.33
rep0857,0.66,0.6551063440972089,alg1,0.15,0.005,0.005,0.13999999999999999,abs_005_005,1000,2000,0.5012976859009398,0.9531003156073632,True,0.4518026297064234,0.4518026297064234,0.7633834305240803,0.8146165694759198,-0.2620857446231405,0.13848374613144346,0.05123313895183945,0.09356949075458387,0.30700000000000005
rep0858,0.71,0.7119962362250923,alg1,0.15,0.005,0.005,0.13999999999999999,abs_005_005,1000,2000,0.4966929515895632,1.0067717011410917,True,0.5100787495515284,0.5033070484104367,0.7869449298331277,0.8360550701668723,-0.29025197824356447,0.17071663097421932,0.04911014033374461,0.10046860921778389,0.36049999999999993
rep0859,0.42,0.41695032965931245,alg1,0.15,0.005,0.005,0.13999999999999999,abs_005_005,1000,2000,0.17849215911235267,0.6164555612473589,True,0.43796340213500623,0.43796340213500623,0.44514325056756804,0.507856749432432,-0.26665109145521537,0.10859881181492688,0.06271349886486394,0.09874990327014227,0.27649999999999997
rep0860,0.31,0.3112715807723814,alg1,0.15,0.005,0.005,0.13999999999999999,abs_005_005,1000,2000,0.020342078162774002,0.4934280189864545,True,0.4730859408236805,0.4730859408236805,0.30390016868216235,0.3630998313178377,-0.28355809051938835,0.1303281876686168,0.05919966263567533,0.10488627818800511,0.30900000000000005
rep0861,0.57,0.5718038311434078,alg1,0.15,0.005,0.005,0.13999999999999999,abs_005_005,1000,2000,0.27241480273265295,0.7402641424292182,True,0.4678493396965653,0.4678493396965653,0.5409357309486759,0.603064269051324,-0.2685209282160229,0.13719987337789422,0.06212853810264818,0.0932208015939171,0.3125
rep0862,0.59,0.593903704021643,alg1,0.15,0.005,0.005,0.13999999999999999,abs_005_005,1000,2000,0.26181162913104894,0.7442832468827708,True,0.48247161775172187,0.48247161775172187,0.5217854148552344,0.5842145851447657,-0.2599737857241855,0.16006866173800513,0.06242917028953121,0.09904244746219076,0.3209999999999999
rep0863,0.22,0.2211255706079462,alg1,0.15,0.005,0.005,0.13999999999999999,abs_005_005,1000,2000,-0.02657042872370921,0.43945901036423646,True,0.4660294390879457,0.43945901036423646,0.19255632758507746,0.24444367241492254,-0.21912675630878667,0.19501533794931392,0.05188734482984508,0.10364209425810045,0.3105000000000001
rep0864,0.48,0.48313814068410765,alg1,0.15,0.005,0.005,0.13999999999999999,abs_005_005,1000,2000,0.31763965259853966,0.8226131594927524,True,0.5049735068942127,0.5049735068942127,0.5662049489222777,0.6277950510777223,-0.24856529632373806,0.19481810841503008,0.06159010215544458,0.09638340473876805,0.3470000000000001
rep0865,0.14,0.13825585557614326,alg1,0.15,0.005,0.005,0.13999999999999999,abs_005_005,1000,2000,-0.09940610427069851,0.4372960124399153,True,0.5367021167106139,0.4372960124399153,0.18920738958033023,0.24079261041966976,-0.28861349385102875,0.19650340202024552,0.05158522083933953,0.10011689587127426,0.385
rep0866,0.60,0.599708094715837,alg1,0.15,0.005,0.005,0.13999999999999999,abs_005_005,1000,2000,0.384603448622577,0.925705398688992,True,0.541101950066415,0.541101950066415,0.6185250204820637,0.6784749795179362,-0.2339215718594867,0.24723041917105584,0.059949959035872524,0.0916519910305425,0.3895
rep0867,0.34,0.34366307116519274,alg1,0.15,0.005,0.005,0.13999999999999999,abs_005_005,1000,2000,0.20962141906684434,0.6894988835178278,True,0.4798774644509835,0.4798774644509835,0.5107195046083155,0.5732804953916846,-0.30109808554147116,0.11621838812614327,0.06256099078336907,0.10181647366761443,0.3155
rep0868,0.13,0.1278779285132063,alg1,0.15,0.005,0.005,0.13999999999999999,abs_005_005,1000,2000,-0.29291566010519743,0.18501828817210886,True,0.4779339482773063,0.18501828817210886,-0.00020777962703945503,0.007207779627039455,-0.292707880478158,0.1778105085450694,0.00741555925407891,0.09751838902322735,0.37300000000000005
rep0869,0.54,0.5392567295241685,alg1,0.15,0.005,0.005,0.13999999999999999,abs_005_005,1000,2000,0.3353156513055096,0.8306810659298478,True,0.4953654146243382,0.4953654146243382,0.5935892271414609,0.6544107728585391,-0.2582735758359513,0.17627029307130865,0.06082154571707821,0.08454386890725984,0.3500000000000001
rep0870,0.36,0.36163439556497956,alg1,0.15,0.005,0.005,0.13999999999999999,abs_005_005,1000,2000,0.08124763984378047,0.5676535829855173,True,0.4864059431417368,0.4864059431417368,0.3431298399344417,0.4038701600655583,-0.2618822000906612,0.16378342291995898,0.06074032013111663,0.0941656230106202,0.33149999999999996
rep0871,0.42,0.4197272877722369,alg1,0.15,0.005,0.005,0.13999999999999999,abs_005_005,1000,2000,0.2034638005531503,0.689422489732051,True,0.4859586891789007,0.4859586891789007,0.439163243985602,0.5018367560143979,-0.23569944343245172,0.18758573371765308,0.0626735120287959,0.09728517715010482,0.326
rep0872,0.57,0.5674604779482287,alg1,0.15,0.005,0.005,0.13999999999999999,abs_005_005,1000,2000,0.3263258917523799,0.8305884744890553,True,0.5042625827366753,0.5042625827366753,0.5692427954454456,0.6307572045545543,-0.2429169036930657,0.19983126993450098,0.06151440910910866,0.0987481736275666,0.3440000000000001
rep0873,0.78,0.7806965032742744,alg1,0.15,0.005,0.005,0.13999999999999999,abs_005_005,1000,2000,0.600865048506151,1.0825426885678886,True,0.48167764006173763,0.39913495149384903,0.8893098858955271,0.9256901141044729,-0.2884448373893761,0.1568525744634157,0.03638022820894582,0.08429741185279171,0.3610000000000001
rep0874,0.43,0.4292313502895028,alg1,0.15,0.005,0.005,0.13999999999999999,abs_005_005,1000,2000,0.2805416689817226,0.8430349372831262,True,0.5624932683014036,0.5624932683014036,0.5298430504644922,0.5921569495355079,-0.2493013814827696,0.25087798774761827,0.0623138990710157,0.09467936923038789,0.40549999999999997
rep0875,0.56,0.5603388085034261,alg1,0.15,0.005,0.005,0.13999999999999999,abs_005_005,1000,2000,0.30774205101382685,0.8137317649033945,True,0.5059897138895677,0.5059897138895677,0.5672174312101228,0.6287825687898771,-0.25947538019629596,0.18494919611351732,0.06156513757975435,0.09192457630981327,0.3525
rep0876,0.22,0.2221392497222348,alg1,0.15,0.005,0.005,0.13999999999999999,abs_005_005,1000,2000,-0.010173058113563227,0.4951099454513043,True,0.5052830035648675,0.4951099454513043,0.26248253926752246,0.3195174607324775,-0.2726555973810857,0.17559248471882682,0.057034921464955035,0.09124808209991253,0.357
rep0877,0.85,0.8503103181093458,alg1,0.15,0.005,0.005,0.13999999999999999,abs_005_005,1000,2000,0.47996650493774684,0.9139271704476484,True,0.43396066550990153,0.43396066550990153,0.7425387473160638,0.7954612526839362,-0.262572242378317,0.11846591776371224,0.05292250536787235,0.0935381601420292,0.28750000000000003
rep0878,0.72,0.7164404563613495,alg1,0.15,0.005,0.005,0.13999999999999999,abs_005_005,1000,2000,0.4399052598302846,0.9827648914771883,True,0.5428596316469037,0.5428596316469037,0.6902646077134704,0.7467353922865296,-0.2503593478831858,0.2360294991906586,0.05647078457305921,0.10188884707384449,0.38449999999999995
rep0879,0.08,0.07576739051193988,alg1,0.15,0.005,0.005,0.13999999999999999,abs_005_005,1000,2000,-0.07148953728025464,0.4165574882169147,True,0.48804702549716933,0.4165574882169147,0.19447123293925617,0.24652876706074384,-0.2659607702195108,0.17002872115617085,0.05205753412148767,0.10098949137568164,0.335
rep0880,0.90,0.8982166533697417,alg1,0.15,0.005,0.005,0.13999999999999999,abs_005_005,1000,2000,0.6126098174161545,1.1326434970446555,True,0.520033679628501,0.3873901825838455,0.9040650234008298,0.9379349765991702,-0.2914552059846754,0.19470852044548528,0.03386995319834041,0.09916372643016069,0.387
rep0881,0.64,0.6350075468335434,alg1,0.15,0.005,0.005,0.13999999999999999,abs_005_005,1000,2000,0.43906236503962215,0.9861859426519288,True,0.5471235776123067,0.5471235776123067,0.818041801835833,0.863958198164167,-0.3789794367962108,0.12222774448776189,0.045916396328334,0.09570718128397271,0.40549999999999997
rep0882,0.62,0.6194045418639186,alg1,0.15,0.005,0.005,0.13999999999999999,abs_005_005,1000,2000,0.43426669558266096,0.8560898779492846,True,0.42182318236662364,0.42182318236662364,0.6568614375527869,0.7151385624472132,-0.222594741970126,0.14095131550207138,0.05827712489442627,0.10154605747219736,0.262
rep0883,0.48,0.4834139338653431,alg1,0.15,0.005,0.005,0.13999999999999999,abs_005_005,1000,2000,0.13803698261394304,0.6817382270673666,True,0.5437012444534236,0.5437012444534236,0.49013759436713555,0.5528624056328644,-0.3521006117531925,0.12887582143450232,0.06272481126572882,0.08547643318769482,0.3955
rep0884,0.57,0.5727074213945059,alg1,0.15,0.005,0.005,0.13999999999999999,abs_005_005,1000,2000,0.31782066650129887,0.7271710581548023,True,0.40935039165350345,0.40935039165350345,0.5419449317079529,0.604055068292047,-0.22412426520665402,0.12311598986275532,0.062110136584094144,0.10074025506940931,0.24650000000000005
rep0885,0.56,0.5645856504075222,alg1,0.15,0.005,0.005,0.13999999999999999,abs_005_005,1000,2000,0.42323222652408377,0.8744643969925079,True,0.4512321704684241,0.4512321704684241,0.6789393953576045,0.7360606046423955,-0.25570716883352074,0.13840379235011235,0.05712120928479103,0.10611096118363311,0.288
rep0886,0.69,0.6931027460584248,alg1,0.15,0.005,0.005,0.13999999999999999,abs_005_005,1000,2000,0.2845906504089365,0.8846666122306696,True,0.6000759618217331,0.6000759618217331,0.6420129086256539,0.7009870913743461,-0.35742225821671736,0.1836795208563234,0.05897418274869226,0.10060177907304074,0.44050000000000006
rep0887,0.05,0.049205140687383575,alg1,0.15,0.005,0.005,0.13999999999999999,abs_005_005,1000,2000,-0.19475873096956292,0.29425580655084865,True,0.4890145375204116,0.29425580655084865,0.09589535692838332,0.1361046430716167,-0.2906540878979462,0.15815116347923194,0.040209286143233394,0.09430525137717821,0.3545
rep0888,0.80,0.8033900827235515,alg1,0.15,0.005,0.005,0.13999999999999999,abs_005_005,1000,2000,0.6705042657370799,1.1411896046821988,True,0.4706853389451189,0.3294957342629201,0.9262068024242556,0.9557931975757443,-0.2557025366871757,0.18539640710645433,0.029586395151488754,0.09609894379362999,0.34500000000000003
rep0889,0.78,0.784505898456157,alg1,0.15,0.005,0.005,0.13999999999999999,abs_005_005,1000,2000,0.3064293943508805,0.9275217682177561,True,0.6210923738668757,0.6210923738668757,0.6897493778573669,0.746250622142633,-0.3833199835064864,0.18127114607512304,0.05650124428526615,0.08109112958160924,0.48350000000000015
rep0890,0.67,0.6746884477761247,alg1,0.15,0.005,0.005,0.13999999999999999,abs_005_005,1000,2000,0.2361954742586755,0.7980903834649464,True,0.5618949092062709,0.5618949092062709,0.5409357309486759,0.603064269051324,-0.3047402566900004,0.19502611441362236,0.06212853810264818,0.0992663711036228,0.40049999999999997
rep0891,0.37,0.36852113494770344,alg1,0.15,0.005,0.005,0.13999999999999999,abs_005_005,1000,2000,0.0430093164579079,0.5531594669752341,True,0.5101501505173263,0.5101501505173263,0.33624817780091776,0.3967518221990822,-0.29323886134300986,0.15640764477615188,0.06050364439816447,0.1021465061191617,0.34750000000000003
rep0892,0.61,0.6115842575713748,alg1,0.15,0.005,0.005,0.13999999999999999,abs_005_005,1000,2000,0.5124896707930828,1.0711039480375721,True,0.5586142772444893,0.48751032920691717,0.7895707623337536,0.8384292376662463,-0.27708109154067073,0.23267471037132584,0.04885847533249277,0.10475580191199652,0.405
rep0893,0.39,0.39275393687404453,alg1,0.15,0.005,0.005,0.13999999999999999,abs_005_005,1000,2000,0.21651569292313966,0.686026542138153,True,0.4695108492150133,0.4695108492150133,0.4841236467655985,0.5468763532344014,-0.26760795384245883,0.13915018890375153,0.06275270646880293,0.08525814274621046,0.3214999999999999
rep0894,0.20,0.19510863323616778,alg1,0.15,0.005,0.005,0.13999999999999999,abs_005_005,1000,2000,-0.06761731743063457,0.46363174713826394,True,0.5312490645688985,0.46363174713826394,0.20693922382028004,0.26006077617971995,-0.2745565412509146,0.20357097095854396,0.05312155235943991,0.09962751220945859,0.3785
rep0895,0.82,0.8242368779695044,alg1,0.15,0.005,0.005,0.13999999999999999,abs_005_005,1000,2000,0.36338090603592677,0.9666547524726725,True,0.6032738464367458,0.6032738464367458,0.7145303550737667,0.7694696449262333,-0.35114944903783996,0.1971851075464393,0.054939289852466544,0.09983455658427914,0.44850000000000007
rep0896,0.76,0.7582292136960516,alg1,0.15,0.005,0.005,0.13999999999999999,abs_005_005,1000,2000,0.338884181758242,0.8864679044077683,True,0.5475837226495264,0.5475837226495264,0.6404786909421372,0.6995213090578629,-0.3015945091838952,0.18694659534990538,0.05904261811572575,0.10604110453380045,0.3825000000000001
rep0897,0.48,0.4770049671272524,alg1,0.15,0.005,0.005,0.13999999999999999,abs_005_005,1000,2000,0.28369444634796137,0.7540332271113647,True,0.4703387807634033,0.4703387807634033,0.5243025459001677,0.5866974540998323,-0.24060809955220633,0.16733577301153235,0.062394908199664645,0.09794387256373865,0.31
rep0898,0.57,0.5660254562409672,alg1,0.15,0.005,0.005,0.13999999999999999,abs_005_005,1000,2000,0.42636984059912725,0.9491142535387104,True,0.5227444129395831,0.5227444129395831,0.7337056264213749,0.787294373578625,-0.3073357858222477,0.1618198799600854,0.05358874715725004,0.08965566578233308,0.3795
rep0899,0.19,0.1925111327199006,alg1,0.15,0.005,0.005,0.13999999999999999,abs_005_005,1000,2000,0.029736715376242978,0.5106507072971149,True,0.4809139919208719,0.4809139919208719,0.23535905681343752,0.29064094318656253,-0.20562234143719454,0.22000976411055237,0.055281886373125005,0.08213210554774686,0.3435
rep0900,0.49,0.4888817860759957,alg1,0.15,0.005,0.005,0.13999999999999999,abs_005_005,1000,2000,0.3863393055312904,0.847275830090774,True,0.4609365245594836,0.4609365245594836,0.6088459764164468,0.6691540235835532,-0.22250667088515635,0.17812180650722076,0.06030804716710647,0.10362847739237707,0.29700000000000004
rep0901,0.17,0.16546622940684158,alg1,0.15,0.005,0.005,0.13999999999999999,abs_005_005,1000,2000,-0.29346440013172614,0.15125400333267358,False,0.4447184034643997,0.15125400333267358,0.0,0.0,-0.29346440013172614,0.15125400333267358,0.0,0.09521840346439975,0.3495
rep0902,0.48,0.4847437166697385,alg1,0.15,0.005,0.005,0.13999999999999999,abs_005_005,1000,2000,0.42125724655015495,0.912322211686726,True,0.49106496513657105,0.49106496513657105,0.6532743329188253,0.7117256670811747,-0.23201708636867038,0.20059654460555126,0.05845133416234938,0.08511363097422164,0.34750000000000003
rep0903,0.48,0.47642673676275166,alg1,0.15,0.005,0.005,0.13999999999999999,abs_005_005,1000,2000,0.25734272883910736,0.7490177963328825,True,0.4916750674937751,0.4916750674937751,0.47861483846893343,0.5413851615310666,-0.22127210962982607,0.20763263480181582,0.0627703230621332,0.09940474443164182,0.32950000000000007
rep0904,0.57,0.5696815665570198,alg1,0.15,0.005,0.005,0.13999999999999999,abs_005_005,1000,2000,0.2752928631706954,0.7608206438313155,True,0.48552778066062013,0.48552778066062013,0.5464879417487185,0.6085120582512815,-0.2711950785780231,0.15230858558003404,0.06202411650256301,0.10500366415805712,0.31850000000000006
rep0905,0.66,0.6633540310767755,alg1,0.15,0.005,0.005,0.13999999999999999,abs_005_005,1000,2000,0.4100518939696608,0.910648982884397,True,0.5005970889147362,0.5005970889147362,0.6594248316582214,0.7175751683417786,-0.24937293768856064,0.1930738145426184,0.05815033668355718,0.101946752231179,0.3405
rep0906,0.21,0.20778147997799512,alg1,0.15,0.005,0.005,0.13999999999999999,abs_005_005,1000,2000,-0.16205698944930416,0.30395855993930165,True,0.4660155493886058,0.30395855993930165,0.10330792062048758,0.14469207937951242,-0.26536491006979174,0.15926648055978926,0.04138415875902485,0.09013139062958098,0.3345
rep0907,0.61,0.6108360185194849,alg1,0.15,0.005,0.005,0.13999999999999999,abs_005_005,1000,2000,0.31547456679163116,0.8983979150732107,True,0.5829233482815794,0.5829233482815794,0.6129197920252031,0.673080207974797,-0.2974452252335719,0.2253177070984137,0.06016041594959387,0.10426293233198553,0.41850000000000004
rep0908,0.12,0.12191918547230092,alg1,0.15,0.005,0.005,0.13999999999999999,abs_005_005,1000,2000,-0.25289283549184194,0.16606005713710553,True,0.41895289262894747,0.16606005713710553,0.0,0.0,-0.25289283549184194,0.16606005713710553,0.0,0.10745289262894736,0.3115000000000001
rep0909,0.59,0.5887956842779712,alg1,0.15,0.005,0.005,0.13999999999999999,abs_005_005,1000,2000,0.31209296912634377,0.7794430169092563,True,0.46735004778291256,0.46735004778291256,0.5874952718430843,0.6485047281569157,-0.2754023027167405,0.1309382887523406,0.06100945631383148,0.09234059146908102,0.31400000000000006
rep0910,0.71,0.705233842939327,alg1,0.15,0.005,0.005,0.13999999999999999,abs_005_005,1000,2000,0.519909777444229,0.9755182690245691,True,0.4556084915803401,0.4556084915803401,0.7654728326843753,0.8165271673156248,-0.24556305524014635,0.15899110170894423,0.05105433463124953,0.10005415694909059,0.3045
rep0911,0.41,0.41052858864821595,alg1,0.15,0.005,0.005,0.13999999999999999,abs_005_005,1000,2000,0.12120023108638722,0.6264734825906109,True,0.5052732515042236,0.5052732515042236,0.40090022253829233,0.46309977746170766,-0.2796999914519051,0.16337370512890317,0.062199554923415334,0.09407369658080833,0.349
rep0912,0.40,0.3985697612219814,alg1,0.15,0.005,0.005,0.13999999999999999,abs_005_005,1000,2000,0.030420394867602896,0.5712831299442163,True,0.5408627350766133,0.5408627350766133,0.34558922714146084,0.40641077285853916,-0.31516883227385795,0.16487235708567713,0.06082154571707832,0.1015411893595351,0.3785
rep0913,0.31,0.3099407247072056,alg1,0.15,0.005,0.005,0.13999999999999999,abs_005_005,1000,2000,0.08234725414949895,0.5055604252570952,True,0.42321317110759626,0.42321317110759626,0.3024335955682802,0.36156640443171983,-0.22008634141878125,0.1439940208253754,0.059132808863439634,0.09258036224415656,0.2715000000000001
rep0914,0.53,0.5328259823253244,alg1,0.15,0.005,0.005,0.13999999999999999,abs_005_005,1000,2000,0.275376854814828,0.7575530195849784,True,0.48217616477015046,0.48217616477015046,0.5641803831968867,0.6258196168031133,-0.2888035283820587,0.13173340278186516,0.061639233606226584,0.10003693116392387,0.3205
rep0915,0.54,0.5361074221794188,alg1,0.15,0.005,0.005,0.13999999999999999,abs_005_005,1000,2000,0.28094330560491276,0.8627228637096327,True,0.5817795581047199,0.5817795581047199,0.5682300466632261,0.6297699533367739,-0.2872867410583133,0.23295291037285884,0.061539906673547806,0.10523965143117203,0.4150000000000001
rep0916,0.77,0.7667858068857146,alg1,0.15,0.005,0.005,0.13999999999999999,abs_005_005,1000,2000,0.6736012990850275,1.0574222666208037,True,0.3838209675357762,0.3263987009149725,0.8882219041773407,0.9247780958226592,-0.21462060509231315,0.13264417079814458,0.036556191645318536,0.09176477589045767,0.25550000000000006
rep0917,0.16,0.15603266640807414,alg1,0.15,0.005,0.005,0.13999999999999999,abs_005_005,1000,2000,-0.23350730242195658,0.30553820267500487,True,0.5390455050969615,0.30553820267500487,0.09820862048726461,0.13879137951273537,-0.3317159229092212,0.16674682316226946,0.04058275902547076,0.09646274607149063,0.402
rep0918,0.10,0.10229831623511373,alg1,0.15,0.005,0.005,0.13999999999999999,abs_005_005,1000,2000,-0.15257376292154073,0.2832331612906578,True,0.4358069242121985,0.2832331612906578,0.080707063813014,0.11829293618698601,-0.23328082673455475,0.16494022510367176,0.03758587237397201,0.10322105183822661,0.29499999999999993
rep0919,0.79,0.7880486889494721,alg1,0.15,0.005,0.005,0.13999999999999999,abs_005_005,1000,2000,0.7426751240816765,1.2076258888317766,True,0.4649507647501001,0.25732487591832354,1.0,1.0,-0.25732487591832354,0.20762588883177666,0.0,0.10145076475010018,0.36350000000000005
rep0920,0.19,0.18988673461986103,alg1,0.15,0.005,0.005,0.13999999999999999,abs_005_005,1000,2000,-0.1358785897611107,0.3352846766384837,True,0.4711632663995944,0.3352846766384837,0.12758202747780958,0.1724179725221904,-0.2634606172389203,0.16286670411629334,0.04483594504438082,0.10032732135521355,0.32600000000000007
rep0921,0.31,0.3057314196109613,alg1,0.15,0.005,0.005,0.13999999999999999,abs_005_005,1000,2000,0.11444294007276418,0.601284568407666,True,0.4868416283349018,0.4868416283349018,0.34411349101457617,0.40488650898542383,-0.229670550941812,0.19639805942224212,0.060773017970847665,0.09606861036405406,0.33
rep0922,0.82,0.8204088881687474,alg1,0.15,0.005,0.005,0.13999999999999999,abs_005_005,1000,2000,0.5782418201118882,1.0690093613404354,True,0.49076754122854727,0.4217581798881118,0.8201595396096597,0.8658404603903402,-0.24191771949777147,0.20316890095009515,0.045680920780680534,0.0895866204478667,0.3554999999999999
rep0923,0.67,0.6673295667496753,alg1,0.15,0.005,0.005,0.13999999999999999,abs_005_005,1000,2000,0.5631955351036163,1.1039729803323295,True,0.5407774452287132,0.4368044648963837,0.8633577732952439,0.903642226704756,-0.3001622381916276,0.2003307536275734,0.040284453409512144,0.10199299181920096,0.39849999999999997
rep0924,0.19,0.18602206952727826,alg1,0.15,0.005,0.005,0.13999999999999999,abs_005_005,1000,2000,0.027073591728199342,0.5429483473041278,True,0.5158747555759284,0.5158747555759284,0.3014560679420448,0.3605439320579552,-0.2743824762138455,0.18240441524617254,0.05908786411591038,0.10528689146001802,0.35150000000000003
rep0925,0.64,0.6354263351837406,alg1,0.15,0.005,0.005,0.13999999999999999,abs_005_005,1000,2000,0.6391160338341623,1.1393811609836393,False,0.500265127149477,0.36088396616583773,0.9616425370543741,0.9823574629456259,-0.3225265032202118,0.15702369803801336,0.02071492589125179,0.09405020125822522,0.38549999999999995
rep0926,0.07,0.07157292987670523,alg1,0.15,0.005,0.005,0.13999999999999999,abs_005_005,1000,2000,-0.2221627225131132,0.18229500504417534,True,0.40445772755728854,0.18229500504417534,0.0,0.0,-0.2221627225131132,0.18229500504417534,0.0,0.10045772755728855,0.304
rep0927,0.62,0.615998541441101,alg1,0.15,0.005,0.005,0.13999999999999999,abs_005_005,1000,2000,0.30894334041034544,0.7646765576116904,True,0.45573321720134496,0.45573321720134496,0.5374045479560734,0.5995954520439266,-0.228461207545728,0.16508110556776381,0.062190904087853216,0.09704231311349176,0.29650000000000004
rep0928,0.61,0.6069671000905437,alg1,0.15,0.005,0.005,0.13999999999999999,abs_005_005,1000,2000,0.5542589995051188,1.1049926582476934,True,0.5507336587425746,0.4457410004948812,0.7895707623337536,0.8384292376662463,-0.2353117628286347,0.266563420581447,0.04885847533249277,0.10387518341008167,0.39799999999999996
rep0929,0.53,0.533638298979293,alg1,0.15,0.005,0.005,0.13999999999999999,abs_005_005,1000,2000,0.32043955180484585,0.8286201554689028,True,0.5081806036640569,0.5081806036640569,0.6047744275378668,0.6652255724621332,-0.28433487573302096,0.16339458300676954,0.0604511449242664,0.10372945873979056,0.344
rep0930,0.29,0.29261726235459307,alg1,0.15,0.005,0.005,0.13999999999999999,abs_005_005,1000,2000,0.10189125411152278,0.6387179160711801,True,0.5368266619596573,0.5368266619596573,0.4267195046083154,0.4892804953916846,-0.32482825049679265,0.14943742067949548,0.06256099078336919,0.0907656711762882,0.38349999999999995
rep0931,0.22,0.2229244437616591,alg1,0.15,0.005,0.005,0.13999999999999999,abs_005_005,1000,2000,0.1786273273460265,0.6584077079768327,True,0.4797803806308062,0.4797803806308062,0.46560912460390314,0.5283908753960969,-0.28698179725787665,0.13001683258073587,0.06278175079219372,0.10249862983861252,0.3145
rep0932,0.42,0.42272745262942124,alg1,0.15,0.005,0.005,0.13999999999999999,abs_005_005,1000,2000,0.2181471349690029,0.6860048386867873,True,0.4678577037177844,0.4678577037177844,0.47711309594381207,0.5398869040561878,-0.2589659609748092,0.1461179346305995,0.0627738081123757,0.09208389560540864,0.31300000000000006
rep0933,0.49,0.48694716452448095,alg1,0.15,0.005,0.005,0.13999999999999999,abs_005_005,1000,2000,0.22990342244598339,0.7686886153003891,True,0.5387851928544057,0.5387851928544057,0.5490129750300087,0.6109870249699912,-0.3191095525840253,0.15770159033039788,0.06197404993998257,0.10581114291442317,0.371
rep0934,0.49,0.4935287680614457,alg1,0.15,0.005,0.005,0.13999999999999999,abs_005_005,1000,2000,0.3738685405742826,0.80064863474988,True,0.4267800941755974,0.4267800941755974,0.6241346118367551,0.6838653881632449,-0.2502660712624725,0.11678324658663505,0.05973077632648982,0.10704931784910754,0.26
rep0935,0.59,0.5916524058171294,alg1,0.15,0.005,0.005,0.13999999999999999,abs_005_005,1000,2000,0.45289022691679237,0.9384553130319357,True,0.4855650861151434,0.4855650861151434,0.6933568952210643,0.7496431047789358,-0.24046666830427188,0.18881220825299988,0.05628620955787156,0.08777887655727168,0.3415000000000001
rep0936,0.71,0.7101960404072895,alg1,0.15,0.005,0.005,0.13999999999999999,abs_005_005,1000,2000,0.5049218674479133,1.0386575110904863,True,0.533735643642573,0.49507813255208666,0.7654728326843753,0.8165271673156248,-0.26055096523646193,0.22213034377486157,0.05105433463124953,0.09718130901132349,0.3855
rep0937,0.75,0.7487264705753629,alg1,0.15,0.005,0.005,0.13999999999999999,abs_005_005,1000,2000,0.6854618591429937,1.0786579082365715,True,0.39319604909357775,0.31453814085700627,0.9397127037075208,0.9662872962924791,-0.254250844564527,0.11237061194409238,0.026574592584958312,0.10112145650861937,0.2655
rep0938,0.10,0.10400479654477361,alg1,0.15,0.005,0.005,0.13999999999999999,abs_005_005,1000,2000,-0.22273537801139293,0.3051297965248603,True,0.5278651745362533,0.3051297965248603,0.11261286625473842,0.15538713374526159,-0.33534824426613136,0.14974266277959866,0.04277426749052317,0.10359090704573004,0.38149999999999995
rep0939,0.62,0.61597297399605,alg1,0.15,0.005,0.005,0.13999999999999999,abs_005_005,1000,2000,0.24999960191617532,0.7111599036710388,True,0.46116030175486344,0.46116030175486344,0.5016770047283273,0.5643229952716727,-0.251677402812152,0.14683690839936597,0.06264599054334541,0.09851431121151799,0.3
rep0940,0.04,0.03944101284156614,alg1,0.15,0.005,0.005,0.13999999999999999,abs_005_005,1000,2000,-0.23765677195405405,0.13853541989466844,True,0.3761921918487225,0.13853541989466844,0.0,0.0,-0.23765677195405405,0.13853541989466844,0.0,0.0756921918487225,0.3005
rep0941,0.56,0.5583163483519791,alg1,0.15,0.005,0.005,0.13999999999999999,abs_005_005,1000,2000,0.4102985675894914,0.8904420691108821,True,0.4801435015213907,0.4801435015213907,0.6707155896253978,0.7282844103746022,-0.2604170220359064,0.1621576587362799,0.05756882074920444,0.08407468077218627,0.3385
rep0942,0.57,0.5733742466148171,alg1,0.15,0.005,0.005,0.13999999999999999,abs_005_005,1000,2000,0.31450666765475654,0.9390099697846626,True,0.624503302129906,0.624503302129906,0.65788667708642,0.7161133229135801,-0.34338000943166347,0.22289664687108252,0.058226645827160084,0.10027665630274585,0.4660000000000001
rep0943,0.52,0.5192053278597004,alg1,0.15,0.005,0.005,0.13999999999999999,abs_005_005,1000,2000,0.1127955741862306,0.6338121393308929,True,0.5210165651446623,0.5210165651446623,0.410820476467146,0.47317952353285403,-0.2980249022809154,0.1606326157980389,0.06235904706570805,0.10315751807895435,0.3554999999999999
rep0944,0.74,0.7406440761691009,alg1,0.15,0.005,0.005,0.13999999999999999,abs_005_005,1000,2000,0.4954461031854569,0.979165507052821,True,0.4837194038673641,0.4837194038673641,0.7316293853842275,0.7853706146157724,-0.23618328219877063,0.1937948924370486,0.053741229231544896,0.10247817463581921,0.3275
rep0945,0.34,0.3414404434383478,alg1,0.15,0.005,0.005,0.13999999999999999,abs_005_005,1000,2000,-0.13713625787003994,0.48844640217330126,True,0.6255826600433412,0.48844640217330126,0.22281421511141605,0.277185784888584,-0.359950472981456,0.21126061728471726,0.05437156977716792,0.09871109026617325,0.4725
rep0946,0.21,0.21214867445246377,alg1,0.15,0.005,0.005,0.13999999999999999,abs_005_005,1000,2000,-0.26616497569799247,0.2703807233156086,True,0.536545699013601,0.2703807233156086,0.05577138428726039,0.0882286157127396,-0.3219363599852529,0.18215210760286896,0.03245723142547921,0.10458846758812185,0.3995
rep0947,0.28,0.28422013734374324,alg1,0.15,0.005,0.005,0.13999999999999999,abs_005_005,1000,2000,0.18143615426801363,0.6981435818303273,True,0.5167074275623137,0.5167074275623137,0.443647823408715,0.506352176591285,-0.2622116691407014,0.1917914052390424,0.06270435318256995,0.10450307437974382,0.3494999999999999
rep0948,0.48,0.48338293458160114,alg1,0.15,0.005,0.005,0.13999999999999999,abs_005_005,1000,2000,0.15908848583790924,0.6562689930456514,True,0.4971805072077422,0.4971805072077422,0.4078430504644922,0.4701569495355078,-0.24875456462658296,0.18611204351014365,0.06231389907101559,0.1043666081367266,0.3305
rep0949,0.52,0.5182804217943408,alg1,0.15,0.005,0.005,0.13999999999999999,abs_005_005,1000,2000,0.3521717084371224,0.7898889206976729,True,0.4377172122605505,0.4377172122605505,0.604265642500474,0.6647343574995259,-0.25209393406335157,0.12515456319814694,0.06046871499905193,0.10024849726149848,0.277
rep0950,0.23,0.22991933107119408,alg1,0.15,0.005,0.005,0.13999999999999999,abs_005_005,1000,2000,-0.06204390314493441,0.4516501069658863,True,0.5136940101108207,0.4516501069658863,0.23970882251375325,0.2952911774862468,-0.30175272565868766,0.15635892947963953,0.05558235497249353,0.0931116551383272,0.365
rep0951,0.36,0.35825827602418825,alg1,0.15,0.005,0.005,0.13999999999999999,abs_005_005,1000,2000,-0.16661106225935843,0.4014515036909534,True,0.5680625659503118,0.4014515036909534,0.18108590004638161,0.23191409995361836,-0.34769696230574004,0.16953740373733506,0.05082819990723675,0.10623436604307512,0.41100000000000003
rep0952,0.73,0.7289050088345319,alg1,0.15,0.005,0.005,0.13999999999999999,abs_005_005,1000,2000,0.44607747916691687,0.9291109496120513,True,0.48303347044513445,0.48303347044513445,0.731110450518718,0.784889549481282,-0.28503297135180117,0.14422140013076928,0.05377909896256394,0.10275437148257044,0.3265
rep0953,0.65,0.6450561188092513,alg1,0.15,0.005,0.005,0.13999999999999999,abs_005_005,1000,2000,0.5446371492318594,0.9976229554361533,True,0.45298580620429396,0.45298580620429396,0.7686086903650909,0.8193913096349091,-0.22397154113323153,0.17823164580124423,0.0507826192698182,0.08970318693447576,0.3125
rep0954,0.34,0.3356003964011355,alg1,0.15,0.005,0.005,0.13999999999999999,abs_005_005,1000,2000,0.06915591519135084,0.6091037593200173,True,0.5399478441286665,0.5399478441286665,0.3534650503371997,0.4145349496628003,-0.2843091351458489,0.19456880965721693,0.061069899325600585,0.09887794480306578,0.38
rep0955,0.59,0.5934399509169045,alg1,0.15,0.005,0.005,0.13999999999999999,abs_005_005,1000,2000,0.5031962794623894,0.9729893849590061,True,0.4697931054966167,0.4697931054966167,0.7806495752999313,0.8303504247000687,-0.27745329583754186,0.14263896025893744,0.049700849400137415,0.09959225609647926,0.3205
rep0956,0.39,0.39181048198391705,alg1,0.15,0.005,0.005,0.13999999999999999,abs_005_005,1000,2000,0.16281794352390982,0.742121187262688,True,0.5793032437387782,0.5793032437387782,0.4931462676250192,0.5558537323749808,-0.33032832410110935,0.18626745488770724,0.06270746474996164,0.08709577898881649,0.4295000000000001
rep0957,0.68,0.6783139786825123,alg1,0.15,0.005,0.005,0.13999999999999999,abs_005_005,1000,2000,0.36959485951839044,0.836776118980075,True,0.46718125946168454,0.46718125946168454,0.5961298399344417,0.6568701600655582,-0.22653498041605125,0.1799059589145168,0.06074032013111652,0.09644093933056802,0.31
rep0958,0.57,0.5707098860996819,alg1,0.15,0.005,0.005,0.13999999999999999,abs_005_005,1000,2000,0.3334516505652708,0.8646670338580709,True,0.5312153832928,0.5312153832928,0.572281843435527,0.633718156564473,-0.23883019287025617,0.2309488772935979,0.06143631312894593,0.10377907016385407,0.366
rep0959,0.46,0.46419226054784907,alg1,0.15,0.005,0.005,0.13999999999999999,abs_005_005,1000,2000,0.22489050832845037,0.749564139796522,True,0.5246736314680717,0.5246736314680717,0.5404311791668863,0.6025688208331137,-0.31554067083843595,0.14699531896340834,0.06213764166622737,0.0960359898018443,0.3665
rep0960,0.27,0.26685012160209715,alg1,0.15,0.005,0.005,0.13999999999999999,abs_005_005,1000,2000,0.016181068351628747,0.5372628930967992,True,0.5210818247451705,0.5210818247451705,0.3712174312101229,0.43278256878987714,-0.35503636285849416,0.10448032430692208,0.06156513757975424,0.09501668716541622,0.36450000000000005
rep0961,0.10,0.09932453733107761,alg1,0.15,0.005,0.005,0.13999999999999999,abs_005_005,1000,2000,-0.16991615567282045,0.36252264673940415,True,0.5324388024122246,0.36252264673940415,0.15019841449126534,0.19780158550873464,-0.3201145701640858,0.1647210612306695,0.0476031710174693,0.09883563139475515,0.3860000000000001
rep0962,0.49,0.49056511629801486,alg1,0.15,0.005,0.005,0.13999999999999999,abs_005_005,1000,2000,0.304741028762856,0.7701918813254406,True,0.46545085256258456,0.46545085256258456,0.542449580714241,0.604550419285759,-0.23770855195138496,0.16564146203968153,0.06210083857151805,0.08585001399106651,0.3175
rep0963,0.64,0.6424563136593564,alg1,0.15,0.005,0.005,0.13999999999999999,abs_005_005,1000,2000,0.4059028019253579,0.8869873691910419,True,0.48108456726568405,0.48108456726568405,0.6882039464237457,0.7447960535762543,-0.28230114449838783,0.1421913156147876,0.05659210715250862,0.10099246011317542,0.3235
rep0964,0.41,0.4098375058446741,alg1,0.15,0.005,0.005,0.13999999999999999,abs_005_005,1000,2000,0.01904362879795979,0.45207707217598814,True,0.43303344337802835,0.43303344337802835,0.2916891344416287,0.3503108655583713,-0.2726455056436689,0.10176620661761679,0.058621731116742626,0.09741171226128564,0.277
rep0965,0.52,0.5177998783960265,alg1,0.15,0.005,0.005,0.13999999999999999,abs_005_005,1000,2000,0.3977669304374759,0.8391698640599581,True,0.4414029336224822,0.4414029336224822,0.6144480606626291,0.6745519393373708,-0.21668113022515323,0.1646179247225873,0.06010387867474165,0.1052990549477405,0.276
rep0966,0.65,0.6530343212030639,alg1,0.15,0.005,0.005,0.13999999999999999,abs_005_005,1000,2000,0.46861163600743017,0.9605750361907377,True,0.49196340018330753,0.49196340018330753,0.7592073895803303,0.8107926104196698,-0.29059575357290013,0.14978242577106787,0.051585220839339474,0.08037817934396813,0.3599999999999999
rep0967,0.42,0.4212391093269436,alg1,0.15,0.005,0.005,0.13999999999999999,abs_005_005,1000,2000,0.2003160555490241,0.6629341655260351,True,0.462618109977011,0.462618109977011,0.492143250567568,0.5548567494324319,-0.29182719501854393,0.10807741609360326,0.06271349886486388,0.10190461111214716,0.29800000000000004
rep0968,0.73,0.7275222267367003,alg1,0.15,0.005,0.005,0.13999999999999999,abs_005_005,1000,2000,0.4565320666488444,1.0130764785872206,True,0.5565444119383762,0.5434679333511556,0.7686086903650909,0.8193913096349091,-0.31207662371624656,0.19368516895231153,0.0507826192698182,0.104261792668558,0.4015
rep0969,0.14,0.14258850472421675,alg1,0.15,0.005,0.005,0.13999999999999999,abs_005_005,1000,2000,0.04418642247012203,0.4564088095610772,True,0.41222238709095516,0.41222238709095516,0.2595699593389326,0.31643004066106734,-0.2153835368688106,0.13997876890000985,0.056860081322134715,0.08786230576882048,0.26749999999999996
rep0970,0.47,0.47304827033809954,alg1,0.15,0.005,0.005,0.13999999999999999,abs_005_005,1000,2000,0.3069088574984631,0.7595767914898136,True,0.4526679339913505,0.4526679339913505,0.5895260406999051,0.6504739593000949,-0.282617183201442,0.1091028321897187,0.06094791860018978,0.10022001539116088,0.29149999999999987
rep0971,0.80,0.7956306301453825,alg1,0.15,0.005,0.005,0.13999999999999999,abs_005_005,1000,2000,0.5751603274716395,1.085392889702828,True,0.5102325622311885,0.4248396725283605,0.8671233920459601,0.9068766079540399,-0.2919630645743206,0.17851628174878817,0.039753215908079786,0.09347934632310878,0.37699999999999995
rep0972,0.77,0.7717441073435837,alg1,0.15,0.005,0.005,0.13999999999999999,abs_005_005,1000,2000,0.5755563042621903,1.1574908890652984,True,0.5819345848031081,0.4244436957378097,0.8991319639249392,0.9338680360750607,-0.32357565966274887,0.22362285299023762,0.03473607215012153,0.10419851265298646,0.443
rep0973,0.67,0.674802219980781,alg1,0.15,0.005,0.005,0.13999999999999999,abs_005_005,1000,2000,0.4912468694628167,0.9525019152638872,True,0.46125504580107046,0.46125504580107046,0.7607729764956375,0.8122270235043625,-0.26952610703282076,0.14027489175952473,0.05145404700872502,0.0903009987923456,0.3194999999999999
rep0974,0.57,0.5705564869580644,alg1,0.15,0.005,0.005,0.13999999999999999,abs_005_005,1000,2000,0.46349625578964415,1.0136118816467807,True,0.5501156258571366,0.5365037442103558,0.7602510573577341,0.8117489426422659,-0.29675480156809,0.20186293900451488,0.05149788528453181,0.09161774057260486,0.40700000000000003
rep0975,0.36,0.3607373352562038,alg1,0.15,0.005,0.005,0.13999999999999999,abs_005_005,1000,2000,-0.03245654785756652,0.544707778223291,True,0.5771643260808574,0.544707778223291,0.31368588131144487,0.3733141186885552,-0.3461424291690114,0.17139365953473584,0.059628237377110316,0.08503608870374718,0.43250000000000005
rep0976,0.55,0.549968058507605,alg1,0.15,0.005,0.005,0.13999999999999999,abs_005_005,1000,2000,0.3105613825083016,0.8688342912940847,True,0.5582729087857832,0.5582729087857832,0.6277066453303195,0.6872933546696804,-0.3171452628220179,0.18154093662440435,0.059586709339360944,0.10418619944642216,0.3945000000000001
rep0977,0.34,0.34386259797383306,alg1,0.15,0.005,0.005,0.13999999999999999,abs_005_005,1000,2000,0.0417931251554548,0.5974562742609208,True,0.555663149105466,0.555663149105466,0.35100291267892864,0.4119970873210714,-0.30920978752347383,0.18545918693984947,0.06099417464214274,0.08516897446332322,0.4095000000000001
rep0978,0.09,0.09187027739961487,alg1,0.15,0.005,0.005,0.13999999999999999,abs_005_005,1000,2000,-0.09543087040488901,0.3761306984093026,True,0.4715615688141916,0.3761306984093026,0.17917741787503916,0.22982258212496082,-0.27460828827992817,0.14630811628434173,0.05064516424992166,0.09841640456426998,0.32249999999999995
rep0979,0.29,0.29022549594630476,alg1,0.15,0.005,0.005,0.13999999999999999,abs_005_005,1000,2000,-0.0501423932956199,0.3970223502396589,True,0.4471647435352788,0.3970223502396589,0.210302064339937,0.26369793566006294,-0.2604444576355569,0.13332441457959598,0.05339587132012594,0.0962688722151529,0.2975
rep0980,0.38,0.38207521365970815,alg1,0.15,0.005,0.005,0.13999999999999999,abs_005_005,1000,2000,0.11953924613029082,0.631011245898321,True,0.5114719997680301,0.5114719997680301,0.39297331259811824,0.45502668740188174,-0.2734340664678274,0.17598455849643935,0.062053374803763495,0.09841862496426679,0.351
rep0981,0.85,0.8490801200465765,alg1,0.15,0.005,0.005,0.13999999999999999,abs_005_005,1000,2000,0.568425516666508,1.00292354013621,True,0.434498023469702,0.431574483333492,0.8185711151342429,0.8644288848657572,-0.25014559846773493,0.13849465527045268,0.04585776973151434,0.10364025373818764,0.285
rep0982,0.61,0.6078923145347822,alg1,0.15,0.005,0.005,0.13999999999999999,abs_005_005,1000,2000,0.4823648670994656,0.9623332059301939,True,0.4799683388307283,0.4799683388307283,0.7456599064064562,0.7983400935935439,-0.2632950393069906,0.16399311233665004,0.05268018718708767,0.10178815164364063,0.3255
rep0983,0.13,0.13188209031789844,alg1,0.15,0.005,0.005,0.13999999999999999,abs_005_005,1000,2000,-0.047069987542984776,0.5037834041028424,True,0.5508533916458271,0.5037834041028424,0.23632535167927401,0.29167464832072604,-0.2833953392222588,0.2121087557821164,0.05534929664145202,0.10550409500437519,0.39
rep0984,0.43,0.4339175652789224,alg1,0.15,0.005,0.005,0.13999999999999999,abs_005_005,1000,2000,0.13818533026545105,0.5983147965529336,True,0.4601294662874826,0.4601294662874826,0.4023874399293123,0.4646125600706877,-0.26420210966386126,0.13370223648224588,0.06222512014137538,0.07340434614610719,0.32449999999999996
rep0985,0.52,0.519694130940924,alg1,0.15,0.005,0.005,0.13999999999999999,abs_005_005,1000,2000,0.22895400909007146,0.6354828348879803,True,0.40652882579790883,0.40652882579790883,0.4536226888809052,0.5163773111190948,-0.22466867979083371,0.11910552376888549,0.06275462223818962,0.09877420355971911,0.2450000000000001
rep0986,0.32,0.32208760185791574,alg1,0.15,0.005,0.005,0.13999999999999999,abs_005_005,1000,2000,0.02441272635518571,0.5530544605634286,True,0.5286417342082428,0.5286417342082428,0.2999900590352226,0.35900994096477745,-0.27557733268003687,0.19404451959865113,0.059019881929554874,0.10012185227868808,0.36949999999999994
rep0987,0.68,0.6813639880543828,alg1,0.15,0.005,0.005,0.13999999999999999,abs_005_005,1000,2000,0.3916992546969412,0.9559868439861975,True,0.5642875892892563,0.5642875892892563,0.6666076108460335,0.7243923891539665,-0.27490835614909226,0.23159445483223098,0.05778477830793305,0.1065028109813233,0.3999999999999999
rep0988,0.43,0.42623173649753915,alg1,0.15,0.005,0.005,0.13999999999999999,abs_005_005,1000,2000,0.1846890268576324,0.6816937624961754,True,0.497004735638543,0.497004735638543,0.46560912460390314,0.5283908753960969,-0.28092009774627075,0.1533028871000785,0.06278175079219372,0.10072298484634934,0.3334999999999999
rep0989,0.16,0.16100365715429354,alg1,0.15,0.005,0.005,0.13999999999999999,abs_005_005,1000,2000,-0.22255513310047542,0.23004659645802705,True,0.4526017295585025,0.23004659645802705,0.017232791250562512,0.03776720874943749,-0.23978792435103793,0.19227938770858957,0.020534417498874975,0.09506731205962754,0.33699999999999997
rep0990,0.48,0.4786719612656737,alg1,0.15,0.005,0.005,0.13999999999999999,abs_005_005,1000,2000,0.2099600605617835,0.6933928152163167,True,0.48343275465453317,0.48343275465453317,0.5011749441637992,0.5638250558362008,-0.29121488360201564,0.1295677593801159,0.06265011167240164,0.10378264298213152,0.317
rep0991,0.67,0.6691826357680173,alg1,0.15,0.005,0.005,0.13999999999999999,abs_005_005,1000,2000,0.38471482139202634,0.8875352075028613,True,0.5028203861108349,0.5028203861108349,0.6768824533967464,0.7341175466032537,-0.29216763200472,0.15341766089960757,0.057235093206507326,0.08358529290432759,0.362
rep0992,0.38,0.38192524926570776,alg1,0.15,0.005,0.005,0.13999999999999999,abs_005_005,1000,2000,0.19508730959865095,0.6380603812122495,True,0.44297307161359856,0.44297307161359856,0.44065781998201287,0.5033421800179871,-0.24557051038336192,0.13471820119426237,0.06268436003597427,0.1057887115776242,0.2745000000000001
rep0993,0.40,0.40445688832898824,alg1,0.15,0.005,0.005,0.13999999999999999,abs_005_005,1000,2000,0.2072395373418437,0.7105750639265436,True,0.5033355265846999,0.5033355265846999,0.4861277927021203,0.5488722072978796,-0.2788882553602766,0.16170285662866407,0.06274441459575925,0.10409111198894067,0.3365
rep0994,0.52,0.5164659959573914,alg1,0.15,0.005,0.005,0.13999999999999999,abs_005_005,1000,2000,0.22512764564728577,0.6991785591143886,True,0.4740509134671029,0.4740509134671029,0.5092117086419983,0.5717882913580017,-0.2840840629947125,0.1273902677563869,0.06257658271600341,0.0964743307510994,0.315
rep0995,0.65,0.6477753976991143,alg1,0.15,0.005,0.005,0.13999999999999999,abs_005_005,1000,2000,0.5567857201230617,0.9856165062165972,True,0.42883078609353553,0.42883078609353553,0.8016714566477395,0.8493285433522605,-0.24488573652467782,0.13628796286433678,0.04765708670452096,0.10617369938901461,0.27499999999999997
rep0996,0.38,0.37720978773316866,alg1,0.15,0.005,0.005,0.13999999999999999,abs_005_005,1000,2000,0.27247250232523396,0.7869176419278745,True,0.5144451396026406,0.5144451396026406,0.517759664929226,0.5802403350707741,-0.24528716260399203,0.20667730685710034,0.06248067014154812,0.08796446946109238,0.364
rep0997,0.25,0.24626615445195021,alg1,0.15,0.005,0.005,0.13999999999999999,abs_005_005,1000,2000,-0.008414001907600471,0.44564347131357424,True,0.45405747322117473,0.44564347131357424,0.24551420073145327,0.3014857992685468,-0.25392820263905375,0.14415767204502744,0.05597159853709352,0.10108587468408126,0.29699999999999993
rep0998,0.55,0.5545866695943503,alg1,0.15,0.005,0.005,0.13999999999999999,abs_005_005,1000,2000,0.26552660407938106,0.7376878873237306,True,0.47216128324434953,0.47216128324434953,0.5031833760334351,0.5658166239665648,-0.23765677195405405,0.1718712633571657,0.06263324793312974,0.08602803531121983,0.3234999999999999
rep0999,0.95,0.9482047380720229,alg1,0.15,0.005,0.005,0.13999999999999999,abs_005_005,1000,2000,0.40941913486996007,0.9578241527465534,True,0.5484050178765933,0.5484050178765933,0.7295539451743535,0.7834460548256464,-0.3201348103043934,0.17437809792090692,0.053892109651292985,0.1055129082253003,0.389
