task_id,label,theta,algo,alpha,alpha1,alpha2,alpha3,alloc,n_j,N_j,L,U,covered,width,width_clip,L_tilde,U_tilde,delta_L,delta_U,W1,W2,W3
rep0000,0.64,0.6373258281549462,synth_only,0.15,0.005,0.005,0.13999999999999999,abs_005_005,1000,2000,0.7615551216491582,0.7884448783508419,False,0.026889756701683698,0.026889756701683698,0.7615551216491582,0.7884448783508419,0.0,0.0,0.026889756701683698,0.0,0.0
rep0001,0.63,0.6286775031272058,synth_only,0.15,0.005,0.005,0.13999999999999999,abs_005_005,1000,2000,0.5204444754426755,0.5525555245573245,False,0.032111049114649015,0.032111049114649015,0.5204444754426755,0.5525555245573245,0.0,0.0,0.032111049114649015,0.0,0.0
rep0002,0.41,0.41163350278134125,synth_only,0.15,0.005,0.005,0.13999999999999999,abs_005_005,1000,2000,0.5802010371021236,0.6117989628978764,False,0.031597925795752824,0.031597925795752824,0.5802010371021236,0.6117989628978764,0.0,0.0,0.031597925795752824,0.0,0.0
rep0003,0.61,0.6096642639308459,synth_only,0.15,0.005,0.005,0.13999999999999999,abs_005_005,1000,2000,0.5686330834151025,0.6003669165848975,False,0.031733833169794945,0.031733833169794945,0.5686330834151025,0.6003669165848975,0.0,0.0,0.031733833169794945,0.0,0.0
rep0004,0.49,0.48771390184223834,synth_only,0.15,0.005,0.005,0.13999999999999999,abs_005_005,1000,2000,0.704020040318313,0.732979959681687,False,0.028959919363374054,0.028959919363374054,0.704020040318313,0.732979959681687,0.0,0.0,0.028959919363374054,0.0,0.0
rep0005,0.45,0.45399106596774735,synth_only,0.15,0.005,0.005,0.13999999999999999,abs_005_005,1000,2000,0.4065960823718069,0.4384039176281931,False,0.0318078352563862,0.0318078352563862,0.4065960823718069,0.4384039176281931,0.0,0.0,0.0318078352563862,0.0,0.0
rep0006,0.55,0.5464766064649674,synth_only,0.15,0.005,0.005,0.13999999999999999,abs_005_005,1000,2000,0.6225268266384824,0.6534731733615177,False,0.030946346723035312,0.030946346723035312,0.6225268266384824,0.6534731733615177,0.0,0.0,0.030946346723035312,0.0,0.0
rep0007,0.86,0.8640043102014627,synth_only,0.15,0.005,0.005,0.13999999999999999,abs_005_005,1000,2000,0.9170456326442005,0.9339543673557995,False,0.01690873471159904,0.01690873471159904,0.9170456326442005,0.9339543673557995,0.0,0.0,0.01690873471159904,0.0,0.0
rep0008,0.39,0.3885451173297374,synth_only,0.15,0.005,0.005,0.13999999999999999,abs_005_005,1000,2000,0.4689087696989074,0.5010912303010926,False,0.032182460602185214,0.032182460602185214,0.4689087696989074,0.5010912303010926,0.0,0.0,0.032182460602185214,0.0,0.0
rep0009,0.65,0.6548269806048382,synth_only,0.15,0.005,0.005,0.13999999999999999,abs_005_005,1000,2000,0.5716499484626326,0.6033500515373674,False,0.03170010307473481,0.03170010307473481,0.5716499484626326,0.6033500515373674,0.0,0.0,0.03170010307473481,0.0,0.0
rep0010,0.04,0.04485482439916032,synth_only,0.15,0.005,0.005,0.13999999999999999,abs_005_005,1000,2000,0.20079516659366706,0.22720483340633293,False,0.026409666812665877,0.026409666812665877,0.20079516659366706,0.22720483340633293,0.0,0.0,0.026409666812665877,0.0,0.0
rep0011,0.48,0.4849986644406866,synth_only,0.15,0.005,0.005,0.13999999999999999,abs_005_005,1000,2000,0.5646115379351256,0.5963884620648744,False,0.03177692412974875,0.03177692412974875,0.5646115379351256,0.5963884620648744,0.0,0.0,0.03177692412974875,0.0,0.0
rep0012,0.16,0.15828025818708946,synth_only,0.15,0.005,0.005,0.13999999999999999,abs_005_005,1000,2000,0.14480192285198912,0.16819807714801088,True,0.023396154296021765,0.023396154296021765,0.14480192285198912,0.16819807714801088,0.0,0.0,0.023396154296021765,0.0,0.0
rep0013,0.55,0.5484808341249996,synth_only,0.15,0.005,0.005,0.13999999999999999,abs_005_005,1000,2000,0.4794021757553833,0.5115978242446168,False,0.03219564848923345,0.03219564848923345,0.4794021757553833,0.5115978242446168,0.0,0.0,0.03219564848923345,0.0,0.0
rep0014,0.31,0.3109773362624415,synth_only,0.15,0.005,0.005,0.13999999999999999,abs_005_005,1000,2000,0.41007881046301264,0.44192118953698734,False,0.03184237907397469,0.03184237907397469,0.41007881046301264,0.44192118953698734,0.0,0.0,0.03184237907397469,0.0,0.0
rep0015,0.29,0.289124392982063,synth_only,0.15,0.005,0.005,0.13999999999999999,abs_005_005,1000,2000,0.34553610839546245,0.3764638916045375,False,0.030927783209075077,0.030927783209075077,0.34553610839546245,0.3764638916045375,0.0,0.0,0.030927783209075077,0.0,0.0
rep0016,0.55,0.5512395986675925,synth_only,0.15,0.005,0.005,0.13999999999999999,abs_005_005,1000,2000,0.5455237647856613,0.5774762352143387,True,0.031952470428677326,0.031952470428677326,0.5455237647856613,0.5774762352143387,0.0,0.0,0.031952470428677326,0.0,0.0
rep0017,0.27,0.27104730882952244,synth_only,0.15,0.005,0.005,0.13999999999999999,abs_005_005,1000,2000,0.48640172498610273,0.5185982750138971,False,0.03219655002779437,0.03219655002779437,0.48640172498610273,0.5185982750138971,0.0,0.0,0.03219655002779437,0.0,0.0
rep0018,0.44,0.43911829646560946,synth_only,0.15,0.005,0.005,0.13999999999999999,abs_005_005,1000,2000,0.4334838445086341,0.46551615549136593,True,0.03203231098273185,0.03203231098273185,0.4334838445086341,0.46551615549136593,0.0,0.0,0.03203231098273185,0.0,0.0
rep0019,0.33,0.32544495723094996,synth_only,0.15,0.005,0.005,0.13999999999999999,abs_005_005,1000,2000,0.2753902447631406,0.30460975523685935,False,0.029219510473718735,0.029219510473718735,0.2753902447631406,0.30460975523685935,0.0,0.0,0.029219510473718735,0.0,0.0
rep0020,0.24,0.23833631651545992,synth_only,0.15,0.005,0.005,0.13999999999999999,abs_005_005,1000,2000,0.4394654085284037,0.4715345914715963,False,0.03206918294319261,0.03206918294319261,0.4394654085284037,0.4715345914715963,0.0,0.0,0.03206918294319261,0.0,0.0
rep0021,0.18,0.17954220887381017,synth_only,0.15,0.005,0.005,0.13999999999999999,abs_005_005,1000,2000,0.3747923165385334,0.40620768346146663,False,0.03141536692293323,0.03141536692293323,0.3747923165385334,0.40620768346146663,0.0,0.0,0.03141536692293323,0.0,0.0
rep0022,0.22,0.22156152657943062,synth_only,0.15,0.005,0.005,0.13999999999999999,abs_005_005,1000,2000,0.18565758246502953,0.2113424175349705,False,0.02568483506994096,0.02568483506994096,0.18565758246502953,0.2113424175349705,0.0,0.0,0.02568483506994096,0.0,0.0
rep0023,0.50,0.4979884610796338,synth_only,0.15,0.005,0.005,0.13999999999999999,abs_005_005,1000,2000,0.5646115379351256,0.5963884620648744,False,0.03177692412974875,0.03177692412974875,0.5646115379351256,0.5963884620648744,0.0,0.0,0.03177692412974875,0.0,0.0
rep0024,0.69,0.688591058724187,synth_only,0.15,0.005,0.005,0.13999999999999999,abs_005_005,1000,2000,0.7896819831753252,0.8153180168246748,False,0.02563603364934952,0.02563603364934952,0.7896819831753252,0.8153180168246748,0.0,0.0,0.02563603364934952,0.0,0.0
rep0025,0.76,0.7562608277116923,synth_only,0.15,0.005,0.005,0.13999999999999999,abs_005_005,1000,2000,0.9159936803155462,0.9330063196844538,False,0.017012639368907623,0.017012639368907623,0.9159936803155462,0.9330063196844538,0.0,0.0,0.017012639368907623,0.0,0.0
rep0026,0.63,0.6260146732349109,synth_only,0.15,0.005,0.005,0.13999999999999999,abs_005_005,1000,2000,0.7457394372144531,0.7732605627855468,False,0.027521125571093652,0.027521125571093652,0.7457394372144531,0.7732605627855468,0.0,0.0,0.027521125571093652,0.0,0.0
rep0027,0.83,0.8309972605657512,synth_only,0.15,0.005,0.005,0.13999999999999999,abs_005_005,1000,2000,1.0,1.0,False,0.0,0.0,1.0,1.0,0.0,0.0,0.0,0.0,0.0
rep0028,0.40,0.39958981826499174,synth_only,0.15,0.005,0.005,0.13999999999999999,abs_005_005,1000,2000,0.49990976828487055,0.5320902317151295,False,0.03218046343025893,0.03218046343025893,0.49990976828487055,0.5320902317151295,0.0,0.0,0.03218046343025893,0.0,0.0
rep0029,0.22,0.22173165915440826,synth_only,0.15,0.005,0.005,0.13999999999999999,abs_005_005,1000,2000,0.23605831060865015,0.2639416893913499,False,0.027883378782699725,0.027883378782699725,0.23605831060865015,0.2639416893913499,0.0,0.0,0.027883378782699725,0.0,0.0
rep0030,0.46,0.4618527292941355,synth_only,0.15,0.005,0.005,0.13999999999999999,abs_005_005,1000,2000,0.41206930710083167,0.4439306928991683,False,0.03186138579833664,0.03186138579833664,0.41206930710083167,0.4439306928991683,0.0,0.0,0.03186138579833664,0.0,0.0
rep0031,0.77,0.7723091706612852,synth_only,0.15,0.005,0.005,0.13999999999999999,abs_005_005,1000,2000,0.8778461612786731,0.8981538387213269,False,0.020307677442653826,0.020307677442653826,0.8778461612786731,0.8981538387213269,0.0,0.0,0.020307677442653826,0.0,0.0
rep0032,0.50,0.49757483899438837,synth_only,0.15,0.005,0.005,0.13999999999999999,abs_005_005,1000,2000,0.5319758772393933,0.5640241227606068,False,0.032048245521213437,0.032048245521213437,0.5319758772393933,0.5640241227606068,0.0,0.0,0.032048245521213437,0.0,0.0
rep0033,0.75,0.7459443379237577,synth_only,0.15,0.005,0.005,0.13999999999999999,abs_005_005,1000,2000,0.6705504258637435,0.7004495741362565,False,0.029899148272513054,0.029899148272513054,0.6705504258637435,0.7004495741362565,0.0,0.0,0.029899148272513054,0.0,0.0
rep0034,0.31,0.3084834294561743,synth_only,0.15,0.005,0.005,0.13999999999999999,abs_005_005,1000,2000,0.3549508468847447,0.3860491531152553,False,0.031098306230510575,0.031098306230510575,0.3549508468847447,0.3860491531152553,0.0,0.0,0.031098306230510575,0.0,0.0
rep0035,0.20,0.1959782333196279,synth_only,0.15,0.005,0.005,0.13999999999999999,abs_005_005,1000,2000,0.25177331829683325,0.2802266817031668,False,0.02845336340633353,0.02845336340633353,0.25177331829683325,0.2802266817031668,0.0,0.0,0.02845336340633353,0.0,0.0
rep0036,0.42,0.4160199443510504,synth_only,0.15,0.005,0.005,0.13999999999999999,abs_005_005,1000,2000,0.4894024977411689,0.5215975022588311,False,0.03219500451766216,0.03219500451766216,0.4894024977411689,0.5215975022588311,0.0,0.0,0.03219500451766216,0.0,0.0
rep0037,0.28,0.2840810100970807,synth_only,0.15,0.005,0.005,0.13999999999999999,abs_005_005,1000,2000,0.26800444174727345,0.2969955582527265,True,0.028991116505453052,0.028991116505453052,0.26800444174727345,0.2969955582527265,0.0,0.0,0.028991116505453052,0.0,0.0
rep0038,0.48,0.48023584030473343,synth_only,0.15,0.005,0.005,0.13999999999999999,abs_005_005,1000,2000,0.8168775587720164,0.8411224412279835,False,0.02424488245596712,0.02424488245596712,0.8168775587720164,0.8411224412279835,0.0,0.0,0.02424488245596712,0.0,0.0
rep0039,0.70,0.6955050096988645,synth_only,0.15,0.005,0.005,0.13999999999999999,abs_005_005,1000,2000,0.7233335695768082,0.7516664304231919,False,0.028332860846383756,0.028332860846383756,0.7233335695768082,0.7516664304231919,0.0,0.0,0.028332860846383756,0.0,0.0
rep0040,0.49,0.48556792845004704,synth_only,0.15,0.005,0.005,0.13999999999999999,abs_005_005,1000,2000,0.5968143085906845,0.6281856914093156,False,0.031371382818631055,0.031371382818631055,0.5968143085906845,0.6281856914093156,0.0,0.0,0.031371382818631055,0.0,0.0
rep0041,0.40,0.40081966311313716,synth_only,0.15,0.005,0.005,0.13999999999999999,abs_005_005,1000,2000,0.40958122789049817,0.4414187721095018,False,0.031837544219003644,0.031837544219003644,0.40958122789049817,0.4414187721095018,0.0,0.0,0.031837544219003644,0.0,0.0
rep0042,0.24,0.2366620648525915,synth_only,0.15,0.005,0.005,0.13999999999999999,abs_005_005,1000,2000,0.3084378901812452,0.33856210981875484,False,0.030124219637509664,0.030124219637509664,0.3084378901812452,0.33856210981875484,0.0,0.0,0.030124219637509664,0.0,0.0
rep0043,0.37,0.37116903621671166,synth_only,0.15,0.005,0.005,0.13999999999999999,abs_005_005,1000,2000,0.38571699773094037,0.4172830022690597,False,0.03156600453811931,0.03156600453811931,0.38571699773094037,0.4172830022690597,0.0,0.0,0.03156600453811931,0.0,0.0
rep0044,0.20,0.20193288516558,synth_only,0.15,0.005,0.005,0.13999999999999999,abs_005_005,1000,2000,0.11531546181150376,0.13668453818849624,False,0.02136907637699248,0.02136907637699248,0.11531546181150376,0.13668453818849624,0.0,0.0,0.02136907637699248,0.0,0.0
rep0045,0.18,0.17729474994311067,synth_only,0.15,0.005,0.005,0.13999999999999999,abs_005_005,1000,2000,0.09704749544407021,0.11695250455592979,False,0.01990500911185958,0.01990500911185958,0.09704749544407021,0.11695250455592979,0.0,0.0,0.01990500911185958,0.0,0.0
rep0046,0.33,0.32892784278327797,synth_only,0.15,0.005,0.005,0.13999999999999999,abs_005_005,1000,2000,0.477902682885912,0.510097317114088,False,0.03219463422817603,0.03219463422817603,0.477902682885912,0.510097317114088,0.0,0.0,0.03219463422817603,0.0,0.0
rep0047,0.61,0.6085043089070807,synth_only,0.15,0.005,0.005,0.13999999999999999,abs_005_005,1000,2000,0.6720698110474035,0.7019301889525966,False,0.029860377905193136,0.029860377905193136,0.6720698110474035,0.7019301889525966,0.0,0.0,0.029860377905193136,0.0,0.0
rep0048,0.36,0.3559637341021695,synth_only,0.15,0.005,0.005,0.13999999999999999,abs_005_005,1000,2000,0.41406006953990854,0.44593993046009145,False,0.03187986092018291,0.03187986092018291,0.41406006953990854,0.44593993046009145,0.0,0.0,0.03187986092018291,0.0,0.0
rep0049,0.25,0.2506045039611167,synth_only,0.15,0.005,0.005,0.13999999999999999,abs_005_005,1000,2000,0.23802133052613147,0.26597866947386856,True,0.02795733894773708,0.02795733894773708,0.23802133052613147,0.26597866947386856,0.0,0.0,0.02795733894773708,0.0,0.0
rep0050,0.68,0.6780087649711394,synth_only,0.15,0.005,0.005,0.13999999999999999,abs_005_005,1000,2000,0.8096842553252477,0.8343157446747522,False,0.024631489349504543,0.024631489349504543,0.8096842553252477,0.8343157446747522,0.0,0.0,0.024631489349504543,0.0,0.0
rep0051,0.79,0.788090391319667,synth_only,0.15,0.005,0.005,0.13999999999999999,abs_005_005,1000,2000,0.8684996955956749,0.8895003044043251,False,0.02100060880865029,0.02100060880865029,0.8684996955956749,0.8895003044043251,0.0,0.0,0.02100060880865029,0.0,0.0
rep0052,0.63,0.6252377323249299,synth_only,0.15,0.005,0.005,0.13999999999999999,abs_005_005,1000,2000,0.6599197572098687,0.6900802427901314,False,0.03016048558026263,0.03016048558026263,0.6599197572098687,0.6900802427901314,0.0,0.0,0.03016048558026263,0.0,0.0
rep0053,0.65,0.650945553244556,synth_only,0.15,0.005,0.005,0.13999999999999999,abs_005_005,1000,2000,0.6482865481377077,0.6787134518622923,True,0.030426903724584564,0.030426903724584564,0.6482865481377077,0.6787134518622923,0.0,0.0,0.030426903724584564,0.0,0.0
rep0054,0.92,0.9209425285210213,synth_only,0.15,0.005,0.005,0.13999999999999999,abs_005_005,1000,2000,0.7569608177826826,0.7840391822173173,False,0.027078364434634628,0.027078364434634628,0.7569608177826826,0.7840391822173173,0.0,0.0,0.027078364434634628,0.0,0.0
rep0055,0.41,0.40980934548043735,synth_only,0.15,0.005,0.005,0.13999999999999999,abs_005_005,1000,2000,0.5711470955057323,0.6028529044942676,False,0.03170580898853537,0.03170580898853537,0.5711470955057323,0.6028529044942676,0.0,0.0,0.03170580898853537,0.0,0.0
rep0056,0.35,0.34638669732430877,synth_only,0.15,0.005,0.005,0.13999999999999999,abs_005_005,1000,2000,0.42501399422765346,0.45698600577234655,False,0.03197201154469309,0.03197201154469309,0.42501399422765346,0.45698600577234655,0.0,0.0,0.03197201154469309,0.0,0.0
rep0057,0.34,0.3432835413957498,synth_only,0.15,0.005,0.005,0.13999999999999999,abs_005_005,1000,2000,0.29856332917345674,0.32843667082654326,False,0.029873341653086527,0.029873341653086527,0.29856332917345674,0.32843667082654326,0.0,0.0,0.029873341653086527,0.0,0.0
rep0058,0.38,0.37654526701835733,synth_only,0.15,0.005,0.005,0.13999999999999999,abs_005_005,1000,2000,0.41157165800415213,0.44342834199584785,False,0.03185668399169572,0.03185668399169572,0.41157165800415213,0.44342834199584785,0.0,0.0,0.03185668399169572,0.0,0.0
rep0059,0.80,0.8016451030066674,synth_only,0.15,0.005,0.005,0.13999999999999999,abs_005_005,1000,2000,0.9563831086045411,0.9686168913954589,False,0.012233782790917802,0.012233782790917802,0.9563831086045411,0.9686168913954589,0.0,0.0,0.012233782790917802,0.0,0.0
rep0060,0.91,0.9112811319195454,synth_only,0.15,0.005,0.005,0.13999999999999999,abs_005_005,1000,2000,0.9461858742162574,0.9598141257837425,False,0.013628251567485039,0.013628251567485039,0.9461858742162574,0.9598141257837425,0.0,0.0,0.013628251567485039,0.0,0.0
rep0061,0.24,0.23673657540056603,synth_only,0.15,0.005,0.005,0.13999999999999999,abs_005_005,1000,2000,0.34405016729330734,0.37494983270669263,False,0.03089966541338529,0.03089966541338529,0.34405016729330734,0.37494983270669263,0.0,0.0,0.03089966541338529,0.0,0.0
rep0062,0.73,0.7250989479557236,synth_only,0.15,0.005,0.005,0.13999999999999999,abs_005_005,1000,2000,0.7773973929219745,0.8036026070780254,False,0.026205214156050927,0.026205214156050927,0.7773973929219745,0.8036026070780254,0.0,0.0,0.026205214156050927,0.0,0.0
rep0063,0.81,0.8066952517827325,synth_only,0.15,0.005,0.005,0.13999999999999999,abs_005_005,1000,2000,0.7789320030316522,0.8050679969683479,False,0.026135993936695634,0.026135993936695634,0.7789320030316522,0.8050679969683479,0.0,0.0,0.026135993936695634,0.0,0.0
rep0064,0.81,0.8138791456112554,synth_only,0.15,0.005,0.005,0.13999999999999999,abs_005_005,1000,2000,0.5626011673541929,0.5943988326458072,False,0.03179766529161432,0.03179766529161432,0.5626011673541929,0.5943988326458072,0.0,0.0,0.03179766529161432,0.0,0.0
rep0065,0.30,0.29551388697284364,synth_only,0.15,0.005,0.005,0.13999999999999999,abs_005_005,1000,2000,0.20226161893667183,0.22873838106332817,False,0.02647676212665634,0.02647676212665634,0.20226161893667183,0.22873838106332817,0.0,0.0,0.02647676212665634,0.0,0.0
rep0066,0.21,0.20986478582471357,synth_only,0.15,0.005,0.005,0.13999999999999999,abs_005_005,1000,2000,0.2842595965689063,0.31374040343109366,False,0.029480806862187348,0.029480806862187348,0.2842595965689063,0.31374040343109366,0.0,0.0,0.029480806862187348,0.0,0.0
rep0067,0.73,0.7264906891111869,synth_only,0.15,0.005,0.005,0.13999999999999999,abs_005_005,1000,2000,0.6761223947891282,0.7058776052108717,False,0.02975521042174356,0.02975521042174356,0.6761223947891282,0.7058776052108717,0.0,0.0,0.02975521042174356,0.0,0.0
rep0068,0.60,0.6036724431929373,synth_only,0.15,0.005,0.005,0.13999999999999999,abs_005_005,1000,2000,0.8519291632122522,0.8740708367877478,False,0.02214167357549557,0.02214167357549557,0.8519291632122522,0.8740708367877478,0.0,0.0,0.02214167357549557,0.0,0.0
rep0069,0.71,0.7146461153736874,synth_only,0.15,0.005,0.005,0.13999999999999999,abs_005_005,1000,2000,0.7671734269951948,0.7938265730048052,False,0.02665314600961044,0.02665314600961044,0.7671734269951948,0.7938265730048052,0.0,0.0,0.02665314600961044,0.0,0.0
rep0070,0.38,0.38493011072598804,synth_only,0.15,0.005,0.005,0.13999999999999999,abs_005_005,1000,2000,0.43597587723939324,0.4680241227606068,False,0.03204824552121355,0.03204824552121355,0.43597587723939324,0.4680241227606068,0.0,0.0,0.03204824552121355,0.0,0.0
rep0071,0.59,0.589244588033342,synth_only,0.15,0.005,0.005,0.13999999999999999,abs_005_005,1000,2000,0.5802010371021236,0.6117989628978764,True,0.031597925795752824,0.031597925795752824,0.5802010371021236,0.6117989628978764,0.0,0.0,0.031597925795752824,0.0,0.0
rep0072,0.36,0.35856004626953336,synth_only,0.15,0.005,0.005,0.13999999999999999,abs_005_005,1000,2000,0.38273671435343287,0.41426328564656717,False,0.0315265712931343,0.0315265712931343,0.38273671435343287,0.41426328564656717,0.0,0.0,0.0315265712931343,0.0,0.0
rep0073,0.31,0.3098747873646647,synth_only,0.15,0.005,0.005,0.13999999999999999,abs_005_005,1000,2000,0.33216857830334895,0.362831421696651,False,0.030662843393302053,0.030662843393302053,0.33216857830334895,0.362831421696651,0.0,0.0,0.030662843393302053,0.0,0.0
rep0074,0.90,0.9049964966462319,synth_only,0.15,0.005,0.005,0.13999999999999999,abs_005_005,1000,2000,1.0,1.0,False,0.0,0.0,1.0,1.0,0.0,0.0,0.0,0.0,0.0
rep0075,0.32,0.31874561649802047,synth_only,0.15,0.005,0.005,0.13999999999999999,abs_005_005,1000,2000,0.477902682885912,0.510097317114088,False,0.03219463422817603,0.03219463422817603,0.477902682885912,0.510097317114088,0.0,0.0,0.03219463422817603,0.0,0.0
rep0076,0.71,0.7130176578255591,synth_only,0.15,0.005,0.005,0.13999999999999999,abs_005_005,1000,2000,0.7881454297204403,0.8138545702795598,False,0.025709140559119437,0.025709140559119437,0.7881454297204403,0.8138545702795598,0.0,0.0,0.025709140559119437,0.0,0.0
rep0077,0.23,0.22551714755685845,synth_only,0.15,0.005,0.005,0.13999999999999999,abs_005_005,1000,2000,0.33216857830334895,0.362831421696651,False,0.030662843393302053,0.030662843393302053,0.33216857830334895,0.362831421696651,0.0,0.0,0.030662843393302053,0.0,0.0
rep0078,0.22,0.21628460971412697,synth_only,0.15,0.005,0.005,0.13999999999999999,abs_005_005,1000,2000,0.15984949975229312,0.18415050024770685,False,0.024301000495413727,0.024301000495413727,0.15984949975229312,0.18415050024770685,0.0,0.0,0.024301000495413727,0.0,0.0
rep0079,0.95,0.9510635793135657,synth_only,0.15,0.005,0.005,0.13999999999999999,abs_005_005,1000,2000,0.936066215912965,0.950933784087035,False,0.014867568174069978,0.014867568174069978,0.936066215912965,0.950933784087035,0.0,0.0,0.014867568174069978,0.0,0.0
rep0080,0.71,0.7113832984140084,synth_only,0.15,0.005,0.005,0.13999999999999999,abs_005_005,1000,2000,1.0,1.0,False,0.0,0.0,1.0,1.0,0.0,0.0,0.0,0.0,0.0
rep0081,0.12,0.12213959433561365,synth_only,0.15,0.005,0.005,0.13999999999999999,abs_005_005,1000,2000,0.17395897702461652,0.19904102297538348,False,0.025082045950766962,0.025082045950766962,0.17395897702461652,0.19904102297538348,0.0,0.0,0.025082045950766962,0.0,0.0
rep0082,0.82,0.8178167395012349,synth_only,0.15,0.005,0.005,0.13999999999999999,abs_005_005,1000,2000,0.9355353742093291,0.9504646257906708,False,0.01492925158134173,0.01492925158134173,0.9355353742093291,0.9504646257906708,0.0,0.0,0.01492925158134173,0.0,0.0
rep0083,0.06,0.060662964465063446,synth_only,0.15,0.005,0.005,0.13999999999999999,abs_005_005,1000,2000,0.027706538843693347,0.03929346115630666,False,0.01158692231261331,0.01158692231261331,0.027706538843693347,0.03929346115630666,0.0,0.0,0.01158692231261331,0.0,0.0
rep0084,0.62,0.6150758790395158,synth_only,0.15,0.005,0.005,0.13999999999999999,abs_005_005,1000,2000,0.5731586085742303,0.6048413914257696,False,0.03168278285153936,0.03168278285153936,0.5731586085742303,0.6048413914257696,0.0,0.0,0.03168278285153936,0.0,0.0
rep0085,0.29,0.2902428209069779,synth_only,0.15,0.005,0.005,0.13999999999999999,abs_005_005,1000,2000,0.23164297064259712,0.2593570293574029,False,0.027714058714805784,0.027714058714805784,0.23164297064259712,0.2593570293574029,0.0,0.0,0.027714058714805784,0.0,0.0
rep0086,0.25,0.24637299433828597,synth_only,0.15,0.005,0.005,0.13999999999999999,abs_005_005,1000,2000,0.23802133052613147,0.26597866947386856,True,0.02795733894773708,0.02795733894773708,0.23802133052613147,0.26597866947386856,0.0,0.0,0.02795733894773708,0.0,0.0
rep0087,0.61,0.6119961961191355,synth_only,0.15,0.005,0.005,0.13999999999999999,abs_005_005,1000,2000,0.6482865481377077,0.6787134518622923,False,0.030426903724584564,0.030426903724584564,0.6482865481377077,0.6787134518622923,0.0,0.0,0.030426903724584564,0.0,0.0
rep0088,0.80,0.799499301024024,synth_only,0.15,0.005,0.005,0.13999999999999999,abs_005_005,1000,2000,0.8503783994058396,0.8726216005941605,False,0.022243201188320905,0.022243201188320905,0.8503783994058396,0.8726216005941605,0.0,0.0,0.022243201188320905,0.0,0.0
rep0089,0.55,0.5544814732727213,synth_only,0.15,0.005,0.005,0.13999999999999999,abs_005_005,1000,2000,0.4329854869866952,0.4650145130133048,False,0.03202902602660962,0.03202902602660962,0.4329854869866952,0.4650145130133048,0.0,0.0,0.03202902602660962,0.0,0.0
rep0090,0.92,0.9180134247207182,synth_only,0.15,0.005,0.005,0.13999999999999999,abs_005_005,1000,2000,1.0,1.0,False,0.0,0.0,1.0,1.0,0.0,0.0,0.0,0.0,0.0
rep0091,0.84,0.8398910044723701,synth_only,0.15,0.005,0.005,0.13999999999999999,abs_005_005,1000,2000,0.7937808690885277,0.8192191309114722,False,0.025438261822944508,0.025438261822944508,0.7937808690885277,0.8192191309114722,0.0,0.0,0.025438261822944508,0.0,0.0
rep0092,0.28,0.2777960637703798,synth_only,0.15,0.005,0.005,0.13999999999999999,abs_005_005,1000,2000,0.43448060859150417,0.46651939140849585,False,0.032038782816991684,0.032038782816991684,0.43448060859150417,0.46651939140849585,0.0,0.0,0.032038782816991684,0.0,0.0
rep0093,0.63,0.6264023877908076,synth_only,0.15,0.005,0.005,0.13999999999999999,abs_005_005,1000,2000,0.6220222129633428,0.6529777870366571,True,0.030955574073314285,0.030955574073314285,0.6220222129633428,0.6529777870366571,0.0,0.0,0.030955574073314285,0.0,0.0
rep0094,0.72,0.719674020727301,synth_only,0.15,0.005,0.005,0.13999999999999999,abs_005_005,1000,2000,0.9144165678227739,0.9315834321772262,False,0.01716686435445225,0.01716686435445225,0.9144165678227739,0.9315834321772262,0.0,0.0,0.01716686435445225,0.0,0.0
rep0095,0.20,0.20396992166666802,synth_only,0.15,0.005,0.005,0.13999999999999999,abs_005_005,1000,2000,0.3232644187507123,0.3537355812492877,False,0.0304711624985754,0.0304711624985754,0.3232644187507123,0.3537355812492877,0.0,0.0,0.0304711624985754,0.0,0.0
rep0096,0.59,0.5921568741881831,synth_only,0.15,0.005,0.005,0.13999999999999999,abs_005_005,1000,2000,0.5646115379351256,0.5963884620648744,True,0.03177692412974875,0.03177692412974875,0.5646115379351256,0.5963884620648744,0.0,0.0,0.03177692412974875,0.0,0.0
rep0097,0.57,0.5667784780317234,synth_only,0.15,0.005,0.005,0.13999999999999999,abs_005_005,1000,2000,0.5701414401576598,0.6018585598423402,False,0.031717119684680384,0.031717119684680384,0.5701414401576598,0.6018585598423402,0.0,0.0,0.031717119684680384,0.0,0.0
rep0098,0.49,0.4860515321766179,synth_only,0.15,0.005,0.005,0.13999999999999999,abs_005_005,1000,2000,0.6847384873050191,0.714261512694981,False,0.029523025389961877,0.029523025389961877,0.6847384873050191,0.714261512694981,0.0,0.0,0.029523025389961877,0.0,0.0
rep0099,0.47,0.4665370407527249,synth_only,0.15,0.005,0.005,0.13999999999999999,abs_005_005,1000,2000,0.49340442979114796,0.525595570208852,False,0.03219114041770399,0.03219114041770399,0.49340442979114796,0.525595570208852,0.0,0.0,0.03219114041770399,0.0,0.0
rep0100,0.23,0.2314452131134777,synth_only,0.15,0.005,0.005,0.13999999999999999,abs_005_005,1000,2000,0.33563294401788346,0.3663670559821165,False,0.030734111964233035,0.030734111964233035,0.33563294401788346,0.3663670559821165,0.0,0.0,0.030734111964233035,0.0,0.0
rep0101,0.18,0.18241329731071446,synth_only,0.15,0.005,0.005,0.13999999999999999,abs_005_005,1000,2000,0.20617342699519484,0.23282657300480517,False,0.02665314600961033,0.02665314600961033,0.20617342699519484,0.23282657300480517,0.0,0.0,0.02665314600961033,0.0,0.0
rep0102,0.37,0.3696194439412057,synth_only,0.15,0.005,0.005,0.13999999999999999,abs_005_005,1000,2000,0.5229505700318337,0.5550494299681664,False,0.03209885993633277,0.03209885993633277,0.5229505700318337,0.5550494299681664,0.0,0.0,0.03209885993633277,0.0,0.0
rep0103,0.53,0.5313669461368673,synth_only,0.15,0.005,0.005,0.13999999999999999,abs_005_005,1000,2000,0.49690696595875133,0.5290930340412487,False,0.03218606808249741,0.03218606808249741,0.49690696595875133,0.5290930340412487,0.0,0.0,0.03218606808249741,0.0,0.0
rep0104,0.73,0.7304876450895312,synth_only,0.15,0.005,0.005,0.13999999999999999,abs_005_005,1000,2000,0.7437005442928986,0.7712994557071013,False,0.027598911414202787,0.027598911414202787,0.7437005442928986,0.7712994557071013,0.0,0.0,0.027598911414202787,0.0,0.0
rep0105,0.57,0.5667347679489478,synth_only,0.15,0.005,0.005,0.13999999999999999,abs_005_005,1000,2000,0.5786916651857327,0.6103083348142674,False,0.03161666962853471,0.03161666962853471,0.5786916651857327,0.6103083348142674,0.0,0.0,0.03161666962853471,0.0,0.0
rep0106,0.38,0.37986130137793056,synth_only,0.15,0.005,0.005,0.13999999999999999,abs_005_005,1000,2000,0.24784227105487525,0.2761577289451248,False,0.028315457890249557,0.028315457890249557,0.24784227105487525,0.2761577289451248,0.0,0.0,0.028315457890249557,0.0,0.0
rep0107,0.27,0.27407532462958295,synth_only,0.15,0.005,0.005,0.13999999999999999,abs_005_005,1000,2000,0.5440178530870452,0.5759821469129549,False,0.031964293825909706,0.031964293825909706,0.5440178530870452,0.5759821469129549,0.0,0.0,0.031964293825909706,0.0,0.0
rep0108,0.47,0.4707711637301804,synth_only,0.15,0.005,0.005,0.13999999999999999,abs_005_005,1000,2000,0.4749041319183223,0.5070958680816776,False,0.0321917361633553,0.0321917361633553,0.4749041319183223,0.5070958680816776,0.0,0.0,0.0321917361633553,0.0,0.0
rep0109,0.38,0.3848717507370416,synth_only,0.15,0.005,0.005,0.13999999999999999,abs_005_005,1000,2000,0.4699078355939437,0.5020921644060563,False,0.032184328812112584,0.032184328812112584,0.4699078355939437,0.5020921644060563,0.0,0.0,0.032184328812112584,0.0,0.0
rep0110,0.80,0.7989159746856644,synth_only,0.15,0.005,0.005,0.13999999999999999,abs_005_005,1000,2000,0.9228395491642617,0.9391604508357384,False,0.016320901671476706,0.016320901671476706,0.9228395491642617,0.9391604508357384,0.0,0.0,0.016320901671476706,0.0,0.0
rep0111,0.12,0.12400952746142559,synth_only,0.15,0.005,0.005,0.13999999999999999,abs_005_005,1000,2000,0.2110657371740461,0.23793426282595392,False,0.026868525651907837,0.026868525651907837,0.2110657371740461,0.23793426282595392,0.0,0.0,0.026868525651907837,0.0,0.0
rep0112,0.39,0.38563753348671403,synth_only,0.15,0.005,0.005,0.13999999999999999,abs_005_005,1000,2000,0.33414810443779297,0.364851895562207,False,0.030703791124414015,0.030703791124414015,0.33414810443779297,0.364851895562207,0.0,0.0,0.030703791124414015,0.0,0.0
rep0113,0.63,0.6343612694543586,synth_only,0.15,0.005,0.005,0.13999999999999999,abs_005_005,1000,2000,0.8071169436604928,0.8318830563395072,False,0.024766112679014407,0.024766112679014407,0.8071169436604928,0.8318830563395072,0.0,0.0,0.024766112679014407,0.0,0.0
rep0114,0.21,0.21241080187871833,synth_only,0.15,0.005,0.005,0.13999999999999999,abs_005_005,1000,2000,0.4524335029429008,0.48456649705709925,False,0.032132994114198454,0.032132994114198454,0.4524335029429008,0.48456649705709925,0.0,0.0,0.032132994114198454,0.0,0.0
rep0115,0.56,0.5572411844543719,synth_only,0.15,0.005,0.005,0.13999999999999999,abs_005_005,1000,2000,0.512427697005073,0.544572302994927,False,0.032144605989854025,0.032144605989854025,0.512427697005073,0.544572302994927,0.0,0.0,0.032144605989854025,0.0,0.0
rep0116,0.53,0.5326044114477568,synth_only,0.15,0.005,0.005,0.13999999999999999,abs_005_005,1000,2000,0.5560693071008316,0.5879306928991683,False,0.03186138579833675,0.03186138579833675,0.5560693071008316,0.5879306928991683,0.0,0.0,0.03186138579833675,0.0,0.0
rep0117,0.18,0.18098441911046229,synth_only,0.15,0.005,0.005,0.13999999999999999,abs_005_005,1000,2000,0.07935539947035408,0.09764460052964591,False,0.018289201059291826,0.018289201059291826,0.07935539947035408,0.09764460052964591,0.0,0.0,0.018289201059291826,0.0,0.0
rep0118,0.45,0.4474671950089837,synth_only,0.15,0.005,0.005,0.13999999999999999,abs_005_005,1000,2000,0.5837235014923247,0.6152764985076754,False,0.03155299701535075,0.03155299701535075,0.5837235014923247,0.6152764985076754,0.0,0.0,0.03155299701535075,0.0,0.0
rep0119,0.28,0.2787521235495636,synth_only,0.15,0.005,0.005,0.13999999999999999,abs_005_005,1000,2000,0.3198033453892451,0.35019665461075494,False,0.030393309221509845,0.030393309221509845,0.3198033453892451,0.35019665461075494,0.0,0.0,0.030393309221509845,0.0,0.0
rep0120,0.60,0.596182596130875,synth_only,0.15,0.005,0.005,0.13999999999999999,abs_005_005,1000,2000,0.8009589770246165,0.8260410229753835,False,0.025082045950767018,0.025082045950767018,0.8009589770246165,0.8260410229753835,0.0,0.0,0.025082045950767018,0.0,0.0
rep0121,0.25,0.2485601873078287,synth_only,0.15,0.005,0.005,0.13999999999999999,abs_005_005,1000,2000,0.1905374673402773,0.21646253265972268,False,0.025925065319445384,0.025925065319445384,0.1905374673402773,0.21646253265972268,0.0,0.0,0.025925065319445384,0.0,0.0
rep0122,0.08,0.07709053478553804,synth_only,0.15,0.005,0.005,0.13999999999999999,abs_005_005,1000,2000,0.17736910640168055,0.20263089359831946,False,0.025261787196638907,0.025261787196638907,0.17736910640168055,0.20263089359831946,0.0,0.0,0.025261787196638907,0.0,0.0
rep0123,0.53,0.5298974392230134,synth_only,0.15,0.005,0.005,0.13999999999999999,abs_005_005,1000,2000,0.7330029882147722,0.7609970117852278,False,0.02799402357045566,0.02799402357045566,0.7330029882147722,0.7609970117852278,0.0,0.0,0.02799402357045566,0.0,0.0
rep0124,0.71,0.7125174212717241,synth_only,0.15,0.005,0.005,0.13999999999999999,abs_005_005,1000,2000,0.807630334787537,0.8323696652124629,False,0.02473933042492593,0.02473933042492593,0.807630334787537,0.8323696652124629,0.0,0.0,0.02473933042492593,0.0,0.0
rep0125,0.45,0.45243036585239726,synth_only,0.15,0.005,0.005,0.13999999999999999,abs_005_005,1000,2000,0.4449505700318336,0.47704942996816646,True,0.03209885993633288,0.03209885993633288,0.4449505700318336,0.47704942996816646,0.0,0.0,0.03209885993633288,0.0,0.0
rep0126,0.42,0.4156068894601565,synth_only,0.15,0.005,0.005,0.13999999999999999,abs_005_005,1000,2000,0.3242534680897236,0.35474653191027644,False,0.030493063820552835,0.030493063820552835,0.3242534680897236,0.35474653191027644,0.0,0.0,0.030493063820552835,0.0,0.0
rep0127,0.59,0.5939947331228512,synth_only,0.15,0.005,0.005,0.13999999999999999,abs_005_005,1000,2000,0.626564390103536,0.657435609896464,False,0.03087121979292795,0.03087121979292795,0.626564390103536,0.657435609896464,0.0,0.0,0.03087121979292795,0.0,0.0
rep0128,0.52,0.515352207355193,synth_only,0.15,0.005,0.005,0.13999999999999999,abs_005_005,1000,2000,0.6194994159753042,0.6505005840246958,False,0.03100116804939157,0.03100116804939157,0.6194994159753042,0.6505005840246958,0.0,0.0,0.03100116804939157,0.0,0.0
rep0129,0.76,0.7626184336266676,synth_only,0.15,0.005,0.005,0.13999999999999999,abs_005_005,1000,2000,0.748288633770255,0.775711366229745,True,0.027422732459490007,0.027422732459490007,0.748288633770255,0.775711366229745,0.0,0.0,0.027422732459490007,0.0,0.0
rep0130,0.76,0.760274583270415,synth_only,0.15,0.005,0.005,0.13999999999999999,abs_005_005,1000,2000,0.7722839549697912,0.7987160450302088,False,0.02643209006041758,0.02643209006041758,0.7722839549697912,0.7987160450302088,0.0,0.0,0.02643209006041758,0.0,0.0
rep0131,0.52,0.5229193925795493,synth_only,0.15,0.005,0.005,0.13999999999999999,abs_005_005,1000,2000,0.6999581741394724,0.7290418258605277,False,0.029083651721055315,0.029083651721055315,0.6999581741394724,0.7290418258605277,0.0,0.0,0.029083651721055315,0.0,0.0
rep0132,0.84,0.84236346040491,synth_only,0.15,0.005,0.005,0.13999999999999999,abs_005_005,1000,2000,0.7590024572606175,0.7859975427393824,False,0.026995085478764835,0.026995085478764835,0.7590024572606175,0.7859975427393824,0.0,0.0,0.026995085478764835,0.0,0.0
rep0133,0.83,0.8317829406902948,synth_only,0.15,0.005,0.005,0.13999999999999999,abs_005_005,1000,2000,0.8071169436604928,0.8318830563395072,True,0.024766112679014407,0.024766112679014407,0.8071169436604928,0.8318830563395072,0.0,0.0,0.024766112679014407,0.0,0.0
rep0134,0.84,0.8361878329836531,synth_only,0.15,0.005,0.005,0.13999999999999999,abs_005_005,1000,2000,0.754919611306152,0.7820803886938479,False,0.027160777387695845,0.027160777387695845,0.754919611306152,0.7820803886938479,0.0,0.0,0.027160777387695845,0.0,0.0
rep0135,0.86,0.8550909895959153,synth_only,0.15,0.005,0.005,0.13999999999999999,abs_005_005,1000,2000,0.8158494997522932,0.8401505002477068,False,0.024301000495413616,0.024301000495413616,0.8158494997522932,0.8401505002477068,0.0,0.0,0.024301000495413616,0.0,0.0
rep0136,0.56,0.5591669730250985,synth_only,0.15,0.005,0.005,0.13999999999999999,abs_005_005,1000,2000,0.6568840194247005,0.6871159805752995,False,0.030231961150599007,0.030231961150599007,0.6568840194247005,0.6871159805752995,0.0,0.0,0.030231961150599007,0.0,0.0
rep0137,0.87,0.869250465774666,synth_only,0.15,0.005,0.005,0.13999999999999999,abs_005_005,1000,2000,1.0,1.0,False,0.0,0.0,1.0,1.0,0.0,0.0,0.0,0.0,0.0
rep0138,0.67,0.6714526155779372,synth_only,0.15,0.005,0.005,0.13999999999999999,abs_005_005,1000,2000,0.6700440043758339,0.6999559956241662,True,0.029911991248332326,0.029911991248332326,0.6700440043758339,0.6999559956241662,0.0,0.0,0.029911991248332326,0.0,0.0
rep0139,0.55,0.5459346046903469,synth_only,0.15,0.005,0.005,0.13999999999999999,abs_005_005,1000,2000,0.6918386182265385,0.7211613817734616,False,0.029322763546923092,0.029322763546923092,0.6918386182265385,0.7211613817734616,0.0,0.0,0.029322763546923092,0.0,0.0
rep0140,0.62,0.6190868499708994,synth_only,0.15,0.005,0.005,0.13999999999999999,abs_005_005,1000,2000,0.6796694758949267,0.7093305241050734,False,0.0296610482101467,0.0296610482101467,0.6796694758949267,0.7093305241050734,0.0,0.0,0.0296610482101467,0.0,0.0
rep0141,0.29,0.2937715974362318,synth_only,0.15,0.005,0.005,0.13999999999999999,abs_005_005,1000,2000,0.4439531215668952,0.47604687843310484,False,0.03209375686620963,0.03209375686620963,0.4439531215668952,0.47604687843310484,0.0,0.0,0.03209375686620963,0.0,0.0
rep0142,0.83,0.834391376856184,synth_only,0.15,0.005,0.005,0.13999999999999999,abs_005_005,1000,2000,0.887734512507976,0.907265487492024,False,0.01953097498404799,0.01953097498404799,0.887734512507976,0.907265487492024,0.0,0.0,0.01953097498404799,0.0,0.0
rep0143,0.39,0.3911087817219962,synth_only,0.15,0.005,0.005,0.13999999999999999,abs_005_005,1000,2000,0.43049394477475234,0.4625060552252477,False,0.032012110450495346,0.032012110450495346,0.43049394477475234,0.4625060552252477,0.0,0.0,0.032012110450495346,0.0,0.0
rep0144,0.35,0.3548673598577421,synth_only,0.15,0.005,0.005,0.13999999999999999,abs_005_005,1000,2000,0.4949054200566533,0.5270945799433467,False,0.032189159886693464,0.032189159886693464,0.4949054200566533,0.5270945799433467,0.0,0.0,0.032189159886693464,0.0,0.0
rep0145,0.60,0.5990818840046812,synth_only,0.15,0.005,0.005,0.13999999999999999,abs_005_005,1000,2000,0.762065737174046,0.7889342628259539,False,0.026868525651907893,0.026868525651907893,0.762065737174046,0.7889342628259539,0.0,0.0,0.026868525651907893,0.0,0.0
rep0146,0.69,0.6862154216878891,synth_only,0.15,0.005,0.005,0.13999999999999999,abs_005_005,1000,2000,0.70198893138168,0.7310110686183201,False,0.029022137236640155,0.029022137236640155,0.70198893138168,0.7310110686183201,0.0,0.0,0.029022137236640155,0.0,0.0
rep0147,0.62,0.6215751588168773,synth_only,0.15,0.005,0.005,0.13999999999999999,abs_005_005,1000,2000,0.6614378901812451,0.6915621098187549,False,0.030124219637509775,0.030124219637509775,0.6614378901812451,0.6915621098187549,0.0,0.0,0.030124219637509775,0.0,0.0
rep0148,0.06,0.05817545956037128,synth_only,0.15,0.005,0.005,0.13999999999999999,abs_005_005,1000,2000,0.17785640187709356,0.20314359812290644,False,0.025287196245812882,0.025287196245812882,0.17785640187709356,0.20314359812290644,0.0,0.0,0.025287196245812882,0.0,0.0
rep0149,0.59,0.5922523293443875,synth_only,0.15,0.005,0.005,0.13999999999999999,abs_005_005,1000,2000,0.6179859543194923,0.6490140456805076,False,0.031028091361015253,0.031028091361015253,0.6179859543194923,0.6490140456805076,0.0,0.0,0.031028091361015253,0.0,0.0
rep0150,0.50,0.49525634585942097,synth_only,0.15,0.005,0.005,0.13999999999999999,abs_005_005,1000,2000,0.514431502883024,0.546568497116976,False,0.032136994233952,0.032136994233952,0.514431502883024,0.546568497116976,0.0,0.0,0.032136994233952,0.0,0.0
rep0151,0.51,0.5129933787050873,synth_only,0.15,0.005,0.005,0.13999999999999999,abs_005_005,1000,2000,0.6472754453783135,0.6777245546216865,False,0.030449109243372963,0.030449109243372963,0.6472754453783135,0.6777245546216865,0.0,0.0,0.030449109243372963,0.0,0.0
rep0152,0.09,0.0865692862724574,synth_only,0.15,0.005,0.005,0.13999999999999999,abs_005_005,1000,2000,0.18760916085238205,0.21339083914761797,False,0.02578167829523592,0.02578167829523592,0.18760916085238205,0.21339083914761797,0.0,0.0,0.02578167829523592,0.0,0.0
rep0153,0.48,0.4832073173983341,synth_only,0.15,0.005,0.005,0.13999999999999999,abs_005_005,1000,2000,0.38025361633108046,0.4117463836689196,False,0.03149276733783912,0.03149276733783912,0.38025361633108046,0.4117463836689196,0.0,0.0,0.03149276733783912,0.0,0.0
rep0154,0.40,0.40109208941257574,synth_only,0.15,0.005,0.005,0.13999999999999999,abs_005_005,1000,2000,0.4674102917619484,0.49958970823805154,False,0.03217941647610312,0.03217941647610312,0.4674102917619484,0.49958970823805154,0.0,0.0,0.03217941647610312,0.0,0.0
rep0155,0.69,0.689446032969343,synth_only,0.15,0.005,0.005,0.13999999999999999,abs_005_005,1000,2000,0.812252465903983,0.836747534096017,False,0.024495068192033953,0.024495068192033953,0.812252465903983,0.836747534096017,0.0,0.0,0.024495068192033953,0.0,0.0
rep0156,0.14,0.1393879721073728,synth_only,0.15,0.005,0.005,0.13999999999999999,abs_005_005,1000,2000,0.12641219274603024,0.14858780725396978,True,0.022175614507939534,0.022175614507939534,0.12641219274603024,0.14858780725396978,0.0,0.0,0.022175614507939534,0.0,0.0
rep0157,0.59,0.589150430142333,synth_only,0.15,0.005,0.005,0.13999999999999999,abs_005_005,1000,2000,0.7324938538219442,0.7605061461780559,False,0.02801229235611169,0.02801229235611169,0.7324938538219442,0.7605061461780559,0.0,0.0,0.02801229235611169,0.0,0.0
rep0158,0.61,0.6073199373638452,synth_only,0.15,0.005,0.005,0.13999999999999999,abs_005_005,1000,2000,0.5958069084247806,0.6271930915752195,True,0.03138618315043895,0.03138618315043895,0.5958069084247806,0.6271930915752195,0.0,0.0,0.03138618315043895,0.0,0.0
rep0159,0.63,0.6314245779213238,synth_only,0.15,0.005,0.005,0.13999999999999999,abs_005_005,1000,2000,0.7284216547159956,0.7565783452840045,False,0.028156690568008846,0.028156690568008846,0.7284216547159956,0.7565783452840045,0.0,0.0,0.028156690568008846,0.0,0.0
rep0160,0.74,0.7376564844095054,synth_only,0.15,0.005,0.005,0.13999999999999999,abs_005_005,1000,2000,0.6407051258536819,0.6712948741463182,False,0.030589748292636276,0.030589748292636276,0.6407051258536819,0.6712948741463182,0.0,0.0,0.030589748292636276,0.0,0.0
rep0161,0.01,0.013813185400586675,synth_only,0.15,0.005,0.005,0.13999999999999999,abs_005_005,1000,2000,0.0,0.0,False,0.0,0.0,0.0,0.0,0.0,0.0,0.0,0.0,0.0
rep0162,0.61,0.6134028005860644,synth_only,0.15,0.005,0.005,0.13999999999999999,abs_005_005,1000,2000,0.6725763131023835,0.7024236868976165,False,0.029847373795232945,0.029847373795232945,0.6725763131023835,0.7024236868976165,0.0,0.0,0.029847373795232945,0.0,0.0
rep0163,0.19,0.18524019663743344,synth_only,0.15,0.005,0.005,0.13999999999999999,abs_005_005,1000,2000,0.2336050937615899,0.2613949062384101,False,0.02778981247682022,0.02778981247682022,0.2336050937615899,0.2613949062384101,0.0,0.0,0.02778981247682022,0.0,0.0
rep0164,0.11,0.11484174020317689,synth_only,0.15,0.005,0.005,0.13999999999999999,abs_005_005,1000,2000,0.10568973343322023,0.12631026656677977,True,0.020620533133559535,0.020620533133559535,0.10568973343322023,0.12631026656677977,0.0,0.0,0.020620533133559535,0.0,0.0
rep0165,0.38,0.38084826730824745,synth_only,0.15,0.005,0.005,0.13999999999999999,abs_005_005,1000,2000,0.4644137713039803,0.49658622869601965,False,0.03217245739203933,0.03217245739203933,0.4644137713039803,0.49658622869601965,0.0,0.0,0.03217245739203933,0.0,0.0
rep0166,0.38,0.3787299719871194,synth_only,0.15,0.005,0.005,0.13999999999999999,abs_005_005,1000,2000,0.5656168236646606,0.5973831763353394,False,0.031766352670678843,0.031766352670678843,0.5656168236646606,0.5973831763353394,0.0,0.0,0.031766352670678843,0.0,0.0
rep0167,0.82,0.8222140268041133,synth_only,0.15,0.005,0.005,0.13999999999999999,abs_005_005,1000,2000,0.6746025236623531,0.7043974763376469,False,0.029794952675293862,0.029794952675293862,0.6746025236623531,0.7043974763376469,0.0,0.0,0.029794952675293862,0.0,0.0
rep0168,0.71,0.7093086415110121,synth_only,0.15,0.005,0.005,0.13999999999999999,abs_005_005,1000,2000,0.8112250728481608,0.8357749271518392,False,0.024549854303678398,0.024549854303678398,0.8112250728481608,0.8357749271518392,0.0,0.0,0.024549854303678398,0.0,0.0
rep0169,0.52,0.5225953371690368,synth_only,0.15,0.005,0.005,0.13999999999999999,abs_005_005,1000,2000,0.5641089201925145,0.5958910798074855,False,0.031782159614970995,0.031782159614970995,0.5641089201925145,0.5958910798074855,0.0,0.0,0.031782159614970995,0.0,0.0
rep0170,0.70,0.7013023530707954,synth_only,0.15,0.005,0.005,0.13999999999999999,abs_005_005,1000,2000,0.8235636664838129,0.8474363335161872,False,0.02387266703237434,0.02387266703237434,0.8235636664838129,0.8474363335161872,0.0,0.0,0.02387266703237434,0.0,0.0
rep0171,0.56,0.5599383249133976,synth_only,0.15,0.005,0.005,0.13999999999999999,abs_005_005,1000,2000,0.695897705874331,0.7251022941256691,False,0.029204588251338093,0.029204588251338093,0.695897705874331,0.7251022941256691,0.0,0.0,0.029204588251338093,0.0,0.0
rep0172,0.26,0.2590639202579069,synth_only,0.15,0.005,0.005,0.13999999999999999,abs_005_005,1000,2000,0.20910847694660747,0.23589152305339253,False,0.026783046106785058,0.026783046106785058,0.20910847694660747,0.23589152305339253,0.0,0.0,0.026783046106785058,0.0,0.0
rep0173,0.74,0.7363251066811258,synth_only,0.15,0.005,0.005,0.13999999999999999,abs_005_005,1000,2000,0.7243509962007837,0.7526490037992164,True,0.028298007598432706,0.028298007598432706,0.7243509962007837,0.7526490037992164,0.0,0.0,0.028298007598432706,0.0,0.0
rep0174,0.81,0.8139286848050418,synth_only,0.15,0.005,0.005,0.13999999999999999,abs_005_005,1000,2000,0.9822171663634193,0.9897828336365807,False,0.007565667273161436,0.007565667273161436,0.9822171663634193,0.9897828336365807,0.0,0.0,0.007565667273161436,0.0,0.0
rep0175,0.63,0.6348894231411129,synth_only,0.15,0.005,0.005,0.13999999999999999,abs_005_005,1000,2000,0.5084208615891368,0.5405791384108631,False,0.03215827682172634,0.03215827682172634,0.5084208615891368,0.5405791384108631,0.0,0.0,0.03215827682172634,0.0,0.0
rep0176,0.47,0.4725869259755337,synth_only,0.15,0.005,0.005,0.13999999999999999,abs_005_005,1000,2000,0.40410892019251454,0.4358910798074854,False,0.031782159614970884,0.031782159614970884,0.40410892019251454,0.4358910798074854,0.0,0.0,0.031782159614970884,0.0,0.0
rep0177,0.37,0.3661877553272999,synth_only,0.15,0.005,0.005,0.13999999999999999,abs_005_005,1000,2000,0.504415060214267,0.536584939785733,False,0.032169879571466,0.032169879571466,0.504415060214267,0.536584939785733,0.0,0.0,0.032169879571466,0.0,0.0
rep0178,0.58,0.5808139347307457,synth_only,0.15,0.005,0.005,0.13999999999999999,abs_005_005,1000,2000,0.7192648046111151,0.747735195388885,False,0.028470390777769916,0.028470390777769916,0.7192648046111151,0.747735195388885,0.0,0.0,0.028470390777769916,0.0,0.0
rep0179,0.22,0.22017317015237053,synth_only,0.15,0.005,0.005,0.13999999999999999,abs_005_005,1000,2000,0.20959775021986338,0.23640224978013663,True,0.026804499560273254,0.026804499560273254,0.20959775021986338,0.23640224978013663,0.0,0.0,0.026804499560273254,0.0,0.0
rep0180,0.24,0.23704842462935202,synth_only,0.15,0.005,0.005,0.13999999999999999,abs_005_005,1000,2000,0.33315830416999226,0.3638416958300077,False,0.030683391660015435,0.030683391660015435,0.33315830416999226,0.3638416958300077,0.0,0.0,0.030683391660015435,0.0,0.0
rep0181,0.81,0.8124731630569871,synth_only,0.15,0.005,0.005,0.13999999999999999,abs_005_005,1000,2000,0.8096842553252477,0.8343157446747522,True,0.024631489349504543,0.024631489349504543,0.8096842553252477,0.8343157446747522,0.0,0.0,0.024631489349504543,0.0,0.0
rep0182,0.20,0.1997976959635074,synth_only,0.15,0.005,0.005,0.13999999999999999,abs_005_005,1000,2000,0.26160742202879417,0.2903925779712059,False,0.02878515594241171,0.02878515594241171,0.26160742202879417,0.2903925779712059,0.0,0.0,0.02878515594241171,0.0,0.0
rep0183,0.37,0.37134566744195185,synth_only,0.15,0.005,0.005,0.13999999999999999,abs_005_005,1000,2000,0.4474444754426755,0.47955552455732453,False,0.032111049114649015,0.032111049114649015,0.4474444754426755,0.47955552455732453,0.0,0.0,0.032111049114649015,0.0,0.0
rep0184,0.74,0.7354696566930434,synth_only,0.15,0.005,0.005,0.13999999999999999,abs_005_005,1000,2000,0.7896819831753252,0.8153180168246748,False,0.02563603364934952,0.02563603364934952,0.7896819831753252,0.8153180168246748,0.0,0.0,0.02563603364934952,0.0,0.0
rep0185,0.10,0.10340771969498831,synth_only,0.15,0.005,0.005,0.13999999999999999,abs_005_005,1000,2000,0.0874710618279104,0.10652893817208961,True,0.019057876344179214,0.019057876344179214,0.0874710618279104,0.10652893817208961,0.0,0.0,0.019057876344179214,0.0,0.0
rep0186,0.69,0.6920835306051816,synth_only,0.15,0.005,0.005,0.13999999999999999,abs_005_005,1000,2000,0.853997542370849,0.876002457629151,False,0.02200491525830195,0.02200491525830195,0.853997542370849,0.876002457629151,0.0,0.0,0.02200491525830195,0.0,0.0
rep0187,0.80,0.798533047494207,synth_only,0.15,0.005,0.005,0.13999999999999999,abs_005_005,1000,2000,0.748288633770255,0.775711366229745,False,0.027422732459490007,0.027422732459490007,0.748288633770255,0.775711366229745,0.0,0.0,0.027422732459490007,0.0,0.0
rep0188,0.89,0.8878576726046554,synth_only,0.15,0.005,0.005,0.13999999999999999,abs_005_005,1000,2000,0.833347772095937,0.8566522279040629,False,0.0233044558081259,0.0233044558081259,0.833347772095937,0.8566522279040629,0.0,0.0,0.0233044558081259,0.0,0.0
rep0189,0.68,0.6820614866402894,synth_only,0.15,0.005,0.005,0.13999999999999999,abs_005_005,1000,2000,0.8560667284204784,0.8779332715795216,False,0.02186654315904324,0.02186654315904324,0.8560667284204784,0.8779332715795216,0.0,0.0,0.02186654315904324,0.0,0.0
rep0190,0.38,0.3784619675117847,synth_only,0.15,0.005,0.005,0.13999999999999999,abs_005_005,1000,2000,0.4854015961971981,0.5175984038028019,False,0.03219680760560378,0.03219680760560378,0.4854015961971981,0.5175984038028019,0.0,0.0,0.03219680760560378,0.0,0.0
rep0191,0.28,0.2819871291482782,synth_only,0.15,0.005,0.005,0.13999999999999999,abs_005_005,1000,2000,0.42202576828538146,0.45397423171461854,False,0.03194846342923707,0.03194846342923707,0.42202576828538146,0.45397423171461854,0.0,0.0,0.03194846342923707,0.0,0.0
rep0192,0.26,0.2642608355159435,synth_only,0.15,0.005,0.005,0.13999999999999999,abs_005_005,1000,2000,0.33563294401788346,0.3663670559821165,False,0.030734111964233035,0.030734111964233035,0.33563294401788346,0.3663670559821165,0.0,0.0,0.030734111964233035,0.0,0.0
rep0193,0.10,0.10065366890913507,synth_only,0.15,0.005,0.005,0.13999999999999999,abs_005_005,1000,2000,0.0,0.0,False,0.0,0.0,0.0,0.0,0.0,0.0,0.0,0.0,0.0
rep0194,0.61,0.6065689152312473,synth_only,0.15,0.005,0.005,0.13999999999999999,abs_005_005,1000,2000,0.5520510973183892,0.5839489026816107,False,0.03189780536322151,0.03189780536322151,0.5520510973183892,0.5839489026816107,0.0,0.0,0.03189780536322151,0.0,0.0
rep0195,0.10,0.10236788996150449,synth_only,0.15,0.005,0.005,0.13999999999999999,abs_005_005,1000,2000,0.11049969559567484,0.13150030440432514,False,0.021000608808650303,0.021000608808650303,0.11049969559567484,0.13150030440432514,0.0,0.0,0.021000608808650303,0.0,0.0
rep0196,0.11,0.10640820495151106,synth_only,0.15,0.005,0.005,0.13999999999999999,abs_005_005,1000,2000,0.06936569215804703,0.08663430784195297,False,0.017268615683905947,0.017268615683905947,0.06936569215804703,0.08663430784195297,0.0,0.0,0.017268615683905947,0.0,0.0
rep0197,0.80,0.7955389051940175,synth_only,0.15,0.005,0.005,0.13999999999999999,abs_005_005,1000,2000,0.9350046939879038,0.9499953060120963,False,0.014990612024192496,0.014990612024192496,0.9350046939879038,0.9499953060120963,0.0,0.0,0.014990612024192496,0.0,0.0
rep0198,0.72,0.7201597538360408,synth_only,0.15,0.005,0.005,0.13999999999999999,abs_005_005,1000,2000,0.9281197013262706,0.9438802986737295,False,0.015760597347458827,0.015760597347458827,0.9281197013262706,0.9438802986737295,0.0,0.0,0.015760597347458827,0.0,0.0
rep0199,0.36,0.3552953142149884,synth_only,0.15,0.005,0.005,0.13999999999999999,abs_005_005,1000,2000,0.40410892019251454,0.4358910798074854,False,0.031782159614970884,0.031782159614970884,0.40410892019251454,0.4358910798074854,0.0,0.0,0.031782159614970884,0.0,0.0
rep0200,0.28,0.27875301908221095,synth_only,0.15,0.005,0.005,0.13999999999999999,abs_005_005,1000,2000,0.3212865481377077,0.35171345186229236,False,0.030426903724584675,0.030426903724584675,0.3212865481377077,0.35171345186229236,0.0,0.0,0.030426903724584675,0.0,0.0
rep0201,0.62,0.6187795427961023,synth_only,0.15,0.005,0.005,0.13999999999999999,abs_005_005,1000,2000,0.6447480211955308,0.6752519788044693,False,0.030503957608938537,0.030503957608938537,0.6447480211955308,0.6752519788044693,0.0,0.0,0.030503957608938537,0.0,0.0
rep0202,0.26,0.2611469262103015,synth_only,0.15,0.005,0.005,0.13999999999999999,abs_005_005,1000,2000,0.24931623745007928,0.2776837625499208,True,0.0283675250998415,0.0283675250998415,0.24931623745007928,0.2776837625499208,0.0,0.0,0.0283675250998415,0.0,0.0
rep0203,0.13,0.13085876155232837,synth_only,0.15,0.005,0.005,0.13999999999999999,abs_005_005,1000,2000,0.23066206033039835,0.2583379396696016,False,0.027675879339203263,0.027675879339203263,0.23066206033039835,0.2583379396696016,0.0,0.0,0.027675879339203263,0.0,0.0
rep0204,0.41,0.4108195104512688,synth_only,0.15,0.005,0.005,0.13999999999999999,abs_005_005,1000,2000,0.42252376478566134,0.45447623521433866,False,0.031952470428677326,0.031952470428677326,0.42252376478566134,0.45447623521433866,0.0,0.0,0.031952470428677326,0.0,0.0
rep0205,0.79,0.7878764979526736,synth_only,0.15,0.005,0.005,0.13999999999999999,abs_005_005,1000,2000,0.7172309822886426,0.7457690177113575,False,0.028538035422714936,0.028538035422714936,0.7172309822886426,0.7457690177113575,0.0,0.0,0.028538035422714936,0.0,0.0
rep0206,0.64,0.6364942699927159,synth_only,0.15,0.005,0.005,0.13999999999999999,abs_005_005,1000,2000,0.6492977271957001,0.6797022728042998,False,0.03040454560859973,0.03040454560859973,0.6492977271957001,0.6797022728042998,0.0,0.0,0.03040454560859973,0.0,0.0
rep0207,0.49,0.4906848418763044,synth_only,0.15,0.005,0.005,0.13999999999999999,abs_005_005,1000,2000,0.6220222129633428,0.6529777870366571,False,0.030955574073314285,0.030955574073314285,0.6220222129633428,0.6529777870366571,0.0,0.0,0.030955574073314285,0.0,0.0
rep0208,0.79,0.7884131600923425,synth_only,0.15,0.005,0.005,0.13999999999999999,abs_005_005,1000,2000,0.7304575602218363,0.7585424397781638,False,0.028084879556327547,0.028084879556327547,0.7304575602218363,0.7585424397781638,0.0,0.0,0.028084879556327547,0.0,0.0
rep0209,0.53,0.5343534617948776,synth_only,0.15,0.005,0.005,0.13999999999999999,abs_005_005,1000,2000,0.5751703919645961,0.6068296080354039,False,0.031659216070807794,0.031659216070807794,0.5751703919645961,0.6068296080354039,0.0,0.0,0.031659216070807794,0.0,0.0
rep0210,0.33,0.33438574106348895,synth_only,0.15,0.005,0.005,0.13999999999999999,abs_005_005,1000,2000,0.30349961467561204,0.33350038532438797,False,0.030000770648775932,0.030000770648775932,0.30349961467561204,0.33350038532438797,0.0,0.0,0.030000770648775932,0.0,0.0
rep0211,0.60,0.6037659353980034,synth_only,0.15,0.005,0.005,0.13999999999999999,abs_005_005,1000,2000,0.6933606153730506,0.7226393846269493,False,0.029278769253898718,0.029278769253898718,0.6933606153730506,0.7226393846269493,0.0,0.0,0.029278769253898718,0.0,0.0
rep0212,0.98,0.9780460218423522,synth_only,0.15,0.005,0.005,0.13999999999999999,abs_005_005,1000,2000,1.0,1.0,False,0.0,0.0,1.0,1.0,0.0,0.0,0.0,0.0,0.0
rep0213,0.15,0.1484121191028399,synth_only,0.15,0.005,0.005,0.13999999999999999,abs_005_005,1000,2000,0.13753503637907574,0.16046496362092424,True,0.022929927241848502,0.022929927241848502,0.13753503637907574,0.16046496362092424,0.0,0.0,0.022929927241848502,0.0,0.0
rep0214,0.66,0.6628431392335704,synth_only,0.15,0.005,0.005,0.13999999999999999,abs_005_005,1000,2000,0.7396239819243121,0.7673760180756878,False,0.02775203615137567,0.02775203615137567,0.7396239819243121,0.7673760180756878,0.0,0.0,0.02775203615137567,0.0,0.0
rep0215,0.68,0.6753815297588844,synth_only,0.15,0.005,0.005,0.13999999999999999,abs_005_005,1000,2000,0.6568840194247005,0.6871159805752995,True,0.030231961150599007,0.030231961150599007,0.6568840194247005,0.6871159805752995,0.0,0.0,0.030231961150599007,0.0,0.0
rep0216,0.82,0.8173556056467988,synth_only,0.15,0.005,0.005,0.13999999999999999,abs_005_005,1000,2000,0.9435161737373776,0.9574838262626224,False,0.01396765252524479,0.01396765252524479,0.9435161737373776,0.9574838262626224,0.0,0.0,0.01396765252524479,0.0,0.0
rep0217,0.70,0.6971727626112771,synth_only,0.15,0.005,0.005,0.13999999999999999,abs_005_005,1000,2000,0.7994202588155666,0.8245797411844336,False,0.025159482368867003,0.025159482368867003,0.7994202588155666,0.8245797411844336,0.0,0.0,0.025159482368867003,0.0,0.0
rep0218,0.53,0.5325584219827054,synth_only,0.15,0.005,0.005,0.13999999999999999,abs_005_005,1000,2000,0.3069562000519057,0.3370437999480943,False,0.030087599896188588,0.030087599896188588,0.3069562000519057,0.3370437999480943,0.0,0.0,0.030087599896188588,0.0,0.0
rep0219,0.26,0.26006522148105754,synth_only,0.15,0.005,0.005,0.13999999999999999,abs_005_005,1000,2000,0.43647433277563624,0.4685256672243638,False,0.03205133444872754,0.03205133444872754,0.43647433277563624,0.4685256672243638,0.0,0.0,0.03205133444872754,0.0,0.0
rep0220,0.85,0.853759876232515,synth_only,0.15,0.005,0.005,0.13999999999999999,abs_005_005,1000,2000,0.9196774770180131,0.936322522981987,False,0.01664504596397398,0.01664504596397398,0.9196774770180131,0.936322522981987,0.0,0.0,0.01664504596397398,0.0,0.0
rep0221,0.29,0.29471783594394063,synth_only,0.15,0.005,0.005,0.13999999999999999,abs_005_005,1000,2000,0.2434216547159956,0.27157834528400443,False,0.02815669056800882,0.02815669056800882,0.2434216547159956,0.27157834528400443,0.0,0.0,0.02815669056800882,0.0,0.0
rep0222,0.60,0.5974502663194311,synth_only,0.15,0.005,0.005,0.13999999999999999,abs_005_005,1000,2000,0.7324938538219442,0.7605061461780559,False,0.02801229235611169,0.02801229235611169,0.7324938538219442,0.7605061461780559,0.0,0.0,0.02801229235611169,0.0,0.0
rep0223,0.16,0.16311492076100237,synth_only,0.15,0.005,0.005,0.13999999999999999,abs_005_005,1000,2000,0.16130769171687012,0.18569230828312985,True,0.02438461656625973,0.02438461656625973,0.16130769171687012,0.18569230828312985,0.0,0.0,0.02438461656625973,0.0,0.0
rep0224,0.09,0.09398225610587806,synth_only,0.15,0.005,0.005,0.13999999999999999,abs_005_005,1000,2000,0.0,0.0,False,0.0,0.0,0.0,0.0,0.0,0.0,0.0,0.0,0.0
rep0225,0.30,0.29551341108301227,synth_only,0.15,0.005,0.005,0.13999999999999999,abs_005_005,1000,2000,0.11772542803216303,0.13927457196783696,False,0.021549143935673934,0.021549143935673934,0.11772542803216303,0.13927457196783696,0.0,0.0,0.021549143935673934,0.0,0.0
rep0226,0.26,0.2588609592951638,synth_only,0.15,0.005,0.005,0.13999999999999999,abs_005_005,1000,2000,0.2867245189162418,0.3162754810837582,False,0.029550962167516404,0.029550962167516404,0.2867245189162418,0.3162754810837582,0.0,0.0,0.029550962167516404,0.0,0.0
rep0227,0.17,0.17268934084441262,synth_only,0.15,0.005,0.005,0.13999999999999999,abs_005_005,1000,2000,0.2813023821265006,0.31069761787349937,False,0.02939523574699876,0.02939523574699876,0.2813023821265006,0.31069761787349937,0.0,0.0,0.02939523574699876,0.0,0.0
rep0228,0.85,0.8487852341549722,synth_only,0.15,0.005,0.005,0.13999999999999999,abs_005_005,1000,2000,0.891383993248902,0.910616006751098,False,0.019232013502195944,0.019232013502195944,0.891383993248902,0.910616006751098,0.0,0.0,0.019232013502195944,0.0,0.0
rep0229,0.49,0.4925986285027818,synth_only,0.15,0.005,0.005,0.13999999999999999,abs_005_005,1000,2000,0.47240578236413483,0.5045942176358652,True,0.032188435271730376,0.032188435271730376,0.47240578236413483,0.5045942176358652,0.0,0.0,0.032188435271730376,0.0,0.0
rep0230,0.37,0.3698093315210323,synth_only,0.15,0.005,0.005,0.13999999999999999,abs_005_005,1000,2000,0.2965893778611297,0.3264106221388703,False,0.029821244277740577,0.029821244277740577,0.2965893778611297,0.3264106221388703,0.0,0.0,0.029821244277740577,0.0,0.0
rep0231,0.52,0.5174532275906403,synth_only,0.15,0.005,0.005,0.13999999999999999,abs_005_005,1000,2000,0.477902682885912,0.510097317114088,False,0.03219463422817603,0.03219463422817603,0.477902682885912,0.510097317114088,0.0,0.0,0.03219463422817603,0.0,0.0
rep0232,0.32,0.3249276305613271,synth_only,0.15,0.005,0.005,0.13999999999999999,abs_005_005,1000,2000,0.22575903811863643,0.2532409618813636,False,0.02748192376272715,0.02748192376272715,0.22575903811863643,0.2532409618813636,0.0,0.0,0.02748192376272715,0.0,0.0
rep0233,0.44,0.4411253571753426,synth_only,0.15,0.005,0.005,0.13999999999999999,abs_005_005,1000,2000,0.5832202410647421,0.6147797589352578,False,0.031559517870515696,0.031559517870515696,0.5832202410647421,0.6147797589352578,0.0,0.0,0.031559517870515696,0.0,0.0
rep0234,0.30,0.3017142302716192,synth_only,0.15,0.005,0.005,0.13999999999999999,abs_005_005,1000,2000,0.46341506021426704,0.4955849397857329,False,0.03216987957146589,0.03216987957146589,0.46341506021426704,0.4955849397857329,0.0,0.0,0.03216987957146589,0.0,0.0
rep0235,0.35,0.34969421484523144,synth_only,0.15,0.005,0.005,0.13999999999999999,abs_005_005,1000,2000,0.31238992697347456,0.34261007302652546,False,0.0302201460530509,0.0302201460530509,0.31238992697347456,0.34261007302652546,0.0,0.0,0.0302201460530509,0.0,0.0
rep0236,0.55,0.5457336066147829,synth_only,0.15,0.005,0.005,0.13999999999999999,abs_005_005,1000,2000,0.5430139942276535,0.5749860057723466,True,0.03197201154469309,0.03197201154469309,0.5430139942276535,0.5749860057723466,0.0,0.0,0.03197201154469309,0.0,0.0
rep0237,0.30,0.29548634029776705,synth_only,0.15,0.005,0.005,0.13999999999999999,abs_005_005,1000,2000,0.39913585217056086,0.4308641478294391,False,0.03172829565887825,0.03172829565887825,0.39913585217056086,0.4308641478294391,0.0,0.0,0.03172829565887825,0.0,0.0
rep0238,0.69,0.6908595209258626,synth_only,0.15,0.005,0.005,0.13999999999999999,abs_005_005,1000,2000,0.847794766654356,0.8702052333456439,False,0.022410466691287878,0.022410466691287878,0.847794766654356,0.8702052333456439,0.0,0.0,0.022410466691287878,0.0,0.0
rep0239,0.62,0.6241144830557169,synth_only,0.15,0.005,0.005,0.13999999999999999,abs_005_005,1000,2000,0.776885916040779,0.8031140839592211,False,0.02622816791844218,0.02622816791844218,0.776885916040779,0.8031140839592211,0.0,0.0,0.02622816791844218,0.0,0.0
rep0240,0.24,0.24453791070407824,synth_only,0.15,0.005,0.005,0.13999999999999999,abs_005_005,1000,2000,0.3882010371021236,0.41979896289787644,False,0.031597925795752824,0.031597925795752824,0.3882010371021236,0.41979896289787644,0.0,0.0,0.031597925795752824,0.0,0.0
rep0241,0.52,0.5164645066009014,synth_only,0.15,0.005,0.005,0.13999999999999999,abs_005_005,1000,2000,0.8101978250522389,0.8348021749477611,False,0.024604349895522182,0.024604349895522182,0.8101978250522389,0.8348021749477611,0.0,0.0,0.024604349895522182,0.0,0.0
rep0242,0.35,0.35169019236869076,synth_only,0.15,0.005,0.005,0.13999999999999999,abs_005_005,1000,2000,0.6230314584437585,0.6539685415562414,False,0.030937083112482888,0.030937083112482888,0.6230314584437585,0.6539685415562414,0.0,0.0,0.030937083112482888,0.0,0.0
rep0243,0.23,0.23019375670154454,synth_only,0.15,0.005,0.005,0.13999999999999999,abs_005_005,1000,2000,0.29955042586374353,0.3294495741362565,False,0.029899148272512943,0.029899148272512943,0.29955042586374353,0.3294495741362565,0.0,0.0,0.029899148272512943,0.0,0.0
rep0244,0.74,0.7415957082065188,synth_only,0.15,0.005,0.005,0.13999999999999999,abs_005_005,1000,2000,0.807630334787537,0.8323696652124629,False,0.02473933042492593,0.02473933042492593,0.807630334787537,0.8323696652124629,0.0,0.0,0.02473933042492593,0.0,0.0
rep0245,0.47,0.47499254802102725,synth_only,0.15,0.005,0.005,0.13999999999999999,abs_005_005,1000,2000,0.6751091270209155,0.7048908729790844,False,0.029781745958168848,0.029781745958168848,0.6751091270209155,0.7048908729790844,0.0,0.0,0.029781745958168848,0.0,0.0
rep0246,0.78,0.7758975009320978,synth_only,0.15,0.005,0.005,0.13999999999999999,abs_005_005,1000,2000,0.9207310227299783,0.9372689772700218,False,0.016537954540043476,0.016537954540043476,0.9207310227299783,0.9372689772700218,0.0,0.0,0.016537954540043476,0.0,0.0
rep0247,0.28,0.2821271416173694,synth_only,0.15,0.005,0.005,0.13999999999999999,abs_005_005,1000,2000,0.19786305154076392,0.22413694845923607,False,0.02627389691847215,0.02627389691847215,0.19786305154076392,0.22413694845923607,0.0,0.0,0.02627389691847215,0.0,0.0
rep0248,0.67,0.672988765329577,synth_only,0.15,0.005,0.005,0.13999999999999999,abs_005_005,1000,2000,0.8493448013660279,0.8716551986339722,False,0.02231039726794437,0.02231039726794437,0.8493448013660279,0.8716551986339722,0.0,0.0,0.02231039726794437,0.0,0.0
rep0249,0.98,0.9801107746609174,synth_only,0.15,0.005,0.005,0.13999999999999999,abs_005_005,1000,2000,0.9601649740944901,0.9718350259055099,False,0.011670051811019766,0.011670051811019766,0.9601649740944901,0.9718350259055099,0.0,0.0,0.011670051811019766,0.0,0.0
rep0250,0.62,0.6172560258772761,synth_only,0.15,0.005,0.005,0.13999999999999999,abs_005_005,1000,2000,0.6857525392170664,0.7152474607829337,False,0.029494921565867305,0.029494921565867305,0.6857525392170664,0.7152474607829337,0.0,0.0,0.029494921565867305,0.0,0.0
rep0251,0.29,0.2924388188288769,synth_only,0.15,0.005,0.005,0.13999999999999999,abs_005_005,1000,2000,0.3728069084247805,0.40419309157521954,False,0.03138618315043906,0.03138618315043906,0.3728069084247805,0.40419309157521954,0.0,0.0,0.03138618315043906,0.0,0.0
rep0252,0.09,0.0896720602135544,synth_only,0.15,0.005,0.005,0.13999999999999999,abs_005_005,1000,2000,0.2951091270209155,0.3248908729790845,False,0.02978174595816896,0.02978174595816896,0.2951091270209155,0.3248908729790845,0.0,0.0,0.02978174595816896,0.0,0.0
rep0253,0.78,0.7765999665262309,synth_only,0.15,0.005,0.005,0.13999999999999999,abs_005_005,1000,2000,0.7452296754552732,0.7727703245447268,False,0.02754064908945364,0.02754064908945364,0.7452296754552732,0.7727703245447268,0.0,0.0,0.02754064908945364,0.0,0.0
rep0254,0.83,0.8252481785937431,synth_only,0.15,0.005,0.005,0.13999999999999999,abs_005_005,1000,2000,0.8534803725249447,0.8755196274750554,False,0.02203925495011072,0.02203925495011072,0.8534803725249447,0.8755196274750554,0.0,0.0,0.02203925495011072,0.0,0.0
rep0255,0.13,0.13437713505510218,synth_only,0.15,0.005,0.005,0.13999999999999999,abs_005_005,1000,2000,0.08842737439852137,0.10757262560147864,False,0.019145251202957264,0.019145251202957264,0.08842737439852137,0.10757262560147864,0.0,0.0,0.019145251202957264,0.0,0.0
rep0256,0.78,0.7814779027125283,synth_only,0.15,0.005,0.005,0.13999999999999999,abs_005_005,1000,2000,0.8794058702700267,0.8995941297299732,False,0.02018825945994651,0.02018825945994651,0.8794058702700267,0.8995941297299732,0.0,0.0,0.02018825945994651,0.0,0.0
rep0257,0.45,0.45240573026405834,synth_only,0.15,0.005,0.005,0.13999999999999999,abs_005_005,1000,2000,0.477902682885912,0.510097317114088,False,0.03219463422817603,0.03219463422817603,0.477902682885912,0.510097317114088,0.0,0.0,0.03219463422817603,0.0,0.0
rep0258,0.07,0.07418392827862928,synth_only,0.15,0.005,0.005,0.13999999999999999,abs_005_005,1000,2000,0.09512991406389283,0.11487008593610716,False,0.01974017187221433,0.01974017187221433,0.09512991406389283,0.11487008593610716,0.0,0.0,0.01974017187221433,0.0,0.0
rep0259,0.68,0.6761520985115335,synth_only,0.15,0.005,0.005,0.13999999999999999,abs_005_005,1000,2000,0.7615551216491582,0.7884448783508419,False,0.026889756701683698,0.026889756701683698,0.7615551216491582,0.7884448783508419,0.0,0.0,0.026889756701683698,0.0,0.0
rep0260,0.10,0.10492620020216502,synth_only,0.15,0.005,0.005,0.13999999999999999,abs_005_005,1000,2000,0.24882489172299654,0.2771751082770035,False,0.028350216554006935,0.028350216554006935,0.24882489172299654,0.2771751082770035,0.0,0.0,0.028350216554006935,0.0,0.0
rep0261,0.71,0.7113348004426951,synth_only,0.15,0.005,0.005,0.13999999999999999,abs_005_005,1000,2000,0.6235361083954625,0.6544638916045376,False,0.030927783209075077,0.030927783209075077,0.6235361083954625,0.6544638916045376,0.0,0.0,0.030927783209075077,0.0,0.0
rep0262,0.38,0.3806497009582499,synth_only,0.15,0.005,0.005,0.13999999999999999,abs_005_005,1000,2000,0.43796979727913726,0.47003020272086277,False,0.032060405441725504,0.032060405441725504,0.43796979727913726,0.47003020272086277,0.0,0.0,0.032060405441725504,0.0,0.0
rep0263,0.24,0.24076696152715216,synth_only,0.15,0.005,0.005,0.13999999999999999,abs_005_005,1000,2000,0.16276621720908224,0.18723378279091774,False,0.024467565581835493,0.024467565581835493,0.16276621720908224,0.18723378279091774,0.0,0.0,0.024467565581835493,0.0,0.0
rep0264,0.52,0.5212902081011369,synth_only,0.15,0.005,0.005,0.13999999999999999,abs_005_005,1000,2000,0.6791626884753484,0.7088373115246515,False,0.029674623049303017,0.029674623049303017,0.6791626884753484,0.7088373115246515,0.0,0.0,0.029674623049303017,0.0,0.0
rep0265,0.68,0.6761706844565677,synth_only,0.15,0.005,0.005,0.13999999999999999,abs_005_005,1000,2000,0.6003407580276253,0.6316592419723747,False,0.03131848394474934,0.03131848394474934,0.6003407580276253,0.6316592419723747,0.0,0.0,0.03131848394474934,0.0,0.0
rep0266,0.63,0.6259585314297184,synth_only,0.15,0.005,0.005,0.13999999999999999,abs_005_005,1000,2000,0.7656408252006567,0.7923591747993434,False,0.026718349598686686,0.026718349598686686,0.7656408252006567,0.7923591747993434,0.0,0.0,0.026718349598686686,0.0,0.0
rep0267,0.64,0.6425878750607568,synth_only,0.15,0.005,0.005,0.13999999999999999,abs_005_005,1000,2000,0.7243509962007837,0.7526490037992164,False,0.028298007598432706,0.028298007598432706,0.7243509962007837,0.7526490037992164,0.0,0.0,0.028298007598432706,0.0,0.0
rep0268,0.57,0.5688767604756515,synth_only,0.15,0.005,0.005,0.13999999999999999,abs_005_005,1000,2000,0.6563781313219279,0.6866218686780721,False,0.030243737356144162,0.030243737356144162,0.6563781313219279,0.6866218686780721,0.0,0.0,0.030243737356144162,0.0,0.0
rep0269,0.61,0.6090884634770819,synth_only,0.15,0.005,0.005,0.13999999999999999,abs_005_005,1000,2000,0.7503284596821932,0.7776715403178068,False,0.027343080635613637,0.027343080635613637,0.7503284596821932,0.7776715403178068,0.0,0.0,0.027343080635613637,0.0,0.0
rep0270,0.12,0.11526616192747224,synth_only,0.15,0.005,0.005,0.13999999999999999,abs_005_005,1000,2000,0.1399562475084332,0.1630437524915668,False,0.02308750498313361,0.02308750498313361,0.1399562475084332,0.1630437524915668,0.0,0.0,0.02308750498313361,0.0,0.0
rep0271,0.47,0.4681751684593391,synth_only,0.15,0.005,0.005,0.13999999999999999,abs_005_005,1000,2000,0.46840926093103186,0.5005907390689681,False,0.03218147813793626,0.03218147813793626,0.46840926093103186,0.5005907390689681,0.0,0.0,0.03218147813793626,0.0,0.0
rep0272,0.40,0.39833590945832087,synth_only,0.15,0.005,0.005,0.13999999999999999,abs_005_005,1000,2000,0.4504376974253906,0.48256230257460947,False,0.03212460514921889,0.03212460514921889,0.4504376974253906,0.48256230257460947,0.0,0.0,0.03212460514921889,0.0,0.0
rep0273,0.71,0.7075613822911984,synth_only,0.15,0.005,0.005,0.13999999999999999,abs_005_005,1000,2000,0.7671734269951948,0.7938265730048052,False,0.02665314600961044,0.02665314600961044,0.7671734269951948,0.7938265730048052,0.0,0.0,0.02665314600961044,0.0,0.0
rep0274,0.85,0.8471606975483279,synth_only,0.15,0.005,0.005,0.13999999999999999,abs_005_005,1000,2000,0.8436634260519449,0.8663365739480551,True,0.02267314789611019,0.02267314789611019,0.8436634260519449,0.8663365739480551,0.0,0.0,0.02267314789611019,0.0,0.0
rep0275,0.40,0.39745467775964205,synth_only,0.15,0.005,0.005,0.13999999999999999,abs_005_005,1000,2000,0.40013033147327853,0.43186966852672143,False,0.031739337053442895,0.031739337053442895,0.40013033147327853,0.43186966852672143,0.0,0.0,0.031739337053442895,0.0,0.0
rep0276,0.79,0.7949538983229296,synth_only,0.15,0.005,0.005,0.13999999999999999,abs_005_005,1000,2000,0.7238422710548752,0.7521577289451248,False,0.028315457890249585,0.028315457890249585,0.7238422710548752,0.7521577289451248,0.0,0.0,0.028315457890249585,0.0,0.0
rep0277,0.93,0.930301199871631,synth_only,0.15,0.005,0.005,0.13999999999999999,abs_005_005,1000,2000,0.9558440639284365,0.9681559360715635,False,0.012311872143127012,0.012311872143127012,0.9558440639284365,0.9681559360715635,0.0,0.0,0.012311872143127012,0.0,0.0
rep0278,0.37,0.3696752001735406,synth_only,0.15,0.005,0.005,0.13999999999999999,abs_005_005,1000,2000,0.3673484722421202,0.3986515277578798,True,0.031303055515759626,0.031303055515759626,0.3673484722421202,0.3986515277578798,0.0,0.0,0.031303055515759626,0.0,0.0
rep0279,0.13,0.13147382621153028,synth_only,0.15,0.005,0.005,0.13999999999999999,abs_005_005,1000,2000,0.348508480557077,0.379491519442923,False,0.03098303888584597,0.03098303888584597,0.348508480557077,0.379491519442923,0.0,0.0,0.03098303888584597,0.0,0.0
rep0280,0.36,0.35594285033815837,synth_only,0.15,0.005,0.005,0.13999999999999999,abs_005_005,1000,2000,0.22575903811863643,0.2532409618813636,False,0.02748192376272715,0.02748192376272715,0.22575903811863643,0.2532409618813636,0.0,0.0,0.02748192376272715,0.0,0.0
rep0281,0.20,0.19703011471716847,synth_only,0.15,0.005,0.005,0.13999999999999999,abs_005_005,1000,2000,0.2660357273801662,0.2949642726198339,False,0.028928545239667702,0.028928545239667702,0.2660357273801662,0.2949642726198339,0.0,0.0,0.028928545239667702,0.0,0.0
rep0282,0.53,0.534914057172963,synth_only,0.15,0.005,0.005,0.13999999999999999,abs_005_005,1000,2000,0.5219480834829042,0.5540519165170958,True,0.03210383303419162,0.03210383303419162,0.5219480834829042,0.5540519165170958,0.0,0.0,0.03210383303419162,0.0,0.0
rep0283,0.41,0.41419228502596483,synth_only,0.15,0.005,0.005,0.13999999999999999,abs_005_005,1000,2000,0.5575764096778013,0.5894235903221987,False,0.0318471806443974,0.0318471806443974,0.5575764096778013,0.5894235903221987,0.0,0.0,0.0318471806443974,0.0,0.0
rep0284,0.39,0.3925913844947507,synth_only,0.15,0.005,0.005,0.13999999999999999,abs_005_005,1000,2000,0.5415083292289776,0.5734916707710224,False,0.03198334154204474,0.03198334154204474,0.5415083292289776,0.5734916707710224,0.0,0.0,0.03198334154204474,0.0,0.0
rep0285,0.61,0.6124263297024947,synth_only,0.15,0.005,0.005,0.13999999999999999,abs_005_005,1000,2000,0.7030044417472735,0.7319955582527266,False,0.028991116505453052,0.028991116505453052,0.7030044417472735,0.7319955582527266,0.0,0.0,0.028991116505453052,0.0,0.0
rep0286,0.09,0.09137197017140981,synth_only,0.15,0.005,0.005,0.13999999999999999,abs_005_005,1000,2000,0.15547695995664063,0.1795230400433594,False,0.02404608008671877,0.02404608008671877,0.15547695995664063,0.1795230400433594,0.0,0.0,0.02404608008671877,0.0,0.0
rep0287,0.42,0.42216382842444045,synth_only,0.15,0.005,0.005,0.13999999999999999,abs_005_005,1000,2000,0.523451837674179,0.5555481623258209,False,0.032096324651641917,0.032096324651641917,0.523451837674179,0.5555481623258209,0.0,0.0,0.032096324651641917,0.0,0.0
rep0288,0.33,0.3283444126896285,synth_only,0.15,0.005,0.005,0.13999999999999999,abs_005_005,1000,2000,0.26013172440377946,0.2888682755962206,False,0.028736551192441118,0.028736551192441118,0.26013172440377946,0.2888682755962206,0.0,0.0,0.028736551192441118,0.0,0.0
rep0289,0.49,0.48946100113100743,synth_only,0.15,0.005,0.005,0.13999999999999999,abs_005_005,1000,2000,0.41157165800415213,0.44342834199584785,False,0.03185668399169572,0.03185668399169572,0.41157165800415213,0.44342834199584785,0.0,0.0,0.03185668399169572,0.0,0.0
rep0290,0.28,0.2770114750704152,synth_only,0.15,0.005,0.005,0.13999999999999999,abs_005_005,1000,2000,0.41406006953990854,0.44593993046009145,False,0.03187986092018291,0.03187986092018291,0.41406006953990854,0.44593993046009145,0.0,0.0,0.03187986092018291,0.0,0.0
rep0291,0.52,0.5193958589819763,synth_only,0.15,0.005,0.005,0.13999999999999999,abs_005_005,1000,2000,0.43747129280014985,0.4695287071998502,False,0.032057414399700335,0.032057414399700335,0.43747129280014985,0.4695287071998502,0.0,0.0,0.032057414399700335,0.0,0.0
rep0292,0.38,0.3772387157893864,synth_only,0.15,0.005,0.005,0.13999999999999999,abs_005_005,1000,2000,0.4449505700318336,0.47704942996816646,False,0.03209885993633288,0.03209885993633288,0.4449505700318336,0.47704942996816646,0.0,0.0,0.03209885993633288,0.0,0.0
rep0293,0.51,0.5051984499773295,synth_only,0.15,0.005,0.005,0.13999999999999999,abs_005_005,1000,2000,0.5009108313638394,0.5330891686361606,True,0.03217833727232122,0.03217833727232122,0.5009108313638394,0.5330891686361606,0.0,0.0,0.03217833727232122,0.0,0.0
rep0294,0.21,0.21121855142287588,synth_only,0.15,0.005,0.005,0.13999999999999999,abs_005_005,1000,2000,0.08412644188243198,0.10287355811756801,False,0.01874711623513603,0.01874711623513603,0.08412644188243198,0.10287355811756801,0.0,0.0,0.01874711623513603,0.0,0.0
rep0295,0.17,0.17080313050950222,synth_only,0.15,0.005,0.005,0.13999999999999999,abs_005_005,1000,2000,0.14577156674686823,0.16922843325313178,False,0.023456866506263552,0.023456866506263552,0.14577156674686823,0.16922843325313178,0.0,0.0,0.023456866506263552,0.0,0.0
rep0296,0.79,0.7918184605324403,synth_only,0.15,0.005,0.005,0.13999999999999999,abs_005_005,1000,2000,0.8323171637573821,0.8556828362426179,False,0.0233656724852358,0.0233656724852358,0.8323171637573821,0.8556828362426179,0.0,0.0,0.0233656724852358,0.0,0.0
rep0297,0.73,0.7341329586862794,synth_only,0.15,0.005,0.005,0.13999999999999999,abs_005_005,1000,2000,0.8986942452062112,0.9173057547937888,False,0.018611509587577624,0.018611509587577624,0.8986942452062112,0.9173057547937888,0.0,0.0,0.018611509587577624,0.0,0.0
rep0298,0.83,0.8339748580835719,synth_only,0.15,0.005,0.005,0.13999999999999999,abs_005_005,1000,2000,0.8359250388494646,0.8590749611505355,False,0.023149922301070935,0.023149922301070935,0.8359250388494646,0.8590749611505355,0.0,0.0,0.023149922301070935,0.0,0.0
rep0299,0.51,0.5115871638625324,synth_only,0.15,0.005,0.005,0.13999999999999999,abs_005_005,1000,2000,0.43248714581777714,0.4645128541822229,False,0.03202570836444574,0.03202570836444574,0.43248714581777714,0.4645128541822229,0.0,0.0,0.03202570836444574,0.0,0.0
rep0300,0.40,0.40364277439345886,synth_only,0.15,0.005,0.005,0.13999999999999999,abs_005_005,1000,2000,0.2837666748913643,0.31323332510863566,False,0.02946665021727135,0.02946665021727135,0.2837666748913643,0.31323332510863566,0.0,0.0,0.02946665021727135,0.0,0.0
rep0301,0.87,0.8664360110278116,synth_only,0.15,0.005,0.005,0.13999999999999999,abs_005_005,1000,2000,0.6720698110474035,0.7019301889525966,False,0.029860377905193136,0.029860377905193136,0.6720698110474035,0.7019301889525966,0.0,0.0,0.029860377905193136,0.0,0.0
rep0302,0.49,0.4898968316994281,synth_only,0.15,0.005,0.005,0.13999999999999999,abs_005_005,1000,2000,0.6053800308481135,0.6366199691518865,False,0.03123993830377292,0.03123993830377292,0.6053800308481135,0.6366199691518865,0.0,0.0,0.03123993830377292,0.0,0.0
rep0303,0.92,0.924732878909452,synth_only,0.15,0.005,0.005,0.13999999999999999,abs_005_005,1000,2000,0.9536907116097152,0.9663092883902847,False,0.012618576780569546,0.012618576780569546,0.9536907116097152,0.9663092883902847,0.0,0.0,0.012618576780569546,0.0,0.0
rep0304,0.33,0.32739430932171654,synth_only,0.15,0.005,0.005,0.13999999999999999,abs_005_005,1000,2000,0.5209456618899113,0.5530543381100888,False,0.032108676220177435,0.032108676220177435,0.5209456618899113,0.5530543381100888,0.0,0.0,0.032108676220177435,0.0,0.0
rep0305,0.73,0.7336793722224937,synth_only,0.15,0.005,0.005,0.13999999999999999,abs_005_005,1000,2000,0.8318019228519892,0.8551980771480109,False,0.02339615429602171,0.02339615429602171,0.8318019228519892,0.8551980771480109,0.0,0.0,0.02339615429602171,0.0,0.0
rep0306,0.59,0.5870863789564866,synth_only,0.15,0.005,0.005,0.13999999999999999,abs_005_005,1000,2000,0.6220222129633428,0.6529777870366571,False,0.030955574073314285,0.030955574073314285,0.6220222129633428,0.6529777870366571,0.0,0.0,0.030955574073314285,0.0,0.0
rep0307,0.45,0.44910197027138676,synth_only,0.15,0.005,0.005,0.13999999999999999,abs_005_005,1000,2000,0.22575903811863643,0.2532409618813636,False,0.02748192376272715,0.02748192376272715,0.22575903811863643,0.2532409618813636,0.0,0.0,0.02748192376272715,0.0,0.0
rep0308,0.77,0.7703970605576107,synth_only,0.15,0.005,0.005,0.13999999999999999,abs_005_005,1000,2000,0.9133656921580471,0.930634307841953,False,0.01726861568390592,0.01726861568390592,0.9133656921580471,0.930634307841953,0.0,0.0,0.01726861568390592,0.0,0.0
rep0309,0.58,0.5780358107220455,synth_only,0.15,0.005,0.005,0.13999999999999999,abs_005_005,1000,2000,0.6477809872311494,0.6782190127688507,False,0.030438025537701252,0.030438025537701252,0.6477809872311494,0.6782190127688507,0.0,0.0,0.030438025537701252,0.0,0.0
rep0310,0.39,0.38669066923314943,synth_only,0.15,0.005,0.005,0.13999999999999999,abs_005_005,1000,2000,0.3326634319272059,0.3633365680727941,False,0.030673136145588198,0.030673136145588198,0.3326634319272059,0.3633365680727941,0.0,0.0,0.030673136145588198,0.0,0.0
rep0311,0.49,0.4882251147484456,synth_only,0.15,0.005,0.005,0.13999999999999999,abs_005_005,1000,2000,0.6331279275855438,0.6638720724144561,False,0.0307441448289123,0.0307441448289123,0.6331279275855438,0.6638720724144561,0.0,0.0,0.0307441448289123,0.0,0.0
rep0312,0.72,0.7212445504770939,synth_only,0.15,0.005,0.005,0.13999999999999999,abs_005_005,1000,2000,0.9297063586999386,0.9452936413000614,False,0.015587282600122876,0.015587282600122876,0.9297063586999386,0.9452936413000614,0.0,0.0,0.015587282600122876,0.0,0.0
rep0313,0.48,0.48016340603663465,synth_only,0.15,0.005,0.005,0.13999999999999999,abs_005_005,1000,2000,0.4659119589485987,0.49808804105140125,True,0.03217608210280254,0.03217608210280254,0.4659119589485987,0.49808804105140125,0.0,0.0,0.03217608210280254,0.0,0.0
rep0314,0.72,0.7171292909872643,synth_only,0.15,0.005,0.005,0.13999999999999999,abs_005_005,1000,2000,0.8835679968394488,0.9034320031605512,False,0.019864006321102412,0.019864006321102412,0.8835679968394488,0.9034320031605512,0.0,0.0,0.019864006321102412,0.0,0.0
rep0315,0.66,0.6617456357742059,synth_only,0.15,0.005,0.005,0.13999999999999999,abs_005_005,1000,2000,0.7595129352556347,0.7864870647443654,False,0.02697412948873068,0.02697412948873068,0.7595129352556347,0.7864870647443654,0.0,0.0,0.02697412948873068,0.0,0.0
rep0316,0.12,0.11918135634522453,synth_only,0.15,0.005,0.005,0.13999999999999999,abs_005_005,1000,2000,0.1929785715725962,0.21902142842740377,False,0.02604285685480756,0.02604285685480756,0.1929785715725962,0.21902142842740377,0.0,0.0,0.02604285685480756,0.0,0.0
rep0317,0.21,0.21108536838904637,synth_only,0.15,0.005,0.005,0.13999999999999999,abs_005_005,1000,2000,0.27342021876857814,0.3025797812314218,False,0.02915956246284368,0.02915956246284368,0.27342021876857814,0.3025797812314218,0.0,0.0,0.02915956246284368,0.0,0.0
rep0318,0.80,0.8040956201975279,synth_only,0.15,0.005,0.005,0.13999999999999999,abs_005_005,1000,2000,0.7717727724420371,0.7982272275579629,False,0.026454455115925812,0.026454455115925812,0.7717727724420371,0.7982272275579629,0.0,0.0,0.026454455115925812,0.0,0.0
rep0319,0.46,0.46119366142127793,synth_only,0.15,0.005,0.005,0.13999999999999999,abs_005_005,1000,2000,0.5656168236646606,0.5973831763353394,False,0.031766352670678843,0.031766352670678843,0.5656168236646606,0.5973831763353394,0.0,0.0,0.031766352670678843,0.0,0.0
rep0320,0.62,0.6179707333947683,synth_only,0.15,0.005,0.005,0.13999999999999999,abs_005_005,1000,2000,0.5109250124680326,0.5430749875319675,False,0.03214997506393491,0.03214997506393491,0.5109250124680326,0.5430749875319675,0.0,0.0,0.03214997506393491,0.0,0.0
rep0321,0.22,0.21594663720172308,synth_only,0.15,0.005,0.005,0.13999999999999999,abs_005_005,1000,2000,0.3728069084247805,0.40419309157521954,False,0.03138618315043906,0.03138618315043906,0.3728069084247805,0.40419309157521954,0.0,0.0,0.03138618315043906,0.0,0.0
rep0322,0.46,0.459954081350642,synth_only,0.15,0.005,0.005,0.13999999999999999,abs_005_005,1000,2000,0.5024125469348583,0.5345874530651417,False,0.0321749061302834,0.0321749061302834,0.5024125469348583,0.5345874530651417,0.0,0.0,0.0321749061302834,0.0,0.0
rep0323,0.66,0.6611761223874517,synth_only,0.15,0.005,0.005,0.13999999999999999,abs_005_005,1000,2000,0.7753516637667203,0.8016483362332797,False,0.026296672466559423,0.026296672466559423,0.7753516637667203,0.8016483362332797,0.0,0.0,0.026296672466559423,0.0,0.0
rep0324,0.59,0.5893382976232248,synth_only,0.15,0.005,0.005,0.13999999999999999,abs_005_005,1000,2000,0.7948059150829688,0.8201940849170312,False,0.025388169834062335,0.025388169834062335,0.7948059150829688,0.8201940849170312,0.0,0.0,0.025388169834062335,0.0,0.0
rep0325,0.67,0.6677027912669447,synth_only,0.15,0.005,0.005,0.13999999999999999,abs_005_005,1000,2000,0.775863051540764,0.8021369484592361,False,0.02627389691847215,0.02627389691847215,0.775863051540764,0.8021369484592361,0.0,0.0,0.02627389691847215,0.0,0.0
rep0326,0.46,0.4623903026098371,synth_only,0.15,0.005,0.005,0.13999999999999999,abs_005_005,1000,2000,0.4394654085284037,0.4715345914715963,True,0.03206918294319261,0.03206918294319261,0.4394654085284037,0.4715345914715963,0.0,0.0,0.03206918294319261,0.0,0.0
rep0327,0.57,0.5668670944773284,synth_only,0.15,0.005,0.005,0.13999999999999999,abs_005_005,1000,2000,0.42501399422765346,0.45698600577234655,False,0.03197201154469309,0.03197201154469309,0.42501399422765346,0.45698600577234655,0.0,0.0,0.03197201154469309,0.0,0.0
rep0328,0.36,0.3553453240229853,synth_only,0.15,0.005,0.005,0.13999999999999999,abs_005_005,1000,2000,0.2694812091875223,0.2985187908124777,False,0.0290375816249554,0.0290375816249554,0.2694812091875223,0.2985187908124777,0.0,0.0,0.0290375816249554,0.0,0.0
rep0329,0.32,0.3171603949473484,synth_only,0.15,0.005,0.005,0.13999999999999999,abs_005_005,1000,2000,0.40062759633634343,0.43237240366365653,False,0.03174480732731311,0.03174480732731311,0.40062759633634343,0.43237240366365653,0.0,0.0,0.03174480732731311,0.0,0.0
rep0330,0.25,0.2517098915594002,synth_only,0.15,0.005,0.005,0.13999999999999999,abs_005_005,1000,2000,0.22968125140616402,0.25731874859383597,True,0.027637497187671944,0.027637497187671944,0.22968125140616402,0.25731874859383597,0.0,0.0,0.027637497187671944,0.0,0.0
rep0331,0.59,0.5850644392287365,synth_only,0.15,0.005,0.005,0.13999999999999999,abs_005_005,1000,2000,0.45992007989302724,0.4920799201069727,False,0.03215984021394547,0.03215984021394547,0.45992007989302724,0.4920799201069727,0.0,0.0,0.03215984021394547,0.0,0.0
rep0332,0.32,0.31964031645980046,synth_only,0.15,0.005,0.005,0.13999999999999999,abs_005_005,1000,2000,0.36982931786022477,0.40117068213977525,False,0.03134136427955048,0.03134136427955048,0.36982931786022477,0.40117068213977525,0.0,0.0,0.03134136427955048,0.0,0.0
rep0333,0.71,0.71193238295495,synth_only,0.15,0.005,0.005,0.13999999999999999,abs_005_005,1000,2000,0.8882556467169237,0.9077443532830763,False,0.019488706566152647,0.019488706566152647,0.8882556467169237,0.9077443532830763,0.0,0.0,0.019488706566152647,0.0,0.0
rep0334,0.91,0.9057710364771338,synth_only,0.15,0.005,0.005,0.13999999999999999,abs_005_005,1000,2000,0.8903409142523352,0.9096590857476649,True,0.01931817149532966,0.01931817149532966,0.8903409142523352,0.9096590857476649,0.0,0.0,0.01931817149532966,0.0,0.0
rep0335,0.60,0.5970340885379877,synth_only,0.15,0.005,0.005,0.13999999999999999,abs_005_005,1000,2000,0.5761763852186577,0.6078236147813423,True,0.03164722956268462,0.03164722956268462,0.5761763852186577,0.6078236147813423,0.0,0.0,0.03164722956268462,0.0,0.0
rep0336,0.49,0.4896935424380086,synth_only,0.15,0.005,0.005,0.13999999999999999,abs_005_005,1000,2000,0.5827169977309404,0.6142830022690596,False,0.0315660045381192,0.0315660045381192,0.5827169977309404,0.6142830022690596,0.0,0.0,0.0315660045381192,0.0,0.0
rep0337,0.32,0.3188697102776968,synth_only,0.15,0.005,0.005,0.13999999999999999,abs_005_005,1000,2000,0.21840937688103038,0.24559062311896965,False,0.02718124623793927,0.02718124623793927,0.21840937688103038,0.24559062311896965,0.0,0.0,0.02718124623793927,0.0,0.0
rep0338,0.54,0.5395303569899255,synth_only,0.15,0.005,0.005,0.13999999999999999,abs_005_005,1000,2000,0.5475318776718605,0.5794681223281395,False,0.03193624465627898,0.03193624465627898,0.5475318776718605,0.5794681223281395,0.0,0.0,0.03193624465627898,0.0,0.0
rep0339,0.12,0.12154911962725856,synth_only,0.15,0.005,0.005,0.13999999999999999,abs_005_005,1000,2000,0.02268838101007084,0.03331161898992916,False,0.01062323797985832,0.01062323797985832,0.02268838101007084,0.03331161898992916,0.0,0.0,0.01062323797985832,0.0,0.0
rep0340,0.31,0.3102217756660081,synth_only,0.15,0.005,0.005,0.13999999999999999,abs_005_005,1000,2000,0.3079439737842465,0.33805602621575354,True,0.030112052431507053,0.030112052431507053,0.3079439737842465,0.33805602621575354,0.0,0.0,0.030112052431507053,0.0,0.0
rep0341,0.37,0.37343317605093007,synth_only,0.15,0.005,0.005,0.13999999999999999,abs_005_005,1000,2000,0.5430139942276535,0.5749860057723466,False,0.03197201154469309,0.03197201154469309,0.5430139942276535,0.5749860057723466,0.0,0.0,0.03197201154469309,0.0,0.0
rep0342,0.13,0.12752717516458828,synth_only,0.15,0.005,0.005,0.13999999999999999,abs_005_005,1000,2000,0.2502989994745992,0.2787010005254008,False,0.028402001050801595,0.028402001050801595,0.2502989994745992,0.2787010005254008,0.0,0.0,0.028402001050801595,0.0,0.0
rep0343,0.75,0.7506331851311092,synth_only,0.15,0.005,0.005,0.13999999999999999,abs_005_005,1000,2000,0.9297063586999386,0.9452936413000614,False,0.015587282600122876,0.015587282600122876,0.9297063586999386,0.9452936413000614,0.0,0.0,0.015587282600122876,0.0,0.0
rep0344,0.80,0.7973487844017139,synth_only,0.15,0.005,0.005,0.13999999999999999,abs_005_005,1000,2000,1.0,1.0,False,0.0,0.0,1.0,1.0,0.0,0.0,0.0,0.0,0.0
rep0345,0.45,0.44564247441258986,synth_only,0.15,0.005,0.005,0.13999999999999999,abs_005_005,1000,2000,0.6119337224266993,0.6430662775733006,False,0.031132555146601293,0.031132555146601293,0.6119337224266993,0.6430662775733006,0.0,0.0,0.031132555146601293,0.0,0.0
rep0346,0.64,0.6358154888318488,synth_only,0.15,0.005,0.005,0.13999999999999999,abs_005_005,1000,2000,0.6230314584437585,0.6539685415562414,True,0.030937083112482888,0.030937083112482888,0.6230314584437585,0.6539685415562414,0.0,0.0,0.030937083112482888,0.0,0.0
rep0347,0.41,0.40797144380603984,synth_only,0.15,0.005,0.005,0.13999999999999999,abs_005_005,1000,2000,0.48640172498610273,0.5185982750138971,False,0.03219655002779437,0.03219655002779437,0.48640172498610273,0.5185982750138971,0.0,0.0,0.03219655002779437,0.0,0.0
rep0348,0.29,0.29376251328837416,synth_only,0.15,0.005,0.005,0.13999999999999999,abs_005_005,1000,2000,0.46141783172118345,0.4935821682788165,False,0.032164336557633066,0.032164336557633066,0.46141783172118345,0.4935821682788165,0.0,0.0,0.032164336557633066,0.0,0.0
rep0349,0.44,0.44186947927296477,synth_only,0.15,0.005,0.005,0.13999999999999999,abs_005_005,1000,2000,0.5059171146285374,0.5380828853714626,False,0.03216577074292526,0.03216577074292526,0.5059171146285374,0.5380828853714626,0.0,0.0,0.03216577074292526,0.0,0.0
rep0350,0.38,0.38486196980731546,synth_only,0.15,0.005,0.005,0.13999999999999999,abs_005_005,1000,2000,0.37826744749654695,0.4097325525034531,True,0.031465105006906136,0.031465105006906136,0.37826744749654695,0.4097325525034531,0.0,0.0,0.031465105006906136,0.0,0.0
rep0351,0.10,0.09872763892192564,synth_only,0.15,0.005,0.005,0.13999999999999999,abs_005_005,1000,2000,0.1705505163290096,0.19544948367099038,False,0.02489896734198077,0.02489896734198077,0.1705505163290096,0.19544948367099038,0.0,0.0,0.02489896734198077,0.0,0.0
rep0352,0.28,0.2844427574292811,synth_only,0.15,0.005,0.005,0.13999999999999999,abs_005_005,1000,2000,0.4689087696989074,0.5010912303010926,False,0.032182460602185214,0.032182460602185214,0.4689087696989074,0.5010912303010926,0.0,0.0,0.032182460602185214,0.0,0.0
rep0353,0.55,0.5500653841041604,synth_only,0.15,0.005,0.005,0.13999999999999999,abs_005_005,1000,2000,0.7907065114528805,0.8162934885471195,False,0.02558697709423896,0.02558697709423896,0.7907065114528805,0.8162934885471195,0.0,0.0,0.02558697709423896,0.0,0.0
rep0354,0.25,0.24510482126387192,synth_only,0.15,0.005,0.005,0.13999999999999999,abs_005_005,1000,2000,0.21645047572469417,0.24354952427530585,False,0.027099048550611682,0.027099048550611682,0.21645047572469417,0.24354952427530585,0.0,0.0,0.027099048550611682,0.0,0.0
rep0355,0.95,0.9522585919166384,synth_only,0.15,0.005,0.005,0.13999999999999999,abs_005_005,1000,2000,0.9650521700287696,0.9759478299712304,False,0.010895659942460778,0.010895659942460778,0.9650521700287696,0.9759478299712304,0.0,0.0,0.010895659942460778,0.0,0.0
rep0356,0.68,0.6785408078428427,synth_only,0.15,0.005,0.005,0.13999999999999999,abs_005_005,1000,2000,0.6331279275855438,0.6638720724144561,False,0.0307441448289123,0.0307441448289123,0.6331279275855438,0.6638720724144561,0.0,0.0,0.0307441448289123,0.0,0.0
rep0357,0.58,0.583331807645915,synth_only,0.15,0.005,0.005,0.13999999999999999,abs_005_005,1000,2000,0.6452534680897235,0.6757465319102764,False,0.030493063820552946,0.030493063820552946,0.6452534680897235,0.6757465319102764,0.0,0.0,0.030493063820552946,0.0,0.0
rep0358,0.38,0.3809641548377436,synth_only,0.15,0.005,0.005,0.13999999999999999,abs_005_005,1000,2000,0.5299697972791373,0.5620302027208628,False,0.032060405441725504,0.032060405441725504,0.5299697972791373,0.5620302027208628,0.0,0.0,0.032060405441725504,0.0,0.0
rep0359,0.66,0.6648549710783686,synth_only,0.15,0.005,0.005,0.13999999999999999,abs_005_005,1000,2000,0.8385033884079822,0.8614966115920177,False,0.022993223184035516,0.022993223184035516,0.8385033884079822,0.8614966115920177,0.0,0.0,0.022993223184035516,0.0,0.0
rep0360,0.43,0.4332237833125718,synth_only,0.15,0.005,0.005,0.13999999999999999,abs_005_005,1000,2000,0.45992007989302724,0.4920799201069727,False,0.03215984021394547,0.03215984021394547,0.45992007989302724,0.4920799201069727,0.0,0.0,0.03215984021394547,0.0,0.0
rep0361,0.17,0.17310515974696308,synth_only,0.15,0.005,0.005,0.13999999999999999,abs_005_005,1000,2000,0.4230217777567857,0.4549782222432143,False,0.03195644448642865,0.03195644448642865,0.4230217777567857,0.4549782222432143,0.0,0.0,0.03195644448642865,0.0,0.0
rep0362,0.59,0.5929987418172065,synth_only,0.15,0.005,0.005,0.13999999999999999,abs_005_005,1000,2000,0.6033641109844761,0.6346358890155239,False,0.03127177803104786,0.03127177803104786,0.6033641109844761,0.6346358890155239,0.0,0.0,0.03127177803104786,0.0,0.0
rep0363,0.78,0.7797202523798891,synth_only,0.15,0.005,0.005,0.13999999999999999,abs_005_005,1000,2000,0.6730828353647864,0.7029171646352135,False,0.029834329270427062,0.029834329270427062,0.6730828353647864,0.7029171646352135,0.0,0.0,0.029834329270427062,0.0,0.0
rep0364,0.86,0.8645679323305089,synth_only,0.15,0.005,0.005,0.13999999999999999,abs_005_005,1000,2000,0.7763744689396581,0.8026255310603418,False,0.026251062120683732,0.026251062120683732,0.7763744689396581,0.8026255310603418,0.0,0.0,0.026251062120683732,0.0,0.0
rep0365,0.26,0.25974986988586085,synth_only,0.15,0.005,0.005,0.13999999999999999,abs_005_005,1000,2000,0.39267338012043135,0.4243266198795686,False,0.03165323975913725,0.03165323975913725,0.39267338012043135,0.4243266198795686,0.0,0.0,0.03165323975913725,0.0,0.0
rep0366,0.87,0.8690627549595847,synth_only,0.15,0.005,0.005,0.13999999999999999,abs_005_005,1000,2000,0.7876333085962285,0.8133666914037715,False,0.025733382807543004,0.025733382807543004,0.7876333085962285,0.8133666914037715,0.0,0.0,0.025733382807543004,0.0,0.0
rep0367,0.64,0.6428989626416638,synth_only,0.15,0.005,0.005,0.13999999999999999,abs_005_005,1000,2000,0.7452296754552732,0.7727703245447268,False,0.02754064908945364,0.02754064908945364,0.7452296754552732,0.7727703245447268,0.0,0.0,0.02754064908945364,0.0,0.0
rep0368,0.68,0.6753208609633297,synth_only,0.15,0.005,0.005,0.13999999999999999,abs_005_005,1000,2000,0.9054969496483231,0.9235030503516769,False,0.018006100703353844,0.018006100703353844,0.9054969496483231,0.9235030503516769,0.0,0.0,0.018006100703353844,0.0,0.0
rep0369,0.51,0.5065372343729166,synth_only,0.15,0.005,0.005,0.13999999999999999,abs_005_005,1000,2000,0.6412104218643611,0.6717895781356389,False,0.03057915627127783,0.03057915627127783,0.6412104218643611,0.6717895781356389,0.0,0.0,0.03057915627127783,0.0,0.0
rep0370,0.24,0.23632333791984533,synth_only,0.15,0.005,0.005,0.13999999999999999,abs_005_005,1000,2000,0.28376667489136437,0.3132333251086356,False,0.02946665021727124,0.02946665021727124,0.28376667489136437,0.3132333251086356,0.0,0.0,0.02946665021727124,0.0,0.0
rep0371,0.58,0.575749758105001,synth_only,0.15,0.005,0.005,0.13999999999999999,abs_005_005,1000,2000,0.5646115379351256,0.5963884620648744,True,0.03177692412974875,0.03177692412974875,0.5646115379351256,0.5963884620648744,0.0,0.0,0.03177692412974875,0.0,0.0
rep0372,0.72,0.718979006591431,synth_only,0.15,0.005,0.005,0.13999999999999999,abs_005_005,1000,2000,0.6690312216044947,0.6989687783955054,False,0.029937556791010733,0.029937556791010733,0.6690312216044947,0.6989687783955054,0.0,0.0,0.029937556791010733,0.0,0.0
rep0373,0.55,0.5517662944553136,synth_only,0.15,0.005,0.005,0.13999999999999999,abs_005_005,1000,2000,0.5973180347722141,0.6286819652277859,False,0.03136393045557173,0.03136393045557173,0.5973180347722141,0.6286819652277859,0.0,0.0,0.03136393045557173,0.0,0.0
rep0374,0.88,0.8793070293832355,synth_only,0.15,0.005,0.005,0.13999999999999999,abs_005_005,1000,2000,0.9233669867069204,0.9396330132930796,False,0.016266026586159166,0.016266026586159166,0.9233669867069204,0.9396330132930796,0.0,0.0,0.016266026586159166,0.0,0.0
rep0375,0.24,0.24001764706486642,synth_only,0.15,0.005,0.005,0.13999999999999999,abs_005_005,1000,2000,0.14625645122220154,0.16974354877779846,False,0.023487097555596914,0.023487097555596914,0.14625645122220154,0.16974354877779846,0.0,0.0,0.023487097555596914,0.0,0.0
rep0376,0.44,0.4387207683937876,synth_only,0.15,0.005,0.005,0.13999999999999999,abs_005_005,1000,2000,0.5194421512287344,0.5515578487712656,False,0.032115697542531185,0.032115697542531185,0.5194421512287344,0.5515578487712656,0.0,0.0,0.032115697542531185,0.0,0.0
rep0377,0.12,0.12480370420166471,synth_only,0.15,0.005,0.005,0.13999999999999999,abs_005_005,1000,2000,0.2370397711939947,0.2649602288060053,False,0.02792045761201059,0.02792045761201059,0.2370397711939947,0.2649602288060053,0.0,0.0,0.02792045761201059,0.0,0.0
rep0378,0.11,0.11430449700984965,synth_only,0.15,0.005,0.005,0.13999999999999999,abs_005_005,1000,2000,0.09800669662827226,0.11799330337172774,True,0.01998660674345548,0.01998660674345548,0.09800669662827226,0.11799330337172774,0.0,0.0,0.01998660674345548,0.0,0.0
rep0379,0.20,0.20453031647305683,synth_only,0.15,0.005,0.005,0.13999999999999999,abs_005_005,1000,2000,0.13801919020171688,0.1609808097982831,False,0.02296161959656623,0.02296161959656623,0.13801919020171688,0.1609808097982831,0.0,0.0,0.02296161959656623,0.0,0.0
rep0380,0.24,0.23811846326039054,synth_only,0.15,0.005,0.005,0.13999999999999999,abs_005_005,1000,2000,0.2882037224221408,0.31779627757785917,False,0.029592555155718347,0.029592555155718347,0.2882037224221408,0.31779627757785917,0.0,0.0,0.029592555155718347,0.0,0.0
rep0381,0.11,0.11380558123415879,synth_only,0.15,0.005,0.005,0.13999999999999999,abs_005_005,1000,2000,0.10040587027002676,0.12059412972997324,True,0.020188259459946484,0.020188259459946484,0.10040587027002676,0.12059412972997324,0.0,0.0,0.020188259459946484,0.0,0.0
rep0382,0.49,0.4919757483035177,synth_only,0.15,0.005,0.005,0.13999999999999999,abs_005_005,1000,2000,0.7284216547159956,0.7565783452840045,False,0.028156690568008846,0.028156690568008846,0.7284216547159956,0.7565783452840045,0.0,0.0,0.028156690568008846,0.0,0.0
rep0383,0.15,0.1489197703131804,synth_only,0.15,0.005,0.005,0.13999999999999999,abs_005_005,1000,2000,0.23753053854120426,0.26546946145879574,False,0.02793892291759148,0.02793892291759148,0.23753053854120426,0.26546946145879574,0.0,0.0,0.02793892291759148,0.0,0.0
rep0384,0.20,0.20007340189381725,synth_only,0.15,0.005,0.005,0.13999999999999999,abs_005_005,1000,2000,0.11290687234732354,0.13409312765267645,False,0.02118625530535291,0.02118625530535291,0.11290687234732354,0.13409312765267645,0.0,0.0,0.02118625530535291,0.0,0.0
rep0385,0.55,0.5456431806537574,synth_only,0.15,0.005,0.005,0.13999999999999999,abs_005_005,1000,2000,0.5822137714803833,0.6137862285196166,False,0.03157245703923328,0.03157245703923328,0.5822137714803833,0.6137862285196166,0.0,0.0,0.03157245703923328,0.0,0.0
rep0386,0.52,0.5224872490939236,synth_only,0.15,0.005,0.005,0.13999999999999999,abs_005_005,1000,2000,0.359412717399877,0.390587282600123,False,0.031174565200245974,0.031174565200245974,0.359412717399877,0.390587282600123,0.0,0.0,0.031174565200245974,0.0,0.0
rep0387,0.69,0.6886972502706856,synth_only,0.15,0.005,0.005,0.13999999999999999,abs_005_005,1000,2000,0.96287632963648,0.9741236703635201,False,0.011247340727040145,0.011247340727040145,0.96287632963648,0.9741236703635201,0.0,0.0,0.011247340727040145,0.0,0.0
rep0388,0.23,0.2251468741488763,synth_only,0.15,0.005,0.005,0.13999999999999999,abs_005_005,1000,2000,0.29165592161816445,0.32134407838183554,False,0.029688156763671092,0.029688156763671092,0.29165592161816445,0.32134407838183554,0.0,0.0,0.029688156763671092,0.0,0.0
rep0389,0.55,0.5505908481778488,synth_only,0.15,0.005,0.005,0.13999999999999999,abs_005_005,1000,2000,0.7784204363383656,0.8045795636616344,False,0.02615912732326886,0.02615912732326886,0.7784204363383656,0.8045795636616344,0.0,0.0,0.02615912732326886,0.0,0.0
rep0390,0.80,0.795669704744102,synth_only,0.15,0.005,0.005,0.13999999999999999,abs_005_005,1000,2000,0.9612484490179238,0.9727515509820761,False,0.011503101964152274,0.011503101964152274,0.9612484490179238,0.9727515509820761,0.0,0.0,0.011503101964152274,0.0,0.0
rep0391,0.45,0.45358503651580734,synth_only,0.15,0.005,0.005,0.13999999999999999,abs_005_005,1000,2000,0.650308982720735,0.680691017279265,False,0.030382034558529947,0.030382034558529947,0.650308982720735,0.680691017279265,0.0,0.0,0.030382034558529947,0.0,0.0
rep0392,0.42,0.4224205634563259,synth_only,0.15,0.005,0.005,0.13999999999999999,abs_005_005,1000,2000,0.523451837674179,0.5555481623258209,False,0.032096324651641917,0.032096324651641917,0.523451837674179,0.5555481623258209,0.0,0.0,0.032096324651641917,0.0,0.0
rep0393,0.23,0.22617613393867625,synth_only,0.15,0.005,0.005,0.13999999999999999,abs_005_005,1000,2000,0.22575903811863643,0.2532409618813636,True,0.02748192376272715,0.02748192376272715,0.22575903811863643,0.2532409618813636,0.0,0.0,0.02748192376272715,0.0,0.0
rep0394,0.68,0.6802362956247577,synth_only,0.15,0.005,0.005,0.13999999999999999,abs_005_005,1000,2000,0.8545147626447286,0.8764852373552715,False,0.02197047471054292,0.02197047471054292,0.8545147626447286,0.8764852373552715,0.0,0.0,0.02197047471054292,0.0,0.0
rep0395,0.21,0.2071078162527467,synth_only,0.15,0.005,0.005,0.13999999999999999,abs_005_005,1000,2000,0.3450407765099689,0.3759592234900311,False,0.030918446980062186,0.030918446980062186,0.3450407765099689,0.3759592234900311,0.0,0.0,0.030918446980062186,0.0,0.0
rep0396,0.35,0.3458165390188869,synth_only,0.15,0.005,0.005,0.13999999999999999,abs_005_005,1000,2000,0.4679097682848705,0.5000902317151295,False,0.03218046343025893,0.03218046343025893,0.4679097682848705,0.5000902317151295,0.0,0.0,0.03218046343025893,0.0,0.0
rep0397,0.23,0.22569766624517135,synth_only,0.15,0.005,0.005,0.13999999999999999,abs_005_005,1000,2000,0.16763033478753708,0.1923696652124629,False,0.02473933042492582,0.02473933042492582,0.16763033478753708,0.1923696652124629,0.0,0.0,0.02473933042492582,0.0,0.0
rep0398,0.29,0.2869560971077115,synth_only,0.15,0.005,0.005,0.13999999999999999,abs_005_005,1000,2000,0.3539595162486263,0.3850404837513737,False,0.03108096750274736,0.03108096750274736,0.3539595162486263,0.3850404837513737,0.0,0.0,0.03108096750274736,0.0,0.0
rep0399,0.96,0.9596574247528689,synth_only,0.15,0.005,0.005,0.13999999999999999,abs_005_005,1000,2000,1.0,1.0,False,0.0,0.0,1.0,1.0,0.0,0.0,0.0,0.0,0.0
rep0400,0.16,0.1648274519207478,synth_only,0.15,0.005,0.005,0.13999999999999999,abs_005_005,1000,2000,0.10328702973395931,0.1237129702660407,False,0.020425940532081382,0.020425940532081382,0.10328702973395931,0.1237129702660407,0.0,0.0,0.020425940532081382,0.0,0.0
rep0401,0.20,0.20279397822435086,synth_only,0.15,0.005,0.005,0.13999999999999999,abs_005_005,1000,2000,0.08221701220127517,0.10078298779872483,False,0.018565975597449658,0.018565975597449658,0.08221701220127517,0.10078298779872483,0.0,0.0,0.018565975597449658,0.0,0.0
rep0402,0.29,0.2937077187390615,synth_only,0.15,0.005,0.005,0.13999999999999999,abs_005_005,1000,2000,0.4984082945870206,0.5305917054129794,False,0.032183410825958825,0.032183410825958825,0.4984082945870206,0.5305917054129794,0.0,0.0,0.032183410825958825,0.0,0.0
rep0403,0.33,0.3312987531193831,synth_only,0.15,0.005,0.005,0.13999999999999999,abs_005_005,1000,2000,0.3747923165385334,0.40620768346146663,False,0.03141536692293323,0.03141536692293323,0.3747923165385334,0.40620768346146663,0.0,0.0,0.03141536692293323,0.0,0.0
rep0404,0.31,0.3104127522123926,synth_only,0.15,0.005,0.005,0.13999999999999999,abs_005_005,1000,2000,0.3777709483796545,0.4092290516203455,False,0.03145810324069098,0.03145810324069098,0.3777709483796545,0.4092290516203455,0.0,0.0,0.03145810324069098,0.0,0.0
rep0405,0.61,0.6104709216473704,synth_only,0.15,0.005,0.005,0.13999999999999999,abs_005_005,1000,2000,0.7625763804001006,0.7894236195998995,False,0.026847239199798922,0.026847239199798922,0.7625763804001006,0.7894236195998995,0.0,0.0,0.026847239199798922,0.0,0.0
rep0406,0.18,0.17755348382106342,synth_only,0.15,0.005,0.005,0.13999999999999999,abs_005_005,1000,2000,0.23949385382194419,0.26750614617805585,False,0.028012292356111662,0.028012292356111662,0.23949385382194419,0.26750614617805585,0.0,0.0,0.028012292356111662,0.0,0.0
rep0407,0.16,0.1551990367178863,synth_only,0.15,0.005,0.005,0.13999999999999999,abs_005_005,1000,2000,0.2891899618111659,0.3188100381888341,False,0.02962007637766817,0.02962007637766817,0.2891899618111659,0.3188100381888341,0.0,0.0,0.02962007637766817,0.0,0.0
rep0408,0.25,0.2535757297881408,synth_only,0.15,0.005,0.005,0.13999999999999999,abs_005_005,1000,2000,0.2704658306012127,0.29953416939878724,False,0.029068338797574533,0.029068338797574533,0.2704658306012127,0.29953416939878724,0.0,0.0,0.029068338797574533,0.0,0.0
rep0409,0.65,0.6500053033514692,synth_only,0.15,0.005,0.005,0.13999999999999999,abs_005_005,1000,2000,0.6048760244803485,0.6361239755196516,False,0.031247951039303112,0.031247951039303112,0.6048760244803485,0.6361239755196516,0.0,0.0,0.031247951039303112,0.0,0.0
rep0410,0.49,0.4853730339511101,synth_only,0.15,0.005,0.005,0.13999999999999999,abs_005_005,1000,2000,0.2763753871226586,0.3056246128773414,False,0.029249225754682806,0.029249225754682806,0.2763753871226586,0.3056246128773414,0.0,0.0,0.029249225754682806,0.0,0.0
rep0411,0.44,0.4400543646308077,synth_only,0.15,0.005,0.005,0.13999999999999999,abs_005_005,1000,2000,0.5832202410647421,0.6147797589352578,False,0.031559517870515696,0.031559517870515696,0.5832202410647421,0.6147797589352578,0.0,0.0,0.031559517870515696,0.0,0.0
rep0412,0.28,0.2754297489682956,synth_only,0.15,0.005,0.005,0.13999999999999999,abs_005_005,1000,2000,0.20421729367974498,0.23078270632025502,False,0.026565412640510044,0.026565412640510044,0.20421729367974498,0.23078270632025502,0.0,0.0,0.026565412640510044,0.0,0.0
rep0413,0.45,0.445499730616442,synth_only,0.15,0.005,0.005,0.13999999999999999,abs_005_005,1000,2000,0.5968143085906845,0.6281856914093156,False,0.031371382818631055,0.031371382818631055,0.5968143085906845,0.6281856914093156,0.0,0.0,0.031371382818631055,0.0,0.0
rep0414,0.61,0.6067062022574174,synth_only,0.15,0.005,0.005,0.13999999999999999,abs_005_005,1000,2000,0.7157058584349104,0.7442941415650896,False,0.028588283130179137,0.028588283130179137,0.7157058584349104,0.7442941415650896,0.0,0.0,0.028588283130179137,0.0,0.0
rep0415,0.18,0.17827364188760167,synth_only,0.15,0.005,0.005,0.13999999999999999,abs_005_005,1000,2000,0.23949385382194419,0.26750614617805585,False,0.028012292356111662,0.028012292356111662,0.23949385382194419,0.26750614617805585,0.0,0.0,0.028012292356111662,0.0,0.0
rep0416,0.02,0.01738533997491688,synth_only,0.15,0.005,0.005,0.13999999999999999,abs_005_005,1000,2000,0.21547118690281855,0.24252881309718147,False,0.027057626194362916,0.027057626194362916,0.21547118690281855,0.24252881309718147,0.0,0.0,0.027057626194362916,0.0,0.0
rep0417,0.95,0.9462361712408387,synth_only,0.15,0.005,0.005,0.13999999999999999,abs_005_005,1000,2000,0.9612484490179238,0.9727515509820761,False,0.011503101964152274,0.011503101964152274,0.9612484490179238,0.9727515509820761,0.0,0.0,0.011503101964152274,0.0,0.0
rep0418,0.53,0.5251161563676663,synth_only,0.15,0.005,0.005,0.13999999999999999,abs_005_005,1000,2000,0.6336329440178835,0.6643670559821165,False,0.030734111964233035,0.030734111964233035,0.6336329440178835,0.6643670559821165,0.0,0.0,0.030734111964233035,0.0,0.0
rep0419,0.41,0.41264708194635696,synth_only,0.15,0.005,0.005,0.13999999999999999,abs_005_005,1000,2000,0.5470298247222016,0.5789701752777983,False,0.03194035055559663,0.03194035055559663,0.5470298247222016,0.5789701752777983,0.0,0.0,0.03194035055559663,0.0,0.0
rep0420,0.85,0.8477361422226604,synth_only,0.15,0.005,0.005,0.13999999999999999,abs_005_005,1000,2000,0.9510050079605242,0.9639949920394758,False,0.012989984078951577,0.012989984078951577,0.9510050079605242,0.9639949920394758,0.0,0.0,0.012989984078951577,0.0,0.0
rep0421,0.74,0.7426791938620335,synth_only,0.15,0.005,0.005,0.13999999999999999,abs_005_005,1000,2000,0.7253685176716015,0.7536314823283986,True,0.028262964656797118,0.028262964656797118,0.7253685176716015,0.7536314823283986,0.0,0.0,0.028262964656797118,0.0,0.0
rep0422,0.35,0.34612874823543205,synth_only,0.15,0.005,0.005,0.13999999999999999,abs_005_005,1000,2000,0.4155533155229192,0.4474466844770808,False,0.031893368954161616,0.031893368954161616,0.4155533155229192,0.4474466844770808,0.0,0.0,0.031893368954161616,0.0,0.0
rep0423,0.76,0.7624919541659595,synth_only,0.15,0.005,0.005,0.13999999999999999,abs_005_005,1000,2000,0.9355353742093291,0.9504646257906708,False,0.01492925158134173,0.01492925158134173,0.9355353742093291,0.9504646257906708,0.0,0.0,0.01492925158134173,0.0,0.0
rep0424,0.36,0.35814025055484455,synth_only,0.15,0.005,0.005,0.13999999999999999,abs_005_005,1000,2000,0.4265083292289776,0.45849167077102243,False,0.03198334154204485,0.03198334154204485,0.4265083292289776,0.45849167077102243,0.0,0.0,0.03198334154204485,0.0,0.0
rep0425,0.41,0.4118253375202507,synth_only,0.15,0.005,0.005,0.13999999999999999,abs_005_005,1000,2000,0.4709069659587513,0.5030930340412487,False,0.03218606808249741,0.03218606808249741,0.4709069659587513,0.5030930340412487,0.0,0.0,0.03218606808249741,0.0,0.0
rep0426,0.89,0.8892382178246042,synth_only,0.15,0.005,0.005,0.13999999999999999,abs_005_005,1000,2000,0.9254779982835779,0.9415220017164221,False,0.01604400343284418,0.01604400343284418,0.9254779982835779,0.9415220017164221,0.0,0.0,0.01604400343284418,0.0,0.0
rep0427,0.67,0.6661452233932901,synth_only,0.15,0.005,0.005,0.13999999999999999,abs_005_005,1000,2000,0.5907709483796546,0.6222290516203455,False,0.03145810324069087,0.03145810324069087,0.5907709483796546,0.6222290516203455,0.0,0.0,0.03145810324069087,0.0,0.0
rep0428,0.37,0.3683436695959424,synth_only,0.15,0.005,0.005,0.13999999999999999,abs_005_005,1000,2000,0.3326634319272059,0.3633365680727941,False,0.030673136145588198,0.030673136145588198,0.3326634319272059,0.3633365680727941,0.0,0.0,0.030673136145588198,0.0,0.0
rep0429,0.54,0.53538173545435,synth_only,0.15,0.005,0.005,0.13999999999999999,abs_005_005,1000,2000,0.5646115379351256,0.5963884620648744,False,0.03177692412974875,0.03177692412974875,0.5646115379351256,0.5963884620648744,0.0,0.0,0.03177692412974875,0.0,0.0
rep0430,0.60,0.6004174548191368,synth_only,0.15,0.005,0.005,0.13999999999999999,abs_005_005,1000,2000,0.6210130399387241,0.6519869600612758,False,0.030973920122551624,0.030973920122551624,0.6210130399387241,0.6519869600612758,0.0,0.0,0.030973920122551624,0.0,0.0
rep0431,0.51,0.5123730347347926,synth_only,0.15,0.005,0.005,0.13999999999999999,abs_005_005,1000,2000,0.49640655531402306,0.5285934446859769,True,0.03218688937195385,0.03218688937195385,0.49640655531402306,0.5285934446859769,0.0,0.0,0.03218688937195385,0.0,0.0
rep0432,0.85,0.8486664875364552,synth_only,0.15,0.005,0.005,0.13999999999999999,abs_005_005,1000,2000,0.8679810161420543,0.8890189838579456,False,0.021037967715891392,0.021037967715891392,0.8679810161420543,0.8890189838579456,0.0,0.0,0.021037967715891392,0.0,0.0
rep0433,0.60,0.5999105382172571,synth_only,0.15,0.005,0.005,0.13999999999999999,abs_005_005,1000,2000,0.6918386182265385,0.7211613817734616,False,0.029322763546923092,0.029322763546923092,0.6918386182265385,0.7211613817734616,0.0,0.0,0.029322763546923092,0.0,0.0
rep0434,0.33,0.3265377362700484,synth_only,0.15,0.005,0.005,0.13999999999999999,abs_005_005,1000,2000,0.36784460638267213,0.3991553936173279,False,0.031310787234655746,0.031310787234655746,0.36784460638267213,0.3991553936173279,0.0,0.0,0.031310787234655746,0.0,0.0
rep0435,0.15,0.14977152771680624,synth_only,0.15,0.005,0.005,0.13999999999999999,abs_005_005,1000,2000,0.14625645122220154,0.16974354877779846,True,0.023487097555596914,0.023487097555596914,0.14625645122220154,0.16974354877779846,0.0,0.0,0.023487097555596914,0.0,0.0
rep0436,0.54,0.5401868898627346,synth_only,0.15,0.005,0.005,0.13999999999999999,abs_005_005,1000,2000,0.5440178530870452,0.5759821469129549,False,0.031964293825909706,0.031964293825909706,0.5440178530870452,0.5759821469129549,0.0,0.0,0.031964293825909706,0.0,0.0
rep0437,0.37,0.37375328603034585,synth_only,0.15,0.005,0.005,0.13999999999999999,abs_005_005,1000,2000,0.5445198071926103,0.5764801928073897,False,0.03196038561477943,0.03196038561477943,0.5445198071926103,0.5764801928073897,0.0,0.0,0.03196038561477943,0.0,0.0
rep0438,0.90,0.9000160248531138,synth_only,0.15,0.005,0.005,0.13999999999999999,abs_005_005,1000,2000,1.0,1.0,False,0.0,0.0,1.0,1.0,0.0,0.0,0.0,0.0,0.0
rep0439,0.52,0.5161664041144599,synth_only,0.15,0.005,0.005,0.13999999999999999,abs_005_005,1000,2000,0.45942086158913686,0.4915791384108631,False,0.03215827682172623,0.03215827682172623,0.45942086158913686,0.4915791384108631,0.0,0.0,0.03215827682172623,0.0,0.0
rep0440,0.05,0.05345555884825453,synth_only,0.15,0.005,0.005,0.13999999999999999,abs_005_005,1000,2000,0.04438398182066616,0.05861601817933383,True,0.014232036358667668,0.014232036358667668,0.04438398182066616,0.05861601817933383,0.0,0.0,0.014232036358667668,0.0,0.0
rep0441,0.23,0.22929022495825693,synth_only,0.15,0.005,0.005,0.13999999999999999,abs_005_005,1000,2000,0.25963987042946923,0.2883601295705308,False,0.028720259141061577,0.028720259141061577,0.25963987042946923,0.2883601295705308,0.0,0.0,0.028720259141061577,0.0,0.0
rep0442,0.35,0.34669088534373405,synth_only,0.15,0.005,0.005,0.13999999999999999,abs_005_005,1000,2000,0.37876396386155503,0.410236036138445,False,0.03147207227688997,0.03147207227688997,0.37876396386155503,0.410236036138445,0.0,0.0,0.03147207227688997,0.0,0.0
rep0443,0.40,0.3983478948712932,synth_only,0.15,0.005,0.005,0.13999999999999999,abs_005_005,1000,2000,0.38174342362534575,0.4132565763746543,True,0.03151315274930855,0.03151315274930855,0.38174342362534575,0.4132565763746543,0.0,0.0,0.03151315274930855,0.0,0.0
rep0444,0.86,0.8562660280433344,synth_only,0.15,0.005,0.005,0.13999999999999999,abs_005_005,1000,2000,0.8788859024829135,0.8991140975170865,False,0.020228195034172947,0.020228195034172947,0.8788859024829135,0.8991140975170865,0.0,0.0,0.020228195034172947,0.0,0.0
rep0445,0.22,0.22298442642290608,synth_only,0.15,0.005,0.005,0.13999999999999999,abs_005_005,1000,2000,0.4085861127026805,0.44041388729731945,False,0.031827774594638925,0.031827774594638925,0.4085861127026805,0.44041388729731945,0.0,0.0,0.031827774594638925,0.0,0.0
rep0446,0.63,0.6256453427510474,synth_only,0.15,0.005,0.005,0.13999999999999999,abs_005_005,1000,2000,0.46491315105271297,0.497086848947287,False,0.03217369789457403,0.03217369789457403,0.46491315105271297,0.497086848947287,0.0,0.0,0.03217369789457403,0.0,0.0
rep0447,0.91,0.9078740806315482,synth_only,0.15,0.005,0.005,0.13999999999999999,abs_005_005,1000,2000,0.8648701406610558,0.8861298593389441,False,0.02125971867788823,0.02125971867788823,0.8648701406610558,0.8861298593389441,0.0,0.0,0.02125971867788823,0.0,0.0
rep0448,0.78,0.7758737271373656,synth_only,0.15,0.005,0.005,0.13999999999999999,abs_005_005,1000,2000,0.70198893138168,0.7310110686183201,False,0.029022137236640155,0.029022137236640155,0.70198893138168,0.7310110686183201,0.0,0.0,0.029022137236640155,0.0,0.0
rep0449,0.36,0.36175984274945505,synth_only,0.15,0.005,0.005,0.13999999999999999,abs_005_005,1000,2000,0.6053800308481135,0.6366199691518865,False,0.03123993830377292,0.03123993830377292,0.6053800308481135,0.6366199691518865,0.0,0.0,0.03123993830377292,0.0,0.0
rep0450,0.89,0.8859738272378596,synth_only,0.15,0.005,0.005,0.13999999999999999,abs_005_005,1000,2000,1.0,1.0,False,0.0,0.0,1.0,1.0,0.0,0.0,0.0,0.0,0.0
rep0451,0.87,0.8653336032057626,synth_only,0.15,0.005,0.005,0.13999999999999999,abs_005_005,1000,2000,0.9493965628123682,0.9626034371876317,False,0.013206874375263578,0.013206874375263578,0.9493965628123682,0.9626034371876317,0.0,0.0,0.013206874375263578,0.0,0.0
rep0452,0.39,0.394610039489141,synth_only,0.15,0.005,0.005,0.13999999999999999,abs_005_005,1000,2000,0.39515860857423035,0.4268413914257696,False,0.03168278285153925,0.03168278285153925,0.39515860857423035,0.4268413914257696,0.0,0.0,0.03168278285153925,0.0,0.0
rep0453,0.09,0.09455027447648914,synth_only,0.15,0.005,0.005,0.13999999999999999,abs_005_005,1000,2000,0.17834373058230885,0.20365626941769116,False,0.025312538835382314,0.025312538835382314,0.17834373058230885,0.20365626941769116,0.0,0.0,0.025312538835382314,0.0,0.0
rep0454,0.58,0.5837290921475382,synth_only,0.15,0.005,0.005,0.13999999999999999,abs_005_005,1000,2000,0.7738176774269335,0.8001823225730665,False,0.026364645146133014,0.026364645146133014,0.7738176774269335,0.8001823225730665,0.0,0.0,0.026364645146133014,0.0,0.0
rep0455,0.54,0.5415444686338559,synth_only,0.15,0.005,0.005,0.13999999999999999,abs_005_005,1000,2000,0.762065737174046,0.7889342628259539,False,0.026868525651907893,0.026868525651907893,0.762065737174046,0.7889342628259539,0.0,0.0,0.026868525651907893,0.0,0.0
rep0456,0.64,0.6437481035648497,synth_only,0.15,0.005,0.005,0.13999999999999999,abs_005_005,1000,2000,0.7162142100022633,0.7447857899977368,False,0.02857157999547355,0.02857157999547355,0.7162142100022633,0.7447857899977368,0.0,0.0,0.02857157999547355,0.0,0.0
rep0457,0.26,0.2640833764558463,synth_only,0.15,0.005,0.005,0.13999999999999999,abs_005_005,1000,2000,0.2960959406180599,0.3259040593819401,False,0.02980811876388023,0.02980811876388023,0.2960959406180599,0.3259040593819401,0.0,0.0,0.02980811876388023,0.0,0.0
rep0458,0.58,0.5847717451956117,synth_only,0.15,0.005,0.005,0.13999999999999999,abs_005_005,1000,2000,0.6134465390087507,0.6445534609912493,False,0.031106921982498648,0.031106921982498648,0.6134465390087507,0.6445534609912493,0.0,0.0,0.031106921982498648,0.0,0.0
rep0459,0.78,0.7803407890735662,synth_only,0.15,0.005,0.005,0.13999999999999999,abs_005_005,1000,2000,0.8431472180391784,0.8658527819608217,False,0.022705563921643357,0.022705563921643357,0.8431472180391784,0.8658527819608217,0.0,0.0,0.022705563921643357,0.0,0.0
rep0460,0.63,0.6319873927279865,synth_only,0.15,0.005,0.005,0.13999999999999999,abs_005_005,1000,2000,0.6023562565261865,0.6336437434738135,True,0.03128748694762695,0.03128748694762695,0.6023562565261865,0.6336437434738135,0.0,0.0,0.03128748694762695,0.0,0.0
rep0461,0.79,0.7893090503791472,synth_only,0.15,0.005,0.005,0.13999999999999999,abs_005_005,1000,2000,0.8799259033603976,0.9000740966396025,False,0.020148193279204918,0.020148193279204918,0.8799259033603976,0.9000740966396025,0.0,0.0,0.020148193279204918,0.0,0.0
rep0462,0.82,0.8165787770202874,synth_only,0.15,0.005,0.005,0.13999999999999999,abs_005_005,1000,2000,0.7426812514061639,0.770318748593836,False,0.027637497187672055,0.027637497187672055,0.7426812514061639,0.770318748593836,0.0,0.0,0.027637497187672055,0.0,0.0
rep0463,0.67,0.6702796967456214,synth_only,0.15,0.005,0.005,0.13999999999999999,abs_005_005,1000,2000,0.625554889995309,0.6564451100046911,False,0.03089022000938213,0.03089022000938213,0.625554889995309,0.6564451100046911,0.0,0.0,0.03089022000938213,0.0,0.0
rep0464,0.25,0.24854893018852145,synth_only,0.15,0.005,0.005,0.13999999999999999,abs_005_005,1000,2000,0.135598868633797,0.15840113136620299,False,0.022802262732405987,0.022802262732405987,0.135598868633797,0.15840113136620299,0.0,0.0,0.022802262732405987,0.0,0.0
rep0465,0.73,0.7322550138031816,synth_only,0.15,0.005,0.005,0.13999999999999999,abs_005_005,1000,2000,0.6498033453892451,0.680196654610755,False,0.030393309221509845,0.030393309221509845,0.6498033453892451,0.680196654610755,0.0,0.0,0.030393309221509845,0.0,0.0
rep0466,0.19,0.19034587241629047,synth_only,0.15,0.005,0.005,0.13999999999999999,abs_005_005,1000,2000,0.23949385382194419,0.26750614617805585,False,0.028012292356111662,0.028012292356111662,0.23949385382194419,0.26750614617805585,0.0,0.0,0.028012292356111662,0.0,0.0
rep0467,0.29,0.29274855713431724,synth_only,0.15,0.005,0.005,0.13999999999999999,abs_005_005,1000,2000,0.6270691675434404,0.6579308324565595,False,0.030861664913119036,0.030861664913119036,0.6270691675434404,0.6579308324565595,0.0,0.0,0.030861664913119036,0.0,0.0
rep0468,0.30,0.3027014172094155,synth_only,0.15,0.005,0.005,0.13999999999999999,abs_005_005,1000,2000,0.4679097682848705,0.5000902317151295,False,0.03218046343025893,0.03218046343025893,0.4679097682848705,0.5000902317151295,0.0,0.0,0.03218046343025893,0.0,0.0
rep0469,0.69,0.692436354301288,synth_only,0.15,0.005,0.005,0.13999999999999999,abs_005_005,1000,2000,0.7559401606669324,0.7830598393330676,False,0.027119678666135183,0.027119678666135183,0.7559401606669324,0.7830598393330676,0.0,0.0,0.027119678666135183,0.0,0.0
rep0470,0.74,0.7434616566202104,synth_only,0.15,0.005,0.005,0.13999999999999999,abs_005_005,1000,2000,0.8757674458074542,0.8962325541925458,False,0.020465108385091524,0.020465108385091524,0.8757674458074542,0.8962325541925458,0.0,0.0,0.020465108385091524,0.0,0.0
rep0471,0.30,0.3048098630189149,synth_only,0.15,0.005,0.005,0.13999999999999999,abs_005_005,1000,2000,0.226249224750547,0.25375077524945294,False,0.02750155049890593,0.02750155049890593,0.226249224750547,0.25375077524945294,0.0,0.0,0.02750155049890593,0.0,0.0
rep0472,0.45,0.45077422443821824,synth_only,0.15,0.005,0.005,0.13999999999999999,abs_005_005,1000,2000,0.43099222048023667,0.46300777951976335,True,0.032015559039526686,0.032015559039526686,0.43099222048023667,0.46300777951976335,0.0,0.0,0.032015559039526686,0.0,0.0
rep0473,0.51,0.5071386075108679,synth_only,0.15,0.005,0.005,0.13999999999999999,abs_005_005,1000,2000,0.5475318776718605,0.5794681223281395,False,0.03193624465627898,0.03193624465627898,0.5475318776718605,0.5794681223281395,0.0,0.0,0.03193624465627898,0.0,0.0
rep0474,0.37,0.36586133903478896,synth_only,0.15,0.005,0.005,0.13999999999999999,abs_005_005,1000,2000,0.274897705874331,0.30410229412566897,False,0.029204588251337982,0.029204588251337982,0.274897705874331,0.30410229412566897,0.0,0.0,0.029204588251337982,0.0,0.0
rep0475,0.52,0.5178202732421197,synth_only,0.15,0.005,0.005,0.13999999999999999,abs_005_005,1000,2000,0.4854015961971981,0.5175984038028019,False,0.03219680760560378,0.03219680760560378,0.4854015961971981,0.5175984038028019,0.0,0.0,0.03219680760560378,0.0,0.0
rep0476,0.84,0.8406559881807929,synth_only,0.15,0.005,0.005,0.13999999999999999,abs_005_005,1000,2000,1.0,1.0,False,0.0,0.0,1.0,1.0,0.0,0.0,0.0,0.0,0.0
rep0477,0.14,0.14204946977544622,synth_only,0.15,0.005,0.005,0.13999999999999999,abs_005_005,1000,2000,0.30893182623364296,0.33906817376635706,False,0.030136347532714103,0.030136347532714103,0.30893182623364296,0.33906817376635706,0.0,0.0,0.030136347532714103,0.0,0.0
rep0478,0.66,0.655505023483159,synth_only,0.15,0.005,0.005,0.13999999999999999,abs_005_005,1000,2000,0.86953722885764,0.89046277114236,False,0.0209255422847201,0.0209255422847201,0.86953722885764,0.89046277114236,0.0,0.0,0.0209255422847201,0.0,0.0
rep0479,0.47,0.47342875933991696,synth_only,0.15,0.005,0.005,0.13999999999999999,abs_005_005,1000,2000,0.5450217777567857,0.5769782222432144,False,0.03195644448642865,0.03195644448642865,0.5450217777567857,0.5769782222432144,0.0,0.0,0.03195644448642865,0.0,0.0
rep0480,0.67,0.6666146655076384,synth_only,0.15,0.005,0.005,0.13999999999999999,abs_005_005,1000,2000,0.684231492685067,0.7137685073149329,False,0.02953701462986591,0.02953701462986591,0.684231492685067,0.7137685073149329,0.0,0.0,0.02953701462986591,0.0,0.0
rep0481,0.62,0.6236445793214657,synth_only,0.15,0.005,0.005,0.13999999999999999,abs_005_005,1000,2000,0.735549028533418,0.7634509714665821,False,0.02790194293316417,0.02790194293316417,0.735549028533418,0.7634509714665821,0.0,0.0,0.02790194293316417,0.0,0.0
rep0482,0.37,0.3698861950035576,synth_only,0.15,0.005,0.005,0.13999999999999999,abs_005_005,1000,2000,0.48890232869782846,0.5210976713021716,False,0.03219534260434309,0.03219534260434309,0.48890232869782846,0.5210976713021716,0.0,0.0,0.03219534260434309,0.0,0.0
rep0483,0.46,0.459924882847166,synth_only,0.15,0.005,0.005,0.13999999999999999,abs_005_005,1000,2000,0.489902682885912,0.522097317114088,False,0.03219463422817603,0.03219463422817603,0.489902682885912,0.522097317114088,0.0,0.0,0.03219463422817603,0.0,0.0
rep0484,0.66,0.6603997911653662,synth_only,0.15,0.005,0.005,0.13999999999999999,abs_005_005,1000,2000,0.7942933757168585,0.8197066242831416,False,0.02541324856628302,0.02541324856628302,0.7942933757168585,0.8197066242831416,0.0,0.0,0.02541324856628302,0.0,0.0
rep0485,0.24,0.24217090812958247,synth_only,0.15,0.005,0.005,0.13999999999999999,abs_005_005,1000,2000,0.23115250283926125,0.25884749716073874,True,0.027694994321477484,0.027694994321477484,0.23115250283926125,0.25884749716073874,0.0,0.0,0.027694994321477484,0.0,0.0
rep0486,0.76,0.760035639995173,synth_only,0.15,0.005,0.005,0.13999999999999999,abs_005_005,1000,2000,0.8602075834456686,0.8817924165543314,False,0.02158483310866277,0.02158483310866277,0.8602075834456686,0.8817924165543314,0.0,0.0,0.02158483310866277,0.0,0.0
rep0487,0.39,0.3872144194396676,synth_only,0.15,0.005,0.005,0.13999999999999999,abs_005_005,1000,2000,0.4759035844907471,0.5080964155092529,False,0.032192831018505785,0.032192831018505785,0.4759035844907471,0.5080964155092529,0.0,0.0,0.032192831018505785,0.0,0.0
rep0488,0.92,0.9231065213725952,synth_only,0.15,0.005,0.005,0.13999999999999999,abs_005_005,1000,2000,0.8179057686025607,0.8420942313974392,False,0.024188462794878518,0.024188462794878518,0.8179057686025607,0.8420942313974392,0.0,0.0,0.024188462794878518,0.0,0.0
rep0489,0.63,0.6309729787707437,synth_only,0.15,0.005,0.005,0.13999999999999999,abs_005_005,1000,2000,0.6943753871226586,0.7236246128773414,False,0.029249225754682806,0.029249225754682806,0.6943753871226586,0.7236246128773414,0.0,0.0,0.029249225754682806,0.0,0.0
rep0490,0.74,0.7378423983075558,synth_only,0.15,0.005,0.005,0.13999999999999999,abs_005_005,1000,2000,0.8199626449429249,0.844037355057075,False,0.024074710114150077,0.024074710114150077,0.8199626449429249,0.844037355057075,0.0,0.0,0.024074710114150077,0.0,0.0
rep0491,0.71,0.7065743599972876,synth_only,0.15,0.005,0.005,0.13999999999999999,abs_005_005,1000,2000,0.9002627986985262,0.9187372013014737,False,0.018474402602947526,0.018474402602947526,0.9002627986985262,0.9187372013014737,0.0,0.0,0.018474402602947526,0.0,0.0
rep0492,0.86,0.8627654697954618,synth_only,0.15,0.005,0.005,0.13999999999999999,abs_005_005,1000,2000,0.910740313293375,0.928259686706625,False,0.01751937341324994,0.01751937341324994,0.910740313293375,0.928259686706625,0.0,0.0,0.01751937341324994,0.0,0.0
rep0493,0.29,0.2879040614514467,synth_only,0.15,0.005,0.005,0.13999999999999999,abs_005_005,1000,2000,0.1905374673402773,0.21646253265972268,False,0.025925065319445384,0.025925065319445384,0.1905374673402773,0.21646253265972268,0.0,0.0,0.025925065319445384,0.0,0.0
rep0494,0.45,0.44773830152782795,synth_only,0.15,0.005,0.005,0.13999999999999999,abs_005_005,1000,2000,0.4334838445086341,0.46551615549136593,True,0.03203231098273185,0.03203231098273185,0.4334838445086341,0.46551615549136593,0.0,0.0,0.03203231098273185,0.0,0.0
rep0495,0.71,0.7120820002216378,synth_only,0.15,0.005,0.005,0.13999999999999999,abs_005_005,1000,2000,0.6908240600733002,0.7201759399266998,True,0.0293518798533996,0.0293518798533996,0.6908240600733002,0.7201759399266998,0.0,0.0,0.0293518798533996,0.0,0.0
rep0496,0.57,0.5672526840309957,synth_only,0.15,0.005,0.005,0.13999999999999999,abs_005_005,1000,2000,0.5978217783693168,0.6291782216306833,False,0.03135644326136644,0.03135644326136644,0.5978217783693168,0.6291782216306833,0.0,0.0,0.03135644326136644,0.0,0.0
rep0497,0.91,0.9059420139393258,synth_only,0.15,0.005,0.005,0.13999999999999999,abs_005_005,1000,2000,1.0,1.0,False,0.0,0.0,1.0,1.0,0.0,0.0,0.0,0.0,0.0
rep0498,0.30,0.30189760469625243,synth_only,0.15,0.005,0.005,0.13999999999999999,abs_005_005,1000,2000,0.17834373058230885,0.20365626941769116,False,0.025312538835382314,0.025312538835382314,0.17834373058230885,0.20365626941769116,0.0,0.0,0.025312538835382314,0.0,0.0
rep0499,0.93,0.9289382895149473,synth_only,0.15,0.005,0.005,0.13999999999999999,abs_005_005,1000,2000,0.915467868338746,0.932532131661254,True,0.01706426332250799,0.01706426332250799,0.915467868338746,0.932532131661254,0.0,0.0,0.01706426332250799,0.0,0.0
rep0500,0.57,0.5734326800154889,synth_only,0.15,0.005,0.005,0.13999999999999999,abs_005_005,1000,2000,0.6715633291734567,0.7014366708265433,False,0.029873341653086527,0.029873341653086527,0.6715633291734567,0.7014366708265433,0.0,0.0,0.029873341653086527,0.0,0.0
rep0501,0.40,0.40497540524506176,synth_only,0.15,0.005,0.005,0.13999999999999999,abs_005_005,1000,2000,0.30103122160449464,0.33096877839550537,False,0.029937556791010733,0.029937556791010733,0.30103122160449464,0.33096877839550537,0.0,0.0,0.029937556791010733,0.0,0.0
rep0502,0.12,0.12480475992732076,synth_only,0.15,0.005,0.005,0.13999999999999999,abs_005_005,1000,2000,0.21645047572469417,0.24354952427530585,False,0.027099048550611682,0.027099048550611682,0.21645047572469417,0.24354952427530585,0.0,0.0,0.027099048550611682,0.0,0.0
rep0503,0.91,0.9050390105903781,synth_only,0.15,0.005,0.005,0.13999999999999999,abs_005_005,1000,2000,0.9601649740944901,0.9718350259055099,False,0.011670051811019766,0.011670051811019766,0.9601649740944901,0.9718350259055099,0.0,0.0,0.011670051811019766,0.0,0.0
rep0504,0.47,0.46724572744993587,synth_only,0.15,0.005,0.005,0.13999999999999999,abs_005_005,1000,2000,0.5947995777731719,0.6262004222268281,False,0.03140084445365621,0.03140084445365621,0.5947995777731719,0.6262004222268281,0.0,0.0,0.03140084445365621,0.0,0.0
rep0505,0.53,0.5318571099071661,synth_only,0.15,0.005,0.005,0.13999999999999999,abs_005_005,1000,2000,0.5560693071008316,0.5879306928991683,False,0.03186138579833675,0.03186138579833675,0.5560693071008316,0.5879306928991683,0.0,0.0,0.03186138579833675,0.0,0.0
rep0506,0.48,0.4822668283351881,synth_only,0.15,0.005,0.005,0.13999999999999999,abs_005_005,1000,2000,0.45492862420161445,0.4870713757983855,True,0.032142751596771046,0.032142751596771046,0.45492862420161445,0.4870713757983855,0.0,0.0,0.032142751596771046,0.0,0.0
rep0507,0.74,0.7437366300478815,synth_only,0.15,0.005,0.005,0.13999999999999999,abs_005_005,1000,2000,0.9339438101340837,0.9490561898659163,False,0.01511237973183266,0.01511237973183266,0.9339438101340837,0.9490561898659163,0.0,0.0,0.01511237973183266,0.0,0.0
rep0508,0.40,0.404182804431366,synth_only,0.15,0.005,0.005,0.13999999999999999,abs_005_005,1000,2000,0.2951091270209155,0.3248908729790845,False,0.02978174595816896,0.02978174595816896,0.2951091270209155,0.3248908729790845,0.0,0.0,0.02978174595816896,0.0,0.0
rep0509,0.65,0.6481999629909212,synth_only,0.15,0.005,0.005,0.13999999999999999,abs_005_005,1000,2000,0.8235636664838129,0.8474363335161872,False,0.02387266703237434,0.02387266703237434,0.8235636664838129,0.8474363335161872,0.0,0.0,0.02387266703237434,0.0,0.0
rep0510,0.57,0.5721736043975432,synth_only,0.15,0.005,0.005,0.13999999999999999,abs_005_005,1000,2000,0.37231059981231956,0.40368940018768046,False,0.031378800375360894,0.031378800375360894,0.37231059981231956,0.40368940018768046,0.0,0.0,0.031378800375360894,0.0,0.0
rep0511,0.45,0.45457728234462863,synth_only,0.15,0.005,0.005,0.13999999999999999,abs_005_005,1000,2000,0.3227699225584005,0.35323007744159957,False,0.030460154883199086,0.030460154883199086,0.3227699225584005,0.35323007744159957,0.0,0.0,0.030460154883199086,0.0,0.0
rep0512,0.43,0.4325267337117133,synth_only,0.15,0.005,0.005,0.13999999999999999,abs_005_005,1000,2000,0.5324774380267677,0.5645225619732323,False,0.03204512394646453,0.03204512394646453,0.5324774380267677,0.5645225619732323,0.0,0.0,0.03204512394646453,0.0,0.0
rep0513,0.83,0.8277117370689172,synth_only,0.15,0.005,0.005,0.13999999999999999,abs_005_005,1000,2000,1.0,1.0,False,0.0,0.0,1.0,1.0,0.0,0.0,0.0,0.0,0.0
rep0514,0.59,0.5933413778937866,synth_only,0.15,0.005,0.005,0.13999999999999999,abs_005_005,1000,2000,0.5812073701871802,0.6127926298128198,True,0.03158525962563963,0.03158525962563963,0.5812073701871802,0.6127926298128198,0.0,0.0,0.03158525962563963,0.0,0.0
rep0515,0.81,0.806166418341096,synth_only,0.15,0.005,0.005,0.13999999999999999,abs_005_005,1000,2000,0.9903156545109165,0.9956843454890835,False,0.005368690978166946,0.005368690978166946,0.9903156545109165,0.9956843454890835,0.0,0.0,0.005368690978166946,0.0,0.0
rep0516,0.61,0.6067540217721716,synth_only,0.15,0.005,0.005,0.13999999999999999,abs_005_005,1000,2000,0.6740959406180599,0.70390405938194,False,0.02980811876388012,0.02980811876388012,0.6740959406180599,0.70390405938194,0.0,0.0,0.02980811876388012,0.0,0.0
rep0517,0.42,0.4167877795529873,synth_only,0.15,0.005,0.005,0.13999999999999999,abs_005_005,1000,2000,0.4844015318031321,0.5165984681968678,False,0.03219693639373572,0.03219693639373572,0.4844015318031321,0.5165984681968678,0.0,0.0,0.03219693639373572,0.0,0.0
rep0518,0.16,0.16438034557877632,synth_only,0.15,0.005,0.005,0.13999999999999999,abs_005_005,1000,2000,0.343554889995309,0.374445110004691,False,0.03089022000938202,0.03089022000938202,0.343554889995309,0.374445110004691,0.0,0.0,0.03089022000938202,0.0,0.0
rep0519,0.56,0.5622779558093569,synth_only,0.15,0.005,0.005,0.13999999999999999,abs_005_005,1000,2000,0.4904028841326132,0.5225971158673867,False,0.03219423173477348,0.03219423173477348,0.4904028841326132,0.5225971158673867,0.0,0.0,0.03219423173477348,0.0,0.0
rep0520,0.43,0.4326281458496036,synth_only,0.15,0.005,0.005,0.13999999999999999,abs_005_005,1000,2000,0.5847300736712968,0.6162699263287033,False,0.03153985265740644,0.03153985265740644,0.5847300736712968,0.6162699263287033,0.0,0.0,0.03153985265740644,0.0,0.0
rep0521,0.55,0.5514422589777986,synth_only,0.15,0.005,0.005,0.13999999999999999,abs_005_005,1000,2000,0.6629562000519057,0.6930437999480944,False,0.0300875998961887,0.0300875998961887,0.6629562000519057,0.6930437999480944,0.0,0.0,0.0300875998961887,0.0,0.0
rep0522,0.38,0.3777243504273541,synth_only,0.15,0.005,0.005,0.13999999999999999,abs_005_005,1000,2000,0.40410892019251454,0.4358910798074854,False,0.031782159614970884,0.031782159614970884,0.40410892019251454,0.4358910798074854,0.0,0.0,0.031782159614970884,0.0,0.0
rep0523,0.48,0.4805649545239059,synth_only,0.15,0.005,0.005,0.13999999999999999,abs_005_005,1000,2000,0.42949744250600236,0.46150255749399766,False,0.0320051149879953,0.0320051149879953,0.42949744250600236,0.46150255749399766,0.0,0.0,0.0320051149879953,0.0,0.0
rep0524,0.51,0.5091013726161637,synth_only,0.15,0.005,0.005,0.13999999999999999,abs_005_005,1000,2000,0.5983255393944709,0.6296744606055291,False,0.031348921211058256,0.031348921211058256,0.5983255393944709,0.6296744606055291,0.0,0.0,0.031348921211058256,0.0,0.0
rep0525,0.85,0.853701137127399,synth_only,0.15,0.005,0.005,0.13999999999999999,abs_005_005,1000,2000,0.9339438101340837,0.9490561898659163,False,0.01511237973183266,0.01511237973183266,0.9339438101340837,0.9490561898659163,0.0,0.0,0.01511237973183266,0.0,0.0
rep0526,0.80,0.7988554886949664,synth_only,0.15,0.005,0.005,0.13999999999999999,abs_005_005,1000,2000,0.9312942931963386,0.9467057068036613,False,0.015411413607322677,0.015411413607322677,0.9312942931963386,0.9467057068036613,0.0,0.0,0.015411413607322677,0.0,0.0
rep0527,0.32,0.31690980769397253,synth_only,0.15,0.005,0.005,0.13999999999999999,abs_005_005,1000,2000,0.30646234276458323,0.3365376572354168,True,0.03007531447083356,0.03007531447083356,0.30646234276458323,0.3365376572354168,0.0,0.0,0.03007531447083356,0.0,0.0
rep0528,0.52,0.5180556111198258,synth_only,0.15,0.005,0.005,0.13999999999999999,abs_005_005,1000,2000,0.5741644664417886,0.6058355335582113,False,0.031671067116422646,0.031671067116422646,0.5741644664417886,0.6058355335582113,0.0,0.0,0.031671067116422646,0.0,0.0
rep0529,0.69,0.693035507698672,synth_only,0.15,0.005,0.005,0.13999999999999999,abs_005_005,1000,2000,0.6381789269875408,0.6688210730124592,False,0.030642146024918437,0.030642146024918437,0.6381789269875408,0.6688210730124592,0.0,0.0,0.030642146024918437,0.0,0.0
rep0530,0.75,0.7498518402748506,synth_only,0.15,0.005,0.005,0.13999999999999999,abs_005_005,1000,2000,0.8040373357350042,0.8289626642649958,False,0.02492532852999152,0.02492532852999152,0.8040373357350042,0.8289626642649958,0.0,0.0,0.02492532852999152,0.0,0.0
rep0531,0.34,0.34311797330549854,synth_only,0.15,0.005,0.005,0.13999999999999999,abs_005_005,1000,2000,0.14286313986190394,0.16613686013809606,False,0.023273720276192122,0.023273720276192122,0.14286313986190394,0.16613686013809606,0.0,0.0,0.023273720276192122,0.0,0.0
rep0532,0.89,0.893355587107331,synth_only,0.15,0.005,0.005,0.13999999999999999,abs_005_005,1000,2000,0.9699732524032896,0.9800267475967104,False,0.010053495193420803,0.010053495193420803,0.9699732524032896,0.9800267475967104,0.0,0.0,0.010053495193420803,0.0,0.0
rep0533,0.51,0.5050569732631356,synth_only,0.15,0.005,0.005,0.13999999999999999,abs_005_005,1000,2000,0.4314905125593867,0.4635094874406133,False,0.032018974881226625,0.032018974881226625,0.4314905125593867,0.4635094874406133,0.0,0.0,0.032018974881226625,0.0,0.0
rep0534,0.75,0.7527924050435153,synth_only,0.15,0.005,0.005,0.13999999999999999,abs_005_005,1000,2000,0.7794435998212036,0.8055564001787964,False,0.02611280035759278,0.02611280035759278,0.7794435998212036,0.8055564001787964,0.0,0.0,0.02611280035759278,0.0,0.0
rep0535,0.69,0.6878573655625912,synth_only,0.15,0.005,0.005,0.13999999999999999,abs_005_005,1000,2000,0.6994505395192363,0.7285494604807636,False,0.02909892096152733,0.02909892096152733,0.6994505395192363,0.7285494604807636,0.0,0.0,0.02909892096152733,0.0,0.0
rep0536,0.32,0.31718992870948665,synth_only,0.15,0.005,0.005,0.13999999999999999,abs_005_005,1000,2000,0.42003394711748143,0.45196605288251857,False,0.03193210576503713,0.03193210576503713,0.42003394711748143,0.45196605288251857,0.0,0.0,0.03193210576503713,0.0,0.0
rep0537,0.44,0.4395079866789626,synth_only,0.15,0.005,0.005,0.13999999999999999,abs_005_005,1000,2000,0.46641138709216573,0.49858861290783424,False,0.03217722581566851,0.03217722581566851,0.46641138709216573,0.49858861290783424,0.0,0.0,0.03217722581566851,0.0,0.0
rep0538,0.51,0.5080405165190043,synth_only,0.15,0.005,0.005,0.13999999999999999,abs_005_005,1000,2000,0.5540600695399085,0.5859399304600914,False,0.03187986092018291,0.03187986092018291,0.5540600695399085,0.5859399304600914,0.0,0.0,0.03187986092018291,0.0,0.0
rep0539,0.61,0.605947645961291,synth_only,0.15,0.005,0.005,0.13999999999999999,abs_005_005,1000,2000,0.7891697669198483,0.8148302330801518,False,0.025660466160303486,0.025660466160303486,0.7891697669198483,0.8148302330801518,0.0,0.0,0.025660466160303486,0.0,0.0
rep0540,0.28,0.27858368570850345,synth_only,0.15,0.005,0.005,0.13999999999999999,abs_005_005,1000,2000,0.38869789611198824,0.4203021038880118,False,0.031604207776023574,0.031604207776023574,0.38869789611198824,0.4203021038880118,0.0,0.0,0.031604207776023574,0.0,0.0
rep0541,0.43,0.4251961899039096,synth_only,0.15,0.005,0.005,0.13999999999999999,abs_005_005,1000,2000,0.47640333493435433,0.5085966650656456,False,0.032193330131291276,0.032193330131291276,0.47640333493435433,0.5085966650656456,0.0,0.0,0.032193330131291276,0.0,0.0
rep0542,0.79,0.7940209501629047,synth_only,0.15,0.005,0.005,0.13999999999999999,abs_005_005,1000,2000,0.7493084943882145,0.7766915056117856,False,0.02738301122357112,0.02738301122357112,0.7493084943882145,0.7766915056117856,0.0,0.0,0.02738301122357112,0.0,0.0
rep0543,0.38,0.3831363526824304,synth_only,0.15,0.005,0.005,0.13999999999999999,abs_005_005,1000,2000,0.30893182623364296,0.33906817376635706,False,0.030136347532714103,0.030136347532714103,0.30893182623364296,0.33906817376635706,0.0,0.0,0.030136347532714103,0.0,0.0
rep0544,0.59,0.5914617767466555,synth_only,0.15,0.005,0.005,0.13999999999999999,abs_005_005,1000,2000,0.6964051885568097,0.7255948114431903,False,0.029189622886380606,0.029189622886380606,0.6964051885568097,0.7255948114431903,0.0,0.0,0.029189622886380606,0.0,0.0
rep0545,0.40,0.4045296863004263,synth_only,0.15,0.005,0.005,0.13999999999999999,abs_005_005,1000,2000,0.3054746874685596,0.3355253125314404,False,0.03005062506288081,0.03005062506288081,0.3054746874685596,0.3355253125314404,0.0,0.0,0.03005062506288081,0.0,0.0
rep0546,0.62,0.6221462295275441,synth_only,0.15,0.005,0.005,0.13999999999999999,abs_005_005,1000,2000,0.6235361083954625,0.6544638916045376,False,0.030927783209075077,0.030927783209075077,0.6235361083954625,0.6544638916045376,0.0,0.0,0.030927783209075077,0.0,0.0
rep0547,0.54,0.5398389563768513,synth_only,0.15,0.005,0.005,0.13999999999999999,abs_005_005,1000,2000,0.5485360330654797,0.5804639669345203,False,0.03192793386904058,0.03192793386904058,0.5485360330654797,0.5804639669345203,0.0,0.0,0.03192793386904058,0.0,0.0
rep0548,0.52,0.5199645804683984,synth_only,0.15,0.005,0.005,0.13999999999999999,abs_005_005,1000,2000,0.489902682885912,0.522097317114088,True,0.03219463422817603,0.03219463422817603,0.489902682885912,0.522097317114088,0.0,0.0,0.03219463422817603,0.0,0.0
rep0549,0.62,0.6208409396546456,synth_only,0.15,0.005,0.005,0.13999999999999999,abs_005_005,1000,2000,0.8903409142523352,0.9096590857476649,False,0.01931817149532966,0.01931817149532966,0.8903409142523352,0.9096590857476649,0.0,0.0,0.01931817149532966,0.0,0.0
rep0550,0.99,0.9936861934525361,synth_only,0.15,0.005,0.005,0.13999999999999999,abs_005_005,1000,2000,0.9782781765227709,0.9867218234772291,False,0.008443646954458206,0.008443646954458206,0.9782781765227709,0.9867218234772291,0.0,0.0,0.008443646954458206,0.0,0.0
rep0551,0.87,0.8691550462741996,synth_only,0.15,0.005,0.005,0.13999999999999999,abs_005_005,1000,2000,0.8271666234287358,0.8508333765712641,False,0.023666753142528307,0.023666753142528307,0.8271666234287358,0.8508333765712641,0.0,0.0,0.023666753142528307,0.0,0.0
rep0552,0.30,0.3049738261693674,synth_only,0.15,0.005,0.005,0.13999999999999999,abs_005_005,1000,2000,0.2960959406180599,0.3259040593819401,True,0.02980811876388023,0.02980811876388023,0.2960959406180599,0.3259040593819401,0.0,0.0,0.02980811876388023,0.0,0.0
rep0553,0.62,0.6161624006122597,synth_only,0.15,0.005,0.005,0.13999999999999999,abs_005_005,1000,2000,0.8410828430635227,0.8639171569364774,False,0.02283431387295476,0.02283431387295476,0.8410828430635227,0.8639171569364774,0.0,0.0,0.02283431387295476,0.0,0.0
rep0554,0.00,0.0026144279964859323,synth_only,0.15,0.005,0.005,0.13999999999999999,abs_005_005,1000,2000,0.25079041568642596,0.27920958431357407,False,0.028419168627148106,0.028419168627148106,0.25079041568642596,0.27920958431357407,0.0,0.0,0.028419168627148106,0.0,0.0
rep0555,0.66,0.6568972912097388,synth_only,0.15,0.005,0.005,0.13999999999999999,abs_005_005,1000,2000,0.7498184639221166,0.7771815360778833,False,0.02736307215576672,0.02736307215576672,0.7498184639221166,0.7771815360778833,0.0,0.0,0.02736307215576672,0.0,0.0
rep0556,0.53,0.5297247668406883,synth_only,0.15,0.005,0.005,0.13999999999999999,abs_005_005,1000,2000,0.5400028120393873,0.5719971879606128,False,0.03199437592122556,0.03199437592122556,0.5400028120393873,0.5719971879606128,0.0,0.0,0.03199437592122556,0.0,0.0
rep0557,0.48,0.4754731400813595,synth_only,0.15,0.005,0.005,0.13999999999999999,abs_005_005,1000,2000,0.4514355677820288,0.48356443221797124,True,0.03212886443594243,0.03212886443594243,0.4514355677820288,0.48356443221797124,0.0,0.0,0.03212886443594243,0.0,0.0
rep0558,0.31,0.3120902571492485,synth_only,0.15,0.005,0.005,0.13999999999999999,abs_005_005,1000,2000,0.2857384873050191,0.31526151269498087,True,0.029523025389961766,0.029523025389961766,0.2857384873050191,0.31526151269498087,0.0,0.0,0.029523025389961766,0.0,0.0
rep0559,0.42,0.42110416982339,synth_only,0.15,0.005,0.005,0.13999999999999999,abs_005_005,1000,2000,0.4704073927182975,0.5025926072817025,False,0.03218521456340501,0.03218521456340501,0.4704073927182975,0.5025926072817025,0.0,0.0,0.03218521456340501,0.0,0.0
rep0560,0.29,0.2869455415315838,synth_only,0.15,0.005,0.005,0.13999999999999999,abs_005_005,1000,2000,0.2291908850965427,0.2568091149034573,False,0.027618229806914613,0.027618229806914613,0.2291908850965427,0.2568091149034573,0.0,0.0,0.027618229806914613,0.0,0.0
rep0561,0.75,0.7548790789403604,synth_only,0.15,0.005,0.005,0.13999999999999999,abs_005_005,1000,2000,0.7162142100022633,0.7447857899977368,False,0.02857157999547355,0.02857157999547355,0.7162142100022633,0.7447857899977368,0.0,0.0,0.02857157999547355,0.0,0.0
rep0562,0.26,0.25715189795729787,synth_only,0.15,0.005,0.005,0.13999999999999999,abs_005_005,1000,2000,0.2936290592532479,0.3233709407467521,False,0.029741881493504208,0.029741881493504208,0.2936290592532479,0.3233709407467521,0.0,0.0,0.029741881493504208,0.0,0.0
rep0563,0.69,0.694134812909248,synth_only,0.15,0.005,0.005,0.13999999999999999,abs_005_005,1000,2000,0.6033641109844761,0.6346358890155239,False,0.03127177803104786,0.03127177803104786,0.6033641109844761,0.6346358890155239,0.0,0.0,0.03127177803104786,0.0,0.0
rep0564,0.75,0.7462469932611169,synth_only,0.15,0.005,0.005,0.13999999999999999,abs_005_005,1000,2000,0.7630870513932646,0.7899129486067353,False,0.02682589721347073,0.02682589721347073,0.7630870513932646,0.7899129486067353,0.0,0.0,0.02682589721347073,0.0,0.0
rep0565,0.53,0.525622655628258,synth_only,0.15,0.005,0.005,0.13999999999999999,abs_005_005,1000,2000,0.5942959384847711,0.6257040615152288,False,0.0314081230304577,0.0314081230304577,0.5942959384847711,0.6257040615152288,0.0,0.0,0.0314081230304577,0.0,0.0
rep0566,0.23,0.22973697006701982,synth_only,0.15,0.005,0.005,0.13999999999999999,abs_005_005,1000,2000,0.21889916921192396,0.24610083078807607,True,0.027201661576152114,0.027201661576152114,0.21889916921192396,0.24610083078807607,0.0,0.0,0.027201661576152114,0.0,0.0
rep0567,0.47,0.46653122626074534,synth_only,0.15,0.005,0.005,0.13999999999999999,abs_005_005,1000,2000,0.44445183767417906,0.476548162325821,True,0.032096324651641917,0.032096324651641917,0.44445183767417906,0.476548162325821,0.0,0.0,0.032096324651641917,0.0,0.0
rep0568,0.65,0.6476528899256542,synth_only,0.15,0.005,0.005,0.13999999999999999,abs_005_005,1000,2000,0.6584018005004071,0.6885981994995929,False,0.030196398999185803,0.030196398999185803,0.6584018005004071,0.6885981994995929,0.0,0.0,0.030196398999185803,0.0,0.0
rep0569,0.62,0.6210820569798082,synth_only,0.15,0.005,0.005,0.13999999999999999,abs_005_005,1000,2000,0.6857525392170664,0.7152474607829337,False,0.029494921565867305,0.029494921565867305,0.6857525392170664,0.7152474607829337,0.0,0.0,0.029494921565867305,0.0,0.0
rep0570,0.91,0.908173164325695,synth_only,0.15,0.005,0.005,0.13999999999999999,abs_005_005,1000,2000,1.0,1.0,False,0.0,0.0,1.0,1.0,0.0,0.0,0.0,0.0,0.0
rep0571,0.76,0.7582617190446,synth_only,0.15,0.005,0.005,0.13999999999999999,abs_005_005,1000,2000,0.7248597450583458,0.7531402549416542,False,0.028280509883308325,0.028280509883308325,0.7248597450583458,0.7531402549416542,0.0,0.0,0.028280509883308325,0.0,0.0
rep0572,0.57,0.57152858566112,synth_only,0.15,0.005,0.005,0.13999999999999999,abs_005_005,1000,2000,0.45492862420161445,0.4870713757983855,False,0.032142751596771046,0.032142751596771046,0.45492862420161445,0.4870713757983855,0.0,0.0,0.032142751596771046,0.0,0.0
rep0573,0.75,0.7499681206873676,synth_only,0.15,0.005,0.005,0.13999999999999999,abs_005_005,1000,2000,0.6462644187507123,0.6767355812492877,False,0.0304711624985754,0.0304711624985754,0.6462644187507123,0.6767355812492877,0.0,0.0,0.0304711624985754,0.0,0.0
rep0574,0.65,0.64924090326269,synth_only,0.15,0.005,0.005,0.13999999999999999,abs_005_005,1000,2000,0.591778001936362,0.6232219980636381,False,0.03144399612727611,0.03144399612727611,0.591778001936362,0.6232219980636381,0.0,0.0,0.03144399612727611,0.0,0.0
rep0575,0.28,0.2828330061268331,synth_only,0.15,0.005,0.005,0.13999999999999999,abs_005_005,1000,2000,0.3891947721432216,0.42080522785677843,False,0.031610455713556807,0.031610455713556807,0.3891947721432216,0.42080522785677843,0.0,0.0,0.031610455713556807,0.0,0.0
rep0576,0.71,0.7100476042846439,synth_only,0.15,0.005,0.005,0.13999999999999999,abs_005_005,1000,2000,0.8576191567323749,0.8793808432676252,False,0.021761686535250346,0.021761686535250346,0.8576191567323749,0.8793808432676252,0.0,0.0,0.021761686535250346,0.0,0.0
rep0577,0.18,0.18453341897546627,synth_only,0.15,0.005,0.005,0.13999999999999999,abs_005_005,1000,2000,0.36189215574858985,0.39310784425141015,False,0.031215688502820305,0.031215688502820305,0.36189215574858985,0.39310784425141015,0.0,0.0,0.031215688502820305,0.0,0.0
rep0578,0.41,0.40843208300883915,synth_only,0.15,0.005,0.005,0.13999999999999999,abs_005_005,1000,2000,0.3262317940149001,0.35676820598509995,False,0.03053641197019985,0.03053641197019985,0.3262317940149001,0.35676820598509995,0.0,0.0,0.03053641197019985,0.0,0.0
rep0579,0.38,0.381134139048079,synth_only,0.15,0.005,0.005,0.13999999999999999,abs_005_005,1000,2000,0.2502989994745992,0.2787010005254008,False,0.028402001050801595,0.028402001050801595,0.2502989994745992,0.2787010005254008,0.0,0.0,0.028402001050801595,0.0,0.0
rep0580,0.32,0.32374466693507603,synth_only,0.15,0.005,0.005,0.13999999999999999,abs_005_005,1000,2000,0.33315830416999226,0.3638416958300077,False,0.030683391660015435,0.030683391660015435,0.33315830416999226,0.3638416958300077,0.0,0.0,0.030683391660015435,0.0,0.0
rep0581,0.30,0.2954218366557133,synth_only,0.15,0.005,0.005,0.13999999999999999,abs_005_005,1000,2000,0.4080885801027143,0.43991141989728566,False,0.031822839794571345,0.031822839794571345,0.4080885801027143,0.43991141989728566,0.0,0.0,0.031822839794571345,0.0,0.0
rep0582,0.55,0.55252721058902,synth_only,0.15,0.005,0.005,0.13999999999999999,abs_005_005,1000,2000,0.39267338012043135,0.4243266198795686,False,0.03165323975913725,0.03165323975913725,0.39267338012043135,0.4243266198795686,0.0,0.0,0.03165323975913725,0.0,0.0
rep0583,0.36,0.36461157786988,synth_only,0.15,0.005,0.005,0.13999999999999999,abs_005_005,1000,2000,0.40112487799561125,0.4328751220043887,False,0.03175024400877746,0.03175024400877746,0.40112487799561125,0.4328751220043887,0.0,0.0,0.03175024400877746,0.0,0.0
rep0584,0.36,0.3578882772937474,synth_only,0.15,0.005,0.005,0.13999999999999999,abs_005_005,1000,2000,0.44445183767417906,0.476548162325821,False,0.032096324651641917,0.032096324651641917,0.44445183767417906,0.476548162325821,0.0,0.0,0.032096324651641917,0.0,0.0
rep0585,0.24,0.2445422485786722,synth_only,0.15,0.005,0.005,0.13999999999999999,abs_005_005,1000,2000,0.3539595162486263,0.3850404837513737,False,0.03108096750274736,0.03108096750274736,0.3539595162486263,0.3850404837513737,0.0,0.0,0.03108096750274736,0.0,0.0
rep0586,0.59,0.5939722175187477,synth_only,0.15,0.005,0.005,0.13999999999999999,abs_005_005,1000,2000,0.729948547578302,0.758051452421698,False,0.02810290484339606,0.02810290484339606,0.729948547578302,0.758051452421698,0.0,0.0,0.02810290484339606,0.0,0.0
rep0587,0.51,0.5119910843087874,synth_only,0.15,0.005,0.005,0.13999999999999999,abs_005_005,1000,2000,0.6109252670969454,0.6420747329030545,False,0.03114946580610911,0.03114946580610911,0.6109252670969454,0.6420747329030545,0.0,0.0,0.03114946580610911,0.0,0.0
rep0588,0.14,0.14082339519018963,synth_only,0.15,0.005,0.005,0.13999999999999999,abs_005_005,1000,2000,0.3971470955057323,0.42885290449426766,False,0.03170580898853537,0.03170580898853537,0.3971470955057323,0.42885290449426766,0.0,0.0,0.03170580898853537,0.0,0.0
rep0589,0.29,0.2857319512975673,synth_only,0.15,0.005,0.005,0.13999999999999999,abs_005_005,1000,2000,0.44694566188991136,0.4790543381100887,False,0.032108676220177323,0.032108676220177323,0.44694566188991136,0.4790543381100887,0.0,0.0,0.032108676220177323,0.0,0.0
rep0590,0.29,0.2855115380831413,synth_only,0.15,0.005,0.005,0.13999999999999999,abs_005_005,1000,2000,0.09800669662827226,0.11799330337172774,False,0.01998660674345548,0.01998660674345548,0.09800669662827226,0.11799330337172774,0.0,0.0,0.01998660674345548,0.0,0.0
rep0591,0.68,0.6805692535643133,synth_only,0.15,0.005,0.005,0.13999999999999999,abs_005_005,1000,2000,0.5963105998123196,0.6276894001876804,False,0.03137880037536078,0.03137880037536078,0.5963105998123196,0.6276894001876804,0.0,0.0,0.03137880037536078,0.0,0.0
rep0592,0.90,0.8957370925949865,synth_only,0.15,0.005,0.005,0.13999999999999999,abs_005_005,1000,2000,1.0,1.0,False,0.0,0.0,1.0,1.0,0.0,0.0,0.0,0.0,0.0
rep0593,0.41,0.41146676632931023,synth_only,0.15,0.005,0.005,0.13999999999999999,abs_005_005,1000,2000,0.4854015961971981,0.5175984038028019,False,0.03219680760560378,0.03219680760560378,0.4854015961971981,0.5175984038028019,0.0,0.0,0.03219680760560378,0.0,0.0
rep0594,0.24,0.23616052570756335,synth_only,0.15,0.005,0.005,0.13999999999999999,abs_005_005,1000,2000,0.252264804611115,0.28073519538888503,False,0.028470390777770027,0.028470390777770027,0.252264804611115,0.28073519538888503,0.0,0.0,0.028470390777770027,0.0,0.0
rep0595,0.91,0.9071305911747453,synth_only,0.15,0.005,0.005,0.13999999999999999,abs_005_005,1000,2000,0.8924273743985214,0.9115726256014787,True,0.019145251202957292,0.019145251202957292,0.8924273743985214,0.9115726256014787,0.0,0.0,0.019145251202957292,0.0,0.0
rep0596,0.16,0.1568685661239671,synth_only,0.15,0.005,0.005,0.13999999999999999,abs_005_005,1000,2000,0.135598868633797,0.15840113136620299,True,0.022802262732405987,0.022802262732405987,0.135598868633797,0.15840113136620299,0.0,0.0,0.022802262732405987,0.0,0.0
rep0597,0.27,0.27393466907869957,synth_only,0.15,0.005,0.005,0.13999999999999999,abs_005_005,1000,2000,0.29560252366235307,0.32539747633764693,False,0.029794952675293862,0.029794952675293862,0.29560252366235307,0.32539747633764693,0.0,0.0,0.029794952675293862,0.0,0.0
rep0598,0.54,0.5420283130202336,synth_only,0.15,0.005,0.005,0.13999999999999999,abs_005_005,1000,2000,0.589763963861555,0.621236036138445,False,0.03147207227688997,0.03147207227688997,0.589763963861555,0.621236036138445,0.0,0.0,0.03147207227688997,0.0,0.0
rep0599,0.50,0.5021331271343222,synth_only,0.15,0.005,0.005,0.13999999999999999,abs_005_005,1000,2000,0.43747129280014985,0.4695287071998502,False,0.032057414399700335,0.032057414399700335,0.43747129280014985,0.4695287071998502,0.0,0.0,0.032057414399700335,0.0,0.0
rep0600,0.13,0.12998473245606057,synth_only,0.15,0.005,0.005,0.13999999999999999,abs_005_005,1000,2000,0.22330849438821448,0.2506915056117855,False,0.027383011223571008,0.027383011223571008,0.22330849438821448,0.2506915056117855,0.0,0.0,0.027383011223571008,0.0,0.0
rep0601,0.13,0.12502403401150727,synth_only,0.15,0.005,0.005,0.13999999999999999,abs_005_005,1000,2000,0.2842595965689063,0.31374040343109366,False,0.029480806862187348,0.029480806862187348,0.2842595965689063,0.31374040343109366,0.0,0.0,0.029480806862187348,0.0,0.0
rep0602,0.64,0.640248836959821,synth_only,0.15,0.005,0.005,0.13999999999999999,abs_005_005,1000,2000,0.7228248917229965,0.7511751082770035,False,0.028350216554007046,0.028350216554007046,0.7228248917229965,0.7511751082770035,0.0,0.0,0.028350216554007046,0.0,0.0
rep0603,0.60,0.5991544039577558,synth_only,0.15,0.005,0.005,0.13999999999999999,abs_005_005,1000,2000,0.4404625641603475,0.4725374358396525,False,0.032074871679305006,0.032074871679305006,0.4404625641603475,0.4725374358396525,0.0,0.0,0.032074871679305006,0.0,0.0
rep0604,0.60,0.6047526563157402,synth_only,0.15,0.005,0.005,0.13999999999999999,abs_005_005,1000,2000,0.5978217783693168,0.6291782216306833,True,0.03135644326136644,0.03135644326136644,0.5978217783693168,0.6291782216306833,0.0,0.0,0.03135644326136644,0.0,0.0
rep0605,0.45,0.4481679997574964,synth_only,0.15,0.005,0.005,0.13999999999999999,abs_005_005,1000,2000,0.4954057823641348,0.5275942176358651,False,0.03218843527173032,0.03218843527173032,0.4954057823641348,0.5275942176358651,0.0,0.0,0.03218843527173032,0.0,0.0
rep0606,0.08,0.0795086777572074,synth_only,0.15,0.005,0.005,0.13999999999999999,abs_005_005,1000,2000,0.0,0.0,False,0.0,0.0,0.0,0.0,0.0,0.0,0.0,0.0,0.0
rep0607,0.81,0.8090746309451496,synth_only,0.15,0.005,0.005,0.13999999999999999,abs_005_005,1000,2000,0.9149421644983123,0.9320578355016876,False,0.0171156710033753,0.0171156710033753,0.9149421644983123,0.9320578355016876,0.0,0.0,0.0171156710033753,0.0,0.0
rep0608,0.47,0.46755530354218017,synth_only,0.15,0.005,0.005,0.13999999999999999,abs_005_005,1000,2000,0.5615960823718069,0.5934039176281931,False,0.0318078352563862,0.0318078352563862,0.5615960823718069,0.5934039176281931,0.0,0.0,0.0318078352563862,0.0,0.0
rep0609,0.06,0.058461800263415145,synth_only,0.15,0.005,0.005,0.13999999999999999,abs_005_005,1000,2000,0.30300589616287155,0.33299410383712846,False,0.029988207674256917,0.029988207674256917,0.30300589616287155,0.33299410383712846,0.0,0.0,0.029988207674256917,0.0,0.0
rep0610,0.66,0.6623647730854072,synth_only,0.15,0.005,0.005,0.13999999999999999,abs_005_005,1000,2000,0.6513203148829102,0.6816796851170898,True,0.03035937023417956,0.03035937023417956,0.6513203148829102,0.6816796851170898,0.0,0.0,0.03035937023417956,0.0,0.0
rep0611,0.51,0.5087070800519636,synth_only,0.15,0.005,0.005,0.13999999999999999,abs_005_005,1000,2000,0.5515488956695299,0.5834511043304701,False,0.03190220866094018,0.03190220866094018,0.5515488956695299,0.5834511043304701,0.0,0.0,0.03190220866094018,0.0,0.0
rep0612,0.61,0.609833705874556,synth_only,0.15,0.005,0.005,0.13999999999999999,abs_005_005,1000,2000,0.43597587723939324,0.4680241227606068,False,0.03204824552121355,0.03204824552121355,0.43597587723939324,0.4680241227606068,0.0,0.0,0.03204824552121355,0.0,0.0
rep0613,0.37,0.36681183434391906,synth_only,0.15,0.005,0.005,0.13999999999999999,abs_005_005,1000,2000,0.31535477291836755,0.3456452270816325,False,0.030290454163264924,0.030290454163264924,0.31535477291836755,0.3456452270816325,0.0,0.0,0.030290454163264924,0.0,0.0
rep0614,0.78,0.7760406702648954,synth_only,0.15,0.005,0.005,0.13999999999999999,abs_005_005,1000,2000,0.7825138171099337,0.8084861828900662,False,0.02597236578013251,0.02597236578013251,0.7825138171099337,0.8084861828900662,0.0,0.0,0.02597236578013251,0.0,0.0
rep0615,0.32,0.32458550371632305,synth_only,0.15,0.005,0.005,0.13999999999999999,abs_005_005,1000,2000,0.5099233036269373,0.5420766963730628,False,0.0321533927461255,0.0321533927461255,0.5099233036269373,0.5420766963730628,0.0,0.0,0.0321533927461255,0.0,0.0
rep0616,0.38,0.38081427159349795,synth_only,0.15,0.005,0.005,0.13999999999999999,abs_005_005,1000,2000,0.5264597849243393,0.5585402150756607,False,0.03208043015132134,0.03208043015132134,0.5264597849243393,0.5585402150756607,0.0,0.0,0.03208043015132134,0.0,0.0
rep0617,0.79,0.790250279351206,synth_only,0.15,0.005,0.005,0.13999999999999999,abs_005_005,1000,2000,0.7886575824650295,0.8143424175349705,True,0.025684835069941014,0.025684835069941014,0.7886575824650295,0.8143424175349705,0.0,0.0,0.025684835069941014,0.0,0.0
rep0618,0.81,0.811969262567762,synth_only,0.15,0.005,0.005,0.13999999999999999,abs_005_005,1000,2000,0.8009589770246165,0.8260410229753835,True,0.025082045950767018,0.025082045950767018,0.8009589770246165,0.8260410229753835,0.0,0.0,0.025082045950767018,0.0,0.0
rep0619,0.26,0.26239769985805894,synth_only,0.15,0.005,0.005,0.13999999999999999,abs_005_005,1000,2000,0.3961528182868953,0.42784718171310465,False,0.03169436342620935,0.03169436342620935,0.3961528182868953,0.42784718171310465,0.0,0.0,0.03169436342620935,0.0,0.0
rep0620,0.47,0.4718778798485914,synth_only,0.15,0.005,0.005,0.13999999999999999,abs_005_005,1000,2000,0.4904028841326132,0.5225971158673867,False,0.03219423173477348,0.03219423173477348,0.4904028841326132,0.5225971158673867,0.0,0.0,0.03219423173477348,0.0,0.0
rep0621,0.44,0.43636423997616214,synth_only,0.15,0.005,0.005,0.13999999999999999,abs_005_005,1000,2000,0.41406006953990854,0.44593993046009145,True,0.03187986092018291,0.03187986092018291,0.41406006953990854,0.44593993046009145,0.0,0.0,0.03187986092018291,0.0,0.0
rep0622,0.20,0.20476096634931776,synth_only,0.15,0.005,0.005,0.13999999999999999,abs_005_005,1000,2000,0.18175595365992273,0.2072440463400773,True,0.02548809268015456,0.02548809268015456,0.18175595365992273,0.2072440463400773,0.0,0.0,0.02548809268015456,0.0,0.0
rep0623,0.31,0.30606562076902893,synth_only,0.15,0.005,0.005,0.13999999999999999,abs_005_005,1000,2000,0.4255120894619154,0.45748791053808463,False,0.03197582107616925,0.03197582107616925,0.4255120894619154,0.45748791053808463,0.0,0.0,0.03197582107616925,0.0,0.0
rep0624,0.35,0.34572132256660687,synth_only,0.15,0.005,0.005,0.13999999999999999,abs_005_005,1000,2000,0.29214917529526646,0.32185082470473353,False,0.029701649409467068,0.029701649409467068,0.29214917529526646,0.32185082470473353,0.0,0.0,0.029701649409467068,0.0,0.0
rep0625,0.39,0.39367772927381633,synth_only,0.15,0.005,0.005,0.13999999999999999,abs_005_005,1000,2000,0.4085861127026805,0.44041388729731945,False,0.031827774594638925,0.031827774594638925,0.4085861127026805,0.44041388729731945,0.0,0.0,0.031827774594638925,0.0,0.0
rep0626,0.41,0.41492438643787577,synth_only,0.15,0.005,0.005,0.13999999999999999,abs_005_005,1000,2000,0.34206916754344047,0.3729308324565595,False,0.030861664913119036,0.030861664913119036,0.34206916754344047,0.3729308324565595,0.0,0.0,0.030861664913119036,0.0,0.0
rep0627,0.31,0.31257351511226816,synth_only,0.15,0.005,0.005,0.13999999999999999,abs_005_005,1000,2000,0.44245707078652924,0.4745429292134708,False,0.03208585842694156,0.03208585842694156,0.44245707078652924,0.4745429292134708,0.0,0.0,0.03208585842694156,0.0,0.0
rep0628,0.82,0.8190252259712505,synth_only,0.15,0.005,0.005,0.13999999999999999,abs_005_005,1000,2000,0.8788859024829135,0.8991140975170865,False,0.020228195034172947,0.020228195034172947,0.8788859024829135,0.8991140975170865,0.0,0.0,0.020228195034172947,0.0,0.0
rep0629,0.61,0.6114223063029015,synth_only,0.15,0.005,0.005,0.13999999999999999,abs_005_005,1000,2000,0.5646115379351256,0.5963884620648744,False,0.03177692412974875,0.03177692412974875,0.5646115379351256,0.5963884620648744,0.0,0.0,0.03177692412974875,0.0,0.0
rep0630,0.47,0.46574380274058796,synth_only,0.15,0.005,0.005,0.13999999999999999,abs_005_005,1000,2000,0.5304712928001498,0.5625287071998502,False,0.032057414399700335,0.032057414399700335,0.5304712928001498,0.5625287071998502,0.0,0.0,0.032057414399700335,0.0,0.0
rep0631,0.42,0.4168418952476526,synth_only,0.15,0.005,0.005,0.13999999999999999,abs_005_005,1000,2000,0.4479433052234658,0.48005669477653423,False,0.03211338955306842,0.03211338955306842,0.4479433052234658,0.48005669477653423,0.0,0.0,0.03211338955306842,0.0,0.0
rep0632,0.56,0.5642405624687724,synth_only,0.15,0.005,0.005,0.13999999999999999,abs_005_005,1000,2000,0.822020137425856,0.8459798625741439,False,0.023959725148287925,0.023959725148287925,0.822020137425856,0.8459798625741439,0.0,0.0,0.023959725148287925,0.0,0.0
rep0633,0.32,0.32059734318177824,synth_only,0.15,0.005,0.005,0.13999999999999999,abs_005_005,1000,2000,0.4080885801027143,0.43991141989728566,False,0.031822839794571345,0.031822839794571345,0.4080885801027143,0.43991141989728566,0.0,0.0,0.031822839794571345,0.0,0.0
rep0634,0.45,0.4494167669884945,synth_only,0.15,0.005,0.005,0.13999999999999999,abs_005_005,1000,2000,0.5420102011309641,0.573989798869036,False,0.03197959773807191,0.03197959773807191,0.5420102011309641,0.573989798869036,0.0,0.0,0.03197959773807191,0.0,0.0
rep0635,0.42,0.4171584895969967,synth_only,0.15,0.005,0.005,0.13999999999999999,abs_005_005,1000,2000,0.38720737018718016,0.4187926298128199,True,0.03158525962563974,0.03158525962563974,0.38720737018718016,0.4187926298128199,0.0,0.0,0.03158525962563974,0.0,0.0
rep0636,0.25,0.2531301096110303,synth_only,0.15,0.005,0.005,0.13999999999999999,abs_005_005,1000,2000,0.23017164316845537,0.2578283568315446,True,0.027656713663089222,0.027656713663089222,0.23017164316845537,0.2578283568315446,0.0,0.0,0.027656713663089222,0.0,0.0
rep0637,0.88,0.8792689425778458,synth_only,0.15,0.005,0.005,0.13999999999999999,abs_005_005,1000,2000,0.9217850436330393,0.9382149563669608,False,0.01642991273392158,0.01642991273392158,0.9217850436330393,0.9382149563669608,0.0,0.0,0.01642991273392158,0.0,0.0
rep0638,0.80,0.7984768448122922,synth_only,0.15,0.005,0.005,0.13999999999999999,abs_005_005,1000,2000,0.8189341303017065,0.8430658696982934,False,0.02413173939658697,0.02413173939658697,0.8189341303017065,0.8430658696982934,0.0,0.0,0.02413173939658697,0.0,0.0
rep0639,0.85,0.8486004041262027,synth_only,0.15,0.005,0.005,0.13999999999999999,abs_005_005,1000,2000,0.954766832980079,0.9672331670199209,False,0.012466334039841875,0.012466334039841875,0.954766832980079,0.9672331670199209,0.0,0.0,0.012466334039841875,0.0,0.0
rep0640,0.39,0.3851373885412998,synth_only,0.15,0.005,0.005,0.13999999999999999,abs_005_005,1000,2000,0.326726422721679,0.35727357727832104,False,0.03054715455664203,0.03054715455664203,0.326726422721679,0.35727357727832104,0.0,0.0,0.03054715455664203,0.0,0.0
rep0641,0.59,0.5914541300664489,synth_only,0.15,0.005,0.005,0.13999999999999999,abs_005_005,1000,2000,0.5440178530870452,0.5759821469129549,False,0.031964293825909706,0.031964293825909706,0.5440178530870452,0.5759821469129549,0.0,0.0,0.031964293825909706,0.0,0.0
rep0642,0.64,0.635516605025901,synth_only,0.15,0.005,0.005,0.13999999999999999,abs_005_005,1000,2000,0.8768066767104736,0.8971933232895264,False,0.02038664657905276,0.02038664657905276,0.8768066767104736,0.8971933232895264,0.0,0.0,0.02038664657905276,0.0,0.0
rep0643,0.60,0.5989367021783024,synth_only,0.15,0.005,0.005,0.13999999999999999,abs_005_005,1000,2000,0.7136726817318234,0.7423273182681766,False,0.02865463653635314,0.02865463653635314,0.7136726817318234,0.7423273182681766,0.0,0.0,0.02865463653635314,0.0,0.0
rep0644,0.54,0.5417266321103141,synth_only,0.15,0.005,0.005,0.13999999999999999,abs_005_005,1000,2000,0.6604257819177194,0.6905742180822806,False,0.0301484361645612,0.0301484361645612,0.6604257819177194,0.6905742180822806,0.0,0.0,0.0301484361645612,0.0,0.0
rep0645,0.83,0.830101746507834,synth_only,0.15,0.005,0.005,0.13999999999999999,abs_005_005,1000,2000,0.9499324727651757,0.9630675272348244,False,0.013135054469648688,0.013135054469648688,0.9499324727651757,0.9630675272348244,0.0,0.0,0.013135054469648688,0.0,0.0
rep0646,0.72,0.7190690865093518,synth_only,0.15,0.005,0.005,0.13999999999999999,abs_005_005,1000,2000,0.6659933530873895,0.6960066469126106,False,0.03001329382522111,0.03001329382522111,0.6659933530873895,0.6960066469126106,0.0,0.0,0.03001329382522111,0.0,0.0
rep0647,0.28,0.28187237136063,synth_only,0.15,0.005,0.005,0.13999999999999999,abs_005_005,1000,2000,0.16519782505223887,0.1898021749477611,False,0.024604349895522237,0.024604349895522237,0.16519782505223887,0.1898021749477611,0.0,0.0,0.024604349895522237,0.0,0.0
rep0648,0.07,0.07423100775724908,synth_only,0.15,0.005,0.005,0.13999999999999999,abs_005_005,1000,2000,0.12110162882466,0.14289837117534002,False,0.02179674235068002,0.02179674235068002,0.12110162882466,0.14289837117534002,0.0,0.0,0.02179674235068002,0.0,0.0
rep0649,0.63,0.628180716912371,synth_only,0.15,0.005,0.005,0.13999999999999999,abs_005_005,1000,2000,0.5968143085906845,0.6281856914093156,True,0.031371382818631055,0.031371382818631055,0.5968143085906845,0.6281856914093156,0.0,0.0,0.031371382818631055,0.0,0.0
rep0650,0.63,0.634384654469708,synth_only,0.15,0.005,0.005,0.13999999999999999,abs_005_005,1000,2000,0.7447199394182259,0.772280060581774,False,0.027560121163548112,0.027560121163548112,0.7447199394182259,0.772280060581774,0.0,0.0,0.027560121163548112,0.0,0.0
rep0651,0.45,0.45319449808014894,synth_only,0.15,0.005,0.005,0.13999999999999999,abs_005_005,1000,2000,0.3504904235301107,0.3815095764698893,False,0.031019152939778638,0.031019152939778638,0.3504904235301107,0.3815095764698893,0.0,0.0,0.031019152939778638,0.0,0.0
rep0652,0.44,0.44043978579245635,synth_only,0.15,0.005,0.005,0.13999999999999999,abs_005_005,1000,2000,0.37131803477221415,0.4026819652277859,False,0.03136393045557173,0.03136393045557173,0.37131803477221415,0.4026819652277859,0.0,0.0,0.03136393045557173,0.0,0.0
rep0653,0.41,0.4149109690860978,synth_only,0.15,0.005,0.005,0.13999999999999999,abs_005_005,1000,2000,0.5465277882621441,0.5784722117378559,False,0.0319444234757118,0.0319444234757118,0.5465277882621441,0.5784722117378559,0.0,0.0,0.0319444234757118,0.0,0.0
rep0654,0.50,0.49949569016094303,synth_only,0.15,0.005,0.005,0.13999999999999999,abs_005_005,1000,2000,0.5892604974632261,0.6207395025367739,False,0.03147900507354784,0.03147900507354784,0.5892604974632261,0.6207395025367739,0.0,0.0,0.03147900507354784,0.0,0.0
rep0655,0.29,0.2854596404029002,synth_only,0.15,0.005,0.005,0.13999999999999999,abs_005_005,1000,2000,0.4016221764424553,0.4333778235575447,False,0.03175564711508938,0.03175564711508938,0.4016221764424553,0.4333778235575447,0.0,0.0,0.03175564711508938,0.0,0.0
rep0656,0.49,0.4882524133456352,synth_only,0.15,0.005,0.005,0.13999999999999999,abs_005_005,1000,2000,0.6482865481377077,0.6787134518622923,False,0.030426903724584564,0.030426903724584564,0.6482865481377077,0.6787134518622923,0.0,0.0,0.030426903724584564,0.0,0.0
rep0657,0.29,0.2879795746117501,synth_only,0.15,0.005,0.005,0.13999999999999999,abs_005_005,1000,2000,0.2498076067149187,0.27819239328508133,False,0.028384786570162635,0.028384786570162635,0.2498076067149187,0.27819239328508133,0.0,0.0,0.028384786570162635,0.0,0.0
rep0658,0.16,0.15814258074432144,synth_only,0.15,0.005,0.005,0.13999999999999999,abs_005_005,1000,2000,0.23458630574491085,0.26241369425508915,False,0.027827388510178297,0.027827388510178297,0.23458630574491085,0.26241369425508915,0.0,0.0,0.027827388510178297,0.0,0.0
rep0659,0.33,0.3308168158198044,synth_only,0.15,0.005,0.005,0.13999999999999999,abs_005_005,1000,2000,0.30448711137330536,0.33451288862669465,True,0.030025777253389285,0.030025777253389285,0.30448711137330536,0.33451288862669465,0.0,0.0,0.030025777253389285,0.0,0.0
rep0660,0.84,0.8414857095486005,synth_only,0.15,0.005,0.005,0.13999999999999999,abs_005_005,1000,2000,0.9879593050787129,0.9940406949212871,False,0.006081389842574225,0.006081389842574225,0.9879593050787129,0.9940406949212871,0.0,0.0,0.006081389842574225,0.0,0.0
rep0661,0.49,0.4858396125606992,synth_only,0.15,0.005,0.005,0.13999999999999999,abs_005_005,1000,2000,0.5953032344157979,0.6266967655842021,False,0.031393531168404154,0.031393531168404154,0.5953032344157979,0.6266967655842021,0.0,0.0,0.031393531168404154,0.0,0.0
rep0662,0.28,0.2766584649431424,synth_only,0.15,0.005,0.005,0.13999999999999999,abs_005_005,1000,2000,0.24833356957680816,0.27666643042319183,True,0.028332860846383673,0.028332860846383673,0.24833356957680816,0.27666643042319183,0.0,0.0,0.028332860846383673,0.0,0.0
rep0663,0.18,0.1819360935009027,synth_only,0.15,0.005,0.005,0.13999999999999999,abs_005_005,1000,2000,0.4270064737501873,0.4589935262498127,False,0.03198705249962541,0.03198705249962541,0.4270064737501873,0.4589935262498127,0.0,0.0,0.03198705249962541,0.0,0.0
rep0664,0.38,0.38299670627741383,synth_only,0.15,0.005,0.005,0.13999999999999999,abs_005_005,1000,2000,0.40958122789049817,0.4414187721095018,False,0.031837544219003644,0.031837544219003644,0.40958122789049817,0.4414187721095018,0.0,0.0,0.031837544219003644,0.0,0.0
rep0665,0.67,0.6699674075673208,synth_only,0.15,0.005,0.005,0.13999999999999999,abs_005_005,1000,2000,0.6467699225584005,0.6772300774415996,True,0.030460154883199086,0.030460154883199086,0.6467699225584005,0.6772300774415996,0.0,0.0,0.030460154883199086,0.0,0.0
rep0666,0.51,0.5083358063154882,synth_only,0.15,0.005,0.005,0.13999999999999999,abs_005_005,1000,2000,0.4919035844907471,0.5240964155092529,True,0.032192831018505785,0.032192831018505785,0.4919035844907471,0.5240964155092529,0.0,0.0,0.032192831018505785,0.0,0.0
rep0667,0.60,0.6020300693324006,synth_only,0.15,0.005,0.005,0.13999999999999999,abs_005_005,1000,2000,0.609412717399877,0.640587282600123,False,0.031174565200245974,0.031174565200245974,0.609412717399877,0.640587282600123,0.0,0.0,0.031174565200245974,0.0,0.0
rep0668,0.86,0.8597838880732807,synth_only,0.15,0.005,0.005,0.13999999999999999,abs_005_005,1000,2000,0.9117901589883395,0.9292098410116605,False,0.017419682023321004,0.017419682023321004,0.9117901589883395,0.9292098410116605,0.0,0.0,0.017419682023321004,0.0,0.0
rep0669,0.36,0.35731394286942286,synth_only,0.15,0.005,0.005,0.13999999999999999,abs_005_005,1000,2000,0.6023562565261865,0.6336437434738135,False,0.03128748694762695,0.03128748694762695,0.6023562565261865,0.6336437434738135,0.0,0.0,0.03128748694762695,0.0,0.0
rep0670,0.20,0.1962266302355978,synth_only,0.15,0.005,0.005,0.13999999999999999,abs_005_005,1000,2000,0.28080958691290425,0.3101904130870957,False,0.029380826174191466,0.029380826174191466,0.28080958691290425,0.3101904130870957,0.0,0.0,0.029380826174191466,0.0,0.0
rep0671,0.50,0.49682018352700374,synth_only,0.15,0.005,0.005,0.13999999999999999,abs_005_005,1000,2000,0.660931826233643,0.6910681737663571,False,0.030136347532714103,0.030136347532714103,0.660931826233643,0.6910681737663571,0.0,0.0,0.030136347532714103,0.0,0.0
rep0672,0.69,0.6892868730555781,synth_only,0.15,0.005,0.005,0.13999999999999999,abs_005_005,1000,2000,0.8462451616093161,0.868754838390684,False,0.02250967678136795,0.02250967678136795,0.8462451616093161,0.868754838390684,0.0,0.0,0.02250967678136795,0.0,0.0
rep0673,0.53,0.5254793729407189,synth_only,0.15,0.005,0.005,0.13999999999999999,abs_005_005,1000,2000,0.4769031014818766,0.5090968985181233,False,0.03219379703624675,0.03219379703624675,0.4769031014818766,0.5090968985181233,0.0,0.0,0.03219379703624675,0.0,0.0
rep0674,0.67,0.6695377226521729,synth_only,0.15,0.005,0.005,0.13999999999999999,abs_005_005,1000,2000,0.7294395591437092,0.7575604408562909,False,0.028120881712581758,0.028120881712581758,0.7294395591437092,0.7575604408562909,0.0,0.0,0.028120881712581758,0.0,0.0
rep0675,0.46,0.4632691092459867,synth_only,0.15,0.005,0.005,0.13999999999999999,abs_005_005,1000,2000,0.5902674474965469,0.621732552503453,False,0.031465105006906136,0.031465105006906136,0.5902674474965469,0.621732552503453,0.0,0.0,0.031465105006906136,0.0,0.0
rep0676,0.57,0.5697577821462855,synth_only,0.15,0.005,0.005,0.13999999999999999,abs_005_005,1000,2000,0.6311080465785639,0.661891953421436,False,0.030783906842872133,0.030783906842872133,0.6311080465785639,0.661891953421436,0.0,0.0,0.030783906842872133,0.0,0.0
rep0677,0.65,0.6464032465274445,synth_only,0.15,0.005,0.005,0.13999999999999999,abs_005_005,1000,2000,0.6634623427645832,0.6935376572354168,False,0.03007531447083367,0.03007531447083367,0.6634623427645832,0.6935376572354168,0.0,0.0,0.03007531447083367,0.0,0.0
rep0678,0.38,0.381704180917303,synth_only,0.15,0.005,0.005,0.13999999999999999,abs_005_005,1000,2000,0.30498088950858154,0.33501911049141847,False,0.030038220982836927,0.030038220982836927,0.30498088950858154,0.33501911049141847,0.0,0.0,0.030038220982836927,0.0,0.0
rep0679,0.61,0.6139353443163895,synth_only,0.15,0.005,0.005,0.13999999999999999,abs_005_005,1000,2000,0.684231492685067,0.7137685073149329,False,0.02953701462986591,0.02953701462986591,0.684231492685067,0.7137685073149329,0.0,0.0,0.02953701462986591,0.0,0.0
rep0680,0.60,0.599416591637384,synth_only,0.15,0.005,0.005,0.13999999999999999,abs_005_005,1000,2000,0.621517617402132,0.6524823825978681,False,0.0309647651957361,0.0309647651957361,0.621517617402132,0.6524823825978681,0.0,0.0,0.0309647651957361,0.0,0.0
rep0681,0.61,0.6120391767699129,synth_only,0.15,0.005,0.005,0.13999999999999999,abs_005_005,1000,2000,0.6417157366661645,0.6722842633338355,False,0.03056852666767096,0.03056852666767096,0.6417157366661645,0.6722842633338355,0.0,0.0,0.03056852666767096,0.0,0.0
rep0682,0.21,0.20524372314526954,synth_only,0.15,0.005,0.005,0.13999999999999999,abs_005_005,1000,2000,0.29905686745428167,0.32894313254571833,False,0.02988626509143666,0.02988626509143666,0.29905686745428167,0.32894313254571833,0.0,0.0,0.02988626509143666,0.0,0.0
rep0683,0.50,0.49551393879539885,synth_only,0.15,0.005,0.005,0.13999999999999999,abs_005_005,1000,2000,0.5907709483796546,0.6222290516203455,False,0.03145810324069087,0.03145810324069087,0.5907709483796546,0.6222290516203455,0.0,0.0,0.03145810324069087,0.0,0.0
rep0684,0.15,0.14799688249000248,synth_only,0.15,0.005,0.005,0.13999999999999999,abs_005_005,1000,2000,0.15790576860256073,0.1820942313974393,False,0.024188462794878574,0.024188462794878574,0.15790576860256073,0.1820942313974393,0.0,0.0,0.024188462794878574,0.0,0.0
rep0685,0.25,0.25374061711051393,synth_only,0.15,0.005,0.005,0.13999999999999999,abs_005_005,1000,2000,0.21449200657897946,0.24150799342102056,False,0.027015986842041095,0.027015986842041095,0.21449200657897946,0.24150799342102056,0.0,0.0,0.027015986842041095,0.0,0.0
rep0686,0.58,0.5762415075030807,synth_only,0.15,0.005,0.005,0.13999999999999999,abs_005_005,1000,2000,0.6260596309264529,0.656940369073547,False,0.030880738147094133,0.030880738147094133,0.6260596309264529,0.656940369073547,0.0,0.0,0.030880738147094133,0.0,0.0
rep0687,0.47,0.4738166731340248,synth_only,0.15,0.005,0.005,0.13999999999999999,abs_005_005,1000,2000,0.5786916651857327,0.6103083348142674,False,0.03161666962853471,0.03161666962853471,0.5786916651857327,0.6103083348142674,0.0,0.0,0.03161666962853471,0.0,0.0
rep0688,0.51,0.5114671157047247,synth_only,0.15,0.005,0.005,0.13999999999999999,abs_005_005,1000,2000,0.4689087696989074,0.5010912303010926,False,0.032182460602185214,0.032182460602185214,0.4689087696989074,0.5010912303010926,0.0,0.0,0.032182460602185214,0.0,0.0
rep0689,0.04,0.035133814196115686,synth_only,0.15,0.005,0.005,0.13999999999999999,abs_005_005,1000,2000,0.3395933292821826,0.37040667071781735,False,0.030813341435634745,0.030813341435634745,0.3395933292821826,0.37040667071781735,0.0,0.0,0.030813341435634745,0.0,0.0
rep0690,0.32,0.321154014109585,synth_only,0.15,0.005,0.005,0.13999999999999999,abs_005_005,1000,2000,0.30300589616287155,0.33299410383712846,True,0.029988207674256917,0.029988207674256917,0.30300589616287155,0.33299410383712846,0.0,0.0,0.029988207674256917,0.0,0.0
rep0691,0.14,0.13555251647644306,synth_only,0.15,0.005,0.005,0.13999999999999999,abs_005_005,1000,2000,0.24145756022183618,0.26954243977816383,False,0.028084879556327658,0.028084879556327658,0.24145756022183618,0.26954243977816383,0.0,0.0,0.028084879556327658,0.0,0.0
rep0692,0.49,0.4900656986391382,synth_only,0.15,0.005,0.005,0.13999999999999999,abs_005_005,1000,2000,0.5254570707865293,0.5575429292134707,False,0.03208585842694145,0.03208585842694145,0.5254570707865293,0.5575429292134707,0.0,0.0,0.03208585842694145,0.0,0.0
rep0693,0.38,0.3793630417094126,synth_only,0.15,0.005,0.005,0.13999999999999999,abs_005_005,1000,2000,0.4389668551477514,0.4710331448522486,False,0.03206628970449721,0.03206628970449721,0.4389668551477514,0.4710331448522486,0.0,0.0,0.03206628970449721,0.0,0.0
rep0694,0.56,0.5589248503985509,synth_only,0.15,0.005,0.005,0.13999999999999999,abs_005_005,1000,2000,0.6008446063826722,0.6321553936173279,False,0.031310787234655635,0.031310787234655635,0.6008446063826722,0.6321553936173279,0.0,0.0,0.031310787234655635,0.0,0.0
rep0695,0.34,0.3392601427470871,synth_only,0.15,0.005,0.005,0.13999999999999999,abs_005_005,1000,2000,0.26455942452451414,0.2934405754754859,False,0.028881150950971768,0.028881150950971768,0.26455942452451414,0.2934405754754859,0.0,0.0,0.028881150950971768,0.0,0.0
rep0696,0.37,0.37497989849424296,synth_only,0.15,0.005,0.005,0.13999999999999999,abs_005_005,1000,2000,0.26702004031831295,0.295979959681687,False,0.028959919363374054,0.028959919363374054,0.26702004031831295,0.295979959681687,0.0,0.0,0.028959919363374054,0.0,0.0
rep0697,0.51,0.5138505617404521,synth_only,0.15,0.005,0.005,0.13999999999999999,abs_005_005,1000,2000,0.5309728046307776,0.5630271953692225,False,0.03205439073844496,0.03205439073844496,0.5309728046307776,0.5630271953692225,0.0,0.0,0.03205439073844496,0.0,0.0
rep0698,0.49,0.48808821982515055,synth_only,0.15,0.005,0.005,0.13999999999999999,abs_005_005,1000,2000,0.4175445420114617,0.4494554579885383,False,0.031910915977076626,0.031910915977076626,0.4175445420114617,0.4494554579885383,0.0,0.0,0.031910915977076626,0.0,0.0
rep0699,0.74,0.737624141085637,synth_only,0.15,0.005,0.005,0.13999999999999999,abs_005_005,1000,2000,0.7676843509238321,0.7943156490761679,False,0.02663129815233578,0.02663129815233578,0.7676843509238321,0.7943156490761679,0.0,0.0,0.02663129815233578,0.0,0.0
rep0700,0.09,0.08784335363432007,synth_only,0.15,0.005,0.005,0.13999999999999999,abs_005_005,1000,2000,0.07792577002224141,0.09607422997775858,True,0.01814845995551717,0.01814845995551717,0.07792577002224141,0.09607422997775858,0.0,0.0,0.01814845995551717,0.0,0.0
rep0701,0.23,0.22824436689619965,synth_only,0.15,0.005,0.005,0.13999999999999999,abs_005_005,1000,2000,0.22575903811863643,0.2532409618813636,True,0.02748192376272715,0.02748192376272715,0.22575903811863643,0.2532409618813636,0.0,0.0,0.02748192376272715,0.0,0.0
rep0702,0.79,0.7916799561732202,synth_only,0.15,0.005,0.005,0.13999999999999999,abs_005_005,1000,2000,0.8825270621796517,0.9024729378203482,False,0.019945875640696498,0.019945875640696498,0.8825270621796517,0.9024729378203482,0.0,0.0,0.019945875640696498,0.0,0.0
rep0703,0.72,0.7159597687993551,synth_only,0.15,0.005,0.005,0.13999999999999999,abs_005_005,1000,2000,0.7050357273801662,0.7339642726198339,True,0.028928545239667702,0.028928545239667702,0.7050357273801662,0.7339642726198339,0.0,0.0,0.028928545239667702,0.0,0.0
rep0704,0.24,0.2433457414922106,synth_only,0.15,0.005,0.005,0.13999999999999999,abs_005_005,1000,2000,0.24440384657040987,0.27259615342959015,False,0.028192306859180283,0.028192306859180283,0.24440384657040987,0.27259615342959015,0.0,0.0,0.028192306859180283,0.0,0.0
rep0705,0.73,0.7259717934097802,synth_only,0.15,0.005,0.005,0.13999999999999999,abs_005_005,1000,2000,0.6796694758949267,0.7093305241050734,False,0.0296610482101467,0.0296610482101467,0.6796694758949267,0.7093305241050734,0.0,0.0,0.0296610482101467,0.0,0.0
rep0706,0.33,0.3288119907847241,synth_only,0.15,0.005,0.005,0.13999999999999999,abs_005_005,1000,2000,0.37231059981231956,0.40368940018768046,False,0.031378800375360894,0.031378800375360894,0.37231059981231956,0.40368940018768046,0.0,0.0,0.031378800375360894,0.0,0.0
rep0707,0.36,0.36157900634283197,synth_only,0.15,0.005,0.005,0.13999999999999999,abs_005_005,1000,2000,0.30300589616287155,0.33299410383712846,False,0.029988207674256917,0.029988207674256917,0.30300589616287155,0.33299410383712846,0.0,0.0,0.029988207674256917,0.0,0.0
rep0708,0.58,0.5817658237164358,synth_only,0.15,0.005,0.005,0.13999999999999999,abs_005_005,1000,2000,0.44694566188991136,0.4790543381100887,False,0.032108676220177323,0.032108676220177323,0.44694566188991136,0.4790543381100887,0.0,0.0,0.032108676220177323,0.0,0.0
rep0709,0.86,0.8602526850021784,synth_only,0.15,0.005,0.005,0.13999999999999999,abs_005_005,1000,2000,0.9039257700222414,0.9220742299777587,False,0.018148459955517282,0.018148459955517282,0.9039257700222414,0.9220742299777587,0.0,0.0,0.018148459955517282,0.0,0.0
rep0710,0.71,0.714066617435744,synth_only,0.15,0.005,0.005,0.13999999999999999,abs_005_005,1000,2000,0.7263861343425005,0.7546138656574995,False,0.028227731314999005,0.028227731314999005,0.7263861343425005,0.7546138656574995,0.0,0.0,0.028227731314999005,0.0,0.0
rep0711,0.24,0.24175158542979483,synth_only,0.15,0.005,0.005,0.13999999999999999,abs_005_005,1000,2000,0.40410892019251454,0.4358910798074854,False,0.031782159614970884,0.031782159614970884,0.40410892019251454,0.4358910798074854,0.0,0.0,0.031782159614970884,0.0,0.0
rep0712,0.46,0.4564952417546153,synth_only,0.15,0.005,0.005,0.13999999999999999,abs_005_005,1000,2000,0.4499387865566842,0.4820612134433159,True,0.032122426886631694,0.032122426886631694,0.4499387865566842,0.4820612134433159,0.0,0.0,0.032122426886631694,0.0,0.0
rep0713,0.31,0.31094655298240614,synth_only,0.15,0.005,0.005,0.13999999999999999,abs_005_005,1000,2000,0.43597587723939324,0.4680241227606068,False,0.03204824552121355,0.03204824552121355,0.43597587723939324,0.4680241227606068,0.0,0.0,0.03204824552121355,0.0,0.0
rep0714,0.42,0.42224281977971795,synth_only,0.15,0.005,0.005,0.13999999999999999,abs_005_005,1000,2000,0.27834592925457496,0.307654070745425,False,0.029308141490850037,0.029308141490850037,0.27834592925457496,0.307654070745425,0.0,0.0,0.029308141490850037,0.0,0.0
rep0715,0.36,0.3621149722632049,synth_only,0.15,0.005,0.005,0.13999999999999999,abs_005_005,1000,2000,0.36189215574858985,0.39310784425141015,True,0.031215688502820305,0.031215688502820305,0.36189215574858985,0.39310784425141015,0.0,0.0,0.031215688502820305,0.0,0.0
rep0716,0.34,0.3413958520892463,synth_only,0.15,0.005,0.005,0.13999999999999999,abs_005_005,1000,2000,0.3475176174021319,0.3784823825978681,False,0.03096476519573621,0.03096476519573621,0.3475176174021319,0.3784823825978681,0.0,0.0,0.03096476519573621,0.0,0.0
rep0717,0.44,0.4415860096902311,synth_only,0.15,0.005,0.005,0.13999999999999999,abs_005_005,1000,2000,0.3832333854440804,0.4147666145559196,False,0.0315332291118392,0.0315332291118392,0.3832333854440804,0.4147666145559196,0.0,0.0,0.0315332291118392,0.0,0.0
rep0718,0.56,0.5646466920560302,synth_only,0.15,0.005,0.005,0.13999999999999999,abs_005_005,1000,2000,0.5530555502900296,0.5849444497099703,True,0.031888899419940664,0.031888899419940664,0.5530555502900296,0.5849444497099703,0.0,0.0,0.031888899419940664,0.0,0.0
rep0719,0.71,0.7103995063697587,synth_only,0.15,0.005,0.005,0.13999999999999999,abs_005_005,1000,2000,0.7886575824650295,0.8143424175349705,False,0.025684835069941014,0.025684835069941014,0.7886575824650295,0.8143424175349705,0.0,0.0,0.025684835069941014,0.0,0.0
rep0720,0.69,0.6932176668159191,synth_only,0.15,0.005,0.005,0.13999999999999999,abs_005_005,1000,2000,0.8060902674074026,0.8309097325925974,False,0.024819465185194733,0.024819465185194733,0.8060902674074026,0.8309097325925974,0.0,0.0,0.024819465185194733,0.0,0.0
rep0721,0.86,0.8636766762196767,synth_only,0.15,0.005,0.005,0.13999999999999999,abs_005_005,1000,2000,0.8726512463342612,0.8933487536657388,False,0.020697507331477683,0.020697507331477683,0.8726512463342612,0.8933487536657388,0.0,0.0,0.020697507331477683,0.0,0.0
rep0722,0.92,0.9209427021622629,synth_only,0.15,0.005,0.005,0.13999999999999999,abs_005_005,1000,2000,1.0,1.0,False,0.0,0.0,1.0,1.0,0.0,0.0,0.0,0.0,0.0
rep0723,0.50,0.5016753434719334,synth_only,0.15,0.005,0.005,0.13999999999999999,abs_005_005,1000,2000,0.5164355677820288,0.5485644322179711,False,0.03212886443594232,0.03212886443594232,0.5164355677820288,0.5485644322179711,0.0,0.0,0.03212886443594232,0.0,0.0
rep0724,0.22,0.22277910125347108,synth_only,0.15,0.005,0.005,0.13999999999999999,abs_005_005,1000,2000,0.11049969559567484,0.13150030440432514,False,0.021000608808650303,0.021000608808650303,0.11049969559567484,0.13150030440432514,0.0,0.0,0.021000608808650303,0.0,0.0
rep0725,0.63,0.6285584659969985,synth_only,0.15,0.005,0.005,0.13999999999999999,abs_005_005,1000,2000,0.607396232693481,0.638603767306519,True,0.031207534613038046,0.031207534613038046,0.607396232693481,0.638603767306519,0.0,0.0,0.031207534613038046,0.0,0.0
rep0726,0.58,0.5754838177330744,synth_only,0.15,0.005,0.005,0.13999999999999999,abs_005_005,1000,2000,0.7416620603303983,0.7693379396696016,False,0.027675879339203346,0.027675879339203346,0.7416620603303983,0.7693379396696016,0.0,0.0,0.027675879339203346,0.0,0.0
rep0727,0.21,0.2115740355737719,synth_only,0.15,0.005,0.005,0.13999999999999999,abs_005_005,1000,2000,0.14140949957169582,0.16459050042830417,False,0.023181000856608347,0.023181000856608347,0.14140949957169582,0.16459050042830417,0.0,0.0,0.023181000856608347,0.0,0.0
rep0728,0.56,0.5564120944969329,synth_only,0.15,0.005,0.005,0.13999999999999999,abs_005_005,1000,2000,0.5460257682853815,0.5779742317146186,True,0.03194846342923707,0.03194846342923707,0.5460257682853815,0.5779742317146186,0.0,0.0,0.03194846342923707,0.0,0.0
rep0729,0.60,0.5956440662913057,synth_only,0.15,0.005,0.005,0.13999999999999999,abs_005_005,1000,2000,0.5580788104630127,0.5899211895369872,False,0.03184237907397458,0.03184237907397458,0.5580788104630127,0.5899211895369872,0.0,0.0,0.03184237907397458,0.0,0.0
rep0730,0.69,0.6917308798798025,synth_only,0.15,0.005,0.005,0.13999999999999999,abs_005_005,1000,2000,0.6210130399387241,0.6519869600612758,False,0.030973920122551624,0.030973920122551624,0.6210130399387241,0.6519869600612758,0.0,0.0,0.030973920122551624,0.0,0.0
rep0731,0.43,0.4266039488445103,synth_only,0.15,0.005,0.005,0.13999999999999999,abs_005_005,1000,2000,0.516936624501588,0.5490633754984121,False,0.03212675099682416,0.03212675099682416,0.516936624501588,0.5490633754984121,0.0,0.0,0.03212675099682416,0.0,0.0
rep0732,0.58,0.5845218275511942,synth_only,0.15,0.005,0.005,0.13999999999999999,abs_005_005,1000,2000,0.6513203148829102,0.6816796851170898,False,0.03035937023417956,0.03035937023417956,0.6513203148829102,0.6816796851170898,0.0,0.0,0.03035937023417956,0.0,0.0
rep0733,0.81,0.8126562034084693,synth_only,0.15,0.005,0.005,0.13999999999999999,abs_005_005,1000,2000,0.8856506922606694,0.9053493077393305,False,0.01969861547866114,0.01969861547866114,0.8856506922606694,0.9053493077393305,0.0,0.0,0.01969861547866114,0.0,0.0
rep0734,0.55,0.5486243168959926,synth_only,0.15,0.005,0.005,0.13999999999999999,abs_005_005,1000,2000,0.45542769700507296,0.487572302994927,False,0.032144605989854025,0.032144605989854025,0.45542769700507296,0.487572302994927,0.0,0.0,0.032144605989854025,0.0,0.0
rep0735,0.20,0.19850254703185236,synth_only,0.15,0.005,0.005,0.13999999999999999,abs_005_005,1000,2000,0.28869683176415173,0.31830316823584826,False,0.029606336471696526,0.029606336471696526,0.28869683176415173,0.31830316823584826,0.0,0.0,0.029606336471696526,0.0,0.0
rep0736,0.63,0.628675093368849,synth_only,0.15,0.005,0.005,0.13999999999999999,abs_005_005,1000,2000,0.8101978250522389,0.8348021749477611,False,0.024604349895522182,0.024604349895522182,0.8101978250522389,0.8348021749477611,0.0,0.0,0.024604349895522182,0.0,0.0
rep0737,0.30,0.3010343309546036,synth_only,0.15,0.005,0.005,0.13999999999999999,abs_005_005,1000,2000,0.3475176174021319,0.3784823825978681,False,0.03096476519573621,0.03096476519573621,0.3475176174021319,0.3784823825978681,0.0,0.0,0.03096476519573621,0.0,0.0
rep0738,0.67,0.672878039474014,synth_only,0.15,0.005,0.005,0.13999999999999999,abs_005_005,1000,2000,0.852963252871663,0.875036747128337,False,0.022073494256674042,0.022073494256674042,0.852963252871663,0.875036747128337,0.0,0.0,0.022073494256674042,0.0,0.0
rep0739,0.39,0.39484025614167567,synth_only,0.15,0.005,0.005,0.13999999999999999,abs_005_005,1000,2000,0.41007881046301264,0.44192118953698734,False,0.03184237907397469,0.03184237907397469,0.41007881046301264,0.44192118953698734,0.0,0.0,0.03184237907397469,0.0,0.0
rep0740,0.50,0.5019803607519125,synth_only,0.15,0.005,0.005,0.13999999999999999,abs_005_005,1000,2000,0.6275739632631344,0.6584260367368656,False,0.0308520734737312,0.0308520734737312,0.6275739632631344,0.6584260367368656,0.0,0.0,0.0308520734737312,0.0,0.0
rep0741,0.71,0.706007734024443,synth_only,0.15,0.005,0.005,0.13999999999999999,abs_005_005,1000,2000,0.7284216547159956,0.7565783452840045,False,0.028156690568008846,0.028156690568008846,0.7284216547159956,0.7565783452840045,0.0,0.0,0.028156690568008846,0.0,0.0
rep0742,0.20,0.20412545190772005,synth_only,0.15,0.005,0.005,0.13999999999999999,abs_005_005,1000,2000,0.05753427939458933,0.07346572060541068,False,0.01593144121082135,0.01593144121082135,0.05753427939458933,0.07346572060541068,0.0,0.0,0.01593144121082135,0.0,0.0
rep0743,0.70,0.703056156327592,synth_only,0.15,0.005,0.005,0.13999999999999999,abs_005_005,1000,2000,0.7207904156864259,0.7492095843135741,False,0.028419168627148217,0.028419168627148217,0.7207904156864259,0.7492095843135741,0.0,0.0,0.028419168627148217,0.0,0.0
rep0744,0.79,0.7913026862136665,synth_only,0.15,0.005,0.005,0.13999999999999999,abs_005_005,1000,2000,1.0,1.0,False,0.0,0.0,1.0,1.0,0.0,0.0,0.0,0.0,0.0
rep0745,0.09,0.08797622050160088,synth_only,0.15,0.005,0.005,0.13999999999999999,abs_005_005,1000,2000,0.33464303242575805,0.3653569675742419,False,0.030713935148483862,0.030713935148483862,0.33464303242575805,0.3653569675742419,0.0,0.0,0.030713935148483862,0.0,0.0
rep0746,0.52,0.5221816913900238,synth_only,0.15,0.005,0.005,0.13999999999999999,abs_005_005,1000,2000,0.5189410134549837,0.5510589865450164,True,0.032117973090032725,0.032117973090032725,0.5189410134549837,0.5510589865450164,0.0,0.0,0.032117973090032725,0.0,0.0
rep0747,0.48,0.4831577354732387,synth_only,0.15,0.005,0.005,0.13999999999999999,abs_005_005,1000,2000,0.6391893503737375,0.6698106496262625,False,0.03062129925252499,0.03062129925252499,0.6391893503737375,0.6698106496262625,0.0,0.0,0.03062129925252499,0.0,0.0
rep0748,0.80,0.8039755610445151,synth_only,0.15,0.005,0.005,0.13999999999999999,abs_005_005,1000,2000,0.7937808690885277,0.8192191309114722,True,0.025438261822944508,0.025438261822944508,0.7937808690885277,0.8192191309114722,0.0,0.0,0.025438261822944508,0.0,0.0
rep0749,0.48,0.4849524325382472,synth_only,0.15,0.005,0.005,0.13999999999999999,abs_005_005,1000,2000,0.5249557381190935,0.5570442618809066,False,0.03208852376181315,0.03208852376181315,0.5249557381190935,0.5570442618809066,0.0,0.0,0.03208852376181315,0.0,0.0
rep0750,0.54,0.5415944112692606,synth_only,0.15,0.005,0.005,0.13999999999999999,abs_005_005,1000,2000,0.6675121975741874,0.6974878024258125,False,0.029975604851625093,0.029975604851625093,0.6675121975741874,0.6974878024258125,0.0,0.0,0.029975604851625093,0.0,0.0
rep0751,0.11,0.11305284111474975,synth_only,0.15,0.005,0.005,0.13999999999999999,abs_005_005,1000,2000,0.30103122160449464,0.33096877839550537,False,0.029937556791010733,0.029937556791010733,0.30103122160449464,0.33096877839550537,0.0,0.0,0.029937556791010733,0.0,0.0
rep0752,0.21,0.20638117578173643,synth_only,0.15,0.005,0.005,0.13999999999999999,abs_005_005,1000,2000,0.2434216547159956,0.27157834528400443,False,0.02815669056800882,0.02815669056800882,0.2434216547159956,0.27157834528400443,0.0,0.0,0.02815669056800882,0.0,0.0
rep0753,0.50,0.5007371849253293,synth_only,0.15,0.005,0.005,0.13999999999999999,abs_005_005,1000,2000,0.5565716580041522,0.5884283419958478,False,0.03185668399169561,0.03185668399169561,0.5565716580041522,0.5884283419958478,0.0,0.0,0.03185668399169561,0.0,0.0
rep0754,0.77,0.7657822681826205,synth_only,0.15,0.005,0.005,0.13999999999999999,abs_005_005,1000,2000,0.7126562305629315,0.7413437694370685,False,0.028687538874136997,0.028687538874136997,0.7126562305629315,0.7413437694370685,0.0,0.0,0.028687538874136997,0.0,0.0
rep0755,0.13,0.13228095225451117,synth_only,0.15,0.005,0.005,0.13999999999999999,abs_005_005,1000,2000,0.23949385382194419,0.26750614617805585,False,0.028012292356111662,0.028012292356111662,0.23949385382194419,0.26750614617805585,0.0,0.0,0.028012292356111662,0.0,0.0
rep0756,0.57,0.571112422982143,synth_only,0.15,0.005,0.005,0.13999999999999999,abs_005_005,1000,2000,0.650308982720735,0.680691017279265,False,0.030382034558529947,0.030382034558529947,0.650308982720735,0.680691017279265,0.0,0.0,0.030382034558529947,0.0,0.0
rep0757,0.25,0.24520131457810895,synth_only,0.15,0.005,0.005,0.13999999999999999,abs_005_005,1000,2000,0.23164297064259712,0.2593570293574029,True,0.027714058714805784,0.027714058714805784,0.23164297064259712,0.2593570293574029,0.0,0.0,0.027714058714805784,0.0,0.0
rep0758,0.75,0.752406258982651,synth_only,0.15,0.005,0.005,0.13999999999999999,abs_005_005,1000,2000,0.8840885667885657,0.9039114332114343,False,0.019822866422868568,0.019822866422868568,0.8840885667885657,0.9039114332114343,0.0,0.0,0.019822866422868568,0.0,0.0
rep0759,0.07,0.06962115207073712,synth_only,0.15,0.005,0.005,0.13999999999999999,abs_005_005,1000,2000,0.04765973032544935,0.06234026967455065,False,0.014680539349101296,0.014680539349101296,0.04765973032544935,0.06234026967455065,0.0,0.0,0.014680539349101296,0.0,0.0
rep0760,0.59,0.5914516038863458,synth_only,0.15,0.005,0.005,0.13999999999999999,abs_005_005,1000,2000,0.5304712928001498,0.5625287071998502,False,0.032057414399700335,0.032057414399700335,0.5304712928001498,0.5625287071998502,0.0,0.0,0.032057414399700335,0.0,0.0
rep0761,0.96,0.9615407011273777,synth_only,0.15,0.005,0.005,0.13999999999999999,abs_005_005,1000,2000,1.0,1.0,False,0.0,0.0,1.0,1.0,0.0,0.0,0.0,0.0,0.0
rep0762,0.80,0.8015721210640162,synth_only,0.15,0.005,0.005,0.13999999999999999,abs_005_005,1000,2000,0.7472688773741063,0.7747311226258937,False,0.02746224525178742,0.02746224525178742,0.7472688773741063,0.7747311226258937,0.0,0.0,0.02746224525178742,0.0,0.0
rep0763,0.47,0.4704981219093263,synth_only,0.15,0.005,0.005,0.13999999999999999,abs_005_005,1000,2000,0.4504376974253906,0.48256230257460947,True,0.03212460514921889,0.03212460514921889,0.4504376974253906,0.48256230257460947,0.0,0.0,0.03212460514921889,0.0,0.0
rep0764,0.43,0.4303563611804176,synth_only,0.15,0.005,0.005,0.13999999999999999,abs_005_005,1000,2000,0.512427697005073,0.544572302994927,False,0.032144605989854025,0.032144605989854025,0.512427697005073,0.544572302994927,0.0,0.0,0.032144605989854025,0.0,0.0
rep0765,0.44,0.43973229587711393,synth_only,0.15,0.005,0.005,0.13999999999999999,abs_005_005,1000,2000,0.3539595162486263,0.3850404837513737,False,0.03108096750274736,0.03108096750274736,0.3539595162486263,0.3850404837513737,0.0,0.0,0.03108096750274736,0.0,0.0
rep0766,0.38,0.37621017495843084,synth_only,0.15,0.005,0.005,0.13999999999999999,abs_005_005,1000,2000,0.6999581741394724,0.7290418258605277,False,0.029083651721055315,0.029083651721055315,0.6999581741394724,0.7290418258605277,0.0,0.0,0.029083651721055315,0.0,0.0
rep0767,0.72,0.7246108330751603,synth_only,0.15,0.005,0.005,0.13999999999999999,abs_005_005,1000,2000,0.6943753871226586,0.7236246128773414,False,0.029249225754682806,0.029249225754682806,0.6943753871226586,0.7236246128773414,0.0,0.0,0.029249225754682806,0.0,0.0
rep0768,0.58,0.5782724073312556,synth_only,0.15,0.005,0.005,0.13999999999999999,abs_005_005,1000,2000,0.4954057823641348,0.5275942176358651,False,0.03218843527173032,0.03218843527173032,0.4954057823641348,0.5275942176358651,0.0,0.0,0.03218843527173032,0.0,0.0
rep0769,0.66,0.6626943303081723,synth_only,0.15,0.005,0.005,0.13999999999999999,abs_005_005,1000,2000,0.8184199304018379,0.8425800695981621,False,0.024160139196324204,0.024160139196324204,0.8184199304018379,0.8425800695981621,0.0,0.0,0.024160139196324204,0.0,0.0
rep0770,0.37,0.37433490040573675,synth_only,0.15,0.005,0.005,0.13999999999999999,abs_005_005,1000,2000,0.48840217575538325,0.5205978242446166,False,0.0321956484892334,0.0321956484892334,0.48840217575538325,0.5205978242446166,0.0,0.0,0.0321956484892334,0.0,0.0
rep0771,0.50,0.5010909538628612,synth_only,0.15,0.005,0.005,0.13999999999999999,abs_005_005,1000,2000,0.516936624501588,0.5490633754984121,False,0.03212675099682416,0.03212675099682416,0.516936624501588,0.5490633754984121,0.0,0.0,0.03212675099682416,0.0,0.0
rep0772,0.20,0.1995563133268665,synth_only,0.15,0.005,0.005,0.13999999999999999,abs_005_005,1000,2000,0.2552142100022633,0.28378578999773674,False,0.02857157999547344,0.02857157999547344,0.2552142100022633,0.28378578999773674,0.0,0.0,0.02857157999547344,0.0,0.0
rep0773,0.39,0.3893484360679591,synth_only,0.15,0.005,0.005,0.13999999999999999,abs_005_005,1000,2000,0.3896916651857327,0.4213083348142673,False,0.0316166696285346,0.0316166696285346,0.3896916651857327,0.4213083348142673,0.0,0.0,0.0316166696285346,0.0,0.0
rep0774,0.13,0.12593374803146856,synth_only,0.15,0.005,0.005,0.13999999999999999,abs_005_005,1000,2000,0.12158415280363152,0.1434158471963685,True,0.021831694392736967,0.021831694392736967,0.12158415280363152,0.1434158471963685,0.0,0.0,0.021831694392736967,0.0,0.0
rep0775,0.41,0.41085886710447456,synth_only,0.15,0.005,0.005,0.13999999999999999,abs_005_005,1000,2000,0.3896916651857327,0.4213083348142673,True,0.0316166696285346,0.0316166696285346,0.3896916651857327,0.4213083348142673,0.0,0.0,0.0316166696285346,0.0,0.0
rep0776,0.46,0.45781073823209023,synth_only,0.15,0.005,0.005,0.13999999999999999,abs_005_005,1000,2000,0.39118244628096355,0.4228175537190364,False,0.03163510743807285,0.03163510743807285,0.39118244628096355,0.4228175537190364,0.0,0.0,0.03163510743807285,0.0,0.0
rep0777,0.47,0.4676893945991415,synth_only,0.15,0.005,0.005,0.13999999999999999,abs_005_005,1000,2000,0.5525533155229192,0.5844466844770808,False,0.031893368954161616,0.031893368954161616,0.5525533155229192,0.5844466844770808,0.0,0.0,0.031893368954161616,0.0,0.0
rep0778,0.93,0.9334488837209958,synth_only,0.15,0.005,0.005,0.13999999999999999,abs_005_005,1000,2000,1.0,1.0,False,0.0,0.0,1.0,1.0,0.0,0.0,0.0,0.0,0.0
rep0779,0.42,0.417137055094038,synth_only,0.15,0.005,0.005,0.13999999999999999,abs_005_005,1000,2000,0.48690181352907247,0.5190981864709275,False,0.03219637294185507,0.03219637294185507,0.48690181352907247,0.5190981864709275,0.0,0.0,0.03219637294185507,0.0,0.0
rep0780,0.38,0.381724145742122,synth_only,0.15,0.005,0.005,0.13999999999999999,abs_005_005,1000,2000,0.3395933292821826,0.37040667071781735,False,0.030813341435634745,0.030813341435634745,0.3395933292821826,0.37040667071781735,0.0,0.0,0.030813341435634745,0.0,0.0
rep0781,0.25,0.24904971690384717,synth_only,0.15,0.005,0.005,0.13999999999999999,abs_005_005,1000,2000,0.2223284596821932,0.24967154031780678,True,0.02734308063561358,0.02734308063561358,0.2223284596821932,0.24967154031780678,0.0,0.0,0.02734308063561358,0.0,0.0
rep0782,0.50,0.5035278430127574,synth_only,0.15,0.005,0.005,0.13999999999999999,abs_005_005,1000,2000,0.3638760244803484,0.3951239755196516,False,0.031247951039303223,0.031247951039303223,0.3638760244803484,0.3951239755196516,0.0,0.0,0.031247951039303223,0.0,0.0
rep0783,0.94,0.9360989131889664,synth_only,0.15,0.005,0.005,0.13999999999999999,abs_005_005,1000,2000,0.8519291632122522,0.8740708367877478,False,0.02214167357549557,0.02214167357549557,0.8519291632122522,0.8740708367877478,0.0,0.0,0.02214167357549557,0.0,0.0
rep0784,0.61,0.6074696407734866,synth_only,0.15,0.005,0.005,0.13999999999999999,abs_005_005,1000,2000,0.5460257682853815,0.5779742317146186,False,0.03194846342923707,0.03194846342923707,0.5460257682853815,0.5779742317146186,0.0,0.0,0.03194846342923707,0.0,0.0
rep0785,0.36,0.3571470202258215,synth_only,0.15,0.005,0.005,0.13999999999999999,abs_005_005,1000,2000,0.23311452529920385,0.26088547470079615,False,0.027770949401592304,0.027770949401592304,0.23311452529920385,0.26088547470079615,0.0,0.0,0.027770949401592304,0.0,0.0
rep0786,0.37,0.37153525023005257,synth_only,0.15,0.005,0.005,0.13999999999999999,abs_005_005,1000,2000,0.40311417242306347,0.4348858275769365,False,0.031771655153873035,0.031771655153873035,0.40311417242306347,0.4348858275769365,0.0,0.0,0.031771655153873035,0.0,0.0
rep0787,0.24,0.24331452186376437,synth_only,0.15,0.005,0.005,0.13999999999999999,abs_005_005,1000,2000,0.3792604974632261,0.41073950253677394,False,0.03147900507354784,0.03147900507354784,0.3792604974632261,0.41073950253677394,0.0,0.0,0.03147900507354784,0.0,0.0
rep0788,0.55,0.5512601715860497,synth_only,0.15,0.005,0.005,0.13999999999999999,abs_005_005,1000,2000,0.728930594871659,0.757069405128341,False,0.028138810256681968,0.028138810256681968,0.728930594871659,0.757069405128341,0.0,0.0,0.028138810256681968,0.0,0.0
rep0789,0.24,0.2383467617095517,synth_only,0.15,0.005,0.005,0.13999999999999999,abs_005_005,1000,2000,0.2827808945692396,0.31221910543076037,False,0.029438210861520764,0.029438210861520764,0.2827808945692396,0.31221910543076037,0.0,0.0,0.029438210861520764,0.0,0.0
rep0790,0.39,0.38816487634462776,synth_only,0.15,0.005,0.005,0.13999999999999999,abs_005_005,1000,2000,0.4814017249861028,0.5135982750138972,False,0.032196550027794424,0.032196550027794424,0.4814017249861028,0.5135982750138972,0.0,0.0,0.032196550027794424,0.0,0.0
rep0791,0.53,0.5325261843368188,synth_only,0.15,0.005,0.005,0.13999999999999999,abs_005_005,1000,2000,0.5440178530870452,0.5759821469129549,False,0.031964293825909706,0.031964293825909706,0.5440178530870452,0.5759821469129549,0.0,0.0,0.031964293825909706,0.0,0.0
rep0792,0.35,0.34766868497572634,synth_only,0.15,0.005,0.005,0.13999999999999999,abs_005_005,1000,2000,0.176394615542418,0.201605384457582,False,0.025210768915163995,0.025210768915163995,0.176394615542418,0.201605384457582,0.0,0.0,0.025210768915163995,0.0,0.0
rep0793,0.37,0.36630566512072477,synth_only,0.15,0.005,0.005,0.13999999999999999,abs_005_005,1000,2000,0.1841942313224704,0.20980576867752962,False,0.025611537355059222,0.025611537355059222,0.1841942313224704,0.20980576867752962,0.0,0.0,0.025611537355059222,0.0,0.0
rep0794,0.59,0.586637601892118,synth_only,0.15,0.005,0.005,0.13999999999999999,abs_005_005,1000,2000,0.5912744665223973,0.6227255334776026,False,0.031451066955205276,0.031451066955205276,0.5912744665223973,0.6227255334776026,0.0,0.0,0.031451066955205276,0.0,0.0
rep0795,0.24,0.2429206298711245,synth_only,0.15,0.005,0.005,0.13999999999999999,abs_005_005,1000,2000,0.3247480211955307,0.35525197880446935,False,0.030503957608938648,0.030503957608938648,0.3247480211955307,0.35525197880446935,0.0,0.0,0.030503957608938648,0.0,0.0
rep0796,0.56,0.561300008922971,synth_only,0.15,0.005,0.005,0.13999999999999999,abs_005_005,1000,2000,0.6781491752952664,0.7078508247047335,False,0.029701649409467068,0.029701649409467068,0.6781491752952664,0.7078508247047335,0.0,0.0,0.029701649409467068,0.0,0.0
rep0797,0.51,0.5056180194657826,synth_only,0.15,0.005,0.005,0.13999999999999999,abs_005_005,1000,2000,0.6938679905277891,0.7231320094722109,False,0.029264018944421766,0.029264018944421766,0.6938679905277891,0.7231320094722109,0.0,0.0,0.029264018944421766,0.0,0.0
rep0798,0.69,0.6882904474874456,synth_only,0.15,0.005,0.005,0.13999999999999999,abs_005_005,1000,2000,0.8716130016413437,0.8923869983586563,False,0.020773996717312615,0.020773996717312615,0.8716130016413437,0.8923869983586563,0.0,0.0,0.020773996717312615,0.0,0.0
rep0799,0.51,0.5088230243845884,synth_only,0.15,0.005,0.005,0.13999999999999999,abs_005_005,1000,2000,0.6548605834631025,0.6851394165368976,False,0.030278833073795086,0.030278833073795086,0.6548605834631025,0.6851394165368976,0.0,0.0,0.030278833073795086,0.0,0.0
rep0800,0.25,0.24656049201872093,synth_only,0.15,0.005,0.005,0.13999999999999999,abs_005_005,1000,2000,0.3069562000519057,0.3370437999480943,False,0.030087599896188588,0.030087599896188588,0.3069562000519057,0.3370437999480943,0.0,0.0,0.030087599896188588,0.0,0.0
rep0801,0.23,0.23351130930800437,synth_only,0.15,0.005,0.005,0.13999999999999999,abs_005_005,1000,2000,0.502913151052713,0.5350868489472871,False,0.03217369789457414,0.03217369789457414,0.502913151052713,0.5350868489472871,0.0,0.0,0.03217369789457414,0.0,0.0
rep0802,0.62,0.6217755239909735,synth_only,0.15,0.005,0.005,0.13999999999999999,abs_005_005,1000,2000,0.7579815831473748,0.7850184168526251,False,0.02703683370525023,0.02703683370525023,0.7579815831473748,0.7850184168526251,0.0,0.0,0.02703683370525023,0.0,0.0
rep0803,0.22,0.21751791059021222,synth_only,0.15,0.005,0.005,0.13999999999999999,abs_005_005,1000,2000,0.262591333149337,0.291408666850663,False,0.028817333701325998,0.028817333701325998,0.262591333149337,0.291408666850663,0.0,0.0,0.028817333701325998,0.0,0.0
rep0804,0.77,0.7675171046933926,synth_only,0.15,0.005,0.005,0.13999999999999999,abs_005_005,1000,2000,0.684231492685067,0.7137685073149329,False,0.02953701462986591,0.02953701462986591,0.684231492685067,0.7137685073149329,0.0,0.0,0.02953701462986591,0.0,0.0
rep0805,0.29,0.29343339200596075,synth_only,0.15,0.005,0.005,0.13999999999999999,abs_005_005,1000,2000,0.22379855102323806,0.2512014489767619,False,0.027402897953523825,0.027402897953523825,0.22379855102323806,0.2512014489767619,0.0,0.0,0.027402897953523825,0.0,0.0
rep0806,0.21,0.207044071143073,synth_only,0.15,0.005,0.005,0.13999999999999999,abs_005_005,1000,2000,0.2901762839051441,0.3198237160948559,False,0.029647432189711775,0.029647432189711775,0.2901762839051441,0.3198237160948559,0.0,0.0,0.029647432189711775,0.0,0.0
rep0807,0.54,0.5448211469415667,synth_only,0.15,0.005,0.005,0.13999999999999999,abs_005_005,1000,2000,0.5983255393944709,0.6296744606055291,False,0.031348921211058256,0.031348921211058256,0.5983255393944709,0.6296744606055291,0.0,0.0,0.031348921211058256,0.0,0.0
rep0808,0.24,0.23795078312197512,synth_only,0.15,0.005,0.005,0.13999999999999999,abs_005_005,1000,2000,0.20959775021986338,0.23640224978013663,False,0.026804499560273254,0.026804499560273254,0.20959775021986338,0.23640224978013663,0.0,0.0,0.026804499560273254,0.0,0.0
rep0809,0.33,0.33023207761568657,synth_only,0.15,0.005,0.005,0.13999999999999999,abs_005_005,1000,2000,0.3465268266384824,0.3774731733615176,False,0.0309463467230352,0.0309463467230352,0.3465268266384824,0.3774731733615176,0.0,0.0,0.0309463467230352,0.0,0.0
rep0810,0.62,0.6200866198870967,synth_only,0.15,0.005,0.005,0.13999999999999999,abs_005_005,1000,2000,0.6670058961628715,0.6969941038371286,False,0.029988207674257028,0.029988207674257028,0.6670058961628715,0.6969941038371286,0.0,0.0,0.029988207674257028,0.0,0.0
rep0811,0.73,0.7253801847373942,synth_only,0.15,0.005,0.005,0.13999999999999999,abs_005_005,1000,2000,0.7121480391362698,0.7408519608637303,True,0.028703921727460502,0.028703921727460502,0.7121480391362698,0.7408519608637303,0.0,0.0,0.028703921727460502,0.0,0.0
rep0812,0.62,0.6224385819220218,synth_only,0.15,0.005,0.005,0.13999999999999999,abs_005_005,1000,2000,0.6396945901277393,0.6703054098722607,False,0.0306108197445214,0.0306108197445214,0.6396945901277393,0.6703054098722607,0.0,0.0,0.0306108197445214,0.0,0.0
rep0813,0.64,0.6422593872188701,synth_only,0.15,0.005,0.005,0.13999999999999999,abs_005_005,1000,2000,0.5983255393944709,0.6296744606055291,False,0.031348921211058256,0.031348921211058256,0.5983255393944709,0.6296744606055291,0.0,0.0,0.031348921211058256,0.0,0.0
rep0814,0.56,0.5588847312315257,synth_only,0.15,0.005,0.005,0.13999999999999999,abs_005_005,1000,2000,0.6200039392412299,0.65099606075877,False,0.03099212151754016,0.03099212151754016,0.6200039392412299,0.65099606075877,0.0,0.0,0.03099212151754016,0.0,0.0
rep0815,0.49,0.4850539827643685,synth_only,0.15,0.005,0.005,0.13999999999999999,abs_005_005,1000,2000,0.5064178317211834,0.5385821682788166,False,0.03216433655763318,0.03216433655763318,0.5064178317211834,0.5385821682788166,0.0,0.0,0.03216433655763318,0.0,0.0
rep0816,0.27,0.2678401057425488,synth_only,0.15,0.005,0.005,0.13999999999999999,abs_005_005,1000,2000,0.22281846392211666,0.2501815360778833,False,0.027363072155766638,0.027363072155766638,0.22281846392211666,0.2501815360778833,0.0,0.0,0.027363072155766638,0.0,0.0
rep0817,0.51,0.5139026739428948,synth_only,0.15,0.005,0.005,0.13999999999999999,abs_005_005,1000,2000,0.6321179501734905,0.6628820498265094,False,0.03076409965301896,0.03076409965301896,0.6321179501734905,0.6628820498265094,0.0,0.0,0.03076409965301896,0.0,0.0
rep0818,0.02,0.01784520507933445,synth_only,0.15,0.005,0.005,0.13999999999999999,abs_005_005,1000,2000,0.0999259033603975,0.1200740966396025,False,0.020148193279205,0.020148193279205,0.0999259033603975,0.1200740966396025,0.0,0.0,0.020148193279205,0.0,0.0
rep0819,0.59,0.5855831225425897,synth_only,0.15,0.005,0.005,0.13999999999999999,abs_005_005,1000,2000,0.8107114308532246,0.8352885691467753,False,0.024577138293550682,0.024577138293550682,0.8107114308532246,0.8352885691467753,0.0,0.0,0.024577138293550682,0.0,0.0
rep0820,0.31,0.31459734189247923,synth_only,0.15,0.005,0.005,0.13999999999999999,abs_005_005,1000,2000,0.09129813338388844,0.11070186661611157,False,0.019403733232223136,0.019403733232223136,0.09129813338388844,0.11070186661611157,0.0,0.0,0.019403733232223136,0.0,0.0
rep0821,0.28,0.2810728255765275,synth_only,0.15,0.005,0.005,0.13999999999999999,abs_005_005,1000,2000,0.38869789611198824,0.4203021038880118,False,0.031604207776023574,0.031604207776023574,0.38869789611198824,0.4203021038880118,0.0,0.0,0.031604207776023574,0.0,0.0
rep0822,0.72,0.7209132512090639,synth_only,0.15,0.005,0.005,0.13999999999999999,abs_005_005,1000,2000,0.9419167436269824,0.9560832563730175,False,0.014166512746035087,0.014166512746035087,0.9419167436269824,0.9560832563730175,0.0,0.0,0.014166512746035087,0.0,0.0
rep0823,0.56,0.5553223135054838,synth_only,0.15,0.005,0.005,0.13999999999999999,abs_005_005,1000,2000,0.6326229296434207,0.6633770703565793,False,0.03075414071315863,0.03075414071315863,0.6326229296434207,0.6633770703565793,0.0,0.0,0.03075414071315863,0.0,0.0
rep0824,0.34,0.3410288734497897,synth_only,0.15,0.005,0.005,0.13999999999999999,abs_005_005,1000,2000,0.3936674207415589,0.42533257925844103,False,0.03166515851688212,0.03166515851688212,0.3936674207415589,0.42533257925844103,0.0,0.0,0.03166515851688212,0.0,0.0
rep0825,0.67,0.6673711637162791,synth_only,0.15,0.005,0.005,0.13999999999999999,abs_005_005,1000,2000,0.6401998486146137,0.6708001513853863,True,0.030600302770772636,0.030600302770772636,0.6401998486146137,0.6708001513853863,0.0,0.0,0.030600302770772636,0.0,0.0
rep0826,0.62,0.6172719856442066,synth_only,0.15,0.005,0.005,0.13999999999999999,abs_005_005,1000,2000,0.5721528182868952,0.6038471817131047,False,0.03169436342620946,0.03169436342620946,0.5721528182868952,0.6038471817131047,0.0,0.0,0.03169436342620946,0.0,0.0
rep0827,0.81,0.8131918762099404,synth_only,0.15,0.005,0.005,0.13999999999999999,abs_005_005,1000,2000,0.924422237622609,0.940577762377391,False,0.01615552475478199,0.01615552475478199,0.924422237622609,0.940577762377391,0.0,0.0,0.01615552475478199,0.0,0.0
rep0828,0.37,0.3652481836526102,synth_only,0.15,0.005,0.005,0.13999999999999999,abs_005_005,1000,2000,0.34405016729330734,0.37494983270669263,True,0.03089966541338529,0.03089966541338529,0.34405016729330734,0.37494983270669263,0.0,0.0,0.03089966541338529,0.0,0.0
rep0829,0.70,0.7003248799003606,synth_only,0.15,0.005,0.005,0.13999999999999999,abs_005_005,1000,2000,0.7406429706425971,0.7683570293574028,False,0.0277140587148057,0.0277140587148057,0.7406429706425971,0.7683570293574028,0.0,0.0,0.0277140587148057,0.0,0.0
rep0830,0.49,0.49109549559105764,synth_only,0.15,0.005,0.005,0.13999999999999999,abs_005_005,1000,2000,0.4659119589485987,0.49808804105140125,True,0.03217608210280254,0.03217608210280254,0.4659119589485987,0.49808804105140125,0.0,0.0,0.03217608210280254,0.0,0.0
rep0831,0.50,0.4977091255401117,synth_only,0.15,0.005,0.005,0.13999999999999999,abs_005_005,1000,2000,0.4679097682848705,0.5000902317151295,True,0.03218046343025893,0.03218046343025893,0.4679097682848705,0.5000902317151295,0.0,0.0,0.03218046343025893,0.0,0.0
rep0832,0.64,0.6383972746834774,synth_only,0.15,0.005,0.005,0.13999999999999999,abs_005_005,1000,2000,0.6766290592532479,0.7063709407467521,False,0.029741881493504208,0.029741881493504208,0.6766290592532479,0.7063709407467521,0.0,0.0,0.029741881493504208,0.0,0.0
rep0833,0.29,0.28572994509888355,synth_only,0.15,0.005,0.005,0.13999999999999999,abs_005_005,1000,2000,0.42102982472220163,0.45297017527779837,False,0.03194035055559674,0.03194035055559674,0.42102982472220163,0.45297017527779837,0.0,0.0,0.03194035055559674,0.0,0.0
rep0834,0.09,0.08546723092106184,synth_only,0.15,0.005,0.005,0.13999999999999999,abs_005_005,1000,2000,0.14577156674686823,0.16922843325313178,False,0.023456866506263552,0.023456866506263552,0.14577156674686823,0.16922843325313178,0.0,0.0,0.023456866506263552,0.0,0.0
rep0835,0.45,0.44887993716439767,synth_only,0.15,0.005,0.005,0.13999999999999999,abs_005_005,1000,2000,0.45742414996420977,0.4895758500357902,False,0.032151700071580414,0.032151700071580414,0.45742414996420977,0.4895758500357902,0.0,0.0,0.032151700071580414,0.0,0.0
rep0836,0.89,0.8878425886851584,synth_only,0.15,0.005,0.005,0.13999999999999999,abs_005_005,1000,2000,0.9451173789302169,0.9588826210697831,False,0.013765242139566203,0.013765242139566203,0.9451173789302169,0.9588826210697831,0.0,0.0,0.013765242139566203,0.0,0.0
rep0837,0.64,0.6430680121422878,synth_only,0.15,0.005,0.005,0.13999999999999999,abs_005_005,1000,2000,0.7167225846066534,0.7452774153933466,False,0.028554830786693186,0.028554830786693186,0.7167225846066534,0.7452774153933466,0.0,0.0,0.028554830786693186,0.0,0.0
rep0838,0.76,0.7585345229463266,synth_only,0.15,0.005,0.005,0.13999999999999999,abs_005_005,1000,2000,0.7182478470487041,0.7467521529512959,False,0.028504305902591787,0.028504305902591787,0.7182478470487041,0.7467521529512959,0.0,0.0,0.028504305902591787,0.0,0.0
rep0839,0.30,0.299955317096841,synth_only,0.15,0.005,0.005,0.13999999999999999,abs_005_005,1000,2000,0.21547118690281855,0.24252881309718147,False,0.027057626194362916,0.027057626194362916,0.21547118690281855,0.24252881309718147,0.0,0.0,0.027057626194362916,0.0,0.0
rep0840,0.48,0.4762535562840754,synth_only,0.15,0.005,0.005,0.13999999999999999,abs_005_005,1000,2000,0.660931826233643,0.6910681737663571,False,0.030136347532714103,0.030136347532714103,0.660931826233643,0.6910681737663571,0.0,0.0,0.030136347532714103,0.0,0.0
rep0841,0.29,0.29348760442428756,synth_only,0.15,0.005,0.005,0.13999999999999999,abs_005_005,1000,2000,0.3683407580276253,0.39965924197237473,False,0.03131848394474945,0.03131848394474945,0.3683407580276253,0.39965924197237473,0.0,0.0,0.03131848394474945,0.0,0.0
rep0842,0.26,0.2600372661782315,synth_only,0.15,0.005,0.005,0.13999999999999999,abs_005_005,1000,2000,0.23017164316845537,0.2578283568315446,False,0.027656713663089222,0.027656713663089222,0.23017164316845537,0.2578283568315446,0.0,0.0,0.027656713663089222,0.0,0.0
rep0843,0.90,0.9032932434984263,synth_only,0.15,0.005,0.005,0.13999999999999999,abs_005_005,1000,2000,1.0,1.0,False,0.0,0.0,1.0,1.0,0.0,0.0,0.0,0.0,0.0
rep0844,0.27,0.26798360751529504,synth_only,0.15,0.005,0.005,0.13999999999999999,abs_005_005,1000,2000,0.17395897702461652,0.19904102297538348,False,0.025082045950766962,0.025082045950766962,0.17395897702461652,0.19904102297538348,0.0,0.0,0.025082045950766962,0.0,0.0
rep0845,0.50,0.503308802837567,synth_only,0.15,0.005,0.005,0.13999999999999999,abs_005_005,1000,2000,0.504415060214267,0.536584939785733,False,0.032169879571466,0.032169879571466,0.504415060214267,0.536584939785733,0.0,0.0,0.032169879571466,0.0,0.0
rep0846,0.61,0.6108272963044864,synth_only,0.15,0.005,0.005,0.13999999999999999,abs_005_005,1000,2000,0.5615960823718069,0.5934039176281931,False,0.0318078352563862,0.0318078352563862,0.5615960823718069,0.5934039176281931,0.0,0.0,0.0318078352563862,0.0,0.0
rep0847,0.31,0.3050700060207112,synth_only,0.15,0.005,0.005,0.13999999999999999,abs_005_005,1000,2000,0.3589168828783701,0.3900831171216299,False,0.031166234243259816,0.031166234243259816,0.3589168828783701,0.3900831171216299,0.0,0.0,0.031166234243259816,0.0,0.0
rep0848,0.38,0.38080926678722893,synth_only,0.15,0.005,0.005,0.13999999999999999,abs_005_005,1000,2000,0.4904028841326132,0.5225971158673867,False,0.03219423173477348,0.03219423173477348,0.4904028841326132,0.5225971158673867,0.0,0.0,0.03219423173477348,0.0,0.0
rep0849,0.61,0.6147374912980764,synth_only,0.15,0.005,0.005,0.13999999999999999,abs_005_005,1000,2000,0.7304575602218363,0.7585424397781638,False,0.028084879556327547,0.028084879556327547,0.7304575602218363,0.7585424397781638,0.0,0.0,0.028084879556327547,0.0,0.0
rep0850,0.51,0.5064586149038528,synth_only,0.15,0.005,0.005,0.13999999999999999,abs_005_005,1000,2000,0.5822137714803833,0.6137862285196166,False,0.03157245703923328,0.03157245703923328,0.5822137714803833,0.6137862285196166,0.0,0.0,0.03157245703923328,0.0,0.0
rep0851,0.81,0.8104603233100676,synth_only,0.15,0.005,0.005,0.13999999999999999,abs_005_005,1000,2000,0.9233669867069204,0.9396330132930796,False,0.016266026586159166,0.016266026586159166,0.9233669867069204,0.9396330132930796,0.0,0.0,0.016266026586159166,0.0,0.0
rep0852,0.29,0.2903692516157944,synth_only,0.15,0.005,0.005,0.13999999999999999,abs_005_005,1000,2000,0.34949941597530426,0.3805005840246957,False,0.03100116804939146,0.03100116804939146,0.34949941597530426,0.3805005840246957,0.0,0.0,0.03100116804939146,0.0,0.0
rep0853,0.43,0.4308078281296323,synth_only,0.15,0.005,0.005,0.13999999999999999,abs_005_005,1000,2000,0.5304712928001498,0.5625287071998502,False,0.032057414399700335,0.032057414399700335,0.5304712928001498,0.5625287071998502,0.0,0.0,0.032057414399700335,0.0,0.0
rep0854,0.69,0.6936935450233443,synth_only,0.15,0.005,0.005,0.13999999999999999,abs_005_005,1000,2000,0.7625763804001006,0.7894236195998995,False,0.026847239199798922,0.026847239199798922,0.7625763804001006,0.7894236195998995,0.0,0.0,0.026847239199798922,0.0,0.0
rep0855,0.22,0.21512527880424012,synth_only,0.15,0.005,0.005,0.13999999999999999,abs_005_005,1000,2000,0.30300589616287155,0.33299410383712846,False,0.029988207674256917,0.029988207674256917,0.30300589616287155,0.33299410383712846,0.0,0.0,0.029988207674256917,0.0,0.0
rep0856,0.60,0.5951423315513312,synth_only,0.15,0.005,0.005,0.13999999999999999,abs_005_005,1000,2000,0.5354871458177771,0.5675128541822229,False,0.03202570836444574,0.03202570836444574,0.5354871458177771,0.5675128541822229,0.0,0.0,0.03202570836444574,0.0,0.0
rep0857,0.66,0.6551063440972089,synth_only,0.15,0.005,0.005,0.13999999999999999,abs_005_005,1000,2000,0.775863051540764,0.8021369484592361,False,0.02627389691847215,0.02627389691847215,0.775863051540764,0.8021369484592361,0.0,0.0,0.02627389691847215,0.0,0.0
rep0858,0.71,0.7119962362250923,synth_only,0.15,0.005,0.005,0.13999999999999999,abs_005_005,1000,2000,0.7989074203613267,0.8240925796386733,False,0.025185159277346658,0.025185159277346658,0.7989074203613267,0.8240925796386733,0.0,0.0,0.025185159277346658,0.0,0.0
rep0859,0.42,0.41695032965931245,synth_only,0.15,0.005,0.005,0.13999999999999999,abs_005_005,1000,2000,0.460419314351195,0.492580685648805,False,0.032161371297609986,0.032161371297609986,0.460419314351195,0.492580685648805,0.0,0.0,0.032161371297609986,0.0,0.0
rep0860,0.31,0.3112715807723814,synth_only,0.15,0.005,0.005,0.13999999999999999,abs_005_005,1000,2000,0.31832031488291024,0.3486796851170898,False,0.03035937023417956,0.03035937023417956,0.31832031488291024,0.3486796851170898,0.0,0.0,0.03035937023417956,0.0,0.0
rep0861,0.57,0.5718038311434078,synth_only,0.15,0.005,0.005,0.13999999999999999,abs_005_005,1000,2000,0.5560693071008316,0.5879306928991683,True,0.03186138579833675,0.03186138579833675,0.5560693071008316,0.5879306928991683,0.0,0.0,0.03186138579833675,0.0,0.0
rep0862,0.59,0.593903704021643,synth_only,0.15,0.005,0.005,0.13999999999999999,abs_005_005,1000,2000,0.5369922204802368,0.5690077795197633,False,0.032015559039526575,0.032015559039526575,0.5369922204802368,0.5690077795197633,0.0,0.0,0.032015559039526575,0.0,0.0
rep0863,0.22,0.2211255706079462,synth_only,0.15,0.005,0.005,0.13999999999999999,abs_005_005,1000,2000,0.20519530330052496,0.23180469669947504,True,0.026609393398950076,0.026609393398950076,0.20519530330052496,0.23180469669947504,0.0,0.0,0.026609393398950076,0.0,0.0
rep0864,0.48,0.48313814068410765,synth_only,0.15,0.005,0.005,0.13999999999999999,abs_005_005,1000,2000,0.5812073701871802,0.6127926298128198,False,0.03158525962563963,0.03158525962563963,0.5812073701871802,0.6127926298128198,0.0,0.0,0.03158525962563963,0.0,0.0
rep0865,0.14,0.13825585557614326,synth_only,0.15,0.005,0.005,0.13999999999999999,abs_005_005,1000,2000,0.20177277244203706,0.22822722755796293,False,0.026454455115925868,0.026454455115925868,0.20177277244203706,0.22822722755796293,0.0,0.0,0.026454455115925868,0.0,0.0
rep0866,0.60,0.599708094715837,synth_only,0.15,0.005,0.005,0.13999999999999999,abs_005_005,1000,2000,0.6331279275855438,0.6638720724144561,False,0.0307441448289123,0.0307441448289123,0.6331279275855438,0.6638720724144561,0.0,0.0,0.0307441448289123,0.0,0.0
rep0867,0.34,0.34366307116519274,synth_only,0.15,0.005,0.005,0.13999999999999999,abs_005_005,1000,2000,0.5259584197202433,0.5580415802797568,False,0.032083160559513546,0.032083160559513546,0.5259584197202433,0.5580415802797568,0.0,0.0,0.032083160559513546,0.0,0.0
rep0868,0.13,0.1278779285132063,synth_only,0.15,0.005,0.005,0.13999999999999999,abs_005_005,1000,2000,0.001598538920115334,0.005401461079884666,False,0.0038029221597693326,0.0038029221597693326,0.001598538920115334,0.005401461079884666,0.0,0.0,0.0038029221597693326,0.0,0.0
rep0869,0.54,0.5392567295241685,synth_only,0.15,0.005,0.005,0.13999999999999999,abs_005_005,1000,2000,0.608404439633351,0.639595560366649,False,0.031191120733297995,0.031191120733297995,0.608404439633351,0.639595560366649,0.0,0.0,0.031191120733297995,0.0,0.0
rep0870,0.36,0.36163439556497956,synth_only,0.15,0.005,0.005,0.13999999999999999,abs_005_005,1000,2000,0.35792526709694544,0.38907473290305455,True,0.03114946580610911,0.03114946580610911,0.35792526709694544,0.38907473290305455,0.0,0.0,0.03114946580610911,0.0,0.0
rep0871,0.42,0.4197272877722369,synth_only,0.15,0.005,0.005,0.13999999999999999,abs_005_005,1000,2000,0.45442956757821207,0.4865704324217879,False,0.03214086484357581,0.03214086484357581,0.45442956757821207,0.4865704324217879,0.0,0.0,0.03214086484357581,0.0,0.0
rep0872,0.57,0.5674604779482287,synth_only,0.15,0.005,0.005,0.13999999999999999,abs_005_005,1000,2000,0.5842267790242879,0.6157732209757121,False,0.0315464419514242,0.0315464419514242,0.5842267790242879,0.6157732209757121,0.0,0.0,0.0315464419514242,0.0,0.0
rep0873,0.78,0.7806965032742744,synth_only,0.15,0.005,0.005,0.13999999999999999,abs_005_005,1000,2000,0.8981715615577365,0.9168284384422635,False,0.018656876884526996,0.018656876884526996,0.8981715615577365,0.9168284384422635,0.0,0.0,0.018656876884526996,0.0,0.0
rep0874,0.43,0.4292313502895028,synth_only,0.15,0.005,0.005,0.13999999999999999,abs_005_005,1000,2000,0.5450217777567857,0.5769782222432144,False,0.03195644448642865,0.03195644448642865,0.5450217777567857,0.5769782222432144,0.0,0.0,0.03195644448642865,0.0,0.0
rep0875,0.56,0.5603388085034261,synth_only,0.15,0.005,0.005,0.13999999999999999,abs_005_005,1000,2000,0.5822137714803833,0.6137862285196166,False,0.03157245703923328,0.03157245703923328,0.5822137714803833,0.6137862285196166,0.0,0.0,0.03157245703923328,0.0,0.0
rep0876,0.22,0.2221392497222348,synth_only,0.15,0.005,0.005,0.13999999999999999,abs_005_005,1000,2000,0.2763753871226586,0.3056246128773414,False,0.029249225754682806,0.029249225754682806,0.2763753871226586,0.3056246128773414,0.0,0.0,0.029249225754682806,0.0,0.0
rep0877,0.85,0.8503103181093458,synth_only,0.15,0.005,0.005,0.13999999999999999,abs_005_005,1000,2000,0.7554298725478263,0.7825701274521737,False,0.02714025490434735,0.02714025490434735,0.7554298725478263,0.7825701274521737,0.0,0.0,0.02714025490434735,0.0,0.0
rep0878,0.72,0.7164404563613495,synth_only,0.15,0.005,0.005,0.13999999999999999,abs_005_005,1000,2000,0.704020040318313,0.732979959681687,True,0.028959919363374054,0.028959919363374054,0.704020040318313,0.732979959681687,0.0,0.0,0.028959919363374054,0.0,0.0
rep0879,0.08,0.07576739051193988,synth_only,0.15,0.005,0.005,0.13999999999999999,abs_005_005,1000,2000,0.20715166420289471,0.2338483357971053,False,0.026696671594210575,0.026696671594210575,0.20715166420289471,0.2338483357971053,0.0,0.0,0.026696671594210575,0.0,0.0
rep0880,0.90,0.8982166533697417,synth_only,0.15,0.005,0.005,0.13999999999999999,abs_005_005,1000,2000,0.9123152338781819,0.9296847661218182,False,0.017369532243636243,0.017369532243636243,0.9123152338781819,0.9296847661218182,0.0,0.0,0.017369532243636243,0.0,0.0
rep0881,0.64,0.6350075468335434,synth_only,0.15,0.005,0.005,0.13999999999999999,abs_005_005,1000,2000,0.8292263444258957,0.8527736555741042,False,0.023547311148208516,0.023547311148208516,0.8292263444258957,0.8527736555741042,0.0,0.0,0.023547311148208516,0.0,0.0
rep0882,0.62,0.6194045418639186,synth_only,0.15,0.005,0.005,0.13999999999999999,abs_005_005,1000,2000,0.6710568674542817,0.7009431325457184,False,0.02988626509143666,0.02988626509143666,0.6710568674542817,0.7009431325457184,0.0,0.0,0.02988626509143666,0.0,0.0
rep0883,0.48,0.4834139338653431,synth_only,0.15,0.005,0.005,0.13999999999999999,abs_005_005,1000,2000,0.505416413681235,0.5375835863187649,False,0.032167172637529884,0.032167172637529884,0.505416413681235,0.5375835863187649,0.0,0.0,0.032167172637529884,0.0,0.0
rep0884,0.57,0.5727074213945059,synth_only,0.15,0.005,0.005,0.13999999999999999,abs_005_005,1000,2000,0.5570740255273376,0.5889259744726623,True,0.031851948945324615,0.031851948945324615,0.5570740255273376,0.5889259744726623,0.0,0.0,0.031851948945324615,0.0,0.0
rep0885,0.56,0.5645856504075222,synth_only,0.15,0.005,0.005,0.13999999999999999,abs_005_005,1000,2000,0.6928532616260555,0.7221467383739445,False,0.029293476747888958,0.029293476747888958,0.6928532616260555,0.7221467383739445,0.0,0.0,0.029293476747888958,0.0,0.0
rep0886,0.69,0.6931027460584248,synth_only,0.15,0.005,0.005,0.13999999999999999,abs_005_005,1000,2000,0.6563781313219279,0.6866218686780721,False,0.030243737356144162,0.030243737356144162,0.6563781313219279,0.6866218686780721,0.0,0.0,0.030243737356144162,0.0,0.0
rep0887,0.05,0.049205140687383575,synth_only,0.15,0.005,0.005,0.13999999999999999,abs_005_005,1000,2000,0.10568973343322023,0.12631026656677977,False,0.020620533133559535,0.020620533133559535,0.10568973343322023,0.12631026656677977,0.0,0.0,0.020620533133559535,0.0,0.0
rep0888,0.80,0.8033900827235515,synth_only,0.15,0.005,0.005,0.13999999999999999,abs_005_005,1000,2000,0.9334136026768716,0.9485863973231283,False,0.01517279464625676,0.01517279464625676,0.9334136026768716,0.9485863973231283,0.0,0.0,0.01517279464625676,0.0,0.0
rep0889,0.78,0.784505898456157,synth_only,0.15,0.005,0.005,0.13999999999999999,abs_005_005,1000,2000,0.7035122299893437,0.7324877700106562,False,0.02897554002131253,0.02897554002131253,0.7035122299893437,0.7324877700106562,0.0,0.0,0.02897554002131253,0.0,0.0
rep0890,0.67,0.6746884477761247,synth_only,0.15,0.005,0.005,0.13999999999999999,abs_005_005,1000,2000,0.5560693071008316,0.5879306928991683,False,0.03186138579833675,0.03186138579833675,0.5560693071008316,0.5879306928991683,0.0,0.0,0.03186138579833675,0.0,0.0
rep0891,0.37,0.36852113494770344,synth_only,0.15,0.005,0.005,0.13999999999999999,abs_005_005,1000,2000,0.3509859543194923,0.3820140456805077,True,0.031028091361015364,0.031028091361015364,0.3509859543194923,0.3820140456805077,0.0,0.0,0.031028091361015364,0.0,0.0
rep0892,0.61,0.6115842575713748,synth_only,0.15,0.005,0.005,0.13999999999999999,abs_005_005,1000,2000,0.8014719510580217,0.8265280489419782,False,0.025056097883956463,0.025056097883956463,0.8014719510580217,0.8265280489419782,0.0,0.0,0.025056097883956463,0.0,0.0
rep0893,0.39,0.39275393687404453,synth_only,0.15,0.005,0.005,0.13999999999999999,abs_005_005,1000,2000,0.49940926093103183,0.531590739068968,False,0.032181478137936204,0.032181478137936204,0.49940926093103183,0.531590739068968,0.0,0.0,0.032181478137936204,0.0,0.0
rep0894,0.20,0.19510863323616778,synth_only,0.15,0.005,0.005,0.13999999999999999,abs_005_005,1000,2000,0.21987883390130408,0.24712116609869594,False,0.02724233219739186,0.02724233219739186,0.21987883390130408,0.24712116609869594,0.0,0.0,0.02724233219739186,0.0,0.0
rep0895,0.82,0.8242368779695044,synth_only,0.15,0.005,0.005,0.13999999999999999,abs_005_005,1000,2000,0.7279127386308043,0.7560872613691957,False,0.028174522738391383,0.028174522738391383,0.7279127386308043,0.7560872613691957,0.0,0.0,0.028174522738391383,0.0,0.0
rep0896,0.76,0.7582292136960516,synth_only,0.15,0.005,0.005,0.13999999999999999,abs_005_005,1000,2000,0.6548605834631025,0.6851394165368976,False,0.030278833073795086,0.030278833073795086,0.6548605834631025,0.6851394165368976,0.0,0.0,0.030278833073795086,0.0,0.0
rep0897,0.48,0.4770049671272524,synth_only,0.15,0.005,0.005,0.13999999999999999,abs_005_005,1000,2000,0.5395010057961063,0.5714989942038937,False,0.03199798840778745,0.03199798840778745,0.5395010057961063,0.5714989942038937,0.0,0.0,0.03199798840778745,0.0,0.0
rep0898,0.57,0.5660254562409672,synth_only,0.15,0.005,0.005,0.13999999999999999,abs_005_005,1000,2000,0.7467590381186364,0.7742409618813635,False,0.027481923762727067,0.027481923762727067,0.7467590381186364,0.7742409618813635,0.0,0.0,0.027481923762727067,0.0,0.0
rep0899,0.19,0.1925111327199006,synth_only,0.15,0.005,0.005,0.13999999999999999,abs_005_005,1000,2000,0.24882489172299654,0.2771751082770035,False,0.028350216554006935,0.028350216554006935,0.24882489172299654,0.2771751082770035,0.0,0.0,0.028350216554006935,0.0,0.0
rep0900,0.49,0.4888817860759957,synth_only,0.15,0.005,0.005,0.13999999999999999,abs_005_005,1000,2000,0.6235361083954625,0.6544638916045376,False,0.030927783209075077,0.030927783209075077,0.6235361083954625,0.6544638916045376,0.0,0.0,0.030927783209075077,0.0,0.0
rep0901,0.17,0.16546622940684158,synth_only,0.15,0.005,0.005,0.13999999999999999,abs_005_005,1000,2000,0.0,0.0,False,0.0,0.0,0.0,0.0,0.0,0.0,0.0,0.0,0.0
rep0902,0.48,0.4847437166697385,synth_only,0.15,0.005,0.005,0.13999999999999999,abs_005_005,1000,2000,0.6675121975741874,0.6974878024258125,False,0.029975604851625093,0.029975604851625093,0.6675121975741874,0.6974878024258125,0.0,0.0,0.029975604851625093,0.0,0.0
rep0903,0.48,0.47642673676275166,synth_only,0.15,0.005,0.005,0.13999999999999999,abs_005_005,1000,2000,0.4939047437711752,0.5260952562288248,False,0.03219051245764959,0.03219051245764959,0.4939047437711752,0.5260952562288248,0.0,0.0,0.03219051245764959,0.0,0.0
rep0904,0.57,0.5696815665570198,synth_only,0.15,0.005,0.005,0.13999999999999999,abs_005_005,1000,2000,0.5615960823718069,0.5934039176281931,True,0.0318078352563862,0.0318078352563862,0.5615960823718069,0.5934039176281931,0.0,0.0,0.0318078352563862,0.0,0.0
rep0905,0.66,0.6633540310767755,synth_only,0.15,0.005,0.005,0.13999999999999999,abs_005_005,1000,2000,0.6735893778611297,0.7034106221388703,False,0.029821244277740577,0.029821244277740577,0.6735893778611297,0.7034106221388703,0.0,0.0,0.029821244277740577,0.0,0.0
rep0906,0.21,0.20778147997799512,synth_only,0.15,0.005,0.005,0.13999999999999999,abs_005_005,1000,2000,0.11338847839955289,0.13461152160044712,False,0.02122304320089423,0.02122304320089423,0.11338847839955289,0.13461152160044712,0.0,0.0,0.02122304320089423,0.0,0.0
rep0907,0.61,0.6108360185194849,synth_only,0.15,0.005,0.005,0.13999999999999999,abs_005_005,1000,2000,0.6275739632631344,0.6584260367368656,False,0.0308520734737312,0.0308520734737312,0.6275739632631344,0.6584260367368656,0.0,0.0,0.0308520734737312,0.0,0.0
rep0908,0.12,0.12191918547230092,synth_only,0.15,0.005,0.005,0.13999999999999999,abs_005_005,1000,2000,0.0,0.0,False,0.0,0.0,0.0,0.0,0.0,0.0,0.0,0.0,0.0
rep0909,0.59,0.5887956842779712,synth_only,0.15,0.005,0.005,0.13999999999999999,abs_005_005,1000,2000,0.6023562565261865,0.6336437434738135,False,0.03128748694762695,0.03128748694762695,0.6023562565261865,0.6336437434738135,0.0,0.0,0.03128748694762695,0.0,0.0
rep0910,0.71,0.705233842939327,synth_only,0.15,0.005,0.005,0.13999999999999999,abs_005_005,1000,2000,0.7779088996615688,0.8040911003384312,False,0.02618220067686239,0.02618220067686239,0.7779088996615688,0.8040911003384312,0.0,0.0,0.02618220067686239,0.0,0.0
rep0911,0.41,0.41052858864821595,synth_only,0.15,0.005,0.005,0.13999999999999999,abs_005_005,1000,2000,0.4160510973183892,0.4479489026816108,False,0.03189780536322162,0.03189780536322162,0.4160510973183892,0.4479489026816108,0.0,0.0,0.03189780536322162,0.0,0.0
rep0912,0.40,0.3985697612219814,synth_only,0.15,0.005,0.005,0.13999999999999999,abs_005_005,1000,2000,0.360404439633351,0.391595560366649,False,0.031191120733297995,0.031191120733297995,0.360404439633351,0.391595560366649,0.0,0.0,0.031191120733297995,0.0,0.0
rep0913,0.31,0.3099407247072056,synth_only,0.15,0.005,0.005,0.13999999999999999,abs_005_005,1000,2000,0.31683745719700873,0.3471625428029913,False,0.03032508560598257,0.03032508560598257,0.31683745719700873,0.3471625428029913,0.0,0.0,0.03032508560598257,0.0,0.0
rep0914,0.53,0.5328259823253244,synth_only,0.15,0.005,0.005,0.13999999999999999,abs_005_005,1000,2000,0.5791947721432216,0.6108052278567784,False,0.031610455713556807,0.031610455713556807,0.5791947721432216,0.6108052278567784,0.0,0.0,0.031610455713556807,0.0,0.0
rep0915,0.54,0.5361074221794188,synth_only,0.15,0.005,0.005,0.13999999999999999,abs_005_005,1000,2000,0.5832202410647421,0.6147797589352578,False,0.031559517870515696,0.031559517870515696,0.5832202410647421,0.6147797589352578,0.0,0.0,0.031559517870515696,0.0,0.0
rep0916,0.77,0.7667858068857146,synth_only,0.15,0.005,0.005,0.13999999999999999,abs_005_005,1000,2000,0.897126441882432,0.915873558117568,False,0.01874711623513603,0.01874711623513603,0.897126441882432,0.915873558117568,0.0,0.0,0.01874711623513603,0.0,0.0
rep0917,0.16,0.15603266640807414,synth_only,0.15,0.005,0.005,0.13999999999999999,abs_005_005,1000,2000,0.10809396936126893,0.12890603063873107,False,0.020812061277462143,0.020812061277462143,0.10809396936126893,0.12890603063873107,0.0,0.0,0.020812061277462143,0.0,0.0
rep0918,0.10,0.10229831623511373,synth_only,0.15,0.005,0.005,0.13999999999999999,abs_005_005,1000,2000,0.08986241623538924,0.10913758376461077,True,0.019275167529221537,0.019275167529221537,0.08986241623538924,0.10913758376461077,0.0,0.0,0.019275167529221537,0.0,0.0
rep0919,0.79,0.7880486889494721,synth_only,0.15,0.005,0.005,0.13999999999999999,abs_005_005,1000,2000,1.0,1.0,False,0.0,0.0,1.0,1.0,0.0,0.0,0.0,0.0,0.0
rep0920,0.19,0.18988673461986103,synth_only,0.15,0.005,0.005,0.13999999999999999,abs_005_005,1000,2000,0.13850338840798226,0.16149661159201772,False,0.02299322318403546,0.02299322318403546,0.13850338840798226,0.16149661159201772,0.0,0.0,0.02299322318403546,0.0,0.0
rep0921,0.31,0.3057314196109613,synth_only,0.15,0.005,0.005,0.13999999999999999,abs_005_005,1000,2000,0.3589168828783701,0.3900831171216299,False,0.031166234243259816,0.031166234243259816,0.3589168828783701,0.3900831171216299,0.0,0.0,0.031166234243259816,0.0,0.0
rep0922,0.82,0.8204088881687474,synth_only,0.15,0.005,0.005,0.13999999999999999,abs_005_005,1000,2000,0.8312867239028559,0.8547132760971441,False,0.02342655219428824,0.02342655219428824,0.8312867239028559,0.8547132760971441,0.0,0.0,0.02342655219428824,0.0,0.0
rep0923,0.67,0.6673295667496753,synth_only,0.15,0.005,0.005,0.13999999999999999,abs_005_005,1000,2000,0.8731704594140379,0.893829540585962,False,0.020659081171924054,0.020659081171924054,0.8731704594140379,0.893829540585962,0.0,0.0,0.020659081171924054,0.0,0.0
rep0924,0.19,0.18602206952727826,synth_only,0.15,0.005,0.005,0.13999999999999999,abs_005_005,1000,2000,0.31584898170719655,0.3461510182928035,False,0.03030203658560693,0.03030203658560693,0.31584898170719655,0.3461510182928035,0.0,0.0,0.03030203658560693,0.0,0.0
rep0925,0.64,0.6354263351837406,synth_only,0.15,0.005,0.005,0.13999999999999999,abs_005_005,1000,2000,0.9666883810100708,0.9773116189899291,False,0.010623237979858313,0.010623237979858313,0.9666883810100708,0.9773116189899291,0.0,0.0,0.010623237979858313,0.0,0.0
rep0926,0.07,0.07157292987670523,synth_only,0.15,0.005,0.005,0.13999999999999999,abs_005_005,1000,2000,0.0,0.0,False,0.0,0.0,0.0,0.0,0.0,0.0,0.0,0.0,0.0
rep0927,0.62,0.615998541441101,synth_only,0.15,0.005,0.005,0.13999999999999999,abs_005_005,1000,2000,0.5525533155229192,0.5844466844770808,False,0.031893368954161616,0.031893368954161616,0.5525533155229192,0.5844466844770808,0.0,0.0,0.031893368954161616,0.0,0.0
rep0928,0.61,0.6069671000905437,synth_only,0.15,0.005,0.005,0.13999999999999999,abs_005_005,1000,2000,0.8014719510580217,0.8265280489419782,False,0.025056097883956463,0.025056097883956463,0.8014719510580217,0.8265280489419782,0.0,0.0,0.025056097883956463,0.0,0.0
rep0929,0.53,0.533638298979293,synth_only,0.15,0.005,0.005,0.13999999999999999,abs_005_005,1000,2000,0.6194994159753042,0.6505005840246958,False,0.03100116804939157,0.03100116804939157,0.6194994159753042,0.6505005840246958,0.0,0.0,0.03100116804939157,0.0,0.0
rep0930,0.29,0.29261726235459307,synth_only,0.15,0.005,0.005,0.13999999999999999,abs_005_005,1000,2000,0.4419584197202433,0.47404158027975674,False,0.032083160559513435,0.032083160559513435,0.4419584197202433,0.47404158027975674,0.0,0.0,0.032083160559513435,0.0,0.0
rep0931,0.22,0.2229244437616591,synth_only,0.15,0.005,0.005,0.13999999999999999,abs_005_005,1000,2000,0.48090181352907246,0.5130981864709275,False,0.03219637294185507,0.03219637294185507,0.48090181352907246,0.5130981864709275,0.0,0.0,0.03219637294185507,0.0,0.0
rep0932,0.42,0.42272745262942124,synth_only,0.15,0.005,0.005,0.13999999999999999,abs_005_005,1000,2000,0.49240385015180393,0.5245961498481959,False,0.03219229969639198,0.03219229969639198,0.49240385015180393,0.5245961498481959,0.0,0.0,0.03219229969639198,0.0,0.0
rep0933,0.49,0.48694716452448095,synth_only,0.15,0.005,0.005,0.13999999999999999,abs_005_005,1000,2000,0.5641089201925145,0.5958910798074855,False,0.031782159614970995,0.031782159614970995,0.5641089201925145,0.5958910798074855,0.0,0.0,0.031782159614970995,0.0,0.0
rep0934,0.49,0.4935287680614457,synth_only,0.15,0.005,0.005,0.13999999999999999,abs_005_005,1000,2000,0.6386841293333818,0.6693158706666182,False,0.03063174133323643,0.03063174133323643,0.6386841293333818,0.6693158706666182,0.0,0.0,0.03063174133323643,0.0,0.0
rep0935,0.59,0.5916524058171294,synth_only,0.15,0.005,0.005,0.13999999999999999,abs_005_005,1000,2000,0.7070673681321263,0.7359326318678737,False,0.028865263735747382,0.028865263735747382,0.7070673681321263,0.7359326318678737,0.0,0.0,0.028865263735747382,0.0,0.0
rep0936,0.71,0.7101960404072895,synth_only,0.15,0.005,0.005,0.13999999999999999,abs_005_005,1000,2000,0.7779088996615688,0.8040911003384312,False,0.02618220067686239,0.02618220067686239,0.7779088996615688,0.8040911003384312,0.0,0.0,0.02618220067686239,0.0,0.0
rep0937,0.75,0.7487264705753629,synth_only,0.15,0.005,0.005,0.13999999999999999,abs_005_005,1000,2000,0.9461858742162574,0.9598141257837425,False,0.013628251567485039,0.013628251567485039,0.9461858742162574,0.9598141257837425,0.0,0.0,0.013628251567485039,0.0,0.0
rep0938,0.10,0.10400479654477361,synth_only,0.15,0.005,0.005,0.13999999999999999,abs_005_005,1000,2000,0.1230320335841065,0.14496796641589352,False,0.02193593283178702,0.02193593283178702,0.1230320335841065,0.14496796641589352,0.0,0.0,0.02193593283178702,0.0,0.0
rep0939,0.62,0.61597297399605,synth_only,0.15,0.005,0.005,0.13999999999999999,abs_005_005,1000,2000,0.516936624501588,0.5490633754984121,False,0.03212675099682416,0.03212675099682416,0.516936624501588,0.5490633754984121,0.0,0.0,0.03212675099682416,0.0,0.0
rep0940,0.04,0.03944101284156614,synth_only,0.15,0.005,0.005,0.13999999999999999,abs_005_005,1000,2000,0.0,0.0,False,0.0,0.0,0.0,0.0,0.0,0.0,0.0,0.0,0.0
rep0941,0.56,0.5583163483519791,synth_only,0.15,0.005,0.005,0.13999999999999999,abs_005_005,1000,2000,0.6847384873050191,0.714261512694981,False,0.029523025389961877,0.029523025389961877,0.6847384873050191,0.714261512694981,0.0,0.0,0.029523025389961877,0.0,0.0
rep0942,0.57,0.5733742466148171,synth_only,0.15,0.005,0.005,0.13999999999999999,abs_005_005,1000,2000,0.6720698110474035,0.7019301889525966,False,0.029860377905193136,0.029860377905193136,0.6720698110474035,0.7019301889525966,0.0,0.0,0.029860377905193136,0.0,0.0
rep0943,0.52,0.5192053278597004,synth_only,0.15,0.005,0.005,0.13999999999999999,abs_005_005,1000,2000,0.42601020113096405,0.45798979886903596,False,0.03197959773807191,0.03197959773807191,0.42601020113096405,0.45798979886903596,0.0,0.0,0.03197959773807191,0.0,0.0
rep0944,0.74,0.7406440761691009,synth_only,0.15,0.005,0.005,0.13999999999999999,abs_005_005,1000,2000,0.7447199394182259,0.772280060581774,False,0.027560121163548112,0.027560121163548112,0.7447199394182259,0.772280060581774,0.0,0.0,0.027560121163548112,0.0,0.0
rep0945,0.34,0.3414404434383478,synth_only,0.15,0.005,0.005,0.13999999999999999,abs_005_005,1000,2000,0.23605831060865015,0.2639416893913499,False,0.027883378782699725,0.027883378782699725,0.23605831060865015,0.2639416893913499,0.0,0.0,0.027883378782699725,0.0,0.0
rep0946,0.21,0.21214867445246377,synth_only,0.15,0.005,0.005,0.13999999999999999,abs_005_005,1000,2000,0.06367747701801298,0.08032252298198701,False,0.016645045963974037,0.016645045963974037,0.06367747701801298,0.08032252298198701,0.0,0.0,0.016645045963974037,0.0,0.0
rep0947,0.28,0.28422013734374324,synth_only,0.15,0.005,0.005,0.13999999999999999,abs_005_005,1000,2000,0.45892165944187996,0.49107834055812,False,0.03215668111624004,0.03215668111624004,0.45892165944187996,0.49107834055812,0.0,0.0,0.03215668111624004,0.0,0.0
rep0948,0.48,0.48338293458160114,synth_only,0.15,0.005,0.005,0.13999999999999999,abs_005_005,1000,2000,0.4230217777567857,0.4549782222432143,False,0.03195644448642865,0.03195644448642865,0.4230217777567857,0.4549782222432143,0.0,0.0,0.03195644448642865,0.0,0.0
rep0949,0.52,0.5182804217943408,synth_only,0.15,0.005,0.005,0.13999999999999999,abs_005_005,1000,2000,0.618994910743503,0.6500050892564969,False,0.031010178512993924,0.031010178512993924,0.618994910743503,0.6500050892564969,0.0,0.0,0.031010178512993924,0.0,0.0
rep0950,0.23,0.22991933107119408,synth_only,0.15,0.005,0.005,0.13999999999999999,abs_005_005,1000,2000,0.2532478470487041,0.2817521529512959,False,0.028504305902591787,0.028504305902591787,0.2532478470487041,0.2817521529512959,0.0,0.0,0.028504305902591787,0.0,0.0
rep0951,0.36,0.35825827602418825,synth_only,0.15,0.005,0.005,0.13999999999999999,abs_005_005,1000,2000,0.19346688401066348,0.2195331159893365,False,0.026066231978673027,0.026066231978673027,0.19346688401066348,0.2195331159893365,0.0,0.0,0.026066231978673027,0.0,0.0
rep0952,0.73,0.7289050088345319,synth_only,0.15,0.005,0.005,0.13999999999999999,abs_005_005,1000,2000,0.7442102290488295,0.7717897709511705,False,0.02757954190234102,0.02757954190234102,0.7442102290488295,0.7717897709511705,0.0,0.0,0.02757954190234102,0.0,0.0
rep0953,0.65,0.6450561188092513,synth_only,0.15,0.005,0.005,0.13999999999999999,abs_005_005,1000,2000,0.7809785715725963,0.8070214284274038,False,0.02604285685480745,0.02604285685480745,0.7809785715725963,0.8070214284274038,0.0,0.0,0.02604285685480745,0.0,0.0
rep0954,0.34,0.3356003964011355,synth_only,0.15,0.005,0.005,0.13999999999999999,abs_005_005,1000,2000,0.3683407580276253,0.39965924197237473,False,0.03131848394474945,0.03131848394474945,0.3683407580276253,0.39965924197237473,0.0,0.0,0.03131848394474945,0.0,0.0
rep0955,0.59,0.5934399509169045,synth_only,0.15,0.005,0.005,0.13999999999999999,abs_005_005,1000,2000,0.7927559536599227,0.8182440463400773,False,0.025488092680154617,0.025488092680154617,0.7927559536599227,0.8182440463400773,0.0,0.0,0.025488092680154617,0.0,0.0
rep0956,0.39,0.39181048198391705,synth_only,0.15,0.005,0.005,0.13999999999999999,abs_005_005,1000,2000,0.5084208615891368,0.5405791384108631,False,0.03215827682172634,0.03215827682172634,0.5084208615891368,0.5405791384108631,0.0,0.0,0.03215827682172634,0.0,0.0
rep0957,0.68,0.6783139786825123,synth_only,0.15,0.005,0.005,0.13999999999999999,abs_005_005,1000,2000,0.6109252670969454,0.6420747329030545,False,0.03114946580610911,0.03114946580610911,0.6109252670969454,0.6420747329030545,0.0,0.0,0.03114946580610911,0.0,0.0
rep0958,0.57,0.5707098860996819,synth_only,0.15,0.005,0.005,0.13999999999999999,abs_005_005,1000,2000,0.58724680400982,0.61875319599018,False,0.03150639198035998,0.03150639198035998,0.58724680400982,0.61875319599018,0.0,0.0,0.03150639198035998,0.0,0.0
rep0959,0.46,0.46419226054784907,synth_only,0.15,0.005,0.005,0.13999999999999999,abs_005_005,1000,2000,0.5555669728100194,0.5874330271899806,False,0.03186605437996115,0.03186605437996115,0.5555669728100194,0.5874330271899806,0.0,0.0,0.03186605437996115,0.0,0.0
rep0960,0.27,0.26685012160209715,synth_only,0.15,0.005,0.005,0.13999999999999999,abs_005_005,1000,2000,0.3862137714803834,0.41778622851961666,False,0.03157245703923328,0.03157245703923328,0.3862137714803834,0.41778622851961666,0.0,0.0,0.03157245703923328,0.0,0.0
rep0961,0.10,0.09932453733107761,synth_only,0.15,0.005,0.005,0.13999999999999999,abs_005_005,1000,2000,0.16179382999076922,0.18620617000923076,False,0.024412340018461542,0.024412340018461542,0.16179382999076922,0.18620617000923076,0.0,0.0,0.024412340018461542,0.0,0.0
rep0962,0.49,0.49056511629801486,synth_only,0.15,0.005,0.005,0.13999999999999999,abs_005_005,1000,2000,0.5575764096778013,0.5894235903221987,False,0.0318471806443974,0.0318471806443974,0.5575764096778013,0.5894235903221987,0.0,0.0,0.0318471806443974,0.0,0.0
rep0963,0.64,0.6424563136593564,synth_only,0.15,0.005,0.005,0.13999999999999999,abs_005_005,1000,2000,0.70198893138168,0.7310110686183201,False,0.029022137236640155,0.029022137236640155,0.70198893138168,0.7310110686183201,0.0,0.0,0.029022137236640155,0.0,0.0
rep0964,0.41,0.4098375058446741,synth_only,0.15,0.005,0.005,0.13999999999999999,abs_005_005,1000,2000,0.30596850522870034,0.3360314947712997,False,0.03006298954259934,0.03006298954259934,0.30596850522870034,0.3360314947712997,0.0,0.0,0.03006298954259934,0.0,0.0
rep0965,0.52,0.5177998783960265,synth_only,0.15,0.005,0.005,0.13999999999999999,abs_005_005,1000,2000,0.629088460271925,0.6599115397280749,False,0.030823079456149927,0.030823079456149927,0.629088460271925,0.6599115397280749,0.0,0.0,0.030823079456149927,0.0,0.0
rep0966,0.65,0.6530343212030639,synth_only,0.15,0.005,0.005,0.13999999999999999,abs_005_005,1000,2000,0.7717727724420371,0.7982272275579629,False,0.026454455115925812,0.026454455115925812,0.7717727724420371,0.7982272275579629,0.0,0.0,0.026454455115925812,0.0,0.0
rep0967,0.42,0.4212391093269436,synth_only,0.15,0.005,0.005,0.13999999999999999,abs_005_005,1000,2000,0.5074193143511949,0.539580685648805,False,0.0321613712976101,0.0321613712976101,0.5074193143511949,0.539580685648805,0.0,0.0,0.0321613712976101,0.0,0.0
rep0968,0.73,0.7275222267367003,synth_only,0.15,0.005,0.005,0.13999999999999999,abs_005_005,1000,2000,0.7809785715725963,0.8070214284274038,False,0.02604285685480745,0.02604285685480745,0.7809785715725963,0.8070214284274038,0.0,0.0,0.02604285685480745,0.0,0.0
rep0969,0.14,0.14258850472421675,synth_only,0.15,0.005,0.005,0.13999999999999999,abs_005_005,1000,2000,0.27342021876857814,0.3025797812314218,False,0.02915956246284368,0.02915956246284368,0.27342021876857814,0.3025797812314218,0.0,0.0,0.02915956246284368,0.0,0.0
rep0970,0.47,0.47304827033809954,synth_only,0.15,0.005,0.005,0.13999999999999999,abs_005_005,1000,2000,0.6043720357227954,0.6356279642772046,False,0.031255928554409174,0.031255928554409174,0.6043720357227954,0.6356279642772046,0.0,0.0,0.031255928554409174,0.0,0.0
rep0971,0.80,0.7956306301453825,synth_only,0.15,0.005,0.005,0.13999999999999999,abs_005_005,1000,2000,0.8768066767104736,0.8971933232895264,False,0.02038664657905276,0.02038664657905276,0.8768066767104736,0.8971933232895264,0.0,0.0,0.02038664657905276,0.0,0.0
rep0972,0.77,0.7717441073435837,synth_only,0.15,0.005,0.005,0.13999999999999999,abs_005_005,1000,2000,0.907593147934164,0.925406852065836,False,0.017813704131671937,0.017813704131671937,0.907593147934164,0.925406852065836,0.0,0.0,0.017813704131671937,0.0,0.0
rep0973,0.67,0.674802219980781,synth_only,0.15,0.005,0.005,0.13999999999999999,abs_005_005,1000,2000,0.7733064073878405,0.7996935926121594,False,0.026387185224318932,0.026387185224318932,0.7733064073878405,0.7996935926121594,0.0,0.0,0.026387185224318932,0.0,0.0
rep0974,0.57,0.5705564869580644,synth_only,0.15,0.005,0.005,0.13999999999999999,abs_005_005,1000,2000,0.7727951665936671,0.799204833406333,False,0.026409666812665877,0.026409666812665877,0.7727951665936671,0.799204833406333,0.0,0.0,0.026409666812665877,0.0,0.0
rep0975,0.36,0.3607373352562038,synth_only,0.15,0.005,0.005,0.13999999999999999,abs_005_005,1000,2000,0.32821042186436117,0.3587895781356389,False,0.03057915627127772,0.03057915627127772,0.32821042186436117,0.3587895781356389,0.0,0.0,0.03057915627127772,0.0,0.0
rep0976,0.55,0.549968058507605,synth_only,0.15,0.005,0.005,0.13999999999999999,abs_005_005,1000,2000,0.6422210702787017,0.6727789297212983,False,0.03055785944259659,0.03055785944259659,0.6422210702787017,0.6727789297212983,0.0,0.0,0.03055785944259659,0.0,0.0
rep0977,0.34,0.34386259797383306,synth_only,0.15,0.005,0.005,0.13999999999999999,abs_005_005,1000,2000,0.3658601749769676,0.3971398250230324,False,0.03127965004606481,0.03127965004606481,0.3658601749769676,0.3971398250230324,0.0,0.0,0.03127965004606481,0.0,0.0
rep0978,0.09,0.09187027739961487,synth_only,0.15,0.005,0.005,0.13999999999999999,abs_005_005,1000,2000,0.19151381710993368,0.2174861828900663,False,0.025972365780132622,0.025972365780132622,0.19151381710993368,0.2174861828900663,0.0,0.0,0.025972365780132622,0.0,0.0
rep0979,0.29,0.29022549594630476,synth_only,0.15,0.005,0.005,0.13999999999999999,abs_005_005,1000,2000,0.22330849438821448,0.2506915056117855,False,0.027383011223571008,0.027383011223571008,0.22330849438821448,0.2506915056117855,0.0,0.0,0.027383011223571008,0.0,0.0
rep0980,0.38,0.38207521365970815,synth_only,0.15,0.005,0.005,0.13999999999999999,abs_005_005,1000,2000,0.4080885801027143,0.43991141989728566,False,0.031822839794571345,0.031822839794571345,0.4080885801027143,0.43991141989728566,0.0,0.0,0.031822839794571345,0.0,0.0
rep0981,0.85,0.8490801200465765,synth_only,0.15,0.005,0.005,0.13999999999999999,abs_005_005,1000,2000,0.8297413771683066,0.8532586228316934,True,0.023517245663386754,0.023517245663386754,0.8297413771683066,0.8532586228316934,0.0,0.0,0.023517245663386754,0.0,0.0
rep0982,0.61,0.6078923145347822,synth_only,0.15,0.005,0.005,0.13999999999999999,abs_005_005,1000,2000,0.7584920065789794,0.7855079934210206,False,0.027015986842041206,0.027015986842041206,0.7584920065789794,0.7855079934210206,0.0,0.0,0.027015986842041206,0.0,0.0
rep0983,0.13,0.13188209031789844,synth_only,0.15,0.005,0.005,0.13999999999999999,abs_005_005,1000,2000,0.2498076067149187,0.27819239328508133,False,0.028384786570162635,0.028384786570162635,0.2498076067149187,0.27819239328508133,0.0,0.0,0.028384786570162635,0.0,0.0
rep0984,0.43,0.4339175652789224,synth_only,0.15,0.005,0.005,0.13999999999999999,abs_005_005,1000,2000,0.4175445420114617,0.4494554579885383,True,0.031910915977076626,0.031910915977076626,0.4175445420114617,0.4494554579885383,0.0,0.0,0.031910915977076626,0.0,0.0
rep0985,0.52,0.519694130940924,synth_only,0.15,0.005,0.005,0.13999999999999999,abs_005_005,1000,2000,0.4689087696989074,0.5010912303010926,False,0.032182460602185214,0.032182460602185214,0.4689087696989074,0.5010912303010926,0.0,0.0,0.032182460602185214,0.0,0.0
rep0986,0.32,0.32208760185791574,synth_only,0.15,0.005,0.005,0.13999999999999999,abs_005_005,1000,2000,0.31436641336367066,0.34463358663632937,True,0.03026717327265871,0.03026717327265871,0.31436641336367066,0.34463358663632937,0.0,0.0,0.03026717327265871,0.0,0.0
rep0987,0.68,0.6813639880543828,synth_only,0.15,0.005,0.005,0.13999999999999999,abs_005_005,1000,2000,0.6806831125343835,0.7103168874656165,True,0.02963377493123298,0.02963377493123298,0.6806831125343835,0.7103168874656165,0.0,0.0,0.02963377493123298,0.0,0.0
rep0988,0.43,0.42623173649753915,synth_only,0.15,0.005,0.005,0.13999999999999999,abs_005_005,1000,2000,0.48090181352907246,0.5130981864709275,False,0.03219637294185507,0.03219637294185507,0.48090181352907246,0.5130981864709275,0.0,0.0,0.03219637294185507,0.0,0.0
rep0989,0.16,0.16100365715429354,synth_only,0.15,0.005,0.005,0.13999999999999999,abs_005_005,1000,2000,0.022234666080547253,0.03276533391945275,False,0.010530667838905498,0.010530667838905498,0.022234666080547253,0.03276533391945275,0.0,0.0,0.010530667838905498,0.0,0.0
rep0990,0.48,0.4786719612656737,synth_only,0.15,0.005,0.005,0.13999999999999999,abs_005_005,1000,2000,0.5164355677820288,0.5485644322179711,False,0.03212886443594232,0.03212886443594232,0.5164355677820288,0.5485644322179711,0.0,0.0,0.03212886443594232,0.0,0.0
rep0991,0.67,0.6691826357680173,synth_only,0.15,0.005,0.005,0.13999999999999999,abs_005_005,1000,2000,0.6908240600733002,0.7201759399266998,False,0.0293518798533996,0.0293518798533996,0.6908240600733002,0.7201759399266998,0.0,0.0,0.0293518798533996,0.0,0.0
rep0992,0.38,0.38192524926570776,synth_only,0.15,0.005,0.005,0.13999999999999999,abs_005_005,1000,2000,0.4559267859857877,0.4880732140142123,False,0.0321464280284246,0.0321464280284246,0.4559267859857877,0.4880732140142123,0.0,0.0,0.0321464280284246,0.0,0.0
rep0993,0.40,0.40445688832898824,synth_only,0.15,0.005,0.005,0.13999999999999999,abs_005_005,1000,2000,0.5014113870921657,0.5335886129078342,False,0.03217722581566851,0.03217722581566851,0.5014113870921657,0.5335886129078342,0.0,0.0,0.03217722581566851,0.0,0.0
rep0994,0.52,0.5164659959573914,synth_only,0.15,0.005,0.005,0.13999999999999999,abs_005_005,1000,2000,0.5244544217138828,0.5565455782861172,False,0.03209115657223438,0.03209115657223438,0.5244544217138828,0.5565455782861172,0.0,0.0,0.03209115657223438,0.0,0.0
rep0995,0.65,0.6477753976991143,synth_only,0.15,0.005,0.005,0.13999999999999999,abs_005_005,1000,2000,0.8132800051965748,0.8377199948034252,False,0.024439989606850343,0.024439989606850343,0.8132800051965748,0.8377199948034252,0.0,0.0,0.024439989606850343,0.0,0.0
rep0996,0.38,0.37720978773316866,synth_only,0.15,0.005,0.005,0.13999999999999999,abs_005_005,1000,2000,0.5329790151425305,0.5650209848574695,False,0.032041969714939,0.032041969714939,0.5329790151425305,0.5650209848574695,0.0,0.0,0.032041969714939,0.0,0.0
rep0997,0.25,0.24626615445195021,synth_only,0.15,0.005,0.005,0.13999999999999999,abs_005_005,1000,2000,0.2591480391362698,0.2878519608637302,False,0.02870392172746039,0.02870392172746039,0.2591480391362698,0.2878519608637302,0.0,0.0,0.02870392172746039,0.0,0.0
rep0998,0.55,0.5545866695943503,synth_only,0.15,0.005,0.005,0.13999999999999999,abs_005_005,1000,2000,0.518439891898766,0.5505601081012339,False,0.032120216202467855,0.032120216202467855,0.518439891898766,0.5505601081012339,0.0,0.0,0.032120216202467855,0.0,0.0
rep0999,0.95,0.9482047380720229,synth_only,0.15,0.005,0.005,0.13999999999999999,abs_005_005,1000,2000,0.7426812514061639,0.770318748593836,False,0.027637497187672055,0.027637497187672055,0.7426812514061639,0.770318748593836,0.0,0.0,0.027637497187672055,0.0,0.0
