task_id,label,theta,algo,alpha,alpha1,alpha2,alpha3,alloc,n_j,N_j,L,U,covered,width,width_clip,L_tilde,U_tilde,delta_L,delta_U,W1,W2,W3
rep0000,0.25,0.2478634861040341,alg2,0.15,0.015,0.03,0.105,prop_127,1000,2000,0.0619437013337194,0.5492694589150667,True,0.48732575758134733,0.48732575758134733,0.32847557745603195,0.380524422543968,-0.26653187612231255,0.16874503637109872,0.05204884508793606,0.13327691249341123,0.30200000000000005
rep0001,0.37,0.3686079524634063,alg2,0.15,0.015,0.03,0.105,prop_127,1000,2000,0.06989418971605599,0.6413043870361872,True,0.5714101973201312,0.5714101973201312,0.4020740175194468,0.45592598248055316,-0.33217982780339084,0.1853784045556341,0.053851964961106336,0.12155823235902496,0.3959999999999999
rep0002,0.17,0.17032800314766197,alg2,0.15,0.015,0.03,0.105,prop_127,1000,2000,0.06560889457428787,0.5807846302269305,True,0.5151757356526426,0.5151757356526426,0.34619763124058295,0.39880236875941705,-0.2805887366662951,0.18198226146751345,0.0526047375188341,0.1080709981338085,0.35450000000000004
rep0003,0.41,0.4119903665842383,alg2,0.15,0.015,0.03,0.105,prop_127,1000,2000,0.28438072589156516,0.8150379674014818,True,0.5306572415099167,0.5306572415099167,0.5556712113997112,0.6093287886002888,-0.27129048550814605,0.20570917880119305,0.05365757720057762,0.11999966430933912,0.357
rep0004,0.36,0.36322332650332373,alg2,0.15,0.015,0.03,0.105,prop_127,1000,2000,0.04171824908940225,0.5480057757527566,True,0.5062875266633543,0.5062875266633543,0.304909081055482,0.35609091894451805,-0.26319083196607973,0.19191485680823844,0.051181837889036075,0.13160568877431805,0.3235000000000001
rep0005,0.28,0.27660752268158256,alg2,0.15,0.015,0.03,0.105,prop_127,1000,2000,0.047958733255248465,0.5635621872350579,True,0.5156034539798094,0.5156034539798094,0.3107938015141147,0.36220619848588537,-0.2628350682588662,0.20135598874917254,0.05141239697177069,0.13219105700803868,0.3320000000000001
rep0006,0.40,0.39522788491940364,alg2,0.15,0.015,0.03,0.105,prop_127,1000,2000,0.10384664683027967,0.7055348410991606,True,0.601688194268881,0.601688194268881,0.44484105977424127,0.4991589402257587,-0.3409944129439616,0.2063759008734019,0.05431788045151742,0.12637031381736363,0.42099999999999993
rep0007,0.34,0.34221851206383785,alg2,0.15,0.015,0.03,0.105,prop_127,1000,2000,0.14093284243827192,0.6661699727360163,True,0.5252371302977443,0.5252371302977443,0.4100151645227209,0.4639848354772791,-0.269082322084449,0.20218513725873724,0.05396967095455818,0.13126745934318623,0.34
rep0008,0.89,0.8876454917096256,alg2,0.15,0.015,0.03,0.105,prop_127,1000,2000,0.5968675641023096,1.1041039637315768,True,0.5072363996292673,0.40313243589769043,0.8671113939086585,0.9018886060913414,-0.270243829806349,0.2022153576402354,0.034777212182682815,0.13195918744658441,0.34049999999999997
rep0009,0.13,0.13218242080353054,alg2,0.15,0.015,0.03,0.105,prop_127,1000,2000,-0.04054332910560779,0.4560772099121658,True,0.4966205390177736,0.4560772099121658,0.203728632051033,0.249271367948967,-0.2442719611566408,0.20680584196319882,0.045542735897934006,0.13257780311983952,0.31850000000000006
rep0010,0.32,0.32181545181669885,alg2,0.15,0.015,0.03,0.105,prop_127,1000,2000,0.17276901685921175,0.6572640939119667,True,0.48449507705275496,0.48449507705275496,0.4264162630229401,0.4805837369770599,-0.25364724616372836,0.1766803569349068,0.054167473954119805,0.12782760309863522,0.30249999999999994
rep0011,0.29,0.2854083438878526,alg2,0.15,0.015,0.03,0.105,prop_127,1000,2000,0.15476311098012924,0.6271257063480014,True,0.4723625953678721,0.4723625953678721,0.43039681814334185,0.4846031818566582,-0.2756337071632126,0.1425225244913432,0.05420636371331633,0.12415623165455586,0.294
rep0012,0.44,0.43703005404805023,alg2,0.15,0.015,0.03,0.105,prop_127,1000,2000,0.21789128302289823,0.7172066035561064,True,0.4993153205332082,0.4993153205332082,0.47379842853636717,0.5282015714636328,-0.25590714551346894,0.1890050320924736,0.05440314292726561,0.11841217760594253,0.3265
rep0013,0.62,0.6208052270470665,alg2,0.15,0.015,0.03,0.105,prop_127,1000,2000,0.22989203514025694,0.6962637541331897,True,0.46637171899293284,0.46637171899293284,0.4712984965406528,0.5257015034593472,-0.24140646140039587,0.1705622506738426,0.054403006918694374,0.12096871207423854,0.2909999999999999
rep0014,0.71,0.7147259999129039,alg2,0.15,0.015,0.03,0.105,prop_127,1000,2000,0.4609037255727151,0.9266179278307427,True,0.4657142022580276,0.4657142022580276,0.7022494644894406,0.7507505355105595,-0.2413457389167255,0.1758673923201832,0.04850107102111889,0.11971313123690874,0.2975
rep0015,0.39,0.39454122151151017,alg2,0.15,0.015,0.03,0.105,prop_127,1000,2000,0.1177468757693591,0.6170727363621441,True,0.499325860592785,0.499325860592785,0.395131402138361,0.44886859786163896,-0.2773845263690019,0.1682041385005051,0.05373719572327795,0.138088664869507,0.3075
rep0016,0.17,0.16665588411027546,alg2,0.15,0.015,0.03,0.105,prop_127,1000,2000,-0.09785255166255091,0.4363026839809413,True,0.5341552356434922,0.4363026839809413,0.1791980029253996,0.2228019970746004,-0.2770505545879505,0.2135006869063409,0.0436039941492008,0.13455124149429132,0.3560000000000001
rep0017,0.52,0.5214065008427691,alg2,0.15,0.015,0.03,0.105,prop_127,1000,2000,0.25286245637968546,0.7355920122866184,True,0.48272955590693295,0.48272955590693295,0.535008310353727,0.5889916896462731,-0.2821458539740415,0.14660032264034534,0.05398337929254615,0.1157461766143868,0.31300000000000006
rep0018,0.36,0.35939977730659944,alg2,0.15,0.015,0.03,0.105,prop_127,1000,2000,0.05695421021779912,0.5664307537519842,True,0.509476543534185,0.509476543534185,0.32110319499476836,0.3728968050052316,-0.26414898477696924,0.1935339487467526,0.05179361001046323,0.10818293352372177,0.34950000000000003
rep0019,0.35,0.35459743075612077,alg2,0.15,0.015,0.03,0.105,prop_127,1000,2000,0.10106085222031175,0.6244325339827448,True,0.523371681762433,0.523371681762433,0.357540549119027,0.410459450880973,-0.25647969689871525,0.21397308310177182,0.052918901761946024,0.1299527800004871,0.34049999999999997
rep0020,0.88,0.8825365524342114,alg2,0.15,0.015,0.03,0.105,prop_127,1000,2000,0.5550210701985394,1.0784506663435498,True,0.5234295961450104,0.4449789298014606,0.8559463155443198,0.8920536844556802,-0.30092524534578036,0.18639698188786946,0.03610736891136046,0.12632222723364983,0.361
rep0021,0.59,0.5949598193481452,alg2,0.15,0.015,0.03,0.105,prop_127,1000,2000,0.28301668830419474,0.8221166544656158,True,0.5390999661614211,0.5390999661614211,0.5632426688918486,0.6167573311081513,-0.28022598058765386,0.20535932335746437,0.053514662216302744,0.12458530394511824,0.361
rep0022,0.72,0.7170696852830631,alg2,0.15,0.015,0.03,0.105,prop_127,1000,2000,0.5399152633398789,1.0109562425051022,True,0.47104097916522325,0.46008473666012106,0.8158558047882717,0.8561441952117282,-0.2759405414483928,0.154812047293374,0.040288390423456555,0.12475258874176681,0.306
rep0023,0.39,0.3897887441590057,alg2,0.15,0.015,0.03,0.105,prop_127,1000,2000,-0.006631654493421485,0.47180722830750055,True,0.47843888280092206,0.47180722830750055,0.24633308906642035,0.29466691093357966,-0.25296474355984183,0.1771403173739209,0.048333821867159316,0.10410506093376282,0.32599999999999996
rep0024,0.56,0.5618562370971357,alg2,0.15,0.015,0.03,0.105,prop_127,1000,2000,0.41058691691018867,0.9438104650115243,True,0.5332235481013357,0.5332235481013357,0.670463877127832,0.7205361228721681,-0.2598769602176433,0.22327434213935624,0.05007224574433611,0.13765130235699952,0.34550000000000003
rep0025,0.15,0.1536743850699371,alg2,0.15,0.015,0.03,0.105,prop_127,1000,2000,-0.1375444687185923,0.4365114937509015,True,0.5740559624694938,0.4365114937509015,0.16244181253808773,0.20455818746191226,-0.29998628125668003,0.23195330628898922,0.04211637492382453,0.1184395875456693,0.4135
rep0026,0.45,0.4470975824569302,alg2,0.15,0.015,0.03,0.105,prop_127,1000,2000,0.21429828311741228,0.7319261006154687,True,0.5176278174980564,0.5176278174980564,0.4863082909333558,0.5406917090666441,-0.27201000781594353,0.1912343915488246,0.054383418133288286,0.13324439936476812,0.33
rep0027,0.15,0.14555732938848953,alg2,0.15,0.015,0.03,0.105,prop_127,1000,2000,0.1160147795178483,0.5855128050442739,True,0.4694980255264256,0.4694980255264256,0.3644526067163574,0.41754739328364265,-0.24843782719850907,0.16796541176063123,0.05309478656728528,0.12290323895914035,0.2935
rep0028,0.72,0.7158400826850747,alg2,0.15,0.015,0.03,0.105,prop_127,1000,2000,0.4400538583345602,0.9667710683292977,True,0.5267172099947375,0.5267172099947375,0.6960863475702956,0.7449136524297044,-0.25603248923573546,0.22185741589959326,0.04882730485940878,0.12988990513532866,0.34800000000000003
rep0029,0.33,0.3291877284663172,alg2,0.15,0.015,0.03,0.105,prop_127,1000,2000,0.04631150744344578,0.5514592284033946,True,0.5051477209599488,0.5051477209599488,0.29168576301005983,0.3423142369899402,-0.24537425556661405,0.20914499141345433,0.05062847397988035,0.11651924698006838,0.338
rep0030,0.79,0.7937062466334305,alg2,0.15,0.015,0.03,0.105,prop_127,1000,2000,0.41211461515196013,0.8908789525351479,True,0.4787643373831878,0.4787643373831878,0.6868517994123349,0.7361482005876652,-0.27473718426037474,0.1547307519474827,0.049296401175330296,0.11696793620785734,0.3125000000000001
rep0031,0.67,0.6704077234134693,alg2,0.15,0.015,0.03,0.105,prop_127,1000,2000,0.37269244208275787,0.916271103910312,True,0.5435786618275541,0.5435786618275541,0.6719987016942918,0.7220012983057081,-0.2993062596115339,0.19426980560460377,0.05000259661141637,0.12257606521613756,0.3710000000000001
rep0032,0.49,0.49161387479740387,alg2,0.15,0.015,0.03,0.105,prop_127,1000,2000,0.21298145478626995,0.7201155318940466,True,0.5071340771077767,0.5071340771077767,0.48130230505202815,0.5356976949479717,-0.2683208502657582,0.18441783694607494,0.05439538989594356,0.12573868721183312,0.327
rep0033,0.73,0.7281359113887491,alg2,0.15,0.015,0.03,0.105,prop_127,1000,2000,0.18055347244783693,0.6703690320290793,False,0.48981555958124234,0.48981555958124234,0.46929904058105887,0.5237009594189411,-0.28874556813322194,0.14666807261013812,0.05440191883788226,0.11141364074336008,0.324
rep0034,0.26,0.25795044332393025,alg2,0.15,0.015,0.03,0.105,prop_127,1000,2000,0.08864155696768405,0.5753883909203688,True,0.4867468339526847,0.4867468339526847,0.3540866890219417,0.40691331097805833,-0.2654451320542576,0.16847507994231048,0.05282662195611665,0.1014202119965682,0.3324999999999999
rep0035,0.31,0.31207276260600325,alg2,0.15,0.015,0.03,0.105,prop_127,1000,2000,-0.02257085818865734,0.4929304904457942,True,0.5155013486344515,0.4929304904457942,0.26287726916934456,0.3121227308306554,-0.2854481273580019,0.18080775961513879,0.04924546166131083,0.1162558869731406,0.3500000000000001
rep0036,0.38,0.3813002067209173,alg2,0.15,0.015,0.03,0.105,prop_127,1000,2000,0.13090152386416576,0.6143943379134349,True,0.48349281404926914,0.48349281404926914,0.37285352555206686,0.4261464744479332,-0.2419520016879011,0.18824786346550174,0.05329294889586633,0.1146998651534028,0.3155
rep0037,0.69,0.6948613205139563,alg2,0.15,0.015,0.03,0.105,prop_127,1000,2000,0.46365023239230124,0.9819976092844314,True,0.5183473768921301,0.5183473768921301,0.7471053431158751,0.792894656884125,-0.2834551107235738,0.18910295240030636,0.045789313768249906,0.12605806312388018,0.3465
rep0038,0.79,0.7918600324246673,alg2,0.15,0.015,0.03,0.105,prop_127,1000,2000,0.5315813101706293,1.0135047246644446,True,0.48192341449381537,0.46841868982937074,0.8053752113688636,0.8466247886311363,-0.2737939011982343,0.1668799360333082,0.04124957726227274,0.13517383723154253,0.3055
rep0039,0.74,0.737128328560063,alg2,0.15,0.015,0.03,0.105,prop_127,1000,2000,0.5145201144602575,1.0120970170447932,True,0.4975769025845357,0.48547988553974253,0.7761575178704659,0.8198424821295341,-0.26163740341020847,0.19225453491525907,0.043684964259068204,0.11589193832546751,0.338
rep0040,0.20,0.20217595771942773,alg2,0.15,0.015,0.03,0.105,prop_127,1000,2000,0.00487604429277344,0.5400366078403227,True,0.5351605635475493,0.5351605635475493,0.2946221804973279,0.3453778195026721,-0.28974613620455447,0.19465878833765055,0.05075563900534419,0.11340492454220502,0.371
rep0041,0.63,0.6338665832251937,alg2,0.15,0.015,0.03,0.105,prop_127,1000,2000,0.5259044377058117,1.019141745250976,True,0.49323730754516415,0.47409556229418826,0.8190051211485341,0.8589948788514659,-0.2931006834427224,0.1601468663995101,0.03998975770293178,0.12874754984223258,0.3244999999999999
rep0042,0.28,0.28273766256385496,alg2,0.15,0.015,0.03,0.105,prop_127,1000,2000,-0.15553390151279795,0.4152918647615144,True,0.5708257662743124,0.4152918647615144,0.1696146775441279,0.2123853224558721,-0.32514857905692585,0.2029065423056423,0.042770644911744204,0.11355512136256818,0.4145
rep0043,0.12,0.11761149789511506,alg2,0.15,0.015,0.03,0.105,prop_127,1000,2000,-0.2059297321433842,0.26775462931166844,True,0.47368436145505266,0.26775462931166844,0.1027892764542819,0.1382107235457181,-0.3087190085976661,0.12954390576595035,0.03542144709143619,0.12176291436361641,0.3165
rep0044,0.17,0.16718848316147858,alg2,0.15,0.015,0.03,0.105,prop_127,1000,2000,0.057661454677520985,0.5821710250562262,True,0.5245095703787053,0.5245095703787053,0.31815622212626193,0.369843777873738,-0.26049476744874095,0.21232724718248824,0.05168755574747608,0.13182201463122917,0.341
rep0045,0.14,0.13852317554366197,alg2,0.15,0.015,0.03,0.105,prop_127,1000,2000,0.08446613687042515,0.5862074347623298,True,0.5017412978919047,0.5017412978919047,0.35014120346049965,0.40285879653950035,-0.2656750665900745,0.18334863822282946,0.0527175930790007,0.12202370481290398,0.327
rep0046,0.12,0.12296145833985304,alg2,0.15,0.015,0.03,0.105,prop_127,1000,2000,-0.17504601746845427,0.3346061159553373,True,0.5096521334237916,0.3346061159553373,0.12395489864011816,0.16204510135988182,-0.29900091610857243,0.17256101459545548,0.038090202719763655,0.136061930704028,0.3354999999999999
rep0047,0.48,0.47752701943189135,alg2,0.15,0.015,0.03,0.105,prop_127,1000,2000,0.11657007955582471,0.6210862980611198,True,0.5045162185052952,0.5045162185052952,0.4095186333956558,0.4634813666043442,-0.2929485538398311,0.15760493145677565,0.053962733208688385,0.12655348529660682,0.32399999999999995
rep0048,0.57,0.5726813089453829,alg2,0.15,0.015,0.03,0.105,prop_127,1000,2000,0.5054339749402891,1.0064893849470242,True,0.5010554100067351,0.4945660250597109,0.7907439874451091,0.833256012554891,-0.28531001250482,0.17323337239213316,0.042512025109781915,0.12104338489695321,0.33749999999999997
rep0049,0.74,0.7412554577471945,alg2,0.15,0.015,0.03,0.105,prop_127,1000,2000,0.44493172677448045,0.959125755972813,True,0.5141940291983326,0.5141940291983326,0.7429671768941075,0.7890328231058925,-0.29803545011962707,0.17009293286692045,0.046065646211784994,0.1311283829865475,0.337
rep0050,0.62,0.6173942815743904,alg2,0.15,0.015,0.03,0.105,prop_127,1000,2000,0.24753467883226987,0.7944433679986576,True,0.5469086891663877,0.5469086891663877,0.534001567549985,0.5879984324500152,-0.2864668887177151,0.20644493554864235,0.053996864900030195,0.12741182426635744,0.3655
rep0051,0.27,0.26599598126632845,alg2,0.15,0.015,0.03,0.105,prop_127,1000,2000,-0.029645682248687633,0.5031325253488568,True,0.5327782075975445,0.5031325253488568,0.27946387712783194,0.32953612287216805,-0.30910955937651957,0.17359640247668873,0.05007224574433611,0.12270596185320826,0.36000000000000004
rep0052,0.31,0.3073068139568365,alg2,0.15,0.015,0.03,0.105,prop_127,1000,2000,0.11238838704261644,0.6112649209527956,True,0.49887653391017917,0.49887653391017917,0.3842327708419174,0.4377672291580825,-0.271844383799301,0.17349769179471303,0.0535344583161651,0.12634207559401406,0.31899999999999995
rep0053,0.62,0.6218265929743847,alg2,0.15,0.015,0.03,0.105,prop_127,1000,2000,0.548016994314575,1.0963254598762309,True,0.5483084655616559,0.45198300568542504,0.8253112083953128,0.8646887916046871,-0.27729421408073784,0.23163666827154378,0.039377583209374345,0.12543088235228161,0.38349999999999995
rep0054,0.43,0.43339616303131784,alg2,0.15,0.015,0.03,0.105,prop_127,1000,2000,0.04361346188517534,0.5683119905313145,True,0.5246985286461392,0.5246985286461392,0.33093459644807544,0.38306540355192453,-0.2873211345629001,0.18524658697939,0.0521308071038491,0.13156772154229013,0.34099999999999997
rep0055,0.74,0.740619116521778,alg2,0.15,0.015,0.03,0.105,prop_127,1000,2000,0.5693688604708618,1.1337171273111157,True,0.564348266840254,0.43063113952913823,0.9259796525889089,0.952020347411091,-0.3566107921180471,0.18169677990002478,0.026040694822182076,0.12380757201807191,0.4145
rep0056,0.79,0.7903021326927078,alg2,0.15,0.015,0.03,0.105,prop_127,1000,2000,0.5764444826151155,1.0666542330942717,True,0.49020975047915616,0.4235555173848845,0.8517039995984984,0.8882960004015016,-0.2752595169833829,0.17835823269277018,0.03659200080300318,0.13011774967615308,0.3235
rep0057,0.29,0.2885664653209669,alg2,0.15,0.015,0.03,0.105,prop_127,1000,2000,0.09545768041200006,0.585319663017978,True,0.4898619826059779,0.4898619826059779,0.34274858477535897,0.395251415224641,-0.2472909043633589,0.19006824779333692,0.052502830449282056,0.1363591521566957,0.30100000000000016
rep0058,0.68,0.680408527032369,alg2,0.15,0.015,0.03,0.105,prop_127,1000,2000,0.27966387592297076,0.7671984596417825,True,0.4875345837188117,0.4875345837188117,0.56728340555619,0.62071659444381,-0.2876195296332192,0.14648186519797252,0.05343318888762005,0.1296013948311917,0.3045
rep0059,0.42,0.42124425860033593,alg2,0.15,0.015,0.03,0.105,prop_127,1000,2000,0.11488376494111102,0.620466370460697,True,0.505582605519586,0.505582605519586,0.389184990970771,0.44281500902922893,-0.27430122602966,0.17765136143146804,0.05363001805845791,0.11645258746112802,0.3355
rep0060,0.29,0.2851622642408732,alg2,0.15,0.015,0.03,0.105,prop_127,1000,2000,0.10561758625499279,0.5815029082969713,True,0.4758853220419785,0.4758853220419785,0.35951483416570207,0.41248516583429795,-0.2538972479107093,0.16901774246267331,0.05297033166859588,0.10091499037338258,0.322
rep0061,0.28,0.28253385670631975,alg2,0.15,0.015,0.03,0.105,prop_127,1000,2000,0.032873510124484584,0.5128288696850678,True,0.4799553595605832,0.4799553595605832,0.3024584989327407,0.35354150106725934,-0.2695849888082561,0.15928736861780843,0.05108300213451866,0.1263723574260645,0.30250000000000005
rep0062,0.30,0.3032893933218672,alg2,0.15,0.015,0.03,0.105,prop_127,1000,2000,-0.07610162695839101,0.5178007690932778,True,0.5939023960516687,0.5178007690932778,0.25557300055424964,0.3044269994457504,-0.33167462751264065,0.21337376964752736,0.04885399889150077,0.13054839716016808,0.4145
rep0063,0.23,0.22593861408608223,alg2,0.15,0.015,0.03,0.105,prop_127,1000,2000,-0.05613426208215175,0.4267732948981131,True,0.4829075569802649,0.4267732948981131,0.22256968727621276,0.2694303127237872,-0.2787039493583645,0.1573429821743259,0.04686062544757444,0.11454693153269047,0.32149999999999995
rep0064,0.46,0.4645980018826924,alg2,0.15,0.015,0.03,0.105,prop_127,1000,2000,0.40904317555237535,0.9215344930707425,True,0.5124913175183672,0.5124913175183672,0.6633054934725325,0.7136945065274675,-0.2542623179201572,0.20783998654327507,0.05038901305493493,0.13260230446343224,0.3295
rep0065,0.35,0.34978067892353637,alg2,0.15,0.015,0.03,0.105,prop_127,1000,2000,-0.10825986349784,0.46358041524702276,True,0.5718402787448628,0.46358041524702276,0.21918303350121604,0.26581696649878395,-0.32744289699905604,0.1977634487482388,0.046633932997567906,0.12870634574729478,0.3965000000000001
rep0066,0.42,0.41951121206361075,alg2,0.15,0.015,0.03,0.105,prop_127,1000,2000,0.2808992528175728,0.8126355877326612,True,0.5317363349150884,0.5317363349150884,0.587514834165702,0.6404851658342979,-0.3066155813481293,0.17215042189836327,0.05297033166859588,0.1262660032464925,0.35250000000000004
rep0067,0.55,0.5539775859677241,alg2,0.15,0.015,0.03,0.105,prop_127,1000,2000,0.3800025669803,0.8513103584086137,True,0.4713077914283137,0.4713077914283137,0.6571750817952029,0.7078249182047971,-0.2771725148149029,0.14348544020381665,0.050649836409594196,0.13415795501871958,0.2865
rep0068,0.56,0.5583333805698807,alg2,0.15,0.015,0.03,0.105,prop_127,1000,2000,0.13740564711469228,0.65904201546431,True,0.5216363683496177,0.5216363683496177,0.42989915243040977,0.48410084756959026,-0.2924935053157175,0.17494116789471972,0.054201695139180495,0.13143467321043723,0.33599999999999997
rep0069,0.78,0.7830577745455012,alg2,0.15,0.015,0.03,0.105,prop_127,1000,2000,0.5829975573021624,1.1425715721488279,True,0.5595740148466655,0.4170024426978376,0.8522339715138297,0.8887660284861704,-0.2692364142116673,0.25380554366265756,0.03653205697234063,0.13054195787432482,0.3925
rep0070,0.56,0.563090788980235,alg2,0.15,0.015,0.03,0.105,prop_127,1000,2000,0.5136081392776622,0.9965250255659558,True,0.48291688628829355,0.48291688628829355,0.7740771770619638,0.8179228229380363,-0.2604690377843015,0.1786022026279195,0.043845645876072536,0.13607124041222096,0.30300000000000005
rep0071,0.33,0.3264090036193587,alg2,0.15,0.015,0.03,0.105,prop_127,1000,2000,0.030661359590377246,0.5514270553298535,True,0.5207656957394762,0.5207656957394762,0.2921750817952029,0.3428249182047971,-0.26151372220482566,0.20860213712505632,0.050649836409594196,0.1351158593298819,0.3350000000000001
rep0072,0.49,0.48677170664394004,alg2,0.15,0.015,0.03,0.105,prop_127,1000,2000,0.22147986408868514,0.7812171588256208,True,0.5597372947369357,0.5597372947369357,0.5043524094294236,0.5586475905705763,-0.28287254534073847,0.22256956825504448,0.054295181141152726,0.1329421135957829,0.37250000000000005
rep0073,0.70,0.702623162955592,alg2,0.15,0.015,0.03,0.105,prop_127,1000,2000,0.487037969870712,0.9715451172400374,True,0.48450714736932543,0.48450714736932543,0.7605748370944776,0.8054251629055225,-0.2735368672237656,0.166119954334515,0.04485032581104487,0.1266568215582805,0.31300000000000006
rep0074,0.82,0.817783968025029,alg2,0.15,0.015,0.03,0.105,prop_127,1000,2000,0.5299347501161928,1.0220872315386051,True,0.4921524814224123,0.47006524988380716,0.813233218763216,0.8537667812367841,-0.2832984686470231,0.16832045030182102,0.0405335624735681,0.12911891894884414,0.3225
rep0075,0.10,0.10267969872404988,alg2,0.15,0.015,0.03,0.105,prop_127,1000,2000,-0.17580207050658242,0.35782567757873607,True,0.5336277480853184,0.35782567757873607,0.13531120839531285,0.17468879160468714,-0.3111132789018953,0.18313688597404892,0.03937758320937429,0.12425016487594415,0.37000000000000005
rep0076,0.02,0.018399745229811547,alg2,0.15,0.015,0.03,0.105,prop_127,1000,2000,-0.29549059523660215,0.20258116855098138,True,0.49807176378758355,0.20258116855098138,-0.0006054480147420637,0.0036054480147420637,-0.2948851472218601,0.19897572053623933,0.004210896029484127,0.13186086775809946,0.362
rep0077,0.43,0.4319906624239277,alg2,0.15,0.015,0.03,0.105,prop_127,1000,2000,0.11958828879447109,0.6587372484757019,True,0.5391489596812309,0.5391489596812309,0.4393594968544475,0.4936405031455526,-0.3197712080599764,0.16509674533014934,0.054281006291105105,0.13286795339012575,0.352
rep0078,0.13,0.12622531678299564,alg2,0.15,0.015,0.03,0.105,prop_127,1000,2000,-0.1768742839081614,0.25802356723622755,True,0.43489785114438895,0.25802356723622755,0.06661519178311195,0.09638480821688805,-0.24348947569127335,0.1616387590193395,0.029769616433776097,0.1266282347106128,0.2785000000000001
rep0079,0.41,0.41262177518116394,alg2,0.15,0.015,0.03,0.105,prop_127,1000,2000,0.2247742832178681,0.7165179753240862,True,0.49174369210621816,0.49174369210621816,0.46580104002303097,0.520198959976969,-0.24102675680516286,0.19631901534711726,0.054397919953938,0.12534577215228004,0.31200000000000006
rep0080,0.52,0.5201792252244676,alg2,0.15,0.015,0.03,0.105,prop_127,1000,2000,0.347386673891303,0.8755298511192942,True,0.5281431772279912,0.5281431772279912,0.6500290650964573,0.7009709349035427,-0.3026423912051543,0.17455891621575143,0.05094186980708537,0.12670130742090568,0.35050000000000003
rep0081,0.53,0.5264169210416092,alg2,0.15,0.015,0.03,0.105,prop_127,1000,2000,0.1832586239281302,0.6536310566024103,True,0.4703724326742801,0.4703724326742801,0.4348770461955404,0.48912295380445964,-0.2516184222674102,0.1645081027979506,0.05424590760891923,0.12512652506536082,0.29100000000000004
rep0082,0.60,0.6023582352932083,alg2,0.15,0.015,0.03,0.105,prop_127,1000,2000,0.30049235508436645,0.8400762418680507,True,0.5395838867836843,0.5395838867836843,0.6204921870908447,0.6725078129091552,-0.3199998320064783,0.16756842895889554,0.05201562581831043,0.12656826096537394,0.36099999999999993
rep0083,0.39,0.3924388249352025,alg2,0.15,0.015,0.03,0.105,prop_127,1000,2000,0.13172842701312404,0.630223181930617,True,0.49849475491749295,0.49849475491749295,0.3842327708419174,0.4377672291580825,-0.2525043438287934,0.19245595277253447,0.0535344583161651,0.10996029660132778,0.3350000000000001
rep0084,0.58,0.5848810073817661,alg2,0.15,0.015,0.03,0.105,prop_127,1000,2000,0.4450994658665297,0.9825384343635863,True,0.5374389684970566,0.5374389684970566,0.7450358983217333,0.7909641016782667,-0.2999364324552036,0.1915743326853196,0.04592820335653336,0.12751076514052329,0.36399999999999993
rep0085,0.15,0.15233852136627424,alg2,0.15,0.015,0.03,0.105,prop_127,1000,2000,-0.006191513879312716,0.49902240068037146,True,0.5052139145596841,0.49902240068037146,0.2677513783709623,0.31724862162903766,-0.273942892250275,0.1817737790513338,0.04949724325807536,0.11921667130160885,0.33649999999999997
rep0086,0.53,0.5253253490104887,alg2,0.15,0.015,0.03,0.105,prop_127,1000,2000,0.2055139197627356,0.6922710448020613,True,0.48675712503932567,0.48675712503932567,0.4828038150023758,0.5371961849976242,-0.2772898952396402,0.15507485980443708,0.054392369995248435,0.11686475504407728,0.3155
rep0087,0.58,0.5822989281723502,alg2,0.15,0.015,0.03,0.105,prop_127,1000,2000,0.34878590611367716,0.8831675000782441,True,0.5343815939645669,0.5343815939645669,0.6444188991439487,0.6955811008560514,-0.2956329930302715,0.18758639922219267,0.05116220171210273,0.13071939225246415,0.35250000000000004
rep0088,0.46,0.46374490906187904,alg2,0.15,0.015,0.03,0.105,prop_127,1000,2000,0.36571659075640217,0.8213342836074226,True,0.4556176928510204,0.4556176928510204,0.6067783663283439,0.6592216336716561,-0.24106177557194172,0.1621126499357665,0.05244326734331217,0.11317442550770823,0.29
rep0089,0.27,0.2686688295956495,alg2,0.15,0.015,0.03,0.105,prop_127,1000,2000,0.032506473370975286,0.5434635566486998,True,0.5109570832777246,0.5109570832777246,0.2877724313902427,0.3382275686097573,-0.25526595801926744,0.20523598803894252,0.050455137219514556,0.12300194605820997,0.33749999999999997
rep0090,0.39,0.3854407308027258,alg2,0.15,0.015,0.03,0.105,prop_127,1000,2000,0.33359860250795814,0.8010246562103558,True,0.46742605370239765,0.46742605370239765,0.5834648174524016,0.6365351825475983,-0.2498662149444435,0.1644894736627574,0.05307036509519669,0.11385568860720097,0.30049999999999993
rep0091,0.30,0.3007708905744602,alg2,0.15,0.015,0.03,0.105,prop_127,1000,2000,0.11237113002997251,0.6144651321956576,True,0.502094002165685,0.502094002165685,0.3926532354936851,0.4463467645063149,-0.28028210546371257,0.1681183676893427,0.053693529012629804,0.1219004731530553,0.3265
rep0092,0.90,0.8969673286747886,alg2,0.15,0.015,0.03,0.105,prop_127,1000,2000,0.5696388217304893,1.0668615451393266,True,0.49722272340883733,0.4303611782695107,0.8644490691595121,0.8995509308404879,-0.29481024742902284,0.1673106142988388,0.03510186168097573,0.12262086172786163,0.3395
rep0093,0.49,0.49389760047895553,alg2,0.15,0.015,0.03,0.105,prop_127,1000,2000,0.387115913661779,0.8889425649956721,True,0.5018266513338931,0.5018266513338931,0.6863391194044116,0.7356608805955883,-0.2992232057426326,0.15328168440008388,0.049321761191176705,0.1340048901427165,0.3185
rep0094,0.36,0.36249953729567014,alg2,0.15,0.015,0.03,0.105,prop_127,1000,2000,0.22923530084580068,0.7333790857834528,True,0.5041437849376521,0.5041437849376521,0.4742984965406528,0.5287015034593471,-0.24506319569485213,0.20467758232410568,0.05440300691869426,0.11774077801895788,0.33199999999999996
rep0095,0.64,0.6384495913210911,alg2,0.15,0.015,0.03,0.105,prop_127,1000,2000,0.26668697164479316,0.779516000784306,True,0.5128290291395129,0.5128290291395129,0.5390363960773875,0.5929636039226124,-0.27234942443259436,0.18655239686169364,0.05392720784522487,0.118401821294288,0.3405
rep0096,0.19,0.1861533670927711,alg2,0.15,0.015,0.03,0.105,prop_127,1000,2000,-0.04994958362244395,0.44218794439302517,True,0.4921375280154691,0.44218794439302517,0.23322689945180058,0.28077310054819943,-0.28317648307424453,0.16141484384482574,0.047546201096398844,0.12309132691907027,0.3215
rep0097,0.25,0.24732040969853472,alg2,0.15,0.015,0.03,0.105,prop_127,1000,2000,0.11774082735767183,0.6139305408714679,True,0.4961897135137961,0.4961897135137961,0.3842327708419174,0.4377672291580825,-0.2664919434842456,0.17616331171338545,0.0535344583161651,0.136655255197631,0.30600000000000005
rep0098,0.27,0.2733129776799133,alg2,0.15,0.015,0.03,0.105,prop_127,1000,2000,0.10902616789881478,0.6006752246710967,True,0.4916490567722819,0.4916490567722819,0.3526069084783433,0.4053930915216567,-0.24358074057952853,0.19528213314944004,0.052786183043313395,0.12386287372896865,0.31499999999999995
rep0099,0.57,0.5665632698271305,alg2,0.15,0.015,0.03,0.105,prop_127,1000,2000,0.45213918743533016,0.9723753227658782,True,0.520236135330548,0.520236135330548,0.725411374890861,0.772588625109139,-0.2732721874555309,0.1997866976567393,0.0471772502182779,0.11105888511227019,0.362
rep0100,0.84,0.8400038337233839,alg2,0.15,0.015,0.03,0.105,prop_127,1000,2000,0.5860844133031782,1.1053714304608104,True,0.5192870171576323,0.4139155866968218,0.8543547620034362,0.8906452379965639,-0.268270348700258,0.21472619246424657,0.036290475993127735,0.11449654116450464,0.36849999999999994
rep0101,0.09,0.09259465524280322,alg2,0.15,0.015,0.03,0.105,prop_127,1000,2000,-0.11680749003106605,0.39821117978882586,True,0.515018669819892,0.39821117978882586,0.13531120839531285,0.17468879160468714,-0.2521186984263789,0.22352238818413872,0.03937758320937429,0.12014108661051759,0.35550000000000004
rep0102,0.55,0.54833822054849,alg2,0.15,0.015,0.03,0.105,prop_127,1000,2000,0.36347687655220057,0.8954745452980194,True,0.5319976687458188,0.5319976687458188,0.6551326935939604,0.7058673064060396,-0.29165581704175986,0.1896072388919798,0.05073461281207914,0.1227630559337397,0.35849999999999993
rep0103,0.49,0.4875898937659862,alg2,0.15,0.015,0.03,0.105,prop_127,1000,2000,0.42670307014403275,0.9043928489249544,True,0.47768977878092167,0.47768977878092167,0.6827513783709623,0.7322486216290377,-0.2560483082269296,0.17214422729591677,0.04949724325807536,0.12869253552284632,0.29950000000000004
rep0104,0.84,0.844527346239085,alg2,0.15,0.015,0.03,0.105,prop_127,1000,2000,0.44038305757159024,0.9025910222906864,True,0.4622079647190962,0.4622079647190962,0.70019448345754,0.7488055165424601,-0.25981142588594974,0.15378550574822636,0.0486110330849201,0.1040969316341761,0.3095
rep0105,0.49,0.48638138528843694,alg2,0.15,0.015,0.03,0.105,prop_127,1000,2000,0.19782121305595157,0.7930841257285778,True,0.5952629126726262,0.5952629126726262,0.4732983877338773,0.5277016122661226,-0.2754771746779257,0.2653825134624552,0.054403224532245276,0.11935968814038084,0.42150000000000004
rep0106,0.30,0.2975758293502397,alg2,0.15,0.015,0.03,0.105,prop_127,1000,2000,0.13320419448534143,0.6599185983267747,True,0.5267144038414333,0.5267144038414333,0.4015779337172114,0.4554220662827886,-0.26837373923186997,0.2044965320439861,0.053844132565577185,0.12637027127585604,0.34650000000000003
rep0107,0.49,0.48727867062930913,alg2,0.15,0.015,0.03,0.105,prop_127,1000,2000,0.3338553109674386,0.7892512426886102,True,0.45539593172117165,0.45539593172117165,0.5794166761755252,0.6325833238244748,-0.24556136520808658,0.15666791886413545,0.05316664764894963,0.125229284072222,0.277
rep0108,0.35,0.351376552167757,alg2,0.15,0.015,0.03,0.105,prop_127,1000,2000,0.25818230364420275,0.8041100788899674,True,0.5459277752457647,0.5459277752457647,0.557689640932094,0.611310359067906,-0.2995073372878913,0.19279971982206143,0.05362071813581193,0.13730705710995267,0.35500000000000004
rep0109,0.03,0.03182158549482356,alg2,0.15,0.015,0.03,0.105,prop_127,1000,2000,-0.02199064964571179,0.48364030391406204,True,0.5056309535597738,0.48364030391406204,0.2638517994123348,0.3131482005876652,-0.28584244905804657,0.17049210332639686,0.04929640117533041,0.12533455238444347,0.33099999999999996
rep0110,0.84,0.8408454680617381,alg2,0.15,0.015,0.03,0.105,prop_127,1000,2000,0.5456142828125525,1.0414438674279518,True,0.4958295846153993,0.45438571718744747,0.8295209766839771,0.8684790233160229,-0.2839066938714245,0.1729648441119288,0.03895804663204583,0.1088715379833532,0.3480000000000001
rep0111,0.43,0.42557647542285837,alg2,0.15,0.015,0.03,0.105,prop_127,1000,2000,0.05503060648349195,0.5725039462440156,True,0.5174733397605236,0.5174733397605236,0.3250342563413168,0.3769657436586832,-0.2700036498578248,0.19553820258533233,0.05193148731736641,0.12454185244315713,0.341
rep0112,0.20,0.1977004476081061,alg2,0.15,0.015,0.03,0.105,prop_127,1000,2000,0.09800568106464663,0.5891316202996614,True,0.49112593923501474,0.49112593923501474,0.3743369113781098,0.42766308862189023,-0.2763312303134632,0.16146853167777114,0.053326177243780415,0.12929976199123439,0.30849999999999994
rep0113,0.50,0.4991791366377725,alg2,0.15,0.015,0.03,0.105,prop_127,1000,2000,0.17828963759637834,0.6409739244789014,True,0.4626842868825231,0.4626842868825231,0.43637094968311807,0.490629050316882,-0.25808131208673973,0.15034487416201947,0.054258100633763906,0.10942618624875916,0.29900000000000004
rep0114,0.61,0.613244252167947,alg2,0.15,0.015,0.03,0.105,prop_127,1000,2000,0.4139952786546158,0.9104476589335337,True,0.49645238027891797,0.49645238027891797,0.6745574439828728,0.7244425560171273,-0.260562165328257,0.18600510291640648,0.0498851120342545,0.12706726824466347,0.3195
rep0115,0.32,0.3202082063400753,alg2,0.15,0.015,0.03,0.105,prop_127,1000,2000,0.0507394489570514,0.5865367022310721,True,0.5357972532740207,0.5357972532740207,0.33536277597410463,0.38763722402589534,-0.28462332701705323,0.19889947820517678,0.05227444805179071,0.13152280522222992,0.3520000000000001
rep0116,0.77,0.766382026743104,alg2,0.15,0.015,0.03,0.105,prop_127,1000,2000,0.5713244181177084,1.0201721492824172,True,0.4488477311647088,0.4286755818822916,0.8048518515878749,0.8461481484121252,-0.2335274334701665,0.1740240008702921,0.04129629682425029,0.12805143434045851,0.2795000000000001
rep0117,0.68,0.6784440571169228,alg2,0.15,0.015,0.03,0.105,prop_127,1000,2000,0.44238609365502235,0.9629570719152539,True,0.5205709782602316,0.5205709782602316,0.7140776585309481,0.7619223414690519,-0.2716915648759257,0.20103473044620201,0.047844682938103844,0.1252262953221278,0.3474999999999999
rep0118,0.42,0.4243860261335837,alg2,0.15,0.015,0.03,0.105,prop_127,1000,2000,0.2989572082356099,0.883010867037292,True,0.5840536588016821,0.5840536588016821,0.587514834165702,0.6404851658342979,-0.28855762593009215,0.24252570120299413,0.05297033166859588,0.11508332713308628,0.416
rep0119,0.42,0.42460332203803136,alg2,0.15,0.015,0.03,0.105,prop_127,1000,2000,0.08460630778002326,0.596417537520229,True,0.5118112297402058,0.5118112297402058,0.4005858502986296,0.4544141497013704,-0.3159795425186063,0.1420033878188586,0.05382829940274081,0.13048293033746494,0.3275
rep0120,0.65,0.6502263512603628,alg2,0.15,0.015,0.03,0.105,prop_127,1000,2000,0.0748126685733943,0.5779143601625042,False,0.5031016915891099,0.5031016915891099,0.35162053697253604,0.40437946302746397,-0.27680786839914173,0.17353489713504022,0.052758926054927935,0.1363427655341819,0.31400000000000006
rep0121,0.76,0.7644800016558357,alg2,0.15,0.015,0.03,0.105,prop_127,1000,2000,0.6042127051037457,1.123829179128159,True,0.5196164740244132,0.3957872948962543,0.9139374171217141,0.942062582878286,-0.30972471201796836,0.18176659624987285,0.02812516575657198,0.11749130826784121,0.374
rep0122,0.57,0.5690757886312365,alg2,0.15,0.015,0.03,0.105,prop_127,1000,2000,0.46952008949898744,0.9892173411826337,True,0.5196972516836462,0.5196972516836462,0.7538361152822706,0.7991638847177294,-0.28431602578328313,0.19005345646490435,0.0453277694354588,0.1303694822481875,0.344
rep0123,0.42,0.41719685876387674,alg2,0.15,0.015,0.03,0.105,prop_127,1000,2000,0.09221342476485117,0.6055305886080675,True,0.5133171638432164,0.5133171638432164,0.35803407610161925,0.41096592389838077,-0.2658206513367681,0.19456466470968675,0.05293184779676152,0.13138531604645476,0.32900000000000007
rep0124,0.21,0.20996606860775566,alg2,0.15,0.015,0.03,0.105,prop_127,1000,2000,0.17251168629681427,0.6822912989452617,True,0.5097796126484475,0.5097796126484475,0.4040586330635055,0.4579413669364945,-0.23154694676669121,0.22434993200876724,0.05388273387298903,0.13389687877545853,0.32199999999999995
rep0125,0.30,0.2967969555225577,alg2,0.15,0.015,0.03,0.105,prop_127,1000,2000,0.24865381522406188,0.7074483431970042,True,0.45879452797294235,0.45879452797294235,0.48881230493270306,0.5431876950672969,-0.24015848970864118,0.16426064812970725,0.05437539013459386,0.13791913783834836,0.26650000000000007
rep0126,0.70,0.6950525523728668,alg2,0.15,0.015,0.03,0.105,prop_127,1000,2000,0.4304257724222074,0.9430491251527997,True,0.5126233527305923,0.5126233527305923,0.70841811010851,0.7565818898914901,-0.27799233768630255,0.1864672352613096,0.04816377978298014,0.12745957294761212,0.337
rep0127,0.27,0.27417071432743445,alg2,0.15,0.015,0.03,0.105,prop_127,1000,2000,0.10508991423450809,0.6556987305970214,True,0.5506088163625134,0.5506088163625134,0.3901757762192063,0.44382422378079367,-0.2850858619846982,0.21187450681622783,0.053648447561587376,0.13046036880092599,0.36650000000000005
rep0128,0.21,0.20962222296074454,alg2,0.15,0.015,0.03,0.105,prop_127,1000,2000,-0.09413280002184987,0.381942608149366,True,0.47607540817121585,0.381942608149366,0.17248738303922118,0.21551261696077884,-0.26662018306107105,0.16642999118858717,0.04302523392155766,0.13255017424965826,0.30049999999999993
rep0129,0.38,0.3824381869736448,alg2,0.15,0.015,0.03,0.105,prop_127,1000,2000,0.056051056804722055,0.5575291719565165,True,0.5014781151517944,0.5014781151517944,0.3206119538524194,0.37238804614758053,-0.26456089704769736,0.18514112580893594,0.051776092295161114,0.10920202285663316,0.34050000000000014
rep0130,0.77,0.7675142854691408,alg2,0.15,0.015,0.03,0.105,prop_127,1000,2000,0.746644607746294,1.2074144864701761,True,0.4607698787238821,0.25335539225370596,1.0,1.0,-0.25335539225370596,0.20741448647017613,0.0,0.12676987872388212,0.33399999999999996
rep0131,0.33,0.3273477209373877,alg2,0.15,0.015,0.03,0.105,prop_127,1000,2000,0.014356389788285184,0.5045392455123983,True,0.4901828557241131,0.4901828557241131,0.2965804626755236,0.3474195373244764,-0.28222407288723844,0.15711970818792187,0.050839074648952765,0.11734378107516036,0.32199999999999995
rep0132,0.56,0.5611586307860696,alg2,0.15,0.015,0.03,0.105,prop_127,1000,2000,0.30865153677590346,0.7919924473885466,True,0.4833409106126431,0.4833409106126431,0.557184990970771,0.6108150090292289,-0.24853345419486755,0.18117743835931768,0.05363001805845791,0.11771089255418526,0.312
rep0133,0.74,0.7368054753056534,alg2,0.15,0.015,0.03,0.105,prop_127,1000,2000,0.5475362229082795,1.0360300736773311,True,0.4884938507690516,0.4524637770917205,0.828468096102422,0.867531903897578,-0.2809318731941425,0.1684981697797533,0.03906380779515595,0.13243004297389582,0.31699999999999995
rep0134,0.41,0.4088117305212921,alg2,0.15,0.015,0.03,0.105,prop_127,1000,2000,0.2514214355927036,0.7544206447941245,True,0.5029992092014209,0.5029992092014209,0.5244430498969129,0.578556950103087,-0.27302161430420935,0.17586369469103744,0.054113900206174126,0.1223853089952468,0.3265
rep0135,0.25,0.25154474241705743,alg2,0.15,0.015,0.03,0.105,prop_127,1000,2000,-0.202776547855821,0.30468987722165336,True,0.5074664250774743,0.30468987722165336,0.09904615566708484,0.13395384433291518,-0.30182270352290586,0.17073603288873818,0.03490768866583034,0.133058736411644,0.3395
rep0136,0.69,0.6887079765048779,alg2,0.15,0.015,0.03,0.105,prop_127,1000,2000,0.4363571666874167,0.9503119388404975,True,0.5139547721530808,0.5139547721530808,0.7032771850833959,0.7517228149166042,-0.2669200183959792,0.19858912392389333,0.048445629833208326,0.1310091423198726,0.3344999999999999
rep0137,0.53,0.5275458634709043,alg2,0.15,0.015,0.03,0.105,prop_127,1000,2000,0.1525805845505217,0.6506746925606549,True,0.4980941080101332,0.4980941080101332,0.40902213014184924,0.46297786985815076,-0.25644154559132754,0.18769682270250415,0.05395573971630152,0.12513836829383163,0.31900000000000006
rep0138,0.68,0.6836662035569702,alg2,0.15,0.015,0.03,0.105,prop_127,1000,2000,0.4215208812889125,0.9552443118258189,True,0.5337234305369064,0.5337234305369064,0.7145924014265495,0.7624075985734506,-0.29307152013763693,0.19283671325236823,0.04781519714690119,0.13140823339000512,0.35450000000000004
rep0139,0.34,0.34246234424060046,alg2,0.15,0.015,0.03,0.105,prop_127,1000,2000,-0.05313898663771072,0.4520383056215027,True,0.5051772922592135,0.4520383056215027,0.227411374890861,0.274588625109139,-0.2805503615285717,0.1774496805123637,0.04717725021827801,0.1305000420409354,0.3275
rep0140,0.76,0.76026167043702,alg2,0.15,0.015,0.03,0.105,prop_127,1000,2000,0.3992081018544805,0.8961925335504011,True,0.49698443169592055,0.49698443169592055,0.6668838386629148,0.7171161613370851,-0.26767573680843426,0.1790763722133159,0.05023232267417033,0.11975210902175015,0.327
rep0141,0.37,0.3662954280554882,alg2,0.15,0.015,0.03,0.105,prop_127,1000,2000,-0.04987255485946013,0.44249806158463956,True,0.4923706164440997,0.44249806158463956,0.22499000440986366,0.27200999559013633,-0.2748625592693238,0.1704880659945032,0.04701999118027267,0.13485062526382685,0.3105000000000001
rep0142,0.75,0.7451563627738389,alg2,0.15,0.015,0.03,0.105,prop_127,1000,2000,0.5827590827157345,1.080435264679668,True,0.4976761819639335,0.4172409172842655,0.8842153564214124,0.9167846435785876,-0.30145627370567785,0.16365062110108036,0.03256928715717522,0.12410689480675824,0.34099999999999997
rep0143,0.90,0.897294643447469,alg2,0.15,0.015,0.03,0.105,prop_127,1000,2000,0.680597471967527,1.1269982955355538,True,0.4464008235680268,0.31940252803247304,0.953865212992464,0.974134787007536,-0.273267741024937,0.15286350852801783,0.02026957401507201,0.09563124955295482,0.3305
rep0144,0.74,0.7412687251743392,alg2,0.15,0.015,0.03,0.105,prop_127,1000,2000,0.3265134915499651,0.8548949754758646,True,0.5283814839258995,0.5283814839258995,0.6225257800660716,0.6744742199339283,-0.2960122885161065,0.18042075554193626,0.05194843986785669,0.1284330440580428,0.348
rep0145,0.83,0.8325232975898993,alg2,0.15,0.015,0.03,0.105,prop_127,1000,2000,0.732205095738774,1.212502357280324,True,0.48029726154154995,0.267794904261226,1.0,1.0,-0.267794904261226,0.21250235728032393,0.0,0.1287972615415499,0.35150000000000003
rep0146,0.41,0.4065789411622467,alg2,0.15,0.015,0.03,0.105,prop_127,1000,2000,0.16239853385062464,0.6397754562837623,True,0.4773769224331377,0.4773769224331377,0.4199516245637023,0.47404837543629774,-0.25755309071307764,0.16572708084746451,0.05409675087259547,0.10878017156054215,0.3145
rep0147,0.55,0.5491873758139197,alg2,0.15,0.015,0.03,0.105,prop_127,1000,2000,0.33362671333635446,0.8086864909822792,True,0.4750597776459247,0.4750597776459247,0.587514834165702,0.6404851658342979,-0.2538881208293476,0.16820132514798125,0.05297033166859588,0.12758944597732885,0.2945
rep0148,0.73,0.7275578003271946,alg2,0.15,0.015,0.03,0.105,prop_127,1000,2000,0.4222654113300347,0.8988125902297905,True,0.47654717889975584,0.47654717889975584,0.6919806198145335,0.7410193801854665,-0.2697152084844988,0.15779321004432406,0.04903876037093302,0.12500841852882294,0.30249999999999994
rep0149,0.15,0.14942201113331577,alg2,0.15,0.015,0.03,0.105,prop_127,1000,2000,-0.07259152548261052,0.4587987759216259,True,0.5313903014042364,0.4587987759216259,0.23856295562694327,0.2864370443730568,-0.3111544811095538,0.1723617315485691,0.04787408874611351,0.12201621265812285,0.36150000000000004
rep0150,0.66,0.6594739645358743,alg2,0.15,0.015,0.03,0.105,prop_127,1000,2000,0.3466717434045787,0.8629492591516038,True,0.5162775157470252,0.5162775157470252,0.6174427307009551,0.6695572692990448,-0.27077098729637644,0.193391989852559,0.05211453859808968,0.11666297714893542,0.34750000000000003
rep0151,0.25,0.24827371044222815,alg2,0.15,0.015,0.03,0.105,prop_127,1000,2000,-0.12081804464193796,0.40772110613440365,True,0.5285391507763416,0.40772110613440365,0.1796777340558227,0.2233222659441773,-0.3004957786977607,0.18439884019022634,0.0436445318883546,0.13239461888798698,0.35250000000000004
rep0152,0.51,0.5121843296922564,alg2,0.15,0.015,0.03,0.105,prop_127,1000,2000,0.1435083477965356,0.6807112769197217,True,0.5372029291231861,0.5372029291231861,0.4838049577232317,0.5381950422767684,-0.3402966099266961,0.14251623464295332,0.05439008455353672,0.11931284456964936,0.36350000000000005
rep0153,0.26,0.25937349786959984,alg2,0.15,0.015,0.03,0.105,prop_127,1000,2000,-0.10199517875619735,0.4037035448287538,True,0.5056987235849512,0.4037035448287538,0.17392448039066444,0.21707551960933558,-0.2759196591468618,0.18662802521941824,0.04315103921867114,0.13104768436628,0.3315
rep0154,0.21,0.2082717208448632,alg2,0.15,0.015,0.03,0.105,prop_127,1000,2000,-0.12395782536201141,0.40443851976437556,True,0.528396345126387,0.40443851976437556,0.19361228520784088,0.23838771479215912,-0.3175701105698523,0.16605080497221644,0.04477542958431824,0.12412091554206883,0.35949999999999993
rep0155,0.25,0.2453504546980276,alg2,0.15,0.015,0.03,0.105,prop_127,1000,2000,0.041869659173471185,0.5912609395301078,True,0.5493912803566366,0.5493912803566366,0.32405130274324967,0.3759486972567503,-0.2821816435697785,0.21531224227335755,0.051897394513500616,0.136993885843136,0.36050000000000004
rep0156,0.75,0.7475338642148317,alg2,0.15,0.015,0.03,0.105,prop_127,1000,2000,0.5764074197915178,1.0924580189306354,True,0.5160505991391177,0.42359258020848223,0.8831428184725787,0.9158571815274212,-0.3067353986810609,0.17660083740321425,0.032714363054842543,0.1283362360842752,0.355
rep0157,0.04,0.039363710895215086,alg2,0.15,0.015,0.03,0.105,prop_127,1000,2000,-0.24324233208609983,0.2613342442761828,True,0.5045765763622826,0.2613342442761828,0.03637042211560784,0.05962957788439216,-0.27961275420170767,0.20170466639179063,0.023259155768784318,0.13631742059349827,0.34500000000000003
rep0158,0.81,0.8083218996639709,alg2,0.15,0.015,0.03,0.105,prop_127,1000,2000,0.4310620089589336,0.9383348275653559,True,0.5072728186064224,0.5072728186064224,0.7130482926408878,0.7609517073591122,-0.28198628368195416,0.1773831202062437,0.04790341471822446,0.1268694038881979,0.33249999999999996
rep0159,0.74,0.7437225016026947,alg2,0.15,0.015,0.03,0.105,prop_127,1000,2000,0.3816210871127991,0.9110200098695294,True,0.5293989227567303,0.5293989227567303,0.6735338415698446,0.7234661584301554,-0.29191275445704556,0.18755385143937395,0.049932316860310744,0.1279666058964195,0.35150000000000003
rep0160,0.16,0.16231761868478653,alg2,0.15,0.015,0.03,0.105,prop_127,1000,2000,-0.14145635157962277,0.34194870972761454,True,0.4834050613072373,0.34194870972761454,0.15480531839291456,0.19619468160708542,-0.29626166997253733,0.14575402812052912,0.04138936321417086,0.12951569809306646,0.3125
rep0161,0.18,0.17989688605408732,alg2,0.15,0.015,0.03,0.105,prop_127,1000,2000,-0.008511092693359201,0.5091356188420109,True,0.51764671153537,0.5091356188420109,0.2711654071839984,0.3208345928160016,-0.2796764998773576,0.18830102602600926,0.04966918563200318,0.11797752590336674,0.3500000000000001
rep0162,0.81,0.8138683302030187,alg2,0.15,0.015,0.03,0.105,prop_127,1000,2000,0.492057557221234,1.0033295543060203,True,0.5112719970847863,0.507942442778766,0.7704385758376655,0.8145614241623345,-0.2783810186164315,0.18876813014368582,0.04412284832466895,0.12064914876011729,0.34650000000000003
rep0163,0.22,0.22125079618287574,alg2,0.15,0.015,0.03,0.105,prop_127,1000,2000,-0.14965769379658933,0.37701467178010484,True,0.5266723655766942,0.37701467178010484,0.14243015820036053,0.18256984179963948,-0.29208785199694987,0.19444482998046536,0.04013968359927894,0.11653268197741523,0.37
rep0164,0.59,0.5875930004047152,alg2,0.15,0.015,0.03,0.105,prop_127,1000,2000,0.1411940155060727,0.6714310428593286,True,0.530237027353256,0.530237027353256,0.4254213996752891,0.47957860032471095,-0.2842273841692164,0.1918524425346177,0.054157200649421866,0.1280798267038341,0.348
rep0165,0.52,0.5153033839925631,alg2,0.15,0.015,0.03,0.105,prop_127,1000,2000,0.3863842760628228,0.9007016452495837,True,0.514317369186761,0.514317369186761,0.6592180093317193,0.7097819906682807,-0.2728337332688965,0.190919654581303,0.05056398133656148,0.13325338785019958,0.3304999999999999
rep0166,0.22,0.2213474430979118,alg2,0.15,0.015,0.03,0.105,prop_127,1000,2000,-0.043089782408578886,0.4402775993200061,True,0.48336738172858495,0.4402775993200061,0.24196114892481654,0.2900388510751835,-0.28505093133339543,0.15023874824482258,0.04807770215036697,0.13378967957821808,0.30149999999999993
rep0167,0.42,0.41672139865128677,alg2,0.15,0.015,0.03,0.105,prop_127,1000,2000,0.12787469156180425,0.6081485828686484,True,0.4802738913068441,0.4802738913068441,0.3995938792106129,0.4534061207893871,-0.27171918764880865,0.15474246207926132,0.05381224157877418,0.13496164972806995,0.29150000000000004
rep0168,0.56,0.5566249948334794,alg2,0.15,0.015,0.03,0.105,prop_127,1000,2000,0.2098537008050696,0.6886925889385953,True,0.4788388881335257,0.4788388881335257,0.4777997342483581,0.5322002657516419,-0.2679460334432885,0.15649232318695333,0.05440053150328383,0.12393835663024177,0.30050000000000004
rep0169,0.71,0.713573030530184,alg2,0.15,0.015,0.03,0.105,prop_127,1000,2000,0.6178240927958137,1.1193224641842132,True,0.5014983713883995,0.38217590720418626,0.8960483511291835,0.9269516488708165,-0.2782242583333697,0.19237081531339673,0.03090329774163303,0.12809507364676648,0.34249999999999997
rep0170,0.45,0.44651945910683194,alg2,0.15,0.015,0.03,0.105,prop_127,1000,2000,0.259102288353633,0.7920304073448446,True,0.5329281189912116,0.5329281189912116,0.5274604482305495,0.5815395517694505,-0.26835815987691647,0.21049085557539415,0.054079103538901,0.13534901545231065,0.34349999999999997
rep0171,0.27,0.270264513131053,alg2,0.15,0.015,0.03,0.105,prop_127,1000,2000,0.1538166232739644,0.6625674820464282,True,0.5087508587724638,0.5087508587724638,0.43736702245441067,0.4916329775455894,-0.2835503991804463,0.1709345045008388,0.05426595509117871,0.13448490368128507,0.32
rep0172,0.65,0.6499845599620253,alg2,0.15,0.015,0.03,0.105,prop_127,1000,2000,0.35294363302481435,0.8438302072391308,True,0.4908865742143165,0.4908865742143165,0.6240513027432497,0.6759486972567503,-0.27110766971843536,0.1678815099823805,0.051897394513500616,0.12648917970081575,0.3125000000000001
rep0173,0.30,0.3042174784626514,alg2,0.15,0.015,0.03,0.105,prop_127,1000,2000,0.3286724749788523,0.8625088603305184,False,0.5338363853516661,0.5338363853516661,0.6149023683112311,0.6670976316887689,-0.2862298933323788,0.19541122864174948,0.05219526337753777,0.11214112197412829,0.3695
rep0174,0.87,0.872140940226587,alg2,0.15,0.015,0.03,0.105,prop_127,1000,2000,0.4890849496146348,1.0044235735850677,True,0.515338623970433,0.5109150503853652,0.7860507806231216,0.8289492193768784,-0.29696583100848684,0.17547435420818935,0.04289843875375676,0.12394018521667616,0.34850000000000003
rep0175,0.48,0.48412155508506133,alg2,0.15,0.015,0.03,0.105,prop_127,1000,2000,0.2023980457843831,0.6749363382219022,True,0.4725382924375191,0.4725382924375191,0.4518223765568167,0.5061776234431833,-0.24942433077243356,0.16875871477871898,0.054355246886366615,0.12668304555115245,0.2915000000000001
rep0176,0.50,0.5005474447127507,alg2,0.15,0.015,0.03,0.105,prop_127,1000,2000,0.17029544777117317,0.6306890117073478,True,0.46039356393617464,0.46039356393617464,0.43139223205953287,0.48560776794046717,-0.2610967842883597,0.14508124376688059,0.05421553588093431,0.12517802805524025,0.281
rep0177,0.20,0.195947343891667,alg2,0.15,0.015,0.03,0.105,prop_127,1000,2000,-0.04207303053253647,0.47230842695680797,True,0.5143814574893444,0.47230842695680797,0.2531401125098595,0.30185988749014053,-0.295213143042396,0.17044853946666744,0.048719774980281016,0.13366168250906352,0.3319999999999999
rep0178,0.80,0.7991816460721677,alg2,0.15,0.015,0.03,0.105,prop_127,1000,2000,0.580169073882055,1.1034678106355207,True,0.5232987367534657,0.41983092611794504,0.8517039995984984,0.8882960004015016,-0.27153492571644344,0.21517181023401902,0.03659200080300318,0.11870673595046244,0.368
rep0179,0.81,0.8054567094885533,alg2,0.15,0.015,0.03,0.105,prop_127,1000,2000,0.4541936082192411,0.9897744073554432,True,0.535580799136202,0.535580799136202,0.7403822825225098,0.7866177174774901,-0.2861886743032687,0.2031566898779531,0.04623543495498028,0.12784536418122183,0.3615
rep0180,0.86,0.859919993968241,alg2,0.15,0.015,0.03,0.105,prop_127,1000,2000,0.5739923922663122,1.134697395640875,True,0.5607050033745629,0.42600760773368784,0.9155734316741554,0.9434265683258446,-0.34158103940784323,0.19127082731503037,0.027853136651689203,0.12835186672287358,0.4045000000000001
rep0181,0.09,0.0869791866737043,alg2,0.15,0.015,0.03,0.105,prop_127,1000,2000,-0.22998586551574202,0.2526470959165953,True,0.4826329614323373,0.2526470959165953,0.057027893412848155,0.08497210658715183,-0.28701375892859016,0.16767498932944344,0.027944213174303678,0.11118874825803365,0.34349999999999997
rep0182,0.59,0.5935736228241957,alg2,0.15,0.015,0.03,0.105,prop_127,1000,2000,0.37202288606249734,0.8149768719938835,True,0.44295398593138613,0.44295398593138613,0.6088086337543429,0.6611913662456571,-0.2367857476918456,0.15378550574822636,0.0523827324913142,0.1125712534400719,0.278
rep0183,0.68,0.6831723230360666,alg2,0.15,0.015,0.03,0.105,prop_127,1000,2000,0.22644463706250556,0.7552087165871895,True,0.528764079524684,0.528764079524684,0.511379133236085,0.565620866763915,-0.2849344961735794,0.18958784982327448,0.054241733527830016,0.12352234599685391,0.351
rep0184,0.64,0.6429866477224246,alg2,0.15,0.015,0.03,0.105,prop_127,1000,2000,0.3146004937892336,0.8189802687668326,True,0.504379774977599,0.504379774977599,0.5784049326910322,0.6315950673089678,-0.2638044389017986,0.18738520145786483,0.053190134617935536,0.13318964035966352,0.31799999999999995
rep0185,0.57,0.5745381165713259,alg2,0.15,0.015,0.03,0.105,prop_127,1000,2000,0.2377805376100477,0.7417877049163824,True,0.5040071673063347,0.5040071673063347,0.5249458804672591,0.579054119532741,-0.2871653428572114,0.1627335853836414,0.0541082390654819,0.1238989282408528,0.326
rep0186,0.26,0.25552835430643,alg2,0.15,0.015,0.03,0.105,prop_127,1000,2000,-0.060122903273152145,0.44337880698679616,True,0.5035017102599483,0.44337880698679616,0.2172487509445832,0.26375124905541675,-0.27737165421773535,0.1796275579313794,0.04650249811083354,0.1349992121491148,0.32199999999999995
rep0187,0.45,0.45437456814992283,alg2,0.15,0.015,0.03,0.105,prop_127,1000,2000,0.09077229834085987,0.6227244297145076,True,0.5319521313736477,0.5319521313736477,0.4100151645227209,0.4639848354772791,-0.31924286618186104,0.15873959423722855,0.05396967095455818,0.12748246041908956,0.35050000000000003
rep0188,0.22,0.22024719648747457,alg2,0.15,0.015,0.03,0.105,prop_127,1000,2000,0.03451123074893564,0.5224295031650608,True,0.4879182724161251,0.4879182724161251,0.30883170927163545,0.3601682907283646,-0.2743204785226998,0.16226121243669622,0.05133658145672915,0.13508169095939604,0.3015
rep0189,0.40,0.4042896228583839,alg2,0.15,0.015,0.03,0.105,prop_127,1000,2000,0.1521368096926724,0.6626770819372398,True,0.5105402722445674,0.5105402722445674,0.403066269248603,0.456933730751397,-0.2509294595559306,0.20574335118584286,0.05386746150279398,0.13567281074177345,0.321
rep0190,0.42,0.4202381271065776,alg2,0.15,0.015,0.03,0.105,prop_127,1000,2000,0.11547728462660106,0.6468131780525608,True,0.5313358934259598,0.5313358934259598,0.39761027443016717,0.4513897255698328,-0.2821329898035661,0.1954234524827279,0.053779451139665646,0.12105644228629409,0.35649999999999993
rep0191,0.63,0.6349261713699239,alg2,0.15,0.015,0.03,0.105,prop_127,1000,2000,0.5314492208885842,0.9974857545976341,True,0.46603653370904996,0.46603653370904996,0.7897006579578009,0.8322993420421992,-0.2582514370692167,0.1651864125554349,0.042598684084398375,0.11793784962465159,0.3055
rep0192,0.73,0.7341189948490754,alg2,0.15,0.015,0.03,0.105,prop_127,1000,2000,0.5029663270486362,0.9730773501483789,True,0.47011102309974273,0.47011102309974273,0.7590190287354236,0.8039809712645763,-0.25605270168678734,0.16909637888380258,0.044961942529152754,0.11714908057058987,0.30800000000000005
rep0193,0.24,0.24281262584577007,alg2,0.15,0.015,0.03,0.105,prop_127,1000,2000,-0.035197815086809026,0.5192318263947779,True,0.554429641481587,0.5192318263947779,0.28972882580831216,0.34027117419168784,-0.3249266408951212,0.17896065220309007,0.05054234838337568,0.12438729309821128,0.37949999999999995
rep0194,0.15,0.14717550424342188,alg2,0.15,0.015,0.03,0.105,prop_127,1000,2000,-0.03212270335414999,0.4800617751832478,True,0.5121844785373978,0.4800617751832478,0.21096717689410752,0.2570328231058925,-0.2430898802482575,0.2230289520773553,0.046065646211784966,0.11861883232561282,0.3475
rep0195,0.22,0.22276054321615973,alg2,0.15,0.015,0.03,0.105,prop_127,1000,2000,-0.11964821586945859,0.3960043817817013,True,0.5156525976511599,0.3960043817817013,0.17057202389501644,0.21342797610498357,-0.29022023976447503,0.18257640567671768,0.04285595220996713,0.12429664544119273,0.3485
rep0196,0.89,0.8937836441238065,alg2,0.15,0.015,0.03,0.105,prop_127,1000,2000,0.7569359673853374,1.2037990493269248,True,0.4468630819415874,0.24306403261466258,0.9820762877514562,0.9939237122485438,-0.22514032036611875,0.2098753370783809,0.011847424497087644,0.13201565744449972,0.30299999999999994
rep0197,0.29,0.28710412471458546,alg2,0.15,0.015,0.03,0.105,prop_127,1000,2000,0.057415046917241086,0.514355919313406,True,0.4569408723961649,0.4569408723961649,0.3166831634514794,0.36831683654852065,-0.2592681165342383,0.14603908276488534,0.051633673097041255,0.12780719929912354,0.2775000000000001
rep0198,0.39,0.389571296268631,alg2,0.15,0.015,0.03,0.105,prop_127,1000,2000,0.34286450548652714,0.8848641581192432,True,0.5419996526327161,0.5419996526327161,0.6311741512362525,0.6828258487637475,-0.2883096457497254,0.20203830935549572,0.05165169752749499,0.13434795510522118,0.3559999999999999
rep0199,0.59,0.5869226771015745,alg2,0.15,0.015,0.03,0.105,prop_127,1000,2000,0.4194792102085015,0.9390339600376878,True,0.5195547498291864,0.5195547498291864,0.7197420463992974,0.7672579536007027,-0.3002628361907959,0.17177600643698504,0.047515907201405305,0.12853884262778098,0.34349999999999997
rep0200,0.48,0.4770473858657075,alg2,0.15,0.015,0.03,0.105,prop_127,1000,2000,0.287951269329724,0.8106620664452934,True,0.5227107971155693,0.5227107971155693,0.5829586974429696,0.6360413025570305,-0.2950074281132456,0.17462076388826286,0.05308260511406093,0.1251281920015085,0.3445
rep0201,0.94,0.9420692937562978,alg2,0.15,0.015,0.03,0.105,prop_127,1000,2000,0.6225583222123401,1.1831441623176293,True,0.5605858401052892,0.3774416777876599,0.9375870852960271,0.9614129147039729,-0.31502876308368705,0.2217312476136563,0.023825829407945864,0.1372600106973434,0.39949999999999997
rep0202,0.64,0.6419627186113309,alg2,0.15,0.015,0.03,0.105,prop_127,1000,2000,0.19148648089639286,0.7524450546630849,True,0.560958573766692,0.560958573766692,0.4958271686936172,0.5501728313063828,-0.30434068779722434,0.20227222335670203,0.05434566261276563,0.12411291115392642,0.38249999999999995
rep0203,0.87,0.8728690804042695,alg2,0.15,0.015,0.03,0.105,prop_127,1000,2000,0.6905229400000763,1.1750226342642058,True,0.48449969426412953,0.3094770599999237,1.0,1.0,-0.30947705999992364,0.17502263426420583,0.0,0.11999969426412943,0.36450000000000005
rep0204,0.68,0.6817865461635606,alg2,0.15,0.015,0.03,0.105,prop_127,1000,2000,0.3938071563492038,0.8909518309717405,True,0.49714467462253664,0.49714467462253664,0.6643277059578097,0.7146722940421903,-0.27052054960860583,0.1762795369295501,0.05034458808438069,0.12530008653815594,0.3215
rep0205,0.79,0.7948124942749676,alg2,0.15,0.015,0.03,0.105,prop_127,1000,2000,0.5370438802923346,0.9932079175664228,True,0.45616403727408816,0.45616403727408816,0.7818828181206997,0.8251171818793003,-0.2448389378283651,0.16809073568712257,0.04323436375860057,0.12242967351548778,0.2904999999999999
rep0206,0.67,0.6718404300401883,alg2,0.15,0.015,0.03,0.105,prop_127,1000,2000,0.48679567882175123,1.0278849615791021,True,0.5410892827573509,0.5132043211782488,0.7782386993064488,0.8217613006935512,-0.2914430204846976,0.20612366088555087,0.0435226013871024,0.1265666813702485,0.371
rep0207,0.44,0.44111121344232923,alg2,0.15,0.015,0.03,0.105,prop_127,1000,2000,0.2043095058206944,0.7198564024105708,True,0.5155468965898764,0.5155468965898764,0.48130230505202815,0.5356976949479717,-0.27699279923133374,0.1841587074625991,0.05439538989594356,0.12665150669393288,0.33449999999999996
rep0208,0.39,0.3870028123802113,alg2,0.15,0.015,0.03,0.105,prop_127,1000,2000,0.03337107356554575,0.559765907045193,True,0.5263948334796473,0.5263948334796473,0.3191384198901407,0.37086158010985926,-0.28576734632459494,0.18890432693533377,0.05172316021971857,0.12817167325992868,0.34650000000000003
rep0209,0.37,0.3701065675818841,alg2,0.15,0.015,0.03,0.105,prop_127,1000,2000,0.2344587924187694,0.731695426792911,True,0.49723663437414156,0.49723663437414156,0.48080185616403626,0.5351981438359638,-0.24634306374526685,0.19649728295694727,0.0543962876719275,0.13384034670221406,0.30900000000000005
rep0210,0.57,0.5720635590694718,alg2,0.15,0.015,0.03,0.105,prop_127,1000,2000,0.17477093596488136,0.6946461531698337,True,0.5198752172049523,0.5198752172049523,0.47229838773387733,0.5267016122661227,-0.297527451768996,0.16794454090371103,0.05440322453224533,0.12347199267270698,0.342
rep0211,0.64,0.642605059077068,alg2,0.15,0.015,0.03,0.105,prop_127,1000,2000,0.48015037615518674,0.9869127369055436,True,0.5067623607503569,0.5067623607503569,0.7316018577658254,0.7783981422341746,-0.2514514816106387,0.208514594671369,0.04679628446834916,0.12896607628200768,0.331
rep0212,0.73,0.7290562436856705,alg2,0.15,0.015,0.03,0.105,prop_127,1000,2000,0.6099572469721946,1.0208543324439303,True,0.41089708547173576,0.39004275302780544,0.8469382235915117,0.8840617764084884,-0.2369809766193172,0.13679255603544194,0.03712355281697666,0.13427353265475905,0.23950000000000005
rep0213,0.45,0.4504926383647331,alg2,0.15,0.015,0.03,0.105,prop_127,1000,2000,0.35265930912325155,0.8759908014547272,True,0.5233314923314756,0.5233314923314756,0.6602396762086207,0.7107603237913793,-0.3075803670853691,0.16523047766334786,0.05052064758275865,0.13231084474871696,0.3405
rep0214,0.20,0.20067437122531753,alg2,0.15,0.015,0.03,0.105,prop_127,1000,2000,-0.14017723211017222,0.4088013699607575,True,0.5489786020709297,0.4088013699607575,0.15909895321365872,0.20090104678634127,-0.29927618532383093,0.20790032317441623,0.04180209357268255,0.13567650849824708,0.37150000000000005
rep0215,0.49,0.4875285464639332,alg2,0.15,0.015,0.03,0.105,prop_127,1000,2000,0.23035951953312062,0.7225003480743678,True,0.4921408285412472,0.4921408285412472,0.5098729544252643,0.5641270455747358,-0.27951343489214364,0.158373302499632,0.05425409114947155,0.13438673739177576,0.3034999999999999
rep0216,0.74,0.7395392601390693,alg2,0.15,0.015,0.03,0.105,prop_127,1000,2000,0.4101315995424243,0.8742731913557551,True,0.4641415918133308,0.4641415918133308,0.6781411664824578,0.7278588335175421,-0.26800956694003353,0.14641435783821294,0.04971766703508429,0.11742392477824642,0.29700000000000004
rep0217,0.50,0.4987971719081355,alg2,0.15,0.015,0.03,0.105,prop_127,1000,2000,0.3496313370571975,0.8864356067214644,True,0.5368042696642669,0.5368042696642669,0.6383032300189089,0.6896967699810912,-0.28867189296171136,0.19673883674037315,0.05139353996218232,0.1374107297020845,0.34800000000000003
rep0218,0.51,0.5073383061225171,alg2,0.15,0.015,0.03,0.105,prop_127,1000,2000,0.23602467719012277,0.7522185181018425,True,0.5161938409117197,0.5161938409117197,0.5169039035304044,0.5710960964695957,-0.2808792263402816,0.18112242163224682,0.05419219293919131,0.12150164797252838,0.3405
rep0219,0.89,0.8941658073214155,alg2,0.15,0.015,0.03,0.105,prop_127,1000,2000,0.5423525204196822,1.037033390827443,True,0.49468087040776076,0.4576474795803178,0.8448223447360763,0.8821776552639238,-0.3024698243163942,0.15485573556351923,0.03735531052784746,0.10432555987991349,0.3529999999999999
rep0220,0.79,0.7864265865773533,alg2,0.15,0.015,0.03,0.105,prop_127,1000,2000,0.42434297292395895,0.961795522614663,True,0.537452549690704,0.537452549690704,0.7171667183830585,0.7648332816169415,-0.2928237454590995,0.19696224099772144,0.047666563233883075,0.12178598645682093,0.368
rep0221,0.22,0.2163437682887907,alg2,0.15,0.015,0.03,0.105,prop_127,1000,2000,0.01447049716740692,0.44287602059631326,True,0.42840552342890637,0.42840552342890637,0.24244676333390003,0.2905532366661,-0.2279762661664931,0.15232278393021328,0.04810647333219997,0.12379905009670633,0.25650000000000006
rep0222,0.68,0.6820867442155607,alg2,0.15,0.015,0.03,0.105,prop_127,1000,2000,0.5675821645443481,1.0645039069106392,True,0.49692174236629116,0.43241783545565193,0.8751142963261335,0.9088857036738666,-0.3075321317817854,0.15561820323677258,0.033771407347733096,0.12015033501855799,0.34299999999999997
rep0223,0.08,0.07965047967022967,alg2,0.15,0.015,0.03,0.105,prop_127,1000,2000,-0.07934030498963099,0.4252053713527922,True,0.5045456763424232,0.4252053713527922,0.2066228181108868,0.2523771818891132,-0.2859631231005178,0.172828189463679,0.045754363778226365,0.13379131256419674,0.32500000000000007
rep0224,0.25,0.24867478111818783,alg2,0.15,0.015,0.03,0.105,prop_127,1000,2000,0.01698010619843726,0.5268041829647588,True,0.5098240767663216,0.5098240767663216,0.2848388636653053,0.3351611363346947,-0.26785875746686805,0.19164304663006412,0.05032227266938938,0.12250180409693218,0.337
rep0225,0.48,0.4845689469039558,alg2,0.15,0.015,0.03,0.105,prop_127,1000,2000,0.1261917006498426,0.6390402386791229,True,0.5128485380292802,0.5128485380292802,0.4174664691286011,0.47153353087139893,-0.2912747684787585,0.16750670780772392,0.05406706174279785,0.1262814762864824,0.3325
rep0226,0.48,0.47816637756057156,alg2,0.15,0.015,0.03,0.105,prop_127,1000,2000,0.26752424134127123,0.7340031651865997,True,0.46647892384532846,0.46647892384532846,0.5138899802488373,0.5681100197511628,-0.24636573890756602,0.16589314543543693,0.05422003950232557,0.11875888434300297,0.2935
rep0227,0.36,0.35928621215960094,alg2,0.15,0.015,0.03,0.105,prop_127,1000,2000,0.1116627541822276,0.7159304241119444,True,0.6042676699297168,0.6042676699297168,0.4120015675499849,0.4659984324500151,-0.3003388133677573,0.24993199166192934,0.053996864900030195,0.13627080502968658,0.41400000000000003
rep0228,0.76,0.7594286059822114,alg2,0.15,0.015,0.03,0.105,prop_127,1000,2000,0.5445875143613742,1.044457173979146,True,0.49986965961777174,0.4554124856386258,0.7954418125380878,0.8375581874619122,-0.25085429817671356,0.2068989865172337,0.04211637492382447,0.13425328469394726,0.3235
rep0229,0.25,0.2514890147025645,alg2,0.15,0.015,0.03,0.105,prop_127,1000,2000,0.0717172088718322,0.5297687310646341,True,0.4580515221928019,0.4580515221928019,0.3250342563413168,0.3769657436586832,-0.2533170474694846,0.15280298740595089,0.05193148731736641,0.1206200348754356,0.28549999999999986
rep0230,0.50,0.49641499509083253,alg2,0.15,0.015,0.03,0.105,prop_127,1000,2000,0.2900112441237378,0.847435923845604,True,0.5574246797218662,0.5574246797218662,0.589540549119027,0.642459450880973,-0.2995293049952892,0.2049764729646309,0.052918901761946024,0.11100577795992,0.3935
rep0231,0.80,0.7983434811723167,alg2,0.15,0.015,0.03,0.105,prop_127,1000,2000,0.4437762943317863,0.9236038629675907,True,0.4798275686358044,0.4798275686358044,0.7120190861299327,0.7599809138700673,-0.2682427917981464,0.16362294909752342,0.04796182774013458,0.13136574089566988,0.3005
rep0232,0.76,0.7565532997342485,alg2,0.15,0.015,0.03,0.105,prop_127,1000,2000,0.38083079650085716,0.8827670685700237,True,0.5019362720691666,0.5019362720691666,0.676093112346127,0.7259068876538729,-0.29526231584526985,0.15686018091615084,0.04981377530774589,0.11812249676142061,0.3340000000000001
rep0233,0.52,0.5169508350813503,alg2,0.15,0.015,0.03,0.105,prop_127,1000,2000,0.3318561662739094,0.8340048867938636,True,0.5021487205199542,0.5021487205199542,0.587514834165702,0.6404851658342979,-0.25565866789179265,0.19351972095956568,0.05297033166859588,0.13267838885135824,0.31650000000000006
rep0234,0.24,0.2370544948518857,alg2,0.15,0.015,0.03,0.105,prop_127,1000,2000,0.05925635654409228,0.6063629723634693,True,0.5471066158193769,0.5471066158193769,0.35014120346049965,0.40285879653950035,-0.29088484691640737,0.20350417582396887,0.0527175930790007,0.12538902274037617,0.36900000000000005
rep0235,0.17,0.17288434210222248,alg2,0.15,0.015,0.03,0.105,prop_127,1000,2000,0.1273018809014076,0.6340062986909822,True,0.5067044177895746,0.5067044177895746,0.41398841570603756,0.46801158429396245,-0.28668653480462997,0.1659947143970198,0.054023168587924886,0.1221812492016498,0.33049999999999996
rep0236,0.47,0.47392236061284154,alg2,0.15,0.015,0.03,0.105,prop_127,1000,2000,0.2458067787737988,0.7683288641652641,True,0.5225220853914654,0.5225220853914654,0.539540032354316,0.593459967645684,-0.2937332535805172,0.1748688965195801,0.05391993529136796,0.12810215010009735,0.34049999999999997
rep0237,0.21,0.20973108962931705,alg2,0.15,0.015,0.03,0.105,prop_127,1000,2000,-0.08353203563524439,0.45149577534717344,True,0.5350278109824178,0.45149577534717344,0.19650052248373892,0.24149947751626108,-0.2800325581189833,0.2099962978309124,0.04499895503252216,0.13302885594989572,0.357
rep0238,0.49,0.4874129907226953,alg2,0.15,0.015,0.03,0.105,prop_127,1000,2000,0.31695926863872326,0.7764341460834112,True,0.45947487744468796,0.45947487744468796,0.5365186333956558,0.5904813666043442,-0.21955936475693252,0.18595277947906702,0.053962733208688496,0.11851214423599954,0.28700000000000003
rep0239,0.61,0.6112675775109,alg2,0.15,0.015,0.03,0.105,prop_127,1000,2000,0.4414167475402049,0.9943055339175078,True,0.5528887863773029,0.5528887863773029,0.7362487509445832,0.7827512490554167,-0.2948320034043783,0.21155428486209102,0.04650249811083351,0.13088628826646936,0.3755
rep0240,0.83,0.8330230644374834,alg2,0.15,0.015,0.03,0.105,prop_127,1000,2000,0.4978125782333826,0.9968761254107855,True,0.4990635471774029,0.4990635471774029,0.7917875449650642,0.8342124550349357,-0.2939749667316816,0.1626636703758498,0.04242491006987148,0.12063863710753137,0.336
rep0241,0.09,0.08800068387601229,alg2,0.15,0.015,0.03,0.105,prop_127,1000,2000,-0.23325114925714624,0.27876552373905283,True,0.512016672996199,0.27876552373905283,0.052492646542009094,0.07950735345799091,-0.2857437957991553,0.1992581702810619,0.027014706915981818,0.13550196608021725,0.3495
rep0242,0.36,0.35514568575172045,alg2,0.15,0.015,0.03,0.105,prop_127,1000,2000,0.04164509769944963,0.6304702450346457,True,0.588825147335196,0.588825147335196,0.35606014559108834,0.4089398544089117,-0.3144150478916387,0.22153039062573399,0.052879708817823334,0.13094543851737284,0.4049999999999999
rep0243,0.05,0.046892072024196256,alg2,0.15,0.015,0.03,0.105,prop_127,1000,2000,0.0043232519634059385,0.5544919128885487,True,0.5501686609251428,0.5501686609251428,0.2965804626755236,0.3474195373244764,-0.2922572107121177,0.2070723755640723,0.050839074648952765,0.11232958627618989,0.38700000000000007
rep0244,0.69,0.6944375779997,alg2,0.15,0.015,0.03,0.105,prop_127,1000,2000,0.3671152948681158,0.8525017681545806,True,0.4853864732864648,0.4853864732864648,0.6393221838619176,0.6906778161380824,-0.27220688899380185,0.1618239520164981,0.0513556322761648,0.12653084101030004,0.30749999999999994
rep0245,0.89,0.886166604165183,alg2,0.15,0.015,0.03,0.105,prop_127,1000,2000,0.7327319696176672,1.184105560532204,True,0.45137359091453677,0.2672680303823328,1.0,1.0,-0.2672680303823328,0.1841055605322039,0.0,0.1278735909145367,0.3235
rep0246,0.30,0.298515702451568,alg2,0.15,0.015,0.03,0.105,prop_127,1000,2000,0.03481985065980164,0.5269833143688898,True,0.49216346370908814,0.49216346370908814,0.3191384198901407,0.37086158010985926,-0.28431856923033905,0.15612173425903053,0.05172316021971857,0.12894030348936958,0.3115
rep0247,0.79,0.7946551174615434,alg2,0.15,0.015,0.03,0.105,prop_127,1000,2000,0.4418694125625123,0.9811274970670575,True,0.5392580845045452,0.5392580845045452,0.733666712338801,0.780333287661199,-0.2917972997762887,0.2007942094058585,0.04666657532239804,0.1250915091821473,0.36749999999999994
rep0248,0.56,0.563712294337859,alg2,0.15,0.015,0.03,0.105,prop_127,1000,2000,0.48647980929838913,0.982483786153765,True,0.49600397685537584,0.49600397685537584,0.7362487509445832,0.7827512490554167,-0.24976894164619406,0.19973253709834826,0.04650249811083351,0.13300147874454232,0.3165
rep0249,0.42,0.4186202762119195,alg2,0.15,0.015,0.03,0.105,prop_127,1000,2000,0.21433226578263775,0.7405236544234979,True,0.5261913886408601,0.5261913886408601,0.48080185616403626,0.5351981438359638,-0.2664695903813985,0.20532551058753418,0.0543962876719275,0.12229510096893281,0.34949999999999987
rep0250,0.61,0.6068156800833652,alg2,0.15,0.015,0.03,0.105,prop_127,1000,2000,0.48382740106847033,1.0003982394090514,True,0.516570838340581,0.5161725989315297,0.7553904903072617,0.8006095096927384,-0.27156308923879136,0.199788729716313,0.04521901938547668,0.13285181895510434,0.3385
rep0251,0.86,0.8618993400469015,alg2,0.15,0.015,0.03,0.105,prop_127,1000,2000,0.3384230075036362,0.872278187184092,True,0.5338551796804558,0.5338551796804558,0.6393221838619176,0.6906778161380824,-0.30089917635828145,0.1816003710460096,0.0513556322761648,0.12699954740429104,0.3555
rep0252,0.67,0.6697353685544964,alg2,0.15,0.015,0.03,0.105,prop_127,1000,2000,0.28851341830372634,0.8583201543055539,True,0.5698067360018275,0.5698067360018275,0.5915667369614611,0.6444332630385389,-0.30305331865773477,0.21388689126701504,0.05286652607707776,0.1219402099247498,0.39499999999999996
rep0253,0.23,0.2315792110325076,alg2,0.15,0.015,0.03,0.105,prop_127,1000,2000,-0.10416846926990006,0.36994501822205816,True,0.47411348749195825,0.36994501822205816,0.18159718396279892,0.22540281603720105,-0.285765653232699,0.14454220218485708,0.043805632074402134,0.13180785541755602,0.29850000000000004
rep0254,0.35,0.3488156308575838,alg2,0.15,0.015,0.03,0.105,prop_127,1000,2000,-0.004354515543975618,0.45688936277498293,True,0.4612438783189585,0.45688936277498293,0.24633308906642035,0.29466691093357966,-0.25068760461039596,0.16222245184140327,0.048333821867159316,0.11941005645179925,0.2935
rep0255,0.55,0.5452873026238187,alg2,0.15,0.015,0.03,0.105,prop_127,1000,2000,0.4734706673607982,0.9707857495057002,True,0.497315082144902,0.497315082144902,0.7377984960382247,0.7842015039617753,-0.2643278286774265,0.1865842455439249,0.046403007923550676,0.13741207422135132,0.31350000000000006
rep0256,0.33,0.3276252070311755,alg2,0.15,0.015,0.03,0.105,prop_127,1000,2000,0.3182622047499922,0.856885709834352,True,0.5386235050843597,0.5386235050843597,0.5981551305566233,0.6508448694433768,-0.2798929258066311,0.20604084039097514,0.052689738886753545,0.13093376619760627,0.355
rep0257,0.22,0.220046292910381,alg2,0.15,0.015,0.03,0.105,prop_127,1000,2000,0.22968658559879512,0.7211803642209005,False,0.49149377862210536,0.49149377862210536,0.49532592973634476,0.5496740702636551,-0.26563934413754964,0.17150629395724531,0.05434814052731035,0.11914563809479489,0.31800000000000006
rep0258,0.31,0.31273323894841487,alg2,0.15,0.015,0.03,0.105,prop_127,1000,2000,0.18671164915867833,0.6911571422459808,True,0.5044454930873025,0.5044454930873025,0.43686897236149846,0.4911310276385016,-0.25015732320282014,0.20002611460747916,0.05426205527700312,0.12618343781029934,0.32399999999999995
rep0259,0.84,0.8399520058838762,alg2,0.15,0.015,0.03,0.105,prop_127,1000,2000,0.5764564214467325,1.0671163994956645,True,0.490659978048932,0.4235435785532675,0.8554157052817168,0.8915842947182833,-0.2789592838349844,0.17553210477738115,0.03616858943656642,0.1289913886123656,0.3255
rep0260,0.21,0.21464953008967663,alg2,0.15,0.015,0.03,0.105,prop_127,1000,2000,0.0388449951104623,0.5804940083110642,True,0.541649013200602,0.541649013200602,0.3073604798863457,0.35863952011365435,-0.2685154847758834,0.2218544881974099,0.05127904022730867,0.13036997297329322,0.3600000000000001
rep0261,0.61,0.6065874678869797,alg2,0.15,0.015,0.03,0.105,prop_127,1000,2000,0.3162670768966353,0.782439586163446,True,0.4661725092668107,0.4661725092668107,0.5910601455910883,0.6439398544089118,-0.274793068694453,0.13849973175453426,0.052879708817823445,0.12179280044898722,0.2915000000000001
rep0262,0.42,0.41841575630940175,alg2,0.15,0.015,0.03,0.105,prop_127,1000,2000,0.17365699789381245,0.6951210659088619,True,0.5214640680150495,0.5214640680150495,0.452321246715848,0.5066787532841519,-0.27866424882203555,0.18844231262471,0.054357506568303904,0.13060656144674554,0.3365
rep0263,0.64,0.6354933957032018,alg2,0.15,0.015,0.03,0.105,prop_127,1000,2000,0.399681370451333,0.9015432564280184,True,0.5018618859766854,0.5018618859766854,0.6541117008985318,0.7048882991014682,-0.25443033044719876,0.19665495732655008,0.05077659820293645,0.1295852877737489,0.32149999999999995
rep0264,0.36,0.36398743894398605,alg2,0.15,0.015,0.03,0.105,prop_127,1000,2000,0.034624316307203584,0.5776061762672694,True,0.5429818599600658,0.5429818599600658,0.34373387568372316,0.39626612431627684,-0.30910955937651957,0.18134005195099256,0.05253224863255368,0.11944961132751214,0.371
rep0265,0.58,0.5839228597765382,alg2,0.15,0.015,0.03,0.105,prop_127,1000,2000,0.07025477295322119,0.5895550157326219,True,0.5193002427794007,0.5193002427794007,0.35310013891112674,0.40589986108887327,-0.28284536595790555,0.18365515464374865,0.05279972217774653,0.12850052060165412,0.3380000000000001
rep0266,0.86,0.8571151432735223,alg2,0.15,0.015,0.03,0.105,prop_127,1000,2000,0.5863628409921805,1.1295324203024526,True,0.5431695793102721,0.4136371590078195,0.8681770486875233,0.9028229513124766,-0.2818142076953428,0.22670946898997607,0.03464590262495326,0.12252367668531894,0.386
rep0267,0.62,0.6225927707554104,alg2,0.15,0.015,0.03,0.105,prop_127,1000,2000,0.4559156072829264,0.9607971610533393,True,0.504881553770413,0.504881553770413,0.7507286320510329,0.796271367948967,-0.2948130247681065,0.1645257931043723,0.04554273589793412,0.1243388178724788,0.33499999999999996
rep0268,0.27,0.27127696002390533,alg2,0.15,0.015,0.03,0.105,prop_127,1000,2000,0.05279137326367145,0.5514867062662485,True,0.49869533300257707,0.49869533300257707,0.32847557745603195,0.380524422543968,-0.2756842041923605,0.17096228372228045,0.05204884508793606,0.135146487914641,0.31149999999999994
rep0269,0.81,0.80995904835551,alg2,0.15,0.015,0.03,0.105,prop_127,1000,2000,0.7374812785369542,1.2058660730238073,True,0.4683847944868531,0.2625187214630458,1.0,1.0,-0.2625187214630458,0.20586607302380722,0.0,0.13388479448685298,0.3345
rep0270,0.85,0.8472666218190608,alg2,0.15,0.015,0.03,0.105,prop_127,1000,2000,0.7412066615272428,1.203970773050984,True,0.4627641115237413,0.2587933384727572,1.0,1.0,-0.25879333847275715,0.20397077305098416,0.0,0.12676411152374123,0.3360000000000001
rep0271,0.73,0.7295466983738702,alg2,0.15,0.015,0.03,0.105,prop_127,1000,2000,0.5178362554758451,1.0227272712612099,True,0.5048910157853648,0.4821637445241549,0.8337354866919001,0.8722645133080998,-0.31589923121605495,0.15046275795311012,0.038529026616199724,0.12636198916916508,0.33999999999999997
rep0272,0.05,0.054946033858017725,alg2,0.15,0.015,0.03,0.105,prop_127,1000,2000,-0.2787486961436066,0.2550974238659354,True,0.533846120009542,0.2550974238659354,0.0,0.0,-0.2787486961436066,0.2550974238659354,0.0,0.13534612000954188,0.39850000000000013
rep0273,0.28,0.28188189656186624,alg2,0.15,0.015,0.03,0.105,prop_127,1000,2000,-0.09974041587683263,0.38755385645552015,True,0.4872942723323528,0.38755385645552015,0.17440362207831517,0.21759637792168485,-0.2741440379551478,0.1699574785338353,0.04319275584336968,0.12760151648898316,0.31649999999999995
rep0274,0.45,0.4520708586248962,alg2,0.15,0.015,0.03,0.105,prop_127,1000,2000,0.1919137360884381,0.7642138811339693,True,0.5723001450455312,0.5723001450455312,0.5058576839330619,0.5601423160669382,-0.31394394784462376,0.20407156506703109,0.054284632133876354,0.11951551291165485,0.39849999999999997
rep0275,0.53,0.5272745302056078,alg2,0.15,0.015,0.03,0.105,prop_127,1000,2000,0.166156472640833,0.6423689870417766,True,0.4762125144009436,0.4762125144009436,0.44334575983624,0.4976542401637599,-0.27718928719540703,0.14471474687801666,0.05430848032751989,0.1194040340734237,0.3025
rep0276,0.19,0.18801833515699878,alg2,0.15,0.015,0.03,0.105,prop_127,1000,2000,0.06806789675285624,0.5928614503857152,True,0.524793553632859,0.524793553632859,0.31864730516539247,0.3703526948346075,-0.25057940841253623,0.22250875555110772,0.05170538966921501,0.13058816396364403,0.3424999999999999
rep0277,0.39,0.39456858338614365,alg2,0.15,0.015,0.03,0.105,prop_127,1000,2000,0.20284860581165953,0.7104887217323916,True,0.5076401159207321,0.5076401159207321,0.4777997342483581,0.5322002657516419,-0.27495112843669856,0.1782884559807497,0.05440053150328383,0.10573958441744824,0.34750000000000003
rep0278,0.76,0.7554225841633077,alg2,0.15,0.015,0.03,0.105,prop_127,1000,2000,0.4875363949668912,1.0024018653777746,True,0.5148654704108835,0.5124636050331088,0.7662832313119162,0.8107167686880837,-0.278746836345025,0.19168509668969091,0.04443353737616751,0.1309319330347159,0.3395
rep0279,0.04,0.04151735625906018,alg2,0.15,0.015,0.03,0.105,prop_127,1000,2000,-0.28227299023250785,0.17996700428450835,True,0.4622399945170162,0.17996700428450835,0.0,0.0,-0.28227299023250785,0.17996700428450835,0.0,0.11623999451701622,0.346
rep0280,0.54,0.53504006680339,alg2,0.15,0.015,0.03,0.105,prop_127,1000,2000,0.28730331868645176,0.7558378149217155,True,0.4685344962352638,0.4685344962352638,0.5586990260997072,0.6123009739002928,-0.27139570741325547,0.14353684102142272,0.05360194780058558,0.12193254843467816,0.29300000000000004
rep0281,0.55,0.5504709865207026,alg2,0.15,0.015,0.03,0.105,prop_127,1000,2000,0.27369103717983845,0.7563932098848374,True,0.48270217270499893,0.48270217270499893,0.5390363960773875,0.5929636039226124,-0.26534535889754907,0.16342960596222494,0.05392720784522487,0.13727496485977408,0.2914999999999999
rep0282,0.23,0.22710822033450845,alg2,0.15,0.015,0.03,0.105,prop_127,1000,2000,0.07050978412391712,0.5667443294961958,True,0.4962345453722787,0.4962345453722787,0.3166831634514794,0.36831683654852065,-0.24617337932756228,0.19842749294767512,0.051633673097041255,0.12060087227523741,0.32399999999999995
rep0283,0.48,0.4777436706812082,alg2,0.15,0.015,0.03,0.105,prop_127,1000,2000,0.20967007193555326,0.722329788182752,True,0.5126597162471986,0.5126597162471986,0.4938223765568167,0.5481776234431833,-0.28415230462126345,0.17415216473956857,0.054355246886366615,0.120804469360832,0.3375
rep0284,0.41,0.4093964434284971,alg2,0.15,0.015,0.03,0.105,prop_127,1000,2000,0.22323858717592437,0.7393159581243051,True,0.5160773709483807,0.5160773709483807,0.46480185616403624,0.5191981438359637,-0.24156326898811187,0.22011781428834132,0.0543962876719275,0.13818108327645312,0.32350000000000007
rep0285,0.34,0.3408505284075688,alg2,0.15,0.015,0.03,0.105,prop_127,1000,2000,0.18868258934003368,0.718690290902358,True,0.5300077015623244,0.5300077015623244,0.45781061762010583,0.5121893823798942,-0.26912802828007215,0.2065009085224639,0.05437876475978837,0.13662893680253607,0.33899999999999997
rep0286,0.63,0.6326601693945919,alg2,0.15,0.015,0.03,0.105,prop_127,1000,2000,0.4377259816939089,0.949570569797156,True,0.5118445881032472,0.5118445881032472,0.7007081713590881,0.7492918286409118,-0.2629821896651792,0.20027874115624425,0.04858365728182368,0.10376093082142357,0.35949999999999993
rep0287,0.29,0.2853408007468048,alg2,0.15,0.015,0.03,0.105,prop_127,1000,2000,0.0547992365066568,0.5316323127313689,True,0.4768330762247121,0.4768330762247121,0.31962956626785893,0.371370433732141,-0.26483032976120213,0.16026187899922784,0.05174086746428208,0.11059220876042997,0.3145
rep0288,0.12,0.1191548375086374,alg2,0.15,0.015,0.03,0.105,prop_127,1000,2000,-0.16209700405692515,0.33857799880331085,True,0.500675002860236,0.33857799880331085,0.11217411707805028,0.14882588292194973,-0.2742711211349754,0.1897521158813611,0.03665176584389945,0.1285232370163365,0.3355
rep0289,0.55,0.5483031100363225,alg2,0.15,0.015,0.03,0.105,prop_127,1000,2000,0.30228157206156603,0.7766816673505845,True,0.4744000952890185,0.4744000952890185,0.5763817948368226,0.6296182051631773,-0.2741002227752566,0.14706346218740712,0.05323641032635473,0.11916368496266377,0.30199999999999994
rep0290,0.21,0.20681973976642407,alg2,0.15,0.015,0.03,0.105,prop_127,1000,2000,-0.15803882018766727,0.33284084434921,True,0.49087966453687726,0.33284084434921,0.11546740633055777,0.15253259366944225,-0.27350622651822504,0.1803082506797678,0.037065187338884475,0.13081447719799288,0.32299999999999995
rep0291,0.36,0.3560093623139204,alg2,0.15,0.015,0.03,0.105,prop_127,1000,2000,0.06330536546082965,0.5277798655888829,True,0.46447450012805325,0.46447450012805325,0.3191384198901407,0.37086158010985926,-0.25583305442931104,0.15691828547902364,0.05172316021971857,0.13825133990833466,0.2745
rep0292,0.65,0.6539878698642645,alg2,0.15,0.015,0.03,0.105,prop_127,1000,2000,0.4732495190799451,0.9445690718382771,True,0.471319552758332,0.471319552758332,0.7326341992163918,0.7793658007836082,-0.2593846801364467,0.16520327105466898,0.04673160156721634,0.13058795119111571,0.294
rep0293,0.60,0.6000084135548737,alg2,0.15,0.015,0.03,0.105,prop_127,1000,2000,0.43700666383773146,0.9588407799956348,True,0.5218341161579033,0.5218341161579033,0.7187117932538083,0.7662882067461918,-0.28170512941607684,0.19255257324944297,0.04757641349238351,0.11625770266551988,0.35799999999999993
rep0294,0.33,0.32763210151945477,alg2,0.15,0.015,0.03,0.105,prop_127,1000,2000,0.15677699741993606,0.6727018556338231,True,0.5159248582138871,0.5159248582138871,0.4548160065013623,0.5091839934986376,-0.2980390090814262,0.1635178621351855,0.05436798699727535,0.12505687121661174,0.33649999999999997
rep0295,0.88,0.8832141421695131,alg2,0.15,0.015,0.03,0.105,prop_127,1000,2000,0.6984744379291543,1.130477890857089,True,0.43200345292793463,0.3015255620708457,0.9532977220699244,0.9737022779300757,-0.25482328414077,0.15677561292701325,0.02040455586015133,0.13109889706778327,0.28049999999999997
rep0296,0.41,0.4081027203307714,alg2,0.15,0.015,0.03,0.105,prop_127,1000,2000,0.22351725603485906,0.7202107015101877,True,0.4966934454753287,0.4966934454753287,0.5148945113553897,0.5691054886446104,-0.2913772553205306,0.15110521286557738,0.05421097728922075,0.12398246818610803,0.31849999999999995
rep0297,0.27,0.2739059571062849,alg2,0.15,0.015,0.03,0.105,prop_127,1000,2000,0.19680859818838514,0.6921944756669716,True,0.4953858774785864,0.4953858774785864,0.42243747166858825,0.47656252833141177,-0.2256288734802031,0.21563194733555985,0.05412505666282352,0.12026082081576295,0.321
rep0298,0.51,0.5140009157446145,alg2,0.15,0.015,0.03,0.105,prop_127,1000,2000,0.17424709230138102,0.7197829762881707,True,0.5455358839867896,0.5455358839867896,0.47079859174693844,0.5252014082530616,-0.2965514994455574,0.19458156803510912,0.054402816506123164,0.11763306748066654,0.3735
rep0299,0.17,0.1667066850284299,alg2,0.15,0.015,0.03,0.105,prop_127,1000,2000,-0.06016612490859949,0.47579748277666306,True,0.5359636076852625,0.47579748277666306,0.22692701703485432,0.27407298296514565,-0.2870931419434538,0.2017244998115174,0.04714596593029133,0.12581764175497123,0.363
rep0300,0.29,0.2857072276657689,alg2,0.15,0.015,0.03,0.105,prop_127,1000,2000,-0.0422897751223969,0.4955801565606075,True,0.5378699316830045,0.4955801565606075,0.26482647590162584,0.3141735240983741,-0.30711625102402274,0.18140663246223337,0.04934704819674829,0.11702288348625622,0.3714999999999999
rep0301,0.73,0.7339092242236632,alg2,0.15,0.015,0.03,0.105,prop_127,1000,2000,0.4847358761025982,1.0245028851744582,True,0.53976700907186,0.5152641238974018,0.7709582219443233,0.8150417780556768,-0.28622234584172507,0.20946110711878152,0.044083556111353506,0.11968345296050659,0.376
rep0302,0.68,0.6834706483229728,alg2,0.15,0.015,0.03,0.105,prop_127,1000,2000,0.3404091619827271,0.8813618659660405,True,0.5409527039833134,0.5409527039833134,0.6291384198901407,0.6808615801098593,-0.28872925790741366,0.20050028585618115,0.05172316021971857,0.1297295437635948,0.35950000000000004
rep0303,0.61,0.6109959230101963,alg2,0.15,0.015,0.03,0.105,prop_127,1000,2000,0.4026050317772769,0.8936309756802225,True,0.4910259439029456,0.4910259439029456,0.6781411664824578,0.7278588335175421,-0.2755361347051809,0.16577214216268044,0.04971766703508429,0.13180827686786134,0.3095
rep0304,0.56,0.5551292467317489,alg2,0.15,0.015,0.03,0.105,prop_127,1000,2000,0.27891111471532615,0.7964931100469365,True,0.5175819953316103,0.5175819953316103,0.5814405130311064,0.6345594869688935,-0.3025293983157803,0.16193362307804296,0.053118973937787084,0.1359630213938232,0.3285
rep0305,0.10,0.1005941094292902,alg2,0.15,0.015,0.03,0.105,prop_127,1000,2000,-0.0761111519627484,0.41639848517073774,True,0.49250963713348617,0.41639848517073774,0.17823869930644884,0.22176130069355118,-0.25434985126919724,0.19463718447718653,0.043522601387102344,0.12848703574638376,0.3205
rep0306,0.72,0.7188019784642963,alg2,0.15,0.015,0.03,0.105,prop_127,1000,2000,0.46831966164562694,0.9940692676658672,True,0.5257496060202402,0.5257496060202402,0.7517642731564335,0.7972357268435665,-0.2834446115108065,0.19683354082230078,0.04547145368713301,0.13477815233310741,0.3454999999999999
rep0307,0.51,0.5068510117643481,alg2,0.15,0.015,0.03,0.105,prop_127,1000,2000,0.3036317776500865,0.7997827568830327,True,0.4961509792329462,0.4961509792329462,0.5743591214608248,0.6276408785391752,-0.2707273438107383,0.17214187834385747,0.05328175707835037,0.11436922215459588,0.3284999999999999
rep0308,0.14,0.1375084237151595,alg2,0.15,0.015,0.03,0.105,prop_127,1000,2000,-0.09432696807128041,0.4098453805018469,True,0.5041723485731273,0.4098453805018469,0.22983378822015896,0.277166211779841,-0.32416075629143937,0.13267916872200586,0.04733242355968206,0.12433992501344532,0.3324999999999999
rep0309,0.82,0.8230979952228714,alg2,0.15,0.015,0.03,0.105,prop_127,1000,2000,0.6949596363137759,1.1795207838618977,True,0.48456114754812185,0.3050403636862241,1.0,1.0,-0.3050403636862241,0.17952078386189768,0.0,0.13106114754812187,0.3534999999999999
rep0310,0.38,0.3849178123777623,alg2,0.15,0.015,0.03,0.105,prop_127,1000,2000,0.17174446084739692,0.6997033762650562,True,0.5279589154176593,0.5279589154176593,0.46380278115344903,0.5181972188465509,-0.2920583203060521,0.1815061574185053,0.05439443769310187,0.13406447772455743,0.33949999999999997
rep0311,0.14,0.13772731348913403,alg2,0.15,0.015,0.03,0.105,prop_127,1000,2000,0.0024775918409572495,0.5022183233152868,True,0.49974073147432957,0.49974073147432957,0.2662887638645654,0.31571123613543456,-0.26381117202360815,0.1865070871798522,0.049422472270869156,0.12781825920346035,0.3225
rep0312,0.77,0.7651640383991807,alg2,0.15,0.015,0.03,0.105,prop_127,1000,2000,0.4344016023083803,0.9695204808847327,True,0.5351188785763524,0.5351188785763524,0.6991672219798509,0.7478327780201491,-0.2647656196714706,0.2216877028645836,0.04866555604029821,0.13345332253605424,0.353
rep0313,0.87,0.8651511229833888,alg2,0.15,0.015,0.03,0.105,prop_127,1000,2000,0.5690065027697738,1.0897250249130126,True,0.5207185221432388,0.4309934972302262,0.8697763222914039,0.9042236777085961,-0.30076981952163007,0.18550134720441652,0.03444735541719224,0.1362711667260466,0.35
rep0314,0.55,0.5451150387422286,alg2,0.15,0.015,0.03,0.105,prop_127,1000,2000,0.1771985131017344,0.7270087910244691,True,0.5498102779227347,0.5498102779227347,0.46230437275298547,0.5166956272470146,-0.28510585965125107,0.2103131637774546,0.054391254494029095,0.1339190234287056,0.3615000000000001
rep0315,0.56,0.5644661717184385,alg2,0.15,0.015,0.03,0.105,prop_127,1000,2000,0.30504967881158845,0.8012955625325773,True,0.4962458837209888,0.4962458837209888,0.5753704001637681,0.6286295998362319,-0.2703207213521796,0.17266596269634532,0.05325919967246384,0.13048668404852493,0.3125
rep0316,0.63,0.6280829997175954,alg2,0.15,0.015,0.03,0.105,prop_127,1000,2000,0.22060495710039518,0.7465109893705885,True,0.5259060322701933,0.5259060322701933,0.4828038150023758,0.5371961849976242,-0.2621988579019806,0.2093148043729642,0.054392369995248435,0.11951366227494487,0.352
rep0317,0.69,0.6902270980137905,alg2,0.15,0.015,0.03,0.105,prop_127,1000,2000,0.13644341671307403,0.6073266120324425,False,0.4708831953193685,0.4708831953193685,0.4005858502986296,0.4544141497013704,-0.26414243358555556,0.15291246233107217,0.05382829940274081,0.12605489591662766,0.29100000000000004
rep0318,0.14,0.14100463235908287,alg2,0.15,0.015,0.03,0.105,prop_127,1000,2000,-0.022438869101425063,0.5048111570084646,True,0.5272500261098896,0.5048111570084646,0.2677513783709623,0.31724862162903766,-0.29019024747238736,0.1875625353794269,0.04949724325807536,0.13125278285181424,0.34650000000000003
rep0319,0.24,0.23699663893414466,alg2,0.15,0.015,0.03,0.105,prop_127,1000,2000,-0.09809621382626699,0.4424888548380746,True,0.5405850686643416,0.4424888548380746,0.18399766767236775,0.22800233232763223,-0.28209388149863474,0.21448652251044237,0.04400466465526448,0.1335804040090771,0.363
rep0320,0.83,0.827387100801788,alg2,0.15,0.015,0.03,0.105,prop_127,1000,2000,0.5567120344042548,1.004510064126572,True,0.4477980297223173,0.44328796559574524,0.8048518515878749,0.8461481484121252,-0.2481398171836201,0.15836191571444694,0.04129629682425029,0.10650173289806703,0.3
rep0321,0.15,0.14973648197777956,alg2,0.15,0.015,0.03,0.105,prop_127,1000,2000,-0.09973702467751486,0.39618750291433036,True,0.49592452759184524,0.39618750291433036,0.1710507806231216,0.2139492193768784,-0.27078780530063645,0.18223828353745197,0.04289843875375682,0.13202608883808847,0.32099999999999995
rep0322,0.54,0.5440223548145217,alg2,0.15,0.015,0.03,0.105,prop_127,1000,2000,0.3812678067190901,0.8997917831313822,True,0.5185239764122921,0.5185239764122921,0.6505392781885452,0.7014607218114549,-0.26927147146945507,0.19833106131992725,0.050921443622909734,0.12510253278938244,0.3424999999999999
rep0323,0.62,0.6227358224359697,alg2,0.15,0.015,0.03,0.105,prop_127,1000,2000,0.4336974888882188,0.9098833683054947,True,0.47618587941727586,0.47618587941727586,0.7007081713590881,0.7492918286409118,-0.26701068247086934,0.16059153966458284,0.04858365728182368,0.1291022221354522,0.2985
rep0324,0.53,0.530734929476436,alg2,0.15,0.015,0.03,0.105,prop_127,1000,2000,0.24614156809507837,0.7703423959887914,True,0.524200827893713,0.524200827893713,0.5329949360280756,0.5870050639719245,-0.2868533679329972,0.1833373320168669,0.05401012794384896,0.1266906999498641,0.34349999999999997
rep0325,0.79,0.7936689707678996,alg2,0.15,0.015,0.03,0.105,prop_127,1000,2000,0.5332982329517004,1.0686463189141981,True,0.5353480859624977,0.4667017670482996,0.8195302454351985,0.8594697545648016,-0.286232012483498,0.20917656434939658,0.03993950912960309,0.1319085768328946,0.3635
rep0326,0.54,0.5426056725752102,alg2,0.15,0.015,0.03,0.105,prop_127,1000,2000,0.025080066894335173,0.572702622871155,True,0.5476225559768199,0.5476225559768199,0.33634715386829905,0.3886528461317009,-0.3112670869739639,0.18404977673945408,0.05230569226340187,0.13081686371341794,0.36450000000000005
rep0327,0.42,0.41630742171441215,alg2,0.15,0.015,0.03,0.105,prop_127,1000,2000,0.2512376743008864,0.7916091756643,True,0.5403715013634136,0.5403715013634136,0.5637476607777775,0.6172523392222226,-0.3125099864768911,0.1743568364420775,0.053504678444445064,0.13236682291896867,0.3544999999999999
rep0328,0.65,0.6474016966509429,alg2,0.15,0.015,0.03,0.105,prop_127,1000,2000,0.4500323535390712,0.9502821092864471,True,0.500249755747376,0.500249755747376,0.70841811010851,0.7565818898914901,-0.2583857565694388,0.1937002193949569,0.04816377978298014,0.11808597596439568,0.334
rep0329,0.56,0.5580866708595992,alg2,0.15,0.015,0.03,0.105,prop_127,1000,2000,0.37190546765573007,0.863987280864065,True,0.4920818132083349,0.4920818132083349,0.6118549496039387,0.6641450503960613,-0.23994948194820867,0.1998422304680036,0.052290100792122596,0.12279171241621223,0.31700000000000006
rep0330,0.08,0.07776087515982376,alg2,0.15,0.015,0.03,0.105,prop_127,1000,2000,-0.14510363326951908,0.3626462914754186,True,0.5077499247449377,0.3626462914754186,0.13768244407235825,0.17731755592764176,-0.28278607734187733,0.18532873554777685,0.03963511185528351,0.11961481288965425,0.3484999999999999
rep0331,0.49,0.4925135823439831,alg2,0.15,0.015,0.03,0.105,prop_127,1000,2000,0.17752752256126264,0.7265057604800049,True,0.5489782379187422,0.5489782379187422,0.45880903926117583,0.5131909607388241,-0.2812815166999132,0.21331479974118084,0.054381921477648254,0.13009631644109398,0.36450000000000005
rep0332,0.20,0.19968993750111136,alg2,0.15,0.015,0.03,0.105,prop_127,1000,2000,-0.03273603401879105,0.48811570991966113,True,0.5208517439384521,0.48811570991966113,0.2434181101085099,0.29158188989149014,-0.27615414412730094,0.19653382002817102,0.048163779782980254,0.12368796415547206,0.3489999999999999
rep0333,0.74,0.7356380718063558,alg2,0.15,0.015,0.03,0.105,prop_127,1000,2000,0.48180708703298614,1.0651977902492982,True,0.583390703216312,0.5181929129670139,0.7923094096764256,0.8346905903235744,-0.31050232264343947,0.2305071999257237,0.0423811806471488,0.1320095225691631,0.40900000000000003
rep0334,0.61,0.6078119313330457,alg2,0.15,0.015,0.03,0.105,prop_127,1000,2000,0.4062772917021171,0.8856133286892717,True,0.47933603698715455,0.47933603698715455,0.6444188991439487,0.6955811008560514,-0.23814160744183155,0.19003222783322024,0.05116220171210273,0.11967383527505188,0.30849999999999994
rep0335,0.76,0.7579572902940152,alg2,0.15,0.015,0.03,0.105,prop_127,1000,2000,0.4916870022398362,0.9662243989021937,True,0.4745373966623575,0.4745373966623575,0.758500522483739,0.803499477516261,-0.2668135202439028,0.1627249213859327,0.04499895503252205,0.13253844162983547,0.29700000000000004
rep0336,0.06,0.056437219944274426,alg2,0.15,0.015,0.03,0.105,prop_127,1000,2000,-0.23866538650664815,0.2416758286894403,True,0.4803412151960884,0.2416758286894403,0.028903264577524575,0.050096735422475426,-0.2675686510841727,0.19157909326696487,0.02119347084495085,0.11364774435113756,0.34550000000000003
rep0337,0.51,0.5060089444970216,alg2,0.15,0.015,0.03,0.105,prop_127,1000,2000,0.30654602995296193,0.8386702444358444,True,0.5321242144828824,0.5321242144828824,0.6098239501953684,0.6621760498046316,-0.30327792024240646,0.17649419463121274,0.052352099609263236,0.12677211487361928,0.3529999999999999
rep0338,0.64,0.6436869556622545,alg2,0.15,0.015,0.03,0.105,prop_127,1000,2000,0.6072030460026193,1.091915691953163,True,0.48471264595054364,0.3927969539973807,0.8788576060194896,0.9121423939805103,-0.2716545600168703,0.17977329797265254,0.033284787961020745,0.13342785798952278,0.318
rep0339,0.33,0.3281110030493755,alg2,0.15,0.015,0.03,0.105,prop_127,1000,2000,0.06905595676999438,0.5476717425969849,True,0.47861578582699055,0.47861578582699055,0.32700053857639383,0.37899946142360613,-0.25794458180639945,0.16867228117337876,0.0519989228472123,0.10561686297977813,0.32100000000000006
rep0340,0.24,0.2389022860716452,alg2,0.15,0.015,0.03,0.105,prop_127,1000,2000,-0.04045784429967639,0.446944274272538,True,0.4874021185722144,0.446944274272538,0.22692701703485432,0.27407298296514565,-0.2673848613345307,0.17287129130739237,0.04714596593029133,0.11975615264192319,0.3204999999999999
rep0341,0.35,0.34784415563146054,alg2,0.15,0.015,0.03,0.105,prop_127,1000,2000,0.026198235428056937,0.5403364525092267,True,0.5141382170811697,0.5141382170811697,0.32208577181956305,0.3739142281804369,-0.2958875363915061,0.1664222243287898,0.051828456360873854,0.13480976072029593,0.3275
rep0342,0.49,0.4929314917112036,alg2,0.15,0.015,0.03,0.105,prop_127,1000,2000,0.29529632688907514,0.8228430713828302,True,0.527546744493755,0.527546744493755,0.5718314311108293,0.6251685688891707,-0.2765351042217542,0.19767450249365948,0.05333713777834137,0.1282096067154137,0.346
rep0343,0.66,0.6608447442021788,alg2,0.15,0.015,0.03,0.105,prop_127,1000,2000,0.3272187923909629,0.8753367938867523,True,0.5481180014957894,0.5481180014957894,0.6123627759741046,0.6646372240258953,-0.2851439835831417,0.21069956986085706,0.05227444805179071,0.13534355344399884,0.36049999999999993
rep0344,0.38,0.37969779922686203,alg2,0.15,0.015,0.03,0.105,prop_127,1000,2000,0.0845090543716816,0.6264551731746045,True,0.5419461188029229,0.5419461188029229,0.35655358384190017,0.40944641615809985,-0.27204452947021857,0.21700875701650468,0.05289283231619968,0.12855328648672326,0.3605
rep0345,0.96,0.9570659304741378,alg2,0.15,0.015,0.03,0.105,prop_127,1000,2000,0.7151086676518075,1.1743928347560628,True,0.45928416710425535,0.2848913323481925,0.9493391834323052,0.9706608165676948,-0.23423051578049767,0.20373201818836806,0.021321633135389595,0.1209625339688658,0.31699999999999995
rep0346,0.86,0.8623801979751146,alg2,0.15,0.015,0.03,0.105,prop_127,1000,2000,0.5568527165283763,1.0661553605307819,True,0.5093026440024055,0.4431472834716237,0.8633848521153982,0.8986151478846018,-0.3065321355870219,0.1675402126461801,0.03523029576920367,0.13457234823320197,0.3395
rep0347,0.40,0.3956994074496438,alg2,0.15,0.015,0.03,0.105,prop_127,1000,2000,0.26745237831568897,0.7721764353632097,True,0.5047240570475207,0.5047240570475207,0.568293876493078,0.6217061235069219,-0.3008414981773891,0.15047031185628784,0.05341224701384384,0.11931181003367702,0.3319999999999999
rep0348,0.41,0.40686582800690213,alg2,0.15,0.015,0.03,0.105,prop_127,1000,2000,0.146350981774314,0.6447149316709602,True,0.4983639498966462,0.4983639498966462,0.4149820065033625,0.46901799349663753,-0.2686310247290485,0.1756969381743227,0.054035986993275054,0.12582796290337123,0.31849999999999995
rep0349,0.83,0.8271548031327527,alg2,0.15,0.015,0.03,0.105,prop_127,1000,2000,0.573445939022323,1.103944561399039,True,0.5304986223767161,0.426554060977677,0.8815349477634195,0.9144650522365806,-0.3080890087410964,0.1894795091624586,0.03293010447316114,0.127068517903555,0.3705
rep0350,0.37,0.36724731038587727,alg2,0.15,0.015,0.03,0.105,prop_127,1000,2000,0.08953177513387467,0.615535595999375,True,0.5260038208655003,0.5260038208655003,0.36840493269103225,0.4215950673089678,-0.2788731575571576,0.19394052869040723,0.053190134617935536,0.13181368624756484,0.34099999999999997
rep0351,0.64,0.6380978983502209,alg2,0.15,0.015,0.03,0.105,prop_127,1000,2000,0.5675841299789072,1.0466491557387831,True,0.479065025759876,0.43241587002109283,0.8116604583139213,0.8523395416860786,-0.24407632833501414,0.19430961405270442,0.04067908337215731,0.1193859423877186,0.31899999999999995
rep0352,0.47,0.4692598611978995,alg2,0.15,0.015,0.03,0.105,prop_127,1000,2000,0.37389695328430067,0.8725753713496068,True,0.49867841806530616,0.49867841806530616,0.6321922074845368,0.6838077925154633,-0.2582952542002361,0.1887675788341435,0.05161558503092656,0.1245628330343796,0.32249999999999995
rep0353,0.39,0.388463302071118,alg2,0.15,0.015,0.03,0.105,prop_127,1000,2000,0.20654633004173684,0.6880650464917795,True,0.4815187164500426,0.4815187164500426,0.4943235336715526,0.5486764663284474,-0.28777720362981574,0.13938858016333205,0.05435293265689478,0.11466578379314779,0.3125
rep0354,0.59,0.5867490284482921,alg2,0.15,0.015,0.03,0.105,prop_127,1000,2000,0.25172975250353047,0.7565623061673141,True,0.5048325536637837,0.5048325536637837,0.5365186333956558,0.5904813666043442,-0.2847888808921253,0.16608093956296982,0.053962733208688496,0.1348698204550951,0.316
rep0355,0.07,0.06891033291676682,alg2,0.15,0.015,0.03,0.105,prop_127,1000,2000,-0.22637263067706903,0.21779809049865173,True,0.44417072117572076,0.21779809049865173,0.03108729893997808,0.052912701060021924,-0.2574599296170471,0.16488538943862982,0.021825402120043844,0.13134531905567698,0.291
rep0356,0.83,0.8339770816826412,alg2,0.15,0.015,0.03,0.105,prop_127,1000,2000,0.6337997986320846,1.0687445292409878,True,0.43494473060890326,0.3662002013679154,0.8681770486875233,0.9028229513124766,-0.23437725005543875,0.16592157792851134,0.03464590262495326,0.12679882798395004,0.2735000000000001
rep0357,0.23,0.23357126087160932,alg2,0.15,0.015,0.03,0.105,prop_127,1000,2000,-0.03660799198083159,0.47983666714622997,True,0.5164446591270615,0.47983666714622997,0.25898061981453346,0.3080193801854665,-0.29558861179536505,0.17181728696076345,0.04903876037093302,0.13240589875612846,0.335
rep0358,0.53,0.5265095333312138,alg2,0.15,0.015,0.03,0.105,prop_127,1000,2000,0.12315151260907109,0.6570537309587698,True,0.5339022183496988,0.5339022183496988,0.39761027443016717,0.4513897255698328,-0.2744587618210961,0.20566400538893698,0.053779451139665646,0.12962276721003302,0.35050000000000003
rep0359,0.28,0.27842268685814014,alg2,0.15,0.015,0.03,0.105,prop_127,1000,2000,-0.021098024293547457,0.47548238719895064,True,0.4965804114924981,0.47548238719895064,0.24001908612993278,0.28798091387006725,-0.26111711042348024,0.18750147332888337,0.047961827740134466,0.12061858375236356,0.32800000000000007
rep0360,0.78,0.7796643858952914,alg2,0.15,0.015,0.03,0.105,prop_127,1000,2000,0.475397781923512,0.9239680924704416,True,0.44857031054692964,0.44857031054692964,0.7285058563744222,0.7754941436255778,-0.2531080744509102,0.14847394884486392,0.04698828725115556,0.13408202329577407,0.26750000000000007
rep0361,0.30,0.3027840076398436,alg2,0.15,0.015,0.03,0.105,prop_127,1000,2000,-0.11840185751458723,0.4240830375375735,True,0.5424848950521607,0.4240830375375735,0.21289917237728248,0.25910082762271747,-0.3313010298918697,0.16498220991485602,0.046201655245434986,0.12628323980672573,0.37
rep0362,0.94,0.9371878343321084,alg2,0.15,0.015,0.03,0.105,prop_127,1000,2000,0.7416160280542934,1.1964219501332258,True,0.45480592207893245,0.2583839719457066,1.0,1.0,-0.2583839719457066,0.19642195013322594,0.0,0.1318059220789326,0.32299999999999995
rep0363,0.37,0.3704822141512414,alg2,0.15,0.015,0.03,0.105,prop_127,1000,2000,0.03702133357890569,0.5852325595913441,True,0.5482112260124384,0.5482112260124384,0.33634715386829905,0.3886528461317009,-0.29932582028939336,0.1965797134596432,0.05230569226340187,0.11640553374903656,0.3795
rep0364,0.53,0.5338018011999215,alg2,0.15,0.015,0.03,0.105,prop_127,1000,2000,0.3477316757556147,0.8701148666742504,True,0.5223831909186357,0.5223831909186357,0.6077934392026322,0.6602065607973678,-0.2600617634470175,0.20990830587688258,0.05241312159473566,0.1269700693239001,0.34299999999999997
rep0365,0.84,0.8413168065896944,alg2,0.15,0.015,0.03,0.105,prop_127,1000,2000,0.569741465694722,1.0567828238034063,True,0.4870413581086843,0.43025853430527805,0.8337354866919001,0.8722645133080998,-0.2639940209971781,0.1845183104953065,0.038529026616199724,0.12551233149248459,0.323
rep0366,0.12,0.11908796490391335,alg2,0.15,0.015,0.03,0.105,prop_127,1000,2000,-0.11627095647194705,0.3375532848486337,True,0.45382424132058075,0.3375532848486337,0.13246809610242202,0.17153190389757797,-0.24873905257436907,0.16602138095105567,0.03906380779515595,0.12826043352542482,0.2864999999999999
rep0367,0.47,0.4691687310789652,alg2,0.15,0.015,0.03,0.105,prop_127,1000,2000,0.1628261248573059,0.7319153814950555,True,0.5690892566377497,0.5690892566377497,0.4338812477219856,0.48811875227801443,-0.2710551228646797,0.24379662921704112,0.054237504556028826,0.12585175208172084,0.389
rep0368,0.37,0.3734818986954472,alg2,0.15,0.015,0.03,0.105,prop_127,1000,2000,0.22291363542379927,0.7526442981057768,True,0.5297306626819775,0.5297306626819775,0.5279634448281169,0.5820365551718832,-0.3050498094043176,0.1706077429338936,0.054073110343766384,0.12715755233821113,0.34850000000000003
rep0369,0.36,0.35627210403937437,alg2,0.15,0.015,0.03,0.105,prop_127,1000,2000,0.13962640801401566,0.6688579417678802,True,0.5292315337538644,0.5292315337538644,0.4174664691286011,0.47153353087139893,-0.2778400611145854,0.19732441089648126,0.05406706174279785,0.11966447201106667,0.35550000000000004
rep0370,0.38,0.3768362772936027,alg2,0.15,0.015,0.03,0.105,prop_127,1000,2000,0.06674004459319732,0.6045745611425527,True,0.5378345165493554,0.5378345165493554,0.3674166761755252,0.42058332382447483,-0.3006766315823279,0.18399123731807787,0.05316664764894963,0.1251678689004057,0.35950000000000004
rep0371,0.25,0.25274354849262426,alg2,0.15,0.015,0.03,0.105,prop_127,1000,2000,-0.03265550581848034,0.48494390913991725,True,0.5175994149583976,0.48494390913991725,0.2424467633339,0.2905532366661,-0.27510226915238034,0.19439067247381728,0.0481064733322,0.13499294162619768,0.3344999999999999
rep0372,0.19,0.19176179445253563,alg2,0.15,0.015,0.03,0.105,prop_127,1000,2000,0.021640049295514052,0.5238014042298472,True,0.5021613549343331,0.5021613549343331,0.28875056057637877,0.33924943942362124,-0.2671105112808647,0.184551964806226,0.05049887884724247,0.13466247608709075,0.31699999999999995
rep0373,0.63,0.6272188994392105,alg2,0.15,0.015,0.03,0.105,prop_127,1000,2000,0.356081785443942,0.8302204548199563,True,0.47413866937601434,0.47413866937601434,0.6311741512362525,0.6828258487637475,-0.27509236579231056,0.14739460605620885,0.05165169752749499,0.11148697184851947,0.31099999999999994
rep0374,0.27,0.2708767567903986,alg2,0.15,0.015,0.03,0.105,prop_127,1000,2000,-0.021463789916589565,0.4630770318391361,True,0.48454082175572566,0.4630770318391361,0.23856295562694327,0.2864370443730568,-0.26002674554353283,0.17663998746607934,0.04787408874611351,0.11766673300961222,0.31899999999999995
rep0375,0.54,0.5445132551941091,alg2,0.15,0.015,0.03,0.105,prop_127,1000,2000,0.4030568638363704,0.85636454683647,True,0.4533076830000996,0.4533076830000996,0.6622834179248831,0.7127165820751169,-0.2592265540885127,0.14364796476135316,0.0504331641502338,0.12187451884986583,0.281
rep0376,0.65,0.6541327039046094,alg2,0.15,0.015,0.03,0.105,prop_127,1000,2000,0.5728397390351645,1.0619507204800542,True,0.48911098144488974,0.4271602609648355,0.8374271983257299,0.8755728016742702,-0.26458745929056543,0.18637791880578403,0.038145603348540336,0.12846537809634945,0.3225
rep0377,0.43,0.42590792952605844,alg2,0.15,0.015,0.03,0.105,prop_127,1000,2000,0.24855526436711006,0.7392633182013156,True,0.49070805383420557,0.49070805383420557,0.5018441658110125,0.5561558341889875,-0.2532889014439025,0.1831074840123281,0.054311668377974964,0.1293963854562306,0.307
rep0378,0.20,0.2024341660241983,alg2,0.15,0.015,0.03,0.105,prop_127,1000,2000,-0.10856707220257916,0.39802279112064914,True,0.5065898633232283,0.39802279112064914,0.18784110744440174,0.23215889255559824,-0.2964081796469809,0.1658638985650509,0.044317785111196495,0.12827207821203185,0.33399999999999996
rep0379,0.46,0.46190430019363876,alg2,0.15,0.015,0.03,0.105,prop_127,1000,2000,0.1248451461497273,0.5879571241969447,True,0.4631119780472174,0.4631119780472174,0.3936444173649983,0.4473555826350017,-0.268799271215271,0.14060154156194302,0.053711165270003414,0.13490081277721394,0.2745
rep0380,0.55,0.5521673894549264,alg2,0.15,0.015,0.03,0.105,prop_127,1000,2000,0.16045009087263884,0.6939454557035738,True,0.533495364830935,0.533495364830935,0.44135240942942366,0.4956475905705764,-0.2809023185567848,0.19829786513299738,0.054295181141152726,0.1237001836897822,0.35550000000000004
rep0381,0.17,0.1665206389869533,alg2,0.15,0.015,0.03,0.105,prop_127,1000,2000,0.06839918043088533,0.6492706231316767,True,0.5808714427007914,0.5808714427007914,0.38175773035156874,0.4352422696484312,-0.3133585499206834,0.21402835348324556,0.05348453929686248,0.12788690340392894,0.39949999999999997
rep0382,0.34,0.3448362874284561,alg2,0.15,0.015,0.03,0.105,prop_127,1000,2000,0.1652083052880497,0.6715476589125862,True,0.5063393536245364,0.5063393536245364,0.4259188175660211,0.4800811824339789,-0.26071051227797143,0.19146647647860732,0.05416236486795778,0.13017698875657868,0.32200000000000006
rep0383,0.47,0.4672960579978518,alg2,0.15,0.015,0.03,0.105,prop_127,1000,2000,0.17213586466448338,0.7181515836899328,True,0.5460157190254494,0.5460157190254494,0.47379842853636717,0.5282015714636328,-0.3016625638718838,0.18995001222630004,0.05440314292726561,0.12211257609818377,0.36950000000000005
rep0384,0.45,0.45084726900616834,alg2,0.15,0.015,0.03,0.105,prop_127,1000,2000,0.1552560362251756,0.7164582177449574,True,0.5612021815197819,0.5612021815197819,0.47279837413306103,0.527201625866939,-0.31754233790788544,0.1892565918780185,0.054403251733877944,0.13129892978590396,0.37549999999999994
rep0385,0.89,0.8879136274603612,alg2,0.15,0.015,0.03,0.105,prop_127,1000,2000,0.5521676992639635,1.0134863224123236,True,0.46131862314836014,0.4478323007360365,0.813757603471447,0.8542423965285529,-0.2615899042074835,0.15924392588377068,0.04048479305710595,0.13283383009125416,0.28800000000000003
rep0386,0.41,0.4097240031897142,alg2,0.15,0.015,0.03,0.105,prop_127,1000,2000,0.2204518119841148,0.7645388187045269,True,0.5440870067204121,0.5440870067204121,0.4988351756258825,0.5531648243741176,-0.2783833636417677,0.21137399433040924,0.05432964874823515,0.13725735797217692,0.3525
rep0387,0.68,0.6774976632423061,alg2,0.15,0.015,0.03,0.105,prop_127,1000,2000,0.5383455226576892,1.0647175129568307,True,0.5263719902991415,0.4616544773423108,0.8100882834727771,0.850911716527223,-0.2717427608150879,0.21380579642960773,0.04082343305444591,0.13754855724469567,0.348
rep0388,0.75,0.7528096674183,alg2,0.15,0.015,0.03,0.105,prop_127,1000,2000,0.3326882211534692,0.8693281612586916,True,0.5366399401052224,0.5366399401052224,0.6337195308261404,0.6852804691738595,-0.3010313096726712,0.18404769208483213,0.05156093834771913,0.13357900175750337,0.3515
rep0389,0.22,0.2183137079808773,alg2,0.15,0.015,0.03,0.105,prop_127,1000,2000,0.12638774362724975,0.6589997997697878,True,0.532612056142538,0.532612056142538,0.42392931147951723,0.4780706885204828,-0.2975415678522675,0.180929111249305,0.054141377040965555,0.13247067910157245,0.34600000000000003
rep0390,0.22,0.22139342431061027,alg2,0.15,0.015,0.03,0.105,prop_127,1000,2000,-0.03651765767145515,0.4969502754248841,True,0.5334679330963392,0.4969502754248841,0.2575199875161223,0.30648001248387763,-0.29403764518757747,0.1904702629410065,0.04896002496775531,0.12400790812858398,0.3605
rep0391,0.75,0.748822558646661,alg2,0.15,0.015,0.03,0.105,prop_127,1000,2000,0.5133936341935545,1.020211842820284,True,0.5068182086267294,0.48660636580644545,0.7923094096764256,0.8346905903235744,-0.27891577548287105,0.1855212524967095,0.0423811806471488,0.12793702797958062,0.3364999999999999
rep0392,0.94,0.9436897198162599,alg2,0.15,0.015,0.03,0.105,prop_127,1000,2000,0.4538858079024013,0.9761269743343046,True,0.5222411664319033,0.5222411664319033,0.7372818706295828,0.7837181293704171,-0.28339606272718154,0.1924088449638876,0.046436258740834235,0.13130490769106917,0.3445
rep0393,0.83,0.8325016956044307,alg2,0.15,0.015,0.03,0.105,prop_127,1000,2000,0.5851607422494464,1.1087875482880458,True,0.5236268060385995,0.41483925775055364,0.8836790244798366,0.9163209755201634,-0.29851828223039023,0.19246657276788245,0.032641951040326855,0.12848485499827267,0.36250000000000004
rep0394,0.39,0.39170946396776957,alg2,0.15,0.015,0.03,0.105,prop_127,1000,2000,0.004624039621544784,0.5311140562991223,True,0.5264900166775776,0.5264900166775776,0.28386128223843565,0.33413871776156434,-0.27923724261689087,0.19697533853755794,0.05027743552312869,0.12971258115444878,0.34650000000000003
rep0395,0.39,0.39476446793846776,alg2,0.15,0.015,0.03,0.105,prop_127,1000,2000,0.3341509885438929,0.9123207367623309,True,0.578169748218438,0.578169748218438,0.6362657092412051,0.687734290758795,-0.30211472069731216,0.2245864460035359,0.05146858151758993,0.12820116670084813,0.39849999999999997
rep0396,0.67,0.6677316484909898,alg2,0.15,0.015,0.03,0.105,prop_127,1000,2000,0.38887957788966987,0.8590466336196836,True,0.4701670557300137,0.4701670557300137,0.6520701166554336,0.7029298833445664,-0.2631905387657637,0.15611675027511718,0.050859766689132835,0.11630728904088083,0.30300000000000005
rep0397,0.14,0.1404332578252884,alg2,0.15,0.015,0.03,0.105,prop_127,1000,2000,0.0709714169182416,0.5730057881433961,True,0.5020343712251545,0.5020343712251545,0.35556673696146107,0.40843326303853894,-0.28459532004321947,0.16457252510485718,0.05286652607707787,0.11766784514807671,0.3314999999999999
rep0398,0.65,0.6468092434677706,alg2,0.15,0.015,0.03,0.105,prop_127,1000,2000,0.4175480309929569,0.9018799632369499,True,0.48433193224399296,0.48433193224399296,0.6571750817952029,0.7078249182047971,-0.239627050802246,0.1940550450321527,0.050649836409594196,0.12518209583439865,0.30850000000000005
rep0399,0.77,0.7694144518072735,alg2,0.15,0.015,0.03,0.105,prop_127,1000,2000,0.6523403960435781,1.135761983833663,True,0.48342158779008493,0.3476596039564219,0.9204926465420091,0.947507353457991,-0.26815225049843106,0.18825463037567206,0.027014706915981845,0.12890688087410312,0.32749999999999996
rep0400,0.49,0.48743787904866825,alg2,0.15,0.015,0.03,0.105,prop_127,1000,2000,0.29609968937311004,0.8060751646276071,True,0.509975475254497,0.509975475254497,0.5763817948368226,0.6296182051631773,-0.28028210546371257,0.1764569594644297,0.05323641032635473,0.1232390649281423,0.3335
rep0401,0.27,0.2721180025440504,alg2,0.15,0.015,0.03,0.105,prop_127,1000,2000,0.11937157777834406,0.6154669855507306,True,0.4960954077723866,0.4960954077723866,0.4050511088688731,0.4589488911311269,-0.285679531090529,0.1565180944196038,0.053897782262253835,0.10719762551013273,0.3350000000000001
rep0402,0.68,0.6789503433601506,alg2,0.15,0.015,0.03,0.105,prop_127,1000,2000,0.38857229677505395,0.9130831258929686,True,0.5245108291179146,0.5245108291179146,0.6735338415698446,0.7234661584301554,-0.2849615447947907,0.18961696746281315,0.049932316860310744,0.12257851225760386,0.352
rep0403,0.47,0.4677354982899411,alg2,0.15,0.015,0.03,0.105,prop_127,1000,2000,0.1857994421895821,0.6759119862997793,True,0.4901125441101972,0.4901125441101972,0.4643023050520282,0.5186976949479718,-0.2785028628624461,0.15721429135180753,0.05439538989594361,0.12721715421425367,0.30849999999999994
rep0404,0.21,0.20990604916350614,alg2,0.15,0.015,0.03,0.105,prop_127,1000,2000,0.0063102166264247805,0.48881500394534405,True,0.48250478731891927,0.48250478731891927,0.27409311234612704,0.32390688765387293,-0.26778289571970226,0.1649081162914711,0.04981377530774589,0.12369101201117338,0.30899999999999994
rep0405,0.43,0.4311467206251106,alg2,0.15,0.015,0.03,0.105,prop_127,1000,2000,0.160409098670109,0.668673718391881,True,0.508264619721772,0.508264619721772,0.4259188175660211,0.4800811824339789,-0.26550971889591213,0.18859253595790204,0.05416236486795778,0.13660225485381416,0.3175
rep0406,0.47,0.46571649166241225,alg2,0.15,0.015,0.03,0.105,prop_127,1000,2000,0.3115830448475034,0.854033959975219,True,0.5424509151277157,0.5424509151277157,0.595620536972536,0.648379463027464,-0.28403749212503265,0.2056544969477551,0.052758926054927935,0.10669198907278771,0.38300000000000006
rep0407,0.41,0.41375333924820995,alg2,0.15,0.015,0.03,0.105,prop_127,1000,2000,0.28463827367980676,0.8155451699799761,True,0.5309068963001693,0.5309068963001693,0.5718314311108293,0.6251685688891707,-0.2871931574310226,0.1903766010908053,0.05333713777834137,0.11356975852182788,0.364
rep0408,0.49,0.49445316104049586,alg2,0.15,0.015,0.03,0.105,prop_127,1000,2000,0.11425601995615253,0.5885962427590281,True,0.4743402228028756,0.4743402228028756,0.3777991550690322,0.43120084493096783,-0.2635431351128797,0.15739539782806025,0.05340168986193561,0.12743853294093999,0.2935
rep0409,0.38,0.3848050124696291,alg2,0.15,0.015,0.03,0.105,prop_127,1000,2000,0.044612422105046956,0.5922001818244618,True,0.5475877597194148,0.5475877597194148,0.369887535708634,0.42311246429136606,-0.325275113603587,0.16908771753309565,0.05322492858273209,0.12786283113668273,0.36649999999999994
rep0410,0.78,0.7802973816084029,alg2,0.15,0.015,0.03,0.105,prop_127,1000,2000,0.496436992225021,0.9908296148913383,True,0.4943926226663172,0.4943926226663172,0.7564269769866803,0.8015730230133198,-0.25998998476165924,0.1892565918780185,0.04514604602663952,0.12524657663967764,0.32400000000000007
rep0411,0.67,0.6688147999147477,alg2,0.15,0.015,0.03,0.105,prop_127,1000,2000,0.5571717538222385,1.0362643225996364,True,0.4790925687773979,0.4428282461777615,0.8368995769223031,0.8751004230776969,-0.27972782310006455,0.1611638995219395,0.038200846155393764,0.12539172262200404,0.3155
rep0412,0.31,0.306090033488935,alg2,0.15,0.015,0.03,0.105,prop_127,1000,2000,0.0034843254239517174,0.5040366590779758,True,0.5005523336540241,0.5005523336540241,0.2848388636653053,0.3351611363346947,-0.2813545382413536,0.1688755227432811,0.05032227266938938,0.12423006098463468,0.326
rep0413,0.76,0.757066391808175,alg2,0.15,0.015,0.03,0.105,prop_127,1000,2000,0.48360003126283624,1.0266086080976888,True,0.5430085768348526,0.5163999687371638,0.7642067615226292,0.8087932384773707,-0.280606730259793,0.2178153696203181,0.044586476954741494,0.1349220998801111,0.3635
rep0414,0.79,0.7887919900296583,alg2,0.15,0.015,0.03,0.105,prop_127,1000,2000,0.6470511512830561,1.172837920650482,True,0.5257867693674259,0.3529488487169439,0.94596391452771,0.9680360854722899,-0.29891276324465393,0.20480183517819203,0.022072170944579916,0.11821459842284587,0.38550000000000006
rep0415,0.54,0.5440700092001609,alg2,0.15,0.015,0.03,0.105,prop_127,1000,2000,0.20411012318452237,0.7090203698710387,True,0.5049102466865163,0.5049102466865163,0.4783000198812113,0.5326999801187886,-0.2741898966966889,0.17632038975225,0.054399960237577316,0.1270102864489389,0.3235
rep0416,0.25,0.24629157077116925,alg2,0.15,0.015,0.03,0.105,prop_127,1000,2000,-0.0721280724334871,0.44567278893309004,True,0.5178008613665771,0.44567278893309004,0.21869939785169354,0.2653006021483065,-0.29082747028518063,0.18037218678478353,0.046601204296612936,0.12419965706996416,0.347
rep0417,0.40,0.4025470814349371,alg2,0.15,0.015,0.03,0.105,prop_127,1000,2000,0.1045947722213863,0.6037493571996849,True,0.4991545849782986,0.4991545849782986,0.38027304946022694,0.433726950539773,-0.27567827723884064,0.1700224066599119,0.05345390107954606,0.12070068389875255,0.32499999999999996
rep0418,0.89,0.8910069249903315,alg2,0.15,0.015,0.03,0.105,prop_127,1000,2000,0.5667344260845308,1.0378187789141606,True,0.4710843528296298,0.43326557391546916,0.8379548986401182,0.8760451013598818,-0.27122047255558734,0.16177367755427893,0.0380902027197636,0.09749415010986634,0.33549999999999996
rep0419,0.59,0.5935607828378756,alg2,0.15,0.015,0.03,0.105,prop_127,1000,2000,0.3821894020136848,0.9451722364400793,True,0.5629828344263945,0.5629828344263945,0.680702036451849,0.730297963548151,-0.2985126344381642,0.2148742728919283,0.049595927096302006,0.13288690733009245,0.38050000000000006
rep0420,0.57,0.5715466086620452,alg2,0.15,0.015,0.03,0.105,prop_127,1000,2000,0.28592725541360914,0.7918537923909186,True,0.5059265369773094,0.5059265369773094,0.5496186409435192,0.6033813590564808,-0.26369138552991006,0.18847243333443775,0.05376271811296163,0.1336638188643478,0.3185
rep0421,0.25,0.25285566616842686,alg2,0.15,0.015,0.03,0.105,prop_127,1000,2000,-0.09858864935875813,0.4052088090071431,True,0.5037974583659013,0.4052088090071431,0.166265737613473,0.208734262386527,-0.2648543869722311,0.19647454662061611,0.04246852477305402,0.1298289335928472,0.3315
rep0422,0.17,0.16693479447728637,alg2,0.15,0.015,0.03,0.105,prop_127,1000,2000,-0.17731236351953217,0.34612715073485895,True,0.5234395142543911,0.34612715073485895,0.14243015820036053,0.18256984179963948,-0.3197425217198927,0.16355730893521947,0.04013968359927894,0.11929983065511213,0.36400000000000005
rep0423,0.83,0.8258695745189623,alg2,0.15,0.015,0.03,0.105,prop_127,1000,2000,0.5944940143201062,1.06291046954185,True,0.4684164552217439,0.4055059856798938,0.8532941852964894,0.8897058147035107,-0.2588001709763832,0.17320465483833944,0.03641162940702136,0.12550482581472266,0.3065
rep0424,0.64,0.6414983808673556,alg2,0.15,0.015,0.03,0.105,prop_127,1000,2000,0.40327006681160676,0.968457964294567,True,0.5651878974829603,0.5651878974829603,0.7068754241122303,0.7551245758877697,-0.3036053573006235,0.21333338840679722,0.048249151775539456,0.12143874570742075,0.39549999999999996
rep0425,0.26,0.2582053856343371,alg2,0.15,0.015,0.03,0.105,prop_127,1000,2000,-0.005890883917540057,0.48800471382826965,True,0.4938955977458097,0.48800471382826965,0.24001908612993278,0.28798091387006725,-0.24590997004747284,0.2000237999582024,0.047961827740134466,0.12343377000567529,0.32249999999999995
rep0426,0.38,0.38380573094991494,alg2,0.15,0.015,0.03,0.105,prop_127,1000,2000,0.38855972797812627,0.8284995845527483,False,0.43993985657462203,0.43993985657462203,0.6459485497943106,0.6970514502056894,-0.25738882181618433,0.131448134347059,0.05110290041137877,0.13783695616324332,0.251
rep0427,0.65,0.6523685889158428,alg2,0.15,0.015,0.03,0.105,prop_127,1000,2000,0.312752061223798,0.8127136183446921,True,0.49996155712089413,0.49996155712089413,0.5844771454009049,0.6375228545990951,-0.2717250841771069,0.175190763745597,0.05304570919819018,0.13441584792270383,0.31250000000000006
rep0428,0.34,0.34449647918286297,alg2,0.15,0.015,0.03,0.105,prop_127,1000,2000,0.05722667843709578,0.5983852902332077,True,0.541158611796112,0.541158611796112,0.33536277597410463,0.38763722402589534,-0.27813609753700885,0.2107480662073124,0.05227444805179071,0.11588416374432126,0.373
rep0429,0.22,0.21723207027850108,alg2,0.15,0.015,0.03,0.105,prop_127,1000,2000,0.05767036858287189,0.566950068538778,True,0.5092796999559062,0.5092796999559062,0.3348706330063241,0.3871293669936759,-0.2772002644234522,0.17982070154510216,0.05225873398735181,0.1310209659685544,0.32599999999999996
rep0430,0.68,0.6820695962174026,alg2,0.15,0.015,0.03,0.105,prop_127,1000,2000,0.5051544276671659,1.0174579893713636,True,0.5123035617041977,0.4948455723328341,0.7990989532136586,0.8409010467863413,-0.29394452554649275,0.17655694258502236,0.04180209357268261,0.13150146813151514,0.33899999999999997
rep0431,0.28,0.284225366311842,alg2,0.15,0.015,0.03,0.105,prop_127,1000,2000,0.08836306374691133,0.5525604393120975,True,0.4641973755651862,0.4641973755651862,0.3649465452524147,0.4180534547475853,-0.2765834815055034,0.13450698456451224,0.05310690949517061,0.11609046607001561,0.29500000000000004
rep0432,0.31,0.30768361282272644,alg2,0.15,0.015,0.03,0.105,prop_127,1000,2000,0.1366215480625873,0.6722948813800019,True,0.5356733333174146,0.5356733333174146,0.43039681814334185,0.4846031818566582,-0.29377527008075455,0.18769169952334372,0.05420636371331633,0.1244669696040982,0.3570000000000001
rep0433,0.30,0.302376705474965,alg2,0.15,0.015,0.03,0.105,prop_127,1000,2000,0.09788268949287432,0.5742465141505253,True,0.476363824657651,0.476363824657651,0.3753259797091399,0.42867402029086016,-0.27744329021626557,0.14557249385966514,0.05334804058172027,0.10801578407593077,0.31499999999999995
rep0434,0.57,0.567639441098303,alg2,0.15,0.015,0.03,0.105,prop_127,1000,2000,0.401816016723642,0.9251108882239041,True,0.5232948715002621,0.5232948715002621,0.6643277059578097,0.7146722940421903,-0.2625116892341677,0.2104385941817138,0.05034458808438069,0.12195028341588143,0.35100000000000003
rep0435,0.04,0.041969512259814074,alg2,0.15,0.015,0.03,0.105,prop_127,1000,2000,-0.07936866357785291,0.46281485529242294,True,0.5421835188702758,0.46281485529242294,0.19650052248373892,0.24149947751626108,-0.27586918606159183,0.2213153777761619,0.04499895503252216,0.12868456383775367,0.36850000000000005
rep0436,0.14,0.14023513953337763,alg2,0.15,0.015,0.03,0.105,prop_127,1000,2000,-0.10201893120298006,0.3857064147119751,True,0.48772534591495514,0.3857064147119751,0.15957632620087647,0.20142367379912351,-0.26159525740385653,0.18428274091285157,0.04184734759824704,0.11787799831670803,0.32800000000000007
rep0437,0.25,0.2515345925402716,alg2,0.15,0.015,0.03,0.105,prop_127,1000,2000,0.10577905706032953,0.617536091366333,True,0.5117570343060035,0.5117570343060035,0.39661864094351923,0.45038135905648075,-0.2908395838831897,0.16715473230985223,0.053762718112961516,0.1289943161930419,0.329
rep0438,0.43,0.4292060522489633,alg2,0.15,0.015,0.03,0.105,prop_127,1000,2000,0.1853509417538199,0.7099597594684083,True,0.5246088177145884,0.5246088177145884,0.4533190688416903,0.5076809311583097,-0.26796812708787043,0.20227882831009858,0.05436186231661938,0.12324695539796904,0.347
rep0439,0.49,0.491701673642238,alg2,0.15,0.015,0.03,0.105,prop_127,1000,2000,0.09879438525490869,0.6258410326251596,True,0.5270466473702509,0.5270466473702509,0.38720376133585355,0.4407962386641464,-0.28840937608094486,0.18504479396101314,0.053592477328292865,0.13445417004195798,0.339
rep0440,0.50,0.4993100840412795,alg2,0.15,0.015,0.03,0.105,prop_127,1000,2000,0.09216828251331499,0.6298764613421411,True,0.5377081788288262,0.5377081788288262,0.376809798521215,0.43019020147878506,-0.2846415160079,0.19968625986335609,0.05338040295757007,0.11282777587125603,0.37150000000000005
rep0441,0.04,0.037745194308399226,alg2,0.15,0.015,0.03,0.105,prop_127,1000,2000,-0.21498030964070938,0.26149604420227973,True,0.47647635384298914,0.26149604420227973,0.06432533420082673,0.09367466579917327,-0.2793056438415361,0.16782137840310646,0.029349331598346545,0.1261270222446425,0.32100000000000006
rep0442,0.31,0.31051142046596214,alg2,0.15,0.015,0.03,0.105,prop_127,1000,2000,0.13138762947120192,0.6344894162905588,True,0.5031017868193568,0.5031017868193568,0.3906712113997112,0.44432878860028874,-0.2592835819285093,0.19016062769027003,0.05365757720057751,0.10644420961877937,0.34299999999999997
rep0443,0.35,0.35370322252362474,alg2,0.15,0.015,0.03,0.105,prop_127,1000,2000,-0.003534104179267028,0.4859707121563051,True,0.48950481633557213,0.4859707121563051,0.2721411664824578,0.3218588335175422,-0.2756752706617248,0.16411187863876292,0.0497176670350844,0.1292871493004878,0.31049999999999994
rep0444,0.53,0.5336519488191548,alg2,0.15,0.015,0.03,0.105,prop_127,1000,2000,0.37321835290732297,0.8704075303669748,True,0.49718917745965185,0.49718917745965185,0.625577107438467,0.677422892561533,-0.252358754531144,0.19298463780544184,0.051845785123066035,0.12834339233658587,0.31699999999999995
rep0445,0.46,0.4581531175440305,alg2,0.15,0.015,0.03,0.105,prop_127,1000,2000,0.0903019108256185,0.6039999117403927,True,0.5136980009147742,0.5136980009147742,0.3688991046167804,0.42210089538321965,-0.2785971937911619,0.18189901635717307,0.05320179076643927,0.12999621014833496,0.3305
rep0446,0.25,0.2468451336990828,alg2,0.15,0.015,0.03,0.105,prop_127,1000,2000,-0.17503208953253632,0.3389448893416812,True,0.5139769788742176,0.3389448893416812,0.14433115460329213,0.1846688453967079,-0.31936324413582845,0.1542760439449733,0.04033769079341576,0.12713928808080172,0.34650000000000003
rep0447,0.41,0.4140230549574396,alg2,0.15,0.015,0.03,0.105,prop_127,1000,2000,0.30028163573030586,0.7879878888704339,True,0.48770625314012805,0.48770625314012805,0.5804285362368262,0.6335714637631737,-0.28014690050652036,0.15441642510726017,0.05314292752634753,0.11856332561378047,0.31600000000000006
rep0448,0.83,0.8287472972503965,alg2,0.15,0.015,0.03,0.105,prop_127,1000,2000,0.6658850686256212,1.1472212394601873,True,0.48133617083456604,0.33411493137437875,0.9527307467467202,0.9732692532532797,-0.28684567812109896,0.17395198620690763,0.02053850650655953,0.1302976643280066,0.3305
rep0449,0.56,0.5645067429946748,alg2,0.15,0.015,0.03,0.105,prop_127,1000,2000,0.3380545921477342,0.8706852057908927,True,0.5326306136431584,0.5326306136431584,0.6215089212139886,0.6734910787860113,-0.2834543290662544,0.19719412700488131,0.051982157572022736,0.12814845607113567,0.35250000000000004
rep0450,0.94,0.9431920023976119,alg2,0.15,0.015,0.03,0.105,prop_127,1000,2000,0.5437605151634508,1.0660595612371893,True,0.5222990460737384,0.4562394848365492,0.8580696918117273,0.8939303081882727,-0.31430917664827646,0.17212925304891646,0.03586061637654536,0.12193842969719287,0.36450000000000005
rep0451,0.43,0.43180080703757445,alg2,0.15,0.015,0.03,0.105,prop_127,1000,2000,0.15528503290771306,0.7252635077018048,True,0.5699784747940917,0.5699784747940917,0.45681230493270303,0.5111876950672969,-0.30152727202498997,0.21407581263450787,0.05437539013459386,0.12410308465949793,0.39149999999999996
rep0452,0.56,0.5627620654820352,alg2,0.15,0.015,0.03,0.105,prop_127,1000,2000,0.29972591253797465,0.8030642379118067,True,0.503338325373832,0.503338325373832,0.5652628080717452,0.6187371919282547,-0.2655368955337706,0.18432704598355193,0.05347438385650949,0.11186394151732254,0.33799999999999997
rep0453,0.14,0.14300716904163316,alg2,0.15,0.015,0.03,0.105,prop_127,1000,2000,-0.20950783875388124,0.3346113562364448,True,0.544119194990326,0.3346113562364448,0.08832249706096051,0.12167750293903948,-0.29783033581484175,0.21293385329740533,0.033355005878078964,0.11826418911224706,0.3925
rep0454,0.51,0.5104109404691677,alg2,0.15,0.015,0.03,0.105,prop_127,1000,2000,0.21252111477686964,0.7183907384781381,True,0.5058696237012684,0.5058696237012684,0.4702987141555095,0.5247012858444905,-0.25777759937863987,0.19368945263364756,0.054402571688980994,0.12046705201228752,0.3309999999999999
rep0455,0.77,0.7735376398629162,alg2,0.15,0.015,0.03,0.105,prop_127,1000,2000,0.5427521251875356,1.0662667801103445,True,0.5235146549228089,0.4572478748124644,0.8295209766839771,0.8684790233160229,-0.28676885149644143,0.19778775679432148,0.03895804663204583,0.12705660829076287,0.35750000000000004
rep0456,0.87,0.8687078336632835,alg2,0.15,0.015,0.03,0.105,prop_127,1000,2000,0.6692382820379514,1.1094855641335482,True,0.4402472820955967,0.33076171796204856,0.9144825558758328,0.9425174441241672,-0.24524427383788144,0.166968120009381,0.028034888248334333,0.1002123938472625,0.31199999999999994
rep0457,0.18,0.1788003322874369,alg2,0.15,0.015,0.03,0.105,prop_127,1000,2000,-0.06704606020266318,0.444574564509474,True,0.5116206247121372,0.444574564509474,0.18687994291207183,0.23112005708792815,-0.253926003114735,0.21345450742154587,0.04424011417585633,0.13388051053628097,0.3334999999999999
rep0458,0.41,0.41178511078346147,alg2,0.15,0.015,0.03,0.105,prop_127,1000,2000,0.2875794046669473,0.7945292511048234,True,0.5069498464378761,0.5069498464378761,0.5526444173649983,0.6063555826350018,-0.26506501269805094,0.1881736684698216,0.053711165270003525,0.1137386811678725,0.3395
rep0459,0.20,0.20251553907939746,alg2,0.15,0.015,0.03,0.105,prop_127,1000,2000,0.004411223432061628,0.5363760699596059,True,0.5319648465275442,0.5319648465275442,0.30539929563497503,0.356600704365025,-0.3009880722029134,0.17977536559458082,0.05120140873004997,0.13226343779749422,0.3485
rep0460,0.40,0.40292299108370144,alg2,0.15,0.015,0.03,0.105,prop_127,1000,2000,0.16446694006234053,0.7826410642805053,True,0.6181741242181648,0.6181741242181648,0.44932843493908925,0.5036715650609107,-0.2848614948767487,0.2789694992195946,0.05434313012182146,0.12783099409634335,0.43599999999999994
rep0461,0.43,0.42646524714843287,alg2,0.15,0.015,0.03,0.105,prop_127,1000,2000,0.1369651266493938,0.674746885339832,True,0.5377817586904381,0.5377817586904381,0.43537498659401674,0.4896250134059833,-0.29840985994462293,0.1851218719338486,0.054250026811966556,0.12403173187847161,0.35949999999999993
rep0462,0.24,0.2370260445746453,alg2,0.15,0.015,0.03,0.105,prop_127,1000,2000,-0.013694548490407493,0.4549043491964288,True,0.46859889768683627,0.4549043491964288,0.24633308906642035,0.29466691093357966,-0.26002763755682784,0.16023743826284914,0.048333821867159316,0.11876507581967699,0.3015
rep0463,0.45,0.45355346086975507,alg2,0.15,0.015,0.03,0.105,prop_127,1000,2000,0.11357207433199284,0.620374277601796,True,0.5068022032698032,0.5068022032698032,0.38720376133585355,0.4407962386641464,-0.2736316870038607,0.17957803893764962,0.053592477328292865,0.1302097259415103,0.323
rep0464,0.20,0.19807628410058195,alg2,0.15,0.015,0.03,0.105,prop_127,1000,2000,0.07441901227292291,0.6255476910262363,True,0.5511286787533134,0.5511286787533134,0.34718334425385017,0.39981665574614983,-0.27276433198092725,0.22573103528008642,0.05263331149229966,0.11699536726101367,0.3815
rep0465,0.37,0.3748762907363597,alg2,0.15,0.015,0.03,0.105,prop_127,1000,2000,0.19403385836347525,0.6848499652881442,True,0.490816106924669,0.490816106924669,0.46230437275298547,0.5166956272470146,-0.2682705143895102,0.16815433804112964,0.054391254494029095,0.1309248524306399,0.3055
rep0466,0.30,0.2980440564126031,alg2,0.15,0.015,0.03,0.105,prop_127,1000,2000,0.08598965803306108,0.6362410672010865,True,0.5502514091680255,0.5502514091680255,0.37730446240602533,0.4306955375939747,-0.29131480437296425,0.2055455296071118,0.05339107518794939,0.13136033398007613,0.36549999999999994
rep0467,0.65,0.6504546908666262,alg2,0.15,0.015,0.03,0.105,prop_127,1000,2000,0.42330655738252765,0.932602653448497,True,0.5092960960659694,0.5092960960659694,0.7290217505573047,0.7759782494426952,-0.305715193174777,0.1566244040058018,0.04695649888539055,0.11933959718057885,0.34299999999999997
rep0468,0.21,0.21265349235947165,alg2,0.15,0.015,0.03,0.105,prop_127,1000,2000,0.03757918439653041,0.5796159548598457,True,0.5420367704633153,0.5420367704633153,0.31177504116049404,0.363224958839506,-0.27419585676396363,0.21639099602033973,0.05144991767901197,0.13258685278430343,0.35799999999999993
rep0469,0.21,0.21258697800944226,alg2,0.15,0.015,0.03,0.105,prop_127,1000,2000,-0.09485040121088503,0.3845877004265511,True,0.47943810163743616,0.3845877004265511,0.18159718396279892,0.22540281603720105,-0.27644758517368395,0.15918488438935002,0.043805632074402134,0.13013246956303398,0.3055
rep0470,0.54,0.5398146548536492,alg2,0.15,0.015,0.03,0.105,prop_127,1000,2000,0.2705374214838709,0.795773072784841,True,0.5252356513009702,0.5252356513009702,0.5642526812589825,0.6177473187410174,-0.29371525977511165,0.1780257540438236,0.05349463748203487,0.1182410138189352,0.35350000000000004
rep0471,0.48,0.4781086076909956,alg2,0.15,0.015,0.03,0.105,prop_127,1000,2000,0.06057084713951494,0.5803380275352044,True,0.5197671803956894,0.5197671803956894,0.3585276326179497,0.41147236738205034,-0.29795678547843474,0.16886566015315396,0.052944734764100665,0.10382244563158871,0.363
rep0472,0.49,0.4931837617701383,alg2,0.15,0.015,0.03,0.105,prop_127,1000,2000,0.17943614291308563,0.7424059084741568,True,0.5629697655610711,0.5629697655610711,0.4677997342483581,0.5222002657516419,-0.28836359133527245,0.22020564272251483,0.05440053150328383,0.12006923405778736,0.38849999999999996
rep0473,0.55,0.5502374412026185,alg2,0.15,0.015,0.03,0.105,prop_127,1000,2000,0.1983129038835711,0.6785141052667092,True,0.4802012013831381,0.4802012013831381,0.47579886376673336,0.5302011362332666,-0.27748595988316227,0.14831296903344254,0.05440227246653323,0.12829892891660483,0.2975
rep0474,0.50,0.5022598212886866,alg2,0.15,0.015,0.03,0.105,prop_127,1000,2000,0.3487921527112933,0.8705813377854634,True,0.52178918507417,0.52178918507417,0.6566644342885427,0.7073355657114574,-0.3078722815772494,0.1632457720740061,0.050671131422914684,0.12311805365125539,0.3480000000000001
rep0475,0.41,0.40841533643567224,alg2,0.15,0.015,0.03,0.105,prop_127,1000,2000,0.1481976320887372,0.6381500943010965,True,0.4899524622123593,0.4899524622123593,0.40802920729746306,0.46197079270253694,-0.25983157520872585,0.17617930159855955,0.05394158540507388,0.11651087680728539,0.3195
rep0476,0.87,0.8664063007034848,alg2,0.15,0.015,0.03,0.105,prop_127,1000,2000,0.5076126560890526,0.9761751754598206,True,0.468562519370768,0.468562519370768,0.760056185920928,0.8049438140790719,-0.2524435298318754,0.1712313613807487,0.044887628158143844,0.1236748912126241,0.30000000000000004
rep0477,0.84,0.842413403448983,alg2,0.15,0.015,0.03,0.105,prop_127,1000,2000,0.5616150887082617,1.0413632395404806,True,0.4797481508322189,0.4383849112917383,0.8506443235158883,0.8873556764841117,-0.28902923480762654,0.15400756305636884,0.036711352968223476,0.10803679786399545,0.33499999999999996
rep0478,0.60,0.5960768894900287,alg2,0.15,0.015,0.03,0.105,prop_127,1000,2000,0.2873528726104223,0.8181861790894466,True,0.5308333064790243,0.5308333064790243,0.5622327708419175,0.6157672291580825,-0.27487989823149517,0.2024189499313641,0.05353445831616499,0.12579884816285924,0.35150000000000003
rep0479,0.21,0.2117708448822024,alg2,0.15,0.015,0.03,0.105,prop_127,1000,2000,-0.11726123328537855,0.4287832022207535,True,0.546044435506132,0.4287832022207535,0.19553758317464978,0.24046241682535022,-0.31279881646002833,0.1883207853954033,0.044924833650700435,0.13311960185543154,0.36800000000000005
rep0480,0.52,0.518975354700866,alg2,0.15,0.015,0.03,0.105,prop_127,1000,2000,-0.04867723542700847,0.47274959048492127,False,0.5214268259119297,0.47274959048492127,0.2502218974549873,0.29877810254501275,-0.29889913288199577,0.1739714879399085,0.04855620509002545,0.12587062082190426,0.347
rep0481,0.30,0.29832708580489603,alg2,0.15,0.015,0.03,0.105,prop_127,1000,2000,0.052207164691988606,0.566240061276585,True,0.5140328965845964,0.5140328965845964,0.3422559847039298,0.39474401529607017,-0.2900488200119412,0.17149604598051482,0.052488030592140356,0.11904486599245606,0.34249999999999997
rep0482,0.69,0.6895096020922585,alg2,0.15,0.015,0.03,0.105,prop_127,1000,2000,0.4042433666130236,0.9180006918415453,True,0.5137573252285217,0.5137573252285217,0.680702036451849,0.730297963548151,-0.2764586698388254,0.18770272829339435,0.049595927096302006,0.12866139813221972,0.3355
rep0483,0.57,0.5687260783204688,alg2,0.15,0.015,0.03,0.105,prop_127,1000,2000,0.3950714783235968,0.8919626041040574,True,0.4968911257804606,0.4968911257804606,0.6837762658241763,0.7332237341758238,-0.2887047875005795,0.15873886992823366,0.04944746835164748,0.12594365742881308,0.32150000000000006
rep0484,0.50,0.4958900010470314,alg2,0.15,0.015,0.03,0.105,prop_127,1000,2000,0.24528157234070125,0.734637463043046,True,0.48935589070234475,0.48935589070234475,0.5244430498969129,0.578556950103087,-0.2791614775562117,0.15608051293995895,0.054113900206174126,0.11624199049617062,0.319
rep0485,0.21,0.2077513364690137,alg2,0.15,0.015,0.03,0.105,prop_127,1000,2000,-0.15902402329548332,0.32966144260876973,True,0.48868546590425305,0.32966144260876973,0.11264432351588832,0.1493556764841117,-0.27166834681137164,0.18030576612465807,0.036711352968223365,0.13147411293602979,0.32049999999999995
rep0486,0.54,0.5439935944688932,alg2,0.15,0.015,0.03,0.105,prop_127,1000,2000,0.3660012600494751,0.8536610040916682,True,0.48765974404219314,0.48765974404219314,0.6393221838619176,0.6906778161380824,-0.27332092381244255,0.1629831879535858,0.0513556322761648,0.13530411176602836,0.301
rep0487,0.79,0.7934340143658382,alg2,0.15,0.015,0.03,0.105,prop_127,1000,2000,0.5159312636997635,1.0085429708544966,True,0.4926117071547331,0.4840687363002365,0.765244897077565,0.8097551029224349,-0.24931363337780157,0.19878786793206182,0.044510205844869866,0.11660150130986335,0.3315
rep0488,0.34,0.3421267850596136,alg2,0.15,0.015,0.03,0.105,prop_127,1000,2000,-0.07621144227976281,0.48431322846766556,True,0.5605246707474284,0.48431322846766556,0.21869939785169354,0.2653006021483065,-0.29491084013145635,0.21901262631935906,0.046601204296612936,0.12492346645081542,0.389
rep0489,0.54,0.5385172305758641,alg2,0.15,0.015,0.03,0.105,prop_127,1000,2000,0.3448391946720012,0.8646991883160443,True,0.5198599936440431,0.5198599936440431,0.6271031949947684,0.6788968050052316,-0.2822640003227672,0.1858023833108127,0.05179361001046323,0.1075663836335799,0.3605
rep0490,0.61,0.6067307120236206,alg2,0.15,0.015,0.03,0.105,prop_127,1000,2000,0.3544720499959391,0.9051428387731686,True,0.5506707887772295,0.5506707887772295,0.6719987016942918,0.7220012983057081,-0.31752665169835265,0.18314154046746048,0.05000259661141637,0.13016819216581316,0.3705
rep0491,0.18,0.18473671585054022,alg2,0.15,0.015,0.03,0.105,prop_127,1000,2000,-0.1897831506359664,0.3029314630796057,True,0.4927146137155721,0.3029314630796057,0.07304835112918351,0.10395164887081648,-0.2628315017651499,0.19897981420878927,0.030903297741632973,0.12781131597393924,0.33399999999999996
rep0492,0.93,0.9279487323921178,alg2,0.15,0.015,0.03,0.105,prop_127,1000,2000,0.5547438173120924,1.0557575777212094,True,0.5010137604091169,0.44525618268790756,0.808516688049449,0.8494833119505509,-0.2537728707373565,0.20627426577065855,0.04096662390110195,0.12654713650801513,0.3334999999999999
rep0493,0.08,0.07615839584433524,alg2,0.15,0.015,0.03,0.105,prop_127,1000,2000,-0.25781140481745096,0.2905019400249417,True,0.5483133448423927,0.2905019400249417,0.04528359629713781,0.0707164037028622,-0.30309500111458876,0.21978553632207948,0.025432807405724386,0.13488053743666834,0.38799999999999996
rep0494,0.28,0.27554641305052574,alg2,0.15,0.015,0.03,0.105,prop_127,1000,2000,0.09340987316838845,0.567973007190719,True,0.4745631340223305,0.4745631340223305,0.36099585745522883,0.4140041425447712,-0.2675859842868404,0.15396886464594783,0.05300828508954236,0.12355484893278817,0.29800000000000004
rep0495,0.64,0.643907691720275,alg2,0.15,0.015,0.03,0.105,prop_127,1000,2000,0.365745317420333,0.8941986311722365,True,0.5284533137519035,0.5284533137519035,0.6781411664824578,0.7278588335175421,-0.3123958490621248,0.16633979765469437,0.04971766703508429,0.13173564671681914,0.34700000000000003
rep0496,0.72,0.7224562595011754,alg2,0.15,0.015,0.03,0.105,prop_127,1000,2000,0.5340103460038692,1.0894027877221928,True,0.5553924417183236,0.4659896539961308,0.8368995769223031,0.8751004230776969,-0.3028892309184339,0.21430236464449587,0.038200846155393764,0.13619159556292987,0.38099999999999995
rep0497,0.48,0.4821267248525993,alg2,0.15,0.015,0.03,0.105,prop_127,1000,2000,0.3636098024035011,0.875569761966625,True,0.5119599595631239,0.5119599595631239,0.6484986244523997,0.6995013755476004,-0.2848888220488986,0.17606838641902461,0.051002751095200693,0.12345720846792319,0.3375
rep0498,0.35,0.35439100144032015,alg2,0.15,0.015,0.03,0.105,prop_127,1000,2000,0.23711916947622935,0.757773035532891,True,0.5206538660566616,0.5206538660566616,0.535008310353727,0.5889916896462731,-0.2978891408774976,0.16878134588661783,0.05398337929254615,0.1101704867641155,0.3565
rep0499,0.45,0.4507297648925736,alg2,0.15,0.015,0.03,0.105,prop_127,1000,2000,0.40532082529827784,0.9281251684887553,True,0.5228043431904774,0.5228043431904774,0.6428895428449817,0.6941104571550183,-0.2375687175467038,0.23401471133373697,0.051220914310036614,0.12808342888044089,0.3434999999999999
rep0500,0.54,0.5425140017223532,alg2,0.15,0.015,0.03,0.105,prop_127,1000,2000,0.29092614818601753,0.7937187485642434,True,0.5027926003782259,0.5027926003782259,0.5637476607777775,0.6172523392222226,-0.27282151259175996,0.17646640934202085,0.053504678444445064,0.1247879219337808,0.3245
rep0501,0.65,0.651013799572821,alg2,0.15,0.015,0.03,0.105,prop_127,1000,2000,0.4303398181331182,0.924585449000314,True,0.4942456308671958,0.4942456308671958,0.6904415863819343,0.7395584136180656,-0.2601017682488161,0.18502703538224846,0.04911682723613131,0.13162880363106455,0.3135
rep0502,0.76,0.7577751337859409,alg2,0.15,0.015,0.03,0.105,prop_127,1000,2000,0.7200434294117029,1.2286225524396537,True,0.5085791230279508,0.27995657058829715,0.9865056303729727,0.9964943696270274,-0.2664622009612699,0.23212818281262637,0.009988739254054746,0.10759038377389624,0.391
rep0503,0.78,0.7811027924399915,alg2,0.15,0.015,0.03,0.105,prop_127,1000,2000,0.6051870486535373,1.0874615966062922,True,0.4822745479527548,0.39481295134646266,0.8655136912897208,0.9004863087102792,-0.2603266426361834,0.1869752878960129,0.03497261742055846,0.12980193053219624,0.3175
rep0504,0.54,0.5374088733396306,alg2,0.15,0.015,0.03,0.105,prop_127,1000,2000,0.27133572221310176,0.7604575991838626,True,0.4891218769707608,0.4891218769707608,0.5309820065033625,0.5850179934966376,-0.2596462842902607,0.17543960568722494,0.054035986993275165,0.13208588997748566,0.303
rep0505,0.49,0.48659234227195847,alg2,0.15,0.015,0.03,0.105,prop_127,1000,2000,0.3477514034917056,0.8169888808500441,True,0.4692374773583385,0.4692374773583385,0.6098239501953684,0.6621760498046316,-0.2620725467036628,0.1548128310454124,0.052352099609263236,0.12688537774907527,0.2899999999999999
rep0506,0.83,0.8264610168743529,alg2,0.15,0.015,0.03,0.105,prop_127,1000,2000,0.5777397217491709,1.0663117963691646,True,0.48857207461999375,0.4222602782508291,0.8949698249343427,0.9260301750656572,-0.3172301031851718,0.14028162130350746,0.031060350131314474,0.12701172448867926,0.3305
rep0507,0.49,0.48658506137891744,alg2,0.15,0.015,0.03,0.105,prop_127,1000,2000,0.36656086658667913,0.8575466681528057,True,0.49098580156612653,0.49098580156612653,0.6383032300189089,0.6896967699810912,-0.27174236343222974,0.16784989817171442,0.05139353996218232,0.12559226160394416,0.314
rep0508,0.49,0.4897346689641244,alg2,0.15,0.015,0.03,0.105,prop_127,1000,2000,0.5197793610892882,1.027386378111291,False,0.5076070170220028,0.48022063891071176,0.7985763262008765,0.8404236737991235,-0.27879696511158825,0.1869627043121676,0.04184734759824704,0.11925966942375582,0.34650000000000003
rep0509,0.72,0.7239383825384896,alg2,0.15,0.015,0.03,0.105,prop_127,1000,2000,0.6038408223465124,1.1017927627057151,True,0.49795194035920276,0.3961591776534876,0.8911995310614533,0.9228004689385467,-0.287358708714941,0.17899229376716846,0.031600937877093394,0.11935100248210939,0.3470000000000001
rep0510,0.39,0.38937928757928125,alg2,0.15,0.015,0.03,0.105,prop_127,1000,2000,0.014576256764889772,0.5002848864782523,True,0.48570862971336254,0.48570862971336254,0.2711654071839984,0.3208345928160016,-0.2565891504191086,0.1794502936622508,0.04966918563200318,0.12453944408135942,0.3115
rep0511,0.63,0.628448931105837,alg2,0.15,0.015,0.03,0.105,prop_127,1000,2000,0.39701017909617037,0.8675731297581747,True,0.4705629506620043,0.4705629506620043,0.6827513783709623,0.7322486216290377,-0.28574119927479197,0.135324508129137,0.04949724325807536,0.12956570740392898,0.2915
rep0512,0.71,0.7070833695113737,alg2,0.15,0.015,0.03,0.105,prop_127,1000,2000,0.4708160386617725,0.9329405609004013,True,0.4621245222386288,0.4621245222386288,0.7290217505573047,0.7759782494426952,-0.25820571189553215,0.15696231145770617,0.04695649888539055,0.12016802335323828,0.29500000000000004
rep0513,0.73,0.7319998696238893,alg2,0.15,0.015,0.03,0.105,prop_127,1000,2000,0.4941333746245563,0.9993479228381992,True,0.5052145482136429,0.5052145482136429,0.7933533118906139,0.8356466881093861,-0.29921993726605756,0.163701234728813,0.04229337621877227,0.13092117199487063,0.33199999999999996
rep0514,0.43,0.42705520959545085,alg2,0.15,0.015,0.03,0.105,prop_127,1000,2000,0.10727874826140049,0.6590828189150256,True,0.5518040706536251,0.5518040706536251,0.3842327708419174,0.4377672291580825,-0.27695402258051693,0.2213155897569431,0.0535344583161651,0.13376961233746,0.36450000000000005
rep0515,0.18,0.1831288089956043,alg2,0.15,0.015,0.03,0.105,prop_127,1000,2000,-0.12124367843826556,0.37362635707833597,True,0.4948700355166015,0.37362635707833597,0.14290530633870369,0.18309469366129633,-0.26414898477696924,0.19053166341703964,0.04018938732259264,0.12218064819400887,0.3325
rep0516,0.61,0.6119712700664859,alg2,0.15,0.015,0.03,0.105,prop_127,1000,2000,0.40538797890599554,0.8778744915029487,True,0.4724865125969532,0.4724865125969532,0.6607505605763788,0.7112494394236213,-0.2553625816703833,0.16662505207932746,0.05049887884724247,0.12098763374971072,0.301
rep0517,0.18,0.18373222846712717,alg2,0.15,0.015,0.03,0.105,prop_127,1000,2000,-0.11185060324149279,0.4554652064595627,True,0.5673158097010554,0.4554652064595627,0.21048428979092124,0.25651571020907876,-0.322334893032414,0.19894949625048394,0.046031420418157526,0.13178438928289804,0.38949999999999996
rep0518,0.47,0.4655653780823635,alg2,0.15,0.015,0.03,0.105,prop_127,1000,2000,0.37385263410748726,0.9404064733911093,True,0.566553839283622,0.566553839283622,0.6976266146191347,0.7463733853808653,-0.3237739805116474,0.194033088010244,0.04874677076173062,0.11980706852189138,0.398
rep0519,0.35,0.3538173002835155,alg2,0.15,0.015,0.03,0.105,prop_127,1000,2000,0.11510590888948513,0.6023012085841746,True,0.48719529969468944,0.48719529969468944,0.3867085250269659,0.44029147497303406,-0.27160261613748077,0.16200973361114057,0.05358294994606816,0.12411234974862134,0.3095
rep0520,0.34,0.34223023574669453,alg2,0.15,0.015,0.03,0.105,prop_127,1000,2000,0.2855534202340752,0.7787269275385262,True,0.49317350730445103,0.49317350730445103,0.5773933056289857,0.6306066943710142,-0.2918398853949105,0.14812023316751205,0.05321338874202852,0.11296011856242255,0.327
rep0521,0.29,0.29433630526202653,alg2,0.15,0.015,0.03,0.105,prop_127,1000,2000,0.07543172624743277,0.5641494203791131,True,0.4887176941316803,0.4887176941316803,0.35655358384190017,0.40944641615809985,-0.2811218575944674,0.15470300422101319,0.05289283231619968,0.13332486181548064,0.30249999999999994
rep0522,0.56,0.5606917375225541,alg2,0.15,0.015,0.03,0.105,prop_127,1000,2000,0.34491072988870014,0.8921660675323995,True,0.5472553376436993,0.5472553376436993,0.6398317092716355,0.6911682907283645,-0.2949209793829353,0.2009977768040349,0.051336581456729036,0.13091875618697024,0.365
rep0523,0.38,0.37802882591253495,alg2,0.15,0.015,0.03,0.105,prop_127,1000,2000,0.2518273356181408,0.7645585930161956,True,0.5127312573980547,0.5127312573980547,0.5420586330635054,0.5959413669364945,-0.29023129744536463,0.16861722607970114,0.05388273387298903,0.1278485235250656,0.3310000000000002
rep0524,0.28,0.2841266123127458,alg2,0.15,0.015,0.03,0.105,prop_127,1000,2000,-0.09020295571593817,0.3845753666714903,True,0.47477832238742845,0.3845753666714903,0.1791980029253996,0.2228019970746004,-0.2694009586413378,0.16177336959688987,0.0436039941492008,0.12617432823822772,0.30499999999999994
rep0525,0.51,0.5117009948119199,alg2,0.15,0.015,0.03,0.105,prop_127,1000,2000,0.3921295185106477,0.9282092184247512,True,0.5360796999141035,0.5360796999141035,0.6909545604838555,0.7400454395161445,-0.2988250419732078,0.18816377890860667,0.049090879032289036,0.1139888208818145,0.373
rep0526,0.39,0.3914095804768173,alg2,0.15,0.015,0.03,0.105,prop_127,1000,2000,0.21444537401766067,0.7726960604869066,True,0.558250686469246,0.558250686469246,0.4762990405810588,0.5307009594189411,-0.26185366656339815,0.24199510106796554,0.05440191883788231,0.13284876763136366,0.371
rep0527,0.66,0.6638612758122979,alg2,0.15,0.015,0.03,0.105,prop_127,1000,2000,0.306949163005388,0.8457355228264122,True,0.5387863598210242,0.5387863598210242,0.5976481520490854,0.6503518479509146,-0.2906989890436974,0.19538367487549757,0.05270369590182922,0.12008266391919498,0.366
rep0528,0.39,0.3886195180612263,alg2,0.15,0.015,0.03,0.105,prop_127,1000,2000,0.19414572362635868,0.680042789223015,True,0.4858970655966563,0.4858970655966563,0.4677997342483581,0.5222002657516419,-0.2736540106219994,0.15784252347137312,0.05440053150328383,0.11649653409337246,0.31500000000000006
rep0529,0.33,0.3333618896671625,alg2,0.15,0.015,0.03,0.105,prop_127,1000,2000,0.07805504140139036,0.6020420851837998,True,0.5239870437824095,0.5239870437824095,0.3713704001637681,0.42462959983623194,-0.29331535876237774,0.1774124853475678,0.05325919967246384,0.12972784410994553,0.34099999999999997
rep0530,0.60,0.5993463540570101,alg2,0.15,0.015,0.03,0.105,prop_127,1000,2000,0.2513706165631896,0.8113946412690528,True,0.5600240247058632,0.5600240247058632,0.5718314311108293,0.6251685688891707,-0.32046081454763975,0.18622607237988206,0.05333713777834137,0.12218688692752183,0.3845
rep0531,0.10,0.10416798771099253,alg2,0.15,0.015,0.03,0.105,prop_127,1000,2000,-0.2738557463672546,0.24558235736345918,True,0.5194381037307139,0.24558235736345918,0.03637042211560784,0.05962957788439216,-0.3102261684828625,0.18595277947906702,0.023259155768784318,0.13317894796192947,0.36300000000000004
rep0532,0.29,0.28644741092525783,alg2,0.15,0.015,0.03,0.105,prop_127,1000,2000,0.09588591540855329,0.6098852075300257,True,0.5139992921214724,0.5139992921214724,0.362477145400905,0.41552285459909505,-0.2665912299923517,0.19436235293093065,0.05304570919819007,0.12995358292328224,0.3310000000000001
rep0533,0.22,0.21806200614285395,alg2,0.15,0.015,0.03,0.105,prop_127,1000,2000,-0.10982361874275115,0.3957830720228613,True,0.5056066907656125,0.3957830720228613,0.19120676152262928,0.23579323847737071,-0.3010303802653804,0.15998983354549057,0.04458647695474144,0.11702021381087091,0.3440000000000001
rep0534,0.84,0.8363459811373498,alg2,0.15,0.015,0.03,0.105,prop_127,1000,2000,0.6098676481917324,1.130209929730431,True,0.5203422815386987,0.39013235180826755,0.8987472840623755,0.9292527159376246,-0.288879635870643,0.2009572137928065,0.030505431875249123,0.12683684966344944,0.3630000000000001
rep0535,0.67,0.6725433957921486,alg2,0.15,0.015,0.03,0.105,prop_127,1000,2000,0.4391892262192334,0.9603075370350778,True,0.5211183108158444,0.5211183108158444,0.7068754241122303,0.7551245758877697,-0.26768619789299686,0.20518296114730805,0.048249151775539456,0.13586915904030494,0.33699999999999997
rep0536,0.39,0.3909753595459846,alg2,0.15,0.015,0.03,0.105,prop_127,1000,2000,-0.03822879935827139,0.5231209498725826,True,0.561349749230854,0.5231209498725826,0.2789754503638107,0.32902454963618927,-0.3172042497220821,0.19409640023639335,0.05004909927237855,0.1298006499584755,0.38149999999999995
rep0537,0.44,0.4372363842485678,alg2,0.15,0.015,0.03,0.105,prop_127,1000,2000,0.138280390581138,0.6573562428861692,True,0.5190758523050312,0.5190758523050312,0.4463366056835781,0.5006633943164219,-0.3080562151024401,0.15669284856974727,0.05432678863284385,0.11524906367218735,0.34950000000000003
rep0538,0.58,0.5785409651444965,alg2,0.15,0.015,0.03,0.105,prop_127,1000,2000,0.19694834510902165,0.7130512783859191,True,0.5161029332768974,0.5161029332768974,0.485306875969764,0.539693124030236,-0.28835853086074237,0.17335815435568314,0.05438624806047193,0.1302166852164256,0.3314999999999999
rep0539,0.63,0.6263676809494493,alg2,0.15,0.015,0.03,0.105,prop_127,1000,2000,0.37778815508984165,0.8311941764615067,True,0.4534060213716651,0.4534060213716651,0.6164264931114067,0.6685735068885932,-0.2386383380215651,0.1626206695729135,0.052147013777186446,0.1167590075944786,0.2845
rep0540,0.45,0.45180813368573075,alg2,0.15,0.015,0.03,0.105,prop_127,1000,2000,0.007443663518692523,0.5032970352430418,True,0.4958533717243493,0.4958533717243493,0.2804408352722603,0.33055916472773966,-0.2729971717535678,0.17273787051530215,0.05011832945547934,0.13273504226886995,0.313
rep0541,0.10,0.10309817248260121,alg2,0.15,0.015,0.03,0.105,prop_127,1000,2000,-0.1988546193457838,0.3276473004516746,True,0.5265019197974584,0.3276473004516746,0.07904815390345327,0.11095184609654674,-0.27790277324923707,0.21669545435512788,0.03190369219309347,0.13059822760436485,0.3640000000000001
rep0542,0.15,0.15403159536418579,alg2,0.15,0.015,0.03,0.105,prop_127,1000,2000,-0.124521700069578,0.3995142107968835,True,0.5240359108664615,0.3995142107968835,0.1629195998930276,0.2050804001069724,-0.2874412999626056,0.19443381068991109,0.042160800213944805,0.12587511065251666,0.356
rep0543,0.72,0.7156358023600347,alg2,0.15,0.015,0.03,0.105,prop_127,1000,2000,0.5532711804746051,1.0341449052429463,True,0.4808737247683412,0.4467288195253949,0.8263632143002593,0.8656367856997407,-0.27309203382565417,0.16850811954320571,0.0392735713994814,0.11210015336885998,0.3294999999999999
rep0544,0.77,0.7695851389465319,alg2,0.15,0.015,0.03,0.105,prop_127,1000,2000,0.45852722145724223,0.9429826955414813,True,0.48445547408423906,0.48445547408423906,0.7233492226210568,0.7706507773789432,-0.2648220011638146,0.17233191816253807,0.04730155475788633,0.10415391932635265,0.333
rep0545,0.69,0.6909403648857109,alg2,0.15,0.015,0.03,0.105,prop_127,1000,2000,0.4364465684489448,0.9007968258424126,True,0.4643502573934678,0.4643502573934678,0.6776290996177124,0.7273709003822876,-0.24118253116876767,0.17342592546012509,0.04974180076457513,0.12960845662889275,0.28500000000000003
rep0546,0.98,0.9808696653114115,alg2,0.15,0.015,0.03,0.105,prop_127,1000,2000,0.6495558849241259,1.1149584025628307,True,0.4654025176387049,0.35044411507587414,0.8965878362755201,0.92741216372448,-0.24703195135139427,0.18754623883835078,0.03082432744895991,0.13457819018974504,0.30000000000000004
rep0547,0.61,0.612845008460995,alg2,0.15,0.015,0.03,0.105,prop_127,1000,2000,0.42542374313770415,0.9455654603914885,True,0.5201417172537843,0.5201417172537843,0.710990038416461,0.759009961583539,-0.2855662952787569,0.18655549880794947,0.04801992316707793,0.13012179408670638,0.34199999999999997
rep0548,0.46,0.45996588488369566,alg2,0.15,0.015,0.03,0.105,prop_127,1000,2000,0.23772767591432908,0.7250383162870994,True,0.4873106403727703,0.4873106403727703,0.507363204860275,0.561636795139725,-0.2696355289459459,0.16340152114737438,0.05427359027945,0.13303705009332034,0.29999999999999993
rep0549,0.64,0.6372865053482185,alg2,0.15,0.015,0.03,0.105,prop_127,1000,2000,0.3323279964535978,0.8664057587155173,True,0.5340777622619195,0.5340777622619195,0.6296473051653925,0.6813526948346075,-0.2973193087117947,0.18505306388090983,0.05170538966921501,0.1213723725927045,0.361
rep0550,0.28,0.2848782961167063,alg2,0.15,0.015,0.03,0.105,prop_127,1000,2000,0.14651299949444196,0.689721146638261,True,0.543208147143819,0.543208147143819,0.452321246715848,0.5066787532841519,-0.30580824722140604,0.18304239335410913,0.054357506568303904,0.12735064057551526,0.36149999999999993
rep0551,0.55,0.5499569164623319,alg2,0.15,0.015,0.03,0.105,prop_127,1000,2000,0.23379830312689043,0.7576241040376681,True,0.5238258009107777,0.5238258009107777,0.49282014414524544,0.5471798558547546,-0.259021841018355,0.2104442481829135,0.05435971170950915,0.12946608920126856,0.33999999999999997
rep0552,0.82,0.8221159763041617,alg2,0.15,0.015,0.03,0.105,prop_127,1000,2000,0.590502505938335,1.0586938444202816,True,0.4681913384819466,0.409497494061665,0.859131947861179,0.894868052138821,-0.268629441922844,0.16382579228146046,0.03573610427764207,0.12845523420430438,0.30400000000000005
rep0553,0.11,0.1109605429412068,alg2,0.15,0.015,0.03,0.105,prop_127,1000,2000,-0.011876410789599556,0.5210776399535433,True,0.5329540507431428,0.5210776399535433,0.2936432402300947,0.3443567597699053,-0.30551965101969425,0.17672088018363796,0.050713519539810625,0.13074053120333223,0.3515
rep0554,0.94,0.9447001580691099,alg2,0.15,0.015,0.03,0.105,prop_127,1000,2000,0.5013630882345652,0.9781495936875839,True,0.4767865054530187,0.4767865054530187,0.7564269769866803,0.8015730230133198,-0.2550638887521151,0.17657657067426408,0.04514604602663952,0.1166404594263793,0.3149999999999999
rep0555,0.32,0.32256430734712244,alg2,0.15,0.015,0.03,0.105,prop_127,1000,2000,0.07836344921897537,0.583140107315685,True,0.5047766580967097,0.5047766580967097,0.35507335797518286,0.40792664202481715,-0.2767099087562075,0.1752134652908679,0.0528532840496343,0.13342337404707544,0.31849999999999995
rep0556,0.18,0.18087054949827816,alg2,0.15,0.015,0.03,0.105,prop_127,1000,2000,-0.07294586861346794,0.4335107457489989,True,0.5064566143624668,0.4335107457489989,0.2114501088035219,0.2575498911964781,-0.28439597741698985,0.1759608545525208,0.04609978239295617,0.13085683196951053,0.3295000000000001
rep0557,0.47,0.46546789102588365,alg2,0.15,0.015,0.03,0.105,prop_127,1000,2000,0.27512337851022245,0.7527207182263538,True,0.47759733971613133,0.47759733971613133,0.5627377055851946,0.6162622944148054,-0.2876143270749722,0.13645842381154838,0.05352458882961075,0.12207275088652053,0.30200000000000005
rep0558,0.21,0.21357871319143243,alg2,0.15,0.015,0.03,0.105,prop_127,1000,2000,-0.08062263979130652,0.4269348105055179,True,0.5075574502968244,0.4269348105055179,0.21531516528292183,0.26168483471707815,-0.29593780507422834,0.16524997578843975,0.046369669434156324,0.13618778086266808,0.325
rep0559,0.49,0.49325959696581245,alg2,0.15,0.015,0.03,0.105,prop_127,1000,2000,0.22291622565184033,0.6932655852474792,True,0.47034935959563884,0.47034935959563884,0.48480620932974156,0.5391937906702585,-0.26188998367790123,0.1540717945772206,0.054387581340516966,0.10396177825512176,0.31200000000000006
rep0560,0.63,0.631758122399257,alg2,0.15,0.015,0.03,0.105,prop_127,1000,2000,0.3182724025088258,0.869943485327882,True,0.5516710828190562,0.5516710828190562,0.6118549496039387,0.6641450503960613,-0.2935825470951129,0.2057984349318207,0.052290100792122596,0.13038098202693355,0.36900000000000005
rep0561,0.42,0.4159235320035706,alg2,0.15,0.015,0.03,0.105,prop_127,1000,2000,-0.012193842894573481,0.5007456824526304,True,0.5129395253472039,0.5007456824526304,0.2594675716084092,0.30853242839159073,-0.2716614145029827,0.19221325406103973,0.04906485678318151,0.1243746685640224,0.3395
rep0562,0.35,0.34576887920309607,alg2,0.15,0.015,0.03,0.105,prop_127,1000,2000,0.16138307082126635,0.6719654362070535,True,0.5105823653857872,0.5105823653857872,0.44334575983624,0.4976542401637599,-0.2819626890149737,0.1743111960432936,0.05430848032751989,0.12277388505826725,0.3335
rep0563,0.58,0.580960389201487,alg2,0.15,0.015,0.03,0.105,prop_127,1000,2000,0.08893062137683977,0.644299371717659,True,0.5553687503408193,0.5553687503408193,0.3743369113781098,0.42766308862189023,-0.28540629000127005,0.21663628309576888,0.053326177243780415,0.12604257309703898,0.37599999999999995
rep0564,0.19,0.19320089773917004,alg2,0.15,0.015,0.03,0.105,prop_127,1000,2000,-0.06473147317720562,0.4684057499736066,True,0.5331372231508122,0.4684057499736066,0.22499000440986366,0.27200999559013633,-0.2897214775870693,0.19639575438347032,0.04701999118027267,0.12261723197053953,0.36350000000000005
rep0565,0.69,0.6850878348782574,alg2,0.15,0.015,0.03,0.105,prop_127,1000,2000,0.4197358465606446,0.9258175496184096,True,0.5060817030577649,0.5060817030577649,0.6853138688478867,0.7346861311521132,-0.2655780222872421,0.1911314184662964,0.04937226230422653,0.12120944075353846,0.3355
rep0566,0.44,0.4395773857734668,alg2,0.15,0.015,0.03,0.105,prop_127,1000,2000,0.14945965500101444,0.6326504707188483,True,0.48319081571783384,0.48319081571783384,0.38819431930344683,0.4418056806965531,-0.2387346643024324,0.19084479002229518,0.053611361393106294,0.12007945432472761,0.30949999999999994
rep0567,0.44,0.43647146936868164,alg2,0.15,0.015,0.03,0.105,prop_127,1000,2000,0.17800705294171193,0.7042510074678531,True,0.5262439545261411,0.5262439545261411,0.46030687596976405,0.5146931240302359,-0.2822998230280521,0.18955788343761715,0.054386248060471876,0.1348577064656693,0.33699999999999997
rep0568,0.40,0.4025698209814688,alg2,0.15,0.015,0.03,0.105,prop_127,1000,2000,0.1936225670109406,0.7146720813992606,True,0.52104951438832,0.52104951438832,0.4803014344881257,0.5346985655118742,-0.2866788674771851,0.17997351588738636,0.054397131023748546,0.13015238336457152,0.3364999999999999
rep0569,0.64,0.6364065684615023,alg2,0.15,0.015,0.03,0.105,prop_127,1000,2000,0.3805016401704193,0.9187853868524637,True,0.5382837466820444,0.5382837466820444,0.6776290996177124,0.7273709003822876,-0.29712745944729313,0.19141448647017612,0.04974180076457513,0.13304194591746926,0.3555
rep0570,0.76,0.7649953720403891,alg2,0.15,0.015,0.03,0.105,prop_127,1000,2000,0.6773148590165429,1.1119886918540978,True,0.4346738328375549,0.32268514098345713,0.9544332298845741,0.9745667701154259,-0.27711837086803126,0.1374219217386718,0.020133540230851787,0.13604029260670297,0.2785000000000001
rep0571,0.94,0.9407087431104716,alg2,0.15,0.015,0.03,0.105,prop_127,1000,2000,0.6801330174369925,1.1515858182617313,True,0.47145280082473884,0.3198669825630075,0.9723835447572571,0.9876164552427429,-0.2922505273202646,0.16396936301898854,0.015232910485485807,0.12971989033925313,0.3265
rep0572,0.75,0.7523853437805481,alg2,0.15,0.015,0.03,0.105,prop_127,1000,2000,0.388085128039299,0.9278998259482881,True,0.5398146979089891,0.5398146979089891,0.6894157490116973,0.7385842509883026,-0.3013306209723983,0.18931557495998552,0.04916850197660527,0.1221461959323838,0.36850000000000005
rep0573,0.74,0.7416686820244418,alg2,0.15,0.015,0.03,0.105,prop_127,1000,2000,0.48952747006114294,1.0089072717339649,True,0.5193798016728219,0.5104725299388571,0.7719976676723678,0.8160023323276323,-0.2824701976112248,0.19290493940633258,0.044004664655264536,0.11687513701755736,0.35850000000000004
rep0574,0.54,0.5388677467881925,alg2,0.15,0.015,0.03,0.105,prop_127,1000,2000,0.5955969546803872,1.102989489845765,False,0.5073925351653779,0.4044030453196128,0.8617892764542818,0.8972107235457181,-0.2661923217738946,0.2057787663000469,0.03542144709143624,0.13697108807394148,0.335
rep0575,0.60,0.6046972477384603,alg2,0.15,0.015,0.03,0.105,prop_127,1000,2000,0.38227389611287665,0.9004396967678542,True,0.5181658006549775,0.5181658006549775,0.6709754503638107,0.7210245496361892,-0.288701554250934,0.17941514713166493,0.05004909927237855,0.12261670138259895,0.34550000000000003
rep0576,0.54,0.5381818712273801,alg2,0.15,0.015,0.03,0.105,prop_127,1000,2000,0.3124244983448682,0.7884027538403747,True,0.47597825549550654,0.47597825549550654,0.587514834165702,0.6404851658342979,-0.27509033582083386,0.14791758800607682,0.05297033166859588,0.09150792382691064,0.3315
rep0577,0.27,0.26598676139715116,alg2,0.15,0.015,0.03,0.105,prop_127,1000,2000,-0.059608793055596826,0.4291208443187031,True,0.4887296373743,0.4291208443187031,0.19168776793138012,0.23631223206861987,-0.25129656098697695,0.19280861225008322,0.04462446413723975,0.12810517323706022,0.31599999999999995
rep0578,0.64,0.6359489349827866,alg2,0.15,0.015,0.03,0.105,prop_127,1000,2000,0.4539896955322478,0.9353097283038321,True,0.4813200327715843,0.4813200327715843,0.7192268994518005,0.7667731005481995,-0.26523720391955274,0.16853662775563266,0.047546201096398955,0.10327383167518545,0.33049999999999996
rep0579,0.50,0.502528199317781,alg2,0.15,0.015,0.03,0.105,prop_127,1000,2000,0.18112610182083255,0.7076477666159373,True,0.5265216647951048,0.5265216647951048,0.46180495772323166,0.5161950422767684,-0.2806788559023991,0.19145272433916888,0.05439008455353672,0.11363158024156794,0.35850000000000004
rep0580,0.57,0.5717964033273751,alg2,0.15,0.015,0.03,0.105,prop_127,1000,2000,0.34978712547252033,0.838099462875927,True,0.4883123374034066,0.4883123374034066,0.611347153868299,0.663652846131701,-0.26156002839577863,0.174446616744226,0.05230569226340198,0.1250066451400046,0.31100000000000005
rep0581,0.72,0.7247500146922884,alg2,0.15,0.015,0.03,0.105,prop_127,1000,2000,0.6021052934713493,1.0694727311659251,True,0.4673674376945758,0.39789470652865067,0.8863619605862394,0.9186380394137605,-0.2842566671148901,0.15083469175216457,0.03227607882752115,0.12409135886705469,0.311
rep0582,0.46,0.45679599120569614,alg2,0.15,0.015,0.03,0.105,prop_127,1000,2000,0.5612237973763411,1.0263513101732267,False,0.4651275127968856,0.4387762026236589,0.8374271983257299,0.8755728016742702,-0.2762034009493888,0.1507785084989564,0.038145603348540336,0.1314819094483452,0.2955
rep0583,0.49,0.4854432243295074,alg2,0.15,0.015,0.03,0.105,prop_127,1000,2000,0.2487217973535889,0.783022603883383,True,0.5343008065297941,0.5343008065297941,0.5425624371513263,0.5964375628486737,-0.29384063979773745,0.18658504103470933,0.053875125697347315,0.12942568083244665,0.3510000000000001
rep0584,0.46,0.4596330315210002,alg2,0.15,0.015,0.03,0.105,prop_127,1000,2000,0.43763699614330237,0.9635159272039429,True,0.5258789310606404,0.5258789310606404,0.7192268994518005,0.7667731005481995,-0.28158990330849815,0.19674282665574333,0.047546201096398955,0.13283272996424145,0.34550000000000003
rep0585,0.49,0.49218485030567377,alg2,0.15,0.015,0.03,0.105,prop_127,1000,2000,0.0712242170609424,0.5976327463769958,True,0.5264085293160534,0.5264085293160534,0.3708760829947607,0.4241239170052393,-0.2996518659338183,0.1735088293717565,0.05324783401047861,0.12566069530557472,0.3475000000000001
rep0586,0.83,0.8322295981314887,alg2,0.15,0.015,0.03,0.105,prop_127,1000,2000,0.619171586939413,1.132207620504639,True,0.513036033565226,0.380828413060587,0.9063253342008267,0.9356746657991734,-0.28715374726141374,0.1965329547054655,0.02934933159834663,0.1071867019668793,0.37649999999999995
rep0587,0.19,0.19433133903168506,alg2,0.15,0.015,0.03,0.105,prop_127,1000,2000,0.0813097072516718,0.6071989036290966,True,0.5258891963774248,0.5258891963774248,0.3659345100325123,0.4190654899674877,-0.2846248027808405,0.1881334136616088,0.0531309799349754,0.13025821644244928,0.3425
rep0588,0.65,0.652867814355372,alg2,0.15,0.015,0.03,0.105,prop_127,1000,2000,0.5209886287120891,0.9898204428400952,True,0.4688318141280061,0.4688318141280061,0.7533180844848685,0.7986819155151316,-0.23232945577277936,0.19113852732496364,0.04536383103026309,0.09546798309774307,0.32799999999999996
rep0589,0.45,0.45058856272931086,alg2,0.15,0.015,0.03,0.105,prop_127,1000,2000,0.1461414886093818,0.6655147185407324,True,0.5193732299313506,0.5193732299313506,0.4269137360382467,0.4810862639617533,-0.2807722474288649,0.18442845457897905,0.054172527923506575,0.11520070200784394,0.35000000000000003
rep0590,0.70,0.6978752355006593,alg2,0.15,0.015,0.03,0.105,prop_127,1000,2000,0.4937752786912233,0.975856026839478,True,0.48208074814825475,0.48208074814825475,0.763168823629238,0.807831176370762,-0.2693935449380147,0.16802485046871607,0.04466235274152397,0.13591839540673079,0.3015
rep0591,0.36,0.3566519998772018,alg2,0.15,0.015,0.03,0.105,prop_127,1000,2000,0.10971683329206938,0.5898504639319051,True,0.4801336306398357,0.4801336306398357,0.36791078987086756,0.4210892101291325,-0.2581939565787982,0.16876125380277268,0.053178420258264913,0.1089552103815708,0.31800000000000006
rep0592,0.47,0.47016838771298314,alg2,0.15,0.015,0.03,0.105,prop_127,1000,2000,0.2365854290003495,0.7539211203156767,True,0.5173356913153272,0.5173356913153272,0.534001567549985,0.5879984324500152,-0.29741613854963544,0.16592268786566158,0.053996864900030195,0.13033882641529693,0.3330000000000001
rep0593,0.78,0.7812828144278238,alg2,0.15,0.015,0.03,0.105,prop_127,1000,2000,0.5420716369675486,1.0324737973753277,True,0.4904021604077792,0.45792836303245144,0.8300475279385424,0.8689524720614576,-0.28797589097099385,0.16352132531387006,0.03890494412291523,0.13549721628486394,0.316
rep0594,0.15,0.15337497450052387,alg2,0.15,0.015,0.03,0.105,prop_127,1000,2000,0.040072520189952665,0.5708002593774008,True,0.5307277391874481,0.5307277391874481,0.32257710743846696,0.374422892561533,-0.2825045872485143,0.1963773668158678,0.051845785123066035,0.13488195406438208,0.344
rep0595,0.50,0.5029469343291464,alg2,0.15,0.015,0.03,0.105,prop_127,1000,2000,0.3385422364057693,0.8217208690446398,True,0.4831786326388705,0.4831786326388705,0.6062708754546139,0.658729124545386,-0.2677286390488446,0.16299174449925383,0.052458249090772124,0.1252203835480984,0.3055
rep0596,0.48,0.48057452723315863,alg2,0.15,0.015,0.03,0.105,prop_127,1000,2000,0.2637351607827314,0.7334780826653355,True,0.46974292188260414,0.46974292188260414,0.5179087647132601,0.57209123528674,-0.2541736039305287,0.16138684737859557,0.05418247057347991,0.11956045130912418,0.29600000000000004
rep0597,0.69,0.6861888709196698,alg2,0.15,0.015,0.03,0.105,prop_127,1000,2000,0.38807044896966486,0.9441675581942827,True,0.5560971092246179,0.5560971092246179,0.6817266353910062,0.7312733646089938,-0.29365618642134134,0.21289419358528883,0.04954672921798764,0.13705038000663022,0.3695
rep0598,0.11,0.11258256296318113,alg2,0.15,0.015,0.03,0.105,prop_127,1000,2000,-0.23418357512091809,0.28587742265843774,True,0.5200609977793558,0.28587742265843774,0.07997327849023757,0.11202672150976244,-0.31415685361115564,0.1738507011486753,0.03205344301952487,0.126507554759831,0.36149999999999993
rep0599,0.23,0.22808153862487301,alg2,0.15,0.015,0.03,0.105,prop_127,1000,2000,-0.014331429471060309,0.5364361176296093,True,0.5507675471006697,0.5364361176296093,0.267263804011217,0.31673619598878294,-0.28159523348227733,0.2196999216408263,0.04947239197756592,0.12829515512310358,0.37300000000000005
rep0600,0.50,0.4967992746134487,alg2,0.15,0.015,0.03,0.105,prop_127,1000,2000,0.2027190595125251,0.718652686132526,True,0.5159336266200009,0.5159336266200009,0.4762990405810588,0.5307009594189411,-0.2735799810685337,0.18795172671358484,0.05440191883788231,0.11203170778211857,0.3495
rep0601,0.69,0.6902761432921406,alg2,0.15,0.015,0.03,0.105,prop_127,1000,2000,0.5414436993572833,1.0245837264474085,True,0.48314002709012516,0.4585563006427167,0.8111363352744988,0.8518636647255012,-0.26969263591721543,0.1727200617219073,0.040727329451002436,0.13141269763912272,0.311
rep0602,0.38,0.3800058624450191,alg2,0.15,0.015,0.03,0.105,prop_127,1000,2000,0.03324083362912422,0.5219272813149178,True,0.4886864476857936,0.4886864476857936,0.2882614789555328,0.3387385210444672,-0.25502064532640856,0.1831887602704506,0.05047704208893444,0.12720940559685917,0.311
rep0603,0.10,0.09891501159134349,alg2,0.15,0.015,0.03,0.105,prop_127,1000,2000,-0.20507100610602835,0.2559667445031835,True,0.46103775060921187,0.2559667445031835,0.06753230691156163,0.09746769308843838,-0.27260331301759,0.15849905141474513,0.029935386176876744,0.12560236443233513,0.3055
rep0604,0.49,0.49369290489599743,alg2,0.15,0.015,0.03,0.105,prop_127,1000,2000,0.08350307158892145,0.6117508586293251,True,0.5282477870404036,0.5282477870404036,0.353593399099919,0.406406600900081,-0.27009032751099754,0.2053442577292441,0.052813201800162024,0.12243458524024164,0.353
rep0605,0.60,0.6035496709735864,alg2,0.15,0.015,0.03,0.105,prop_127,1000,2000,0.5180671745840253,1.0379913242465268,True,0.5199241496625016,0.4819328254159747,0.805898633553765,0.847101366446235,-0.2878314589697397,0.1908899578002919,0.041202732892470006,0.11972141677003162,0.359
rep0606,0.21,0.21319807329954524,alg2,0.15,0.015,0.03,0.105,prop_127,1000,2000,0.037456209494850234,0.5289649209644336,True,0.49150871146958336,0.49150871146958336,0.2995188851361676,0.35048111486383243,-0.26206267564131736,0.1784838061006011,0.05096222972766484,0.11404648174191845,0.3265
rep0607,0.64,0.6443716841714197,alg2,0.15,0.015,0.03,0.105,prop_127,1000,2000,0.2948668385034492,0.8376637935095347,True,0.5427969550060855,0.5427969550060855,0.5738535255520669,0.6271464744479331,-0.27898668704861773,0.21051731906160154,0.05329294889586622,0.13450400611021934,0.3549999999999999
rep0608,0.03,0.02827567590134843,alg2,0.15,0.015,0.03,0.105,prop_127,1000,2000,-0.2371637970670682,0.18735225524283414,True,0.4245160523099023,0.18735225524283414,0.010366376857771812,0.02463362314222819,-0.24753017392484,0.16271863210060594,0.01426724628445638,0.13674880602544592,0.2735
rep0609,0.55,0.5474134707393462,alg2,0.15,0.015,0.03,0.105,prop_127,1000,2000,0.3839294002295558,0.8536509499020568,True,0.469721549672501,0.469721549672501,0.6597288258083122,0.710271174191688,-0.27579942557875636,0.1433797757103688,0.05054234838337579,0.11567920128912523,0.30349999999999994
rep0610,0.29,0.28684135798442517,alg2,0.15,0.015,0.03,0.105,prop_127,1000,2000,0.07516905511343733,0.5325939296811031,True,0.4574248745676658,0.4574248745676658,0.31864730516539247,0.3703526948346075,-0.24347825005195514,0.16224123484649566,0.05170538966921501,0.1117194848984508,0.294
rep0611,0.14,0.13578129059991748,alg2,0.15,0.015,0.03,0.105,prop_127,1000,2000,0.008762315191072123,0.5531221056055151,True,0.544359790414443,0.544359790414443,0.2789754503638107,0.32902454963618927,-0.2702131351727386,0.22409755596932585,0.05004909927237855,0.12831069114206445,0.366
rep0612,0.62,0.6187309196315114,alg2,0.15,0.015,0.03,0.105,prop_127,1000,2000,0.34737122822335564,0.799328127072452,True,0.4519568988490964,0.4519568988490964,0.6169345964480755,0.6690654035519246,-0.2695633682247198,0.13026272352052748,0.0521308071038491,0.12232609174524722,0.2775000000000001
rep0613,0.63,0.6270930836482813,alg2,0.15,0.015,0.03,0.105,prop_127,1000,2000,0.5681319718351836,1.0164600645715636,True,0.44832809273637997,0.4318680281648164,0.816380521951024,0.8566194780489761,-0.2482485501158404,0.1598405865225876,0.04023895609795214,0.12558913663842802,0.2825
rep0614,0.43,0.43038825650727186,alg2,0.15,0.015,0.03,0.105,prop_127,1000,2000,0.40939531342168467,0.8645259459610337,True,0.45513063253934904,0.45513063253934904,0.6771170683410984,0.7268829316589015,-0.26772175491941375,0.13764301430213216,0.04976586331780308,0.13586476922154594,0.26949999999999996
rep0615,0.84,0.8391156500249953,alg2,0.15,0.015,0.03,0.105,prop_127,1000,2000,0.5401269142795875,1.0283679462091013,True,0.48824103192951385,0.4598730857204125,0.7761575178704659,0.8198424821295341,-0.2360306035908784,0.20852546407956718,0.043684964259068204,0.12205606767044558,0.3225
rep0616,0.61,0.6123569717990613,alg2,0.15,0.015,0.03,0.105,prop_127,1000,2000,0.26346121581546245,0.7699157115027346,True,0.5064544956872722,0.5064544956872722,0.5284664691286011,0.5825335308713989,-0.2650052533131386,0.18738218063133577,0.05406706174279785,0.13038743394447444,0.32199999999999995
rep0617,0.62,0.6205075481320748,alg2,0.15,0.015,0.03,0.105,prop_127,1000,2000,0.2476855194529623,0.7278804610315617,True,0.4801949415785994,0.4801949415785994,0.5053558983920171,0.5596441016079828,-0.2576703789390548,0.16823635942357884,0.054288203215965725,0.11640673836263365,0.3095
rep0618,0.14,0.1429645586149851,alg2,0.15,0.015,0.03,0.105,prop_127,1000,2000,-0.1913561414622923,0.264361164290042,True,0.45571730575233427,0.264361164290042,0.07489188342927555,0.10610811657072444,-0.26624802489156785,0.15825304771931756,0.03121623314144889,0.11850107261088538,0.30600000000000005
rep0619,0.52,0.516527602766824,alg2,0.15,0.015,0.03,0.105,prop_127,1000,2000,0.21474238140840185,0.7012126483970952,True,0.48647026698869333,0.48647026698869333,0.4677997342483581,0.5222002657516419,-0.25305735283995623,0.17901238264545327,0.05440053150328383,0.13656973548540946,0.29550000000000004
rep0620,0.15,0.154536062752559,alg2,0.15,0.015,0.03,0.105,prop_127,1000,2000,-0.2224293332464778,0.3114138344317691,True,0.5338431676782469,0.3114138344317691,0.05566511830671878,0.08333488169328122,-0.27809445155319656,0.2280789527384879,0.027669763386562442,0.10267340429168448,0.40349999999999997
rep0621,0.32,0.31841831039389845,alg2,0.15,0.015,0.03,0.105,prop_127,1000,2000,0.036044745707723036,0.5773318830268774,True,0.5412871373191543,0.5412871373191543,0.29755980392785525,0.34844019607214477,-0.2615150582201322,0.2288916869547326,0.05088039214428952,0.11690674517486477,0.37350000000000005
rep0622,0.85,0.8457324695232843,alg2,0.15,0.015,0.03,0.105,prop_127,1000,2000,0.4317528201005458,0.9247251217694294,True,0.4929723016688837,0.4929723016688837,0.7187117932538083,0.7662882067461918,-0.2869589731532625,0.1584369150232376,0.04757641349238351,0.1253958881765001,0.32
rep0623,0.40,0.39839224799048806,alg2,0.15,0.015,0.03,0.105,prop_127,1000,2000,0.10704724830762202,0.6058752931519054,True,0.49882804484428334,0.49882804484428334,0.38720376133585355,0.4407962386641464,-0.2801565130282315,0.16507905448775897,0.053592477328292865,0.13473556751599042,0.31050000000000005
rep0624,0.51,0.5112065288467394,alg2,0.15,0.015,0.03,0.105,prop_127,1000,2000,0.3714132378114584,0.898498127642745,True,0.5270848898312865,0.5270848898312865,0.6546221804973279,0.7053778195026722,-0.2832089426858695,0.19312030814007275,0.0507556390053443,0.13332925082594227,0.34299999999999997
rep0625,0.41,0.41172009420229283,alg2,0.15,0.015,0.03,0.105,prop_127,1000,2000,0.13196552779976556,0.6696942882658083,True,0.5377287604660428,0.5377287604660428,0.4518223765568167,0.5061776234431833,-0.3198568487570511,0.163516664822625,0.054355246886366615,0.13237351357967603,0.3510000000000001
rep0626,0.45,0.4490396417877701,alg2,0.15,0.015,0.03,0.105,prop_127,1000,2000,0.0490191301978356,0.5480333216346478,True,0.4990141914368122,0.4990141914368122,0.337331654191191,0.389668345808809,-0.2883125239933554,0.15836497582583886,0.052336691617618,0.12517749981919424,0.3215
rep0627,0.26,0.25677254203726624,alg2,0.15,0.015,0.03,0.105,prop_127,1000,2000,-0.0624329477514938,0.4372233115328432,True,0.499656259284337,0.4372233115328432,0.2138654369821538,0.26013456301784615,-0.2762983847336476,0.17708874851499704,0.04626912603569236,0.1293871332486446,0.32400000000000007
rep0628,0.85,0.8498651658717413,alg2,0.15,0.015,0.03,0.105,prop_127,1000,2000,0.5980806228267462,1.054262580267105,True,0.45618195744035883,0.40191937717325377,0.8527640332648218,0.8892359667351782,-0.2546834104380755,0.16502661353192694,0.03647193347035649,0.12721002397000247,0.2925
rep0629,0.74,0.7420867049314198,alg2,0.15,0.015,0.03,0.105,prop_127,1000,2000,0.43988733965624505,0.9076989678370212,True,0.46781162818077615,0.46781162818077615,0.6919806198145335,0.7410193801854665,-0.25209328015828847,0.16667958765155463,0.04903876037093302,0.10077286780984313,0.318
rep0630,0.52,0.5201797266154914,alg2,0.15,0.015,0.03,0.105,prop_127,1000,2000,0.4385474417052148,0.9141496610324056,True,0.47560221932719077,0.47560221932719077,0.7073896136914256,0.7556103863085745,-0.2688421719862108,0.15853927472383111,0.048220772617148855,0.11538144671004191,0.312
rep0631,0.41,0.41433972053110196,alg2,0.15,0.015,0.03,0.105,prop_127,1000,2000,0.2227688736449055,0.7286885775577632,True,0.5059197039128577,0.5059197039128577,0.4978323974432706,0.5521676025567295,-0.27506352379836513,0.17652097500103375,0.05433520511345885,0.11208449879939886,0.3395
rep0632,0.31,0.30685759098370324,alg2,0.15,0.015,0.03,0.105,prop_127,1000,2000,0.1634106397550522,0.6058577078698799,True,0.4424470681148277,0.4424470681148277,0.4134916619721384,0.4675083380278616,-0.25008102221708617,0.1383493698420183,0.054016676055723245,0.12043039205910444,0.268
rep0633,0.10,0.09710738774154229,alg2,0.15,0.015,0.03,0.105,prop_127,1000,2000,-0.17597387023455158,0.34801195191572365,True,0.5239858221502752,0.34801195191572365,0.09624312475789903,0.13075687524210097,-0.2722169949924506,0.2172550766736227,0.03451375048420194,0.11997207166607327,0.36950000000000005
rep0634,0.54,0.5370884766756563,alg2,0.15,0.015,0.03,0.105,prop_127,1000,2000,0.37693005743354846,0.8403455306161783,True,0.4634154731826299,0.4634154731826299,0.6306651708055582,0.6823348291944418,-0.2537351133720097,0.15801070142173657,0.0516696583888836,0.11374581479374629,0.298
rep0635,0.18,0.17827000773312507,alg2,0.15,0.015,0.03,0.105,prop_127,1000,2000,-0.17584586752459894,0.3159135559410162,True,0.4917594234656152,0.3159135559410162,0.11358500154060838,0.15041499845939163,-0.2894308690652073,0.1654985574816246,0.03682999691878325,0.11592942654683192,0.33899999999999997
rep0636,0.58,0.5834640635639543,alg2,0.15,0.015,0.03,0.105,prop_127,1000,2000,0.38181053169305673,0.8563980494949259,True,0.4745875178018692,0.4745875178018692,0.6469684809291164,0.6980315190708836,-0.2651579492360597,0.15836653042404242,0.05106303814176716,0.1305244796601021,0.293
rep0637,0.66,0.6606259632581091,alg2,0.15,0.015,0.03,0.105,prop_127,1000,2000,0.2948459875696592,0.7968025088448906,True,0.5019565212752314,0.5019565212752314,0.5789107898708676,0.6320892101291324,-0.28406480230120845,0.16471329871575813,0.0531784202582648,0.13327810101696658,0.3155
rep0638,0.21,0.21433342558165774,alg2,0.15,0.015,0.03,0.105,prop_127,1000,2000,-0.06225220974506229,0.5154997968336591,True,0.5777520065787214,0.5154997968336591,0.23662200748904483,0.2843779925109552,-0.2988742172341071,0.2311218043227039,0.04775598502191036,0.130496021556811,0.3995
rep0639,0.69,0.6903486977629466,alg2,0.15,0.015,0.03,0.105,prop_127,1000,2000,0.7208551712329264,1.1643389279046974,False,0.443483756671771,0.2791448287670736,1.0,1.0,-0.2791448287670736,0.1643389279046974,0.0,0.13348375667177104,0.30999999999999994
rep0640,0.79,0.786524726491391,alg2,0.15,0.015,0.03,0.105,prop_127,1000,2000,0.41623354888995967,0.9183002366230184,True,0.5020666877330587,0.5020666877330587,0.6965997322117721,0.7454002677882279,-0.2803661833218124,0.17289996883479047,0.048800535576455806,0.12526615215660286,0.328
rep0641,0.34,0.34238386107268753,alg2,0.15,0.015,0.03,0.105,prop_127,1000,2000,0.14259271992217393,0.6911727792106037,True,0.5485800592884298,0.5485800592884298,0.4463366056835781,0.5006633943164219,-0.30374388576140415,0.1905093848941818,0.05432678863284385,0.12925327065558595,0.365
rep0642,0.65,0.6487182596051031,alg2,0.15,0.015,0.03,0.105,prop_127,1000,2000,0.37536714356259465,0.8917249004691904,True,0.5163577569065958,0.5163577569065958,0.6735338415698446,0.7234661584301554,-0.29816669800725,0.16825874203903501,0.049932316860310744,0.1269254400462851,0.3394999999999999
rep0643,0.36,0.36343834785442014,alg2,0.15,0.015,0.03,0.105,prop_127,1000,2000,0.1967247084761859,0.7349801888950751,True,0.5382554804188893,0.5382554804188893,0.485306875969764,0.539693124030236,-0.2885821674935781,0.1952870648648391,0.05438624806047193,0.13236923235841724,0.3515
rep0644,0.65,0.6481229391038595,alg2,0.15,0.015,0.03,0.105,prop_127,1000,2000,0.380388043445687,0.8801637551751365,True,0.49977571172944946,0.49977571172944946,0.6566644342885427,0.7073355657114574,-0.2762763908428557,0.172828189463679,0.050671131422914684,0.1166045803065347,0.3325
rep0645,0.29,0.2941433730670103,alg2,0.15,0.015,0.03,0.105,prop_127,1000,2000,-0.0010830839139653603,0.47516767066564214,True,0.4762507545796075,0.47516767066564214,0.23225723417428837,0.2797427658257116,-0.23334031808825373,0.19542490483993052,0.047485531651423246,0.09576522292818429,0.33299999999999996
rep0646,0.51,0.5120115362995212,alg2,0.15,0.015,0.03,0.105,prop_127,1000,2000,0.20984164468782884,0.7895905147400193,True,0.5797488700521904,0.5797488700521904,0.509370949683118,0.5636290503168819,-0.2995293049952892,0.2259614644231373,0.054258100633763906,0.12149076941842657,0.40399999999999997
rep0647,0.71,0.7065170718696113,alg2,0.15,0.015,0.03,0.105,prop_127,1000,2000,0.5553128633717022,1.0603353194198668,True,0.5050224560481646,0.44468713662829784,0.8263632143002593,0.8656367856997407,-0.27105035092855717,0.19469853372012605,0.0392735713994814,0.13174888464868323,0.334
rep0648,0.73,0.7257764503743807,alg2,0.15,0.015,0.03,0.105,prop_127,1000,2000,0.570037253636493,1.0956505118858608,True,0.5256132582493678,0.42996274636350695,0.8321544798323932,0.8708455201676069,-0.2621172261959001,0.22480499171825388,0.038691040335213644,0.1284222179141541,0.35849999999999993
rep0649,0.71,0.7092804785306875,alg2,0.15,0.015,0.03,0.105,prop_127,1000,2000,0.526360107464225,0.9965841110641243,True,0.47022400359989924,0.47022400359989924,0.7766777340558226,0.8203222659441773,-0.2503176265915977,0.17626184511994686,0.04364453188835471,0.12157947171154454,0.305
rep0650,0.44,0.43598196325490673,alg2,0.15,0.015,0.03,0.105,prop_127,1000,2000,0.1368415281634356,0.6862339183483074,True,0.5493923901848718,0.5493923901848718,0.4418507059973215,0.49614929400267843,-0.3050091778338859,0.19008462434562895,0.05429858800535692,0.13209380217951489,0.363
rep0651,0.51,0.509779873494791,alg2,0.15,0.015,0.03,0.105,prop_127,1000,2000,0.39271339993166704,0.8770159298177036,True,0.48430252988603656,0.48430252988603656,0.6520701166554336,0.7029298833445664,-0.25935671672376653,0.17408604647313713,0.050859766689132835,0.12394276319690367,0.3095
rep0652,0.30,0.3038326119750675,alg2,0.15,0.015,0.03,0.105,prop_127,1000,2000,-0.06985262225100958,0.46527072526983543,True,0.535123347520845,0.46527072526983543,0.2599545604838554,0.30904543951614455,-0.329807182734865,0.15622528575369088,0.04909087903228915,0.12203246848855581,0.36400000000000005
rep0653,0.81,0.8102823830810556,alg2,0.15,0.015,0.03,0.105,prop_127,1000,2000,0.530347653875327,0.9890806796876865,True,0.45873302581235953,0.45873302581235953,0.774597183962799,0.818402816037201,-0.244249530087472,0.17067786365048548,0.04380563207440202,0.11692739373795757,0.29799999999999993
rep0654,0.71,0.7089897305189968,alg2,0.15,0.015,0.03,0.105,prop_127,1000,2000,0.45458543156716674,0.9908501288512634,True,0.5362646972840968,0.5362646972840968,0.7496931764157826,0.7953068235842173,-0.29510774484861585,0.19554330526704616,0.045613647168434746,0.13765105011566198,0.35300000000000004
rep0655,0.29,0.29163199392445693,alg2,0.15,0.015,0.03,0.105,prop_127,1000,2000,0.09511657330589907,0.5838592150020276,True,0.4887426416961286,0.4887426416961286,0.369887535708634,0.42311246429136606,-0.2747709624027349,0.16074675071066152,0.05322492858273209,0.11901771311339648,0.31649999999999995
rep0656,0.56,0.562914990197144,alg2,0.15,0.015,0.03,0.105,prop_127,1000,2000,0.3409195998180812,0.8437093316635527,True,0.5027897318454715,0.5027897318454715,0.6006904727154343,0.6533095272845657,-0.2597708728973531,0.19039980437898696,0.05261905456913141,0.11567067727634017,0.3344999999999999
rep0657,0.35,0.3470109004221037,alg2,0.15,0.015,0.03,0.105,prop_127,1000,2000,-0.005178497331617127,0.4456237252904993,True,0.45080222262211644,0.4456237252904993,0.2259584267948075,0.2730415732051925,-0.23113692412642461,0.17258215208530678,0.047083146410385024,0.12071907621173139,0.28300000000000003
rep0658,0.32,0.31902368868181874,alg2,0.15,0.015,0.03,0.105,prop_127,1000,2000,-0.003490987372025578,0.5208018270386758,True,0.5242928144107014,0.5208018270386758,0.27018979086358363,0.31981020913641633,-0.2736807782356092,0.20099161790225947,0.0496204182728327,0.11917239613786867,0.35550000000000004
rep0659,0.74,0.7420126698484341,alg2,0.15,0.015,0.03,0.105,prop_127,1000,2000,0.657675478719564,1.1745085815097043,True,0.5168331027901403,0.342324521280436,0.9499032645775246,0.9710967354224754,-0.2922277858579606,0.20341184608722873,0.021193470844950824,0.1311396319451893,0.36450000000000005
rep0660,0.20,0.19621544316156792,alg2,0.15,0.015,0.03,0.105,prop_127,1000,2000,0.07821249824838566,0.5943368521082497,True,0.5161243538598641,0.5161243538598641,0.3491551305566232,0.4018448694433768,-0.27094263230823756,0.19249198266487294,0.052689738886753545,0.11493461497311047,0.34850000000000003
rep0661,0.69,0.6919479229129536,alg2,0.15,0.015,0.03,0.105,prop_127,1000,2000,0.3411568072434096,0.8906106152446271,True,0.5494538080012176,0.5494538080012176,0.6592180093317193,0.7097819906682807,-0.3180612020883097,0.18082862457634644,0.05056398133656148,0.12488982666465603,0.37400000000000005
rep0662,0.33,0.3251295165584837,alg2,0.15,0.015,0.03,0.105,prop_127,1000,2000,-0.14975721381815718,0.394540616712872,True,0.5442978305310292,0.394540616712872,0.152898633553765,0.19410136644623496,-0.3026558473719222,0.200439250266637,0.04120273289246995,0.12109509763855919,0.382
rep0663,0.65,0.6539903087855193,alg2,0.15,0.015,0.03,0.105,prop_127,1000,2000,0.2852570946631171,0.8495279148201542,True,0.5642708201570371,0.5642708201570371,0.5763817948368226,0.6296182051631773,-0.2911247001737055,0.21990970965697682,0.05323641032635473,0.11953440983068231,0.39149999999999996
rep0664,0.29,0.29232037114787135,alg2,0.15,0.015,0.03,0.105,prop_127,1000,2000,0.22761876785232904,0.7320990121944431,True,0.504480244342114,0.504480244342114,0.5068613371616614,0.5611386628383387,-0.27924256930933233,0.17096034935610435,0.05427732567667731,0.1272029186654367,0.323
rep0665,0.44,0.4435664527715359,alg2,0.15,0.015,0.03,0.105,prop_127,1000,2000,0.14778272002901227,0.7056618823681955,True,0.5578791623391832,0.5578791623391832,0.4259188175660211,0.4800811824339789,-0.27813609753700885,0.22558069993421664,0.05416236486795778,0.12621679747122544,0.3775000000000001
rep0666,0.57,0.569426710310103,alg2,0.15,0.015,0.03,0.105,prop_127,1000,2000,0.1431619528850786,0.6826268032610684,True,0.5394648503759898,0.5394648503759898,0.42890390353040436,0.48309609646959567,-0.28574195064532576,0.1995307067914727,0.05419219293919131,0.1302726574367986,0.35499999999999987
rep0667,0.25,0.24776737783479344,alg2,0.15,0.015,0.03,0.105,prop_127,1000,2000,-0.0674460079476176,0.4507555114501155,True,0.5182015193977331,0.4507555114501155,0.22208575119503052,0.26891424880496945,-0.2895317591426481,0.18184126264514605,0.04682849760993893,0.12587302178779408,0.3455000000000001
rep0668,0.59,0.5891451788470337,alg2,0.15,0.015,0.03,0.105,prop_127,1000,2000,0.45684293682877264,0.9404136415484405,True,0.4835707047196679,0.4835707047196679,0.708932417085235,0.757067582914765,-0.2520894802564624,0.18334605863367553,0.048135165829529925,0.12943553889013792,0.306
rep0669,0.43,0.43112417009251425,alg2,0.15,0.015,0.03,0.105,prop_127,1000,2000,0.23957793291934718,0.7389656507590161,True,0.49938771783966895,0.49938771783966895,0.47479859174693845,0.5292014082530616,-0.23522065882759127,0.20976424250595452,0.054402816506123164,0.12598490133354578,0.319
rep0670,0.52,0.5247541318418742,alg2,0.15,0.015,0.03,0.105,prop_127,1000,2000,0.23401290325474572,0.8363415835494243,True,0.6023286802946786,0.6023286802946786,0.5561757762192062,0.6098242237807937,-0.3221628729644605,0.22651735976863063,0.05364844756158749,0.1321802327330911,0.4165
rep0671,0.43,0.4258243574979035,alg2,0.15,0.015,0.03,0.105,prop_127,1000,2000,0.1368985788192471,0.6345894804863026,True,0.4976909016670555,0.4976909016670555,0.4144851972197548,0.4685148027802452,-0.2775866184005077,0.1660746777060574,0.05402960556049041,0.13016129610656513,0.3135
rep0672,0.81,0.8089839883601585,alg2,0.15,0.015,0.03,0.105,prop_127,1000,2000,0.4041385105391715,0.8924495248738407,True,0.48831101433466917,0.48831101433466917,0.6801897908635837,0.7298102091364163,-0.2760512803244122,0.16263931573742435,0.04962041827283259,0.11919059606183663,0.3194999999999999
rep0673,0.52,0.5160903827108957,alg2,0.15,0.015,0.03,0.105,prop_127,1000,2000,0.20235274013545157,0.711559440922052,True,0.5092067007866005,0.5092067007866005,0.48180278115344904,0.5361972188465509,-0.2794500410179975,0.17536222207550117,0.05439443769310187,0.12681226309349858,0.32800000000000007
rep0674,0.06,0.06029974565196784,alg2,0.15,0.015,0.03,0.105,prop_127,1000,2000,-0.2710529654028364,0.18136600188986288,True,0.45241896729269926,0.18136600188986288,0.0,0.0,-0.2710529654028364,0.18136600188986288,0.0,0.1259189672926993,0.32649999999999996
rep0675,0.52,0.5161454616139173,alg2,0.15,0.015,0.03,0.105,prop_127,1000,2000,0.11529804254831355,0.6173676109088931,True,0.5020695683605796,0.5020695683605796,0.42243747166858825,0.47656252833141177,-0.3071394291202747,0.14080508257748137,0.05412505666282352,0.1164445116977561,0.33149999999999996
rep0676,0.66,0.6578150737171017,alg2,0.15,0.015,0.03,0.105,prop_127,1000,2000,0.3906441040934314,0.8651009474857267,True,0.4744568433922953,0.4744568433922953,0.6500290650964573,0.7009709349035427,-0.2593849610030259,0.16413001258218413,0.05094186980708537,0.11851497358521007,0.30499999999999994
rep0677,0.92,0.9205140610257226,alg2,0.15,0.015,0.03,0.105,prop_127,1000,2000,0.7575014912302958,1.2199724267227496,True,0.4624709354924539,0.24249850876970425,1.0,1.0,-0.24249850876970425,0.21997242672274966,0.0,0.11547093549245385,0.34700000000000003
rep0678,0.09,0.09465568618272703,alg2,0.15,0.015,0.03,0.105,prop_127,1000,2000,-0.1449410269089924,0.33931719099136537,True,0.4842582179003578,0.33931719099136537,0.1310475279385424,0.16995247206145758,-0.2759885548475348,0.1693647189299078,0.038904944122915175,0.11185327377744259,0.3335
rep0679,0.71,0.7090958024890887,alg2,0.15,0.015,0.03,0.105,prop_127,1000,2000,0.36350409092679326,0.860121786033474,True,0.49661769510668075,0.49661769510668075,0.6556432402300948,0.7063567597699053,-0.29213914930330154,0.15376502626356875,0.050713519539810514,0.10190417556687031,0.344
rep0680,0.11,0.11455441533880197,alg2,0.15,0.015,0.03,0.105,prop_127,1000,2000,-0.21766345183470737,0.3177927167718078,True,0.5354561686065151,0.3177927167718078,0.08414281847257876,0.11685718152742125,-0.30180627030728613,0.20093553524438656,0.03271436305484249,0.13774180555167276,0.36499999999999994
rep0681,0.26,0.25727511353445326,alg2,0.15,0.015,0.03,0.105,prop_127,1000,2000,0.08615176981152356,0.5813889255609738,True,0.4952371557494502,0.4952371557494502,0.35014120346049965,0.40285879653950035,-0.2639894336489761,0.17853012902147342,0.0527175930790007,0.1210195626704495,0.3215
rep0682,0.83,0.825070707544665,alg2,0.15,0.015,0.03,0.105,prop_127,1000,2000,0.6221648827581892,1.125553826986737,True,0.5033889442285477,0.37783511724181085,0.9210403067746034,0.9479596932253966,-0.29887542401641426,0.17759413376134037,0.02691938645079328,0.1369695577777546,0.3395
rep0683,0.80,0.8007348882310458,alg2,0.15,0.015,0.03,0.105,prop_127,1000,2000,0.35226006512710156,0.8985831885429139,True,0.5463231234158124,0.5463231234158124,0.6776290996177124,0.7273709003822876,-0.3253690344906109,0.17121228816062622,0.04974180076457513,0.12408132265123711,0.3725
rep0684,0.83,0.8284671553921638,alg2,0.15,0.015,0.03,0.105,prop_127,1000,2000,0.5816461604537351,1.0189727253223158,True,0.4373265648685807,0.4183538395462649,0.8221569033416406,0.8618430966583593,-0.24051074288790547,0.1571296286639564,0.03968619331671874,0.13764037155186193,0.25999999999999995
rep0685,0.51,0.514309478391361,alg2,0.15,0.015,0.03,0.105,prop_127,1000,2000,0.18422796854234452,0.6633164685292743,True,0.47908849998692976,0.47908849998692976,0.43587295442526425,0.4901270455747358,-0.2516449858829197,0.17318942295453849,0.05425409114947155,0.13633440883745812,0.2885000000000001
rep0686,0.05,0.04867548466027368,alg2,0.15,0.015,0.03,0.105,prop_127,1000,2000,-0.21303257191898467,0.2569411552540104,True,0.46997372717299507,0.2569411552540104,0.04618125004460738,0.07181874995539261,-0.25921382196359205,0.1851224052986178,0.025637499910785233,0.12383622726220983,0.3205
rep0687,0.70,0.7017411200593814,alg2,0.15,0.015,0.03,0.105,prop_127,1000,2000,0.4096356758313653,0.917808861510561,True,0.5081731856791957,0.5081731856791957,0.6822389888489553,0.7317610111510446,-0.27260331301759,0.18604785035951632,0.04952202230208935,0.1241511633771063,0.3345
rep0688,0.78,0.7768841857553568,alg2,0.15,0.015,0.03,0.105,prop_127,1000,2000,0.5923007828105629,1.1127206951347588,True,0.5204199123241959,0.40769921718943714,0.9331503719835235,0.9578496280164766,-0.34084958917296054,0.15487106711828225,0.024699256032953087,0.11522065629124273,0.38050000000000006
rep0689,0.41,0.40967933946466756,alg2,0.15,0.015,0.03,0.105,prop_127,1000,2000,0.1017459656491898,0.527526197722765,True,0.4257802320735752,0.4257802320735752,0.35162053697253604,0.40437946302746397,-0.24987457132334623,0.123146734695301,0.052758926054927935,0.1155213060186473,0.25749999999999995
rep0690,0.47,0.46908505895471847,alg2,0.15,0.015,0.03,0.105,prop_127,1000,2000,0.3162777777973721,0.8827958391359547,True,0.5665180613385826,0.5665180613385826,0.6062708754546139,0.658729124545386,-0.2899930976572418,0.22406671459056865,0.052458249090772124,0.1345598122478105,0.3794999999999999
rep0691,0.71,0.7077778587278475,alg2,0.15,0.015,0.03,0.105,prop_127,1000,2000,0.38573492054341096,0.8894734172269654,True,0.5037384966835544,0.5037384966835544,0.670463877127832,0.7205361228721681,-0.284728956584421,0.16893729435479732,0.05007224574433611,0.12016625093921829,0.3335
rep0692,0.70,0.7005041640051802,alg2,0.15,0.015,0.03,0.105,prop_127,1000,2000,0.38050356189902074,0.8948746144133922,True,0.5143710525143714,0.5143710525143714,0.6587072267353195,0.7092927732646807,-0.2782036648362987,0.18558184114871157,0.0505855465293612,0.13428550598501032,0.32949999999999996
rep0693,0.56,0.5563453058616313,alg2,0.15,0.015,0.03,0.105,prop_127,1000,2000,0.35165556918391727,0.8365142099007626,True,0.48485864071684537,0.48485864071684537,0.589540549119027,0.642459450880973,-0.23788497993510974,0.19405475901978966,0.052918901761946024,0.12143973895489935,0.31050000000000005
rep0694,0.86,0.8579152046654233,alg2,0.15,0.015,0.03,0.105,prop_127,1000,2000,0.6431354861244876,1.176660400114569,True,0.5335249139900815,0.35686451387551243,0.9204926465420091,0.947507353457991,-0.2773571604175215,0.22915304665657812,0.027014706915981845,0.1255102070740997,0.38099999999999995
rep0695,0.13,0.133927768805338,alg2,0.15,0.015,0.03,0.105,prop_127,1000,2000,-0.29253422456753797,0.20271013886715583,True,0.4952443634346938,0.20271013886715583,0.038143086174601104,0.0618569138253989,-0.3306773107421391,0.14085322504175693,0.023713827650797797,0.11203053578389599,0.35950000000000004
rep0696,0.29,0.29447716121483336,alg2,0.15,0.015,0.03,0.105,prop_127,1000,2000,0.16548679487356288,0.6566151255206158,True,0.49112833064705297,0.49112833064705297,0.43188998024883724,0.4861100197511628,-0.26640318537527435,0.170505105769453,0.05422003950232557,0.1179082911447274,0.31899999999999995
rep0697,0.38,0.3774111129057389,alg2,0.15,0.015,0.03,0.105,prop_127,1000,2000,0.00989167209236369,0.5425375412000595,True,0.5326458691076958,0.5326458691076958,0.30294854979431063,0.3540514502056894,-0.29305687770194694,0.18848609099437014,0.05110290041137877,0.1250429686963171,0.3565
rep0698,0.49,0.4857893021833887,alg2,0.15,0.015,0.03,0.105,prop_127,1000,2000,0.19707650410779048,0.7104377039562592,True,0.5133611998484686,0.5133611998484686,0.46929904058105887,0.5237009594189411,-0.2722225364732684,0.186736744537318,0.05440191883788226,0.11995928101058628,0.3390000000000001
rep0699,0.07,0.06956301432769134,alg2,0.15,0.015,0.03,0.105,prop_127,1000,2000,-0.16269756679811292,0.3264941976326951,True,0.48919176443080803,0.3264941976326951,0.12017938396925293,0.1578206160307471,-0.28287695076736585,0.168673581601948,0.03764123206149417,0.11305053236931395,0.3384999999999999
rep0700,0.65,0.6506325430432847,alg2,0.15,0.015,0.03,0.105,prop_127,1000,2000,0.3007810801822722,0.8104253010307625,True,0.5096442208484904,0.5096442208484904,0.5718314311108293,0.6251685688891707,-0.27105035092855717,0.18525673214159183,0.05333713777834137,0.12380708307014898,0.3325
rep0701,0.62,0.6187320249579185,alg2,0.15,0.015,0.03,0.105,prop_127,1000,2000,0.1888518854121159,0.684995257578184,True,0.49614337216606813,0.49614337216606813,0.44683517562588243,0.5011648243741176,-0.25798329021376654,0.18383043320406645,0.05432964874823515,0.12981372341783293,0.31200000000000006
rep0702,0.32,0.3183272441833459,alg2,0.15,0.015,0.03,0.105,prop_127,1000,2000,0.14505315871546554,0.6710069615598625,True,0.525953802844397,0.525953802844397,0.4323877559164544,0.48661224408354564,-0.28733459720098886,0.18439471747631686,0.054224488167091245,0.1262293146773058,0.3454999999999999
rep0703,0.64,0.6352153071879647,alg2,0.15,0.015,0.03,0.105,prop_127,1000,2000,0.38280006740955147,0.9059964069537718,True,0.5231963395442203,0.5231963395442203,0.6786532689871849,0.7283467310128151,-0.29585320157763345,0.17764967594095665,0.049693462025630186,0.13000287751859013,0.34349999999999997
rep0704,0.97,0.9723238313893882,alg2,0.15,0.015,0.03,0.105,prop_127,1000,2000,0.7236753857670863,1.1721489854459477,True,0.44847359967886136,0.27632461423291366,1.0,1.0,-0.27632461423291366,0.17214898544594778,0.0,0.1154735996788615,0.33299999999999996
rep0705,0.47,0.46588421090109494,alg2,0.15,0.015,0.03,0.105,prop_127,1000,2000,0.30449172074473674,0.8051166305396463,True,0.5006249097949096,0.5006249097949096,0.5890340761016193,0.6419659238983808,-0.28454235535688255,0.16315070664126552,0.05293184779676152,0.12319306199814806,0.3245
rep0706,0.53,0.5283740232519213,alg2,0.15,0.015,0.03,0.105,prop_127,1000,2000,0.3038528119712011,0.8312040615641432,True,0.527351249592942,0.527351249592942,0.5859958574552289,0.6390041425447712,-0.28214304548402774,0.19219991901937195,0.05300828508954236,0.1223429645033996,0.3520000000000001
rep0707,0.73,0.7343174621456723,alg2,0.15,0.015,0.03,0.105,prop_127,1000,2000,0.7421575679343027,1.1789631402438068,False,0.4368055723095041,0.25784243206569735,1.0,1.0,-0.2578424320656973,0.17896314024380677,0.0,0.12980557230950407,0.307
rep0708,0.77,0.7735731870600265,alg2,0.15,0.015,0.03,0.105,prop_127,1000,2000,0.31849900851842244,0.852017508539077,True,0.5335185000206546,0.5335185000206546,0.604241215110448,0.6567587848895519,-0.2857422065920256,0.19525872364952515,0.05251756977910382,0.13600093024155074,0.34500000000000003
rep0709,0.46,0.4597510487027871,alg2,0.15,0.015,0.03,0.105,prop_127,1000,2000,0.10703219413029474,0.6647401941749922,True,0.5577080000446974,0.5577080000446974,0.3936444173649983,0.4473555826350017,-0.28661222323470353,0.21738461153999053,0.053711165270003414,0.12849683477469404,0.3755
rep0710,0.07,0.07345804081414554,alg2,0.15,0.015,0.03,0.105,prop_127,1000,2000,-0.14376754401428302,0.3804744980828423,True,0.5242420420971253,0.3804744980828423,0.15004048918729504,0.19095951081270499,-0.29380803320157806,0.18951498727013733,0.040919021625409946,0.11632302047171539,0.367
rep0711,0.88,0.8815362152345295,alg2,0.15,0.015,0.03,0.105,prop_127,1000,2000,0.6782506920117922,1.1438557703265044,True,0.4656050783147122,0.3217493079882078,0.947087298939978,0.9689127010600219,-0.2688366069281858,0.17494306926648256,0.021825402120043913,0.1307796761946684,0.31299999999999994
rep0712,0.71,0.7081656695993921,alg2,0.15,0.015,0.03,0.105,prop_127,1000,2000,0.47132369516409106,1.039353534497787,True,0.5680298393336958,0.5286763048359089,0.7881360882549749,0.830863911745025,-0.3168123930908839,0.2084896227527619,0.04272782349005011,0.13130201584364576,0.394
rep0713,0.34,0.3371108098177164,alg2,0.15,0.015,0.03,0.105,prop_127,1000,2000,0.04574631580734434,0.5913384059266807,True,0.5455920901193364,0.5455920901193364,0.30343863347545874,0.3545613665245413,-0.2576923176681144,0.23677703940213946,0.05112273304908255,0.13446935707025381,0.36000000000000004
rep0714,0.08,0.07975518910225672,alg2,0.15,0.015,0.03,0.105,prop_127,1000,2000,-0.31375993482101155,0.19116993461044535,True,0.5049298694314569,0.19116993461044535,0.0,0.0,-0.31375993482101155,0.19116993461044535,0.0,0.1304298694314569,0.3745
rep0715,0.15,0.14884037317006904,alg2,0.15,0.015,0.03,0.105,prop_127,1000,2000,-0.26181191604810805,0.235563008016863,True,0.4973749240649711,0.235563008016863,0.020294791357975094,0.0387052086420249,-0.2821067074060831,0.1968577993748381,0.01841041728404981,0.12296450678092125,0.356
rep0716,0.50,0.5002520736252362,alg2,0.15,0.015,0.03,0.105,prop_127,1000,2000,0.21155495016368753,0.707481676530398,True,0.4959267263667104,0.4959267263667104,0.4538180208019466,0.5081819791980533,-0.24226307063825908,0.1992996973323446,0.05436395839610669,0.13056276797060362,0.31100000000000005
rep0717,0.62,0.6181944409522758,alg2,0.15,0.015,0.03,0.105,prop_127,1000,2000,0.22048407047644197,0.7294864629867125,True,0.5090023925102705,0.5090023925102705,0.4943235336715526,0.5486764663284474,-0.2738394631951106,0.18080999665826514,0.05435293265689478,0.11714945985337577,0.33749999999999997
rep0718,0.75,0.7467090556088825,alg2,0.15,0.015,0.03,0.105,prop_127,1000,2000,0.43487702202767464,0.9819830327928993,True,0.5471060107652247,0.5471060107652247,0.7073896136914256,0.7556103863085745,-0.27251259166375097,0.22637264648432492,0.048220772617148855,0.12738523814807584,0.37150000000000005
rep0719,0.46,0.4594901234938354,alg2,0.15,0.015,0.03,0.105,prop_127,1000,2000,0.22435115807633388,0.7662677377963649,True,0.541916579720031,0.541916579720031,0.5334982378839579,0.5875017621160421,-0.309147079807624,0.1787659756803228,0.05400352423208421,0.12891305548794685,0.359
rep0720,0.05,0.04671494424394169,alg2,0.15,0.015,0.03,0.105,prop_127,1000,2000,-0.18222136277088583,0.31782158933709603,True,0.5000429521079819,0.31782158933709603,0.1056007721001859,0.1413992278998141,-0.2878221348710717,0.17642236143728196,0.035798455799628204,0.1137444963083537,0.3505
rep0721,0.81,0.8117611590924323,alg2,0.15,0.015,0.03,0.105,prop_127,1000,2000,0.720168220951104,1.1966335752802986,True,0.47646535432919457,0.279831779048896,1.0,1.0,-0.27983177904889606,0.19663357528029862,0.0,0.1244653543291947,0.352
rep0722,0.22,0.2219104471600488,alg2,0.15,0.015,0.03,0.105,prop_127,1000,2000,0.03456688599502705,0.5242148932869248,True,0.4896480072918978,0.4896480072918978,0.29707011665543354,0.3479298833445665,-0.2625032306604065,0.17628500994235835,0.050859766689132946,0.11278824060276488,0.32599999999999996
rep0723,0.51,0.5105466005402299,alg2,0.15,0.015,0.03,0.105,prop_127,1000,2000,0.24347920070520146,0.7580813903348729,True,0.5146021896296714,0.5146021896296714,0.5254487386866005,0.5795512613133995,-0.281969537981399,0.17853012902147342,0.05410252262679904,0.12449966700287246,0.33599999999999997
rep0724,0.48,0.477360257689102,alg2,0.15,0.015,0.03,0.105,prop_127,1000,2000,0.17232159114864498,0.6920502069242142,True,0.5197286157755692,0.5197286157755692,0.4518223765568167,0.5061776234431833,-0.2795007854081717,0.18587258348103086,0.054355246886366615,0.13437336888920248,0.33100000000000007
rep0725,0.16,0.1643904436647521,alg2,0.15,0.015,0.03,0.105,prop_127,1000,2000,-0.11315962133849575,0.4062301560194572,True,0.519389777357953,0.4062301560194572,0.15575903229450141,0.19724096770549857,-0.26891865363299716,0.20898918831395863,0.04148193541099715,0.12090784194695586,0.35699999999999993
rep0726,0.76,0.757057184239538,alg2,0.15,0.015,0.03,0.105,prop_127,1000,2000,0.41264341397442283,0.9186862669313849,True,0.506042852956962,0.506042852956962,0.6837762658241763,0.7332237341758238,-0.27113285184975344,0.18546253275556118,0.04944746835164748,0.1280953846053145,0.3285000000000001
rep0727,0.34,0.34121970245937583,alg2,0.15,0.015,0.03,0.105,prop_127,1000,2000,0.12137414968194338,0.6422781937997091,True,0.5209040441177657,0.5209040441177657,0.3812628080717453,0.43473719192825466,-0.2598886583898019,0.20754100187145447,0.05347438385650938,0.13792966026125636,0.3295
rep0728,0.20,0.196817766798613,alg2,0.15,0.015,0.03,0.105,prop_127,1000,2000,0.10499458503119824,0.64959685957459,True,0.5446022745433918,0.5446022745433918,0.40356243715132634,0.45743756284867365,-0.2985678521201281,0.19215929672591636,0.053875125697347315,0.13272714884604453,0.35799999999999993
rep0729,0.29,0.28849501958605417,alg2,0.15,0.015,0.03,0.105,prop_127,1000,2000,-0.08731741686303027,0.4180838123231283,True,0.5054012291861586,0.4180838123231283,0.1873604999523403,0.23163950004765968,-0.27467791681537057,0.18644431227546865,0.044279000095319376,0.11562222909083919,0.34550000000000003
rep0730,0.48,0.477668445003829,alg2,0.15,0.015,0.03,0.105,prop_127,1000,2000,0.14941659539579416,0.6366683914336404,True,0.48725179603784624,0.48725179603784624,0.4229347239935213,0.47706527600647874,-0.2735181285977271,0.1596031154271617,0.05413055201295747,0.13112124402488878,0.30200000000000005
rep0731,0.72,0.7209968835743404,alg2,0.15,0.015,0.03,0.105,prop_127,1000,2000,0.3930284603291856,0.9096956680946361,True,0.5166672077654505,0.5166672077654505,0.6658612822384357,0.7161387177615642,-0.27283282190925007,0.19355695033307185,0.05027743552312858,0.1278897722423219,0.3385
rep0732,0.57,0.5718125239722864,alg2,0.15,0.015,0.03,0.105,prop_127,1000,2000,0.284117013169356,0.8290219800139258,True,0.5449049668445698,0.5449049668445698,0.5566803694047007,0.6103196305952994,-0.27256335623534467,0.21870234941862648,0.0536392611905987,0.13076570565397122,0.36049999999999993
rep0733,0.97,0.9677623027604382,alg2,0.15,0.015,0.03,0.105,prop_127,1000,2000,0.6950202600895785,1.1956135060162927,True,0.5005932459267142,0.3049797399104215,1.0,1.0,-0.3049797399104215,0.19561350601629263,0.0,0.13009324592671423,0.37049999999999994
rep0734,0.48,0.4810283343490522,alg2,0.15,0.015,0.03,0.105,prop_127,1000,2000,0.17131339088403708,0.7149683804666689,True,0.5436549895826318,0.5436549895826318,0.4553150402344621,0.5096849597655378,-0.28400164935042504,0.20528342070113104,0.05436991953107573,0.11728507005155608,0.372
rep0735,0.78,0.7833574314760184,alg2,0.15,0.015,0.03,0.105,prop_127,1000,2000,0.3826038952669298,0.8922825943576497,True,0.5096786990907198,0.5096786990907198,0.6449287499380034,0.6960712500619965,-0.26232485467107364,0.19621134429565312,0.05114250012399313,0.12303619896672674,0.3355
rep0736,0.19,0.19432774790338644,alg2,0.15,0.015,0.03,0.105,prop_127,1000,2000,-0.1539311781453528,0.36168955582615925,True,0.515620733971512,0.36168955582615925,0.14005543847022134,0.17994456152977867,-0.2939866166155741,0.18174499429638058,0.03988912305955733,0.12973161091195473,0.346
rep0737,0.33,0.3254942999348819,alg2,0.15,0.015,0.03,0.105,prop_127,1000,2000,0.1590459292913316,0.6008441148053668,True,0.4417981855140352,0.4417981855140352,0.40753278772883966,0.46146721227116033,-0.24848685843750806,0.13937690253420648,0.05393442454232067,0.1323637609717146,0.25549999999999995
rep0738,0.51,0.5123079916353976,alg2,0.15,0.015,0.03,0.105,prop_127,1000,2000,0.2641328541190728,0.8097073458708162,True,0.5455744917517433,0.5455744917517433,0.5693044624060253,0.6226955375939747,-0.3051716082869525,0.1870118082768415,0.05339107518794939,0.1311834165637939,0.3610000000000001
rep0739,0.06,0.062111997988286836,alg2,0.15,0.015,0.03,0.105,prop_127,1000,2000,-0.11854200430595727,0.39158218911143894,True,0.5101241934173962,0.39158218911143894,0.16053125128540022,0.20246874871459977,-0.2790732555913575,0.18911344039683914,0.041937497429199555,0.13168669598819666,0.33649999999999997
rep0740,0.75,0.7475448991454451,alg2,0.15,0.015,0.03,0.105,prop_127,1000,2000,0.6075649125125814,1.086337233863421,True,0.4787723213508396,0.3924350874874186,0.8575387065001849,0.893461293499815,-0.24997379398760358,0.19287594036360595,0.035922586999630024,0.1253497343512096,0.31749999999999995
rep0741,0.33,0.3282612087940039,alg2,0.15,0.015,0.03,0.105,prop_127,1000,2000,-0.04411943742729199,0.45618290554241103,True,0.500302342969703,0.45618290554241103,0.23419672772773834,0.2818032722722617,-0.2783161651550303,0.17437963327014933,0.04760654454452337,0.12819579842517959,0.32450000000000007
rep0742,0.18,0.17857762779265787,alg2,0.15,0.015,0.03,0.105,prop_127,1000,2000,-0.01717580524524248,0.45387783205065124,True,0.4710536372958937,0.45387783205065124,0.2643391194044117,0.3136608805955883,-0.28151492464965416,0.14021695145506294,0.049321761191176594,0.1322318761047171,0.2895
rep0743,0.30,0.3006284010448977,alg2,0.15,0.015,0.03,0.105,prop_127,1000,2000,-0.10503003730195246,0.4100531241282389,True,0.5150831614301914,0.4100531241282389,0.1753620683610387,0.2186379316389613,-0.28039210566299116,0.19141519248927763,0.0432758632779226,0.13580729815226883,0.33599999999999997
rep0744,0.77,0.7703311074821744,alg2,0.15,0.015,0.03,0.105,prop_127,1000,2000,0.49515471905159564,0.9903976958438387,True,0.4952429767922431,0.4952429767922431,0.7766777340558226,0.8203222659441773,-0.281523015004227,0.17007542989966146,0.04364453188835471,0.1280984449038885,0.32349999999999995
rep0745,0.30,0.2994687432846144,alg2,0.15,0.015,0.03,0.105,prop_127,1000,2000,0.12477905128120809,0.6117688816221987,True,0.4869898303409906,0.4869898303409906,0.39810613341885714,0.45189386658114283,-0.27332708213764906,0.1598750150410559,0.05378773316228569,0.11720209717870478,0.31600000000000017
rep0746,0.86,0.8631013308792119,alg2,0.15,0.015,0.03,0.105,prop_127,1000,2000,0.5903706605778157,1.0474234723054912,True,0.4570528117276754,0.40962933942218427,0.873511740741516,0.9074882592584839,-0.2831410801637003,0.1399352130470073,0.03397651851696781,0.13007629321070763,0.293
rep0747,0.78,0.7789905000161823,alg2,0.15,0.015,0.03,0.105,prop_127,1000,2000,0.6688273724181351,1.0995176978181205,True,0.4306903253999854,0.33117262758186494,0.9314915104716056,0.9565084895283943,-0.26266413805347055,0.14300920828972624,0.02501697905678868,0.12267334634319677,0.28300000000000003
rep0748,0.51,0.5080678956883182,alg2,0.15,0.015,0.03,0.105,prop_127,1000,2000,0.1919709174341918,0.7240128697088231,True,0.5320419522746312,0.5320419522746312,0.4503259297363448,0.5046740702636552,-0.25835501230215296,0.21933879944516782,0.05434814052731041,0.12319381174732075,0.35450000000000004
rep0749,0.02,0.01749168767955398,alg2,0.15,0.015,0.03,0.105,prop_127,1000,2000,-0.1926834357762192,0.2403622877997006,True,0.43304572357591975,0.2403622877997006,0.06936848587949027,0.09963151412050975,-0.26205192165570945,0.14073077367919085,0.03026302824101948,0.12828269533490033,0.27449999999999997
rep0750,0.39,0.39053994972898903,alg2,0.15,0.015,0.03,0.105,prop_127,1000,2000,0.22365038181767583,0.6708968366261375,True,0.4472464548084617,0.4472464548084617,0.4943235336715526,0.5486764663284474,-0.27067315185387675,0.12222037029769021,0.05435293265689478,0.11589352215156701,0.27699999999999997
rep0751,0.30,0.30302091037636547,alg2,0.15,0.015,0.03,0.105,prop_127,1000,2000,0.06857876904539939,0.5993672219487107,True,0.5307884529033113,0.5307884529033113,0.35606014559108834,0.4089398544089117,-0.28748137654568895,0.19042736753979905,0.052879708817823334,0.13390874408548797,0.34400000000000003
rep0752,0.67,0.6728906560484075,alg2,0.15,0.015,0.03,0.105,prop_127,1000,2000,0.46989840701089725,0.9640052258558618,True,0.49410681884496455,0.49410681884496455,0.7450358983217333,0.7909641016782667,-0.2751374913108361,0.17304112417759504,0.04592820335653336,0.1361786154884312,0.31199999999999994
rep0753,0.45,0.4541601212035811,alg2,0.15,0.015,0.03,0.105,prop_127,1000,2000,0.127214485146253,0.6408069545364115,True,0.5135924693901585,0.5135924693901585,0.389184990970771,0.44281500902922893,-0.26197050582451803,0.19799194550718258,0.05363001805845791,0.12996245133170065,0.32999999999999996
rep0754,0.36,0.3621350551377598,alg2,0.15,0.015,0.03,0.105,prop_127,1000,2000,-0.032089721564750845,0.4843661262045078,True,0.5164558477692587,0.4843661262045078,0.23516671838305844,0.28283328161694155,-0.2672564399478093,0.20153284458756626,0.0476665632338831,0.13778928453537553,0.331
rep0755,0.30,0.30370365689607154,alg2,0.15,0.015,0.03,0.105,prop_127,1000,2000,0.1346264295760249,0.6444501753789482,True,0.5098237458029233,0.5098237458029233,0.4050511088688731,0.4589488911311269,-0.2704246792928482,0.18550128424782128,0.053897782262253835,0.11592596354066953,0.33999999999999997
rep0756,0.39,0.39191424206051756,alg2,0.15,0.015,0.03,0.105,prop_127,1000,2000,-0.0192175103811969,0.4867612465718414,True,0.5059787569530383,0.4867612465718414,0.2736050726010186,0.3233949273989814,-0.2928225829822155,0.16336631917286,0.04978985479796283,0.12168890215507544,0.3345
rep0757,0.93,0.9311693716628857,alg2,0.15,0.015,0.03,0.105,prop_127,1000,2000,0.5177289022543708,1.0731189373380814,True,0.5553900350837105,0.48227109774562915,0.8221569033416406,0.8618430966583593,-0.30442800108726975,0.21127584067972202,0.03968619331671874,0.12820384176699173,0.38750000000000007
rep0758,0.73,0.7253501033985368,alg2,0.15,0.015,0.03,0.105,prop_127,1000,2000,0.29443861451608894,0.802073862541286,True,0.5076352480251971,0.5076352480251971,0.557689640932094,0.611310359067906,-0.2632510264160051,0.19076350347338006,0.05362071813581193,0.13201452988938517,0.322
rep0759,0.37,0.3668140313848696,alg2,0.15,0.015,0.03,0.105,prop_127,1000,2000,0.08657349535221726,0.5839771105904956,True,0.49740361523827836,0.49740361523827836,0.36939330562898576,0.4226066943710143,-0.2828198102767685,0.16137041621948134,0.05321338874202852,0.12219022649624989,0.32199999999999995
rep0760,0.65,0.649319239106947,alg2,0.15,0.015,0.03,0.105,prop_127,1000,2000,0.471538883676595,1.0203988551540581,True,0.5488599714774631,0.528461116323405,0.7725174675692232,0.8164825324307767,-0.3009785838926282,0.20391632272328133,0.04396506486155349,0.13489490661590964,0.3699999999999999
rep0761,0.19,0.18909448403981105,alg2,0.15,0.015,0.03,0.105,prop_127,1000,2000,0.12166229435597958,0.6193672368923457,True,0.49770494253636616,0.49770494253636616,0.4070363960773875,0.4609636039226125,-0.2853741017214079,0.1584036329697333,0.05392720784522498,0.12827773469114123,0.3155
rep0762,0.58,0.5811996148724241,alg2,0.15,0.015,0.03,0.105,prop_127,1000,2000,0.29281096065766044,0.8134904009391206,True,0.5206794402814602,0.5206794402814602,0.557184990970771,0.6108150090292289,-0.2643740303131106,0.20267539190989167,0.05363001805845791,0.13554942222300226,0.3315
rep0763,0.18,0.18132628957024227,alg2,0.15,0.015,0.03,0.105,prop_127,1000,2000,-0.03906321165631427,0.46737510941814653,True,0.5064383210744607,0.46737510941814653,0.25265364827569586,0.3013463517243042,-0.29171685993201013,0.16602875769384232,0.04869270344860832,0.12874561762585246,0.32899999999999996
rep0764,0.77,0.7746575608172306,alg2,0.15,0.015,0.03,0.105,prop_127,1000,2000,0.5737066125975268,1.0248124636176663,True,0.45110585102013956,0.42629338740247325,0.8353171827739372,0.8736828172260629,-0.26161057017641043,0.15112964639160342,0.03836563445212571,0.12224021656801387,0.2905
rep0765,0.03,0.026227594970208438,alg2,0.15,0.015,0.03,0.105,prop_127,1000,2000,-0.284153986114853,0.19534760071666935,True,0.47950158683152233,0.19534760071666935,0.0,0.0,-0.284153986114853,0.19534760071666935,0.0,0.11750158683152234,0.362
rep0766,0.38,0.37867548624001796,alg2,0.15,0.015,0.03,0.105,prop_127,1000,2000,0.09423142171184345,0.6396128921467834,True,0.54538147043494,0.54538147043494,0.3862133171882252,0.43978668281177474,-0.29198189547638176,0.19982620933500864,0.05357336562354953,0.13330810481139027,0.3585000000000001
rep0767,0.61,0.6128422265947918,alg2,0.15,0.015,0.03,0.105,prop_127,1000,2000,0.3269658210864309,0.8268582377259718,True,0.49989241663954087,0.49989241663954087,0.5996762458314071,0.6523237541685929,-0.2727104247449762,0.17453448355737888,0.05264750833718579,0.12174490830235518,0.3254999999999999
rep0768,0.63,0.630024733990203,alg2,0.15,0.015,0.03,0.105,prop_127,1000,2000,0.45669832068967336,0.9028413197835512,True,0.44614299909387783,0.44614299909387783,0.7135629556269433,0.7614370443730568,-0.2568646349372699,0.14140427541049438,0.04787408874611354,0.12476891034776438,0.2734999999999999
rep0769,0.37,0.3691153843791364,alg2,0.15,0.015,0.03,0.105,prop_127,1000,2000,0.08530700960800797,0.6084671935447518,True,0.5231601839367438,0.5231601839367438,0.353593399099919,0.406406600900081,-0.268286389491911,0.20206059264467072,0.052813201800162024,0.1223469821365818,0.348
rep0770,0.76,0.7602827163677804,alg2,0.15,0.015,0.03,0.105,prop_127,1000,2000,0.5137632096416926,1.0187292069865606,True,0.5049659973448679,0.48623679035830736,0.8043285539992397,0.8456714460007602,-0.29056534435754705,0.17305776098580034,0.041342892001520415,0.12462310534334736,0.339
rep0771,0.56,0.5569418507360329,alg2,0.15,0.015,0.03,0.105,prop_127,1000,2000,0.3619192829882836,0.8282868884281526,True,0.466367605439869,0.466367605439869,0.6098239501953684,0.6621760498046316,-0.24790466720708484,0.16611083862352094,0.052352099609263236,0.12551550583060578,0.2885
rep0772,0.51,0.5123095731772616,alg2,0.15,0.015,0.03,0.105,prop_127,1000,2000,0.09599865310306827,0.6184326798269932,True,0.5224340267239249,0.5224340267239249,0.3758205571553473,0.42917944284465276,-0.279821904052279,0.18925323698234042,0.05335888568930547,0.13357514103461943,0.3355
rep0773,0.94,0.9438798022173757,alg2,0.15,0.015,0.03,0.105,prop_127,1000,2000,0.7024327581767793,1.1730275394846679,True,0.47059478130788857,0.2975672418232207,1.0,1.0,-0.29756724182322064,0.17302753948466792,0.0,0.1350947813078886,0.33549999999999996
rep0774,0.32,0.3165110740887545,alg2,0.15,0.015,0.03,0.105,prop_127,1000,2000,0.12919433029486793,0.6059492344395639,True,0.476754904144696,0.476754904144696,0.38720376133585355,0.4407962386641464,-0.2580094310409856,0.16515299577541753,0.053592477328292865,0.12216242681640321,0.30099999999999993
rep0775,0.44,0.4391276919154589,alg2,0.15,0.015,0.03,0.105,prop_127,1000,2000,0.2443213479163977,0.7378430962332353,True,0.4935217483168376,0.4935217483168376,0.4943235336715526,0.5486764663284474,-0.25000218575515487,0.18916662990478791,0.05435293265689478,0.13716881565994282,0.302
rep0776,0.14,0.1376244819698076,alg2,0.15,0.015,0.03,0.105,prop_127,1000,2000,-0.12523845487262444,0.3775085501682697,True,0.5027470050408941,0.3775085501682697,0.1419550777869589,0.1820449222130411,-0.26719353265958334,0.19546362795522854,0.04008984442608221,0.11115716061481185,0.35150000000000003
rep0777,0.69,0.6900240903357862,alg2,0.15,0.015,0.03,0.105,prop_127,1000,2000,0.25918736104979395,0.7630030754870077,True,0.5038157144372137,0.5038157144372137,0.5259516245637023,0.5800483754362978,-0.2667642635139083,0.1829547000507099,0.05409675087259558,0.11021896356461824,0.33949999999999997
rep0778,0.23,0.22579168906928765,alg2,0.15,0.015,0.03,0.105,prop_127,1000,2000,0.11251156985905364,0.6063127638403474,True,0.49380119398129374,0.49380119398129374,0.3585276326179497,0.41147236738205034,-0.24601606275889604,0.194840396458297,0.052944734764100665,0.12785645921719313,0.31299999999999994
rep0779,0.28,0.2837869490913578,alg2,0.15,0.015,0.03,0.105,prop_127,1000,2000,0.14206646202768758,0.6283023753099716,True,0.486235913282284,0.486235913282284,0.3931488122890268,0.44685118771097315,-0.25108235026133924,0.18145118759899845,0.053702375421946336,0.12353353786033766,0.309
rep0780,0.53,0.5288656238903121,alg2,0.15,0.015,0.03,0.105,prop_127,1000,2000,0.303520041047755,0.8064713039860263,True,0.5029512629382713,0.5029512629382713,0.5986621390068951,0.6513378609931049,-0.29514209795914015,0.1551334429929214,0.052675721986209734,0.12527554095206156,0.325
rep0781,0.73,0.7330093470103288,alg2,0.15,0.015,0.03,0.105,prop_127,1000,2000,0.4199148022049434,0.9137069939737956,True,0.4937921917688522,0.4937921917688522,0.6914675716084092,0.7405324283915907,-0.2715527694034658,0.17317456558220484,0.04906485678318151,0.12522733498567074,0.3194999999999999
rep0782,0.84,0.838503187664904,alg2,0.15,0.015,0.03,0.105,prop_127,1000,2000,0.584793114849815,1.08764203328318,True,0.502848918433365,0.415206885150185,0.873511740741516,0.9074882592584839,-0.28871862589170105,0.18015377402469607,0.03397651851696781,0.13087239991639704,0.3380000000000001
rep0783,0.34,0.33656651734857845,alg2,0.15,0.015,0.03,0.105,prop_127,1000,2000,0.01957155375017433,0.5137748769348957,True,0.4942033231847213,0.4942033231847213,0.2877724313902427,0.3382275686097573,-0.2682008776400684,0.17554730832513837,0.050455137219514556,0.12274818596520676,0.321
rep0784,0.11,0.10949115789238008,alg2,0.15,0.015,0.03,0.105,prop_127,1000,2000,-0.18307511056526055,0.32300476323823557,True,0.5060798738034962,0.32300476323823557,0.08043604074961852,0.11256395925038148,-0.26351115131487907,0.21044080398785406,0.032127918500762964,0.12795195530273312,0.34600000000000003
rep0785,0.48,0.4762454626103595,alg2,0.15,0.015,0.03,0.105,prop_127,1000,2000,0.3492167296973143,0.8385596732570082,True,0.4893429435596939,0.4893429435596939,0.589540549119027,0.642459450880973,-0.2403238194217127,0.19610022237603517,0.052918901761946024,0.1164240417977479,0.31999999999999995
rep0786,0.07,0.07488165227562806,alg2,0.15,0.015,0.03,0.105,prop_127,1000,2000,-0.20491356772573496,0.27770770185076044,True,0.4826212695764954,0.27770770185076044,0.08507078093356876,0.11792921906643125,-0.2899843486593037,0.1597784827843292,0.03285843813286249,0.11626283144363292,0.3335
rep0787,0.82,0.8170884972397916,alg2,0.15,0.015,0.03,0.105,prop_127,1000,2000,0.4564920810017049,1.0068551311233778,True,0.5503630501216729,0.5435079189982951,0.8038053183929146,0.8451946816070854,-0.3473132373912097,0.16166044951629227,0.04138936321417086,0.12547368690750194,0.38349999999999995
rep0788,0.34,0.3362206627963597,alg2,0.15,0.015,0.03,0.105,prop_127,1000,2000,-0.0832901139674476,0.39095312226189305,True,0.4742432362293406,0.39095312226189305,0.18399766767236778,0.2280023323276322,-0.26728778163981537,0.16295078993426082,0.044004664655264425,0.12523857157407614,0.30500000000000005
rep0789,0.50,0.496171784003576,alg2,0.15,0.015,0.03,0.105,prop_127,1000,2000,0.3681976071712439,0.8919753654538374,True,0.5237777582825935,0.5237777582825935,0.6495188851361676,0.7004811148638325,-0.28132127796492373,0.19149425059000497,0.05096222972766484,0.11581552855492866,0.35700000000000004
rep0790,0.53,0.5296143175516811,alg2,0.15,0.015,0.03,0.105,prop_127,1000,2000,0.18481202476096537,0.6899969110144952,True,0.5051848862535299,0.5051848862535299,0.458309814822649,0.512690185177351,-0.2734977900616836,0.1773067258371443,0.054380370354702,0.1353045158988278,0.3155000000000001
rep0791,0.71,0.7076541850555828,alg2,0.15,0.015,0.03,0.105,prop_127,1000,2000,0.3791793857650848,0.9141172713351646,True,0.5349378855700798,0.5349378855700798,0.6663725431961074,0.7166274568038926,-0.2871931574310226,0.19748981453127207,0.05025491360778522,0.1276829719622946,0.35700000000000004
rep0792,0.15,0.1503767874147335,alg2,0.15,0.015,0.03,0.105,prop_127,1000,2000,-0.1521944143730482,0.34469732958619326,True,0.49689174395924146,0.34469732958619326,0.13673373684079504,0.17626626315920496,-0.28892815121384324,0.16843106642698832,0.03953252631840992,0.12885921764083147,0.32850000000000007
rep0793,0.68,0.6781218861290822,alg2,0.15,0.015,0.03,0.105,prop_127,1000,2000,0.32430715009167704,0.8373945980451649,True,0.5130874479534879,0.5130874479534879,0.6027192874436003,0.6552807125563997,-0.2784121373519232,0.18211388548876517,0.05256142511279949,0.11802602284068836,0.3425
rep0794,0.42,0.4249101602725677,alg2,0.15,0.015,0.03,0.105,prop_127,1000,2000,0.1816833786642874,0.7086159837067709,True,0.5269326050424835,0.5269326050424835,0.4943235336715526,0.5486764663284474,-0.31264015500726516,0.15993951737832354,0.05435293265689478,0.1280796723855887,0.34450000000000003
rep0795,0.70,0.6987247497061722,alg2,0.15,0.015,0.03,0.105,prop_127,1000,2000,0.32035157742869497,0.8072686978288173,True,0.4869171204001223,0.4869171204001223,0.610331654191191,0.662668345808809,-0.289980076762496,0.14460035202000837,0.052336691617618,0.12708042878250447,0.3074999999999999
rep0796,0.52,0.5229072743297516,alg2,0.15,0.015,0.03,0.105,prop_127,1000,2000,0.20071185488316035,0.7127843346089118,True,0.5120724797257514,0.5120724797257514,0.5254487386866005,0.5795512613133995,-0.3247368838034401,0.1332330732955122,0.05410252262679904,0.1369699570989522,0.3210000000000001
rep0797,0.83,0.8307010375574098,alg2,0.15,0.015,0.03,0.105,prop_127,1000,2000,0.6546632095900986,1.136197917656922,True,0.4815347080668233,0.3453367904099014,0.9314915104716056,0.9565084895283943,-0.276828300881507,0.17968942812852762,0.02501697905678868,0.10051772901003464,0.356
rep0798,0.88,0.8808234463324145,alg2,0.15,0.015,0.03,0.105,prop_127,1000,2000,0.6817400739251918,1.1798443030237216,True,0.4981042290985298,0.31825992607480824,0.9607195004683318,0.9792804995316682,-0.27897942654314006,0.20056380349205333,0.018560999063336414,0.1165432300351934,0.363
rep0799,0.43,0.43465681542082857,alg2,0.15,0.015,0.03,0.105,prop_127,1000,2000,0.1838996076783046,0.6513279298289675,True,0.4674283221506629,0.4674283221506629,0.4378650999559446,0.49213490004405547,-0.25396549227764,0.159193029784912,0.05426980008811089,0.13865852206255197,0.2745
rep0800,0.17,0.17053459520841083,alg2,0.15,0.015,0.03,0.105,prop_127,1000,2000,-0.02874424615542434,0.4610293008946948,True,0.4897735470501191,0.4610293008946948,0.22353768704431146,0.2704623129556885,-0.2522819331997358,0.19056698793900628,0.046924625911377055,0.12784892113874197,0.3150000000000001
rep0801,0.41,0.41260411504675165,alg2,0.15,0.015,0.03,0.105,prop_127,1000,2000,0.1771924950629228,0.6274653651157971,True,0.4502728700528743,0.4502728700528743,0.403066269248603,0.456933730751397,-0.2258737741856802,0.17053163436440005,0.05386746150279398,0.1274054085500802,0.269
rep0802,0.20,0.19552982737023078,alg2,0.15,0.015,0.03,0.105,prop_127,1000,2000,-0.09586927224600927,0.3543414090044973,True,0.45021068125050656,0.3543414090044973,0.14670889982471993,0.18729110017528008,-0.2425781720707292,0.16705030882921723,0.04058220035056015,0.12662848089994627,0.28300000000000014
rep0803,0.80,0.7965926571332766,alg2,0.15,0.015,0.03,0.105,prop_127,1000,2000,0.5233335293989365,0.9791644832833045,True,0.455830953884368,0.455830953884368,0.7798001427170637,0.8231998572829363,-0.2564666133181272,0.15596462600036817,0.04339971456587266,0.12143123931849542,0.2909999999999999
rep0804,0.75,0.7490393466418966,alg2,0.15,0.015,0.03,0.105,prop_127,1000,2000,0.5199982514580808,1.024162296940146,True,0.5041640454820653,0.48000174854191924,0.8064221183556674,0.8475778816443326,-0.28642386689758653,0.17658441529581348,0.041155763288665215,0.11050828219339998,0.35250000000000004
rep0805,0.86,0.8576137075694341,alg2,0.15,0.015,0.03,0.105,prop_127,1000,2000,0.5540357615349736,1.0740069490871833,True,0.5199711875522097,0.4459642384650264,0.8379548986401182,0.8760451013598818,-0.2839191371051446,0.19796184772730163,0.0380902027197636,0.12938098483244626,0.3525
rep0806,0.11,0.11443861013573262,alg2,0.15,0.015,0.03,0.105,prop_127,1000,2000,-0.15664022152366305,0.3299768259755904,True,0.4866170474992535,0.3299768259755904,0.12301053738407189,0.1609894626159281,-0.27965075890773494,0.16898736335966236,0.0379789252318562,0.12913812226739724,0.31950000000000006
rep0807,0.22,0.21834185956132837,alg2,0.15,0.015,0.03,0.105,prop_127,1000,2000,-0.1337482527510209,0.34501769389732995,True,0.4787659466483508,0.34501769389732995,0.14670889982471993,0.18729110017528008,-0.28045715257574083,0.15772659372204986,0.04058220035056015,0.12768374629779067,0.3105
rep0808,0.31,0.3057032496583064,alg2,0.15,0.015,0.03,0.105,prop_127,1000,2000,0.0525773786438245,0.5593058025971864,True,0.5067284239533619,0.5067284239533619,0.3338864391677386,0.3861135608322614,-0.2813090605239141,0.17319224176492498,0.05222712166452281,0.11700130228883904,0.3375
rep0809,0.50,0.49878505714525195,alg2,0.15,0.015,0.03,0.105,prop_127,1000,2000,0.058795482838970126,0.5719423204174516,True,0.5131468375784816,0.5131468375784816,0.34324121511044803,0.39575878488955196,-0.2844457322714779,0.17618353552789967,0.052517569779103934,0.10962926779937754,0.35100000000000003
rep0810,0.13,0.13102580854362464,alg2,0.15,0.015,0.03,0.105,prop_127,1000,2000,-0.11992067332096498,0.3759913629008011,True,0.49591203622176605,0.3759913629008011,0.15051668804944904,0.191483311950551,-0.270437361370414,0.1845080509502501,0.04096662390110195,0.13044541232066398,0.3245000000000001
rep0811,0.33,0.3277871272852904,alg2,0.15,0.015,0.03,0.105,prop_127,1000,2000,0.06865475300077356,0.577730495589895,True,0.5090757425891215,0.5090757425891215,0.35951483416570207,0.41248516583429795,-0.2908600811649285,0.16524532975559708,0.05297033166859588,0.13010541092052552,0.32600000000000007
rep0812,0.17,0.1700617888306734,alg2,0.15,0.015,0.03,0.105,prop_127,1000,2000,-0.10769268906996682,0.38129734421830963,True,0.48899003328827645,0.38129734421830963,0.15099295061752965,0.19200704938247037,-0.25868563968749647,0.18929029483583928,0.04101409876494072,0.13247593452333584,0.3154999999999999
rep0813,0.74,0.7444332937639826,alg2,0.15,0.015,0.03,0.105,prop_127,1000,2000,0.6329502931044604,1.1172841156238378,True,0.4843338225193774,0.3670497068955396,0.8863619605862394,0.9186380394137605,-0.25341166748177896,0.19864607621007724,0.03227607882752115,0.13405774369185613,0.31800000000000006
rep0814,0.55,0.5477911163155484,alg2,0.15,0.015,0.03,0.105,prop_127,1000,2000,0.22617155676306716,0.8101598906965444,True,0.5839883339334773,0.5839883339334773,0.5400436965709274,0.5939563034290725,-0.3138721398078603,0.21620358726747185,0.05391260685814503,0.12207572707533204,0.4080000000000001
rep0815,0.44,0.44301852481339377,alg2,0.15,0.015,0.03,0.105,prop_127,1000,2000,0.19012806787182635,0.7616186929271586,True,0.5714906250553322,0.5714906250553322,0.4998380630579244,0.5541619369420756,-0.30970999518609804,0.20745675598508295,0.05432387388415122,0.12166675117118103,0.3955
rep0816,0.76,0.7550653227665621,alg2,0.15,0.015,0.03,0.105,prop_127,1000,2000,0.6572306736705201,1.1648242477779718,True,0.5075935741074517,0.3427693263294799,1.0,1.0,-0.3427693263294799,0.16482424777797172,0.0,0.11659357410745153,0.391
rep0817,0.30,0.30281707381746487,alg2,0.15,0.015,0.03,0.105,prop_127,1000,2000,0.05647928458964635,0.5724269260890937,True,0.5159476414994474,0.5159476414994474,0.35507335797518286,0.40792664202481715,-0.2985940733855365,0.16450028406427664,0.0528532840496343,0.12859435744981307,0.3345000000000001
rep0818,0.68,0.675641643703314,alg2,0.15,0.015,0.03,0.105,prop_127,1000,2000,0.615616381968293,1.0791406516581235,True,0.4635242696898304,0.38438361803170695,0.8815349477634195,0.9144650522365806,-0.2659185657951264,0.1646755994215428,0.03293010447316114,0.12959416521666917,0.30100000000000005
rep0819,0.34,0.34067507208923375,alg2,0.15,0.015,0.03,0.105,prop_127,1000,2000,0.12197563366223124,0.6157804052986775,True,0.49380477163644626,0.49380477163644626,0.39661864094351923,0.45038135905648075,-0.274643007281288,0.1653990462421968,0.053762718112961516,0.11804205352348485,0.32199999999999995
rep0820,0.87,0.8718592297890663,alg2,0.15,0.015,0.03,0.105,prop_127,1000,2000,0.5278134290783096,1.0627076094871049,True,0.5348941804087952,0.47218657092169036,0.8836790244798366,0.9163209755201634,-0.355865595401527,0.14638663396694152,0.032641951040326855,0.12875222936846847,0.3735000000000001
rep0821,0.31,0.3089734661518816,alg2,0.15,0.015,0.03,0.105,prop_127,1000,2000,0.04422309994924156,0.5818404550419234,True,0.5376173550926818,0.5376173550926818,0.31864730516539247,0.3703526948346075,-0.2744242052161509,0.21148776020731597,0.05170538966921501,0.13341196542346695,0.3524999999999999
rep0822,0.26,0.25784403099715614,alg2,0.15,0.015,0.03,0.105,prop_127,1000,2000,0.04359817003252442,0.5247210366910795,True,0.4811228666585551,0.4811228666585551,0.31815622212626193,0.369843777873738,-0.2745580520937375,0.15487725881734152,0.05168755574747608,0.111435310911079,0.318
rep0823,0.07,0.0654069040861767,alg2,0.15,0.015,0.03,0.105,prop_127,1000,2000,-0.18462530078097494,0.2843775619798353,True,0.46900286276081027,0.2843775619798353,0.0953096269778448,0.1296903730221552,-0.27993492775881973,0.15468718895768013,0.03438074604431039,0.13012211671649987,0.3045
rep0824,0.60,0.5989494104440728,alg2,0.15,0.015,0.03,0.105,prop_127,1000,2000,0.24878852575083144,0.772051575089743,True,0.5232630493389115,0.5232630493389115,0.5199188175660211,0.574081182433979,-0.27113029181518966,0.19797039265576394,0.05416236486795789,0.12510068447095363,0.344
rep0825,0.19,0.19406387936257286,alg2,0.15,0.015,0.03,0.105,prop_127,1000,2000,0.17921877303573588,0.6457941785348582,True,0.46657540549912235,0.46657540549912235,0.42144304989691295,0.4755569501030871,-0.24222427686117706,0.17023722843177116,0.054113900206174126,0.1359615052929482,0.2765
rep0826,0.25,0.254633407059406,alg2,0.15,0.015,0.03,0.105,prop_127,1000,2000,-0.028052704747211082,0.46691129532262554,True,0.49496400006983665,0.46691129532262554,0.21966671233880097,0.266333287661199,-0.24771941708601206,0.20057800766142653,0.04666657532239804,0.11679742474743865,0.33149999999999996
rep0827,0.85,0.8472707896748068,alg2,0.15,0.015,0.03,0.105,prop_127,1000,2000,0.7323250812094099,1.1519568336143198,True,0.4196317524049099,0.26767491879059013,0.9833256078368066,0.9946743921631934,-0.2510005266273967,0.1572824414511264,0.011348784326386863,0.13078296807852308,0.2775
rep0828,0.59,0.5851358430881207,alg2,0.15,0.015,0.03,0.105,prop_127,1000,2000,0.3383011861968959,0.8615907364270747,True,0.5232895502301789,0.5232895502301789,0.6123627759741046,0.6646372240258953,-0.2740615897772087,0.19695351240117936,0.05227444805179071,0.13101510217838802,0.34
rep0829,0.72,0.7197759140896983,alg2,0.15,0.015,0.03,0.105,prop_127,1000,2000,0.3544107560426456,0.8663179382177972,True,0.5119071821751516,0.5119071821751516,0.6245598729316113,0.6764401270683886,-0.2701491168889657,0.18987781114940855,0.051880254136777326,0.12452692803837423,0.3355
rep0830,0.25,0.24736679372268616,alg2,0.15,0.015,0.03,0.105,prop_127,1000,2000,-0.09392985299120724,0.46636526790946087,True,0.5602951209006681,0.46636526790946087,0.21096717689410752,0.2570328231058925,-0.30489702988531475,0.2093324448035684,0.046065646211784966,0.13122947468888307,0.38300000000000006
rep0831,0.54,0.5396390757597858,alg2,0.15,0.015,0.03,0.105,prop_127,1000,2000,0.44785101956883316,0.9654361408984105,True,0.5175851213295772,0.5175851213295772,0.7140776585309481,0.7619223414690519,-0.2662266389621149,0.20351379942935854,0.047844682938103844,0.12424043839147353,0.3454999999999999
rep0832,0.65,0.6509954189690357,alg2,0.15,0.015,0.03,0.105,prop_127,1000,2000,0.4149113138091019,0.8999027074266686,True,0.48499139361756666,0.48499139361756666,0.6812143179431907,0.7307856820568093,-0.26630300413408875,0.16911702536985923,0.04957136411361862,0.12442002950394793,0.31100000000000005
rep0833,0.27,0.2744056716462595,alg2,0.15,0.015,0.03,0.105,prop_127,1000,2000,-0.06057408572925843,0.49928367239384214,True,0.5598577581231006,0.49928367239384214,0.2521672219798509,0.3008327780201491,-0.31274130770910935,0.198450894373693,0.04866555604029821,0.1166922020828024,0.39449999999999996
rep0834,0.30,0.29643886014362586,alg2,0.15,0.015,0.03,0.105,prop_127,1000,2000,0.0382299808638345,0.5228574561036684,True,0.4846274752398339,0.4846274752398339,0.2848388636653053,0.3351611363346947,-0.2466088828014708,0.18769631976897372,0.05032227266938938,0.13680520257044448,0.29750000000000004
rep0835,0.71,0.710451326157513,alg2,0.15,0.015,0.03,0.105,prop_127,1000,2000,0.3096757064206334,0.8451399198198293,True,0.5354642133991958,0.5354642133991958,0.6230342563413168,0.6749657436586832,-0.3133585499206834,0.17017417616114602,0.05193148731736641,0.09853272608182945,0.38499999999999995
rep0836,0.06,0.0644549064093978,alg2,0.15,0.015,0.03,0.105,prop_127,1000,2000,-0.10368621196745453,0.42442080395861537,True,0.5281070159260699,0.42442080395861537,0.16339744569247255,0.20560255430752744,-0.2670836576599271,0.21881824965108793,0.04220510861505489,0.13240190731101503,0.3535
rep0837,0.80,0.8019562634935953,alg2,0.15,0.015,0.03,0.105,prop_127,1000,2000,0.4968466639568023,1.0177453700500478,True,0.5208987060932455,0.5031533360431977,0.8001443873209265,0.8418556126790734,-0.3032977233641242,0.17588975737097454,0.041711225358146864,0.12418748073509872,0.35500000000000004
rep0838,0.18,0.1823185691949923,alg2,0.15,0.015,0.03,0.105,prop_127,1000,2000,-0.07444701635651702,0.4713971822910887,True,0.5458441986476057,0.4713971822910887,0.2541131545406308,0.3028868454593692,-0.32856017089714784,0.16851033683171945,0.0487736909187384,0.11707050772886729,0.38
rep0839,0.22,0.22469835200361887,alg2,0.15,0.015,0.03,0.105,prop_127,1000,2000,-0.11413123890455962,0.4139869253706264,True,0.528118164275186,0.4139869253706264,0.188802473255331,0.23319752674466898,-0.3029337121598906,0.18078939862595747,0.04439505348933798,0.11972311078584813,0.36399999999999993
rep0840,0.74,0.7446698084269571,alg2,0.15,0.015,0.03,0.105,prop_127,1000,2000,0.4420874738404384,0.9097604654860609,True,0.46767299164562254,0.46767299164562254,0.6945464191521865,0.7434535808478134,-0.2524589453117481,0.16630688463824747,0.04890716169562692,0.12226582994999563,0.29649999999999993
rep0841,0.38,0.37927089494916844,alg2,0.15,0.015,0.03,0.105,prop_127,1000,2000,0.2243010170174365,0.7074864333569757,True,0.4831854163395392,0.4831854163395392,0.48881230493270306,0.5431876950672969,-0.26451128791526657,0.16429873828967875,0.05437539013459386,0.1118100262049454,0.31699999999999995
rep0842,0.77,0.7685009038564122,alg2,0.15,0.015,0.03,0.105,prop_127,1000,2000,0.45793704934208257,0.9943754172407603,True,0.5364383678986777,0.5364383678986777,0.7346993978516936,0.7813006021483064,-0.276762348509611,0.21307481509245385,0.04660120429661285,0.13333716360206482,0.35650000000000004
rep0843,0.61,0.6116441979544129,alg2,0.15,0.015,0.03,0.105,prop_127,1000,2000,0.37134123001874586,0.8918682784734893,True,0.5205270484547434,0.5205270484547434,0.6587072267353195,0.7092927732646807,-0.2873659967165736,0.1825755052088086,0.0505855465293612,0.12894150192538223,0.34099999999999997
rep0844,0.81,0.8050544843956496,alg2,0.15,0.015,0.03,0.105,prop_127,1000,2000,0.5591668359188324,1.0893890030713116,True,0.5302221671524792,0.44083316408116757,0.8697763222914039,0.9042236777085961,-0.3106094863725715,0.18516532536271552,0.03444735541719224,0.12627481173528698,0.36950000000000005
rep0845,0.50,0.5030770144484182,alg2,0.15,0.015,0.03,0.105,prop_127,1000,2000,0.2740084483318895,0.758254409253454,True,0.4842459609215645,0.4842459609215645,0.5632426688918486,0.6167573311081513,-0.2892342205599591,0.14149707814530268,0.053514662216302744,0.11323129870526183,0.3175
rep0846,0.46,0.46466388991028595,alg2,0.15,0.015,0.03,0.105,prop_127,1000,2000,0.20062298956258112,0.7123666670922535,True,0.5117436775296724,0.5117436775296724,0.48430556991487084,0.5386944300851291,-0.2836825803522897,0.17367223700712436,0.054388860170258235,0.13185481735941412,0.32549999999999996
rep0847,0.67,0.6712039640702453,alg2,0.15,0.015,0.03,0.105,prop_127,1000,2000,0.29517175197300716,0.8133399116476236,True,0.5181681596746165,0.5181681596746165,0.572842420528784,0.6261575794712161,-0.2776706685557768,0.1871823321764076,0.053315158942432106,0.12285300073218436,0.342
rep0848,0.54,0.5358246516531295,alg2,0.15,0.015,0.03,0.105,prop_127,1000,2000,0.3093911691768324,0.8487199726308166,True,0.5393288034539842,0.5393288034539842,0.5824526067163573,0.6355473932836426,-0.27306143753952494,0.21317257934717398,0.05309478656728528,0.1307340168866989,0.35550000000000004
rep0849,0.48,0.47558808606764336,alg2,0.15,0.015,0.03,0.105,prop_127,1000,2000,0.2234262417915217,0.7230124071943306,True,0.49958616540280887,0.49958616540280887,0.5098729544252643,0.5641270455747358,-0.28644671263374255,0.15888536161959477,0.05425409114947155,0.13433207425333737,0.31099999999999994
rep0850,0.34,0.34392989065238194,alg2,0.15,0.015,0.03,0.105,prop_127,1000,2000,-0.022492970292274622,0.4633203949014916,True,0.48581336519376617,0.4633203949014916,0.24973566181005594,0.2982643381899441,-0.27222863210233056,0.16505605671154752,0.04852867637988814,0.11178468881387804,0.3255
rep0851,0.56,0.5560594057482561,alg2,0.15,0.015,0.03,0.105,prop_127,1000,2000,0.1946927200289411,0.7229325791030821,True,0.528239859074141,0.528239859074141,0.47529871415550945,0.5297012858444904,-0.28060599412656834,0.19323129325859173,0.05440257168898094,0.13533728738516004,0.3385
rep0852,0.26,0.26012302186838115,alg2,0.15,0.015,0.03,0.105,prop_127,1000,2000,0.009198539658350408,0.48349465022455695,True,0.4742961105662066,0.4742961105662066,0.23419672772773834,0.2818032722722617,-0.22499818806938793,0.20169137795229525,0.04760654454452337,0.11468956602168323,0.31199999999999994
rep0853,0.75,0.7534773126797006,alg2,0.15,0.015,0.03,0.105,prop_127,1000,2000,0.5083715540544721,0.996448277396218,True,0.4880767233417459,0.4880767233417459,0.7766777340558226,0.8203222659441773,-0.26830618000135054,0.1761260114520406,0.04364453188835471,0.13743219145339108,0.30700000000000005
rep0854,0.30,0.2969324937571981,alg2,0.15,0.015,0.03,0.105,prop_127,1000,2000,-0.056305522299100186,0.487977100545477,True,0.5442826228445772,0.487977100545477,0.24099003841646105,0.289009961583539,-0.29729556071556124,0.19896713896193802,0.04801992316707793,0.13476269967749926,0.3615
rep0855,0.41,0.405923986067375,alg2,0.15,0.015,0.03,0.105,prop_127,1000,2000,0.11383062542875177,0.6373781300871035,True,0.5235475046583518,0.5235475046583518,0.39562712019901175,0.4493728798009882,-0.28179649477026,0.18800525028611534,0.05374575960197647,0.12680174505637537,0.3429999999999999
rep0856,0.22,0.21692150971974478,alg2,0.15,0.015,0.03,0.105,prop_127,1000,2000,-0.04493528195080834,0.46272228942665017,True,0.5076575713774585,0.46272228942665017,0.23856295562694327,0.2864370443730568,-0.2834982375777516,0.1762852450535934,0.04787408874611351,0.12578348263134503,0.33399999999999996
rep0857,0.60,0.6039976457136771,alg2,0.15,0.015,0.03,0.105,prop_127,1000,2000,0.42447510174962777,0.9137653567389061,True,0.48929025498927836,0.48929025498927836,0.6822389888489553,0.7317610111510446,-0.2577638870993275,0.18200434558786155,0.04952202230208935,0.12426823268718906,0.3155
rep0858,0.52,0.5226595818444564,alg2,0.15,0.015,0.03,0.105,prop_127,1000,2000,0.3859925322237164,0.8649582215100841,True,0.4789656892863677,0.4789656892863677,0.6316831634514793,0.6833168365485206,-0.24569063122776297,0.18164138496156346,0.051633673097041255,0.12783201618932638,0.29950000000000004
rep0859,0.36,0.3649009557852776,alg2,0.15,0.015,0.03,0.105,prop_127,1000,2000,0.3067724729870157,0.8616171983529789,True,0.5548447253659632,0.5548447253659632,0.604241215110448,0.6567587848895519,-0.29746874212343233,0.204858413463427,0.05251756977910382,0.13482715558685932,0.36750000000000005
rep0860,0.26,0.25912749383185896,alg2,0.15,0.015,0.03,0.105,prop_127,1000,2000,-0.13767232671041751,0.3154866184361874,True,0.45315894514660493,0.3154866184361874,0.12442719832572978,0.16257280167427018,-0.2620995250361473,0.15291381676191723,0.038145603348540405,0.12501334179806461,0.2899999999999999
rep0861,0.71,0.7062668668751864,alg2,0.15,0.015,0.03,0.105,prop_127,1000,2000,0.13417287069450928,0.6329090413281466,False,0.49873617063363734,0.49873617063363734,0.3896803694047007,0.4433196305952993,-0.2555074987101914,0.1895894107328474,0.053639261190598586,0.1305969094430388,0.3145
rep0862,0.75,0.7541385997310633,alg2,0.15,0.015,0.03,0.105,prop_127,1000,2000,0.5660897855058069,1.0437593336172626,True,0.4776695481114557,0.4339102144941931,0.8395384765123379,0.8774615234876622,-0.2734486910065311,0.1662978101296004,0.037923046975324226,0.11924650113613144,0.3205
rep0863,0.17,0.16819335324395354,alg2,0.15,0.015,0.03,0.105,prop_127,1000,2000,0.005910798867614975,0.5091042400934747,True,0.5031934412258596,0.5031934412258596,0.28239516868543846,0.33260483131456153,-0.2764843698178235,0.1764994087789131,0.050209662629123075,0.1289837785967365,0.32400000000000007
rep0864,0.40,0.39622981499775667,alg2,0.15,0.015,0.03,0.105,prop_127,1000,2000,0.1911576238126993,0.7361514158844563,True,0.544993792071757,0.544993792071757,0.4712984965406528,0.5257015034593472,-0.2801408727279535,0.2104499124251091,0.054403006918694374,0.12559078515306266,0.365
rep0865,0.69,0.6858311175662823,alg2,0.15,0.015,0.03,0.105,prop_127,1000,2000,0.579972111664308,1.094689527679367,True,0.5147174160150589,0.42002788833569205,0.8852884014972409,0.9177115985027591,-0.30531628983293296,0.17697792917660773,0.03242319700551821,0.1262942190095407,0.35600000000000004
rep0866,0.47,0.4721888504698195,alg2,0.15,0.015,0.03,0.105,prop_127,1000,2000,0.4183684347752257,0.8949957297215744,True,0.4766272949463487,0.4766272949463487,0.6530908420287933,0.7039091579712067,-0.23472240725356766,0.1910865717503677,0.05081831594241337,0.10780897900393532,0.318
rep0867,0.69,0.693794826548079,alg2,0.15,0.015,0.03,0.105,prop_127,1000,2000,0.4613959985669636,0.9878086023582566,True,0.5264126037912931,0.5264126037912931,0.7367652889628971,0.783234711037103,-0.27536929039593344,0.2045738913211536,0.0464694220742059,0.12144318171708701,0.35850000000000004
rep0868,0.26,0.2566978664394614,alg2,0.15,0.015,0.03,0.105,prop_127,1000,2000,0.058930478717157064,0.607243615269514,True,0.5483131365523569,0.5483131365523569,0.32945909207134344,0.3815409079286565,-0.2705286133541864,0.2257027073408575,0.052081815857313085,0.11823132069504388,0.378
rep0869,0.24,0.24120304102613027,alg2,0.15,0.015,0.03,0.105,prop_127,1000,2000,-0.010100778265921567,0.45692894214230295,True,0.46702972040822455,0.45692894214230295,0.24050454245962896,0.28849545754037104,-0.25060532072555053,0.16843348460193192,0.047990915080742075,0.11803880532748245,0.301
rep0870,0.54,0.535780639473449,alg2,0.15,0.015,0.03,0.105,prop_127,1000,2000,0.3452065724535665,0.8699761278246785,True,0.524769555371112,0.524769555371112,0.6235427638901228,0.6754572361098772,-0.27833619143655625,0.19451889171480127,0.051914472219754426,0.11735508315135751,0.3555
rep0871,0.72,0.7154389851825377,alg2,0.15,0.015,0.03,0.105,prop_127,1000,2000,0.4534928805345424,0.9953947926781445,True,0.5419019121436021,0.5419019121436021,0.7176817027964134,0.7653182972035867,-0.264188822261871,0.23007649547455777,0.04763659440717327,0.13626531773642875,0.35800000000000004
rep0872,0.24,0.24101545269402924,alg2,0.15,0.015,0.03,0.105,prop_127,1000,2000,0.17291335330955832,0.6670804495043683,True,0.49416709619481,0.49416709619481,0.43587295442526425,0.4901270455747358,-0.26295960111570593,0.17695340392963244,0.05425409114947155,0.11841300504533842,0.32149999999999995
rep0873,0.78,0.7778548045946253,alg2,0.15,0.015,0.03,0.105,prop_127,1000,2000,0.3707354647327631,0.8839234428884684,True,0.5131879781557053,0.5131879781557053,0.6469684809291164,0.6980315190708836,-0.2762330161963533,0.1858919238175848,0.05106303814176716,0.12312494001393803,0.3390000000000001
rep0874,0.15,0.15193436593523885,alg2,0.15,0.015,0.03,0.105,prop_127,1000,2000,-0.1824090979891667,0.2950542270504231,True,0.4774633250395898,0.2950542270504231,0.08367902447983662,0.11632097552016339,-0.2660881224690033,0.1787332515302597,0.03264195104032677,0.13632137399926303,0.3085
rep0875,0.23,0.2346368809099312,alg2,0.15,0.015,0.03,0.105,prop_127,1000,2000,-0.1559050016665571,0.368663617521793,True,0.5245686191883501,0.368663617521793,0.12301053738407189,0.1609894626159281,-0.278915539050629,0.20767415490586488,0.0379789252318562,0.13608969395649384,0.35050000000000003
rep0876,0.63,0.6328743671801009,alg2,0.15,0.015,0.03,0.105,prop_127,1000,2000,0.5186926619369168,0.9785821499242513,True,0.45988948798733453,0.45988948798733453,0.7938753497525438,0.8361246502474561,-0.275182687815627,0.14245749967679527,0.04224930049491227,0.13464018749242235,0.2829999999999999
rep0877,0.61,0.611707536587315,alg2,0.15,0.015,0.03,0.105,prop_127,1000,2000,0.3222722635617755,0.8456188839325962,True,0.5233466203708207,0.5233466203708207,0.6083010212556178,0.6606989787443821,-0.2860287576938423,0.1849199051882141,0.0523979574887643,0.12944866288205642,0.34149999999999997
rep0878,0.69,0.6933386821204933,alg2,0.15,0.015,0.03,0.105,prop_127,1000,2000,0.43107875465948875,0.9209291697680589,True,0.4898504151085702,0.4898504151085702,0.7130482926408878,0.7609517073591122,-0.281969537981399,0.15997746240894672,0.04790341471822446,0.11644700039034572,0.3255
rep0879,0.03,0.03300402301366184,alg2,0.15,0.015,0.03,0.105,prop_127,1000,2000,-0.2794630541475532,0.1889672631314829,True,0.46843031727903606,0.1889672631314829,2.4684222899003586e-05,0.0059753157771009965,-0.2794877383704522,0.1829919473543819,0.005950631554201993,0.11697968572483414,0.3455
rep0880,0.39,0.3914563282154039,alg2,0.15,0.015,0.03,0.105,prop_127,1000,2000,0.1568039237403276,0.6410913493851559,True,0.4842874256448283,0.4842874256448283,0.4129949360280755,0.4670050639719245,-0.25619101228774793,0.17408628541323143,0.05401012794384896,0.11877729770097933,0.3115
rep0881,0.19,0.1948530992919928,alg2,0.15,0.015,0.03,0.105,prop_127,1000,2000,0.040621671799999426,0.5334903136920908,True,0.49286864189209134,0.49286864189209134,0.29560125475610805,0.34639874524389197,-0.2549795829561086,0.18709156844819885,0.050797490487783925,0.13107115140430742,0.31100000000000005
rep0882,0.43,0.43200730989615416,alg2,0.15,0.015,0.03,0.105,prop_127,1000,2000,0.3324469600094117,0.8620306224784082,True,0.5295836624689965,0.5295836624689965,0.625577107438467,0.677422892561533,-0.29313014742905524,0.18460772991687527,0.051845785123066035,0.1282378773459305,0.34950000000000003
rep0883,0.94,0.9434516394468868,alg2,0.15,0.015,0.03,0.105,prop_127,1000,2000,0.6254115775092812,1.1388026044371986,True,0.5133910269279174,0.3745884224907188,0.9210403067746034,0.9479596932253966,-0.29562872926532213,0.19084291121180197,0.02691938645079328,0.13547164047712407,0.35100000000000003
rep0884,0.33,0.3319831018965169,alg2,0.15,0.015,0.03,0.105,prop_127,1000,2000,-0.05485176910674605,0.4919501527248085,True,0.5468019218315545,0.4919501527248085,0.2575199875161223,0.30648001248387763,-0.31237175662286837,0.1854701402409309,0.04896002496775531,0.11784189686379931,0.37999999999999995
rep0885,0.73,0.7324859026395856,alg2,0.15,0.015,0.03,0.105,prop_127,1000,2000,0.5278151378727877,1.0365301857593705,True,0.5087150478865828,0.47218486212721233,0.808516688049449,0.8494833119505509,-0.2807015501766613,0.18704687380881957,0.04096662390110195,0.13024842398548087,0.3375
rep0886,0.54,0.5385283686566426,alg2,0.15,0.015,0.03,0.105,prop_127,1000,2000,0.2534592498860869,0.7452666074345827,True,0.4918073575484958,0.4918073575484958,0.5345049250364474,0.5884950749635526,-0.2810456751503605,0.15677153247103015,0.05399014992710516,0.11081720762139058,0.32700000000000007
rep0887,0.35,0.3539669311911588,alg2,0.15,0.015,0.03,0.105,prop_127,1000,2000,0.04196711523654184,0.5573655321340204,True,0.5153984168974786,0.5153984168974786,0.3279838667273409,0.38001613327265904,-0.2860167514907991,0.17734939886136136,0.05203226654531812,0.1368661503521605,0.32649999999999996
rep0888,0.20,0.1952673020933365,alg2,0.15,0.015,0.03,0.105,prop_127,1000,2000,-0.07820611934071006,0.42993938003134524,True,0.5081454993720553,0.42993938003134524,0.19168776793138012,0.23631223206861987,-0.2698938872720902,0.1936271479627254,0.04462446413723975,0.13652103523481557,0.327
rep0889,0.26,0.26497849197301776,alg2,0.15,0.015,0.03,0.105,prop_127,1000,2000,0.097970065160563,0.6507111516791606,True,0.5527410865185975,0.5527410865185975,0.38868964093209407,0.4423103590679059,-0.29071957577153107,0.20840079261125477,0.05362071813581182,0.12912036838278573,0.3700000000000001
rep0890,0.63,0.6290537606592542,alg2,0.15,0.015,0.03,0.105,prop_127,1000,2000,0.46386686306586866,0.97167626700839,True,0.5078094039425214,0.5078094039425214,0.7377984960382247,0.7842015039617753,-0.273931632972356,0.18747476304661467,0.046403007923550676,0.1289063960189708,0.3324999999999999
rep0891,0.55,0.5528966909490612,alg2,0.15,0.015,0.03,0.105,prop_127,1000,2000,0.36161824488417665,0.8938357914436278,True,0.5322175465594512,0.5322175465594512,0.6587072267353195,0.7092927732646807,-0.2970889818511428,0.1845430181789471,0.0505855465293612,0.11213200003008983,0.36950000000000005
rep0892,0.80,0.8006173868245346,alg2,0.15,0.015,0.03,0.105,prop_127,1000,2000,0.7137263970876027,1.1425103313174698,True,0.42878393422986716,0.28627360291239734,0.9607195004683318,0.9792804995316682,-0.24699310338072913,0.16322983178580164,0.018560999063336414,0.11822293516653082,0.2919999999999999
rep0893,0.29,0.29004347155906574,alg2,0.15,0.015,0.03,0.105,prop_127,1000,2000,0.07202673236851515,0.5599878150753207,True,0.48796108270680555,0.48796108270680555,0.337331654191191,0.389668345808809,-0.26530492182267584,0.17031946926651173,0.052336691617618,0.1321243910891876,0.3035
rep0894,0.25,0.25027163369822375,alg2,0.15,0.015,0.03,0.105,prop_127,1000,2000,-0.1579414990375102,0.36127998248955173,True,0.5192214815270619,0.36127998248955173,0.13910603183078202,0.178893968169218,-0.2970475308682922,0.18238601432033372,0.03978793633843597,0.11593354518862592,0.3635
rep0895,0.50,0.5009754217237548,alg2,0.15,0.015,0.03,0.105,prop_127,1000,2000,0.283725696228776,0.7667686058276685,True,0.48304290959889246,0.48304290959889246,0.5617278646462225,0.6152721353537776,-0.27800216841744646,0.1514964704738909,0.053544270707555075,0.12549863889133744,0.3039999999999999
rep0896,0.42,0.42275257362258056,alg2,0.15,0.015,0.03,0.105,prop_127,1000,2000,0.007032251435617309,0.5430979560272011,True,0.5360657045915838,0.5360657045915838,0.3039287499380035,0.3550712500619965,-0.2968964985023862,0.18802670596520465,0.05114250012399302,0.11542320446759086,0.3695
rep0897,0.57,0.5749317022579263,alg2,0.15,0.015,0.03,0.105,prop_127,1000,2000,0.22179469715840017,0.7544237147621582,True,0.532629017603758,0.532629017603758,0.5068613371616614,0.5611386628383387,-0.2850666400032612,0.19328505192381945,0.05427732567667731,0.11385169192708061,0.36450000000000005
rep0898,0.41,0.40999482271590626,alg2,0.15,0.015,0.03,0.105,prop_127,1000,2000,0.12894917543428508,0.689719060715684,True,0.5607698852813989,0.5607698852813989,0.4643023050520282,0.5186976949479718,-0.3353531296177431,0.17102136576771226,0.05439538989594361,0.13437449538545537,0.37200000000000005
rep0899,0.60,0.6028749348952296,alg2,0.15,0.015,0.03,0.105,prop_127,1000,2000,0.2548235257970291,0.7291394326694857,True,0.47431590687245656,0.47431590687245656,0.5244430498969129,0.578556950103087,-0.2696195240998838,0.15058248256639858,0.054113900206174126,0.12020200666628239,0.3
rep0900,0.08,0.08023105099107586,alg2,0.15,0.015,0.03,0.105,prop_127,1000,2000,-0.2079411959010651,0.3067201912455608,True,0.5146613871466259,0.3067201912455608,0.1027892764542819,0.1382107235457181,-0.310730472355347,0.16850946769984276,0.03542144709143619,0.12173994005518973,0.35750000000000004
rep0901,0.25,0.24805563350972124,alg2,0.15,0.015,0.03,0.105,prop_127,1000,2000,0.022844949411271687,0.5539323303515474,True,0.5310873809402757,0.5310873809402757,0.3260173350337804,0.3779826649662196,-0.3031723856225087,0.17594966538532783,0.051965329932439186,0.12862205100783652,0.35050000000000003
rep0902,0.46,0.459208285481113,alg2,0.15,0.015,0.03,0.105,prop_127,1000,2000,0.19819419658434467,0.6753723020195073,True,0.4771781054351626,0.4771781054351626,0.4563131894529151,0.5106868105470849,-0.25811899286857043,0.1646854914724224,0.054373621094169766,0.13630448434099285,0.2865
rep0903,0.40,0.40470325308908073,alg2,0.15,0.015,0.03,0.105,prop_127,1000,2000,0.2683713938924894,0.8038019539041401,True,0.5354305600116507,0.5354305600116507,0.5657679144358254,0.6192320855641746,-0.29739652054333604,0.18456986833996553,0.053464171128349225,0.11596638888330163,0.36599999999999994
rep0904,0.74,0.7367150862951151,alg2,0.15,0.015,0.03,0.105,prop_127,1000,2000,0.5641649804740012,1.0362656353498643,True,0.47210065487586306,0.4358350195259988,0.8127088998247199,0.85329110017528,-0.24854391935071868,0.18297453517458426,0.04058220035056004,0.12151845452530285,0.31000000000000005
rep0905,0.53,0.5262469525590572,alg2,0.15,0.015,0.03,0.105,prop_127,1000,2000,0.5340574726161399,1.0079910707313733,False,0.4739335981152334,0.4659425273838601,0.7740771770619638,0.8179228229380363,-0.2400197044458239,0.19006824779333692,0.043845645876072536,0.12558795223916086,0.3045
rep0906,0.43,0.4295134784735216,alg2,0.15,0.015,0.03,0.105,prop_127,1000,2000,0.11095945507013949,0.6011281891757368,True,0.49016873410559736,0.49016873410559736,0.38274766077777744,0.4362523392222225,-0.27178820570763795,0.16487584995351437,0.053504678444445064,0.1316640556611523,0.305
rep0907,0.58,0.5849474766699793,alg2,0.15,0.015,0.03,0.105,prop_127,1000,2000,0.25432744991995415,0.7805589343891317,True,0.5262314844691776,0.5262314844691776,0.5103749865940167,0.5646250134059833,-0.25604753667406255,0.2159339209831484,0.054250026811966556,0.13298145765721092,0.339
rep0908,0.48,0.48492751275630064,alg2,0.15,0.015,0.03,0.105,prop_127,1000,2000,0.44973999951302873,0.9110214483089776,True,0.46128144879594885,0.46128144879594885,0.70841811010851,0.7565818898914901,-0.25867811059548124,0.1544395584174875,0.04816377978298014,0.11961766901296877,0.2935
rep0909,0.60,0.6005456321863921,alg2,0.15,0.015,0.03,0.105,prop_127,1000,2000,0.5191213984074028,0.9988201338056761,True,0.47969873539827335,0.47969873539827335,0.775117242968731,0.8188827570312691,-0.2559958445613282,0.17993737677440697,0.04376551406253815,0.1269332213357351,0.30900000000000005
rep0910,0.24,0.2355777817622394,alg2,0.15,0.015,0.03,0.105,prop_127,1000,2000,-0.14809286892944826,0.4279573261207573,True,0.5760501950502056,0.4279573261207573,0.16005375895578092,0.20194624104421907,-0.3081466278852292,0.22601108507653825,0.041892482088438154,0.12415771296176742,0.41
rep0911,0.93,0.9274402226674996,alg2,0.15,0.015,0.03,0.105,prop_127,1000,2000,0.6908876676749043,1.2132726343264473,True,0.522384966651543,0.3091123323250957,0.978387151038813,0.991612848961187,-0.28749948336390874,0.2216597853652602,0.013225697922373936,0.1321592687291689,0.37700000000000006
rep0912,0.33,0.3328031798974252,alg2,0.15,0.015,0.03,0.105,prop_127,1000,2000,0.06347175160051893,0.6016694806282421,True,0.5381977290277231,0.5381977290277231,0.3639586974429696,0.4170413025570304,-0.30048694584245067,0.18462817807121162,0.05308260511406082,0.1346151239136622,0.3505000000000001
rep0913,0.79,0.7928530932485195,alg2,0.15,0.015,0.03,0.105,prop_127,1000,2000,0.6280792797152687,1.1421695115659292,True,0.5140902318506605,0.37192072028473133,0.8982071936827052,0.9287928063172948,-0.2701279139674365,0.21337670524863447,0.030585612634589587,0.138004619216071,0.34550000000000003
rep0914,0.28,0.27955813148107167,alg2,0.15,0.015,0.03,0.105,prop_127,1000,2000,0.07968728068775771,0.5894430184158527,True,0.509755737728095,0.509755737728095,0.33536277597410463,0.38763722402589534,-0.2556754952863469,0.2018057943899573,0.05227444805179071,0.11598128967630411,0.3415000000000001
rep0915,0.59,0.5854321739882112,alg2,0.15,0.015,0.03,0.105,prop_127,1000,2000,0.43719423748684566,0.9375347380044472,True,0.5003405005176016,0.5003405005176016,0.7192268994518005,0.7667731005481995,-0.28203266196495486,0.17076163745624767,0.047546201096398955,0.11929429942120251,0.3335
rep0916,0.55,0.5465347024511903,alg2,0.15,0.015,0.03,0.105,prop_127,1000,2000,0.2958289494949099,0.7537092496582818,True,0.4578803001633719,0.4578803001633719,0.5763817948368226,0.6296182051631773,-0.2805528453419127,0.12409104449510439,0.05323641032635473,0.10514388983701711,0.2995
rep0917,0.56,0.5579033237171087,alg2,0.15,0.015,0.03,0.105,prop_127,1000,2000,0.4045959384898626,0.8855468241850636,True,0.480950885695201,0.480950885695201,0.6755811875253286,0.7254188124746714,-0.270985249035466,0.16012801171039215,0.04983762494934285,0.12061326074585815,0.3105
rep0918,0.72,0.7218633328980577,alg2,0.15,0.015,0.03,0.105,prop_127,1000,2000,0.43648923877929585,0.9187829540085435,True,0.48229371522924763,0.48229371522924763,0.7099611489248165,0.7580388510751834,-0.2734719101455207,0.1607441029333601,0.048077702150366886,0.12921601307888075,0.30500000000000005
rep0919,0.87,0.8656176910114827,alg2,0.15,0.015,0.03,0.105,prop_127,1000,2000,0.6450833304395289,1.0907869312014464,True,0.4457036007619175,0.3549166695604711,0.9226846443746908,0.9493153556253093,-0.2776013139351619,0.14147157557613704,0.026630711250618555,0.11707288951129902,0.30199999999999994
rep0920,0.62,0.6233059094640105,alg2,0.15,0.015,0.03,0.105,prop_127,1000,2000,0.33978435936136214,0.8296588350574745,True,0.48987447569611237,0.48987447569611237,0.5941001389111268,0.6468998610888733,-0.25431577954976464,0.18275897396860113,0.05279972217774653,0.12857475351836584,0.30849999999999994
rep0921,0.22,0.2173664709418197,alg2,0.15,0.015,0.03,0.105,prop_127,1000,2000,-0.08245156551754998,0.423740172550432,True,0.506191738067982,0.423740172550432,0.17057202389501644,0.21342797610498357,-0.2530235894125664,0.21031219644544843,0.04285595220996713,0.11883578585801491,0.3444999999999999
rep0922,0.70,0.7005194618395932,alg2,0.15,0.015,0.03,0.105,prop_127,1000,2000,0.14145003024359631,0.6197866190926569,False,0.47833658884906055,0.47833658884906055,0.403066269248603,0.456933730751397,-0.2616162390050067,0.1628528883412599,0.05386746150279398,0.13046912734626664,0.294
rep0923,0.16,0.16440842251557405,alg2,0.15,0.015,0.03,0.105,prop_127,1000,2000,0.17105242692133898,0.6739284084232343,False,0.5028759815018953,0.5028759815018953,0.42741123660422853,0.4815887633957715,-0.25635880968288954,0.19233964502746284,0.054177526791542974,0.12169845471035245,0.32699999999999996
rep0924,0.14,0.1429748606919633,alg2,0.15,0.015,0.03,0.105,prop_127,1000,2000,-0.21570405177002694,0.2502433345375978,True,0.4659473863076247,0.2502433345375978,0.060670654417564404,0.08932934558243559,-0.27637470618759136,0.1609139889551622,0.028658691164871186,0.11128869514275358,0.326
rep0925,0.67,0.666712725019911,alg2,0.15,0.015,0.03,0.105,prop_127,1000,2000,0.4528636587866508,0.9421631599538813,True,0.48929950116723053,0.48929950116723053,0.7455531914492858,0.7914468085507141,-0.292689532662635,0.15071635140316725,0.04589361710142836,0.11340588406580215,0.33000000000000007
rep0926,0.17,0.16622442380947358,alg2,0.15,0.015,0.03,0.105,prop_127,1000,2000,-0.11859633348931023,0.36487329051666595,True,0.48346962400597615,0.36487329051666595,0.1457576034714471,0.18624239652855293,-0.2643539369607573,0.17863089398811305,0.04048479305710584,0.12798483094887042,0.31499999999999995
rep0927,0.51,0.5141555573393931,alg2,0.15,0.015,0.03,0.105,prop_127,1000,2000,0.3760385842558771,0.8963889767545317,True,0.5203503924986546,0.5203503924986546,0.6566644342885427,0.7073355657114574,-0.2806258500326656,0.18905341104307424,0.050671131422914684,0.1366792610757398,0.3330000000000001
rep0928,0.38,0.38486703788990645,alg2,0.15,0.015,0.03,0.105,prop_127,1000,2000,0.2962141572114581,0.8425740367026513,True,0.5463598794911932,0.5463598794911932,0.5526444173649983,0.6063555826350018,-0.25643026015354015,0.23621845406764946,0.053711165270003525,0.13114871422118968,0.36149999999999993
rep0929,0.53,0.5258807586557327,alg2,0.15,0.015,0.03,0.105,prop_127,1000,2000,0.09493990766113564,0.6441627730854056,True,0.5492228654242699,0.5492228654242699,0.39661864094351923,0.45038135905648075,-0.3016787332823836,0.19378141402892488,0.053762718112961516,0.12396014731130856,0.37149999999999994
rep0930,0.69,0.6861048992827523,alg2,0.15,0.015,0.03,0.105,prop_127,1000,2000,0.47891963059970866,1.010595088062064,True,0.5316754574623553,0.5210803694002913,0.7476228181108868,0.7933771818891131,-0.26870318751117817,0.2172179061729508,0.04575436377822628,0.1354210936841289,0.35050000000000003
rep0931,0.79,0.7886264475385006,alg2,0.15,0.015,0.03,0.105,prop_127,1000,2000,0.6863682211502165,1.151346279531328,True,0.4649780583811116,0.31363177884978355,0.9375870852960271,0.9614129147039729,-0.25121886414581057,0.18993336482735507,0.023825829407945864,0.11665222897316563,0.3245
rep0932,0.75,0.7530435600518499,alg2,0.15,0.015,0.03,0.105,prop_127,1000,2000,0.2919848052751821,0.786216106955289,True,0.49423130168010687,0.49423130168010687,0.539540032354316,0.593459967645684,-0.2475552270791339,0.19275613930960503,0.05391993529136796,0.13031136638873891,0.31
rep0933,0.46,0.4603632560540694,alg2,0.15,0.015,0.03,0.105,prop_127,1000,2000,0.3314077195949018,0.8403385617570058,True,0.508930842162104,0.508930842162104,0.612870633006324,0.665129366993676,-0.28146291341142227,0.1752091947633299,0.052258733987351924,0.11417210817475215,0.3425
rep0934,0.36,0.3640486656919765,alg2,0.15,0.015,0.03,0.105,prop_127,1000,2000,0.008105904789127039,0.49479541914121045,True,0.4866895143520834,0.4866895143520834,0.29755980392785525,0.34844019607214477,-0.2894538991387282,0.14635522306906568,0.05088039214428952,0.10530912220779387,0.3305
rep0935,0.45,0.4484190082718218,alg2,0.15,0.015,0.03,0.105,prop_127,1000,2000,0.1335681636982265,0.6867525101248273,True,0.5531843464266009,0.5531843464266009,0.41895747932669,0.47304252067331004,-0.2853893156284635,0.21370998945151726,0.054085041346620066,0.1275993050799808,0.37149999999999994
rep0936,0.47,0.4668823636384429,alg2,0.15,0.015,0.03,0.105,prop_127,1000,2000,0.24435341930412535,0.7501135192062364,True,0.505760099902111,0.505760099902111,0.537525654772141,0.591474345227859,-0.29317223546801563,0.15863917397837735,0.05394869045571804,0.13181140944639297,0.32
rep0937,0.49,0.48634738882638967,alg2,0.15,0.015,0.03,0.105,prop_127,1000,2000,0.26729426786399757,0.8096322633324249,True,0.5423379954684273,0.5423379954684273,0.5622327708419175,0.6157672291580825,-0.2949385029779199,0.19386503417434248,0.05353445831616499,0.11380353715226238,0.375
rep0938,0.05,0.050518539447385644,alg2,0.15,0.015,0.03,0.105,prop_127,1000,2000,-0.15870573146008102,0.35268098498165634,True,0.5113867164417374,0.35268098498165634,0.14053024543519846,0.18046975456480155,-0.2992359768952795,0.17221123041685482,0.03993950912960309,0.13144720731213422,0.3400000000000001
rep0939,0.29,0.28880775061146474,alg2,0.15,0.015,0.03,0.105,prop_127,1000,2000,0.05950300582094281,0.5681362353754165,True,0.5086332295544737,0.5086332295544737,0.31864730516539247,0.3703526948346075,-0.25914429934444966,0.19778354054080893,0.05170538966921501,0.13092783988525863,0.32599999999999996
rep0940,0.87,0.8734333798785777,alg2,0.15,0.015,0.03,0.105,prop_127,1000,2000,0.4999845889067202,0.9854179898837208,True,0.48543340097700055,0.48543340097700055,0.7714779191767878,0.8155220808232122,-0.27149333027006756,0.16989590906050858,0.04404416164642444,0.13638923933057623,0.30499999999999994
rep0941,0.68,0.683200274884099,alg2,0.15,0.015,0.03,0.105,prop_127,1000,2000,0.2767064721833568,0.7467706363129043,True,0.4700641641295475,0.4700641641295475,0.5319884157060376,0.5860115842939625,-0.2552819435226808,0.16075905201894175,0.054023168587924886,0.1130409955416225,0.30300000000000005
rep0942,0.27,0.2710550747889007,alg2,0.15,0.015,0.03,0.105,prop_127,1000,2000,0.007495406563963802,0.5706634144613562,True,0.5631680078973924,0.5631680078973924,0.312265709241205,0.36373429075879504,-0.3047703026772412,0.20692912370256114,0.05146858151759004,0.1341994263798023,0.37750000000000006
rep0943,0.47,0.4731482432428844,alg2,0.15,0.015,0.03,0.105,prop_127,1000,2000,0.024271397552799834,0.5411297481416371,True,0.5168583505888372,0.5168583505888372,0.28092936655651696,0.33107063344348303,-0.2566579690037171,0.21005911469815397,0.050141266886966074,0.13071708370187113,0.33599999999999997
rep0944,0.51,0.5146957667549181,alg2,0.15,0.015,0.03,0.105,prop_127,1000,2000,0.17887391170095995,0.6617713719967496,True,0.48289746029578967,0.48289746029578967,0.44733377288052345,0.5016662271194765,-0.2684598611795635,0.16010514487727315,0.054332454238953054,0.12356500605683668,0.305
rep0945,0.59,0.5886557890573638,alg2,0.15,0.015,0.03,0.105,prop_127,1000,2000,0.23695961580752928,0.7693621773228071,True,0.5324025615152779,0.5324025615152779,0.537525654772141,0.591474345227859,-0.3005660389646117,0.1778878320949481,0.05394869045571804,0.1224538710595598,0.35600000000000004
rep0946,0.44,0.4370820847951539,alg2,0.15,0.015,0.03,0.105,prop_127,1000,2000,0.034713903047916994,0.5697804804265487,True,0.5350665773786317,0.5350665773786317,0.3358549496039387,0.3881450503960613,-0.3011410465560217,0.18163543003048738,0.052290100792122596,0.13677647658650904,0.34600000000000003
rep0947,0.87,0.866519565812173,alg2,0.15,0.015,0.03,0.105,prop_127,1000,2000,0.7016860719914029,1.1822677052589885,True,0.48058163326758563,0.29831392800859713,1.0,1.0,-0.29831392800859713,0.1822677052589885,0.0,0.13358163326758565,0.347
rep0948,0.85,0.8452851546189601,alg2,0.15,0.015,0.03,0.105,prop_127,1000,2000,0.6161482096235684,1.0803731402867065,True,0.4642249306631381,0.3838517903764316,0.8955090143913651,0.926490985608635,-0.2793608047677967,0.15388215467807165,0.030981971217269866,0.13474295944586834,0.2985
rep0949,0.20,0.20032059485290374,alg2,0.15,0.015,0.03,0.105,prop_127,1000,2000,-0.24821084608668154,0.2926688642593582,True,0.5408797103460397,0.2926688642593582,0.0716672563842664,0.10233274361573359,-0.31987810247094794,0.1903361206436246,0.030665487231467198,0.12721422311457253,0.383
rep0950,0.90,0.9021015317955764,alg2,0.15,0.015,0.03,0.105,prop_127,1000,2000,0.5818172110794883,1.0703312561242353,True,0.48851404504474705,0.41818278892051175,0.8879732784902375,0.9200267215097625,-0.3061560674107493,0.15030453461447282,0.03205344301952495,0.12296060202522219,0.3334999999999999
rep0951,0.22,0.2157506964984059,alg2,0.15,0.015,0.03,0.105,prop_127,1000,2000,0.027467403182177663,0.5113125106738308,True,0.4838451074916531,0.4838451074916531,0.28435005574354505,0.33464994425645495,-0.2568826525613674,0.17666256641737582,0.050299888512909896,0.1345452189787431,0.2990000000000001
rep0952,0.58,0.5800357124187395,alg2,0.15,0.015,0.03,0.105,prop_127,1000,2000,0.41944829092947167,0.9135855107063491,True,0.4941372197768774,0.4941372197768774,0.6699523387800458,0.7200476612199541,-0.2505040478505741,0.19353784948639496,0.05009532243990833,0.11854189733696907,0.3255
rep0953,0.80,0.7973444873405898,alg2,0.15,0.015,0.03,0.105,prop_127,1000,2000,0.6252226011748442,1.1382936153951826,True,0.5130710142203384,0.3747773988251558,0.8960483511291835,0.9269516488708165,-0.2708257499543393,0.2113419665243661,0.03090329774163303,0.13066771647870534,0.35150000000000003
rep0954,0.13,0.13271607730771978,alg2,0.15,0.015,0.03,0.105,prop_127,1000,2000,-0.012724948285427418,0.442391296246758,True,0.4551162445321854,0.442391296246758,0.2531401125098595,0.30185988749014053,-0.26586506079528693,0.14053140875661746,0.048719774980281016,0.12639646955190442,0.27999999999999997
rep0955,0.18,0.1837336297706667,alg2,0.15,0.015,0.03,0.105,prop_127,1000,2000,0.0321758247676347,0.5404321107853822,True,0.5082562860177475,0.5082562860177475,0.319629566267859,0.37137043373214096,-0.2874537415002243,0.16906167705324132,0.05174086746428197,0.1285154185534656,0.328
rep0956,0.79,0.7854056279441578,alg2,0.15,0.015,0.03,0.105,prop_127,1000,2000,0.5938018816118792,1.1159062660355663,True,0.5221043844236871,0.4061981183881208,0.8612576157190978,0.8967423842809022,-0.26745573410721857,0.21916388175466417,0.03548476856180449,0.12261961586188269,0.36400000000000005
rep0957,0.32,0.32124689447320376,alg2,0.15,0.015,0.03,0.105,prop_127,1000,2000,0.0987400060676743,0.6944919761668688,True,0.5957519700991945,0.5957519700991945,0.434379133236085,0.48862086676391503,-0.3356391271684107,0.20587110940295372,0.054241733527830016,0.12901023657136435,0.4125000000000001
rep0958,0.20,0.1951799771873339,alg2,0.15,0.015,0.03,0.105,prop_127,1000,2000,0.16780447202017112,0.6781707589888255,True,0.5103662869686544,0.5103662869686544,0.45082471806353974,0.5051752819364602,-0.2830202460433686,0.17299547705236534,0.054350563872920477,0.11451572309573399,0.34149999999999997
rep0959,0.38,0.3812986858290224,alg2,0.15,0.015,0.03,0.105,prop_127,1000,2000,0.17979563695110778,0.7043178336502685,True,0.5245221966991607,0.5245221966991607,0.4682994758212183,0.5227005241787818,-0.2885038388701105,0.18161730947148674,0.054401048357563486,0.13812114834159717,0.3320000000000001
rep0960,0.41,0.41380077638099233,alg2,0.15,0.015,0.03,0.105,prop_127,1000,2000,0.2446521309421566,0.772931209174143,True,0.5282790782319864,0.5282790782319864,0.5304788435470231,0.5845211564529769,-0.28582671260486653,0.18841005272116618,0.05404231290595374,0.11823676532603272,0.356
rep0961,0.74,0.7387153100599416,alg2,0.15,0.015,0.03,0.105,prop_127,1000,2000,0.45415983496719503,1.0142411158097882,True,0.5600812808425931,0.545840165032805,0.7548723180804183,0.8001276819195816,-0.3007124831132233,0.21411343389020646,0.04525536383916329,0.1298259170034297,0.385
rep0962,0.38,0.3817854357146475,alg2,0.15,0.015,0.03,0.105,prop_127,1000,2000,-0.02082365923730195,0.5166729544828205,True,0.5374966137201225,0.5166729544828205,0.24924946448944058,0.29775053551055947,-0.2700731237267425,0.218922418972261,0.04850107102111889,0.11999554269900348,0.36900000000000005
rep0963,0.25,0.24572917508517655,alg2,0.15,0.015,0.03,0.105,prop_127,1000,2000,0.040488526824105364,0.5122023843940099,True,0.4717138575699045,0.4717138575699045,0.30539929563497503,0.356600704365025,-0.26491076881086967,0.1556016800289849,0.05120140873004997,0.11501244883985456,0.3055
rep0964,0.25,0.25425955518401544,alg2,0.15,0.015,0.03,0.105,prop_127,1000,2000,0.12157048270691967,0.6556060415824239,True,0.5340355588755041,0.5340355588755041,0.4159757083409896,0.4700242916590104,-0.29440522563406996,0.18558174992341342,0.05404858331802076,0.12398697555748328,0.3560000000000001
rep0965,0.45,0.4517564805327457,alg2,0.15,0.015,0.03,0.105,prop_127,1000,2000,0.11992401487828963,0.6286341743947141,True,0.5087101595164245,0.5087101595164245,0.3857181378349143,0.43928186216508563,-0.2657941229566247,0.18935231222962848,0.053563724330171314,0.13114643518625313,0.32400000000000007
rep0966,0.23,0.22964343595308967,alg2,0.15,0.015,0.03,0.105,prop_127,1000,2000,0.04987971889928444,0.5305098831889352,True,0.4806301642896508,0.4806301642896508,0.30147849582199204,0.352521504178008,-0.2515987769227076,0.17798837901092718,0.05104300835601594,0.1270871559336348,0.3025
rep0967,0.37,0.3666314767937022,alg2,0.15,0.015,0.03,0.105,prop_127,1000,2000,0.15366693380174173,0.6967071135324038,True,0.5430401797306621,0.5430401797306621,0.4284063203578027,0.48259367964219735,-0.27473938655606095,0.21411343389020646,0.054187359284394665,0.10585282044626737,0.38300000000000006
rep0968,0.63,0.6272541597710806,alg2,0.15,0.015,0.03,0.105,prop_127,1000,2000,0.4746718382614703,0.9652280393871822,True,0.49055620112571185,0.49055620112571185,0.7285058563744222,0.7754941436255778,-0.2538340181129519,0.18973389576160432,0.04698828725115556,0.1305679138745563,0.31299999999999994
rep0969,0.70,0.7008586148082405,alg2,0.15,0.015,0.03,0.105,prop_127,1000,2000,0.49353488155155506,0.9844215518103046,True,0.4908866702587495,0.4908866702587495,0.7996216401884481,0.841378359811552,-0.306086758636893,0.14304319199875265,0.0417567196231039,0.11662995063564563,0.3325
rep0970,0.54,0.5406120721715562,alg2,0.15,0.015,0.03,0.105,prop_127,1000,2000,0.21845733739283313,0.7075744789636622,True,0.4891171415708291,0.4891171415708291,0.48781061762010586,0.5421893823798942,-0.26935328022727273,0.16538509658376804,0.05437876475978837,0.13423837681104073,0.30050000000000004
rep0971,0.16,0.1556622029622385,alg2,0.15,0.015,0.03,0.105,prop_127,1000,2000,-0.06198342986507846,0.4165166919762466,True,0.47850012184132507,0.4165166919762466,0.21821580548129235,0.26478419451870766,-0.2801992353463708,0.15173249745753892,0.04656838903741531,0.12643173280390974,0.3055
rep0972,0.94,0.9379373051052255,alg2,0.15,0.015,0.03,0.105,prop_127,1000,2000,0.7281460048426069,1.176253594218331,True,0.44810758937572404,0.27185399515739306,1.0,1.0,-0.2718539951573931,0.1762535942183311,0.0,0.11910758937572424,0.32899999999999996
rep0973,0.27,0.27483004245897774,alg2,0.15,0.015,0.03,0.105,prop_127,1000,2000,0.06941063984098145,0.5674695601170412,True,0.49805892027605975,0.49805892027605975,0.35704705169185363,0.4099529483081464,-0.2876364118508722,0.15751661180889476,0.05290589661629275,0.12465302365976699,0.32049999999999995
rep0974,0.61,0.6081572880828607,alg2,0.15,0.015,0.03,0.105,prop_127,1000,2000,0.4007947338103479,0.903848890993044,True,0.5030541571826961,0.5030541571826961,0.6930068277087147,0.7419931722912854,-0.2922120938983668,0.16185571870175858,0.04898634458257067,0.1310678126001254,0.32299999999999995
rep0975,0.55,0.5543986460906293,alg2,0.15,0.015,0.03,0.105,prop_127,1000,2000,0.28554666175934745,0.8388286483876143,True,0.5532819866282668,0.5532819866282668,0.5951137078244708,0.6478862921755293,-0.30956704606512336,0.19094235621208502,0.05277258435105847,0.12600940227720847,0.37449999999999994
rep0976,0.88,0.8820978183499276,alg2,0.15,0.015,0.03,0.105,prop_127,1000,2000,0.4476627101273655,0.9797014032316929,True,0.5320386931043273,0.5320386931043273,0.7053330890664203,0.7536669109335797,-0.2576703789390548,0.22603449229811318,0.0483338218671594,0.11720487123716805,0.36649999999999994
rep0977,0.64,0.637666516403361,alg2,0.15,0.015,0.03,0.105,prop_127,1000,2000,0.40485242309039454,0.8859228431477925,True,0.4810704200573979,0.4810704200573979,0.6904415863819343,0.7395584136180656,-0.28558916329153977,0.14636442952972684,0.04911682723613131,0.11895359282126655,0.31300000000000006
rep0978,0.58,0.5822856282238834,alg2,0.15,0.015,0.03,0.105,prop_127,1000,2000,0.454632767457555,0.9516311460358962,True,0.49699837857834117,0.49699837857834117,0.7419330854197029,0.7880669145802971,-0.28730031796214794,0.1635642314555991,0.046133829160594164,0.12386454941774705,0.32699999999999996
rep0979,0.79,0.7928993920058985,alg2,0.15,0.015,0.03,0.105,prop_127,1000,2000,0.36838379101566815,0.9033839534377155,True,0.5350001624220473,0.5350001624220473,0.6812143179431907,0.7307856820568093,-0.3128305269275225,0.17259827138090617,0.04957136411361862,0.12342879830842868,0.362
rep0980,0.65,0.6542298263224308,alg2,0.15,0.015,0.03,0.105,prop_127,1000,2000,0.5135497237321612,1.0202768545230592,True,0.5067271307908979,0.48645027626783877,0.7850084603587789,0.8279915396412211,-0.2714587366266177,0.19228531488183806,0.04298307928244216,0.1202440515084558,0.34349999999999997
rep0981,0.82,0.8216350162371281,alg2,0.15,0.015,0.03,0.105,prop_127,1000,2000,0.39947926732447764,0.9193184162451273,True,0.5198391489206498,0.5198391489206498,0.6617724313902428,0.7122275686097573,-0.26229316406576514,0.20709084763537006,0.050455137219514556,0.13388401170113523,0.33549999999999996
rep0982,0.31,0.3122888464957295,alg2,0.15,0.015,0.03,0.105,prop_127,1000,2000,-0.04161084543750279,0.43344793260207837,True,0.4750587780395812,0.43344793260207837,0.23225723417428837,0.2797427658257116,-0.27386807961179116,0.15370516677636678,0.047485531651423246,0.13107324638815787,0.2965000000000001
rep0983,0.24,0.24341823882522612,alg2,0.15,0.015,0.03,0.105,prop_127,1000,2000,0.049369106590712586,0.5897856729748229,True,0.5404165663841103,0.5404165663841103,0.369887535708634,0.42311246429136606,-0.3205184291179214,0.1666732086834568,0.05322492858273209,0.13169163780137821,0.3555
rep0984,0.46,0.45508408535305495,alg2,0.15,0.015,0.03,0.105,prop_127,1000,2000,0.1741226874077384,0.6988282241546934,True,0.524705536746955,0.524705536746955,0.4249240093586306,0.4790759906413694,-0.2508013219508922,0.21975223351332393,0.05415198128273879,0.11655355546421609,0.3540000000000001
rep0985,0.44,0.4375299950469971,alg2,0.15,0.015,0.03,0.105,prop_127,1000,2000,0.12044565154504494,0.6364837599248526,True,0.5160381083798077,0.5160381083798077,0.4199516245637023,0.47404837543629774,-0.29950597301865733,0.16243538448855488,0.05409675087259547,0.11844135750721224,0.34349999999999997
rep0986,0.84,0.8420823032906237,alg2,0.15,0.015,0.03,0.105,prop_127,1000,2000,0.5390818251345111,1.0128220814758446,True,0.47374025634133354,0.4609181748654889,0.8116604583139213,0.8523395416860786,-0.2725786331794103,0.16048253978976612,0.04067908337215731,0.12606117296917635,0.30700000000000005
rep0987,0.51,0.5125880374502091,alg2,0.15,0.015,0.03,0.105,prop_127,1000,2000,0.4371611291933684,0.9257783876227701,True,0.4886172584294017,0.4886172584294017,0.708932417085235,0.757067582914765,-0.2717712878918666,0.16871080470800517,0.048135165829529925,0.12498209259987181,0.3155
rep0988,0.84,0.8375435844417034,alg2,0.15,0.015,0.03,0.105,prop_127,1000,2000,0.7441290590945737,1.168097334822719,True,0.4239682757281453,0.2558709409054263,1.0,1.0,-0.2558709409054263,0.1680973348227191,0.0,0.11646827572814539,0.3075
rep0989,0.16,0.15603075370580066,alg2,0.15,0.015,0.03,0.105,prop_127,1000,2000,-0.18025988836880985,0.29450407876088724,True,0.4747639671296971,0.29450407876088724,0.09391019022946129,0.12808980977053872,-0.27417007859827114,0.1664142689903485,0.03417961954107743,0.1305843475886196,0.31000000000000005
rep0990,0.30,0.30237411939330205,alg2,0.15,0.015,0.03,0.105,prop_127,1000,2000,0.19209253601239373,0.7021833438887493,True,0.5100908078763555,0.5100908078763555,0.4418507059973215,0.49614929400267843,-0.24975816998492778,0.20603404988607077,0.05429858800535692,0.12229221987099859,0.33349999999999996
rep0991,0.60,0.6025508144464183,alg2,0.15,0.015,0.03,0.105,prop_127,1000,2000,0.5443393415302551,1.0428775487106714,True,0.4985382071804163,0.4556606584697449,0.7907439874451091,0.833256012554891,-0.246404645914854,0.2096215361557804,0.042512025109781915,0.12252618207063437,0.3335
rep0992,0.80,0.8032639851808171,alg2,0.15,0.015,0.03,0.105,prop_127,1000,2000,0.6108968827246868,1.1116713012424306,True,0.5007744185177438,0.3891031172753132,0.8944307816459498,0.9255692183540503,-0.283533898921263,0.1861020828883803,0.03113843670810046,0.12513598180964336,0.3444999999999999
rep0993,0.61,0.6060913430792686,alg2,0.15,0.015,0.03,0.105,prop_127,1000,2000,0.31555469135684144,0.819807246729095,True,0.5042525553722536,0.5042525553722536,0.5910601455910883,0.6439398544089118,-0.2755054542342469,0.1758673923201832,0.052879708817823445,0.1258728465544301,0.3255
rep0994,0.63,0.63435798234609,alg2,0.15,0.015,0.03,0.105,prop_127,1000,2000,0.4054464517507298,0.9411046273990377,True,0.5356581756483079,0.5356581756483079,0.7125336694995142,0.7604663305004858,-0.30708721774878445,0.18063829689855182,0.0479326610009716,0.11122551464733627,0.3765
rep0995,0.47,0.4677370119041559,alg2,0.15,0.015,0.03,0.105,prop_127,1000,2000,0.19951118758223368,0.7127136651304196,True,0.5132024775481858,0.5132024775481858,0.46080620932974153,0.5151937906702585,-0.26129502174750785,0.19751987446016103,0.054387581340516966,0.10431489620766887,0.35450000000000004
rep0996,0.48,0.47833721845184457,alg2,0.15,0.015,0.03,0.105,prop_127,1000,2000,0.22264798483235906,0.6557963195703099,True,0.4331483347379509,0.4331483347379509,0.44833104930997625,0.5026689506900237,-0.22568306447761718,0.15312736888028622,0.05433790138004746,0.12631043335790348,0.25249999999999995
rep0997,0.15,0.15449303723364252,alg2,0.15,0.015,0.03,0.105,prop_127,1000,2000,-0.17605507196085468,0.36298767989651887,True,0.5390427518573735,0.36298767989651887,0.10372605301086273,0.13927394698913725,-0.2797811249717174,0.2237137329073816,0.03554789397827453,0.12499485787909903,0.37849999999999995
rep0998,0.62,0.6166365598340153,alg2,0.15,0.015,0.03,0.105,prop_127,1000,2000,0.4704540463526076,0.9744828734271853,True,0.5040288270745776,0.5040288270745776,0.7553904903072617,0.8006095096927384,-0.28493644395465406,0.17387336373444695,0.04521901938547668,0.12780980768910094,0.33100000000000007
rep0999,0.53,0.5271154519776099,alg2,0.15,0.015,0.03,0.105,prop_127,1000,2000,0.38849443306832454,0.937307428458867,True,0.5488129953905425,0.5488129953905425,0.68480129818738,0.73419870181262,-0.29630686511905546,0.20310872664624705,0.04939740362524003,0.10591559176530246,0.3935
