task_id,label,theta,algo,alpha,alpha1,alpha2,alpha3,alloc,n_j,N_j,L,U,covered,width,width_clip,L_tilde,U_tilde,delta_L,delta_U,W1,W2,W3
rep0000,0.23,0.229,alg3,0.1,0.0,0.0,0.1,prop_127,1000,2000,0.15349999999999991,0.45549999999999996,True,0.30200000000000005,0.30200000000000005,0.3545,0.3545,-0.20100000000000007,0.10099999999999998,0.0,0.0,0.30200000000000005
rep0001,0.36,0.361,alg3,0.1,0.0,0.0,0.1,prop_127,1000,2000,0.15950000000000003,0.5554999999999999,True,0.39599999999999985,0.39599999999999985,0.429,0.429,-0.26949999999999996,0.12649999999999995,0.0,0.0,0.3959999999999999
rep0002,0.17,0.165,alg3,0.1,0.0,0.0,0.1,prop_127,1000,2000,0.154,0.5085,True,0.3544999999999999,0.3544999999999999,0.3725,0.3725,-0.2185,0.136,0.0,0.0,0.35450000000000004
rep0003,0.41,0.413,alg3,0.1,0.0,0.0,0.1,prop_127,1000,2000,0.36250000000000004,0.7195,True,0.357,0.357,0.5825,0.5825,-0.21999999999999997,0.137,0.0,0.0,0.357
rep0004,0.35,0.352,alg3,0.1,0.0,0.0,0.1,prop_127,1000,2000,0.13049999999999995,0.45400000000000007,True,0.3235000000000001,0.3235000000000001,0.3305,0.3305,-0.20000000000000007,0.12350000000000005,0.0,0.0,0.3235000000000001
rep0005,0.28,0.279,alg3,0.1,0.0,0.0,0.1,prop_127,1000,2000,0.14250000000000002,0.47450000000000003,True,0.332,0.332,0.3365,0.3365,-0.194,0.13800000000000004,0.0,0.0,0.3320000000000001
rep0006,0.43,0.433,alg3,0.1,0.0,0.0,0.1,prop_127,1000,2000,0.198,0.619,True,0.421,0.421,0.472,0.472,-0.27399999999999997,0.147,0.0,0.0,0.42099999999999993
rep0007,0.35,0.346,alg3,0.1,0.0,0.0,0.1,prop_127,1000,2000,0.235,0.575,True,0.33999999999999997,0.33999999999999997,0.437,0.437,-0.202,0.138,0.0,0.0,0.34
rep0008,0.88,0.875,alg3,0.1,0.0,0.0,0.1,prop_127,1000,2000,0.6795,1.02,True,0.3405,0.3205,0.8845,0.8845,-0.20500000000000002,0.13549999999999995,0.0,0.0,0.34049999999999997
rep0009,0.13,0.129,alg3,0.1,0.0,0.0,0.1,prop_127,1000,2000,0.04849999999999996,0.367,True,0.3185,0.3185,0.2265,0.2265,-0.17800000000000005,0.1405,0.0,0.0,0.31850000000000006
rep0010,0.30,0.304,alg3,0.1,0.0,0.0,0.1,prop_127,1000,2000,0.26250000000000007,0.565,True,0.3024999999999999,0.3024999999999999,0.4535,0.4535,-0.19099999999999995,0.11149999999999999,0.0,0.0,0.30249999999999994
rep0011,0.27,0.265,alg3,0.1,0.0,0.0,0.1,prop_127,1000,2000,0.2405,0.5345,True,0.294,0.294,0.4575,0.4575,-0.21700000000000003,0.07699999999999996,0.0,0.0,0.294
rep0012,0.42,0.421,alg3,0.1,0.0,0.0,0.1,prop_127,1000,2000,0.3015,0.628,True,0.3265,0.3265,0.501,0.501,-0.1995,0.127,0.0,0.0,0.3265
rep0013,0.62,0.624,alg3,0.1,0.0,0.0,0.1,prop_127,1000,2000,0.31650000000000006,0.6075,False,0.291,0.291,0.4985,0.4985,-0.18199999999999994,0.109,0.0,0.0,0.2909999999999999
rep0014,0.72,0.717,alg3,0.1,0.0,0.0,0.1,prop_127,1000,2000,0.541,0.8385,True,0.2975,0.2975,0.7265,0.7265,-0.1855,0.11200000000000002,0.0,0.0,0.2975
rep0015,0.41,0.415,alg3,0.1,0.0,0.0,0.1,prop_127,1000,2000,0.21300000000000002,0.5205,True,0.30749999999999994,0.30749999999999994,0.422,0.422,-0.20899999999999996,0.09850000000000003,0.0,0.0,0.3075
rep0016,0.16,0.161,alg3,0.1,0.0,0.0,0.1,prop_127,1000,2000,-0.010000000000000064,0.34600000000000003,True,0.3560000000000001,0.34600000000000003,0.201,0.201,-0.21100000000000008,0.14500000000000002,0.0,0.0,0.3560000000000001
rep0017,0.54,0.542,alg3,0.1,0.0,0.0,0.1,prop_127,1000,2000,0.3355,0.6485000000000001,True,0.31300000000000006,0.31300000000000006,0.562,0.562,-0.22650000000000003,0.08650000000000002,0.0,0.0,0.31300000000000006
rep0018,0.33,0.331,alg3,0.1,0.0,0.0,0.1,prop_127,1000,2000,0.13049999999999995,0.48,True,0.34950000000000003,0.34950000000000003,0.347,0.347,-0.21650000000000003,0.133,0.0,0.0,0.34950000000000003
rep0019,0.35,0.349,alg3,0.1,0.0,0.0,0.1,prop_127,1000,2000,0.193,0.5335,True,0.34049999999999997,0.34049999999999997,0.384,0.384,-0.191,0.14949999999999997,0.0,0.0,0.34049999999999997
rep0020,0.88,0.875,alg3,0.1,0.0,0.0,0.1,prop_127,1000,2000,0.635,0.996,True,0.361,0.361,0.874,0.874,-0.239,0.122,0.0,0.0,0.361
rep0021,0.59,0.591,alg3,0.1,0.0,0.0,0.1,prop_127,1000,2000,0.37099999999999994,0.732,True,0.36100000000000004,0.36100000000000004,0.59,0.59,-0.21900000000000003,0.14199999999999996,0.0,0.0,0.361
rep0022,0.72,0.718,alg3,0.1,0.0,0.0,0.1,prop_127,1000,2000,0.625,0.9309999999999999,True,0.30599999999999994,0.30599999999999994,0.836,0.836,-0.21100000000000002,0.09499999999999997,0.0,0.0,0.306
rep0023,0.36,0.362,alg3,0.1,0.0,0.0,0.1,prop_127,1000,2000,0.07250000000000006,0.3985,True,0.32599999999999996,0.32599999999999996,0.2705,0.2705,-0.19799999999999995,0.128,0.0,0.0,0.32599999999999996
rep0024,0.56,0.557,alg3,0.1,0.0,0.0,0.1,prop_127,1000,2000,0.504,0.8495,True,0.34550000000000003,0.34550000000000003,0.6955,0.6955,-0.1915,0.154,0.0,0.0,0.34550000000000003
rep0025,0.15,0.148,alg3,0.1,0.0,0.0,0.1,prop_127,1000,2000,-0.0615,0.352,True,0.4135,0.352,0.1835,0.1835,-0.245,0.1685,0.0,0.0,0.4135
rep0026,0.46,0.455,alg3,0.1,0.0,0.0,0.1,prop_127,1000,2000,0.30699999999999994,0.637,True,0.33000000000000007,0.33000000000000007,0.5135,0.5135,-0.20650000000000002,0.1235,0.0,0.0,0.33
rep0027,0.13,0.134,alg3,0.1,0.0,0.0,0.1,prop_127,1000,2000,0.20700000000000002,0.5005000000000001,False,0.29350000000000004,0.29350000000000004,0.391,0.391,-0.184,0.1095,0.0,0.0,0.2935
rep0028,0.71,0.715,alg3,0.1,0.0,0.0,0.1,prop_127,1000,2000,0.5265,0.8745,True,0.3480000000000001,0.3480000000000001,0.7205,0.7205,-0.194,0.15400000000000003,0.0,0.0,0.34800000000000003
rep0029,0.32,0.322,alg3,0.1,0.0,0.0,0.1,prop_127,1000,2000,0.13649999999999998,0.47450000000000003,True,0.3380000000000001,0.3380000000000001,0.317,0.317,-0.18050000000000002,0.1575,0.0,0.0,0.338
rep0030,0.80,0.798,alg3,0.1,0.0,0.0,0.1,prop_127,1000,2000,0.499,0.8115000000000001,True,0.3125000000000001,0.3125000000000001,0.7115,0.7115,-0.21250000000000002,0.10000000000000009,0.0,0.0,0.3125000000000001
rep0031,0.65,0.653,alg3,0.1,0.0,0.0,0.1,prop_127,1000,2000,0.4544999999999999,0.8255,True,0.3710000000000001,0.3710000000000001,0.697,0.697,-0.24250000000000005,0.12850000000000006,0.0,0.0,0.3710000000000001
rep0032,0.47,0.473,alg3,0.1,0.0,0.0,0.1,prop_127,1000,2000,0.30099999999999993,0.6279999999999999,True,0.32699999999999996,0.32699999999999996,0.5085,0.5085,-0.20750000000000002,0.1195,0.0,0.0,0.327
rep0033,0.75,0.749,alg3,0.1,0.0,0.0,0.1,prop_127,1000,2000,0.2645,0.5885,False,0.324,0.324,0.4965,0.4965,-0.23199999999999998,0.09200000000000003,0.0,0.0,0.324
rep0034,0.24,0.239,alg3,0.1,0.0,0.0,0.1,prop_127,1000,2000,0.16350000000000003,0.49599999999999994,True,0.3324999999999999,0.3324999999999999,0.3805,0.3805,-0.21699999999999997,0.11549999999999994,0.0,0.0,0.3324999999999999
rep0035,0.33,0.325,alg3,0.1,0.0,0.0,0.1,prop_127,1000,2000,0.05899999999999994,0.40900000000000003,True,0.3500000000000001,0.3500000000000001,0.2875,0.2875,-0.22850000000000004,0.12150000000000005,0.0,0.0,0.3500000000000001
rep0036,0.40,0.396,alg3,0.1,0.0,0.0,0.1,prop_127,1000,2000,0.21600000000000003,0.5315000000000001,True,0.31550000000000006,0.31550000000000006,0.3995,0.3995,-0.1835,0.132,0.0,0.0,0.3155
rep0037,0.71,0.714,alg3,0.1,0.0,0.0,0.1,prop_127,1000,2000,0.5445,0.891,True,0.34650000000000003,0.34650000000000003,0.77,0.77,-0.2255,0.121,0.0,0.0,0.34650000000000003
rep0038,0.80,0.798,alg3,0.1,0.0,0.0,0.1,prop_127,1000,2000,0.62,0.9255,True,0.3055,0.3055,0.826,0.826,-0.20599999999999996,0.09950000000000003,0.0,0.0,0.3055
rep0039,0.74,0.741,alg3,0.1,0.0,0.0,0.1,prop_127,1000,2000,0.597,0.935,True,0.3380000000000001,0.3380000000000001,0.798,0.798,-0.201,0.137,0.0,0.0,0.338
rep0040,0.21,0.212,alg3,0.1,0.0,0.0,0.1,prop_127,1000,2000,0.09450000000000003,0.4655,True,0.371,0.371,0.32,0.32,-0.22549999999999998,0.14550000000000002,0.0,0.0,0.371
rep0041,0.66,0.656,alg3,0.1,0.0,0.0,0.1,prop_127,1000,2000,0.609,0.9335,True,0.3245,0.3245,0.839,0.839,-0.22999999999999993,0.09449999999999997,0.0,0.0,0.3244999999999999
rep0042,0.29,0.291,alg3,0.1,0.0,0.0,0.1,prop_127,1000,2000,-0.07600000000000001,0.33849999999999997,True,0.4145,0.33849999999999997,0.191,0.191,-0.267,0.14749999999999996,0.0,0.0,0.4145
rep0043,0.11,0.114,alg3,0.1,0.0,0.0,0.1,prop_127,1000,2000,-0.1215,0.195,True,0.3165,0.195,0.1205,0.1205,-0.242,0.07450000000000001,0.0,0.0,0.3165
rep0044,0.16,0.161,alg3,0.1,0.0,0.0,0.1,prop_127,1000,2000,0.14599999999999996,0.487,True,0.341,0.341,0.344,0.344,-0.198,0.14300000000000002,0.0,0.0,0.341
rep0045,0.14,0.14,alg3,0.1,0.0,0.0,0.1,prop_127,1000,2000,0.17150000000000004,0.49850000000000005,False,0.327,0.327,0.3765,0.3765,-0.20499999999999996,0.12200000000000005,0.0,0.0,0.327
rep0046,0.12,0.12,alg3,0.1,0.0,0.0,0.1,prop_127,1000,2000,-0.08949999999999994,0.24599999999999997,True,0.3354999999999999,0.24599999999999997,0.143,0.143,-0.23249999999999993,0.10299999999999998,0.0,0.0,0.3354999999999999
rep0047,0.47,0.472,alg3,0.1,0.0,0.0,0.1,prop_127,1000,2000,0.20400000000000001,0.528,True,0.324,0.324,0.4365,0.4365,-0.23249999999999998,0.09149999999999997,0.0,0.0,0.32399999999999995
rep0048,0.58,0.576,alg3,0.1,0.0,0.0,0.1,prop_127,1000,2000,0.5935000000000001,0.931,False,0.3374999999999999,0.3374999999999999,0.812,0.812,-0.21849999999999997,0.119,0.0,0.0,0.33749999999999997
rep0049,0.73,0.732,alg3,0.1,0.0,0.0,0.1,prop_127,1000,2000,0.53,0.867,True,0.33699999999999997,0.33699999999999997,0.766,0.766,-0.236,0.10100000000000003,0.0,0.0,0.337
rep0050,0.62,0.617,alg3,0.1,0.0,0.0,0.1,prop_127,1000,2000,0.33250000000000013,0.6980000000000002,True,0.36550000000000005,0.36550000000000005,0.561,0.561,-0.22849999999999993,0.13700000000000007,0.0,0.0,0.3655
rep0051,0.28,0.282,alg3,0.1,0.0,0.0,0.1,prop_127,1000,2000,0.05199999999999999,0.41200000000000003,True,0.36000000000000004,0.36000000000000004,0.3045,0.3045,-0.2525,0.10750000000000004,0.0,0.0,0.36000000000000004
rep0052,0.30,0.296,alg3,0.1,0.0,0.0,0.1,prop_127,1000,2000,0.20650000000000002,0.5255,True,0.31899999999999995,0.31899999999999995,0.411,0.411,-0.20449999999999996,0.11450000000000002,0.0,0.0,0.31899999999999995
rep0053,0.65,0.646,alg3,0.1,0.0,0.0,0.1,prop_127,1000,2000,0.6244999999999999,1.008,True,0.38350000000000006,0.37550000000000006,0.845,0.845,-0.2205,0.16299999999999998,0.0,0.0,0.38349999999999995
rep0054,0.44,0.437,alg3,0.1,0.0,0.0,0.1,prop_127,1000,2000,0.13199999999999998,0.473,True,0.34099999999999997,0.34099999999999997,0.357,0.357,-0.225,0.11599999999999999,0.0,0.0,0.34099999999999997
rep0055,0.75,0.752,alg3,0.1,0.0,0.0,0.1,prop_127,1000,2000,0.647,1.0615,True,0.4145000000000001,0.353,0.939,0.939,-0.2919999999999999,0.12250000000000005,0.0,0.0,0.4145
rep0056,0.76,0.763,alg3,0.1,0.0,0.0,0.1,prop_127,1000,2000,0.661,0.9845,True,0.3235,0.3235,0.87,0.87,-0.20899999999999996,0.11450000000000002,0.0,0.0,0.3235
rep0057,0.27,0.266,alg3,0.1,0.0,0.0,0.1,prop_127,1000,2000,0.1884999999999999,0.48950000000000005,True,0.30100000000000016,0.30100000000000016,0.369,0.369,-0.1805000000000001,0.12050000000000005,0.0,0.0,0.30100000000000016
rep0058,0.69,0.685,alg3,0.1,0.0,0.0,0.1,prop_127,1000,2000,0.3715,0.6759999999999999,False,0.30449999999999994,0.30449999999999994,0.594,0.594,-0.22249999999999998,0.08200000000000002,0.0,0.0,0.3045
rep0059,0.41,0.413,alg3,0.1,0.0,0.0,0.1,prop_127,1000,2000,0.1885,0.524,True,0.3355,0.3355,0.416,0.416,-0.22749999999999998,0.10800000000000004,0.0,0.0,0.3355
rep0060,0.28,0.279,alg3,0.1,0.0,0.0,0.1,prop_127,1000,2000,0.1865,0.5085,True,0.32199999999999995,0.32199999999999995,0.386,0.386,-0.1995,0.1225,0.0,0.0,0.322
rep0061,0.27,0.274,alg3,0.1,0.0,0.0,0.1,prop_127,1000,2000,0.11500000000000002,0.41750000000000004,True,0.3025,0.3025,0.328,0.328,-0.213,0.08950000000000002,0.0,0.0,0.3025
rep0062,0.29,0.29,alg3,0.1,0.0,0.0,0.1,prop_127,1000,2000,0.013500000000000068,0.42800000000000005,True,0.4145,0.4145,0.28,0.28,-0.26649999999999996,0.14800000000000002,0.0,0.0,0.4145
rep0063,0.24,0.238,alg3,0.1,0.0,0.0,0.1,prop_127,1000,2000,0.029000000000000026,0.3505,True,0.32149999999999995,0.32149999999999995,0.246,0.246,-0.21699999999999997,0.10449999999999998,0.0,0.0,0.32149999999999995
rep0064,0.44,0.444,alg3,0.1,0.0,0.0,0.1,prop_127,1000,2000,0.499,0.8285,False,0.3295,0.3295,0.6885,0.6885,-0.1895,0.14,0.0,0.0,0.3295
rep0065,0.36,0.363,alg3,0.1,0.0,0.0,0.1,prop_127,1000,2000,-0.022000000000000075,0.3745,True,0.3965000000000001,0.3745,0.2425,0.2425,-0.26450000000000007,0.132,0.0,0.0,0.3965000000000001
rep0066,0.44,0.44,alg3,0.1,0.0,0.0,0.1,prop_127,1000,2000,0.371,0.7235,True,0.35250000000000004,0.35250000000000004,0.614,0.614,-0.243,0.10950000000000001,0.0,0.0,0.35250000000000004
rep0067,0.57,0.567,alg3,0.1,0.0,0.0,0.1,prop_127,1000,2000,0.47400000000000003,0.7605,True,0.2864999999999999,0.2864999999999999,0.6825,0.6825,-0.20849999999999996,0.07800000000000001,0.0,0.0,0.2865
rep0068,0.56,0.559,alg3,0.1,0.0,0.0,0.1,prop_127,1000,2000,0.23150000000000004,0.5675,True,0.33599999999999997,0.33599999999999997,0.457,0.457,-0.22549999999999998,0.11049999999999999,0.0,0.0,0.33599999999999997
rep0069,0.78,0.775,alg3,0.1,0.0,0.0,0.1,prop_127,1000,2000,0.6675,1.06,True,0.39250000000000007,0.3325,0.8705,0.8705,-0.203,0.1895,0.0,0.0,0.3925
rep0070,0.58,0.577,alg3,0.1,0.0,0.0,0.1,prop_127,1000,2000,0.6020000000000001,0.905,False,0.30299999999999994,0.30299999999999994,0.796,0.796,-0.194,0.10900000000000004,0.0,0.0,0.30300000000000005
rep0071,0.34,0.344,alg3,0.1,0.0,0.0,0.1,prop_127,1000,2000,0.123,0.4580000000000001,True,0.3350000000000001,0.3350000000000001,0.3175,0.3175,-0.1945,0.14050000000000007,0.0,0.0,0.3350000000000001
rep0072,0.49,0.491,alg3,0.1,0.0,0.0,0.1,prop_127,1000,2000,0.31599999999999995,0.6885,True,0.37250000000000005,0.37250000000000005,0.5315,0.5315,-0.21550000000000002,0.15700000000000003,0.0,0.0,0.37250000000000005
rep0073,0.69,0.694,alg3,0.1,0.0,0.0,0.1,prop_127,1000,2000,0.5735,0.8865000000000001,True,0.31300000000000006,0.31300000000000006,0.783,0.783,-0.20950000000000002,0.1035,0.0,0.0,0.313
rep0074,0.82,0.821,alg3,0.1,0.0,0.0,0.1,prop_127,1000,2000,0.6125,0.935,True,0.3225,0.3225,0.8335,0.8335,-0.221,0.1015,0.0,0.0,0.3225
rep0075,0.11,0.114,alg3,0.1,0.0,0.0,0.1,prop_127,1000,2000,-0.1015,0.26850000000000007,True,0.3700000000000001,0.26850000000000007,0.155,0.155,-0.2565,0.11350000000000005,0.0,0.0,0.37000000000000005
rep0076,0.02,0.022,alg3,0.1,0.0,0.0,0.1,prop_127,1000,2000,-0.22600000000000003,0.13599999999999995,True,0.362,0.13599999999999995,0.0015,0.0015,-0.22750000000000004,0.13449999999999995,0.0,0.0,0.362
rep0077,0.44,0.438,alg3,0.1,0.0,0.0,0.1,prop_127,1000,2000,0.21399999999999997,0.566,True,0.352,0.352,0.4665,0.4665,-0.25250000000000006,0.09949999999999992,0.0,0.0,0.352
rep0078,0.14,0.142,alg3,0.1,0.0,0.0,0.1,prop_127,1000,2000,-0.09350000000000004,0.18500000000000005,True,0.2785000000000001,0.18500000000000005,0.0815,0.0815,-0.17500000000000004,0.10350000000000004,0.0,0.0,0.2785000000000001
rep0079,0.42,0.421,alg3,0.1,0.0,0.0,0.1,prop_127,1000,2000,0.31399999999999995,0.626,True,0.31200000000000006,0.31200000000000006,0.493,0.493,-0.17900000000000002,0.133,0.0,0.0,0.31200000000000006
rep0080,0.55,0.545,alg3,0.1,0.0,0.0,0.1,prop_127,1000,2000,0.43499999999999994,0.7855,True,0.35050000000000003,0.35050000000000003,0.6755,0.6755,-0.24050000000000002,0.11,0.0,0.0,0.35050000000000003
rep0081,0.55,0.551,alg3,0.1,0.0,0.0,0.1,prop_127,1000,2000,0.27899999999999997,0.5700000000000001,True,0.2910000000000001,0.2910000000000001,0.462,0.462,-0.18300000000000005,0.10799999999999998,0.0,0.0,0.29100000000000004
rep0082,0.60,0.601,alg3,0.1,0.0,0.0,0.1,prop_127,1000,2000,0.3935,0.7545,True,0.36099999999999993,0.36099999999999993,0.6465,0.6465,-0.25299999999999995,0.10799999999999998,0.0,0.0,0.36099999999999993
rep0083,0.37,0.373,alg3,0.1,0.0,0.0,0.1,prop_127,1000,2000,0.21749999999999997,0.5525,True,0.335,0.335,0.411,0.411,-0.1935,0.14150000000000007,0.0,0.0,0.3350000000000001
rep0084,0.56,0.56,alg3,0.1,0.0,0.0,0.1,prop_127,1000,2000,0.5335000000000001,0.8975,True,0.3639999999999999,0.3639999999999999,0.768,0.768,-0.2345,0.12949999999999995,0.0,0.0,0.36399999999999993
rep0085,0.14,0.142,alg3,0.1,0.0,0.0,0.1,prop_127,1000,2000,0.08550000000000002,0.422,True,0.33649999999999997,0.33649999999999997,0.2925,0.2925,-0.20699999999999996,0.1295,0.0,0.0,0.33649999999999997
rep0086,0.51,0.51,alg3,0.1,0.0,0.0,0.1,prop_127,1000,2000,0.28700000000000003,0.6025,True,0.3155,0.3155,0.51,0.51,-0.22299999999999998,0.09250000000000003,0.0,0.0,0.3155
rep0087,0.60,0.603,alg3,0.1,0.0,0.0,0.1,prop_127,1000,2000,0.4375,0.79,True,0.35250000000000004,0.35250000000000004,0.67,0.67,-0.23250000000000004,0.12,0.0,0.0,0.35250000000000004
rep0088,0.43,0.435,alg3,0.1,0.0,0.0,0.1,prop_127,1000,2000,0.4395,0.7295,False,0.29000000000000004,0.29000000000000004,0.633,0.633,-0.1935,0.09649999999999997,0.0,0.0,0.29
rep0089,0.29,0.289,alg3,0.1,0.0,0.0,0.1,prop_127,1000,2000,0.11350000000000002,0.451,True,0.3375,0.3375,0.313,0.313,-0.19949999999999998,0.138,0.0,0.0,0.3375
rep0090,0.41,0.414,alg3,0.1,0.0,0.0,0.1,prop_127,1000,2000,0.41550000000000004,0.716,False,0.30049999999999993,0.30049999999999993,0.61,0.61,-0.19449999999999995,0.10599999999999998,0.0,0.0,0.30049999999999993
rep0091,0.31,0.313,alg3,0.1,0.0,0.0,0.1,prop_127,1000,2000,0.19799999999999995,0.5245,True,0.3265,0.3265,0.4195,0.4195,-0.22150000000000003,0.10500000000000001,0.0,0.0,0.3265
rep0092,0.89,0.893,alg3,0.1,0.0,0.0,0.1,prop_127,1000,2000,0.6545000000000001,0.994,True,0.3394999999999999,0.3394999999999999,0.882,0.882,-0.22749999999999998,0.11200000000000002,0.0,0.0,0.3395
rep0093,0.49,0.486,alg3,0.1,0.0,0.0,0.1,prop_127,1000,2000,0.477,0.7955,True,0.3185,0.3185,0.711,0.711,-0.23399999999999999,0.08450000000000002,0.0,0.0,0.3185
rep0094,0.36,0.356,alg3,0.1,0.0,0.0,0.1,prop_127,1000,2000,0.3085,0.6405,True,0.33199999999999996,0.33199999999999996,0.5015,0.5015,-0.19299999999999995,0.139,0.0,0.0,0.33199999999999996
rep0095,0.62,0.622,alg3,0.1,0.0,0.0,0.1,prop_127,1000,2000,0.3535,0.694,True,0.34049999999999997,0.34049999999999997,0.566,0.566,-0.21249999999999997,0.12800000000000003,0.0,0.0,0.3405
rep0096,0.18,0.184,alg3,0.1,0.0,0.0,0.1,prop_127,1000,2000,0.031000000000000028,0.35250000000000004,True,0.3215,0.3215,0.257,0.257,-0.22599999999999998,0.09550000000000003,0.0,0.0,0.3215
rep0097,0.25,0.247,alg3,0.1,0.0,0.0,0.1,prop_127,1000,2000,0.21249999999999997,0.5185,True,0.306,0.306,0.411,0.411,-0.1985,0.10750000000000001,0.0,0.0,0.30600000000000005
rep0098,0.25,0.25,alg3,0.1,0.0,0.0,0.1,prop_127,1000,2000,0.19000000000000006,0.505,True,0.31499999999999995,0.31499999999999995,0.379,0.379,-0.18899999999999995,0.126,0.0,0.0,0.31499999999999995
rep0099,0.58,0.582,alg3,0.1,0.0,0.0,0.1,prop_127,1000,2000,0.537,0.899,True,0.362,0.362,0.749,0.749,-0.21199999999999997,0.15000000000000002,0.0,0.0,0.362
rep0100,0.86,0.86,alg3,0.1,0.0,0.0,0.1,prop_127,1000,2000,0.6565000000000001,1.025,True,0.3684999999999998,0.3434999999999999,0.8725,0.8725,-0.21599999999999997,0.15249999999999997,0.0,0.0,0.36849999999999994
rep0101,0.10,0.101,alg3,0.1,0.0,0.0,0.1,prop_127,1000,2000,-0.03200000000000003,0.3235,True,0.35550000000000004,0.3235,0.155,0.155,-0.18700000000000003,0.1685,0.0,0.0,0.35550000000000004
rep0102,0.55,0.554,alg3,0.1,0.0,0.0,0.1,prop_127,1000,2000,0.4465,0.8049999999999999,True,0.35849999999999993,0.35849999999999993,0.6805,0.6805,-0.23399999999999999,0.12449999999999994,0.0,0.0,0.35849999999999993
rep0103,0.49,0.493,alg3,0.1,0.0,0.0,0.1,prop_127,1000,2000,0.5105,0.81,False,0.2995000000000001,0.2995000000000001,0.7075,0.7075,-0.197,0.10250000000000004,0.0,0.0,0.29950000000000004
rep0104,0.85,0.85,alg3,0.1,0.0,0.0,0.1,prop_127,1000,2000,0.5225000000000001,0.8320000000000001,False,0.3095,0.3095,0.7245,0.7245,-0.20199999999999996,0.10750000000000001,0.0,0.0,0.3095
rep0105,0.51,0.507,alg3,0.1,0.0,0.0,0.1,prop_127,1000,2000,0.2844999999999999,0.706,True,0.42150000000000004,0.42150000000000004,0.5005,0.5005,-0.21600000000000003,0.20550000000000002,0.0,0.0,0.42150000000000004
rep0106,0.28,0.283,alg3,0.1,0.0,0.0,0.1,prop_127,1000,2000,0.22349999999999998,0.5700000000000001,True,0.3465000000000001,0.3465000000000001,0.4285,0.4285,-0.20500000000000002,0.14150000000000001,0.0,0.0,0.34650000000000003
rep0107,0.51,0.513,alg3,0.1,0.0,0.0,0.1,prop_127,1000,2000,0.41600000000000004,0.6930000000000001,True,0.277,0.277,0.606,0.606,-0.18999999999999995,0.08700000000000008,0.0,0.0,0.277
rep0108,0.35,0.351,alg3,0.1,0.0,0.0,0.1,prop_127,1000,2000,0.353,0.708,False,0.355,0.355,0.5845,0.5845,-0.23150000000000004,0.1235,0.0,0.0,0.35500000000000004
rep0109,0.04,0.035,alg3,0.1,0.0,0.0,0.1,prop_127,1000,2000,0.0685,0.39949999999999997,False,0.33099999999999996,0.33099999999999996,0.2885,0.2885,-0.21999999999999997,0.11100000000000002,0.0,0.0,0.33099999999999996
rep0110,0.83,0.835,alg3,0.1,0.0,0.0,0.1,prop_127,1000,2000,0.6299999999999999,0.978,True,0.3480000000000001,0.3480000000000001,0.849,0.849,-0.21900000000000008,0.129,0.0,0.0,0.3480000000000001
rep0111,0.43,0.435,alg3,0.1,0.0,0.0,0.1,prop_127,1000,2000,0.136,0.47700000000000004,True,0.341,0.341,0.351,0.351,-0.21499999999999997,0.12600000000000006,0.0,0.0,0.341
rep0112,0.20,0.203,alg3,0.1,0.0,0.0,0.1,prop_127,1000,2000,0.19300000000000006,0.5015000000000001,True,0.3085,0.3085,0.401,0.401,-0.20799999999999996,0.10049999999999998,0.0,0.0,0.30849999999999994
rep0113,0.51,0.511,alg3,0.1,0.0,0.0,0.1,prop_127,1000,2000,0.268,0.5670000000000001,True,0.29900000000000004,0.29900000000000004,0.4635,0.4635,-0.1955,0.10350000000000001,0.0,0.0,0.29900000000000004
rep0114,0.64,0.636,alg3,0.1,0.0,0.0,0.1,prop_127,1000,2000,0.5025,0.8220000000000001,True,0.3195000000000001,0.3195000000000001,0.6995,0.6995,-0.197,0.12250000000000003,0.0,0.0,0.3195
rep0115,0.33,0.326,alg3,0.1,0.0,0.0,0.1,prop_127,1000,2000,0.1424999999999999,0.4945,True,0.3520000000000001,0.3520000000000001,0.3615,0.3615,-0.21900000000000008,0.133,0.0,0.0,0.3520000000000001
rep0116,0.77,0.772,alg3,0.1,0.0,0.0,0.1,prop_127,1000,2000,0.6525,0.932,True,0.2795000000000001,0.2795000000000001,0.8255,0.8255,-0.17300000000000004,0.10650000000000004,0.0,0.0,0.2795000000000001
rep0117,0.66,0.664,alg3,0.1,0.0,0.0,0.1,prop_127,1000,2000,0.5255000000000001,0.873,True,0.3474999999999999,0.3474999999999999,0.738,0.738,-0.2124999999999999,0.135,0.0,0.0,0.3474999999999999
rep0118,0.41,0.405,alg3,0.1,0.0,0.0,0.1,prop_127,1000,2000,0.378,0.794,True,0.41600000000000004,0.41600000000000004,0.614,0.614,-0.236,0.18,0.0,0.0,0.416
rep0119,0.40,0.398,alg3,0.1,0.0,0.0,0.1,prop_127,1000,2000,0.17700000000000005,0.5045000000000001,True,0.3275,0.3275,0.4275,0.4275,-0.25049999999999994,0.07700000000000007,0.0,0.0,0.3275
rep0120,0.64,0.636,alg3,0.1,0.0,0.0,0.1,prop_127,1000,2000,0.16949999999999998,0.48350000000000004,False,0.31400000000000006,0.31400000000000006,0.378,0.378,-0.20850000000000002,0.10550000000000004,0.0,0.0,0.31400000000000006
rep0121,0.78,0.778,alg3,0.1,0.0,0.0,0.1,prop_127,1000,2000,0.673,1.0470000000000002,True,0.3740000000000001,0.32699999999999996,0.928,0.928,-0.255,0.119,0.0,0.0,0.374
rep0122,0.58,0.58,alg3,0.1,0.0,0.0,0.1,prop_127,1000,2000,0.5575,0.9015,True,0.344,0.344,0.7765,0.7765,-0.21899999999999997,0.125,0.0,0.0,0.344
rep0123,0.42,0.421,alg3,0.1,0.0,0.0,0.1,prop_127,1000,2000,0.18349999999999994,0.5125,True,0.329,0.329,0.3845,0.3845,-0.20100000000000007,0.128,0.0,0.0,0.32900000000000007
rep0124,0.20,0.203,alg3,0.1,0.0,0.0,0.1,prop_127,1000,2000,0.26449999999999996,0.5865,False,0.32200000000000006,0.32200000000000006,0.431,0.431,-0.1665,0.15549999999999997,0.0,0.0,0.32199999999999995
rep0125,0.30,0.303,alg3,0.1,0.0,0.0,0.1,prop_127,1000,2000,0.344,0.6105,False,0.26650000000000007,0.26650000000000007,0.516,0.516,-0.17200000000000004,0.09450000000000003,0.0,0.0,0.26650000000000007
rep0126,0.67,0.668,alg3,0.1,0.0,0.0,0.1,prop_127,1000,2000,0.522,0.859,True,0.33699999999999997,0.33699999999999997,0.7325,0.7325,-0.2105,0.1265,0.0,0.0,0.33699999999999997
rep0127,0.27,0.273,alg3,0.1,0.0,0.0,0.1,prop_127,1000,2000,0.193,0.5595000000000001,True,0.3665000000000001,0.3665000000000001,0.417,0.417,-0.22399999999999998,0.14250000000000007,0.0,0.0,0.36650000000000005
rep0128,0.21,0.207,alg3,0.1,0.0,0.0,0.1,prop_127,1000,2000,-0.005499999999999949,0.295,True,0.30049999999999993,0.295,0.194,0.194,-0.19949999999999996,0.10099999999999998,0.0,0.0,0.30049999999999993
rep0129,0.38,0.382,alg3,0.1,0.0,0.0,0.1,prop_127,1000,2000,0.1454999999999999,0.48600000000000004,True,0.34050000000000014,0.34050000000000014,0.3465,0.3465,-0.20100000000000007,0.13950000000000007,0.0,0.0,0.34050000000000014
rep0130,0.75,0.753,alg3,0.1,0.0,0.0,0.1,prop_127,1000,2000,0.805,1.139,False,0.33399999999999996,0.19499999999999995,1.0,1.0,-0.19499999999999998,0.139,0.0,0.0,0.33399999999999996
rep0131,0.33,0.332,alg3,0.1,0.0,0.0,0.1,prop_127,1000,2000,0.101,0.423,True,0.32199999999999995,0.32199999999999995,0.322,0.322,-0.221,0.10099999999999998,0.0,0.0,0.32199999999999995
rep0132,0.56,0.564,alg3,0.1,0.0,0.0,0.1,prop_127,1000,2000,0.39249999999999996,0.7044999999999999,True,0.31199999999999994,0.31199999999999994,0.584,0.584,-0.1915,0.1205,0.0,0.0,0.312
rep0133,0.72,0.718,alg3,0.1,0.0,0.0,0.1,prop_127,1000,2000,0.634,0.951,True,0.31699999999999995,0.31699999999999995,0.848,0.848,-0.21399999999999997,0.10299999999999998,0.0,0.0,0.31699999999999995
rep0134,0.42,0.425,alg3,0.1,0.0,0.0,0.1,prop_127,1000,2000,0.33499999999999996,0.6615,True,0.3265,0.3265,0.5515,0.5515,-0.21650000000000003,0.10999999999999999,0.0,0.0,0.3265
rep0135,0.26,0.263,alg3,0.1,0.0,0.0,0.1,prop_127,1000,2000,-0.12000000000000004,0.21949999999999997,False,0.3395,0.21949999999999997,0.1165,0.1165,-0.23650000000000004,0.10299999999999998,0.0,0.0,0.3395
rep0136,0.68,0.683,alg3,0.1,0.0,0.0,0.1,prop_127,1000,2000,0.5255000000000001,0.86,True,0.3344999999999999,0.3344999999999999,0.7275,0.7275,-0.20199999999999996,0.13249999999999995,0.0,0.0,0.3344999999999999
rep0137,0.53,0.533,alg3,0.1,0.0,0.0,0.1,prop_127,1000,2000,0.23599999999999993,0.5549999999999999,True,0.319,0.319,0.436,0.436,-0.20000000000000007,0.119,0.0,0.0,0.31900000000000006
rep0138,0.68,0.681,alg3,0.1,0.0,0.0,0.1,prop_127,1000,2000,0.5095000000000001,0.8640000000000001,True,0.35450000000000004,0.35450000000000004,0.7385,0.7385,-0.22899999999999998,0.12550000000000006,0.0,0.0,0.35450000000000004
rep0139,0.35,0.353,alg3,0.1,0.0,0.0,0.1,prop_127,1000,2000,0.03149999999999997,0.359,True,0.3275,0.3275,0.251,0.251,-0.21950000000000003,0.10799999999999998,0.0,0.0,0.3275
rep0140,0.76,0.764,alg3,0.1,0.0,0.0,0.1,prop_127,1000,2000,0.48749999999999993,0.8144999999999999,True,0.32699999999999996,0.32699999999999996,0.692,0.692,-0.20450000000000002,0.12249999999999998,0.0,0.0,0.327
rep0141,0.36,0.365,alg3,0.1,0.0,0.0,0.1,prop_127,1000,2000,0.039499999999999924,0.35000000000000003,False,0.3105000000000001,0.3105000000000001,0.2485,0.2485,-0.20900000000000007,0.10150000000000003,0.0,0.0,0.3105000000000001
rep0142,0.77,0.765,alg3,0.1,0.0,0.0,0.1,prop_127,1000,2000,0.6665,1.0074999999999998,True,0.34099999999999986,0.3335,0.9005,0.9005,-0.23399999999999999,0.10699999999999998,0.0,0.0,0.34099999999999997
rep0143,0.92,0.916,alg3,0.1,0.0,0.0,0.1,prop_127,1000,2000,0.7424999999999999,1.073,True,0.3305,0.25750000000000006,0.964,0.964,-0.22150000000000003,0.10899999999999999,0.0,0.0,0.3305
rep0144,0.74,0.738,alg3,0.1,0.0,0.0,0.1,prop_127,1000,2000,0.4195,0.7675,True,0.348,0.348,0.6485,0.6485,-0.22899999999999998,0.119,0.0,0.0,0.348
rep0145,0.83,0.829,alg3,0.1,0.0,0.0,0.1,prop_127,1000,2000,0.7925,1.1440000000000001,True,0.35150000000000015,0.20750000000000002,1.0,1.0,-0.20750000000000002,0.14400000000000002,0.0,0.0,0.35150000000000003
rep0146,0.41,0.413,alg3,0.1,0.0,0.0,0.1,prop_127,1000,2000,0.2475,0.562,True,0.31450000000000006,0.31450000000000006,0.447,0.447,-0.1995,0.115,0.0,0.0,0.3145
rep0147,0.56,0.557,alg3,0.1,0.0,0.0,0.1,prop_127,1000,2000,0.429,0.7235,True,0.29450000000000004,0.29450000000000004,0.614,0.614,-0.185,0.10949999999999999,0.0,0.0,0.2945
rep0148,0.71,0.71,alg3,0.1,0.0,0.0,0.1,prop_127,1000,2000,0.5045000000000001,0.8069999999999999,True,0.3024999999999999,0.3024999999999999,0.7165,0.7165,-0.21199999999999997,0.09049999999999997,0.0,0.0,0.30249999999999994
rep0149,0.16,0.162,alg3,0.1,0.0,0.0,0.1,prop_127,1000,2000,0.009500000000000008,0.37100000000000005,True,0.36150000000000004,0.36150000000000004,0.2625,0.2625,-0.253,0.10850000000000004,0.0,0.0,0.36150000000000004
rep0150,0.65,0.653,alg3,0.1,0.0,0.0,0.1,prop_127,1000,2000,0.43599999999999994,0.7835,True,0.34750000000000003,0.34750000000000003,0.6435,0.6435,-0.20750000000000002,0.14,0.0,0.0,0.34750000000000003
rep0151,0.23,0.227,alg3,0.1,0.0,0.0,0.1,prop_127,1000,2000,-0.035499999999999976,0.31700000000000006,True,0.35250000000000004,0.31700000000000006,0.2015,0.2015,-0.237,0.11550000000000005,0.0,0.0,0.35250000000000004
rep0152,0.51,0.508,alg3,0.1,0.0,0.0,0.1,prop_127,1000,2000,0.23199999999999998,0.5955,True,0.36350000000000005,0.36350000000000005,0.511,0.511,-0.279,0.08449999999999999,0.0,0.0,0.36350000000000005
rep0153,0.30,0.302,alg3,0.1,0.0,0.0,0.1,prop_127,1000,2000,-0.015499999999999958,0.31600000000000006,True,0.3315,0.31600000000000006,0.1955,0.1955,-0.21099999999999997,0.12050000000000005,0.0,0.0,0.3315
rep0154,0.22,0.222,alg3,0.1,0.0,0.0,0.1,prop_127,1000,2000,-0.03949999999999995,0.32,True,0.35949999999999993,0.32,0.216,0.216,-0.25549999999999995,0.10400000000000001,0.0,0.0,0.35949999999999993
rep0155,0.24,0.237,alg3,0.1,0.0,0.0,0.1,prop_127,1000,2000,0.13549999999999995,0.496,True,0.36050000000000004,0.36050000000000004,0.35,0.35,-0.21450000000000002,0.14600000000000002,0.0,0.0,0.36050000000000004
rep0156,0.77,0.773,alg3,0.1,0.0,0.0,0.1,prop_127,1000,2000,0.6525,1.0074999999999998,True,0.35499999999999987,0.34750000000000003,0.8995,0.8995,-0.247,0.10799999999999998,0.0,0.0,0.355
rep0157,0.06,0.055,alg3,0.1,0.0,0.0,0.1,prop_127,1000,2000,-0.16300000000000003,0.182,True,0.34500000000000003,0.182,0.048,0.048,-0.21100000000000002,0.134,0.0,0.0,0.34500000000000003
rep0158,0.81,0.812,alg3,0.1,0.0,0.0,0.1,prop_127,1000,2000,0.523,0.8554999999999999,True,0.3324999999999999,0.3324999999999999,0.737,0.737,-0.21399999999999997,0.1185,0.0,0.0,0.33249999999999996
rep0159,0.74,0.744,alg3,0.1,0.0,0.0,0.1,prop_127,1000,2000,0.47250000000000003,0.8240000000000001,True,0.35150000000000003,0.35150000000000003,0.6985,0.6985,-0.22599999999999998,0.12550000000000006,0.0,0.0,0.35150000000000003
rep0160,0.17,0.171,alg3,0.1,0.0,0.0,0.1,prop_127,1000,2000,-0.05450000000000005,0.25799999999999995,True,0.3125,0.25799999999999995,0.1755,0.1755,-0.23000000000000004,0.08249999999999996,0.0,0.0,0.3125
rep0161,0.18,0.182,alg3,0.1,0.0,0.0,0.1,prop_127,1000,2000,0.0729999999999999,0.423,True,0.3500000000000001,0.3500000000000001,0.296,0.296,-0.2230000000000001,0.127,0.0,0.0,0.3500000000000001
rep0162,0.82,0.823,alg3,0.1,0.0,0.0,0.1,prop_127,1000,2000,0.567,0.9135,True,0.34650000000000003,0.34650000000000003,0.7925,0.7925,-0.22550000000000003,0.121,0.0,0.0,0.34650000000000003
rep0163,0.23,0.234,alg3,0.1,0.0,0.0,0.1,prop_127,1000,2000,-0.07900000000000001,0.29100000000000004,True,0.37000000000000005,0.29100000000000004,0.1625,0.1625,-0.24150000000000002,0.1285,0.0,0.0,0.37
rep0164,0.59,0.587,alg3,0.1,0.0,0.0,0.1,prop_127,1000,2000,0.22850000000000004,0.5765,False,0.348,0.348,0.4525,0.4525,-0.22399999999999998,0.124,0.0,0.0,0.348
rep0165,0.51,0.512,alg3,0.1,0.0,0.0,0.1,prop_127,1000,2000,0.47550000000000003,0.8059999999999999,True,0.3304999999999999,0.3304999999999999,0.6845,0.6845,-0.20899999999999996,0.12149999999999994,0.0,0.0,0.3304999999999999
rep0166,0.23,0.233,alg3,0.1,0.0,0.0,0.1,prop_127,1000,2000,0.049500000000000044,0.351,True,0.30149999999999993,0.30149999999999993,0.266,0.266,-0.21649999999999997,0.08499999999999996,0.0,0.0,0.30149999999999993
rep0167,0.39,0.392,alg3,0.1,0.0,0.0,0.1,prop_127,1000,2000,0.22349999999999998,0.515,True,0.29150000000000004,0.29150000000000004,0.4265,0.4265,-0.203,0.08850000000000002,0.0,0.0,0.29150000000000004
rep0168,0.55,0.55,alg3,0.1,0.0,0.0,0.1,prop_127,1000,2000,0.293,0.5935,True,0.30050000000000004,0.30050000000000004,0.505,0.505,-0.21200000000000002,0.08850000000000002,0.0,0.0,0.30050000000000004
rep0169,0.73,0.731,alg3,0.1,0.0,0.0,0.1,prop_127,1000,2000,0.6985,1.041,True,0.3424999999999999,0.3015,0.9115,0.9115,-0.21299999999999997,0.1295,0.0,0.0,0.34249999999999997
rep0170,0.44,0.437,alg3,0.1,0.0,0.0,0.1,prop_127,1000,2000,0.35350000000000004,0.6970000000000001,True,0.3435,0.3435,0.5545,0.5545,-0.20099999999999996,0.14250000000000002,0.0,0.0,0.34349999999999997
rep0171,0.26,0.26,alg3,0.1,0.0,0.0,0.1,prop_127,1000,2000,0.2495,0.5695,True,0.32,0.32,0.4645,0.4645,-0.21500000000000002,0.10499999999999998,0.0,0.0,0.32
rep0172,0.65,0.653,alg3,0.1,0.0,0.0,0.1,prop_127,1000,2000,0.44399999999999995,0.7565000000000001,True,0.3125000000000001,0.3125000000000001,0.65,0.65,-0.20600000000000007,0.10650000000000004,0.0,0.0,0.3125000000000001
rep0173,0.30,0.301,alg3,0.1,0.0,0.0,0.1,prop_127,1000,2000,0.4165,0.786,False,0.36950000000000005,0.36950000000000005,0.641,0.641,-0.2245,0.145,0.0,0.0,0.3695
rep0174,0.87,0.87,alg3,0.1,0.0,0.0,0.1,prop_127,1000,2000,0.5765,0.925,True,0.34850000000000003,0.34850000000000003,0.8075,0.8075,-0.23099999999999998,0.11750000000000005,0.0,0.0,0.34850000000000003
rep0175,0.48,0.483,alg3,0.1,0.0,0.0,0.1,prop_127,1000,2000,0.2879999999999999,0.5795,True,0.2915000000000001,0.2915000000000001,0.479,0.479,-0.19100000000000006,0.1005,0.0,0.0,0.2915000000000001
rep0176,0.45,0.454,alg3,0.1,0.0,0.0,0.1,prop_127,1000,2000,0.25550000000000006,0.5365,True,0.2809999999999999,0.2809999999999999,0.4585,0.4585,-0.20299999999999999,0.07800000000000001,0.0,0.0,0.281
rep0177,0.20,0.196,alg3,0.1,0.0,0.0,0.1,prop_127,1000,2000,0.0505000000000001,0.3825,True,0.3319999999999999,0.3319999999999999,0.2775,0.2775,-0.22699999999999992,0.10499999999999998,0.0,0.0,0.3319999999999999
rep0178,0.80,0.804,alg3,0.1,0.0,0.0,0.1,prop_127,1000,2000,0.6585,1.0265,True,0.368,0.3415,0.87,0.87,-0.21150000000000002,0.15649999999999997,0.0,0.0,0.368
rep0179,0.80,0.803,alg3,0.1,0.0,0.0,0.1,prop_127,1000,2000,0.5399999999999999,0.9015,True,0.36150000000000004,0.36150000000000004,0.7635,0.7635,-0.2235,0.13799999999999998,0.0,0.0,0.3615
rep0180,0.85,0.846,alg3,0.1,0.0,0.0,0.1,prop_127,1000,2000,0.6505,1.0550000000000002,True,0.4045000000000002,0.34950000000000003,0.9295,0.9295,-0.279,0.12550000000000006,0.0,0.0,0.4045000000000001
rep0181,0.10,0.097,alg3,0.1,0.0,0.0,0.1,prop_127,1000,2000,-0.16199999999999998,0.1815,True,0.34349999999999997,0.1815,0.071,0.071,-0.23299999999999998,0.11049999999999999,0.0,0.0,0.34349999999999997
rep0182,0.61,0.611,alg3,0.1,0.0,0.0,0.1,prop_127,1000,2000,0.44999999999999996,0.728,True,0.278,0.278,0.635,0.635,-0.18500000000000005,0.09299999999999997,0.0,0.0,0.278
rep0183,0.72,0.723,alg3,0.1,0.0,0.0,0.1,prop_127,1000,2000,0.3135,0.6645,False,0.351,0.351,0.5385,0.5385,-0.22499999999999998,0.126,0.0,0.0,0.351
rep0184,0.64,0.642,alg3,0.1,0.0,0.0,0.1,prop_127,1000,2000,0.4095,0.7274999999999999,True,0.31799999999999995,0.31799999999999995,0.605,0.605,-0.1955,0.12249999999999994,0.0,0.0,0.31799999999999995
rep0185,0.61,0.615,alg3,0.1,0.0,0.0,0.1,prop_127,1000,2000,0.3305,0.6565000000000001,True,0.32600000000000007,0.32600000000000007,0.552,0.552,-0.22150000000000003,0.10449999999999998,0.0,0.0,0.326
rep0186,0.25,0.248,alg3,0.1,0.0,0.0,0.1,prop_127,1000,2000,0.03150000000000003,0.3535,True,0.32199999999999995,0.32199999999999995,0.2405,0.2405,-0.20899999999999996,0.11299999999999999,0.0,0.0,0.32199999999999995
rep0187,0.42,0.424,alg3,0.1,0.0,0.0,0.1,prop_127,1000,2000,0.17949999999999994,0.53,True,0.3505000000000001,0.3505000000000001,0.437,0.437,-0.25750000000000006,0.09299999999999997,0.0,0.0,0.35050000000000003
rep0188,0.20,0.195,alg3,0.1,0.0,0.0,0.1,prop_127,1000,2000,0.128,0.4295,True,0.3015,0.3015,0.3345,0.3345,-0.20650000000000002,0.09499999999999997,0.0,0.0,0.3015
rep0189,0.45,0.452,alg3,0.1,0.0,0.0,0.1,prop_127,1000,2000,0.248,0.569,True,0.32099999999999995,0.32099999999999995,0.43,0.43,-0.182,0.139,0.0,0.0,0.321
rep0190,0.42,0.418,alg3,0.1,0.0,0.0,0.1,prop_127,1000,2000,0.20599999999999996,0.5624999999999999,True,0.35649999999999993,0.35649999999999993,0.4245,0.4245,-0.21850000000000003,0.1379999999999999,0.0,0.0,0.35649999999999993
rep0191,0.64,0.64,alg3,0.1,0.0,0.0,0.1,prop_127,1000,2000,0.607,0.9125000000000001,True,0.3055000000000001,0.3055000000000001,0.811,0.811,-0.20400000000000001,0.1015,0.0,0.0,0.3055
rep0192,0.74,0.742,alg3,0.1,0.0,0.0,0.1,prop_127,1000,2000,0.583,0.891,True,0.30800000000000005,0.30800000000000005,0.7815,0.7815,-0.1985,0.1095,0.0,0.0,0.308
rep0193,0.24,0.237,alg3,0.1,0.0,0.0,0.1,prop_127,1000,2000,0.057999999999999996,0.43749999999999994,True,0.37949999999999995,0.37949999999999995,0.315,0.315,-0.257,0.12249999999999994,0.0,0.0,0.37949999999999995
rep0194,0.14,0.137,alg3,0.1,0.0,0.0,0.1,prop_127,1000,2000,0.04250000000000001,0.39,True,0.34750000000000003,0.34750000000000003,0.234,0.234,-0.1915,0.15599999999999997,0.0,0.0,0.3475
rep0195,0.22,0.223,alg3,0.1,0.0,0.0,0.1,prop_127,1000,2000,-0.04049999999999998,0.308,True,0.3485,0.308,0.192,0.192,-0.23249999999999998,0.116,0.0,0.0,0.3485
rep0196,0.90,0.895,alg3,0.1,0.0,0.0,0.1,prop_127,1000,2000,0.8255,1.1284999999999998,True,0.3029999999999998,0.1745,0.988,0.988,-0.16249999999999998,0.14049999999999996,0.0,0.0,0.30299999999999994
rep0197,0.30,0.297,alg3,0.1,0.0,0.0,0.1,prop_127,1000,2000,0.14849999999999997,0.42600000000000005,True,0.2775000000000001,0.2775000000000001,0.3425,0.3425,-0.19400000000000006,0.08349999999999999,0.0,0.0,0.2775000000000001
rep0198,0.37,0.37,alg3,0.1,0.0,0.0,0.1,prop_127,1000,2000,0.4355000000000001,0.7915000000000001,False,0.356,0.356,0.657,0.657,-0.22149999999999992,0.1345,0.0,0.0,0.3559999999999999
rep0199,0.56,0.564,alg3,0.1,0.0,0.0,0.1,prop_127,1000,2000,0.5115000000000001,0.855,True,0.3434999999999999,0.3434999999999999,0.7435,0.7435,-0.23199999999999998,0.11149999999999999,0.0,0.0,0.34349999999999997
rep0200,0.47,0.466,alg3,0.1,0.0,0.0,0.1,prop_127,1000,2000,0.37250000000000005,0.7170000000000001,True,0.34450000000000003,0.34450000000000003,0.6095,0.6095,-0.237,0.10749999999999998,0.0,0.0,0.3445
rep0201,0.93,0.931,alg3,0.1,0.0,0.0,0.1,prop_127,1000,2000,0.7025000000000001,1.102,True,0.39949999999999997,0.2974999999999999,0.9495,0.9495,-0.24699999999999994,0.15250000000000002,0.0,0.0,0.39949999999999997
rep0202,0.64,0.642,alg3,0.1,0.0,0.0,0.1,prop_127,1000,2000,0.279,0.6615,True,0.38249999999999995,0.38249999999999995,0.523,0.523,-0.244,0.13849999999999998,0.0,0.0,0.38249999999999995
rep0203,0.87,0.87,alg3,0.1,0.0,0.0,0.1,prop_127,1000,2000,0.754,1.1185,True,0.36450000000000005,0.246,1.0,1.0,-0.24600000000000002,0.11850000000000005,0.0,0.0,0.36450000000000005
rep0204,0.69,0.692,alg3,0.1,0.0,0.0,0.1,prop_127,1000,2000,0.47650000000000003,0.798,True,0.3215,0.3215,0.6895,0.6895,-0.213,0.10850000000000004,0.0,0.0,0.3215
rep0205,0.81,0.806,alg3,0.1,0.0,0.0,0.1,prop_127,1000,2000,0.621,0.9115,True,0.2905,0.2905,0.8035,0.8035,-0.18249999999999994,0.108,0.0,0.0,0.2904999999999999
rep0206,0.66,0.655,alg3,0.1,0.0,0.0,0.1,prop_127,1000,2000,0.5685000000000001,0.9395000000000001,True,0.371,0.371,0.8,0.8,-0.23149999999999993,0.13950000000000007,0.0,0.0,0.371
rep0207,0.40,0.404,alg3,0.1,0.0,0.0,0.1,prop_127,1000,2000,0.3,0.6345,True,0.33449999999999996,0.33449999999999996,0.5085,0.5085,-0.20849999999999996,0.126,0.0,0.0,0.33449999999999996
rep0208,0.41,0.41,alg3,0.1,0.0,0.0,0.1,prop_127,1000,2000,0.12749999999999995,0.474,True,0.34650000000000003,0.34650000000000003,0.345,0.345,-0.21750000000000003,0.129,0.0,0.0,0.34650000000000003
rep0209,0.42,0.419,alg3,0.1,0.0,0.0,0.1,prop_127,1000,2000,0.326,0.635,True,0.309,0.309,0.508,0.508,-0.182,0.12700000000000006,0.0,0.0,0.30900000000000005
rep0210,0.56,0.563,alg3,0.1,0.0,0.0,0.1,prop_127,1000,2000,0.26349999999999996,0.6054999999999999,True,0.34199999999999997,0.34199999999999997,0.4995,0.4995,-0.23600000000000004,0.10599999999999998,0.0,0.0,0.342
rep0211,0.65,0.648,alg3,0.1,0.0,0.0,0.1,prop_127,1000,2000,0.5715,0.9025000000000001,True,0.33100000000000007,0.33100000000000007,0.755,0.755,-0.1835,0.14750000000000002,0.0,0.0,0.331
rep0212,0.74,0.74,alg3,0.1,0.0,0.0,0.1,prop_127,1000,2000,0.6935,0.933,True,0.23950000000000005,0.23950000000000005,0.8655,0.8655,-0.17200000000000004,0.0675,0.0,0.0,0.23950000000000005
rep0213,0.45,0.446,alg3,0.1,0.0,0.0,0.1,prop_127,1000,2000,0.44300000000000006,0.7835000000000001,True,0.3405,0.3405,0.6855,0.6855,-0.24249999999999994,0.09800000000000009,0.0,0.0,0.3405
rep0214,0.20,0.202,alg3,0.1,0.0,0.0,0.1,prop_127,1000,2000,-0.051500000000000046,0.32,True,0.37150000000000005,0.32,0.18,0.18,-0.23150000000000004,0.14,0.0,0.0,0.37150000000000005
rep0215,0.50,0.496,alg3,0.1,0.0,0.0,0.1,prop_127,1000,2000,0.32600000000000007,0.6295,True,0.3034999999999999,0.3034999999999999,0.537,0.537,-0.21099999999999997,0.09249999999999992,0.0,0.0,0.3034999999999999
rep0216,0.72,0.717,alg3,0.1,0.0,0.0,0.1,prop_127,1000,2000,0.5025,0.7995,True,0.29700000000000004,0.29700000000000004,0.703,0.703,-0.2005,0.09650000000000003,0.0,0.0,0.29700000000000004
rep0217,0.50,0.499,alg3,0.1,0.0,0.0,0.1,prop_127,1000,2000,0.4435,0.7915000000000001,True,0.3480000000000001,0.3480000000000001,0.664,0.664,-0.22050000000000003,0.1275,0.0,0.0,0.34800000000000003
rep0218,0.50,0.497,alg3,0.1,0.0,0.0,0.1,prop_127,1000,2000,0.3265,0.667,True,0.3405,0.3405,0.544,0.544,-0.21750000000000003,0.123,0.0,0.0,0.3405
rep0219,0.90,0.9,alg3,0.1,0.0,0.0,0.1,prop_127,1000,2000,0.6200000000000001,0.9730000000000001,True,0.353,0.353,0.8635,0.8635,-0.24349999999999994,0.1095,0.0,0.0,0.3529999999999999
rep0220,0.76,0.759,alg3,0.1,0.0,0.0,0.1,prop_127,1000,2000,0.5025,0.8705,True,0.3680000000000001,0.3680000000000001,0.741,0.741,-0.2385,0.1295,0.0,0.0,0.368
rep0221,0.22,0.222,alg3,0.1,0.0,0.0,0.1,prop_127,1000,2000,0.10499999999999993,0.3615,True,0.25650000000000006,0.25650000000000006,0.2665,0.2665,-0.1615000000000001,0.09499999999999997,0.0,0.0,0.25650000000000006
rep0222,0.66,0.66,alg3,0.1,0.0,0.0,0.1,prop_127,1000,2000,0.65,0.993,True,0.34299999999999997,0.34299999999999997,0.892,0.892,-0.242,0.101,0.0,0.0,0.34299999999999997
rep0223,0.08,0.077,alg3,0.1,0.0,0.0,0.1,prop_127,1000,2000,0.010499999999999982,0.3355,True,0.32500000000000007,0.32500000000000007,0.2295,0.2295,-0.21900000000000003,0.10600000000000001,0.0,0.0,0.32500000000000007
rep0224,0.25,0.246,alg3,0.1,0.0,0.0,0.1,prop_127,1000,2000,0.10149999999999998,0.4385,True,0.337,0.337,0.31,0.31,-0.20850000000000002,0.1285,0.0,0.0,0.337
rep0225,0.49,0.488,alg3,0.1,0.0,0.0,0.1,prop_127,1000,2000,0.21350000000000002,0.546,True,0.3325,0.3325,0.4445,0.4445,-0.23099999999999998,0.10150000000000003,0.0,0.0,0.3325
rep0226,0.48,0.478,alg3,0.1,0.0,0.0,0.1,prop_127,1000,2000,0.35050000000000003,0.644,True,0.2935,0.2935,0.541,0.541,-0.1905,0.10299999999999998,0.0,0.0,0.2935
rep0227,0.35,0.347,alg3,0.1,0.0,0.0,0.1,prop_127,1000,2000,0.20699999999999996,0.621,True,0.41400000000000003,0.41400000000000003,0.439,0.439,-0.23200000000000004,0.182,0.0,0.0,0.41400000000000003
rep0228,0.77,0.772,alg3,0.1,0.0,0.0,0.1,prop_127,1000,2000,0.631,0.9545,True,0.3235,0.3235,0.8165,0.8165,-0.1855,0.138,0.0,0.0,0.3235
rep0229,0.26,0.255,alg3,0.1,0.0,0.0,0.1,prop_127,1000,2000,0.15700000000000003,0.4424999999999999,True,0.28549999999999986,0.28549999999999986,0.351,0.351,-0.19399999999999995,0.09149999999999991,0.0,0.0,0.28549999999999986
rep0230,0.50,0.504,alg3,0.1,0.0,0.0,0.1,prop_127,1000,2000,0.366,0.7595000000000001,True,0.39350000000000007,0.39350000000000007,0.616,0.616,-0.25,0.14350000000000002,0.0,0.0,0.3935
rep0231,0.82,0.818,alg3,0.1,0.0,0.0,0.1,prop_127,1000,2000,0.5355,0.836,True,0.3005,0.3005,0.736,0.736,-0.2005,0.09999999999999998,0.0,0.0,0.3005
rep0232,0.76,0.764,alg3,0.1,0.0,0.0,0.1,prop_127,1000,2000,0.45749999999999996,0.7915000000000001,True,0.33400000000000013,0.33400000000000013,0.701,0.701,-0.2435,0.09050000000000008,0.0,0.0,0.3340000000000001
rep0233,0.50,0.502,alg3,0.1,0.0,0.0,0.1,prop_127,1000,2000,0.4215,0.738,True,0.3165,0.3165,0.614,0.614,-0.1925,0.12400000000000005,0.0,0.0,0.31650000000000006
rep0234,0.25,0.248,alg3,0.1,0.0,0.0,0.1,prop_127,1000,2000,0.14749999999999996,0.5165,True,0.369,0.369,0.3765,0.3765,-0.22900000000000004,0.14,0.0,0.0,0.36900000000000005
rep0235,0.17,0.17,alg3,0.1,0.0,0.0,0.1,prop_127,1000,2000,0.21399999999999997,0.5445,False,0.3305,0.3305,0.441,0.441,-0.22700000000000004,0.10349999999999993,0.0,0.0,0.33049999999999996
rep0236,0.49,0.495,alg3,0.1,0.0,0.0,0.1,prop_127,1000,2000,0.3315,0.6719999999999999,True,0.3404999999999999,0.3404999999999999,0.5665,0.5665,-0.235,0.10549999999999998,0.0,0.0,0.34049999999999997
rep0237,0.22,0.22,alg3,0.1,0.0,0.0,0.1,prop_127,1000,2000,0.007500000000000034,0.3645,True,0.357,0.357,0.219,0.219,-0.21149999999999997,0.1455,0.0,0.0,0.357
rep0238,0.47,0.465,alg3,0.1,0.0,0.0,0.1,prop_127,1000,2000,0.4,0.687,True,0.28700000000000003,0.28700000000000003,0.5635,0.5635,-0.16349999999999998,0.12350000000000005,0.0,0.0,0.28700000000000003
rep0239,0.61,0.615,alg3,0.1,0.0,0.0,0.1,prop_127,1000,2000,0.5305,0.9059999999999999,True,0.37549999999999994,0.37549999999999994,0.7595,0.7595,-0.22899999999999998,0.14650000000000002,0.0,0.0,0.3755
rep0240,0.85,0.854,alg3,0.1,0.0,0.0,0.1,prop_127,1000,2000,0.5834999999999999,0.9195,True,0.3360000000000001,0.3360000000000001,0.813,0.813,-0.22950000000000004,0.10649999999999998,0.0,0.0,0.336
rep0241,0.09,0.091,alg3,0.1,0.0,0.0,0.1,prop_127,1000,2000,-0.15299999999999997,0.1965,True,0.3495,0.1965,0.066,0.066,-0.21899999999999997,0.1305,0.0,0.0,0.3495
rep0242,0.38,0.375,alg3,0.1,0.0,0.0,0.1,prop_127,1000,2000,0.13600000000000007,0.5409999999999999,True,0.40499999999999986,0.40499999999999986,0.3825,0.3825,-0.24649999999999994,0.15849999999999997,0.0,0.0,0.4049999999999999
rep0243,0.04,0.038,alg3,0.1,0.0,0.0,0.1,prop_127,1000,2000,0.08049999999999996,0.4675,False,0.38700000000000007,0.38700000000000007,0.322,0.322,-0.24150000000000005,0.14550000000000002,0.0,0.0,0.38700000000000007
rep0244,0.67,0.671,alg3,0.1,0.0,0.0,0.1,prop_127,1000,2000,0.4615000000000001,0.769,True,0.30749999999999994,0.30749999999999994,0.665,0.665,-0.20349999999999996,0.104,0.0,0.0,0.30749999999999994
rep0245,0.89,0.891,alg3,0.1,0.0,0.0,0.1,prop_127,1000,2000,0.791,1.1145,True,0.3235,0.20899999999999996,1.0,1.0,-0.209,0.11450000000000005,0.0,0.0,0.3235
rep0246,0.29,0.289,alg3,0.1,0.0,0.0,0.1,prop_127,1000,2000,0.123,0.4345,True,0.3115,0.3115,0.345,0.345,-0.22199999999999998,0.08950000000000002,0.0,0.0,0.3115
rep0247,0.79,0.787,alg3,0.1,0.0,0.0,0.1,prop_127,1000,2000,0.5245000000000001,0.892,True,0.36749999999999994,0.36749999999999994,0.757,0.757,-0.23249999999999993,0.135,0.0,0.0,0.36749999999999994
rep0248,0.53,0.527,alg3,0.1,0.0,0.0,0.1,prop_127,1000,2000,0.575,0.8915,False,0.3165,0.3165,0.7595,0.7595,-0.1845,0.132,0.0,0.0,0.3165
rep0249,0.44,0.442,alg3,0.1,0.0,0.0,0.1,prop_127,1000,2000,0.29750000000000004,0.6469999999999999,True,0.34949999999999987,0.34949999999999987,0.508,0.508,-0.21049999999999996,0.1389999999999999,0.0,0.0,0.34949999999999987
rep0250,0.59,0.593,alg3,0.1,0.0,0.0,0.1,prop_127,1000,2000,0.575,0.9135,True,0.3385,0.3385,0.778,0.778,-0.20300000000000007,0.13549999999999995,0.0,0.0,0.3385
rep0251,0.86,0.86,alg3,0.1,0.0,0.0,0.1,prop_127,1000,2000,0.4215000000000001,0.7770000000000001,False,0.35550000000000004,0.35550000000000004,0.665,0.665,-0.24349999999999994,0.11200000000000004,0.0,0.0,0.3555
rep0252,0.66,0.657,alg3,0.1,0.0,0.0,0.1,prop_127,1000,2000,0.378,0.7729999999999999,True,0.3949999999999999,0.3949999999999999,0.618,0.618,-0.24,0.15499999999999997,0.0,0.0,0.39499999999999996
rep0253,0.24,0.239,alg3,0.1,0.0,0.0,0.1,prop_127,1000,2000,-0.015000000000000041,0.2835,True,0.2985,0.2835,0.2035,0.2035,-0.21850000000000003,0.08000000000000002,0.0,0.0,0.29850000000000004
rep0254,0.33,0.327,alg3,0.1,0.0,0.0,0.1,prop_127,1000,2000,0.07300000000000001,0.3665,True,0.2935,0.2935,0.2705,0.2705,-0.1975,0.09599999999999997,0.0,0.0,0.2935
rep0255,0.54,0.539,alg3,0.1,0.0,0.0,0.1,prop_127,1000,2000,0.5645,0.8780000000000001,False,0.3135000000000001,0.3135000000000001,0.761,0.761,-0.1965,0.11700000000000005,0.0,0.0,0.31350000000000006
rep0256,0.34,0.336,alg3,0.1,0.0,0.0,0.1,prop_127,1000,2000,0.40900000000000003,0.764,False,0.355,0.355,0.6245,0.6245,-0.21550000000000002,0.13949999999999996,0.0,0.0,0.355
rep0257,0.24,0.24,alg3,0.1,0.0,0.0,0.1,prop_127,1000,2000,0.3254999999999999,0.6435,False,0.31800000000000006,0.31800000000000006,0.5225,0.5225,-0.19700000000000006,0.121,0.0,0.0,0.31800000000000006
rep0258,0.31,0.306,alg3,0.1,0.0,0.0,0.1,prop_127,1000,2000,0.2740000000000001,0.598,True,0.3239999999999999,0.3239999999999999,0.464,0.464,-0.18999999999999995,0.13399999999999998,0.0,0.0,0.32399999999999995
rep0259,0.86,0.856,alg3,0.1,0.0,0.0,0.1,prop_127,1000,2000,0.6625000000000001,0.9880000000000001,True,0.3255,0.3255,0.8735,0.8735,-0.21099999999999997,0.11450000000000005,0.0,0.0,0.3255
rep0260,0.22,0.216,alg3,0.1,0.0,0.0,0.1,prop_127,1000,2000,0.12999999999999995,0.49000000000000005,True,0.3600000000000001,0.3600000000000001,0.333,0.333,-0.20300000000000007,0.15700000000000003,0.0,0.0,0.3600000000000001
rep0261,0.59,0.589,alg3,0.1,0.0,0.0,0.1,prop_127,1000,2000,0.406,0.6975000000000001,True,0.2915000000000001,0.2915000000000001,0.6175,0.6175,-0.21150000000000002,0.08000000000000007,0.0,0.0,0.2915000000000001
rep0262,0.41,0.414,alg3,0.1,0.0,0.0,0.1,prop_127,1000,2000,0.2685,0.605,True,0.33649999999999997,0.33649999999999997,0.4795,0.4795,-0.21099999999999997,0.12550000000000006,0.0,0.0,0.3365
rep0263,0.64,0.642,alg3,0.1,0.0,0.0,0.1,prop_127,1000,2000,0.49000000000000005,0.8115,True,0.32149999999999995,0.32149999999999995,0.6795,0.6795,-0.18949999999999995,0.132,0.0,0.0,0.32149999999999995
rep0264,0.38,0.375,alg3,0.1,0.0,0.0,0.1,prop_127,1000,2000,0.11099999999999999,0.482,True,0.371,0.371,0.37,0.37,-0.259,0.11199999999999999,0.0,0.0,0.371
rep0265,0.55,0.551,alg3,0.1,0.0,0.0,0.1,prop_127,1000,2000,0.16249999999999992,0.5005,False,0.338,0.338,0.3795,0.3795,-0.21700000000000008,0.121,0.0,0.0,0.3380000000000001
rep0266,0.86,0.862,alg3,0.1,0.0,0.0,0.1,prop_127,1000,2000,0.6609999999999999,1.047,True,0.386,0.3390000000000001,0.8855,0.8855,-0.2245,0.1615,0.0,0.0,0.386
rep0267,0.60,0.605,alg3,0.1,0.0,0.0,0.1,prop_127,1000,2000,0.5425,0.8775,True,0.33499999999999996,0.33499999999999996,0.7735,0.7735,-0.23099999999999998,0.10400000000000001,0.0,0.0,0.33499999999999996
rep0268,0.28,0.285,alg3,0.1,0.0,0.0,0.1,prop_127,1000,2000,0.14600000000000002,0.45749999999999996,True,0.31149999999999994,0.31149999999999994,0.3545,0.3545,-0.20849999999999996,0.10299999999999998,0.0,0.0,0.31149999999999994
rep0269,0.80,0.796,alg3,0.1,0.0,0.0,0.1,prop_127,1000,2000,0.8029999999999999,1.1375,False,0.3345,0.19700000000000006,1.0,1.0,-0.197,0.1375,0.0,0.0,0.3345
rep0270,0.85,0.848,alg3,0.1,0.0,0.0,0.1,prop_127,1000,2000,0.8069999999999999,1.143,True,0.3360000000000001,0.19300000000000006,1.0,1.0,-0.19300000000000006,0.143,0.0,0.0,0.3360000000000001
rep0271,0.73,0.732,alg3,0.1,0.0,0.0,0.1,prop_127,1000,2000,0.6035,0.9435,True,0.33999999999999997,0.33999999999999997,0.853,0.853,-0.24949999999999994,0.09050000000000002,0.0,0.0,0.33999999999999997
rep0272,0.06,0.063,alg3,0.1,0.0,0.0,0.1,prop_127,1000,2000,-0.21100000000000008,0.18750000000000006,True,0.39850000000000013,0.18750000000000006,0.0,0.0,-0.21100000000000008,0.18750000000000006,0.0,0.0,0.39850000000000013
rep0273,0.26,0.263,alg3,0.1,0.0,0.0,0.1,prop_127,1000,2000,-0.019999999999999962,0.2965,True,0.31649999999999995,0.2965,0.196,0.196,-0.21599999999999997,0.10049999999999998,0.0,0.0,0.31649999999999995
rep0274,0.47,0.475,alg3,0.1,0.0,0.0,0.1,prop_127,1000,2000,0.2815000000000001,0.68,True,0.39849999999999997,0.39849999999999997,0.533,0.533,-0.25149999999999995,0.147,0.0,0.0,0.39849999999999997
rep0275,0.51,0.509,alg3,0.1,0.0,0.0,0.1,prop_127,1000,2000,0.2565,0.5589999999999999,True,0.30249999999999994,0.30249999999999994,0.4705,0.4705,-0.21399999999999997,0.08850000000000002,0.0,0.0,0.3025
rep0276,0.17,0.173,alg3,0.1,0.0,0.0,0.1,prop_127,1000,2000,0.15899999999999997,0.5014999999999998,True,0.34249999999999986,0.34249999999999986,0.3445,0.3445,-0.1855,0.15699999999999992,0.0,0.0,0.3424999999999999
rep0277,0.40,0.396,alg3,0.1,0.0,0.0,0.1,prop_127,1000,2000,0.2815,0.629,True,0.34750000000000003,0.34750000000000003,0.505,0.505,-0.22350000000000003,0.124,0.0,0.0,0.34750000000000003
rep0278,0.74,0.745,alg3,0.1,0.0,0.0,0.1,prop_127,1000,2000,0.5754999999999999,0.915,True,0.33950000000000014,0.33950000000000014,0.7885,0.7885,-0.21300000000000002,0.1265,0.0,0.0,0.3395
rep0279,0.04,0.043,alg3,0.1,0.0,0.0,0.1,prop_127,1000,2000,-0.21399999999999997,0.132,True,0.346,0.132,0.0,0.0,-0.21399999999999997,0.132,0.0,0.0,0.346
rep0280,0.54,0.539,alg3,0.1,0.0,0.0,0.1,prop_127,1000,2000,0.3775,0.6705000000000001,True,0.2930000000000001,0.2930000000000001,0.5855,0.5855,-0.20800000000000002,0.08500000000000002,0.0,0.0,0.29300000000000004
rep0281,0.57,0.566,alg3,0.1,0.0,0.0,0.1,prop_127,1000,2000,0.369,0.6604999999999999,True,0.29149999999999987,0.29149999999999987,0.566,0.566,-0.19699999999999995,0.09449999999999997,0.0,0.0,0.2914999999999999
rep0282,0.23,0.233,alg3,0.1,0.0,0.0,0.1,prop_127,1000,2000,0.15300000000000005,0.47700000000000004,True,0.32399999999999995,0.32399999999999995,0.3425,0.3425,-0.18949999999999997,0.1345,0.0,0.0,0.32399999999999995
rep0283,0.46,0.459,alg3,0.1,0.0,0.0,0.1,prop_127,1000,2000,0.2895,0.627,True,0.3375,0.3375,0.521,0.521,-0.23150000000000004,0.10599999999999998,0.0,0.0,0.3375
rep0284,0.44,0.437,alg3,0.1,0.0,0.0,0.1,prop_127,1000,2000,0.31949999999999995,0.643,True,0.32350000000000007,0.32350000000000007,0.492,0.492,-0.17250000000000004,0.15100000000000002,0.0,0.0,0.32350000000000007
rep0285,0.35,0.353,alg3,0.1,0.0,0.0,0.1,prop_127,1000,2000,0.2835,0.6224999999999999,True,0.33899999999999997,0.33899999999999997,0.485,0.485,-0.2015,0.13749999999999996,0.0,0.0,0.33899999999999997
rep0286,0.60,0.604,alg3,0.1,0.0,0.0,0.1,prop_127,1000,2000,0.526,0.8855,True,0.35949999999999993,0.35949999999999993,0.725,0.725,-0.19899999999999998,0.16049999999999998,0.0,0.0,0.35949999999999993
rep0287,0.29,0.292,alg3,0.1,0.0,0.0,0.1,prop_127,1000,2000,0.1345,0.44899999999999995,True,0.31449999999999995,0.31449999999999995,0.3455,0.3455,-0.21099999999999997,0.10350000000000001,0.0,0.0,0.3145
rep0288,0.11,0.113,alg3,0.1,0.0,0.0,0.1,prop_127,1000,2000,-0.08349999999999999,0.25200000000000006,True,0.3355,0.25200000000000006,0.1305,0.1305,-0.214,0.12150000000000005,0.0,0.0,0.3355
rep0289,0.52,0.521,alg3,0.1,0.0,0.0,0.1,prop_127,1000,2000,0.395,0.697,True,0.30199999999999994,0.30199999999999994,0.603,0.603,-0.20799999999999996,0.09399999999999999,0.0,0.0,0.30199999999999994
rep0290,0.21,0.214,alg3,0.1,0.0,0.0,0.1,prop_127,1000,2000,-0.07399999999999995,0.249,True,0.32299999999999995,0.249,0.134,0.134,-0.20799999999999996,0.11499999999999999,0.0,0.0,0.32299999999999995
rep0291,0.33,0.329,alg3,0.1,0.0,0.0,0.1,prop_127,1000,2000,0.15799999999999997,0.4325,True,0.2745,0.2745,0.345,0.345,-0.187,0.08750000000000002,0.0,0.0,0.2745
rep0292,0.68,0.678,alg3,0.1,0.0,0.0,0.1,prop_127,1000,2000,0.5640000000000001,0.8580000000000001,True,0.29400000000000004,0.29400000000000004,0.756,0.756,-0.19199999999999995,0.10200000000000004,0.0,0.0,0.294
rep0293,0.61,0.61,alg3,0.1,0.0,0.0,0.1,prop_127,1000,2000,0.516,0.874,True,0.358,0.358,0.7425,0.7425,-0.22649999999999998,0.13149999999999995,0.0,0.0,0.35799999999999993
rep0294,0.32,0.322,alg3,0.1,0.0,0.0,0.1,prop_127,1000,2000,0.24450000000000005,0.581,True,0.3364999999999999,0.3364999999999999,0.482,0.482,-0.23749999999999993,0.09900000000000003,0.0,0.0,0.33649999999999997
rep0295,0.88,0.877,alg3,0.1,0.0,0.0,0.1,prop_127,1000,2000,0.7765000000000001,1.057,True,0.28049999999999986,0.22349999999999992,0.9635,0.9635,-0.18699999999999994,0.09350000000000003,0.0,0.0,0.28049999999999997
rep0296,0.38,0.384,alg3,0.1,0.0,0.0,0.1,prop_127,1000,2000,0.31350000000000006,0.632,True,0.31849999999999995,0.31849999999999995,0.542,0.542,-0.22849999999999998,0.08999999999999997,0.0,0.0,0.31849999999999995
rep0297,0.29,0.29,alg3,0.1,0.0,0.0,0.1,prop_127,1000,2000,0.275,0.5960000000000001,True,0.32100000000000006,0.32100000000000006,0.4495,0.4495,-0.1745,0.14650000000000002,0.0,0.0,0.321
rep0298,0.49,0.492,alg3,0.1,0.0,0.0,0.1,prop_127,1000,2000,0.263,0.6365000000000001,True,0.37350000000000005,0.37350000000000005,0.498,0.498,-0.235,0.1385,0.0,0.0,0.3735
rep0299,0.16,0.159,alg3,0.1,0.0,0.0,0.1,prop_127,1000,2000,0.020500000000000018,0.3835,True,0.363,0.363,0.2505,0.2505,-0.22999999999999998,0.133,0.0,0.0,0.363
rep0300,0.27,0.266,alg3,0.1,0.0,0.0,0.1,prop_127,1000,2000,0.04250000000000004,0.4139999999999999,True,0.3714999999999999,0.3714999999999999,0.2895,0.2895,-0.24699999999999994,0.12449999999999994,0.0,0.0,0.3714999999999999
rep0301,0.71,0.712,alg3,0.1,0.0,0.0,0.1,prop_127,1000,2000,0.5695000000000001,0.9455,True,0.3759999999999999,0.3759999999999999,0.793,0.793,-0.22349999999999998,0.1525,0.0,0.0,0.376
rep0302,0.65,0.647,alg3,0.1,0.0,0.0,0.1,prop_127,1000,2000,0.4295,0.789,True,0.35950000000000004,0.35950000000000004,0.655,0.655,-0.2255,0.134,0.0,0.0,0.35950000000000004
rep0303,0.61,0.61,alg3,0.1,0.0,0.0,0.1,prop_127,1000,2000,0.492,0.8015,True,0.3095,0.3095,0.703,0.703,-0.21099999999999997,0.09850000000000003,0.0,0.0,0.3095
rep0304,0.54,0.538,alg3,0.1,0.0,0.0,0.1,prop_127,1000,2000,0.37349999999999994,0.702,True,0.3285,0.3285,0.608,0.608,-0.23450000000000004,0.09399999999999997,0.0,0.0,0.3285
rep0305,0.10,0.101,alg3,0.1,0.0,0.0,0.1,prop_127,1000,2000,0.013999999999999957,0.33449999999999996,True,0.3205,0.3205,0.2,0.2,-0.18600000000000005,0.13449999999999995,0.0,0.0,0.3205
rep0306,0.72,0.718,alg3,0.1,0.0,0.0,0.1,prop_127,1000,2000,0.5595,0.9049999999999999,True,0.3454999999999999,0.3454999999999999,0.7745,0.7745,-0.21499999999999997,0.13049999999999995,0.0,0.0,0.3454999999999999
rep0307,0.50,0.496,alg3,0.1,0.0,0.0,0.1,prop_127,1000,2000,0.39,0.7184999999999999,True,0.3284999999999999,0.3284999999999999,0.601,0.601,-0.21099999999999997,0.11749999999999994,0.0,0.0,0.3284999999999999
rep0308,0.14,0.14,alg3,0.1,0.0,0.0,0.1,prop_127,1000,2000,-0.002999999999999947,0.3295,True,0.33249999999999996,0.3295,0.2535,0.2535,-0.25649999999999995,0.07599999999999998,0.0,0.0,0.3324999999999999
rep0309,0.84,0.841,alg3,0.1,0.0,0.0,0.1,prop_127,1000,2000,0.761,1.1145,True,0.35350000000000004,0.239,1.0,1.0,-0.239,0.11449999999999994,0.0,0.0,0.3534999999999999
rep0310,0.40,0.395,alg3,0.1,0.0,0.0,0.1,prop_127,1000,2000,0.26349999999999996,0.603,True,0.3395,0.3395,0.491,0.491,-0.22750000000000004,0.11199999999999993,0.0,0.0,0.33949999999999997
rep0311,0.15,0.154,alg3,0.1,0.0,0.0,0.1,prop_127,1000,2000,0.088,0.41050000000000003,True,0.3225,0.3225,0.291,0.291,-0.20299999999999999,0.11950000000000005,0.0,0.0,0.3225
rep0312,0.76,0.762,alg3,0.1,0.0,0.0,0.1,prop_127,1000,2000,0.5235000000000001,0.8765000000000001,True,0.353,0.353,0.7235,0.7235,-0.2,0.15299999999999997,0.0,0.0,0.353
rep0313,0.86,0.86,alg3,0.1,0.0,0.0,0.1,prop_127,1000,2000,0.6545000000000001,1.0045,True,0.34999999999999987,0.3454999999999999,0.887,0.887,-0.23249999999999998,0.1175,0.0,0.0,0.35
rep0314,0.55,0.548,alg3,0.1,0.0,0.0,0.1,prop_127,1000,2000,0.2704999999999999,0.632,True,0.3615000000000001,0.3615000000000001,0.4895,0.4895,-0.21900000000000008,0.14250000000000002,0.0,0.0,0.3615000000000001
rep0315,0.56,0.557,alg3,0.1,0.0,0.0,0.1,prop_127,1000,2000,0.3925,0.7050000000000001,True,0.31250000000000006,0.31250000000000006,0.602,0.602,-0.20949999999999996,0.10300000000000004,0.0,0.0,0.3125
rep0316,0.61,0.611,alg3,0.1,0.0,0.0,0.1,prop_127,1000,2000,0.30400000000000005,0.656,True,0.352,0.352,0.51,0.51,-0.20599999999999996,0.14600000000000002,0.0,0.0,0.352
rep0317,0.70,0.696,alg3,0.1,0.0,0.0,0.1,prop_127,1000,2000,0.23199999999999998,0.523,False,0.29100000000000004,0.29100000000000004,0.4275,0.4275,-0.1955,0.0955,0.0,0.0,0.29100000000000004
rep0318,0.15,0.149,alg3,0.1,0.0,0.0,0.1,prop_127,1000,2000,0.066,0.4125,True,0.3465,0.3465,0.2925,0.2925,-0.22649999999999998,0.12000000000000002,0.0,0.0,0.34650000000000003
rep0319,0.21,0.212,alg3,0.1,0.0,0.0,0.1,prop_127,1000,2000,-0.011499999999999982,0.35150000000000003,True,0.363,0.35150000000000003,0.206,0.206,-0.21749999999999997,0.14550000000000002,0.0,0.0,0.363
rep0320,0.84,0.842,alg3,0.1,0.0,0.0,0.1,prop_127,1000,2000,0.635,0.935,True,0.30000000000000004,0.30000000000000004,0.8255,0.8255,-0.1905,0.1095,0.0,0.0,0.3
rep0321,0.13,0.133,alg3,0.1,0.0,0.0,0.1,prop_127,1000,2000,-0.014499999999999957,0.3065,True,0.32099999999999995,0.3065,0.1925,0.1925,-0.20699999999999996,0.11399999999999999,0.0,0.0,0.32099999999999995
rep0322,0.56,0.562,alg3,0.1,0.0,0.0,0.1,prop_127,1000,2000,0.46850000000000014,0.811,True,0.3424999999999999,0.3424999999999999,0.676,0.676,-0.2074999999999999,0.135,0.0,0.0,0.3424999999999999
rep0323,0.59,0.594,alg3,0.1,0.0,0.0,0.1,prop_127,1000,2000,0.5265,0.825,True,0.2985,0.2985,0.725,0.725,-0.1985,0.09999999999999998,0.0,0.0,0.2985
rep0324,0.54,0.538,alg3,0.1,0.0,0.0,0.1,prop_127,1000,2000,0.3415000000000001,0.685,True,0.34349999999999997,0.34349999999999997,0.56,0.56,-0.21849999999999997,0.125,0.0,0.0,0.34349999999999997
rep0325,0.80,0.801,alg3,0.1,0.0,0.0,0.1,prop_127,1000,2000,0.6175,0.9810000000000001,True,0.36350000000000005,0.36350000000000005,0.8395,0.8395,-0.22199999999999998,0.14150000000000001,0.0,0.0,0.3635
rep0326,0.52,0.519,alg3,0.1,0.0,0.0,0.1,prop_127,1000,2000,0.11249999999999999,0.47700000000000004,False,0.36450000000000005,0.36450000000000005,0.3625,0.3625,-0.25,0.11450000000000005,0.0,0.0,0.36450000000000005
rep0327,0.43,0.429,alg3,0.1,0.0,0.0,0.1,prop_127,1000,2000,0.3460000000000001,0.7005,True,0.3544999999999999,0.3544999999999999,0.5905,0.5905,-0.24449999999999994,0.10999999999999999,0.0,0.0,0.3544999999999999
rep0328,0.64,0.635,alg3,0.1,0.0,0.0,0.1,prop_127,1000,2000,0.5295000000000001,0.8635,True,0.33399999999999996,0.33399999999999996,0.7325,0.7325,-0.203,0.131,0.0,0.0,0.334
rep0329,0.55,0.554,alg3,0.1,0.0,0.0,0.1,prop_127,1000,2000,0.45499999999999996,0.772,True,0.31700000000000006,0.31700000000000006,0.638,0.638,-0.18300000000000005,0.134,0.0,0.0,0.31700000000000006
rep0330,0.07,0.066,alg3,0.1,0.0,0.0,0.1,prop_127,1000,2000,-0.058999999999999914,0.2895,True,0.3484999999999999,0.2895,0.1575,0.1575,-0.21649999999999991,0.132,0.0,0.0,0.3484999999999999
rep0331,0.49,0.492,alg3,0.1,0.0,0.0,0.1,prop_127,1000,2000,0.267,0.6315000000000001,True,0.36450000000000005,0.36450000000000005,0.486,0.486,-0.21899999999999997,0.14550000000000007,0.0,0.0,0.36450000000000005
rep0332,0.19,0.193,alg3,0.1,0.0,0.0,0.1,prop_127,1000,2000,0.05550000000000005,0.40449999999999997,True,0.3489999999999999,0.3489999999999999,0.2675,0.2675,-0.21199999999999997,0.13699999999999996,0.0,0.0,0.3489999999999999
rep0333,0.73,0.727,alg3,0.1,0.0,0.0,0.1,prop_127,1000,2000,0.5694999999999999,0.9784999999999999,True,0.40900000000000003,0.40900000000000003,0.8135,0.8135,-0.24400000000000005,0.16499999999999998,0.0,0.0,0.40900000000000003
rep0334,0.61,0.609,alg3,0.1,0.0,0.0,0.1,prop_127,1000,2000,0.4950000000000001,0.8035000000000001,True,0.3085,0.3085,0.67,0.67,-0.17499999999999993,0.1335,0.0,0.0,0.30849999999999994
rep0335,0.76,0.764,alg3,0.1,0.0,0.0,0.1,prop_127,1000,2000,0.582,0.879,True,0.29700000000000004,0.29700000000000004,0.781,0.781,-0.19900000000000007,0.098,0.0,0.0,0.29700000000000004
rep0336,0.06,0.058,alg3,0.1,0.0,0.0,0.1,prop_127,1000,2000,-0.17049999999999998,0.175,True,0.3455,0.175,0.0395,0.0395,-0.21,0.13549999999999998,0.0,0.0,0.3455
rep0337,0.51,0.506,alg3,0.1,0.0,0.0,0.1,prop_127,1000,2000,0.4000000000000001,0.753,True,0.3529999999999999,0.3529999999999999,0.636,0.636,-0.23599999999999993,0.11699999999999999,0.0,0.0,0.3529999999999999
rep0338,0.63,0.628,alg3,0.1,0.0,0.0,0.1,prop_127,1000,2000,0.692,1.01,False,0.31800000000000006,0.30800000000000005,0.8955,0.8955,-0.20350000000000001,0.11449999999999999,0.0,0.0,0.318
rep0339,0.34,0.344,alg3,0.1,0.0,0.0,0.1,prop_127,1000,2000,0.14949999999999997,0.47050000000000003,True,0.32100000000000006,0.32100000000000006,0.353,0.353,-0.20350000000000001,0.11750000000000005,0.0,0.0,0.32100000000000006
rep0340,0.22,0.224,alg3,0.1,0.0,0.0,0.1,prop_127,1000,2000,0.043000000000000094,0.3635,True,0.3204999999999999,0.3204999999999999,0.2505,0.2505,-0.2074999999999999,0.11299999999999999,0.0,0.0,0.3204999999999999
rep0341,0.36,0.359,alg3,0.1,0.0,0.0,0.1,prop_127,1000,2000,0.11899999999999994,0.44649999999999995,True,0.3275,0.3275,0.348,0.348,-0.22900000000000004,0.09849999999999998,0.0,0.0,0.3275
rep0342,0.49,0.493,alg3,0.1,0.0,0.0,0.1,prop_127,1000,2000,0.38800000000000007,0.734,True,0.3459999999999999,0.3459999999999999,0.5985,0.5985,-0.21049999999999996,0.1355,0.0,0.0,0.346
rep0343,0.65,0.651,alg3,0.1,0.0,0.0,0.1,prop_127,1000,2000,0.4195,0.7799999999999999,True,0.36049999999999993,0.36049999999999993,0.6385,0.6385,-0.21899999999999997,0.14149999999999996,0.0,0.0,0.36049999999999993
rep0344,0.35,0.351,alg3,0.1,0.0,0.0,0.1,prop_127,1000,2000,0.1795,0.54,True,0.36050000000000004,0.36050000000000004,0.383,0.383,-0.20350000000000001,0.15699999999999997,0.0,0.0,0.3605
rep0345,0.96,0.957,alg3,0.1,0.0,0.0,0.1,prop_127,1000,2000,0.787,1.104,True,0.31700000000000006,0.21299999999999997,0.96,0.96,-0.17299999999999993,0.14400000000000002,0.0,0.0,0.31699999999999995
rep0346,0.85,0.852,alg3,0.1,0.0,0.0,0.1,prop_127,1000,2000,0.64,0.9795,True,0.3395,0.3395,0.881,0.881,-0.241,0.09850000000000003,0.0,0.0,0.3395
rep0347,0.38,0.382,alg3,0.1,0.0,0.0,0.1,prop_127,1000,2000,0.35000000000000003,0.6819999999999999,True,0.3319999999999999,0.3319999999999999,0.595,0.595,-0.24499999999999994,0.08699999999999997,0.0,0.0,0.3319999999999999
rep0348,0.41,0.415,alg3,0.1,0.0,0.0,0.1,prop_127,1000,2000,0.23650000000000004,0.5549999999999999,True,0.3184999999999999,0.3184999999999999,0.442,0.442,-0.20549999999999996,0.11299999999999999,0.0,0.0,0.31849999999999995
rep0349,0.83,0.826,alg3,0.1,0.0,0.0,0.1,prop_127,1000,2000,0.6495,1.02,True,0.37050000000000005,0.35050000000000003,0.898,0.898,-0.2485,0.122,0.0,0.0,0.3705
rep0350,0.37,0.368,alg3,0.1,0.0,0.0,0.1,prop_127,1000,2000,0.17850000000000005,0.5195000000000001,True,0.341,0.341,0.395,0.395,-0.21649999999999997,0.1245,0.0,0.0,0.34099999999999997
rep0351,0.65,0.651,alg3,0.1,0.0,0.0,0.1,prop_127,1000,2000,0.6539999999999999,0.9729999999999999,False,0.31899999999999995,0.31899999999999995,0.832,0.832,-0.178,0.14099999999999996,0.0,0.0,0.31899999999999995
rep0352,0.48,0.476,alg3,0.1,0.0,0.0,0.1,prop_127,1000,2000,0.4640000000000001,0.7865,True,0.3224999999999999,0.3224999999999999,0.658,0.658,-0.19399999999999995,0.1285,0.0,0.0,0.32249999999999995
rep0353,0.36,0.365,alg3,0.1,0.0,0.0,0.1,prop_127,1000,2000,0.29699999999999993,0.6094999999999999,True,0.3125,0.3125,0.5215,0.5215,-0.22450000000000003,0.08799999999999997,0.0,0.0,0.3125
rep0354,0.58,0.58,alg3,0.1,0.0,0.0,0.1,prop_127,1000,2000,0.346,0.6619999999999999,True,0.31599999999999995,0.31599999999999995,0.5635,0.5635,-0.21750000000000003,0.09849999999999998,0.0,0.0,0.316
rep0355,0.05,0.049,alg3,0.1,0.0,0.0,0.1,prop_127,1000,2000,-0.1535,0.13749999999999998,True,0.291,0.13749999999999998,0.042,0.042,-0.1955,0.09549999999999997,0.0,0.0,0.291
rep0356,0.82,0.824,alg3,0.1,0.0,0.0,0.1,prop_127,1000,2000,0.7164999999999999,0.99,True,0.2735000000000001,0.2735000000000001,0.8855,0.8855,-0.16900000000000004,0.10450000000000004,0.0,0.0,0.2735000000000001
rep0357,0.23,0.23,alg3,0.1,0.0,0.0,0.1,prop_127,1000,2000,0.050999999999999934,0.38599999999999995,True,0.335,0.335,0.2835,0.2835,-0.23250000000000004,0.10249999999999998,0.0,0.0,0.335
rep0358,0.53,0.534,alg3,0.1,0.0,0.0,0.1,prop_127,1000,2000,0.215,0.5655,True,0.35050000000000003,0.35050000000000003,0.4245,0.4245,-0.2095,0.14100000000000001,0.0,0.0,0.35050000000000003
rep0359,0.28,0.279,alg3,0.1,0.0,0.0,0.1,prop_127,1000,2000,0.0615,0.38950000000000007,True,0.32800000000000007,0.32800000000000007,0.264,0.264,-0.2025,0.12550000000000006,0.0,0.0,0.32800000000000007
rep0360,0.81,0.811,alg3,0.1,0.0,0.0,0.1,prop_127,1000,2000,0.5665,0.8340000000000001,True,0.26750000000000007,0.26750000000000007,0.752,0.752,-0.1855,0.08200000000000007,0.0,0.0,0.26750000000000007
rep0361,0.32,0.324,alg3,0.1,0.0,0.0,0.1,prop_127,1000,2000,-0.02749999999999997,0.3425,True,0.37,0.3425,0.236,0.236,-0.26349999999999996,0.10650000000000004,0.0,0.0,0.37
rep0362,0.94,0.939,alg3,0.1,0.0,0.0,0.1,prop_127,1000,2000,0.806,1.129,True,0.32299999999999995,0.19399999999999995,1.0,1.0,-0.19399999999999995,0.129,0.0,0.0,0.32299999999999995
rep0363,0.37,0.369,alg3,0.1,0.0,0.0,0.1,prop_127,1000,2000,0.13149999999999995,0.5109999999999999,True,0.37949999999999995,0.37949999999999995,0.3625,0.3625,-0.23100000000000004,0.14849999999999997,0.0,0.0,0.3795
rep0364,0.51,0.506,alg3,0.1,0.0,0.0,0.1,prop_127,1000,2000,0.4375,0.7805,True,0.34299999999999997,0.34299999999999997,0.634,0.634,-0.1965,0.14649999999999996,0.0,0.0,0.34299999999999997
rep0365,0.84,0.839,alg3,0.1,0.0,0.0,0.1,prop_127,1000,2000,0.6515,0.9744999999999999,True,0.32299999999999995,0.32299999999999995,0.853,0.853,-0.2015,0.1215,0.0,0.0,0.323
rep0366,0.14,0.145,alg3,0.1,0.0,0.0,0.1,prop_127,1000,2000,-0.031499999999999945,0.255,True,0.2865,0.255,0.152,0.152,-0.18349999999999994,0.10299999999999998,0.0,0.0,0.2864999999999999
rep0367,0.48,0.484,alg3,0.1,0.0,0.0,0.1,prop_127,1000,2000,0.2495,0.6385000000000001,True,0.38900000000000007,0.38900000000000007,0.461,0.461,-0.21150000000000002,0.1775,0.0,0.0,0.389
rep0368,0.41,0.405,alg3,0.1,0.0,0.0,0.1,prop_127,1000,2000,0.31550000000000006,0.6640000000000001,True,0.3485000000000001,0.3485000000000001,0.555,0.555,-0.2395,0.10900000000000004,0.0,0.0,0.34850000000000003
rep0369,0.38,0.378,alg3,0.1,0.0,0.0,0.1,prop_127,1000,2000,0.233,0.5885,True,0.35550000000000004,0.35550000000000004,0.4445,0.4445,-0.2115,0.14400000000000002,0.0,0.0,0.35550000000000004
rep0370,0.37,0.374,alg3,0.1,0.0,0.0,0.1,prop_127,1000,2000,0.16049999999999998,0.52,True,0.35950000000000004,0.35950000000000004,0.394,0.394,-0.23350000000000004,0.126,0.0,0.0,0.35950000000000004
rep0371,0.24,0.243,alg3,0.1,0.0,0.0,0.1,prop_127,1000,2000,0.05800000000000011,0.3925,True,0.3344999999999999,0.3344999999999999,0.2665,0.2665,-0.2084999999999999,0.126,0.0,0.0,0.3344999999999999
rep0372,0.20,0.195,alg3,0.1,0.0,0.0,0.1,prop_127,1000,2000,0.11450000000000005,0.4315,True,0.31699999999999995,0.31699999999999995,0.314,0.314,-0.19949999999999996,0.1175,0.0,0.0,0.31699999999999995
rep0373,0.63,0.628,alg3,0.1,0.0,0.0,0.1,prop_127,1000,2000,0.43200000000000005,0.743,True,0.31099999999999994,0.31099999999999994,0.657,0.657,-0.22499999999999998,0.08599999999999997,0.0,0.0,0.31099999999999994
rep0374,0.26,0.258,alg3,0.1,0.0,0.0,0.1,prop_127,1000,2000,0.07000000000000006,0.389,True,0.31899999999999995,0.31899999999999995,0.2625,0.2625,-0.19249999999999995,0.1265,0.0,0.0,0.31899999999999995
rep0375,0.55,0.545,alg3,0.1,0.0,0.0,0.1,prop_127,1000,2000,0.492,0.773,True,0.281,0.281,0.6875,0.6875,-0.1955,0.08549999999999999,0.0,0.0,0.281
rep0376,0.65,0.651,alg3,0.1,0.0,0.0,0.1,prop_127,1000,2000,0.656,0.9785,False,0.3225,0.3225,0.8565,0.8565,-0.2005,0.122,0.0,0.0,0.3225
rep0377,0.42,0.419,alg3,0.1,0.0,0.0,0.1,prop_127,1000,2000,0.3395,0.6465000000000001,True,0.30700000000000005,0.30700000000000005,0.529,0.529,-0.1895,0.1175,0.0,0.0,0.307
rep0378,0.20,0.199,alg3,0.1,0.0,0.0,0.1,prop_127,1000,2000,-0.02649999999999994,0.3075,True,0.33399999999999996,0.3075,0.21,0.21,-0.23649999999999993,0.09750000000000003,0.0,0.0,0.33399999999999996
rep0379,0.46,0.462,alg3,0.1,0.0,0.0,0.1,prop_127,1000,2000,0.21699999999999997,0.4915,True,0.2745,0.2745,0.4205,0.4205,-0.20350000000000001,0.07100000000000001,0.0,0.0,0.2745
rep0380,0.58,0.581,alg3,0.1,0.0,0.0,0.1,prop_127,1000,2000,0.249,0.6045,True,0.35550000000000004,0.35550000000000004,0.4685,0.4685,-0.21950000000000003,0.136,0.0,0.0,0.35550000000000004
rep0381,0.19,0.186,alg3,0.1,0.0,0.0,0.1,prop_127,1000,2000,0.15849999999999997,0.5579999999999999,True,0.39949999999999997,0.39949999999999997,0.4085,0.4085,-0.25,0.14949999999999997,0.0,0.0,0.39949999999999997
rep0382,0.33,0.333,alg3,0.1,0.0,0.0,0.1,prop_127,1000,2000,0.25299999999999995,0.575,True,0.322,0.322,0.453,0.453,-0.20000000000000007,0.122,0.0,0.0,0.32200000000000006
rep0383,0.46,0.461,alg3,0.1,0.0,0.0,0.1,prop_127,1000,2000,0.258,0.6275000000000001,True,0.36950000000000005,0.36950000000000005,0.501,0.501,-0.243,0.12650000000000003,0.0,0.0,0.36950000000000005
rep0384,0.46,0.462,alg3,0.1,0.0,0.0,0.1,prop_127,1000,2000,0.25050000000000006,0.626,True,0.37549999999999994,0.37549999999999994,0.5,0.5,-0.24949999999999994,0.126,0.0,0.0,0.37549999999999994
rep0385,0.89,0.89,alg3,0.1,0.0,0.0,0.1,prop_127,1000,2000,0.6379999999999999,0.9259999999999999,True,0.28800000000000003,0.28800000000000003,0.834,0.834,-0.19600000000000006,0.09199999999999997,0.0,0.0,0.28800000000000003
rep0386,0.42,0.416,alg3,0.1,0.0,0.0,0.1,prop_127,1000,2000,0.3155,0.6679999999999999,True,0.3524999999999999,0.3524999999999999,0.526,0.526,-0.21050000000000002,0.14199999999999996,0.0,0.0,0.3525
rep0387,0.65,0.653,alg3,0.1,0.0,0.0,0.1,prop_127,1000,2000,0.627,0.975,True,0.348,0.348,0.8305,0.8305,-0.20350000000000001,0.14449999999999996,0.0,0.0,0.348
rep0388,0.76,0.756,alg3,0.1,0.0,0.0,0.1,prop_127,1000,2000,0.4225,0.774,True,0.35150000000000003,0.35150000000000003,0.6595,0.6595,-0.237,0.11449999999999999,0.0,0.0,0.3515
rep0389,0.20,0.202,alg3,0.1,0.0,0.0,0.1,prop_127,1000,2000,0.22149999999999997,0.5675,False,0.34600000000000003,0.34600000000000003,0.451,0.451,-0.22950000000000004,0.11649999999999999,0.0,0.0,0.34600000000000003
rep0390,0.22,0.219,alg3,0.1,0.0,0.0,0.1,prop_127,1000,2000,0.055999999999999994,0.4165,True,0.3605,0.3605,0.282,0.282,-0.22599999999999998,0.1345,0.0,0.0,0.3605
rep0391,0.73,0.73,alg3,0.1,0.0,0.0,0.1,prop_127,1000,2000,0.5985,0.9349999999999999,True,0.3364999999999999,0.3364999999999999,0.8135,0.8135,-0.21499999999999997,0.12149999999999994,0.0,0.0,0.3364999999999999
rep0392,0.94,0.935,alg3,0.1,0.0,0.0,0.1,prop_127,1000,2000,0.5455,0.8899999999999999,False,0.3444999999999999,0.3444999999999999,0.7605,0.7605,-0.21499999999999997,0.1295,0.0,0.0,0.3445
rep0393,0.81,0.811,alg3,0.1,0.0,0.0,0.1,prop_127,1000,2000,0.662,1.0245000000000002,True,0.36250000000000016,0.33799999999999997,0.9,0.9,-0.238,0.12450000000000006,0.0,0.0,0.36250000000000004
rep0394,0.38,0.383,alg3,0.1,0.0,0.0,0.1,prop_127,1000,2000,0.09149999999999997,0.438,True,0.34650000000000003,0.34650000000000003,0.309,0.309,-0.21750000000000003,0.129,0.0,0.0,0.34650000000000003
rep0395,0.37,0.37,alg3,0.1,0.0,0.0,0.1,prop_127,1000,2000,0.41900000000000004,0.8175,False,0.39849999999999997,0.39849999999999997,0.662,0.662,-0.243,0.15549999999999997,0.0,0.0,0.39849999999999997
rep0396,0.67,0.668,alg3,0.1,0.0,0.0,0.1,prop_127,1000,2000,0.4804999999999999,0.7835,True,0.30300000000000005,0.30300000000000005,0.6775,0.6775,-0.19700000000000006,0.10599999999999998,0.0,0.0,0.30300000000000005
rep0397,0.15,0.15,alg3,0.1,0.0,0.0,0.1,prop_127,1000,2000,0.1595000000000001,0.491,False,0.3314999999999999,0.3314999999999999,0.382,0.382,-0.22249999999999992,0.10899999999999999,0.0,0.0,0.3314999999999999
rep0398,0.65,0.645,alg3,0.1,0.0,0.0,0.1,prop_127,1000,2000,0.512,0.8205,True,0.3085,0.3085,0.6825,0.6825,-0.17050000000000004,0.138,0.0,0.0,0.30850000000000005
rep0399,0.79,0.794,alg3,0.1,0.0,0.0,0.1,prop_127,1000,2000,0.7310000000000001,1.0585,True,0.3274999999999999,0.2689999999999999,0.934,0.934,-0.203,0.12449999999999994,0.0,0.0,0.32749999999999996
rep0400,0.48,0.478,alg3,0.1,0.0,0.0,0.1,prop_127,1000,2000,0.38049999999999995,0.714,True,0.3335,0.3335,0.603,0.603,-0.22250000000000003,0.11099999999999999,0.0,0.0,0.3335
rep0401,0.26,0.263,alg3,0.1,0.0,0.0,0.1,prop_127,1000,2000,0.2045,0.5395,True,0.33499999999999996,0.33499999999999996,0.432,0.432,-0.2275,0.10750000000000001,0.0,0.0,0.335
rep0402,0.69,0.687,alg3,0.1,0.0,0.0,0.1,prop_127,1000,2000,0.47550000000000003,0.8275,True,0.352,0.352,0.6985,0.6985,-0.22299999999999998,0.12899999999999998,0.0,0.0,0.352
rep0403,0.46,0.463,alg3,0.1,0.0,0.0,0.1,prop_127,1000,2000,0.277,0.5854999999999999,True,0.3084999999999999,0.3084999999999999,0.4915,0.4915,-0.21449999999999997,0.09399999999999997,0.0,0.0,0.30849999999999994
rep0404,0.20,0.199,alg3,0.1,0.0,0.0,0.1,prop_127,1000,2000,0.098,0.407,True,0.30899999999999994,0.30899999999999994,0.299,0.299,-0.20099999999999998,0.10799999999999998,0.0,0.0,0.30899999999999994
rep0405,0.41,0.415,alg3,0.1,0.0,0.0,0.1,prop_127,1000,2000,0.25500000000000006,0.5725,True,0.31749999999999995,0.31749999999999995,0.453,0.453,-0.19799999999999995,0.11950000000000002,0.0,0.0,0.3175
rep0406,0.47,0.472,alg3,0.1,0.0,0.0,0.1,prop_127,1000,2000,0.39249999999999996,0.7755000000000001,True,0.3830000000000001,0.3830000000000001,0.622,0.622,-0.22950000000000004,0.15350000000000003,0.0,0.0,0.38300000000000006
rep0407,0.44,0.44,alg3,0.1,0.0,0.0,0.1,prop_127,1000,2000,0.37650000000000006,0.7405,True,0.364,0.364,0.5985,0.5985,-0.22199999999999998,0.14200000000000002,0.0,0.0,0.364
rep0408,0.51,0.512,alg3,0.1,0.0,0.0,0.1,prop_127,1000,2000,0.20150000000000007,0.49500000000000005,False,0.2935,0.2935,0.4045,0.4045,-0.20299999999999996,0.09050000000000002,0.0,0.0,0.2935
rep0409,0.40,0.395,alg3,0.1,0.0,0.0,0.1,prop_127,1000,2000,0.13900000000000007,0.5055000000000001,True,0.3665,0.3665,0.3965,0.3965,-0.25749999999999995,0.10899999999999999,0.0,0.0,0.36649999999999994
rep0410,0.75,0.753,alg3,0.1,0.0,0.0,0.1,prop_127,1000,2000,0.5785,0.9025000000000001,True,0.32400000000000007,0.32400000000000007,0.779,0.779,-0.2005,0.12350000000000005,0.0,0.0,0.32400000000000007
rep0411,0.66,0.657,alg3,0.1,0.0,0.0,0.1,prop_127,1000,2000,0.632,0.9475,True,0.3155,0.3155,0.856,0.856,-0.22399999999999998,0.09150000000000003,0.0,0.0,0.3155
rep0412,0.29,0.286,alg3,0.1,0.0,0.0,0.1,prop_127,1000,2000,0.08349999999999996,0.4095,True,0.326,0.326,0.31,0.31,-0.22650000000000003,0.09949999999999998,0.0,0.0,0.326
rep0413,0.73,0.734,alg3,0.1,0.0,0.0,0.1,prop_127,1000,2000,0.5745,0.938,True,0.36349999999999993,0.36349999999999993,0.7865,0.7865,-0.21200000000000002,0.15149999999999997,0.0,0.0,0.3635
rep0414,0.79,0.789,alg3,0.1,0.0,0.0,0.1,prop_127,1000,2000,0.715,1.1005,True,0.38550000000000006,0.28500000000000003,0.957,0.957,-0.242,0.14350000000000007,0.0,0.0,0.38550000000000006
rep0415,0.55,0.549,alg3,0.1,0.0,0.0,0.1,prop_127,1000,2000,0.29799999999999993,0.6214999999999999,True,0.3235,0.3235,0.5055,0.5055,-0.20750000000000002,0.11599999999999999,0.0,0.0,0.3235
rep0416,0.25,0.251,alg3,0.1,0.0,0.0,0.1,prop_127,1000,2000,0.015499999999999958,0.36249999999999993,True,0.347,0.347,0.242,0.242,-0.22650000000000003,0.12049999999999997,0.0,0.0,0.347
rep0417,0.42,0.42,alg3,0.1,0.0,0.0,0.1,prop_127,1000,2000,0.19,0.515,True,0.325,0.325,0.407,0.407,-0.21699999999999997,0.10800000000000001,0.0,0.0,0.32499999999999996
rep0418,0.91,0.905,alg3,0.1,0.0,0.0,0.1,prop_127,1000,2000,0.635,0.9705,True,0.3355,0.3355,0.857,0.857,-0.22199999999999998,0.1135,0.0,0.0,0.33549999999999996
rep0419,0.60,0.6,alg3,0.1,0.0,0.0,0.1,prop_127,1000,2000,0.47050000000000003,0.8510000000000001,True,0.38050000000000006,0.38050000000000006,0.7055,0.7055,-0.235,0.14550000000000007,0.0,0.0,0.38050000000000006
rep0420,0.56,0.562,alg3,0.1,0.0,0.0,0.1,prop_127,1000,2000,0.38,0.6985,True,0.3185,0.3185,0.5765,0.5765,-0.1965,0.122,0.0,0.0,0.3185
rep0421,0.26,0.258,alg3,0.1,0.0,0.0,0.1,prop_127,1000,2000,-0.009000000000000008,0.3225,True,0.3315,0.3225,0.1875,0.1875,-0.1965,0.135,0.0,0.0,0.3315
rep0422,0.19,0.187,alg3,0.1,0.0,0.0,0.1,prop_127,1000,2000,-0.09900000000000006,0.265,True,0.3640000000000001,0.265,0.1625,0.1625,-0.26150000000000007,0.10249999999999998,0.0,0.0,0.36400000000000005
rep0423,0.82,0.825,alg3,0.1,0.0,0.0,0.1,prop_127,1000,2000,0.6795,0.986,True,0.3065,0.3065,0.8715,0.8715,-0.19200000000000006,0.11449999999999994,0.0,0.0,0.3065
rep0424,0.62,0.622,alg3,0.1,0.0,0.0,0.1,prop_127,1000,2000,0.483,0.8785,True,0.39549999999999996,0.39549999999999996,0.731,0.731,-0.248,0.14749999999999996,0.0,0.0,0.39549999999999996
rep0425,0.28,0.282,alg3,0.1,0.0,0.0,0.1,prop_127,1000,2000,0.07300000000000006,0.3955,True,0.32249999999999995,0.32249999999999995,0.264,0.264,-0.19099999999999995,0.1315,0.0,0.0,0.32249999999999995
rep0426,0.38,0.384,alg3,0.1,0.0,0.0,0.1,prop_127,1000,2000,0.48300000000000004,0.734,False,0.25099999999999995,0.25099999999999995,0.6715,0.6715,-0.18849999999999995,0.06250000000000003,0.0,0.0,0.251
rep0427,0.65,0.652,alg3,0.1,0.0,0.0,0.1,prop_127,1000,2000,0.405,0.7175,True,0.3125,0.3125,0.611,0.611,-0.206,0.10650000000000004,0.0,0.0,0.3125
rep0428,0.36,0.356,alg3,0.1,0.0,0.0,0.1,prop_127,1000,2000,0.14099999999999996,0.514,True,0.37300000000000005,0.37300000000000005,0.3615,0.3615,-0.22050000000000003,0.15249999999999997,0.0,0.0,0.373
rep0429,0.21,0.213,alg3,0.1,0.0,0.0,0.1,prop_127,1000,2000,0.15050000000000002,0.4765,True,0.32599999999999996,0.32599999999999996,0.361,0.361,-0.21049999999999996,0.11549999999999999,0.0,0.0,0.32599999999999996
rep0430,0.69,0.695,alg3,0.1,0.0,0.0,0.1,prop_127,1000,2000,0.5914999999999999,0.9304999999999999,True,0.33899999999999997,0.33899999999999997,0.82,0.82,-0.22849999999999998,0.11049999999999999,0.0,0.0,0.33899999999999997
rep0431,0.27,0.27,alg3,0.1,0.0,0.0,0.1,prop_127,1000,2000,0.17850000000000005,0.4735000000000001,True,0.29500000000000004,0.29500000000000004,0.3915,0.3915,-0.21299999999999997,0.08200000000000007,0.0,0.0,0.29500000000000004
rep0432,0.30,0.3,alg3,0.1,0.0,0.0,0.1,prop_127,1000,2000,0.22949999999999998,0.5865,True,0.35700000000000004,0.35700000000000004,0.4575,0.4575,-0.22800000000000004,0.12900000000000003,0.0,0.0,0.3570000000000001
rep0433,0.33,0.327,alg3,0.1,0.0,0.0,0.1,prop_127,1000,2000,0.18400000000000005,0.499,True,0.31499999999999995,0.31499999999999995,0.402,0.402,-0.21799999999999997,0.097,0.0,0.0,0.31499999999999995
rep0434,0.56,0.557,alg3,0.1,0.0,0.0,0.1,prop_127,1000,2000,0.487,0.8380000000000001,True,0.3510000000000001,0.3510000000000001,0.6895,0.6895,-0.2025,0.14850000000000002,0.0,0.0,0.35100000000000003
rep0435,0.04,0.042,alg3,0.1,0.0,0.0,0.1,prop_127,1000,2000,0.0024999999999999745,0.371,True,0.36850000000000005,0.36850000000000005,0.219,0.219,-0.21650000000000003,0.15200000000000002,0.0,0.0,0.36850000000000005
rep0436,0.13,0.129,alg3,0.1,0.0,0.0,0.1,prop_127,1000,2000,-0.022500000000000075,0.3055,True,0.32800000000000007,0.3055,0.1805,0.1805,-0.20300000000000007,0.125,0.0,0.0,0.32800000000000007
rep0437,0.25,0.254,alg3,0.1,0.0,0.0,0.1,prop_127,1000,2000,0.1945,0.5235000000000001,True,0.32900000000000007,0.32900000000000007,0.4235,0.4235,-0.22899999999999998,0.10000000000000003,0.0,0.0,0.329
rep0438,0.45,0.453,alg3,0.1,0.0,0.0,0.1,prop_127,1000,2000,0.2665,0.6134999999999999,True,0.3469999999999999,0.3469999999999999,0.4805,0.4805,-0.21399999999999997,0.133,0.0,0.0,0.347
rep0439,0.49,0.489,alg3,0.1,0.0,0.0,0.1,prop_127,1000,2000,0.1905,0.5295000000000001,True,0.3390000000000001,0.3390000000000001,0.414,0.414,-0.22349999999999998,0.11550000000000005,0.0,0.0,0.339
rep0440,0.51,0.506,alg3,0.1,0.0,0.0,0.1,prop_127,1000,2000,0.178,0.5495,True,0.3715,0.3715,0.4035,0.4035,-0.22550000000000003,0.146,0.0,0.0,0.37150000000000005
rep0441,0.04,0.036,alg3,0.1,0.0,0.0,0.1,prop_127,1000,2000,-0.13400000000000006,0.187,True,0.32100000000000006,0.187,0.079,0.079,-0.21300000000000008,0.10799999999999998,0.0,0.0,0.32100000000000006
rep0442,0.31,0.31,alg3,0.1,0.0,0.0,0.1,prop_127,1000,2000,0.21150000000000002,0.5545,True,0.34299999999999997,0.34299999999999997,0.4175,0.4175,-0.20599999999999996,0.137,0.0,0.0,0.34299999999999997
rep0443,0.36,0.364,alg3,0.1,0.0,0.0,0.1,prop_127,1000,2000,0.08100000000000002,0.39149999999999996,True,0.31049999999999994,0.31049999999999994,0.297,0.297,-0.21599999999999997,0.09449999999999997,0.0,0.0,0.31049999999999994
rep0444,0.55,0.545,alg3,0.1,0.0,0.0,0.1,prop_127,1000,2000,0.4585,0.7755,True,0.31699999999999995,0.31699999999999995,0.6515,0.6515,-0.19299999999999995,0.124,0.0,0.0,0.31699999999999995
rep0445,0.44,0.442,alg3,0.1,0.0,0.0,0.1,prop_127,1000,2000,0.185,0.5155000000000001,True,0.33050000000000007,0.33050000000000007,0.3955,0.3955,-0.21050000000000002,0.12,0.0,0.0,0.3305
rep0446,0.25,0.248,alg3,0.1,0.0,0.0,0.1,prop_127,1000,2000,-0.0905,0.256,True,0.34650000000000003,0.256,0.1645,0.1645,-0.255,0.0915,0.0,0.0,0.34650000000000003
rep0447,0.40,0.404,alg3,0.1,0.0,0.0,0.1,prop_127,1000,2000,0.38849999999999996,0.7045,True,0.31600000000000006,0.31600000000000006,0.607,0.607,-0.21850000000000003,0.09750000000000003,0.0,0.0,0.31600000000000006
rep0448,0.83,0.829,alg3,0.1,0.0,0.0,0.1,prop_127,1000,2000,0.744,1.0745,True,0.3305,0.256,0.963,0.963,-0.21899999999999997,0.11150000000000002,0.0,0.0,0.3305
rep0449,0.55,0.547,alg3,0.1,0.0,0.0,0.1,prop_127,1000,2000,0.4245,0.777,True,0.35250000000000004,0.35250000000000004,0.6475,0.6475,-0.22299999999999998,0.12950000000000006,0.0,0.0,0.35250000000000004
rep0450,0.94,0.942,alg3,0.1,0.0,0.0,0.1,prop_127,1000,2000,0.6244999999999999,0.989,True,0.36450000000000005,0.36450000000000005,0.876,0.876,-0.25150000000000006,0.113,0.0,0.0,0.36450000000000005
rep0451,0.42,0.418,alg3,0.1,0.0,0.0,0.1,prop_127,1000,2000,0.24,0.6315,True,0.39149999999999996,0.39149999999999996,0.484,0.484,-0.244,0.14749999999999996,0.0,0.0,0.39149999999999996
rep0452,0.56,0.563,alg3,0.1,0.0,0.0,0.1,prop_127,1000,2000,0.39,0.728,True,0.33799999999999997,0.33799999999999997,0.592,0.592,-0.20199999999999996,0.13599999999999998,0.0,0.0,0.33799999999999997
rep0453,0.13,0.133,alg3,0.1,0.0,0.0,0.1,prop_127,1000,2000,-0.1315,0.261,True,0.3925,0.261,0.105,0.105,-0.23650000000000002,0.156,0.0,0.0,0.3925
rep0454,0.51,0.514,alg3,0.1,0.0,0.0,0.1,prop_127,1000,2000,0.30500000000000005,0.6359999999999999,True,0.33099999999999985,0.33099999999999985,0.4975,0.4975,-0.19249999999999995,0.13849999999999996,0.0,0.0,0.3309999999999999
rep0455,0.77,0.766,alg3,0.1,0.0,0.0,0.1,prop_127,1000,2000,0.6255,0.983,True,0.35750000000000004,0.35750000000000004,0.849,0.849,-0.22350000000000003,0.134,0.0,0.0,0.35750000000000004
rep0456,0.86,0.856,alg3,0.1,0.0,0.0,0.1,prop_127,1000,2000,0.7365,1.0485,True,0.31199999999999994,0.26349999999999996,0.9285,0.9285,-0.19199999999999995,0.12,0.0,0.0,0.31199999999999994
rep0457,0.17,0.166,alg3,0.1,0.0,0.0,0.1,prop_127,1000,2000,0.022500000000000048,0.356,True,0.3334999999999999,0.3334999999999999,0.209,0.209,-0.18649999999999994,0.147,0.0,0.0,0.3334999999999999
rep0458,0.39,0.388,alg3,0.1,0.0,0.0,0.1,prop_127,1000,2000,0.368,0.7075,True,0.3395,0.3395,0.5795,0.5795,-0.21150000000000002,0.12799999999999997,0.0,0.0,0.3395
rep0459,0.23,0.225,alg3,0.1,0.0,0.0,0.1,prop_127,1000,2000,0.09800000000000003,0.4465,True,0.3485,0.3485,0.331,0.331,-0.23299999999999998,0.11549999999999999,0.0,0.0,0.3485
rep0460,0.38,0.384,alg3,0.1,0.0,0.0,0.1,prop_127,1000,2000,0.25100000000000006,0.687,True,0.436,0.436,0.4765,0.4765,-0.22549999999999992,0.21050000000000002,0.0,0.0,0.43599999999999994
rep0461,0.40,0.399,alg3,0.1,0.0,0.0,0.1,prop_127,1000,2000,0.2290000000000001,0.5885,True,0.35949999999999993,0.35949999999999993,0.4625,0.4625,-0.23349999999999993,0.126,0.0,0.0,0.35949999999999993
rep0462,0.25,0.254,alg3,0.1,0.0,0.0,0.1,prop_127,1000,2000,0.06900000000000006,0.37050000000000005,True,0.3015,0.3015,0.2705,0.2705,-0.20149999999999996,0.10000000000000003,0.0,0.0,0.3015
rep0463,0.45,0.453,alg3,0.1,0.0,0.0,0.1,prop_127,1000,2000,0.201,0.524,True,0.323,0.323,0.414,0.414,-0.21299999999999997,0.11000000000000004,0.0,0.0,0.323
rep0464,0.22,0.22,alg3,0.1,0.0,0.0,0.1,prop_127,1000,2000,0.14850000000000002,0.53,True,0.3815,0.3815,0.3735,0.3735,-0.22499999999999998,0.15650000000000003,0.0,0.0,0.3815
rep0465,0.36,0.361,alg3,0.1,0.0,0.0,0.1,prop_127,1000,2000,0.28850000000000003,0.5940000000000001,True,0.30550000000000005,0.30550000000000005,0.4895,0.4895,-0.20099999999999996,0.10450000000000004,0.0,0.0,0.3055
rep0466,0.29,0.29,alg3,0.1,0.0,0.0,0.1,prop_127,1000,2000,0.17900000000000005,0.5445,True,0.36549999999999994,0.36549999999999994,0.404,0.404,-0.22499999999999998,0.14049999999999996,0.0,0.0,0.36549999999999994
rep0467,0.65,0.654,alg3,0.1,0.0,0.0,0.1,prop_127,1000,2000,0.5075,0.8504999999999999,True,0.34299999999999997,0.34299999999999997,0.7525,0.7525,-0.245,0.098,0.0,0.0,0.34299999999999997
rep0468,0.22,0.222,alg3,0.1,0.0,0.0,0.1,prop_127,1000,2000,0.13150000000000006,0.4895,True,0.35799999999999993,0.35799999999999993,0.3375,0.3375,-0.20599999999999996,0.15199999999999997,0.0,0.0,0.35799999999999993
rep0469,0.21,0.21,alg3,0.1,0.0,0.0,0.1,prop_127,1000,2000,-0.007500000000000034,0.298,True,0.3055,0.298,0.2035,0.2035,-0.21100000000000002,0.0945,0.0,0.0,0.3055
rep0470,0.53,0.529,alg3,0.1,0.0,0.0,0.1,prop_127,1000,2000,0.357,0.7105,True,0.35350000000000004,0.35350000000000004,0.591,0.591,-0.234,0.11950000000000002,0.0,0.0,0.35350000000000004
rep0471,0.47,0.465,alg3,0.1,0.0,0.0,0.1,prop_127,1000,2000,0.14250000000000002,0.5055000000000001,True,0.36300000000000004,0.36300000000000004,0.385,0.385,-0.2425,0.1205,0.0,0.0,0.363
rep0472,0.49,0.491,alg3,0.1,0.0,0.0,0.1,prop_127,1000,2000,0.26,0.6485,True,0.38849999999999996,0.38849999999999996,0.495,0.495,-0.235,0.15349999999999997,0.0,0.0,0.38849999999999996
rep0473,0.55,0.547,alg3,0.1,0.0,0.0,0.1,prop_127,1000,2000,0.29150000000000004,0.589,True,0.29749999999999993,0.29749999999999993,0.503,0.503,-0.21149999999999997,0.086,0.0,0.0,0.2975
rep0474,0.53,0.526,alg3,0.1,0.0,0.0,0.1,prop_127,1000,2000,0.4385,0.7865000000000001,True,0.3480000000000001,0.3480000000000001,0.682,0.682,-0.24350000000000005,0.10450000000000001,0.0,0.0,0.3480000000000001
rep0475,0.42,0.423,alg3,0.1,0.0,0.0,0.1,prop_127,1000,2000,0.22200000000000003,0.5415000000000001,True,0.31950000000000006,0.31950000000000006,0.435,0.435,-0.21299999999999997,0.10650000000000004,0.0,0.0,0.3195
rep0476,0.86,0.861,alg3,0.1,0.0,0.0,0.1,prop_127,1000,2000,0.587,0.887,True,0.30000000000000004,0.30000000000000004,0.7825,0.7825,-0.1955,0.10450000000000004,0.0,0.0,0.30000000000000004
rep0477,0.85,0.851,alg3,0.1,0.0,0.0,0.1,prop_127,1000,2000,0.635,0.97,True,0.33499999999999996,0.33499999999999996,0.869,0.869,-0.23399999999999999,0.10099999999999999,0.0,0.0,0.33499999999999996
rep0478,0.57,0.574,alg3,0.1,0.0,0.0,0.1,prop_127,1000,2000,0.37749999999999995,0.729,True,0.35150000000000003,0.35150000000000003,0.589,0.589,-0.21150000000000002,0.14,0.0,0.0,0.35150000000000003
rep0479,0.20,0.203,alg3,0.1,0.0,0.0,0.1,prop_127,1000,2000,-0.0305,0.3375,True,0.368,0.3375,0.218,0.218,-0.2485,0.11950000000000005,0.0,0.0,0.36800000000000005
rep0480,0.55,0.548,alg3,0.1,0.0,0.0,0.1,prop_127,1000,2000,0.03550000000000003,0.3825,False,0.347,0.347,0.2745,0.2745,-0.239,0.10799999999999998,0.0,0.0,0.347
rep0481,0.30,0.301,alg3,0.1,0.0,0.0,0.1,prop_127,1000,2000,0.14150000000000001,0.484,True,0.34249999999999997,0.34249999999999997,0.3685,0.3685,-0.22699999999999998,0.11549999999999999,0.0,0.0,0.34249999999999997
rep0482,0.67,0.672,alg3,0.1,0.0,0.0,0.1,prop_127,1000,2000,0.48950000000000005,0.8250000000000001,True,0.3355,0.3355,0.7055,0.7055,-0.21599999999999997,0.11950000000000002,0.0,0.0,0.3355
rep0483,0.56,0.556,alg3,0.1,0.0,0.0,0.1,prop_127,1000,2000,0.47900000000000004,0.8005000000000001,True,0.32150000000000006,0.32150000000000006,0.7085,0.7085,-0.22949999999999998,0.09200000000000008,0.0,0.0,0.32150000000000006
rep0484,0.49,0.489,alg3,0.1,0.0,0.0,0.1,prop_127,1000,2000,0.33,0.649,True,0.319,0.319,0.5515,0.5515,-0.22149999999999997,0.09750000000000003,0.0,0.0,0.319
rep0485,0.22,0.216,alg3,0.1,0.0,0.0,0.1,prop_127,1000,2000,-0.07649999999999996,0.244,True,0.32049999999999995,0.244,0.131,0.131,-0.20749999999999996,0.11299999999999999,0.0,0.0,0.32049999999999995
rep0486,0.55,0.552,alg3,0.1,0.0,0.0,0.1,prop_127,1000,2000,0.4575,0.7585,True,0.30099999999999993,0.30099999999999993,0.665,0.665,-0.20750000000000002,0.09349999999999997,0.0,0.0,0.301
rep0487,0.80,0.8,alg3,0.1,0.0,0.0,0.1,prop_127,1000,2000,0.589,0.9205,True,0.3315,0.3315,0.7875,0.7875,-0.1985,0.133,0.0,0.0,0.3315
rep0488,0.33,0.334,alg3,0.1,0.0,0.0,0.1,prop_127,1000,2000,0.015500000000000014,0.4045,True,0.389,0.389,0.242,0.242,-0.22649999999999998,0.16250000000000003,0.0,0.0,0.389
rep0489,0.56,0.557,alg3,0.1,0.0,0.0,0.1,prop_127,1000,2000,0.4225,0.7829999999999999,True,0.36049999999999993,0.36049999999999993,0.653,0.653,-0.23050000000000004,0.12999999999999995,0.0,0.0,0.3605
rep0490,0.59,0.587,alg3,0.1,0.0,0.0,0.1,prop_127,1000,2000,0.44049999999999995,0.8109999999999999,True,0.3705,0.3705,0.697,0.697,-0.2565,0.11399999999999999,0.0,0.0,0.3705
rep0491,0.19,0.193,alg3,0.1,0.0,0.0,0.1,prop_127,1000,2000,-0.11249999999999996,0.22150000000000003,True,0.33399999999999996,0.22150000000000003,0.0885,0.0885,-0.20099999999999996,0.13300000000000003,0.0,0.0,0.33399999999999996
rep0492,0.93,0.934,alg3,0.1,0.0,0.0,0.1,prop_127,1000,2000,0.639,0.9724999999999999,True,0.3334999999999999,0.3334999999999999,0.829,0.829,-0.18999999999999995,0.14349999999999996,0.0,0.0,0.3334999999999999
rep0493,0.06,0.063,alg3,0.1,0.0,0.0,0.1,prop_127,1000,2000,-0.1795,0.20849999999999996,True,0.38799999999999996,0.20849999999999996,0.058,0.058,-0.2375,0.15049999999999997,0.0,0.0,0.38799999999999996
rep0494,0.25,0.254,alg3,0.1,0.0,0.0,0.1,prop_127,1000,2000,0.18849999999999995,0.4865,True,0.29800000000000004,0.29800000000000004,0.3875,0.3875,-0.19900000000000007,0.09899999999999998,0.0,0.0,0.29800000000000004
rep0495,0.64,0.644,alg3,0.1,0.0,0.0,0.1,prop_127,1000,2000,0.4569999999999999,0.8039999999999999,True,0.34700000000000003,0.34700000000000003,0.703,0.703,-0.24600000000000005,0.10099999999999998,0.0,0.0,0.34700000000000003
rep0496,0.72,0.722,alg3,0.1,0.0,0.0,0.1,prop_127,1000,2000,0.62,1.001,True,0.3809999999999999,0.38,0.856,0.856,-0.236,0.14499999999999996,0.0,0.0,0.38099999999999995
rep0497,0.48,0.484,alg3,0.1,0.0,0.0,0.1,prop_127,1000,2000,0.4465,0.784,True,0.3375,0.3375,0.674,0.674,-0.22750000000000004,0.10999999999999999,0.0,0.0,0.3375
rep0498,0.35,0.347,alg3,0.1,0.0,0.0,0.1,prop_127,1000,2000,0.3315000000000001,0.6880000000000001,True,0.3565,0.3565,0.562,0.562,-0.23049999999999998,0.126,0.0,0.0,0.3565
rep0499,0.42,0.421,alg3,0.1,0.0,0.0,0.1,prop_127,1000,2000,0.49450000000000005,0.838,False,0.3434999999999999,0.3434999999999999,0.6685,0.6685,-0.17399999999999993,0.1695,0.0,0.0,0.3434999999999999
rep0500,0.54,0.54,alg3,0.1,0.0,0.0,0.1,prop_127,1000,2000,0.37450000000000006,0.6990000000000001,True,0.3245,0.3245,0.5905,0.5905,-0.216,0.10849999999999999,0.0,0.0,0.3245
rep0501,0.64,0.644,alg3,0.1,0.0,0.0,0.1,prop_127,1000,2000,0.5235,0.837,True,0.3135,0.3135,0.715,0.715,-0.1915,0.122,0.0,0.0,0.3135
rep0502,0.77,0.768,alg3,0.1,0.0,0.0,0.1,prop_127,1000,2000,0.7805000000000001,1.1715,False,0.3909999999999999,0.21949999999999992,0.9915,0.9915,-0.211,0.18,0.0,0.0,0.391
rep0503,0.78,0.784,alg3,0.1,0.0,0.0,0.1,prop_127,1000,2000,0.6905,1.008,True,0.3175,0.3095,0.883,0.883,-0.1925,0.125,0.0,0.0,0.3175
rep0504,0.54,0.543,alg3,0.1,0.0,0.0,0.1,prop_127,1000,2000,0.36300000000000004,0.666,True,0.303,0.303,0.558,0.558,-0.195,0.10799999999999998,0.0,0.0,0.303
rep0505,0.50,0.503,alg3,0.1,0.0,0.0,0.1,prop_127,1000,2000,0.43900000000000006,0.729,True,0.2899999999999999,0.2899999999999999,0.636,0.636,-0.19699999999999995,0.093,0.0,0.0,0.2899999999999999
rep0506,0.83,0.834,alg3,0.1,0.0,0.0,0.1,prop_127,1000,2000,0.6565,0.987,True,0.3305,0.3305,0.9105,0.9105,-0.254,0.07650000000000001,0.0,0.0,0.3305
rep0507,0.51,0.51,alg3,0.1,0.0,0.0,0.1,prop_127,1000,2000,0.4515,0.7655000000000001,True,0.31400000000000006,0.31400000000000006,0.664,0.664,-0.21250000000000002,0.10149999999999998,0.0,0.0,0.314
rep0508,0.51,0.505,alg3,0.1,0.0,0.0,0.1,prop_127,1000,2000,0.591,0.9375,False,0.34650000000000003,0.34650000000000003,0.8195,0.8195,-0.2285,0.118,0.0,0.0,0.34650000000000003
rep0509,0.71,0.709,alg3,0.1,0.0,0.0,0.1,prop_127,1000,2000,0.6705,1.0175,True,0.3470000000000001,0.3295,0.907,0.907,-0.23650000000000002,0.11050000000000004,0.0,0.0,0.3470000000000001
rep0510,0.39,0.389,alg3,0.1,0.0,0.0,0.1,prop_127,1000,2000,0.09899999999999998,0.4105,True,0.3115,0.3115,0.296,0.296,-0.197,0.11449999999999999,0.0,0.0,0.3115
rep0511,0.60,0.599,alg3,0.1,0.0,0.0,0.1,prop_127,1000,2000,0.49,0.7815,True,0.2915,0.2915,0.7075,0.7075,-0.21750000000000003,0.07399999999999995,0.0,0.0,0.2915
rep0512,0.71,0.713,alg3,0.1,0.0,0.0,0.1,prop_127,1000,2000,0.5594999999999999,0.8544999999999999,True,0.29500000000000004,0.29500000000000004,0.7525,0.7525,-0.19300000000000006,0.10199999999999998,0.0,0.0,0.29500000000000004
rep0513,0.72,0.725,alg3,0.1,0.0,0.0,0.1,prop_127,1000,2000,0.5835,0.9155,True,0.33199999999999996,0.33199999999999996,0.8145,0.8145,-0.23099999999999998,0.101,0.0,0.0,0.33199999999999996
rep0514,0.41,0.411,alg3,0.1,0.0,0.0,0.1,prop_127,1000,2000,0.19849999999999995,0.563,True,0.3645,0.3645,0.411,0.411,-0.21250000000000002,0.15200000000000002,0.0,0.0,0.36450000000000005
rep0515,0.18,0.181,alg3,0.1,0.0,0.0,0.1,prop_127,1000,2000,-0.044499999999999984,0.28800000000000003,True,0.3325,0.28800000000000003,0.163,0.163,-0.2075,0.125,0.0,0.0,0.3325
rep0516,0.61,0.606,alg3,0.1,0.0,0.0,0.1,prop_127,1000,2000,0.49250000000000005,0.7935000000000001,True,0.30100000000000005,0.30100000000000005,0.686,0.686,-0.1935,0.10749999999999998,0.0,0.0,0.301
rep0517,0.18,0.183,alg3,0.1,0.0,0.0,0.1,prop_127,1000,2000,-0.02149999999999999,0.368,True,0.38949999999999996,0.368,0.2335,0.2335,-0.255,0.13449999999999995,0.0,0.0,0.38949999999999996
rep0518,0.46,0.457,alg3,0.1,0.0,0.0,0.1,prop_127,1000,2000,0.45599999999999996,0.854,True,0.398,0.398,0.722,0.722,-0.266,0.132,0.0,0.0,0.398
rep0519,0.35,0.355,alg3,0.1,0.0,0.0,0.1,prop_127,1000,2000,0.19649999999999995,0.506,True,0.30950000000000005,0.30950000000000005,0.4135,0.4135,-0.21700000000000003,0.09249999999999997,0.0,0.0,0.3095
rep0520,0.32,0.32,alg3,0.1,0.0,0.0,0.1,prop_127,1000,2000,0.37499999999999994,0.702,False,0.327,0.327,0.604,0.604,-0.22900000000000004,0.09799999999999999,0.0,0.0,0.327
rep0521,0.29,0.291,alg3,0.1,0.0,0.0,0.1,prop_127,1000,2000,0.16850000000000004,0.471,True,0.30249999999999994,0.30249999999999994,0.383,0.383,-0.21449999999999997,0.08799999999999997,0.0,0.0,0.30249999999999994
rep0522,0.55,0.552,alg3,0.1,0.0,0.0,0.1,prop_127,1000,2000,0.439,0.804,True,0.36500000000000005,0.36500000000000005,0.6655,0.6655,-0.22649999999999998,0.1385,0.0,0.0,0.365
rep0523,0.38,0.383,alg3,0.1,0.0,0.0,0.1,prop_127,1000,2000,0.34399999999999986,0.675,True,0.3310000000000002,0.3310000000000002,0.569,0.569,-0.2250000000000001,0.1060000000000001,0.0,0.0,0.3310000000000002
rep0524,0.28,0.28,alg3,0.1,0.0,0.0,0.1,prop_127,1000,2000,-0.005999999999999978,0.299,True,0.30499999999999994,0.299,0.201,0.201,-0.207,0.09799999999999998,0.0,0.0,0.30499999999999994
rep0525,0.53,0.527,alg3,0.1,0.0,0.0,0.1,prop_127,1000,2000,0.47350000000000003,0.8465,True,0.373,0.373,0.7155,0.7155,-0.24200000000000002,0.13099999999999995,0.0,0.0,0.373
rep0526,0.39,0.388,alg3,0.1,0.0,0.0,0.1,prop_127,1000,2000,0.30549999999999994,0.6764999999999999,True,0.37099999999999994,0.37099999999999994,0.5035,0.5035,-0.198,0.173,0.0,0.0,0.371
rep0527,0.66,0.656,alg3,0.1,0.0,0.0,0.1,prop_127,1000,2000,0.39899999999999997,0.765,True,0.36600000000000005,0.36600000000000005,0.624,0.624,-0.22500000000000003,0.141,0.0,0.0,0.366
rep0528,0.43,0.428,alg3,0.1,0.0,0.0,0.1,prop_127,1000,2000,0.278,0.593,True,0.31499999999999995,0.31499999999999995,0.495,0.495,-0.217,0.09800000000000003,0.0,0.0,0.31500000000000006
rep0529,0.32,0.321,alg3,0.1,0.0,0.0,0.1,prop_127,1000,2000,0.16700000000000004,0.508,True,0.34099999999999997,0.34099999999999997,0.398,0.398,-0.23099999999999998,0.10999999999999999,0.0,0.0,0.34099999999999997
rep0530,0.57,0.571,alg3,0.1,0.0,0.0,0.1,prop_127,1000,2000,0.34349999999999997,0.728,True,0.3845,0.3845,0.5985,0.5985,-0.25500000000000006,0.12949999999999995,0.0,0.0,0.3845
rep0531,0.11,0.106,alg3,0.1,0.0,0.0,0.1,prop_127,1000,2000,-0.1985,0.16450000000000004,True,0.36300000000000004,0.16450000000000004,0.048,0.048,-0.2465,0.11650000000000005,0.0,0.0,0.36300000000000004
rep0532,0.32,0.315,alg3,0.1,0.0,0.0,0.1,prop_127,1000,2000,0.19099999999999995,0.522,True,0.33100000000000007,0.33100000000000007,0.389,0.389,-0.19800000000000006,0.13300000000000006,0.0,0.0,0.3310000000000001
rep0533,0.21,0.211,alg3,0.1,0.0,0.0,0.1,prop_127,1000,2000,-0.03700000000000006,0.30700000000000005,True,0.3440000000000001,0.30700000000000005,0.2135,0.2135,-0.25050000000000006,0.09350000000000003,0.0,0.0,0.3440000000000001
rep0534,0.82,0.821,alg3,0.1,0.0,0.0,0.1,prop_127,1000,2000,0.6825,1.0455,True,0.3630000000000001,0.3175,0.914,0.914,-0.23150000000000004,0.13150000000000006,0.0,0.0,0.3630000000000001
rep0535,0.68,0.68,alg3,0.1,0.0,0.0,0.1,prop_127,1000,2000,0.532,0.869,True,0.33699999999999997,0.33699999999999997,0.731,0.731,-0.19899999999999995,0.138,0.0,0.0,0.33699999999999997
rep0536,0.39,0.387,alg3,0.1,0.0,0.0,0.1,prop_127,1000,2000,0.049500000000000044,0.431,True,0.38149999999999995,0.38149999999999995,0.304,0.304,-0.25449999999999995,0.127,0.0,0.0,0.38149999999999995
rep0537,0.46,0.461,alg3,0.1,0.0,0.0,0.1,prop_127,1000,2000,0.23349999999999999,0.583,True,0.3495,0.3495,0.4735,0.4735,-0.24,0.10950000000000001,0.0,0.0,0.34950000000000003
rep0538,0.56,0.56,alg3,0.1,0.0,0.0,0.1,prop_127,1000,2000,0.2905,0.6219999999999999,True,0.3314999999999999,0.3314999999999999,0.5125,0.5125,-0.22199999999999998,0.10949999999999993,0.0,0.0,0.3314999999999999
rep0539,0.62,0.616,alg3,0.1,0.0,0.0,0.1,prop_127,1000,2000,0.45999999999999996,0.7444999999999999,True,0.2845,0.2845,0.6425,0.6425,-0.1825,0.10199999999999998,0.0,0.0,0.2845
rep0540,0.43,0.427,alg3,0.1,0.0,0.0,0.1,prop_127,1000,2000,0.09849999999999998,0.4115,False,0.313,0.313,0.3055,0.3055,-0.20700000000000002,0.10599999999999998,0.0,0.0,0.313
rep0541,0.10,0.103,alg3,0.1,0.0,0.0,0.1,prop_127,1000,2000,-0.11700000000000008,0.247,True,0.3640000000000001,0.247,0.095,0.095,-0.21200000000000008,0.152,0.0,0.0,0.3640000000000001
rep0542,0.14,0.145,alg3,0.1,0.0,0.0,0.1,prop_127,1000,2000,-0.038500000000000034,0.31749999999999995,True,0.356,0.31749999999999995,0.184,0.184,-0.22250000000000003,0.13349999999999995,0.0,0.0,0.356
rep0543,0.71,0.707,alg3,0.1,0.0,0.0,0.1,prop_127,1000,2000,0.631,0.9604999999999999,True,0.3294999999999999,0.3294999999999999,0.846,0.846,-0.21499999999999997,0.11449999999999994,0.0,0.0,0.3294999999999999
rep0544,0.77,0.766,alg3,0.1,0.0,0.0,0.1,prop_127,1000,2000,0.5395,0.8725,True,0.3330000000000001,0.3330000000000001,0.747,0.747,-0.20750000000000002,0.1255,0.0,0.0,0.333
rep0545,0.71,0.706,alg3,0.1,0.0,0.0,0.1,prop_127,1000,2000,0.5275,0.8125,True,0.28500000000000003,0.28500000000000003,0.7025,0.7025,-0.17500000000000004,0.11000000000000001,0.0,0.0,0.28500000000000003
rep0546,0.98,0.978,alg3,0.1,0.0,0.0,0.1,prop_127,1000,2000,0.73,1.03,True,0.30000000000000004,0.27,0.912,0.912,-0.18200000000000005,0.118,0.0,0.0,0.30000000000000004
rep0547,0.58,0.585,alg3,0.1,0.0,0.0,0.1,prop_127,1000,2000,0.517,0.859,True,0.34199999999999997,0.34199999999999997,0.735,0.735,-0.21799999999999997,0.124,0.0,0.0,0.34199999999999997
rep0548,0.44,0.44,alg3,0.1,0.0,0.0,0.1,prop_127,1000,2000,0.3325,0.6325,True,0.29999999999999993,0.29999999999999993,0.5345,0.5345,-0.20199999999999996,0.09799999999999998,0.0,0.0,0.29999999999999993
rep0549,0.63,0.626,alg3,0.1,0.0,0.0,0.1,prop_127,1000,2000,0.41800000000000004,0.779,True,0.361,0.361,0.6555,0.6555,-0.23749999999999993,0.12350000000000005,0.0,0.0,0.361
rep0550,0.27,0.265,alg3,0.1,0.0,0.0,0.1,prop_127,1000,2000,0.24000000000000005,0.6014999999999999,True,0.3614999999999999,0.3614999999999999,0.4795,0.4795,-0.23949999999999994,0.122,0.0,0.0,0.36149999999999993
rep0551,0.56,0.558,alg3,0.1,0.0,0.0,0.1,prop_127,1000,2000,0.32200000000000006,0.662,True,0.33999999999999997,0.33999999999999997,0.52,0.52,-0.19799999999999995,0.14200000000000002,0.0,0.0,0.33999999999999997
rep0552,0.83,0.829,alg3,0.1,0.0,0.0,0.1,prop_127,1000,2000,0.6729999999999999,0.977,True,0.30400000000000005,0.30400000000000005,0.877,0.877,-0.20400000000000007,0.09999999999999998,0.0,0.0,0.30400000000000005
rep0553,0.11,0.107,alg3,0.1,0.0,0.0,0.1,prop_127,1000,2000,0.07950000000000002,0.431,True,0.3515,0.3515,0.319,0.319,-0.2395,0.11199999999999999,0.0,0.0,0.3515
rep0554,0.93,0.932,alg3,0.1,0.0,0.0,0.1,prop_127,1000,2000,0.5710000000000001,0.8859999999999999,False,0.31499999999999984,0.31499999999999984,0.779,0.779,-0.20799999999999996,0.10699999999999993,0.0,0.0,0.3149999999999999
rep0555,0.32,0.323,alg3,0.1,0.0,0.0,0.1,prop_127,1000,2000,0.17200000000000004,0.4905,True,0.31849999999999995,0.31849999999999995,0.3815,0.3815,-0.20949999999999996,0.10899999999999999,0.0,0.0,0.31849999999999995
rep0556,0.18,0.18,alg3,0.1,0.0,0.0,0.1,prop_127,1000,2000,0.014499999999999902,0.34400000000000003,True,0.3295000000000001,0.3295000000000001,0.2345,0.2345,-0.22000000000000008,0.10950000000000004,0.0,0.0,0.3295000000000001
rep0557,0.45,0.449,alg3,0.1,0.0,0.0,0.1,prop_127,1000,2000,0.365,0.667,True,0.30200000000000005,0.30200000000000005,0.5895,0.5895,-0.22450000000000003,0.07750000000000001,0.0,0.0,0.30200000000000005
rep0558,0.23,0.227,alg3,0.1,0.0,0.0,0.1,prop_127,1000,2000,0.009000000000000008,0.334,True,0.325,0.325,0.2385,0.2385,-0.22949999999999998,0.09550000000000003,0.0,0.0,0.325
rep0559,0.48,0.48,alg3,0.1,0.0,0.0,0.1,prop_127,1000,2000,0.3025,0.6145,True,0.31200000000000006,0.31200000000000006,0.512,0.512,-0.20950000000000002,0.10250000000000004,0.0,0.0,0.31200000000000006
rep0560,0.63,0.628,alg3,0.1,0.0,0.0,0.1,prop_127,1000,2000,0.40650000000000003,0.7755000000000001,True,0.36900000000000005,0.36900000000000005,0.638,0.638,-0.23149999999999998,0.13750000000000007,0.0,0.0,0.36900000000000005
rep0561,0.43,0.426,alg3,0.1,0.0,0.0,0.1,prop_127,1000,2000,0.06949999999999995,0.409,False,0.3395,0.3395,0.284,0.284,-0.21450000000000002,0.125,0.0,0.0,0.3395
rep0562,0.33,0.329,alg3,0.1,0.0,0.0,0.1,prop_127,1000,2000,0.2425,0.5760000000000001,True,0.3335000000000001,0.3335000000000001,0.4705,0.4705,-0.22799999999999998,0.10550000000000004,0.0,0.0,0.3335
rep0563,0.58,0.584,alg3,0.1,0.0,0.0,0.1,prop_127,1000,2000,0.18100000000000005,0.5569999999999999,False,0.3759999999999999,0.3759999999999999,0.401,0.401,-0.21999999999999997,0.15599999999999997,0.0,0.0,0.37599999999999995
rep0564,0.20,0.195,alg3,0.1,0.0,0.0,0.1,prop_127,1000,2000,0.02349999999999991,0.38699999999999996,True,0.36350000000000005,0.36350000000000005,0.2485,0.2485,-0.2250000000000001,0.13849999999999996,0.0,0.0,0.36350000000000005
rep0565,0.67,0.667,alg3,0.1,0.0,0.0,0.1,prop_127,1000,2000,0.5005,0.836,True,0.3355,0.3355,0.71,0.71,-0.20950000000000002,0.126,0.0,0.0,0.3355
rep0566,0.47,0.468,alg3,0.1,0.0,0.0,0.1,prop_127,1000,2000,0.22800000000000004,0.5375,True,0.30949999999999994,0.30949999999999994,0.415,0.415,-0.18699999999999994,0.1225,0.0,0.0,0.30949999999999994
rep0567,0.40,0.398,alg3,0.1,0.0,0.0,0.1,prop_127,1000,2000,0.2735,0.6105,True,0.337,0.337,0.4875,0.4875,-0.21399999999999997,0.123,0.0,0.0,0.33699999999999997
rep0568,0.42,0.425,alg3,0.1,0.0,0.0,0.1,prop_127,1000,2000,0.28700000000000003,0.6234999999999999,True,0.3364999999999999,0.3364999999999999,0.5075,0.5075,-0.22049999999999992,0.11599999999999999,0.0,0.0,0.3364999999999999
rep0569,0.66,0.657,alg3,0.1,0.0,0.0,0.1,prop_127,1000,2000,0.47000000000000003,0.8255,True,0.3555,0.3555,0.7025,0.7025,-0.23249999999999998,0.123,0.0,0.0,0.3555
rep0570,0.76,0.756,alg3,0.1,0.0,0.0,0.1,prop_127,1000,2000,0.756,1.0345,True,0.27849999999999997,0.244,0.9645,0.9645,-0.20850000000000007,0.07,0.0,0.0,0.2785000000000001
rep0571,0.93,0.931,alg3,0.1,0.0,0.0,0.1,prop_127,1000,2000,0.7555,1.082,True,0.3265000000000001,0.24450000000000005,0.98,0.98,-0.22450000000000003,0.10200000000000001,0.0,0.0,0.3265
rep0572,0.75,0.754,alg3,0.1,0.0,0.0,0.1,prop_127,1000,2000,0.475,0.8435,True,0.36850000000000005,0.36850000000000005,0.714,0.714,-0.239,0.12950000000000006,0.0,0.0,0.36850000000000005
rep0573,0.74,0.745,alg3,0.1,0.0,0.0,0.1,prop_127,1000,2000,0.5735,0.932,True,0.35850000000000004,0.35850000000000004,0.794,0.794,-0.2205,0.138,0.0,0.0,0.35850000000000004
rep0574,0.54,0.542,alg3,0.1,0.0,0.0,0.1,prop_127,1000,2000,0.6809999999999999,1.016,False,0.3350000000000001,0.31900000000000006,0.8795,0.8795,-0.1985,0.1365,0.0,0.0,0.335
rep0575,0.60,0.601,alg3,0.1,0.0,0.0,0.1,prop_127,1000,2000,0.4694999999999999,0.815,True,0.34550000000000003,0.34550000000000003,0.696,0.696,-0.2265,0.119,0.0,0.0,0.34550000000000003
rep0576,0.54,0.537,alg3,0.1,0.0,0.0,0.1,prop_127,1000,2000,0.38949999999999996,0.721,True,0.3315,0.3315,0.614,0.614,-0.2245,0.10700000000000001,0.0,0.0,0.3315
rep0577,0.25,0.251,alg3,0.1,0.0,0.0,0.1,prop_127,1000,2000,0.027000000000000052,0.34299999999999997,True,0.31599999999999995,0.31599999999999995,0.214,0.214,-0.18699999999999994,0.12899999999999998,0.0,0.0,0.31599999999999995
rep0578,0.63,0.631,alg3,0.1,0.0,0.0,0.1,prop_127,1000,2000,0.5375,0.8679999999999999,True,0.3304999999999999,0.3304999999999999,0.743,0.743,-0.20550000000000002,0.12499999999999994,0.0,0.0,0.33049999999999996
rep0579,0.47,0.47,alg3,0.1,0.0,0.0,0.1,prop_127,1000,2000,0.27049999999999996,0.629,True,0.35850000000000004,0.35850000000000004,0.489,0.489,-0.21850000000000003,0.13999999999999999,0.0,0.0,0.35850000000000004
rep0580,0.57,0.568,alg3,0.1,0.0,0.0,0.1,prop_127,1000,2000,0.43649999999999994,0.7475,True,0.3110000000000001,0.3110000000000001,0.6375,0.6375,-0.201,0.11000000000000004,0.0,0.0,0.31100000000000005
rep0581,0.74,0.736,alg3,0.1,0.0,0.0,0.1,prop_127,1000,2000,0.6825,0.9935,True,0.31100000000000005,0.31100000000000005,0.9025,0.9025,-0.21999999999999997,0.09100000000000003,0.0,0.0,0.311
rep0582,0.47,0.469,alg3,0.1,0.0,0.0,0.1,prop_127,1000,2000,0.6475000000000001,0.9430000000000001,False,0.2955,0.2955,0.8565,0.8565,-0.20899999999999996,0.0865,0.0,0.0,0.2955
rep0583,0.50,0.504,alg3,0.1,0.0,0.0,0.1,prop_127,1000,2000,0.33799999999999997,0.6890000000000001,True,0.3510000000000001,0.3510000000000001,0.5695,0.5695,-0.23150000000000004,0.11950000000000005,0.0,0.0,0.3510000000000001
rep0584,0.47,0.475,alg3,0.1,0.0,0.0,0.1,prop_127,1000,2000,0.526,0.8714999999999999,False,0.3454999999999999,0.3454999999999999,0.743,0.743,-0.21700000000000003,0.1285,0.0,0.0,0.34550000000000003
rep0585,0.50,0.5,alg3,0.1,0.0,0.0,0.1,prop_127,1000,2000,0.15449999999999997,0.502,True,0.34750000000000003,0.34750000000000003,0.3975,0.3975,-0.24300000000000005,0.10450000000000004,0.0,0.0,0.3475000000000001
rep0586,0.83,0.835,alg3,0.1,0.0,0.0,0.1,prop_127,1000,2000,0.6925000000000001,1.069,True,0.37649999999999983,0.3074999999999999,0.921,0.921,-0.22849999999999993,0.14800000000000002,0.0,0.0,0.37649999999999995
rep0587,0.17,0.17,alg3,0.1,0.0,0.0,0.1,prop_127,1000,2000,0.17450000000000004,0.517,False,0.34249999999999997,0.34249999999999997,0.3925,0.3925,-0.21799999999999997,0.12450000000000003,0.0,0.0,0.3425
rep0588,0.64,0.641,alg3,0.1,0.0,0.0,0.1,prop_127,1000,2000,0.5950000000000001,0.923,True,0.32799999999999996,0.32799999999999996,0.776,0.776,-0.18099999999999994,0.14700000000000002,0.0,0.0,0.32799999999999996
rep0589,0.45,0.447,alg3,0.1,0.0,0.0,0.1,prop_127,1000,2000,0.22599999999999998,0.5760000000000001,True,0.3500000000000001,0.3500000000000001,0.454,0.454,-0.22800000000000004,0.122,0.0,0.0,0.35000000000000003
rep0590,0.70,0.696,alg3,0.1,0.0,0.0,0.1,prop_127,1000,2000,0.584,0.8855,True,0.3015,0.3015,0.7855,0.7855,-0.2015,0.09999999999999998,0.0,0.0,0.3015
rep0591,0.36,0.359,alg3,0.1,0.0,0.0,0.1,prop_127,1000,2000,0.18849999999999995,0.5065000000000001,True,0.3180000000000001,0.3180000000000001,0.3945,0.3945,-0.20600000000000007,0.112,0.0,0.0,0.31800000000000006
rep0592,0.47,0.465,alg3,0.1,0.0,0.0,0.1,prop_127,1000,2000,0.3265,0.6595000000000001,True,0.3330000000000001,0.3330000000000001,0.561,0.561,-0.23450000000000001,0.09850000000000003,0.0,0.0,0.3330000000000001
rep0593,0.80,0.804,alg3,0.1,0.0,0.0,0.1,prop_127,1000,2000,0.6285000000000001,0.9445,True,0.31599999999999995,0.31599999999999995,0.8495,0.8495,-0.22100000000000003,0.09499999999999997,0.0,0.0,0.316
rep0594,0.14,0.143,alg3,0.1,0.0,0.0,0.1,prop_127,1000,2000,0.1345,0.4785,True,0.344,0.344,0.3485,0.3485,-0.21399999999999997,0.13,0.0,0.0,0.344
rep0595,0.52,0.52,alg3,0.1,0.0,0.0,0.1,prop_127,1000,2000,0.42199999999999993,0.7274999999999999,True,0.3055,0.3055,0.6325,0.6325,-0.21050000000000002,0.09499999999999997,0.0,0.0,0.3055
rep0596,0.46,0.456,alg3,0.1,0.0,0.0,0.1,prop_127,1000,2000,0.35050000000000003,0.6465000000000001,True,0.29600000000000004,0.29600000000000004,0.545,0.545,-0.1945,0.10150000000000003,0.0,0.0,0.29600000000000004
rep0597,0.69,0.686,alg3,0.1,0.0,0.0,0.1,prop_127,1000,2000,0.48050000000000004,0.8500000000000001,True,0.36950000000000005,0.36950000000000005,0.7065,0.7065,-0.22599999999999998,0.14350000000000002,0.0,0.0,0.3695
rep0598,0.13,0.127,alg3,0.1,0.0,0.0,0.1,prop_127,1000,2000,-0.154,0.20749999999999993,True,0.36149999999999993,0.20749999999999993,0.096,0.096,-0.25,0.11149999999999993,0.0,0.0,0.36149999999999993
rep0599,0.24,0.241,alg3,0.1,0.0,0.0,0.1,prop_127,1000,2000,0.07899999999999996,0.452,True,0.37300000000000005,0.37300000000000005,0.292,0.292,-0.21300000000000002,0.16000000000000003,0.0,0.0,0.37300000000000005
rep0600,0.50,0.496,alg3,0.1,0.0,0.0,0.1,prop_127,1000,2000,0.2885,0.6379999999999999,True,0.3494999999999999,0.3494999999999999,0.5035,0.5035,-0.21499999999999997,0.1345,0.0,0.0,0.3495
rep0601,0.67,0.667,alg3,0.1,0.0,0.0,0.1,prop_127,1000,2000,0.6275,0.9385,True,0.31100000000000005,0.31100000000000005,0.8315,0.8315,-0.20400000000000001,0.10699999999999998,0.0,0.0,0.311
rep0602,0.37,0.37,alg3,0.1,0.0,0.0,0.1,prop_127,1000,2000,0.125,0.436,True,0.311,0.311,0.3135,0.3135,-0.1885,0.1225,0.0,0.0,0.311
rep0603,0.10,0.1,alg3,0.1,0.0,0.0,0.1,prop_127,1000,2000,-0.12599999999999995,0.17950000000000005,True,0.3055,0.17950000000000005,0.0825,0.0825,-0.20849999999999996,0.09700000000000003,0.0,0.0,0.3055
rep0604,0.50,0.504,alg3,0.1,0.0,0.0,0.1,prop_127,1000,2000,0.17000000000000004,0.523,True,0.353,0.353,0.38,0.38,-0.20999999999999996,0.14300000000000002,0.0,0.0,0.353
rep0605,0.60,0.596,alg3,0.1,0.0,0.0,0.1,prop_127,1000,2000,0.5965,0.9555,False,0.359,0.359,0.8265,0.8265,-0.22999999999999998,0.129,0.0,0.0,0.359
rep0606,0.22,0.217,alg3,0.1,0.0,0.0,0.1,prop_127,1000,2000,0.11649999999999999,0.443,True,0.3265,0.3265,0.325,0.325,-0.20850000000000002,0.118,0.0,0.0,0.3265
rep0607,0.64,0.641,alg3,0.1,0.0,0.0,0.1,prop_127,1000,2000,0.38700000000000007,0.742,True,0.3549999999999999,0.3549999999999999,0.6005,0.6005,-0.21349999999999997,0.14149999999999996,0.0,0.0,0.3549999999999999
rep0608,0.03,0.029,alg3,0.1,0.0,0.0,0.1,prop_127,1000,2000,-0.16099999999999992,0.11250000000000009,True,0.2735,0.11250000000000009,0.0175,0.0175,-0.17849999999999994,0.09500000000000008,0.0,0.0,0.2735
rep0609,0.54,0.543,alg3,0.1,0.0,0.0,0.1,prop_127,1000,2000,0.4695000000000001,0.773,True,0.30349999999999994,0.30349999999999994,0.685,0.685,-0.21549999999999997,0.08799999999999997,0.0,0.0,0.30349999999999994
rep0610,0.28,0.275,alg3,0.1,0.0,0.0,0.1,prop_127,1000,2000,0.16899999999999998,0.46299999999999997,True,0.294,0.294,0.3445,0.3445,-0.1755,0.1185,0.0,0.0,0.294
rep0611,0.15,0.149,alg3,0.1,0.0,0.0,0.1,prop_127,1000,2000,0.096,0.462,True,0.366,0.366,0.304,0.304,-0.208,0.15800000000000003,0.0,0.0,0.366
rep0612,0.60,0.599,alg3,0.1,0.0,0.0,0.1,prop_127,1000,2000,0.43999999999999995,0.7175,True,0.2775000000000001,0.2775000000000001,0.643,0.643,-0.20300000000000007,0.07450000000000001,0.0,0.0,0.2775000000000001
rep0613,0.63,0.633,alg3,0.1,0.0,0.0,0.1,prop_127,1000,2000,0.6475000000000001,0.93,False,0.2825,0.2825,0.8365,0.8365,-0.18899999999999995,0.09350000000000003,0.0,0.0,0.2825
rep0614,0.42,0.421,alg3,0.1,0.0,0.0,0.1,prop_127,1000,2000,0.5015,0.7709999999999999,False,0.26949999999999996,0.26949999999999996,0.702,0.702,-0.2005,0.06899999999999995,0.0,0.0,0.26949999999999996
rep0615,0.84,0.842,alg3,0.1,0.0,0.0,0.1,prop_127,1000,2000,0.615,0.9375,True,0.3225,0.3225,0.798,0.798,-0.183,0.1395,0.0,0.0,0.3225
rep0616,0.64,0.639,alg3,0.1,0.0,0.0,0.1,prop_127,1000,2000,0.35150000000000003,0.6735,True,0.32199999999999995,0.32199999999999995,0.5555,0.5555,-0.204,0.11799999999999994,0.0,0.0,0.32199999999999995
rep0617,0.62,0.624,alg3,0.1,0.0,0.0,0.1,prop_127,1000,2000,0.3215,0.631,True,0.3095,0.3095,0.5325,0.5325,-0.21099999999999997,0.09850000000000003,0.0,0.0,0.3095
rep0618,0.15,0.155,alg3,0.1,0.0,0.0,0.1,prop_127,1000,2000,-0.11800000000000002,0.18800000000000003,True,0.30600000000000005,0.18800000000000003,0.0905,0.0905,-0.20850000000000002,0.09750000000000003,0.0,0.0,0.30600000000000005
rep0619,0.51,0.509,alg3,0.1,0.0,0.0,0.1,prop_127,1000,2000,0.30999999999999994,0.6054999999999999,True,0.2955,0.2955,0.495,0.495,-0.18500000000000005,0.11049999999999999,0.0,0.0,0.29550000000000004
rep0620,0.15,0.155,alg3,0.1,0.0,0.0,0.1,prop_127,1000,2000,-0.14600000000000002,0.25749999999999995,True,0.40349999999999997,0.25749999999999995,0.0695,0.0695,-0.21550000000000002,0.18799999999999994,0.0,0.0,0.40349999999999997
rep0621,0.33,0.331,alg3,0.1,0.0,0.0,0.1,prop_127,1000,2000,0.11150000000000002,0.48500000000000004,True,0.37350000000000005,0.37350000000000005,0.323,0.323,-0.2115,0.16200000000000003,0.0,0.0,0.37350000000000005
rep0622,0.83,0.832,alg3,0.1,0.0,0.0,0.1,prop_127,1000,2000,0.5225,0.8425,True,0.32000000000000006,0.32000000000000006,0.7425,0.7425,-0.22000000000000003,0.09999999999999998,0.0,0.0,0.32
rep0623,0.39,0.394,alg3,0.1,0.0,0.0,0.1,prop_127,1000,2000,0.19949999999999996,0.51,True,0.31050000000000005,0.31050000000000005,0.414,0.414,-0.21450000000000002,0.09600000000000003,0.0,0.0,0.31050000000000005
rep0624,0.50,0.498,alg3,0.1,0.0,0.0,0.1,prop_127,1000,2000,0.4610000000000001,0.804,True,0.34299999999999997,0.34299999999999997,0.68,0.68,-0.21899999999999997,0.124,0.0,0.0,0.34299999999999997
rep0625,0.43,0.434,alg3,0.1,0.0,0.0,0.1,prop_127,1000,2000,0.22549999999999992,0.5765,True,0.3510000000000001,0.3510000000000001,0.479,0.479,-0.25350000000000006,0.09750000000000003,0.0,0.0,0.3510000000000001
rep0626,0.46,0.46,alg3,0.1,0.0,0.0,0.1,prop_127,1000,2000,0.14350000000000002,0.46499999999999997,True,0.32149999999999995,0.32149999999999995,0.3635,0.3635,-0.21999999999999997,0.1015,0.0,0.0,0.3215
rep0627,0.24,0.241,alg3,0.1,0.0,0.0,0.1,prop_127,1000,2000,0.022499999999999964,0.34650000000000003,True,0.32400000000000007,0.32400000000000007,0.237,0.237,-0.21450000000000002,0.10950000000000004,0.0,0.0,0.32400000000000007
rep0628,0.86,0.862,alg3,0.1,0.0,0.0,0.1,prop_127,1000,2000,0.676,0.9685,True,0.2925,0.2925,0.871,0.871,-0.19499999999999995,0.09750000000000003,0.0,0.0,0.2925
rep0629,0.74,0.744,alg3,0.1,0.0,0.0,0.1,prop_127,1000,2000,0.5245,0.8425,True,0.31800000000000006,0.31800000000000006,0.7165,0.7165,-0.192,0.126,0.0,0.0,0.318
rep0630,0.51,0.514,alg3,0.1,0.0,0.0,0.1,prop_127,1000,2000,0.5165,0.8285,False,0.31200000000000006,0.31200000000000006,0.7315,0.7315,-0.21500000000000002,0.09699999999999998,0.0,0.0,0.312
rep0631,0.41,0.406,alg3,0.1,0.0,0.0,0.1,prop_127,1000,2000,0.3115,0.651,True,0.3395,0.3395,0.525,0.525,-0.21350000000000002,0.126,0.0,0.0,0.3395
rep0632,0.33,0.325,alg3,0.1,0.0,0.0,0.1,prop_127,1000,2000,0.252,0.52,True,0.268,0.268,0.4405,0.4405,-0.1885,0.07950000000000002,0.0,0.0,0.268
rep0633,0.10,0.1,alg3,0.1,0.0,0.0,0.1,prop_127,1000,2000,-0.09600000000000002,0.2735,True,0.36950000000000005,0.2735,0.1135,0.1135,-0.20950000000000002,0.16000000000000003,0.0,0.0,0.36950000000000005
rep0634,0.56,0.561,alg3,0.1,0.0,0.0,0.1,prop_127,1000,2000,0.45699999999999996,0.7549999999999999,True,0.29799999999999993,0.29799999999999993,0.6565,0.6565,-0.1995,0.09849999999999998,0.0,0.0,0.298
rep0635,0.17,0.175,alg3,0.1,0.0,0.0,0.1,prop_127,1000,2000,-0.09399999999999997,0.245,True,0.33899999999999997,0.245,0.132,0.132,-0.22599999999999998,0.11299999999999999,0.0,0.0,0.33899999999999997
rep0636,0.61,0.611,alg3,0.1,0.0,0.0,0.1,prop_127,1000,2000,0.4735,0.7665,True,0.293,0.293,0.6725,0.6725,-0.199,0.09399999999999997,0.0,0.0,0.293
rep0637,0.63,0.627,alg3,0.1,0.0,0.0,0.1,prop_127,1000,2000,0.387,0.7025,True,0.3155,0.3155,0.6055,0.6055,-0.21850000000000003,0.09699999999999998,0.0,0.0,0.3155
rep0638,0.22,0.22,alg3,0.1,0.0,0.0,0.1,prop_127,1000,2000,0.02300000000000002,0.42250000000000004,True,0.3995,0.3995,0.2605,0.2605,-0.2375,0.16200000000000003,0.0,0.0,0.3995
rep0639,0.68,0.684,alg3,0.1,0.0,0.0,0.1,prop_127,1000,2000,0.7895000000000001,1.0995,False,0.30999999999999983,0.2104999999999999,1.0,1.0,-0.21049999999999996,0.09949999999999998,0.0,0.0,0.30999999999999994
rep0640,0.78,0.779,alg3,0.1,0.0,0.0,0.1,prop_127,1000,2000,0.502,0.83,True,0.32799999999999996,0.32799999999999996,0.721,0.721,-0.21900000000000003,0.10899999999999999,0.0,0.0,0.328
rep0641,0.35,0.346,alg3,0.1,0.0,0.0,0.1,prop_127,1000,2000,0.23299999999999993,0.5979999999999999,True,0.36499999999999994,0.36499999999999994,0.4735,0.4735,-0.24050000000000005,0.12449999999999994,0.0,0.0,0.365
rep0642,0.64,0.643,alg3,0.1,0.0,0.0,0.1,prop_127,1000,2000,0.4580000000000001,0.7975,True,0.3394999999999999,0.3394999999999999,0.6985,0.6985,-0.24049999999999994,0.09899999999999998,0.0,0.0,0.3394999999999999
rep0643,0.36,0.358,alg3,0.1,0.0,0.0,0.1,prop_127,1000,2000,0.2885,0.6399999999999999,True,0.3514999999999999,0.3514999999999999,0.5125,0.5125,-0.22399999999999998,0.1275,0.0,0.0,0.3515
rep0644,0.65,0.645,alg3,0.1,0.0,0.0,0.1,prop_127,1000,2000,0.4665,0.799,True,0.3325,0.3325,0.682,0.682,-0.21550000000000002,0.11699999999999999,0.0,0.0,0.3325
rep0645,0.28,0.283,alg3,0.1,0.0,0.0,0.1,prop_127,1000,2000,0.07300000000000001,0.406,True,0.333,0.333,0.256,0.256,-0.183,0.15,0.0,0.0,0.33299999999999996
rep0646,0.49,0.491,alg3,0.1,0.0,0.0,0.1,prop_127,1000,2000,0.2915,0.6955,True,0.404,0.404,0.5365,0.5365,-0.245,0.15899999999999997,0.0,0.0,0.40399999999999997
rep0647,0.69,0.691,alg3,0.1,0.0,0.0,0.1,prop_127,1000,2000,0.6435,0.9775,True,0.3340000000000001,0.3340000000000001,0.846,0.846,-0.2025,0.1315,0.0,0.0,0.334
rep0648,0.72,0.723,alg3,0.1,0.0,0.0,0.1,prop_127,1000,2000,0.6560000000000001,1.0145,True,0.3584999999999998,0.34399999999999986,0.8515,0.8515,-0.19549999999999995,0.163,0.0,0.0,0.35849999999999993
rep0649,0.71,0.707,alg3,0.1,0.0,0.0,0.1,prop_127,1000,2000,0.6015,0.9065000000000001,True,0.30500000000000005,0.30500000000000005,0.7985,0.7985,-0.19699999999999995,0.10800000000000004,0.0,0.0,0.305
rep0650,0.43,0.431,alg3,0.1,0.0,0.0,0.1,prop_127,1000,2000,0.22849999999999998,0.5914999999999999,True,0.36299999999999993,0.36299999999999993,0.469,0.469,-0.2405,0.1225,0.0,0.0,0.363
rep0651,0.54,0.538,alg3,0.1,0.0,0.0,0.1,prop_127,1000,2000,0.479,0.7885,True,0.3095,0.3095,0.6775,0.6775,-0.1985,0.11099999999999999,0.0,0.0,0.3095
rep0652,0.30,0.297,alg3,0.1,0.0,0.0,0.1,prop_127,1000,2000,0.007499999999999951,0.3715,True,0.36400000000000005,0.36400000000000005,0.2845,0.2845,-0.277,0.08700000000000002,0.0,0.0,0.36400000000000005
rep0653,0.83,0.826,alg3,0.1,0.0,0.0,0.1,prop_127,1000,2000,0.6045,0.9025,True,0.29799999999999993,0.29799999999999993,0.7965,0.7965,-0.19199999999999995,0.10599999999999998,0.0,0.0,0.29799999999999993
rep0654,0.71,0.709,alg3,0.1,0.0,0.0,0.1,prop_127,1000,2000,0.5455,0.8985000000000001,True,0.3530000000000001,0.3530000000000001,0.7725,0.7725,-0.22699999999999998,0.12600000000000006,0.0,0.0,0.35300000000000004
rep0655,0.26,0.257,alg3,0.1,0.0,0.0,0.1,prop_127,1000,2000,0.18800000000000006,0.5045000000000001,True,0.3165,0.3165,0.3965,0.3965,-0.20849999999999996,0.108,0.0,0.0,0.31649999999999995
rep0656,0.56,0.564,alg3,0.1,0.0,0.0,0.1,prop_127,1000,2000,0.43500000000000005,0.7695,True,0.3344999999999999,0.3344999999999999,0.627,0.627,-0.19199999999999995,0.1425,0.0,0.0,0.3344999999999999
rep0657,0.33,0.328,alg3,0.1,0.0,0.0,0.1,prop_127,1000,2000,0.08100000000000002,0.364,True,0.283,0.283,0.2495,0.2495,-0.16849999999999998,0.11450000000000002,0.0,0.0,0.28300000000000003
rep0658,0.33,0.333,alg3,0.1,0.0,0.0,0.1,prop_127,1000,2000,0.07700000000000001,0.43250000000000005,True,0.35550000000000004,0.35550000000000004,0.295,0.295,-0.21799999999999997,0.13750000000000007,0.0,0.0,0.35550000000000004
rep0659,0.71,0.708,alg3,0.1,0.0,0.0,0.1,prop_127,1000,2000,0.73,1.0945,False,0.36450000000000005,0.27,0.9605,0.9605,-0.2305,0.134,0.0,0.0,0.36450000000000005
rep0660,0.19,0.186,alg3,0.1,0.0,0.0,0.1,prop_127,1000,2000,0.151,0.4995,True,0.34850000000000003,0.34850000000000003,0.3755,0.3755,-0.2245,0.124,0.0,0.0,0.34850000000000003
rep0661,0.68,0.682,alg3,0.1,0.0,0.0,0.1,prop_127,1000,2000,0.42799999999999994,0.802,True,0.3740000000000001,0.3740000000000001,0.6845,0.6845,-0.25650000000000006,0.1175,0.0,0.0,0.37400000000000005
rep0662,0.35,0.346,alg3,0.1,0.0,0.0,0.1,prop_127,1000,2000,-0.06750000000000006,0.3145,False,0.38200000000000006,0.3145,0.1735,0.1735,-0.24100000000000005,0.141,0.0,0.0,0.382
rep0663,0.67,0.667,alg3,0.1,0.0,0.0,0.1,prop_127,1000,2000,0.38,0.7715,True,0.39149999999999996,0.39149999999999996,0.603,0.603,-0.22299999999999998,0.1685,0.0,0.0,0.39149999999999996
rep0664,0.28,0.278,alg3,0.1,0.0,0.0,0.1,prop_127,1000,2000,0.31900000000000006,0.6420000000000001,False,0.32300000000000006,0.32300000000000006,0.534,0.534,-0.21499999999999997,0.10800000000000004,0.0,0.0,0.323
rep0665,0.44,0.443,alg3,0.1,0.0,0.0,0.1,prop_127,1000,2000,0.23799999999999993,0.6155,True,0.3775000000000001,0.3775000000000001,0.453,0.453,-0.21500000000000008,0.16250000000000003,0.0,0.0,0.3775000000000001
rep0666,0.57,0.569,alg3,0.1,0.0,0.0,0.1,prop_127,1000,2000,0.23800000000000004,0.593,True,0.3549999999999999,0.3549999999999999,0.456,0.456,-0.21799999999999997,0.1369999999999999,0.0,0.0,0.35499999999999987
rep0667,0.25,0.249,alg3,0.1,0.0,0.0,0.1,prop_127,1000,2000,0.019499999999999906,0.365,True,0.3455000000000001,0.3455000000000001,0.2455,0.2455,-0.2260000000000001,0.1195,0.0,0.0,0.3455000000000001
rep0668,0.60,0.605,alg3,0.1,0.0,0.0,0.1,prop_127,1000,2000,0.5445,0.8505,True,0.30600000000000005,0.30600000000000005,0.733,0.733,-0.1885,0.1175,0.0,0.0,0.306
rep0669,0.42,0.424,alg3,0.1,0.0,0.0,0.1,prop_127,1000,2000,0.3305,0.6495,True,0.31899999999999995,0.31899999999999995,0.502,0.502,-0.17149999999999999,0.14750000000000002,0.0,0.0,0.319
rep0670,0.49,0.486,alg3,0.1,0.0,0.0,0.1,prop_127,1000,2000,0.32849999999999996,0.745,True,0.41650000000000004,0.41650000000000004,0.583,0.583,-0.2545,0.162,0.0,0.0,0.4165
rep0671,0.45,0.448,alg3,0.1,0.0,0.0,0.1,prop_127,1000,2000,0.23199999999999998,0.5455,True,0.3135,0.3135,0.4415,0.4415,-0.20950000000000002,0.10399999999999998,0.0,0.0,0.3135
rep0672,0.81,0.809,alg3,0.1,0.0,0.0,0.1,prop_127,1000,2000,0.491,0.8104999999999999,True,0.3194999999999999,0.3194999999999999,0.705,0.705,-0.21399999999999997,0.10549999999999993,0.0,0.0,0.3194999999999999
rep0673,0.50,0.502,alg3,0.1,0.0,0.0,0.1,prop_127,1000,2000,0.29499999999999993,0.623,True,0.32800000000000007,0.32800000000000007,0.509,0.509,-0.21400000000000008,0.11399999999999999,0.0,0.0,0.32800000000000007
rep0674,0.07,0.066,alg3,0.1,0.0,0.0,0.1,prop_127,1000,2000,-0.21099999999999997,0.11549999999999999,True,0.32649999999999996,0.11549999999999999,0.0,0.0,-0.21099999999999997,0.11549999999999999,0.0,0.0,0.32649999999999996
rep0675,0.52,0.515,alg3,0.1,0.0,0.0,0.1,prop_127,1000,2000,0.19700000000000006,0.5285,True,0.3314999999999999,0.3314999999999999,0.4495,0.4495,-0.25249999999999995,0.079,0.0,0.0,0.33149999999999996
rep0676,0.65,0.648,alg3,0.1,0.0,0.0,0.1,prop_127,1000,2000,0.47650000000000003,0.7815,True,0.30499999999999994,0.30499999999999994,0.6755,0.6755,-0.19899999999999995,0.10599999999999998,0.0,0.0,0.30499999999999994
rep0677,0.92,0.924,alg3,0.1,0.0,0.0,0.1,prop_127,1000,2000,0.815,1.162,True,0.347,0.18500000000000005,1.0,1.0,-0.18500000000000005,0.16199999999999998,0.0,0.0,0.34700000000000003
rep0678,0.12,0.125,alg3,0.1,0.0,0.0,0.1,prop_127,1000,2000,-0.07749999999999999,0.256,True,0.3335,0.256,0.1505,0.1505,-0.22799999999999998,0.10550000000000001,0.0,0.0,0.3335
rep0679,0.72,0.723,alg3,0.1,0.0,0.0,0.1,prop_127,1000,2000,0.45400000000000007,0.798,True,0.344,0.344,0.681,0.681,-0.22699999999999998,0.117,0.0,0.0,0.344
rep0680,0.11,0.114,alg3,0.1,0.0,0.0,0.1,prop_127,1000,2000,-0.13299999999999998,0.23199999999999996,True,0.36499999999999994,0.23199999999999996,0.1005,0.1005,-0.23349999999999999,0.13149999999999995,0.0,0.0,0.36499999999999994
rep0681,0.24,0.24,alg3,0.1,0.0,0.0,0.1,prop_127,1000,2000,0.1755,0.497,True,0.3215,0.3215,0.3765,0.3765,-0.201,0.12050000000000001,0.0,0.0,0.3215
rep0682,0.82,0.82,alg3,0.1,0.0,0.0,0.1,prop_127,1000,2000,0.703,1.0425,True,0.3395,0.29700000000000004,0.9345,0.9345,-0.23150000000000004,0.10799999999999998,0.0,0.0,0.3395
rep0683,0.80,0.795,alg3,0.1,0.0,0.0,0.1,prop_127,1000,2000,0.441,0.8135,True,0.3725,0.3725,0.7025,0.7025,-0.2615,0.11099999999999999,0.0,0.0,0.3725
rep0684,0.83,0.835,alg3,0.1,0.0,0.0,0.1,prop_127,1000,2000,0.6695,0.9295,True,0.26,0.26,0.842,0.842,-0.1725,0.08749999999999997,0.0,0.0,0.25999999999999995
rep0685,0.52,0.518,alg3,0.1,0.0,0.0,0.1,prop_127,1000,2000,0.27799999999999997,0.5665,True,0.28850000000000003,0.28850000000000003,0.463,0.463,-0.18500000000000005,0.10350000000000004,0.0,0.0,0.2885000000000001
rep0686,0.04,0.039,alg3,0.1,0.0,0.0,0.1,prop_127,1000,2000,-0.14399999999999996,0.17650000000000005,True,0.3205,0.17650000000000005,0.059,0.059,-0.20299999999999996,0.11750000000000005,0.0,0.0,0.3205
rep0687,0.71,0.715,alg3,0.1,0.0,0.0,0.1,prop_127,1000,2000,0.5025,0.837,True,0.3345,0.3345,0.707,0.707,-0.20450000000000002,0.13,0.0,0.0,0.3345
rep0688,0.78,0.782,alg3,0.1,0.0,0.0,0.1,prop_127,1000,2000,0.6565,1.037,True,0.38049999999999995,0.3435,0.9455,0.9455,-0.28900000000000003,0.09150000000000003,0.0,0.0,0.38050000000000006
rep0689,0.39,0.388,alg3,0.1,0.0,0.0,0.1,prop_127,1000,2000,0.18400000000000005,0.4415,True,0.25749999999999995,0.25749999999999995,0.378,0.378,-0.19399999999999995,0.0635,0.0,0.0,0.25749999999999995
rep0690,0.49,0.493,alg3,0.1,0.0,0.0,0.1,prop_127,1000,2000,0.411,0.7904999999999999,True,0.3794999999999999,0.3794999999999999,0.6325,0.6325,-0.22149999999999997,0.15799999999999992,0.0,0.0,0.3794999999999999
rep0691,0.71,0.706,alg3,0.1,0.0,0.0,0.1,prop_127,1000,2000,0.465,0.7985,True,0.33349999999999996,0.33349999999999996,0.6955,0.6955,-0.23049999999999998,0.10300000000000004,0.0,0.0,0.3335
rep0692,0.71,0.707,alg3,0.1,0.0,0.0,0.1,prop_127,1000,2000,0.4740000000000001,0.8035000000000001,True,0.3295,0.3295,0.684,0.684,-0.20999999999999996,0.1195,0.0,0.0,0.32949999999999996
rep0693,0.55,0.546,alg3,0.1,0.0,0.0,0.1,prop_127,1000,2000,0.43,0.7405,True,0.31050000000000005,0.31050000000000005,0.616,0.616,-0.186,0.12450000000000006,0.0,0.0,0.31050000000000005
rep0694,0.85,0.849,alg3,0.1,0.0,0.0,0.1,prop_127,1000,2000,0.7230000000000001,1.104,True,0.381,0.2769999999999999,0.934,0.934,-0.21099999999999997,0.16999999999999998,0.0,0.0,0.38099999999999995
rep0695,0.14,0.144,alg3,0.1,0.0,0.0,0.1,prop_127,1000,2000,-0.21449999999999997,0.14500000000000007,True,0.35950000000000004,0.14500000000000007,0.05,0.05,-0.26449999999999996,0.09500000000000008,0.0,0.0,0.35950000000000004
rep0696,0.28,0.28,alg3,0.1,0.0,0.0,0.1,prop_127,1000,2000,0.24950000000000003,0.5685,True,0.31899999999999995,0.31899999999999995,0.459,0.459,-0.2095,0.10949999999999999,0.0,0.0,0.31899999999999995
rep0697,0.36,0.364,alg3,0.1,0.0,0.0,0.1,prop_127,1000,2000,0.09550000000000003,0.452,True,0.3565,0.3565,0.3285,0.3285,-0.23299999999999998,0.1235,0.0,0.0,0.3565
rep0698,0.47,0.472,alg3,0.1,0.0,0.0,0.1,prop_127,1000,2000,0.2889999999999999,0.628,True,0.3390000000000001,0.3390000000000001,0.4965,0.4965,-0.20750000000000007,0.1315,0.0,0.0,0.3390000000000001
rep0699,0.06,0.058,alg3,0.1,0.0,0.0,0.1,prop_127,1000,2000,-0.08999999999999997,0.24849999999999994,True,0.3384999999999999,0.24849999999999994,0.139,0.139,-0.22899999999999998,0.10949999999999993,0.0,0.0,0.3384999999999999
rep0700,0.66,0.656,alg3,0.1,0.0,0.0,0.1,prop_127,1000,2000,0.396,0.7285,True,0.3325,0.3325,0.5985,0.5985,-0.2025,0.13,0.0,0.0,0.3325
rep0701,0.62,0.625,alg3,0.1,0.0,0.0,0.1,prop_127,1000,2000,0.2825,0.5945,False,0.31200000000000006,0.31200000000000006,0.474,0.474,-0.1915,0.12050000000000005,0.0,0.0,0.31200000000000006
rep0702,0.33,0.326,alg3,0.1,0.0,0.0,0.1,prop_127,1000,2000,0.2390000000000001,0.5845,True,0.3454999999999999,0.3454999999999999,0.4595,0.4595,-0.22049999999999992,0.125,0.0,0.0,0.3454999999999999
rep0703,0.64,0.637,alg3,0.1,0.0,0.0,0.1,prop_127,1000,2000,0.47200000000000003,0.8155,True,0.34349999999999997,0.34349999999999997,0.7035,0.7035,-0.23149999999999998,0.11199999999999999,0.0,0.0,0.34349999999999997
rep0704,0.97,0.975,alg3,0.1,0.0,0.0,0.1,prop_127,1000,2000,0.783,1.116,True,0.3330000000000001,0.21699999999999997,1.0,1.0,-0.21699999999999997,0.11599999999999999,0.0,0.0,0.33299999999999996
rep0705,0.48,0.48,alg3,0.1,0.0,0.0,0.1,prop_127,1000,2000,0.39250000000000007,0.7170000000000001,True,0.3245,0.3245,0.6155,0.6155,-0.22299999999999998,0.10150000000000003,0.0,0.0,0.3245
rep0706,0.54,0.537,alg3,0.1,0.0,0.0,0.1,prop_127,1000,2000,0.38649999999999995,0.7385,True,0.3520000000000001,0.3520000000000001,0.6125,0.6125,-0.2260000000000001,0.126,0.0,0.0,0.3520000000000001
rep0707,0.71,0.715,alg3,0.1,0.0,0.0,0.1,prop_127,1000,2000,0.8105,1.1175,False,0.30699999999999994,0.1895,1.0,1.0,-0.1895,0.1175,0.0,0.0,0.307
rep0708,0.78,0.778,alg3,0.1,0.0,0.0,0.1,prop_127,1000,2000,0.4114999999999999,0.7565,False,0.34500000000000003,0.34500000000000003,0.6305,0.6305,-0.21900000000000003,0.126,0.0,0.0,0.34500000000000003
rep0709,0.46,0.463,alg3,0.1,0.0,0.0,0.1,prop_127,1000,2000,0.19399999999999995,0.5694999999999999,True,0.37549999999999994,0.37549999999999994,0.4205,0.4205,-0.22650000000000003,0.14899999999999997,0.0,0.0,0.3755
rep0710,0.06,0.063,alg3,0.1,0.0,0.0,0.1,prop_127,1000,2000,-0.06299999999999997,0.30400000000000005,True,0.367,0.30400000000000005,0.1705,0.1705,-0.23349999999999999,0.1335,0.0,0.0,0.367
rep0711,0.90,0.896,alg3,0.1,0.0,0.0,0.1,prop_127,1000,2000,0.7515000000000001,1.0645,True,0.31299999999999994,0.24849999999999994,0.958,0.958,-0.2064999999999999,0.10650000000000004,0.0,0.0,0.31299999999999994
rep0712,0.72,0.72,alg3,0.1,0.0,0.0,0.1,prop_127,1000,2000,0.5565,0.9505,True,0.394,0.394,0.8095,0.8095,-0.253,0.14100000000000001,0.0,0.0,0.394
rep0713,0.34,0.336,alg3,0.1,0.0,0.0,0.1,prop_127,1000,2000,0.138,0.49800000000000005,True,0.36000000000000004,0.36000000000000004,0.329,0.329,-0.191,0.16900000000000004,0.0,0.0,0.36000000000000004
rep0714,0.09,0.085,alg3,0.1,0.0,0.0,0.1,prop_127,1000,2000,-0.249,0.1255,True,0.3745,0.1255,0.0,0.0,-0.249,0.1255,0.0,0.0,0.3745
rep0715,0.15,0.149,alg3,0.1,0.0,0.0,0.1,prop_127,1000,2000,-0.18799999999999997,0.168,True,0.356,0.168,0.0295,0.0295,-0.21749999999999997,0.1385,0.0,0.0,0.356
rep0716,0.49,0.494,alg3,0.1,0.0,0.0,0.1,prop_127,1000,2000,0.3005,0.6115,True,0.31100000000000005,0.31100000000000005,0.481,0.481,-0.1805,0.13050000000000006,0.0,0.0,0.31100000000000005
rep0717,0.63,0.633,alg3,0.1,0.0,0.0,0.1,prop_127,1000,2000,0.2955,0.633,True,0.3375,0.3375,0.5215,0.5215,-0.22599999999999998,0.11149999999999999,0.0,0.0,0.33749999999999997
rep0718,0.74,0.745,alg3,0.1,0.0,0.0,0.1,prop_127,1000,2000,0.525,0.8965000000000001,True,0.37150000000000005,0.37150000000000005,0.7315,0.7315,-0.20650000000000002,0.16500000000000004,0.0,0.0,0.37150000000000005
rep0719,0.46,0.46,alg3,0.1,0.0,0.0,0.1,prop_127,1000,2000,0.31700000000000006,0.676,True,0.359,0.359,0.5605,0.5605,-0.24349999999999994,0.11550000000000002,0.0,0.0,0.359
rep0720,0.05,0.047,alg3,0.1,0.0,0.0,0.1,prop_127,1000,2000,-0.09749999999999998,0.253,True,0.3505,0.253,0.1235,0.1235,-0.22099999999999997,0.1295,0.0,0.0,0.3505
rep0721,0.82,0.818,alg3,0.1,0.0,0.0,0.1,prop_127,1000,2000,0.788,1.1400000000000001,True,0.3520000000000001,0.21199999999999997,1.0,1.0,-0.21199999999999997,0.14,0.0,0.0,0.352
rep0722,0.21,0.214,alg3,0.1,0.0,0.0,0.1,prop_127,1000,2000,0.10850000000000004,0.4345,True,0.32599999999999996,0.32599999999999996,0.3225,0.3225,-0.21399999999999997,0.11199999999999996,0.0,0.0,0.32599999999999996
rep0723,0.49,0.488,alg3,0.1,0.0,0.0,0.1,prop_127,1000,2000,0.3255,0.6615,True,0.33599999999999997,0.33599999999999997,0.5525,0.5525,-0.22699999999999998,0.10899999999999999,0.0,0.0,0.33599999999999997
rep0724,0.46,0.457,alg3,0.1,0.0,0.0,0.1,prop_127,1000,2000,0.26699999999999996,0.5980000000000001,True,0.3310000000000001,0.3310000000000001,0.479,0.479,-0.21200000000000002,0.11900000000000005,0.0,0.0,0.33100000000000007
rep0725,0.16,0.157,alg3,0.1,0.0,0.0,0.1,prop_127,1000,2000,-0.03249999999999997,0.32449999999999996,True,0.35699999999999993,0.32449999999999996,0.1765,0.1765,-0.20899999999999996,0.14799999999999996,0.0,0.0,0.35699999999999993
rep0726,0.76,0.76,alg3,0.1,0.0,0.0,0.1,prop_127,1000,2000,0.5035,0.8320000000000001,True,0.3285000000000001,0.3285000000000001,0.7085,0.7085,-0.20500000000000007,0.12350000000000005,0.0,0.0,0.3285000000000001
rep0727,0.34,0.342,alg3,0.1,0.0,0.0,0.1,prop_127,1000,2000,0.21699999999999997,0.5465,True,0.3295,0.3295,0.408,0.408,-0.191,0.1385,0.0,0.0,0.3295
rep0728,0.20,0.195,alg3,0.1,0.0,0.0,0.1,prop_127,1000,2000,0.1955,0.5534999999999999,False,0.3579999999999999,0.3579999999999999,0.4305,0.4305,-0.235,0.12299999999999994,0.0,0.0,0.35799999999999993
rep0729,0.30,0.3,alg3,0.1,0.0,0.0,0.1,prop_127,1000,2000,-0.011000000000000038,0.3345,True,0.34550000000000003,0.3345,0.2095,0.2095,-0.22050000000000003,0.125,0.0,0.0,0.34550000000000003
rep0730,0.46,0.46,alg3,0.1,0.0,0.0,0.1,prop_127,1000,2000,0.24000000000000005,0.542,True,0.302,0.302,0.45,0.45,-0.20999999999999996,0.09200000000000008,0.0,0.0,0.30200000000000005
rep0731,0.71,0.712,alg3,0.1,0.0,0.0,0.1,prop_127,1000,2000,0.48399999999999993,0.8225,True,0.3385000000000001,0.3385000000000001,0.691,0.691,-0.20700000000000002,0.1315,0.0,0.0,0.3385
rep0732,0.56,0.558,alg3,0.1,0.0,0.0,0.1,prop_127,1000,2000,0.37250000000000005,0.733,True,0.36049999999999993,0.36049999999999993,0.5835,0.5835,-0.211,0.14949999999999997,0.0,0.0,0.36049999999999993
rep0733,0.97,0.973,alg3,0.1,0.0,0.0,0.1,prop_127,1000,2000,0.762,1.1325,True,0.37050000000000005,0.238,1.0,1.0,-0.23799999999999993,0.1325,0.0,0.0,0.37049999999999994
rep0734,0.48,0.485,alg3,0.1,0.0,0.0,0.1,prop_127,1000,2000,0.2505,0.6225,True,0.37200000000000005,0.37200000000000005,0.4825,0.4825,-0.23199999999999998,0.14,0.0,0.0,0.372
rep0735,0.79,0.786,alg3,0.1,0.0,0.0,0.1,prop_127,1000,2000,0.46599999999999997,0.8015,True,0.3355,0.3355,0.6705,0.6705,-0.20450000000000002,0.131,0.0,0.0,0.3355
rep0736,0.22,0.217,alg3,0.1,0.0,0.0,0.1,prop_127,1000,2000,-0.07199999999999998,0.274,True,0.346,0.274,0.16,0.16,-0.23199999999999998,0.11399999999999999,0.0,0.0,0.346
rep0737,0.32,0.32,alg3,0.1,0.0,0.0,0.1,prop_127,1000,2000,0.24850000000000005,0.504,True,0.25549999999999995,0.25549999999999995,0.4345,0.4345,-0.18599999999999994,0.0695,0.0,0.0,0.25549999999999995
rep0738,0.50,0.499,alg3,0.1,0.0,0.0,0.1,prop_127,1000,2000,0.35899999999999993,0.72,True,0.36100000000000004,0.36100000000000004,0.596,0.596,-0.23700000000000004,0.12400000000000003,0.0,0.0,0.3610000000000001
rep0739,0.06,0.055,alg3,0.1,0.0,0.0,0.1,prop_127,1000,2000,-0.034999999999999976,0.3015,True,0.33649999999999997,0.3015,0.1815,0.1815,-0.21649999999999997,0.12,0.0,0.0,0.33649999999999997
rep0740,0.75,0.754,alg3,0.1,0.0,0.0,0.1,prop_127,1000,2000,0.692,1.0095,True,0.3175000000000001,0.30800000000000005,0.8755,0.8755,-0.18349999999999994,0.134,0.0,0.0,0.31749999999999995
rep0741,0.32,0.323,alg3,0.1,0.0,0.0,0.1,prop_127,1000,2000,0.03999999999999998,0.36450000000000005,True,0.32450000000000007,0.32450000000000007,0.258,0.258,-0.21800000000000003,0.10650000000000004,0.0,0.0,0.32450000000000007
rep0742,0.16,0.162,alg3,0.1,0.0,0.0,0.1,prop_127,1000,2000,0.07500000000000001,0.3645,True,0.2895,0.2895,0.289,0.289,-0.21399999999999997,0.07550000000000001,0.0,0.0,0.2895
rep0743,0.30,0.3,alg3,0.1,0.0,0.0,0.1,prop_127,1000,2000,-0.01599999999999996,0.32,True,0.33599999999999997,0.32,0.197,0.197,-0.21299999999999997,0.123,0.0,0.0,0.33599999999999997
rep0744,0.79,0.791,alg3,0.1,0.0,0.0,0.1,prop_127,1000,2000,0.5855,0.909,True,0.3235,0.3235,0.7985,0.7985,-0.21299999999999997,0.1105,0.0,0.0,0.32349999999999995
rep0745,0.30,0.304,alg3,0.1,0.0,0.0,0.1,prop_127,1000,2000,0.21699999999999992,0.5330000000000001,True,0.3160000000000002,0.3160000000000002,0.425,0.425,-0.20800000000000007,0.1080000000000001,0.0,0.0,0.31600000000000017
rep0746,0.86,0.862,alg3,0.1,0.0,0.0,0.1,prop_127,1000,2000,0.6755,0.9684999999999999,True,0.2929999999999999,0.2929999999999999,0.8905,0.8905,-0.21499999999999997,0.078,0.0,0.0,0.293
rep0747,0.78,0.775,alg3,0.1,0.0,0.0,0.1,prop_127,1000,2000,0.7389999999999999,1.022,True,0.28300000000000014,0.2610000000000001,0.944,0.944,-0.20500000000000007,0.07799999999999999,0.0,0.0,0.28300000000000003
rep0748,0.48,0.483,alg3,0.1,0.0,0.0,0.1,prop_127,1000,2000,0.2855,0.64,True,0.35450000000000004,0.35450000000000004,0.4775,0.4775,-0.192,0.16250000000000003,0.0,0.0,0.35450000000000004
rep0749,0.02,0.018,alg3,0.1,0.0,0.0,0.1,prop_127,1000,2000,-0.11800000000000001,0.15649999999999997,True,0.27449999999999997,0.15649999999999997,0.0845,0.0845,-0.2025,0.07199999999999995,0.0,0.0,0.27449999999999997
rep0750,0.39,0.388,alg3,0.1,0.0,0.0,0.1,prop_127,1000,2000,0.309,0.586,True,0.27699999999999997,0.27699999999999997,0.5215,0.5215,-0.21249999999999997,0.0645,0.0,0.0,0.27699999999999997
rep0751,0.33,0.334,alg3,0.1,0.0,0.0,0.1,prop_127,1000,2000,0.16249999999999998,0.5065,True,0.344,0.344,0.3825,0.3825,-0.22000000000000003,0.124,0.0,0.0,0.34400000000000003
rep0752,0.69,0.687,alg3,0.1,0.0,0.0,0.1,prop_127,1000,2000,0.56,0.872,True,0.31199999999999994,0.31199999999999994,0.768,0.768,-0.20799999999999996,0.10399999999999998,0.0,0.0,0.31199999999999994
rep0753,0.47,0.47,alg3,0.1,0.0,0.0,0.1,prop_127,1000,2000,0.2175,0.5475,True,0.32999999999999996,0.32999999999999996,0.416,0.416,-0.19849999999999998,0.1315,0.0,0.0,0.32999999999999996
rep0754,0.36,0.358,alg3,0.1,0.0,0.0,0.1,prop_127,1000,2000,0.06049999999999994,0.39149999999999996,True,0.331,0.331,0.259,0.259,-0.19850000000000007,0.13249999999999995,0.0,0.0,0.331
rep0755,0.31,0.308,alg3,0.1,0.0,0.0,0.1,prop_127,1000,2000,0.21700000000000003,0.5569999999999999,True,0.3399999999999999,0.3399999999999999,0.432,0.432,-0.21499999999999997,0.125,0.0,0.0,0.33999999999999997
rep0756,0.39,0.39,alg3,0.1,0.0,0.0,0.1,prop_127,1000,2000,0.07300000000000001,0.4075,True,0.33449999999999996,0.33449999999999996,0.2985,0.2985,-0.22549999999999998,0.10900000000000001,0.0,0.0,0.3345
rep0757,0.92,0.922,alg3,0.1,0.0,0.0,0.1,prop_127,1000,2000,0.603,0.9904999999999999,True,0.38749999999999996,0.38749999999999996,0.842,0.842,-0.23900000000000005,0.1485,0.0,0.0,0.38750000000000007
rep0758,0.74,0.742,alg3,0.1,0.0,0.0,0.1,prop_127,1000,2000,0.385,0.7070000000000001,False,0.32200000000000006,0.32200000000000006,0.5845,0.5845,-0.1995,0.1225,0.0,0.0,0.322
rep0759,0.35,0.352,alg3,0.1,0.0,0.0,0.1,prop_127,1000,2000,0.171,0.493,True,0.32199999999999995,0.32199999999999995,0.396,0.396,-0.225,0.09699999999999998,0.0,0.0,0.32199999999999995
rep0760,0.62,0.621,alg3,0.1,0.0,0.0,0.1,prop_127,1000,2000,0.559,0.9289999999999999,True,0.3699999999999999,0.3699999999999999,0.7945,0.7945,-0.23549999999999993,0.13449999999999995,0.0,0.0,0.3699999999999999
rep0761,0.20,0.205,alg3,0.1,0.0,0.0,0.1,prop_127,1000,2000,0.21400000000000002,0.5295000000000001,False,0.31550000000000006,0.31550000000000006,0.434,0.434,-0.21999999999999997,0.09550000000000003,0.0,0.0,0.3155
rep0762,0.56,0.561,alg3,0.1,0.0,0.0,0.1,prop_127,1000,2000,0.38749999999999996,0.719,True,0.3315,0.3315,0.584,0.584,-0.1965,0.135,0.0,0.0,0.3315
rep0763,0.17,0.169,alg3,0.1,0.0,0.0,0.1,prop_127,1000,2000,0.04550000000000004,0.3745,True,0.32899999999999996,0.32899999999999996,0.277,0.277,-0.23149999999999998,0.09749999999999998,0.0,0.0,0.32899999999999996
rep0764,0.78,0.778,alg3,0.1,0.0,0.0,0.1,prop_127,1000,2000,0.661,0.9515,True,0.2905,0.2905,0.8545,0.8545,-0.1935,0.09699999999999998,0.0,0.0,0.2905
rep0765,0.03,0.028,alg3,0.1,0.0,0.0,0.1,prop_127,1000,2000,-0.23199999999999998,0.13,True,0.362,0.13,0.0,0.0,-0.23199999999999998,0.13,0.0,0.0,0.362
rep0766,0.40,0.395,alg3,0.1,0.0,0.0,0.1,prop_127,1000,2000,0.18699999999999997,0.5455000000000001,True,0.35850000000000015,0.35850000000000015,0.413,0.413,-0.226,0.13250000000000006,0.0,0.0,0.35850000000000004
rep0767,0.60,0.602,alg3,0.1,0.0,0.0,0.1,prop_127,1000,2000,0.4195000000000001,0.745,True,0.3254999999999999,0.3254999999999999,0.626,0.626,-0.2064999999999999,0.119,0.0,0.0,0.3254999999999999
rep0768,0.63,0.626,alg3,0.1,0.0,0.0,0.1,prop_127,1000,2000,0.5405,0.814,True,0.27349999999999997,0.27349999999999997,0.7375,0.7375,-0.197,0.0764999999999999,0.0,0.0,0.2734999999999999
rep0769,0.38,0.384,alg3,0.1,0.0,0.0,0.1,prop_127,1000,2000,0.18050000000000005,0.5285,True,0.3479999999999999,0.3479999999999999,0.38,0.38,-0.19949999999999996,0.1485,0.0,0.0,0.348
rep0770,0.75,0.753,alg3,0.1,0.0,0.0,0.1,prop_127,1000,2000,0.5959999999999999,0.9349999999999999,True,0.3390000000000001,0.3390000000000001,0.825,0.825,-0.22900000000000004,0.10999999999999999,0.0,0.0,0.339
rep0771,0.55,0.552,alg3,0.1,0.0,0.0,0.1,prop_127,1000,2000,0.4535,0.742,True,0.2885,0.2885,0.636,0.636,-0.1825,0.10599999999999998,0.0,0.0,0.2885
rep0772,0.51,0.513,alg3,0.1,0.0,0.0,0.1,prop_127,1000,2000,0.19,0.5255000000000001,True,0.3355000000000001,0.3355000000000001,0.4025,0.4025,-0.21250000000000002,0.123,0.0,0.0,0.3355
rep0773,0.95,0.95,alg3,0.1,0.0,0.0,0.1,prop_127,1000,2000,0.769,1.1045,True,0.3355,0.23099999999999998,1.0,1.0,-0.23099999999999998,0.10449999999999998,0.0,0.0,0.33549999999999996
rep0774,0.31,0.309,alg3,0.1,0.0,0.0,0.1,prop_127,1000,2000,0.21300000000000002,0.514,True,0.301,0.301,0.414,0.414,-0.20099999999999996,0.09999999999999998,0.0,0.0,0.30099999999999993
rep0775,0.44,0.443,alg3,0.1,0.0,0.0,0.1,prop_127,1000,2000,0.34049999999999997,0.6425,True,0.302,0.302,0.5215,0.5215,-0.181,0.121,0.0,0.0,0.302
rep0776,0.15,0.155,alg3,0.1,0.0,0.0,0.1,prop_127,1000,2000,-0.05250000000000002,0.29900000000000004,True,0.35150000000000003,0.29900000000000004,0.162,0.162,-0.21450000000000002,0.13700000000000004,0.0,0.0,0.35150000000000003
rep0777,0.66,0.659,alg3,0.1,0.0,0.0,0.1,prop_127,1000,2000,0.3490000000000001,0.6885000000000001,True,0.3395,0.3395,0.553,0.553,-0.20399999999999996,0.1355,0.0,0.0,0.33949999999999997
rep0778,0.21,0.214,alg3,0.1,0.0,0.0,0.1,prop_127,1000,2000,0.20600000000000007,0.519,True,0.31299999999999994,0.31299999999999994,0.385,0.385,-0.17899999999999994,0.13399999999999998,0.0,0.0,0.31299999999999994
rep0779,0.28,0.279,alg3,0.1,0.0,0.0,0.1,prop_127,1000,2000,0.23199999999999998,0.5409999999999999,True,0.30899999999999994,0.30899999999999994,0.42,0.42,-0.188,0.121,0.0,0.0,0.309
rep0780,0.54,0.543,alg3,0.1,0.0,0.0,0.1,prop_127,1000,2000,0.391,0.716,True,0.32499999999999996,0.32499999999999996,0.625,0.625,-0.23399999999999999,0.09100000000000003,0.0,0.0,0.325
rep0781,0.75,0.746,alg3,0.1,0.0,0.0,0.1,prop_127,1000,2000,0.507,0.8264999999999999,True,0.3194999999999999,0.3194999999999999,0.716,0.716,-0.20899999999999996,0.11049999999999993,0.0,0.0,0.3194999999999999
rep0782,0.83,0.829,alg3,0.1,0.0,0.0,0.1,prop_127,1000,2000,0.6649999999999999,1.0030000000000001,True,0.3380000000000002,0.3350000000000001,0.8905,0.8905,-0.22550000000000003,0.11250000000000004,0.0,0.0,0.3380000000000001
rep0783,0.35,0.354,alg3,0.1,0.0,0.0,0.1,prop_127,1000,2000,0.10849999999999999,0.4295,True,0.321,0.321,0.313,0.313,-0.20450000000000002,0.11649999999999999,0.0,0.0,0.321
rep0784,0.11,0.111,alg3,0.1,0.0,0.0,0.1,prop_127,1000,2000,-0.10500000000000001,0.24100000000000002,True,0.34600000000000003,0.24100000000000002,0.0965,0.0965,-0.2015,0.14450000000000002,0.0,0.0,0.34600000000000003
rep0785,0.50,0.503,alg3,0.1,0.0,0.0,0.1,prop_127,1000,2000,0.44400000000000006,0.764,True,0.31999999999999995,0.31999999999999995,0.616,0.616,-0.17199999999999993,0.14800000000000002,0.0,0.0,0.31999999999999995
rep0786,0.06,0.058,alg3,0.1,0.0,0.0,0.1,prop_127,1000,2000,-0.12600000000000003,0.20750000000000002,True,0.3335,0.20750000000000002,0.1015,0.1015,-0.22750000000000004,0.106,0.0,0.0,0.3335
rep0787,0.82,0.823,alg3,0.1,0.0,0.0,0.1,prop_127,1000,2000,0.5435000000000001,0.927,True,0.38349999999999995,0.38349999999999995,0.8245,0.8245,-0.28099999999999997,0.1025,0.0,0.0,0.38349999999999995
rep0788,0.32,0.317,alg3,0.1,0.0,0.0,0.1,prop_127,1000,2000,0.005999999999999922,0.31099999999999994,False,0.30500000000000005,0.30500000000000005,0.206,0.206,-0.20000000000000007,0.10499999999999998,0.0,0.0,0.30500000000000005
rep0789,0.49,0.49,alg3,0.1,0.0,0.0,0.1,prop_127,1000,2000,0.4615,0.8185,True,0.357,0.357,0.675,0.675,-0.21350000000000002,0.14350000000000002,0.0,0.0,0.35700000000000004
rep0790,0.52,0.523,alg3,0.1,0.0,0.0,0.1,prop_127,1000,2000,0.2804999999999999,0.5960000000000001,True,0.31550000000000017,0.31550000000000017,0.4855,0.4855,-0.20500000000000007,0.11050000000000004,0.0,0.0,0.3155000000000001
rep0791,0.71,0.712,alg3,0.1,0.0,0.0,0.1,prop_127,1000,2000,0.4665,0.8235,True,0.357,0.357,0.6915,0.6915,-0.225,0.132,0.0,0.0,0.357
rep0792,0.14,0.137,alg3,0.1,0.0,0.0,0.1,prop_127,1000,2000,-0.07250000000000004,0.256,True,0.3285,0.256,0.1565,0.1565,-0.22900000000000004,0.09950000000000003,0.0,0.0,0.32850000000000007
rep0793,0.67,0.671,alg3,0.1,0.0,0.0,0.1,prop_127,1000,2000,0.40149999999999997,0.744,True,0.3425,0.3425,0.629,0.629,-0.2275,0.11500000000000005,0.0,0.0,0.3425
rep0794,0.41,0.409,alg3,0.1,0.0,0.0,0.1,prop_127,1000,2000,0.27699999999999997,0.6214999999999999,True,0.3445,0.3445,0.5215,0.5215,-0.2445,0.10000000000000003,0.0,0.0,0.34450000000000003
rep0795,0.70,0.7,alg3,0.1,0.0,0.0,0.1,prop_127,1000,2000,0.4105,0.7179999999999999,True,0.3074999999999999,0.3074999999999999,0.6365,0.6365,-0.22599999999999998,0.0814999999999999,0.0,0.0,0.3074999999999999
rep0796,0.53,0.531,alg3,0.1,0.0,0.0,0.1,prop_127,1000,2000,0.29499999999999993,0.6160000000000001,True,0.3210000000000002,0.3210000000000002,0.5525,0.5525,-0.25750000000000006,0.06350000000000006,0.0,0.0,0.3210000000000001
rep0797,0.84,0.844,alg3,0.1,0.0,0.0,0.1,prop_127,1000,2000,0.728,1.084,True,0.3560000000000001,0.272,0.944,0.944,-0.21599999999999997,0.14,0.0,0.0,0.356
rep0798,0.88,0.878,alg3,0.1,0.0,0.0,0.1,prop_127,1000,2000,0.7595000000000001,1.1225,True,0.363,0.24049999999999994,0.97,0.97,-0.21049999999999996,0.1525,0.0,0.0,0.363
rep0799,0.44,0.442,alg3,0.1,0.0,0.0,0.1,prop_127,1000,2000,0.28,0.5545,True,0.27449999999999997,0.27449999999999997,0.465,0.465,-0.185,0.08950000000000002,0.0,0.0,0.2745
rep0800,0.17,0.169,alg3,0.1,0.0,0.0,0.1,prop_127,1000,2000,0.052999999999999936,0.36800000000000005,True,0.3150000000000001,0.3150000000000001,0.247,0.247,-0.19400000000000006,0.12100000000000005,0.0,0.0,0.3150000000000001
rep0801,0.40,0.401,alg3,0.1,0.0,0.0,0.1,prop_127,1000,2000,0.26199999999999996,0.5309999999999999,True,0.26899999999999996,0.26899999999999996,0.43,0.43,-0.16800000000000004,0.10099999999999998,0.0,0.0,0.269
rep0802,0.21,0.21,alg3,0.1,0.0,0.0,0.1,prop_127,1000,2000,-0.008000000000000035,0.27500000000000013,True,0.28300000000000014,0.27500000000000013,0.167,0.167,-0.17500000000000004,0.1080000000000001,0.0,0.0,0.28300000000000014
rep0803,0.80,0.799,alg3,0.1,0.0,0.0,0.1,prop_127,1000,2000,0.5975,0.8885,True,0.2909999999999999,0.2909999999999999,0.8015,0.8015,-0.20399999999999996,0.08699999999999997,0.0,0.0,0.2909999999999999
rep0804,0.76,0.764,alg3,0.1,0.0,0.0,0.1,prop_127,1000,2000,0.601,0.9535,True,0.35250000000000004,0.35250000000000004,0.827,0.827,-0.22599999999999998,0.12650000000000006,0.0,0.0,0.35250000000000004
rep0805,0.86,0.862,alg3,0.1,0.0,0.0,0.1,prop_127,1000,2000,0.635,0.9875,True,0.35250000000000004,0.35250000000000004,0.857,0.857,-0.22199999999999998,0.1305,0.0,0.0,0.3525
rep0806,0.12,0.116,alg3,0.1,0.0,0.0,0.1,prop_127,1000,2000,-0.07550000000000004,0.24400000000000002,True,0.31950000000000006,0.24400000000000002,0.142,0.142,-0.21750000000000003,0.10200000000000004,0.0,0.0,0.31950000000000006
rep0807,0.22,0.222,alg3,0.1,0.0,0.0,0.1,prop_127,1000,2000,-0.04499999999999996,0.2655,True,0.3105,0.2655,0.167,0.167,-0.21199999999999997,0.0985,0.0,0.0,0.3105
rep0808,0.30,0.3,alg3,0.1,0.0,0.0,0.1,prop_127,1000,2000,0.13249999999999995,0.47,True,0.3375,0.3375,0.36,0.36,-0.22750000000000004,0.11000000000000001,0.0,0.0,0.3375
rep0809,0.49,0.487,alg3,0.1,0.0,0.0,0.1,prop_127,1000,2000,0.13899999999999996,0.49,True,0.35100000000000003,0.35100000000000003,0.3695,0.3695,-0.23050000000000004,0.1205,0.0,0.0,0.35100000000000003
rep0810,0.14,0.136,alg3,0.1,0.0,0.0,0.1,prop_127,1000,2000,-0.031000000000000055,0.2935000000000001,True,0.3245000000000001,0.2935000000000001,0.171,0.171,-0.20200000000000007,0.12250000000000005,0.0,0.0,0.3245000000000001
rep0811,0.34,0.335,alg3,0.1,0.0,0.0,0.1,prop_127,1000,2000,0.15849999999999997,0.48450000000000004,True,0.32600000000000007,0.32600000000000007,0.386,0.386,-0.22750000000000004,0.09850000000000003,0.0,0.0,0.32600000000000007
rep0812,0.17,0.174,alg3,0.1,0.0,0.0,0.1,prop_127,1000,2000,-0.021999999999999936,0.2935,True,0.3154999999999999,0.2935,0.1715,0.1715,-0.19349999999999995,0.12199999999999994,0.0,0.0,0.3154999999999999
rep0813,0.76,0.757,alg3,0.1,0.0,0.0,0.1,prop_127,1000,2000,0.718,1.036,True,0.31800000000000006,0.28200000000000003,0.9025,0.9025,-0.18450000000000005,0.1335,0.0,0.0,0.31800000000000006
rep0814,0.55,0.548,alg3,0.1,0.0,0.0,0.1,prop_127,1000,2000,0.3094999999999999,0.7175,True,0.40800000000000014,0.40800000000000014,0.567,0.567,-0.25750000000000006,0.15050000000000002,0.0,0.0,0.4080000000000001
rep0815,0.46,0.457,alg3,0.1,0.0,0.0,0.1,prop_127,1000,2000,0.276,0.6715,True,0.39549999999999996,0.39549999999999996,0.527,0.527,-0.251,0.14450000000000002,0.0,0.0,0.3955
rep0816,0.75,0.754,alg3,0.1,0.0,0.0,0.1,prop_127,1000,2000,0.7165,1.1075,True,0.3909999999999999,0.2835,1.0,1.0,-0.2835,0.10750000000000001,0.0,0.0,0.391
rep0817,0.27,0.27,alg3,0.1,0.0,0.0,0.1,prop_127,1000,2000,0.14599999999999996,0.48050000000000004,True,0.3345000000000001,0.3345000000000001,0.3815,0.3815,-0.23550000000000004,0.09900000000000003,0.0,0.0,0.3345000000000001
rep0818,0.67,0.671,alg3,0.1,0.0,0.0,0.1,prop_127,1000,2000,0.6955,0.9965,False,0.30100000000000005,0.30100000000000005,0.898,0.898,-0.2025,0.0985,0.0,0.0,0.30100000000000005
rep0819,0.34,0.339,alg3,0.1,0.0,0.0,0.1,prop_127,1000,2000,0.20999999999999996,0.5319999999999999,True,0.32199999999999995,0.32199999999999995,0.4235,0.4235,-0.21350000000000002,0.10849999999999993,0.0,0.0,0.32199999999999995
rep0820,0.87,0.867,alg3,0.1,0.0,0.0,0.1,prop_127,1000,2000,0.6104999999999999,0.984,True,0.37350000000000005,0.37350000000000005,0.9,0.9,-0.2895000000000001,0.08400000000000002,0.0,0.0,0.3735000000000001
rep0821,0.29,0.287,alg3,0.1,0.0,0.0,0.1,prop_127,1000,2000,0.1385,0.49099999999999994,True,0.3524999999999999,0.3524999999999999,0.3445,0.3445,-0.20599999999999996,0.14649999999999996,0.0,0.0,0.3524999999999999
rep0822,0.26,0.258,alg3,0.1,0.0,0.0,0.1,prop_127,1000,2000,0.11899999999999997,0.43699999999999994,True,0.31799999999999995,0.31799999999999995,0.344,0.344,-0.225,0.09299999999999997,0.0,0.0,0.31799999999999995
rep0823,0.07,0.068,alg3,0.1,0.0,0.0,0.1,prop_127,1000,2000,-0.09999999999999999,0.20450000000000002,True,0.3045,0.20450000000000002,0.1125,0.1125,-0.2125,0.092,0.0,0.0,0.3045
rep0824,0.61,0.606,alg3,0.1,0.0,0.0,0.1,prop_127,1000,2000,0.3365,0.6805000000000001,True,0.3440000000000001,0.3440000000000001,0.547,0.547,-0.2105,0.1335,0.0,0.0,0.344
rep0825,0.19,0.187,alg3,0.1,0.0,0.0,0.1,prop_127,1000,2000,0.273,0.5495000000000001,False,0.2765000000000001,0.2765000000000001,0.4485,0.4485,-0.1755,0.10100000000000003,0.0,0.0,0.2765
rep0826,0.26,0.257,alg3,0.1,0.0,0.0,0.1,prop_127,1000,2000,0.05300000000000002,0.38449999999999995,True,0.3314999999999999,0.3314999999999999,0.243,0.243,-0.18999999999999997,0.1415,0.0,0.0,0.33149999999999996
rep0827,0.85,0.853,alg3,0.1,0.0,0.0,0.1,prop_127,1000,2000,0.8069999999999999,1.0845,True,0.2775000000000001,0.19300000000000006,0.989,0.989,-0.182,0.09550000000000003,0.0,0.0,0.2775
rep0828,0.58,0.584,alg3,0.1,0.0,0.0,0.1,prop_127,1000,2000,0.42799999999999994,0.768,True,0.3400000000000001,0.3400000000000001,0.6385,0.6385,-0.21050000000000002,0.1295,0.0,0.0,0.34
rep0829,0.74,0.738,alg3,0.1,0.0,0.0,0.1,prop_127,1000,2000,0.43949999999999995,0.7749999999999999,True,0.33549999999999996,0.33549999999999996,0.6505,0.6505,-0.21100000000000002,0.1245,0.0,0.0,0.3355
rep0830,0.25,0.248,alg3,0.1,0.0,0.0,0.1,prop_127,1000,2000,-0.007500000000000034,0.37550000000000006,True,0.3830000000000001,0.37550000000000006,0.234,0.234,-0.24150000000000005,0.14150000000000001,0.0,0.0,0.38300000000000006
rep0831,0.57,0.567,alg3,0.1,0.0,0.0,0.1,prop_127,1000,2000,0.5275000000000001,0.873,True,0.3454999999999999,0.3454999999999999,0.738,0.738,-0.2104999999999999,0.135,0.0,0.0,0.3454999999999999
rep0832,0.67,0.665,alg3,0.1,0.0,0.0,0.1,prop_127,1000,2000,0.5005,0.8115,True,0.31100000000000005,0.31100000000000005,0.706,0.706,-0.20550000000000002,0.10550000000000001,0.0,0.0,0.31100000000000005
rep0833,0.25,0.253,alg3,0.1,0.0,0.0,0.1,prop_127,1000,2000,0.02900000000000008,0.4235,True,0.3944999999999999,0.3944999999999999,0.2765,0.2765,-0.24749999999999994,0.147,0.0,0.0,0.39449999999999996
rep0834,0.31,0.307,alg3,0.1,0.0,0.0,0.1,prop_127,1000,2000,0.13099999999999995,0.4285,True,0.29750000000000004,0.29750000000000004,0.31,0.31,-0.17900000000000005,0.1185,0.0,0.0,0.29750000000000004
rep0835,0.70,0.705,alg3,0.1,0.0,0.0,0.1,prop_127,1000,2000,0.38850000000000007,0.7735000000000001,True,0.385,0.385,0.649,0.649,-0.26049999999999995,0.1245,0.0,0.0,0.38499999999999995
rep0836,0.04,0.04,alg3,0.1,0.0,0.0,0.1,prop_127,1000,2000,-0.018000000000000016,0.33549999999999996,True,0.3535,0.33549999999999996,0.1845,0.1845,-0.2025,0.15099999999999997,0.0,0.0,0.3535
rep0837,0.80,0.804,alg3,0.1,0.0,0.0,0.1,prop_127,1000,2000,0.5859999999999999,0.941,True,0.3550000000000001,0.3550000000000001,0.821,0.821,-0.23500000000000004,0.12,0.0,0.0,0.35500000000000004
rep0838,0.18,0.183,alg3,0.1,0.0,0.0,0.1,prop_127,1000,2000,0.014500000000000068,0.3945000000000001,True,0.38,0.38,0.2785,0.2785,-0.26399999999999996,0.11600000000000002,0.0,0.0,0.38
rep0839,0.21,0.214,alg3,0.1,0.0,0.0,0.1,prop_127,1000,2000,-0.02899999999999997,0.33499999999999996,True,0.36399999999999993,0.33499999999999996,0.211,0.211,-0.23999999999999996,0.124,0.0,0.0,0.364
rep0840,0.77,0.766,alg3,0.1,0.0,0.0,0.1,prop_127,1000,2000,0.534,0.8304999999999999,True,0.2964999999999999,0.2964999999999999,0.719,0.719,-0.185,0.11149999999999993,0.0,0.0,0.29649999999999993
rep0841,0.38,0.381,alg3,0.1,0.0,0.0,0.1,prop_127,1000,2000,0.30000000000000004,0.617,True,0.31699999999999995,0.31699999999999995,0.516,0.516,-0.21599999999999997,0.101,0.0,0.0,0.31699999999999995
rep0842,0.77,0.769,alg3,0.1,0.0,0.0,0.1,prop_127,1000,2000,0.5495,0.906,True,0.35650000000000004,0.35650000000000004,0.758,0.758,-0.20850000000000002,0.148,0.0,0.0,0.35650000000000004
rep0843,0.62,0.618,alg3,0.1,0.0,0.0,0.1,prop_127,1000,2000,0.46350000000000013,0.8045000000000001,True,0.34099999999999997,0.34099999999999997,0.684,0.684,-0.22049999999999992,0.12050000000000005,0.0,0.0,0.34099999999999997
rep0844,0.80,0.797,alg3,0.1,0.0,0.0,0.1,prop_127,1000,2000,0.6355,1.0050000000000001,True,0.36950000000000016,0.36450000000000005,0.887,0.887,-0.2515,0.11800000000000002,0.0,0.0,0.36950000000000005
rep0845,0.52,0.522,alg3,0.1,0.0,0.0,0.1,prop_127,1000,2000,0.36349999999999993,0.6809999999999999,True,0.3175,0.3175,0.59,0.59,-0.22650000000000003,0.09099999999999998,0.0,0.0,0.3175
rep0846,0.46,0.455,alg3,0.1,0.0,0.0,0.1,prop_127,1000,2000,0.29449999999999993,0.6199999999999999,True,0.32549999999999996,0.32549999999999996,0.5115,0.5115,-0.21700000000000003,0.10849999999999993,0.0,0.0,0.32549999999999996
rep0847,0.68,0.675,alg3,0.1,0.0,0.0,0.1,prop_127,1000,2000,0.38350000000000006,0.7255,True,0.34199999999999997,0.34199999999999997,0.5995,0.5995,-0.216,0.126,0.0,0.0,0.34199999999999997
rep0848,0.55,0.55,alg3,0.1,0.0,0.0,0.1,prop_127,1000,2000,0.40149999999999997,0.757,True,0.35550000000000004,0.35550000000000004,0.609,0.609,-0.20750000000000002,0.148,0.0,0.0,0.35550000000000004
rep0849,0.47,0.471,alg3,0.1,0.0,0.0,0.1,prop_127,1000,2000,0.31700000000000006,0.628,True,0.31099999999999994,0.31099999999999994,0.537,0.537,-0.21999999999999997,0.09099999999999997,0.0,0.0,0.31099999999999994
rep0850,0.33,0.329,alg3,0.1,0.0,0.0,0.1,prop_127,1000,2000,0.062000000000000055,0.38750000000000007,True,0.3255,0.3255,0.274,0.274,-0.21199999999999997,0.11350000000000005,0.0,0.0,0.3255
rep0851,0.56,0.556,alg3,0.1,0.0,0.0,0.1,prop_127,1000,2000,0.2899999999999999,0.6285,True,0.3385,0.3385,0.5025,0.5025,-0.21250000000000002,0.126,0.0,0.0,0.3385
rep0852,0.25,0.252,alg3,0.1,0.0,0.0,0.1,prop_127,1000,2000,0.08600000000000008,0.398,True,0.31199999999999994,0.31199999999999994,0.258,0.258,-0.17199999999999993,0.14,0.0,0.0,0.31199999999999994
rep0853,0.75,0.751,alg3,0.1,0.0,0.0,0.1,prop_127,1000,2000,0.598,0.905,True,0.30700000000000005,0.30700000000000005,0.7985,0.7985,-0.2005,0.10650000000000004,0.0,0.0,0.30700000000000005
rep0854,0.32,0.317,alg3,0.1,0.0,0.0,0.1,prop_127,1000,2000,0.03400000000000003,0.3955,True,0.3615,0.3615,0.265,0.265,-0.23099999999999998,0.1305,0.0,0.0,0.3615
rep0855,0.41,0.411,alg3,0.1,0.0,0.0,0.1,prop_127,1000,2000,0.20850000000000002,0.5514999999999999,True,0.34299999999999986,0.34299999999999986,0.4225,0.4225,-0.21399999999999997,0.12899999999999995,0.0,0.0,0.3429999999999999
rep0856,0.24,0.239,alg3,0.1,0.0,0.0,0.1,prop_127,1000,2000,0.03800000000000009,0.37200000000000005,True,0.33399999999999996,0.33399999999999996,0.2625,0.2625,-0.22449999999999992,0.10950000000000004,0.0,0.0,0.33399999999999996
rep0857,0.60,0.604,alg3,0.1,0.0,0.0,0.1,prop_127,1000,2000,0.5145,0.83,True,0.3155,0.3155,0.707,0.707,-0.1925,0.123,0.0,0.0,0.3155
rep0858,0.52,0.524,alg3,0.1,0.0,0.0,0.1,prop_127,1000,2000,0.47,0.7695000000000001,True,0.2995000000000001,0.2995000000000001,0.6575,0.6575,-0.1875,0.11200000000000004,0.0,0.0,0.29950000000000004
rep0859,0.35,0.35,alg3,0.1,0.0,0.0,0.1,prop_127,1000,2000,0.4009999999999999,0.7685,False,0.36750000000000005,0.36750000000000005,0.6305,0.6305,-0.22950000000000004,0.138,0.0,0.0,0.36750000000000005
rep0860,0.26,0.261,alg3,0.1,0.0,0.0,0.1,prop_127,1000,2000,-0.06249999999999997,0.22749999999999995,False,0.2899999999999999,0.22749999999999995,0.1435,0.1435,-0.20599999999999996,0.08399999999999996,0.0,0.0,0.2899999999999999
rep0861,0.70,0.7,alg3,0.1,0.0,0.0,0.1,prop_127,1000,2000,0.22299999999999998,0.5375,False,0.3145,0.3145,0.4165,0.4165,-0.1935,0.121,0.0,0.0,0.3145
rep0862,0.76,0.76,alg3,0.1,0.0,0.0,0.1,prop_127,1000,2000,0.643,0.9635,True,0.3205,0.3205,0.8585,0.8585,-0.21550000000000002,0.10499999999999998,0.0,0.0,0.3205
rep0863,0.16,0.164,alg3,0.1,0.0,0.0,0.1,prop_127,1000,2000,0.09699999999999998,0.42100000000000004,True,0.32400000000000007,0.32400000000000007,0.3075,0.3075,-0.21050000000000002,0.11350000000000002,0.0,0.0,0.32400000000000007
rep0864,0.39,0.392,alg3,0.1,0.0,0.0,0.1,prop_127,1000,2000,0.282,0.647,True,0.36500000000000005,0.36500000000000005,0.4985,0.4985,-0.21650000000000003,0.14849999999999997,0.0,0.0,0.365
rep0865,0.68,0.684,alg3,0.1,0.0,0.0,0.1,prop_127,1000,2000,0.6579999999999999,1.014,True,0.3560000000000001,0.3420000000000001,0.9015,0.9015,-0.24350000000000005,0.11249999999999999,0.0,0.0,0.35600000000000004
rep0866,0.46,0.458,alg3,0.1,0.0,0.0,0.1,prop_127,1000,2000,0.494,0.812,False,0.31800000000000006,0.31800000000000006,0.6785,0.6785,-0.1845,0.1335,0.0,0.0,0.318
rep0867,0.68,0.677,alg3,0.1,0.0,0.0,0.1,prop_127,1000,2000,0.552,0.9105000000000001,True,0.35850000000000004,0.35850000000000004,0.76,0.76,-0.20799999999999996,0.15050000000000008,0.0,0.0,0.35850000000000004
rep0868,0.27,0.271,alg3,0.1,0.0,0.0,0.1,prop_127,1000,2000,0.14099999999999996,0.5189999999999999,True,0.37799999999999995,0.37799999999999995,0.3555,0.3555,-0.21450000000000002,0.16349999999999998,0.0,0.0,0.378
rep0869,0.25,0.246,alg3,0.1,0.0,0.0,0.1,prop_127,1000,2000,0.07750000000000001,0.3785,True,0.301,0.301,0.2645,0.2645,-0.187,0.11399999999999999,0.0,0.0,0.301
rep0870,0.55,0.546,alg3,0.1,0.0,0.0,0.1,prop_127,1000,2000,0.4395,0.7949999999999999,True,0.3554999999999999,0.3554999999999999,0.6495,0.6495,-0.20999999999999996,0.14550000000000002,0.0,0.0,0.3555
rep0871,0.71,0.711,alg3,0.1,0.0,0.0,0.1,prop_127,1000,2000,0.5445,0.9025000000000001,True,0.3580000000000001,0.3580000000000001,0.7415,0.7415,-0.197,0.16100000000000003,0.0,0.0,0.35800000000000004
rep0872,0.23,0.234,alg3,0.1,0.0,0.0,0.1,prop_127,1000,2000,0.26200000000000007,0.5835,False,0.32149999999999995,0.32149999999999995,0.463,0.463,-0.20099999999999996,0.1205,0.0,0.0,0.32149999999999995
rep0873,0.77,0.773,alg3,0.1,0.0,0.0,0.1,prop_127,1000,2000,0.46099999999999997,0.8,True,0.3390000000000001,0.3390000000000001,0.6725,0.6725,-0.21150000000000002,0.12750000000000003,0.0,0.0,0.3390000000000001
rep0874,0.15,0.147,alg3,0.1,0.0,0.0,0.1,prop_127,1000,2000,-0.0975,0.211,True,0.3085,0.211,0.1,0.1,-0.1975,0.11099999999999999,0.0,0.0,0.3085
rep0875,0.22,0.219,alg3,0.1,0.0,0.0,0.1,prop_127,1000,2000,-0.06850000000000003,0.28200000000000003,True,0.35050000000000003,0.28200000000000003,0.142,0.142,-0.21050000000000002,0.14,0.0,0.0,0.35050000000000003
rep0876,0.66,0.663,alg3,0.1,0.0,0.0,0.1,prop_127,1000,2000,0.606,0.8889999999999999,True,0.2829999999999999,0.2829999999999999,0.815,0.815,-0.20899999999999996,0.07399999999999995,0.0,0.0,0.2829999999999999
rep0877,0.61,0.607,alg3,0.1,0.0,0.0,0.1,prop_127,1000,2000,0.417,0.7585,True,0.34149999999999997,0.34149999999999997,0.6345,0.6345,-0.21749999999999997,0.124,0.0,0.0,0.34149999999999997
rep0878,0.69,0.687,alg3,0.1,0.0,0.0,0.1,prop_127,1000,2000,0.5235,0.849,True,0.3255,0.3255,0.737,0.737,-0.21350000000000002,0.112,0.0,0.0,0.3255
rep0879,0.04,0.04,alg3,0.1,0.0,0.0,0.1,prop_127,1000,2000,-0.22349999999999998,0.122,True,0.3455,0.122,0.003,0.003,-0.22649999999999998,0.119,0.0,0.0,0.3455
rep0880,0.40,0.403,alg3,0.1,0.0,0.0,0.1,prop_127,1000,2000,0.2455,0.5569999999999999,True,0.31149999999999994,0.31149999999999994,0.44,0.44,-0.1945,0.11699999999999999,0.0,0.0,0.3115
rep0881,0.19,0.191,alg3,0.1,0.0,0.0,0.1,prop_127,1000,2000,0.1275,0.43850000000000006,True,0.31100000000000005,0.31100000000000005,0.321,0.321,-0.1935,0.11750000000000005,0.0,0.0,0.31100000000000005
rep0882,0.44,0.441,alg3,0.1,0.0,0.0,0.1,prop_127,1000,2000,0.42599999999999993,0.7755,True,0.34950000000000003,0.34950000000000003,0.6515,0.6515,-0.22550000000000003,0.124,0.0,0.0,0.34950000000000003
rep0883,0.94,0.942,alg3,0.1,0.0,0.0,0.1,prop_127,1000,2000,0.707,1.058,True,0.3510000000000001,0.29300000000000004,0.9345,0.9345,-0.22750000000000004,0.1235,0.0,0.0,0.35100000000000003
rep0884,0.35,0.347,alg3,0.1,0.0,0.0,0.1,prop_127,1000,2000,0.030000000000000027,0.41,True,0.37999999999999995,0.37999999999999995,0.282,0.282,-0.25199999999999995,0.128,0.0,0.0,0.37999999999999995
rep0885,0.73,0.732,alg3,0.1,0.0,0.0,0.1,prop_127,1000,2000,0.6124999999999999,0.95,True,0.3375,0.3375,0.829,0.829,-0.21650000000000003,0.121,0.0,0.0,0.3375
rep0886,0.55,0.547,alg3,0.1,0.0,0.0,0.1,prop_127,1000,2000,0.3215,0.6485000000000001,True,0.32700000000000007,0.32700000000000007,0.5615,0.5615,-0.24000000000000002,0.08700000000000002,0.0,0.0,0.32700000000000007
rep0887,0.35,0.351,alg3,0.1,0.0,0.0,0.1,prop_127,1000,2000,0.1365,0.46299999999999997,True,0.32649999999999996,0.32649999999999996,0.354,0.354,-0.21749999999999997,0.10899999999999999,0.0,0.0,0.32649999999999996
rep0888,0.17,0.173,alg3,0.1,0.0,0.0,0.1,prop_127,1000,2000,0.012499999999999983,0.3395,True,0.32700000000000007,0.32700000000000007,0.214,0.214,-0.2015,0.1255,0.0,0.0,0.327
rep0889,0.26,0.258,alg3,0.1,0.0,0.0,0.1,prop_127,1000,2000,0.18599999999999994,0.556,True,0.3700000000000001,0.3700000000000001,0.4155,0.4155,-0.22950000000000004,0.14050000000000007,0.0,0.0,0.3700000000000001
rep0890,0.63,0.632,alg3,0.1,0.0,0.0,0.1,prop_127,1000,2000,0.5465000000000001,0.879,True,0.3324999999999999,0.3324999999999999,0.761,0.761,-0.2144999999999999,0.118,0.0,0.0,0.3324999999999999
rep0891,0.56,0.56,alg3,0.1,0.0,0.0,0.1,prop_127,1000,2000,0.4395,0.809,True,0.36950000000000005,0.36950000000000005,0.684,0.684,-0.24450000000000005,0.12500000000000003,0.0,0.0,0.36950000000000005
rep0892,0.81,0.813,alg3,0.1,0.0,0.0,0.1,prop_127,1000,2000,0.773,1.065,True,0.2919999999999999,0.22699999999999998,0.97,0.97,-0.19699999999999995,0.09499999999999997,0.0,0.0,0.2919999999999999
rep0893,0.29,0.29,alg3,0.1,0.0,0.0,0.1,prop_127,1000,2000,0.16249999999999998,0.46599999999999997,True,0.3035,0.3035,0.3635,0.3635,-0.201,0.10249999999999998,0.0,0.0,0.3035
rep0894,0.25,0.25,alg3,0.1,0.0,0.0,0.1,prop_127,1000,2000,-0.07099999999999998,0.2925,True,0.36349999999999993,0.2925,0.159,0.159,-0.22999999999999998,0.1335,0.0,0.0,0.3635
rep0895,0.54,0.535,alg3,0.1,0.0,0.0,0.1,prop_127,1000,2000,0.3700000000000001,0.6739999999999999,True,0.3039999999999998,0.3039999999999998,0.5885,0.5885,-0.21849999999999992,0.08549999999999996,0.0,0.0,0.3039999999999999
rep0896,0.42,0.418,alg3,0.1,0.0,0.0,0.1,prop_127,1000,2000,0.08150000000000002,0.451,True,0.3695,0.3695,0.3295,0.3295,-0.248,0.1215,0.0,0.0,0.3695
rep0897,0.61,0.609,alg3,0.1,0.0,0.0,0.1,prop_127,1000,2000,0.3145,0.679,True,0.36450000000000005,0.36450000000000005,0.534,0.534,-0.21950000000000003,0.14500000000000002,0.0,0.0,0.36450000000000005
rep0898,0.42,0.419,alg3,0.1,0.0,0.0,0.1,prop_127,1000,2000,0.22149999999999992,0.5934999999999999,True,0.372,0.372,0.4915,0.4915,-0.2700000000000001,0.10199999999999998,0.0,0.0,0.37200000000000005
rep0899,0.62,0.616,alg3,0.1,0.0,0.0,0.1,prop_127,1000,2000,0.34299999999999997,0.643,True,0.30000000000000004,0.30000000000000004,0.5515,0.5515,-0.2085,0.09149999999999997,0.0,0.0,0.29999999999999993
rep0900,0.09,0.091,alg3,0.1,0.0,0.0,0.1,prop_127,1000,2000,-0.12450000000000006,0.23299999999999998,True,0.35750000000000004,0.23299999999999998,0.1205,0.1205,-0.24500000000000005,0.11249999999999999,0.0,0.0,0.35750000000000004
rep0901,0.23,0.225,alg3,0.1,0.0,0.0,0.1,prop_127,1000,2000,0.11549999999999994,0.46599999999999997,True,0.35050000000000003,0.35050000000000003,0.352,0.352,-0.23650000000000004,0.114,0.0,0.0,0.35050000000000003
rep0902,0.43,0.429,alg3,0.1,0.0,0.0,0.1,prop_127,1000,2000,0.29200000000000004,0.5785,True,0.2865,0.2865,0.4835,0.4835,-0.19149999999999995,0.09500000000000003,0.0,0.0,0.2865
rep0903,0.41,0.406,alg3,0.1,0.0,0.0,0.1,prop_127,1000,2000,0.35800000000000004,0.724,True,0.36599999999999994,0.36599999999999994,0.5925,0.5925,-0.2345,0.13149999999999995,0.0,0.0,0.36599999999999994
rep0904,0.76,0.761,alg3,0.1,0.0,0.0,0.1,prop_127,1000,2000,0.6425,0.9525,True,0.31000000000000005,0.31000000000000005,0.833,0.833,-0.1905,0.11950000000000005,0.0,0.0,0.31000000000000005
rep0905,0.49,0.494,alg3,0.1,0.0,0.0,0.1,prop_127,1000,2000,0.6215,0.926,False,0.3045,0.3045,0.796,0.796,-0.1745,0.13000000000000003,0.0,0.0,0.3045
rep0906,0.42,0.425,alg3,0.1,0.0,0.0,0.1,prop_127,1000,2000,0.20399999999999996,0.5089999999999999,True,0.30499999999999994,0.30499999999999994,0.4095,0.4095,-0.20550000000000002,0.09949999999999998,0.0,0.0,0.305
rep0907,0.58,0.579,alg3,0.1,0.0,0.0,0.1,prop_127,1000,2000,0.3454999999999999,0.6844999999999999,True,0.33899999999999997,0.33899999999999997,0.5375,0.5375,-0.19200000000000006,0.14699999999999996,0.0,0.0,0.339
rep0908,0.46,0.463,alg3,0.1,0.0,0.0,0.1,prop_127,1000,2000,0.532,0.8255,False,0.2935,0.2935,0.7325,0.7325,-0.2005,0.09299999999999997,0.0,0.0,0.2935
rep0909,0.60,0.597,alg3,0.1,0.0,0.0,0.1,prop_127,1000,2000,0.6040000000000001,0.913,False,0.30899999999999994,0.30899999999999994,0.797,0.797,-0.193,0.11600000000000002,0.0,0.0,0.30900000000000005
rep0910,0.23,0.234,alg3,0.1,0.0,0.0,0.1,prop_127,1000,2000,-0.06849999999999995,0.3415,True,0.41,0.3415,0.181,0.181,-0.24949999999999994,0.16050000000000003,0.0,0.0,0.41
rep0911,0.94,0.938,alg3,0.1,0.0,0.0,0.1,prop_127,1000,2000,0.7635,1.1405,True,0.3770000000000001,0.23650000000000004,0.985,0.985,-0.22150000000000003,0.15550000000000003,0.0,0.0,0.37700000000000006
rep0912,0.36,0.356,alg3,0.1,0.0,0.0,0.1,prop_127,1000,2000,0.15649999999999997,0.5070000000000001,True,0.35050000000000014,0.35050000000000014,0.3905,0.3905,-0.23400000000000004,0.11650000000000005,0.0,0.0,0.3505000000000001
rep0913,0.80,0.797,alg3,0.1,0.0,0.0,0.1,prop_127,1000,2000,0.712,1.0575,True,0.34550000000000014,0.28800000000000003,0.9135,0.9135,-0.2015,0.14400000000000002,0.0,0.0,0.34550000000000003
rep0914,0.30,0.303,alg3,0.1,0.0,0.0,0.1,prop_127,1000,2000,0.16349999999999992,0.505,True,0.3415000000000001,0.3415000000000001,0.3615,0.3615,-0.19800000000000006,0.14350000000000002,0.0,0.0,0.3415000000000001
rep0915,0.60,0.601,alg3,0.1,0.0,0.0,0.1,prop_127,1000,2000,0.524,0.8575,True,0.3335,0.3335,0.743,0.743,-0.21900000000000003,0.1145,0.0,0.0,0.3335
rep0916,0.55,0.554,alg3,0.1,0.0,0.0,0.1,prop_127,1000,2000,0.374,0.6735,True,0.2995,0.2995,0.603,0.603,-0.22899999999999998,0.07050000000000001,0.0,0.0,0.2995
rep0917,0.55,0.552,alg3,0.1,0.0,0.0,0.1,prop_127,1000,2000,0.484,0.7945,True,0.3105,0.3105,0.7005,0.7005,-0.21650000000000003,0.09399999999999997,0.0,0.0,0.3105
rep0918,0.71,0.715,alg3,0.1,0.0,0.0,0.1,prop_127,1000,2000,0.5205,0.8255,True,0.30500000000000005,0.30500000000000005,0.734,0.734,-0.21350000000000002,0.09150000000000003,0.0,0.0,0.30500000000000005
rep0919,0.86,0.859,alg3,0.1,0.0,0.0,0.1,prop_127,1000,2000,0.7230000000000001,1.0250000000000001,True,0.30200000000000005,0.2769999999999999,0.936,0.936,-0.21299999999999997,0.089,0.0,0.0,0.30199999999999994
rep0920,0.65,0.647,alg3,0.1,0.0,0.0,0.1,prop_127,1000,2000,0.42800000000000005,0.7365,True,0.3085,0.3085,0.6205,0.6205,-0.19249999999999998,0.11599999999999999,0.0,0.0,0.3085
rep0921,0.23,0.231,alg3,0.1,0.0,0.0,0.1,prop_127,1000,2000,0.003000000000000058,0.3475,True,0.3444999999999999,0.3444999999999999,0.192,0.192,-0.18899999999999995,0.15549999999999997,0.0,0.0,0.3444999999999999
rep0922,0.72,0.717,alg3,0.1,0.0,0.0,0.1,prop_127,1000,2000,0.2295,0.5235,False,0.29399999999999993,0.29399999999999993,0.43,0.43,-0.20049999999999998,0.09349999999999997,0.0,0.0,0.29399999999999993
rep0923,0.14,0.145,alg3,0.1,0.0,0.0,0.1,prop_127,1000,2000,0.26250000000000007,0.5895,False,0.32699999999999996,0.32699999999999996,0.4545,0.4545,-0.19199999999999995,0.135,0.0,0.0,0.32699999999999996
rep0924,0.14,0.141,alg3,0.1,0.0,0.0,0.1,prop_127,1000,2000,-0.14200000000000002,0.184,True,0.326,0.184,0.075,0.075,-0.21700000000000003,0.10899999999999999,0.0,0.0,0.326
rep0925,0.66,0.659,alg3,0.1,0.0,0.0,0.1,prop_127,1000,2000,0.5355,0.8654999999999999,True,0.32999999999999996,0.32999999999999996,0.7685,0.7685,-0.233,0.097,0.0,0.0,0.33
rep0926,0.16,0.157,alg3,0.1,0.0,0.0,0.1,prop_127,1000,2000,-0.03599999999999995,0.279,True,0.31499999999999995,0.279,0.166,0.166,-0.20199999999999996,0.11299999999999999,0.0,0.0,0.31499999999999995
rep0927,0.53,0.525,alg3,0.1,0.0,0.0,0.1,prop_127,1000,2000,0.47000000000000003,0.803,True,0.333,0.333,0.682,0.682,-0.21200000000000002,0.12100000000000002,0.0,0.0,0.3330000000000001
rep0928,0.38,0.377,alg3,0.1,0.0,0.0,0.1,prop_127,1000,2000,0.39050000000000007,0.752,False,0.36149999999999993,0.36149999999999993,0.5795,0.5795,-0.18899999999999995,0.1725,0.0,0.0,0.36149999999999993
rep0929,0.48,0.479,alg3,0.1,0.0,0.0,0.1,prop_127,1000,2000,0.1815,0.5529999999999999,True,0.37149999999999994,0.37149999999999994,0.4235,0.4235,-0.242,0.12949999999999995,0.0,0.0,0.37149999999999994
rep0930,0.67,0.666,alg3,0.1,0.0,0.0,0.1,prop_127,1000,2000,0.5705,0.921,True,0.35050000000000003,0.35050000000000003,0.7705,0.7705,-0.2,0.15050000000000002,0.0,0.0,0.35050000000000003
rep0931,0.79,0.786,alg3,0.1,0.0,0.0,0.1,prop_127,1000,2000,0.752,1.0765,True,0.3245,0.248,0.9495,0.9495,-0.1975,0.127,0.0,0.0,0.3245
rep0932,0.75,0.754,alg3,0.1,0.0,0.0,0.1,prop_127,1000,2000,0.3825,0.6925,False,0.31,0.31,0.5665,0.5665,-0.184,0.126,0.0,0.0,0.31
rep0933,0.48,0.483,alg3,0.1,0.0,0.0,0.1,prop_127,1000,2000,0.41400000000000003,0.7565000000000001,True,0.3425,0.3425,0.639,0.639,-0.22499999999999998,0.11750000000000002,0.0,0.0,0.3425
rep0934,0.37,0.37,alg3,0.1,0.0,0.0,0.1,prop_127,1000,2000,0.09500000000000003,0.42550000000000004,True,0.3305,0.3305,0.323,0.323,-0.22799999999999998,0.10250000000000004,0.0,0.0,0.3305
rep0935,0.44,0.439,alg3,0.1,0.0,0.0,0.1,prop_127,1000,2000,0.22300000000000003,0.5945,True,0.3715,0.3715,0.446,0.446,-0.22299999999999998,0.1485,0.0,0.0,0.37149999999999994
rep0936,0.48,0.48,alg3,0.1,0.0,0.0,0.1,prop_127,1000,2000,0.3365,0.6565000000000001,True,0.32000000000000006,0.32000000000000006,0.5645,0.5645,-0.22799999999999998,0.09200000000000003,0.0,0.0,0.32
rep0937,0.52,0.52,alg3,0.1,0.0,0.0,0.1,prop_127,1000,2000,0.347,0.722,True,0.375,0.375,0.589,0.589,-0.242,0.133,0.0,0.0,0.375
rep0938,0.05,0.046,alg3,0.1,0.0,0.0,0.1,prop_127,1000,2000,-0.07200000000000004,0.268,True,0.3400000000000001,0.268,0.1605,0.1605,-0.23250000000000004,0.10750000000000004,0.0,0.0,0.3400000000000001
rep0939,0.25,0.253,alg3,0.1,0.0,0.0,0.1,prop_127,1000,2000,0.14999999999999997,0.4759999999999999,True,0.32599999999999996,0.32599999999999996,0.3445,0.3445,-0.1945,0.13149999999999995,0.0,0.0,0.32599999999999996
rep0940,0.89,0.885,alg3,0.1,0.0,0.0,0.1,prop_127,1000,2000,0.5905,0.8955,True,0.30499999999999994,0.30499999999999994,0.7935,0.7935,-0.20299999999999996,0.10199999999999998,0.0,0.0,0.30499999999999994
rep0941,0.70,0.699,alg3,0.1,0.0,0.0,0.1,prop_127,1000,2000,0.34850000000000003,0.6515000000000001,False,0.30300000000000005,0.30300000000000005,0.559,0.559,-0.21050000000000002,0.09250000000000003,0.0,0.0,0.30300000000000005
rep0942,0.28,0.283,alg3,0.1,0.0,0.0,0.1,prop_127,1000,2000,0.10000000000000003,0.4775000000000001,True,0.37750000000000006,0.37750000000000006,0.338,0.338,-0.238,0.13950000000000007,0.0,0.0,0.37750000000000006
rep0943,0.48,0.485,alg3,0.1,0.0,0.0,0.1,prop_127,1000,2000,0.11349999999999999,0.44949999999999996,False,0.33599999999999997,0.33599999999999997,0.306,0.306,-0.1925,0.14349999999999996,0.0,0.0,0.33599999999999997
rep0944,0.52,0.52,alg3,0.1,0.0,0.0,0.1,prop_127,1000,2000,0.2695,0.5745,True,0.305,0.305,0.4745,0.4745,-0.20499999999999996,0.10000000000000003,0.0,0.0,0.305
rep0945,0.60,0.598,alg3,0.1,0.0,0.0,0.1,prop_127,1000,2000,0.32599999999999996,0.6819999999999999,True,0.356,0.356,0.5645,0.5645,-0.23850000000000005,0.1175,0.0,0.0,0.35600000000000004
rep0946,0.41,0.412,alg3,0.1,0.0,0.0,0.1,prop_127,1000,2000,0.128,0.47400000000000003,True,0.34600000000000003,0.34600000000000003,0.362,0.362,-0.23399999999999999,0.11200000000000004,0.0,0.0,0.34600000000000003
rep0947,0.88,0.877,alg3,0.1,0.0,0.0,0.1,prop_127,1000,2000,0.769,1.116,True,0.3470000000000001,0.23099999999999998,1.0,1.0,-0.23099999999999998,0.11599999999999999,0.0,0.0,0.347
rep0948,0.83,0.832,alg3,0.1,0.0,0.0,0.1,prop_127,1000,2000,0.6990000000000001,0.9975,True,0.2985,0.2985,0.911,0.911,-0.21199999999999997,0.08650000000000002,0.0,0.0,0.2985
rep0949,0.21,0.206,alg3,0.1,0.0,0.0,0.1,prop_127,1000,2000,-0.16550000000000006,0.21749999999999997,True,0.383,0.21749999999999997,0.087,0.087,-0.25250000000000006,0.13049999999999998,0.0,0.0,0.383
rep0950,0.91,0.91,alg3,0.1,0.0,0.0,0.1,prop_127,1000,2000,0.664,0.9974999999999999,True,0.3334999999999999,0.3334999999999999,0.904,0.904,-0.24,0.09349999999999992,0.0,0.0,0.3334999999999999
rep0951,0.21,0.214,alg3,0.1,0.0,0.0,0.1,prop_127,1000,2000,0.1205,0.4195000000000001,True,0.2990000000000001,0.2990000000000001,0.3095,0.3095,-0.189,0.1100000000000001,0.0,0.0,0.2990000000000001
rep0952,0.59,0.589,alg3,0.1,0.0,0.0,0.1,prop_127,1000,2000,0.5025,0.828,True,0.3255,0.3255,0.695,0.695,-0.1925,0.133,0.0,0.0,0.3255
rep0953,0.79,0.785,alg3,0.1,0.0,0.0,0.1,prop_127,1000,2000,0.705,1.0565,True,0.35150000000000003,0.29500000000000004,0.9115,0.9115,-0.20650000000000002,0.14500000000000002,0.0,0.0,0.35150000000000003
rep0954,0.13,0.133,alg3,0.1,0.0,0.0,0.1,prop_127,1000,2000,0.07900000000000007,0.35900000000000004,True,0.27999999999999997,0.27999999999999997,0.2775,0.2775,-0.19849999999999995,0.08150000000000002,0.0,0.0,0.27999999999999997
rep0955,0.19,0.194,alg3,0.1,0.0,0.0,0.1,prop_127,1000,2000,0.118,0.446,True,0.328,0.328,0.3455,0.3455,-0.22749999999999998,0.10050000000000003,0.0,0.0,0.328
rep0956,0.77,0.772,alg3,0.1,0.0,0.0,0.1,prop_127,1000,2000,0.6695,1.0335,True,0.3640000000000001,0.3305,0.879,0.879,-0.20950000000000002,0.15450000000000003,0.0,0.0,0.36400000000000005
rep0957,0.32,0.321,alg3,0.1,0.0,0.0,0.1,prop_127,1000,2000,0.18949999999999995,0.6020000000000001,True,0.41250000000000014,0.41250000000000014,0.4615,0.4615,-0.2720000000000001,0.1405,0.0,0.0,0.4125000000000001
rep0958,0.21,0.21,alg3,0.1,0.0,0.0,0.1,prop_127,1000,2000,0.254,0.5955,False,0.3415,0.3415,0.478,0.478,-0.22399999999999998,0.11750000000000001,0.0,0.0,0.34149999999999997
rep0959,0.40,0.396,alg3,0.1,0.0,0.0,0.1,prop_127,1000,2000,0.27549999999999997,0.6075,True,0.3320000000000001,0.3320000000000001,0.4955,0.4955,-0.22000000000000003,0.11200000000000004,0.0,0.0,0.3320000000000001
rep0960,0.41,0.415,alg3,0.1,0.0,0.0,0.1,prop_127,1000,2000,0.32999999999999996,0.6859999999999999,True,0.356,0.356,0.5575,0.5575,-0.2275,0.12849999999999998,0.0,0.0,0.356
rep0961,0.78,0.776,alg3,0.1,0.0,0.0,0.1,prop_127,1000,2000,0.5445,0.9295,True,0.385,0.385,0.7775,0.7775,-0.23299999999999998,0.15200000000000002,0.0,0.0,0.385
rep0962,0.39,0.391,alg3,0.1,0.0,0.0,0.1,prop_127,1000,2000,0.05499999999999999,0.42400000000000004,True,0.36900000000000005,0.36900000000000005,0.2735,0.2735,-0.21850000000000003,0.15050000000000002,0.0,0.0,0.36900000000000005
rep0963,0.25,0.252,alg3,0.1,0.0,0.0,0.1,prop_127,1000,2000,0.1185,0.42400000000000004,True,0.30550000000000005,0.30550000000000005,0.331,0.331,-0.21250000000000002,0.093,0.0,0.0,0.3055
rep0964,0.23,0.227,alg3,0.1,0.0,0.0,0.1,prop_127,1000,2000,0.2115,0.5675000000000001,True,0.3560000000000001,0.3560000000000001,0.443,0.443,-0.2315,0.12450000000000006,0.0,0.0,0.3560000000000001
rep0965,0.46,0.46,alg3,0.1,0.0,0.0,0.1,prop_127,1000,2000,0.2144999999999999,0.5385,True,0.32400000000000007,0.32400000000000007,0.4125,0.4125,-0.19800000000000006,0.126,0.0,0.0,0.32400000000000007
rep0966,0.24,0.238,alg3,0.1,0.0,0.0,0.1,prop_127,1000,2000,0.1345,0.437,True,0.3025,0.3025,0.327,0.327,-0.1925,0.11,0.0,0.0,0.3025
rep0967,0.35,0.35,alg3,0.1,0.0,0.0,0.1,prop_127,1000,2000,0.22449999999999998,0.6075,True,0.38300000000000006,0.38300000000000006,0.4555,0.4555,-0.23100000000000004,0.15200000000000002,0.0,0.0,0.38300000000000006
rep0968,0.62,0.619,alg3,0.1,0.0,0.0,0.1,prop_127,1000,2000,0.56,0.873,True,0.31299999999999994,0.31299999999999994,0.752,0.752,-0.19199999999999995,0.121,0.0,0.0,0.31299999999999994
rep0969,0.68,0.675,alg3,0.1,0.0,0.0,0.1,prop_127,1000,2000,0.5785,0.911,True,0.3325,0.3325,0.8205,0.8205,-0.242,0.09050000000000002,0.0,0.0,0.3325
rep0970,0.56,0.559,alg3,0.1,0.0,0.0,0.1,prop_127,1000,2000,0.31250000000000006,0.6130000000000001,True,0.30050000000000004,0.30050000000000004,0.515,0.515,-0.20249999999999996,0.09800000000000009,0.0,0.0,0.30050000000000004
rep0971,0.16,0.158,alg3,0.1,0.0,0.0,0.1,prop_127,1000,2000,0.024499999999999966,0.32999999999999996,True,0.3055,0.3055,0.2415,0.2415,-0.21700000000000003,0.08849999999999997,0.0,0.0,0.3055
rep0972,0.94,0.94,alg3,0.1,0.0,0.0,0.1,prop_127,1000,2000,0.783,1.112,True,0.32900000000000007,0.21699999999999997,1.0,1.0,-0.21699999999999997,0.11199999999999999,0.0,0.0,0.32899999999999996
rep0973,0.26,0.259,alg3,0.1,0.0,0.0,0.1,prop_127,1000,2000,0.16249999999999998,0.48299999999999993,True,0.32049999999999995,0.32049999999999995,0.3835,0.3835,-0.22100000000000003,0.09949999999999992,0.0,0.0,0.32049999999999995
rep0974,0.61,0.611,alg3,0.1,0.0,0.0,0.1,prop_127,1000,2000,0.48850000000000005,0.8115,True,0.32299999999999995,0.32299999999999995,0.7175,0.7175,-0.22899999999999998,0.09399999999999997,0.0,0.0,0.32299999999999995
rep0975,0.56,0.561,alg3,0.1,0.0,0.0,0.1,prop_127,1000,2000,0.3770000000000001,0.7515000000000001,True,0.37449999999999994,0.37449999999999994,0.6215,0.6215,-0.24449999999999994,0.13,0.0,0.0,0.37449999999999994
rep0976,0.88,0.877,alg3,0.1,0.0,0.0,0.1,prop_127,1000,2000,0.5295000000000001,0.896,True,0.36649999999999994,0.36649999999999994,0.7295,0.7295,-0.19999999999999996,0.16649999999999998,0.0,0.0,0.36649999999999994
rep0977,0.64,0.64,alg3,0.1,0.0,0.0,0.1,prop_127,1000,2000,0.49249999999999994,0.8055,True,0.31300000000000006,0.31300000000000006,0.715,0.715,-0.22250000000000003,0.09050000000000002,0.0,0.0,0.31300000000000006
rep0978,0.59,0.587,alg3,0.1,0.0,0.0,0.1,prop_127,1000,2000,0.539,0.866,True,0.32699999999999996,0.32699999999999996,0.765,0.765,-0.22599999999999998,0.101,0.0,0.0,0.32699999999999996
rep0979,0.79,0.785,alg3,0.1,0.0,0.0,0.1,prop_127,1000,2000,0.44749999999999995,0.8094999999999999,True,0.36199999999999993,0.36199999999999993,0.706,0.706,-0.2585,0.10349999999999998,0.0,0.0,0.362
rep0980,0.65,0.651,alg3,0.1,0.0,0.0,0.1,prop_127,1000,2000,0.5895,0.933,True,0.3435,0.3435,0.8065,0.8065,-0.21699999999999997,0.1265,0.0,0.0,0.34349999999999997
rep0981,0.81,0.812,alg3,0.1,0.0,0.0,0.1,prop_127,1000,2000,0.4910000000000001,0.8265,True,0.3354999999999999,0.3354999999999999,0.687,0.687,-0.19599999999999995,0.1395,0.0,0.0,0.33549999999999996
rep0982,0.28,0.28,alg3,0.1,0.0,0.0,0.1,prop_127,1000,2000,0.04999999999999993,0.34650000000000003,True,0.2965000000000001,0.2965000000000001,0.256,0.256,-0.20600000000000007,0.0905,0.0,0.0,0.2965000000000001
rep0983,0.24,0.243,alg3,0.1,0.0,0.0,0.1,prop_127,1000,2000,0.14200000000000007,0.49750000000000005,True,0.3555,0.3555,0.3965,0.3965,-0.25449999999999995,0.10100000000000003,0.0,0.0,0.3555
rep0984,0.46,0.457,alg3,0.1,0.0,0.0,0.1,prop_127,1000,2000,0.25899999999999995,0.613,True,0.35400000000000004,0.35400000000000004,0.452,0.452,-0.19300000000000006,0.16100000000000003,0.0,0.0,0.3540000000000001
rep0985,0.43,0.431,alg3,0.1,0.0,0.0,0.1,prop_127,1000,2000,0.20500000000000002,0.5485,True,0.34349999999999997,0.34349999999999997,0.447,0.447,-0.242,0.10149999999999998,0.0,0.0,0.34349999999999997
rep0986,0.85,0.846,alg3,0.1,0.0,0.0,0.1,prop_127,1000,2000,0.6224999999999999,0.9295,True,0.30700000000000005,0.30700000000000005,0.832,0.832,-0.2095,0.09750000000000003,0.0,0.0,0.30700000000000005
rep0987,0.53,0.529,alg3,0.1,0.0,0.0,0.1,prop_127,1000,2000,0.5185,0.834,True,0.3155,0.3155,0.733,0.733,-0.21450000000000002,0.10099999999999998,0.0,0.0,0.3155
rep0988,0.83,0.828,alg3,0.1,0.0,0.0,0.1,prop_127,1000,2000,0.8045,1.112,True,0.3075000000000001,0.1955,1.0,1.0,-0.1955,0.11199999999999999,0.0,0.0,0.3075
rep0989,0.15,0.148,alg3,0.1,0.0,0.0,0.1,prop_127,1000,2000,-0.10150000000000002,0.20850000000000002,True,0.31000000000000005,0.20850000000000002,0.111,0.111,-0.21250000000000002,0.09750000000000003,0.0,0.0,0.31000000000000005
rep0990,0.28,0.284,alg3,0.1,0.0,0.0,0.1,prop_127,1000,2000,0.27249999999999996,0.6059999999999999,True,0.3334999999999999,0.3334999999999999,0.469,0.469,-0.1965,0.13699999999999996,0.0,0.0,0.33349999999999996
rep0991,0.59,0.593,alg3,0.1,0.0,0.0,0.1,prop_127,1000,2000,0.6275000000000001,0.9610000000000001,False,0.3335,0.3335,0.812,0.812,-0.1845,0.14900000000000002,0.0,0.0,0.3335
rep0992,0.82,0.824,alg3,0.1,0.0,0.0,0.1,prop_127,1000,2000,0.6935,1.038,True,0.34450000000000003,0.3065,0.91,0.91,-0.21649999999999997,0.12799999999999995,0.0,0.0,0.3444999999999999
rep0993,0.62,0.62,alg3,0.1,0.0,0.0,0.1,prop_127,1000,2000,0.404,0.7295,True,0.3255,0.3255,0.6175,0.6175,-0.2135,0.11199999999999999,0.0,0.0,0.3255
rep0994,0.63,0.627,alg3,0.1,0.0,0.0,0.1,prop_127,1000,2000,0.48950000000000005,0.8660000000000001,True,0.37650000000000006,0.37650000000000006,0.7365,0.7365,-0.247,0.1295,0.0,0.0,0.3765
rep0995,0.47,0.469,alg3,0.1,0.0,0.0,0.1,prop_127,1000,2000,0.27949999999999997,0.634,True,0.35450000000000004,0.35450000000000004,0.488,0.488,-0.20850000000000002,0.14600000000000002,0.0,0.0,0.35450000000000004
rep0996,0.47,0.471,alg3,0.1,0.0,0.0,0.1,prop_127,1000,2000,0.318,0.5705,True,0.2525,0.2525,0.4755,0.4755,-0.15749999999999997,0.09499999999999997,0.0,0.0,0.25249999999999995
rep0997,0.14,0.145,alg3,0.1,0.0,0.0,0.1,prop_127,1000,2000,-0.09049999999999997,0.288,True,0.37849999999999995,0.288,0.1215,0.1215,-0.21199999999999997,0.16649999999999998,0.0,0.0,0.37849999999999995
rep0998,0.60,0.602,alg3,0.1,0.0,0.0,0.1,prop_127,1000,2000,0.56,0.891,True,0.33099999999999996,0.33099999999999996,0.778,0.778,-0.21800000000000003,0.11300000000000002,0.0,0.0,0.33100000000000007
rep0999,0.50,0.5,alg3,0.1,0.0,0.0,0.1,prop_127,1000,2000,0.47,0.8634999999999999,True,0.39349999999999996,0.39349999999999996,0.7095,0.7095,-0.23950000000000005,0.15399999999999997,0.0,0.0,0.3935
