task_id,label,theta,algo,alpha,alpha1,alpha2,alpha3,alloc,n_j,N_j,L,U,covered,width,width_clip,L_tilde,U_tilde,delta_L,delta_U,W1,W2,W3
rep0000,0.23,0.229,alg3,0.2,0.0,0.0,0.2,prop_127,1000,2000,0.16300000000000003,0.44149999999999995,True,0.2784999999999999,0.2784999999999999,0.3545,0.3545,-0.19149999999999995,0.08699999999999997,0.0,0.0,0.2784999999999999
rep0001,0.36,0.361,alg3,0.2,0.0,0.0,0.2,prop_127,1000,2000,0.21650000000000003,0.5045,True,0.2879999999999999,0.2879999999999999,0.429,0.429,-0.21249999999999997,0.07550000000000001,0.0,0.0,0.288
rep0002,0.17,0.165,alg3,0.2,0.0,0.0,0.2,prop_127,1000,2000,0.20549999999999996,0.4665000000000001,False,0.2610000000000001,0.2610000000000001,0.3725,0.3725,-0.16700000000000004,0.09400000000000008,0.0,0.0,0.2610000000000001
rep0003,0.41,0.413,alg3,0.2,0.0,0.0,0.2,prop_127,1000,2000,0.398,0.667,True,0.269,0.269,0.5825,0.5825,-0.1845,0.08449999999999996,0.0,0.0,0.26899999999999996
rep0004,0.35,0.352,alg3,0.2,0.0,0.0,0.2,prop_127,1000,2000,0.16000000000000003,0.40800000000000003,True,0.248,0.248,0.3305,0.3305,-0.17049999999999998,0.07750000000000001,0.0,0.0,0.248
rep0005,0.28,0.279,alg3,0.2,0.0,0.0,0.2,prop_127,1000,2000,0.1685,0.42700000000000005,True,0.25850000000000006,0.25850000000000006,0.3365,0.3365,-0.168,0.09050000000000002,0.0,0.0,0.25850000000000006
rep0006,0.43,0.433,alg3,0.2,0.0,0.0,0.2,prop_127,1000,2000,0.28049999999999997,0.581,True,0.3005,0.3005,0.472,0.472,-0.1915,0.10900000000000001,0.0,0.0,0.3005
rep0007,0.35,0.346,alg3,0.2,0.0,0.0,0.2,prop_127,1000,2000,0.284,0.528,True,0.24400000000000005,0.24400000000000005,0.437,0.437,-0.15300000000000002,0.09100000000000003,0.0,0.0,0.24400000000000005
rep0008,0.88,0.875,alg3,0.2,0.0,0.0,0.2,prop_127,1000,2000,0.725,0.9964999999999999,True,0.27149999999999996,0.27149999999999996,0.8845,0.8845,-0.15949999999999998,0.11199999999999999,0.0,0.0,0.27149999999999996
rep0009,0.13,0.129,alg3,0.2,0.0,0.0,0.2,prop_127,1000,2000,0.06650000000000003,0.3135000000000001,True,0.24700000000000008,0.24700000000000008,0.2265,0.2265,-0.15999999999999998,0.08700000000000008,0.0,0.0,0.24700000000000005
rep0010,0.30,0.304,alg3,0.2,0.0,0.0,0.2,prop_127,1000,2000,0.2945,0.53,True,0.23550000000000004,0.23550000000000004,0.4535,0.4535,-0.15900000000000003,0.07650000000000001,0.0,0.0,0.23550000000000004
rep0011,0.27,0.265,alg3,0.2,0.0,0.0,0.2,prop_127,1000,2000,0.28,0.5215,False,0.24149999999999994,0.24149999999999994,0.4575,0.4575,-0.1775,0.06399999999999999,0.0,0.0,0.2415
rep0012,0.42,0.421,alg3,0.2,0.0,0.0,0.2,prop_127,1000,2000,0.3385,0.591,True,0.25249999999999995,0.25249999999999995,0.501,0.501,-0.16249999999999998,0.08999999999999997,0.0,0.0,0.25249999999999995
rep0013,0.62,0.624,alg3,0.2,0.0,0.0,0.2,prop_127,1000,2000,0.3509999999999999,0.5800000000000001,False,0.22900000000000015,0.22900000000000015,0.4985,0.4985,-0.14750000000000008,0.08150000000000002,0.0,0.0,0.2290000000000001
rep0014,0.72,0.717,alg3,0.2,0.0,0.0,0.2,prop_127,1000,2000,0.5700000000000001,0.797,True,0.22699999999999998,0.22699999999999998,0.7265,0.7265,-0.15649999999999997,0.07050000000000001,0.0,0.0,0.22699999999999998
rep0015,0.41,0.415,alg3,0.2,0.0,0.0,0.2,prop_127,1000,2000,0.23349999999999999,0.4779999999999999,True,0.24449999999999994,0.24449999999999994,0.422,0.422,-0.1885,0.05599999999999994,0.0,0.0,0.24449999999999994
rep0016,0.16,0.161,alg3,0.2,0.0,0.0,0.2,prop_127,1000,2000,0.01899999999999996,0.2695,True,0.25050000000000006,0.25050000000000006,0.201,0.201,-0.18200000000000005,0.0685,0.0,0.0,0.25050000000000006
rep0017,0.54,0.542,alg3,0.2,0.0,0.0,0.2,prop_127,1000,2000,0.378,0.639,True,0.261,0.261,0.562,0.562,-0.18400000000000005,0.07699999999999996,0.0,0.0,0.261
rep0018,0.33,0.331,alg3,0.2,0.0,0.0,0.2,prop_127,1000,2000,0.17799999999999994,0.44949999999999996,True,0.2715,0.2715,0.347,0.347,-0.16900000000000004,0.10249999999999998,0.0,0.0,0.2715
rep0019,0.35,0.349,alg3,0.2,0.0,0.0,0.2,prop_127,1000,2000,0.22549999999999992,0.4565,True,0.2310000000000001,0.2310000000000001,0.384,0.384,-0.15850000000000009,0.07250000000000001,0.0,0.0,0.2310000000000001
rep0020,0.88,0.875,alg3,0.2,0.0,0.0,0.2,prop_127,1000,2000,0.7065,0.9795,True,0.273,0.273,0.874,0.874,-0.16749999999999998,0.10549999999999998,0.0,0.0,0.27299999999999996
rep0021,0.59,0.591,alg3,0.2,0.0,0.0,0.2,prop_127,1000,2000,0.4255,0.689,True,0.26349999999999996,0.26349999999999996,0.59,0.59,-0.16449999999999998,0.09899999999999998,0.0,0.0,0.26349999999999996
rep0022,0.72,0.718,alg3,0.2,0.0,0.0,0.2,prop_127,1000,2000,0.6685,0.9105,True,0.242,0.242,0.836,0.836,-0.16749999999999998,0.07450000000000001,0.0,0.0,0.242
rep0023,0.36,0.362,alg3,0.2,0.0,0.0,0.2,prop_127,1000,2000,0.10699999999999993,0.3450000000000001,False,0.23800000000000016,0.23800000000000016,0.2705,0.2705,-0.1635000000000001,0.07450000000000007,0.0,0.0,0.23800000000000016
rep0024,0.56,0.557,alg3,0.2,0.0,0.0,0.2,prop_127,1000,2000,0.5469999999999999,0.8025,True,0.25550000000000006,0.25550000000000006,0.6955,0.6955,-0.14850000000000008,0.10699999999999998,0.0,0.0,0.25550000000000006
rep0025,0.15,0.148,alg3,0.2,0.0,0.0,0.2,prop_127,1000,2000,-0.009499999999999953,0.31,True,0.31949999999999995,0.31,0.1835,0.1835,-0.19299999999999995,0.1265,0.0,0.0,0.31949999999999995
rep0026,0.46,0.455,alg3,0.2,0.0,0.0,0.2,prop_127,1000,2000,0.3585,0.6214999999999999,True,0.26299999999999996,0.26299999999999996,0.5135,0.5135,-0.15499999999999997,0.10800000000000004,0.0,0.0,0.263
rep0027,0.13,0.134,alg3,0.2,0.0,0.0,0.2,prop_127,1000,2000,0.2280000000000001,0.4655,False,0.23749999999999993,0.23749999999999993,0.391,0.391,-0.16299999999999992,0.07450000000000001,0.0,0.0,0.23749999999999993
rep0028,0.71,0.715,alg3,0.2,0.0,0.0,0.2,prop_127,1000,2000,0.5585,0.8325,True,0.274,0.274,0.7205,0.7205,-0.16200000000000003,0.11199999999999999,0.0,0.0,0.274
rep0029,0.32,0.322,alg3,0.2,0.0,0.0,0.2,prop_127,1000,2000,0.1660000000000001,0.40850000000000003,True,0.24249999999999994,0.24249999999999994,0.317,0.317,-0.1509999999999999,0.09150000000000003,0.0,0.0,0.24249999999999994
rep0030,0.80,0.798,alg3,0.2,0.0,0.0,0.2,prop_127,1000,2000,0.538,0.7725000000000001,False,0.23450000000000004,0.23450000000000004,0.7115,0.7115,-0.1735,0.061000000000000054,0.0,0.0,0.23450000000000004
rep0031,0.65,0.653,alg3,0.2,0.0,0.0,0.2,prop_127,1000,2000,0.48649999999999993,0.8065,True,0.32000000000000006,0.32000000000000006,0.697,0.697,-0.21050000000000002,0.10950000000000001,0.0,0.0,0.32000000000000006
rep0032,0.47,0.473,alg3,0.2,0.0,0.0,0.2,prop_127,1000,2000,0.3155,0.5814999999999999,True,0.2659999999999999,0.2659999999999999,0.5085,0.5085,-0.19299999999999995,0.07299999999999998,0.0,0.0,0.2659999999999999
rep0033,0.75,0.749,alg3,0.2,0.0,0.0,0.2,prop_127,1000,2000,0.31450000000000006,0.5705,False,0.25599999999999995,0.25599999999999995,0.4965,0.4965,-0.18199999999999994,0.07399999999999998,0.0,0.0,0.2559999999999999
rep0034,0.24,0.239,alg3,0.2,0.0,0.0,0.2,prop_127,1000,2000,0.21749999999999997,0.449,True,0.23150000000000004,0.23150000000000004,0.3805,0.3805,-0.16300000000000003,0.0685,0.0,0.0,0.23150000000000004
rep0035,0.33,0.325,alg3,0.2,0.0,0.0,0.2,prop_127,1000,2000,0.08700000000000002,0.37349999999999994,True,0.2864999999999999,0.2864999999999999,0.2875,0.2875,-0.20049999999999996,0.08599999999999997,0.0,0.0,0.2864999999999999
rep0036,0.40,0.396,alg3,0.2,0.0,0.0,0.2,prop_127,1000,2000,0.24100000000000005,0.5015000000000001,True,0.2605,0.2605,0.3995,0.3995,-0.15849999999999997,0.10199999999999998,0.0,0.0,0.26049999999999995
rep0037,0.71,0.714,alg3,0.2,0.0,0.0,0.2,prop_127,1000,2000,0.6200000000000001,0.858,True,0.23799999999999988,0.23799999999999988,0.77,0.77,-0.14999999999999997,0.08799999999999997,0.0,0.0,0.23799999999999993
rep0038,0.80,0.798,alg3,0.2,0.0,0.0,0.2,prop_127,1000,2000,0.6365,0.8839999999999999,True,0.24749999999999994,0.24749999999999994,0.826,0.826,-0.1895,0.057999999999999996,0.0,0.0,0.2475
rep0039,0.74,0.741,alg3,0.2,0.0,0.0,0.2,prop_127,1000,2000,0.6295000000000001,0.865,True,0.23549999999999993,0.23549999999999993,0.798,0.798,-0.16849999999999998,0.067,0.0,0.0,0.2355
rep0040,0.21,0.212,alg3,0.2,0.0,0.0,0.2,prop_127,1000,2000,0.10949999999999999,0.396,True,0.28650000000000003,0.28650000000000003,0.32,0.32,-0.21050000000000002,0.07600000000000001,0.0,0.0,0.28650000000000003
rep0041,0.66,0.656,alg3,0.2,0.0,0.0,0.2,prop_127,1000,2000,0.626,0.9239999999999999,True,0.29799999999999993,0.29799999999999993,0.839,0.839,-0.21299999999999997,0.085,0.0,0.0,0.298
rep0042,0.29,0.291,alg3,0.2,0.0,0.0,0.2,prop_127,1000,2000,0.0024999999999999745,0.294,True,0.2915,0.2915,0.191,0.191,-0.18850000000000003,0.10299999999999998,0.0,0.0,0.2915
rep0043,0.11,0.114,alg3,0.2,0.0,0.0,0.2,prop_127,1000,2000,-0.04999999999999999,0.177,True,0.22699999999999998,0.177,0.1205,0.1205,-0.17049999999999998,0.056499999999999995,0.0,0.0,0.22699999999999998
rep0044,0.16,0.161,alg3,0.2,0.0,0.0,0.2,prop_127,1000,2000,0.1964999999999999,0.44299999999999995,False,0.24650000000000005,0.24650000000000005,0.344,0.344,-0.14750000000000008,0.099,0.0,0.0,0.24650000000000008
rep0045,0.14,0.14,alg3,0.2,0.0,0.0,0.2,prop_127,1000,2000,0.20449999999999996,0.46749999999999997,False,0.263,0.263,0.3765,0.3765,-0.17200000000000004,0.09099999999999997,0.0,0.0,0.263
rep0046,0.12,0.12,alg3,0.2,0.0,0.0,0.2,prop_127,1000,2000,-0.05600000000000002,0.19550000000000003,True,0.25150000000000006,0.19550000000000003,0.143,0.143,-0.199,0.05250000000000005,0.0,0.0,0.25150000000000006
rep0047,0.47,0.472,alg3,0.2,0.0,0.0,0.2,prop_127,1000,2000,0.25749999999999995,0.485,True,0.22750000000000004,0.22750000000000004,0.4365,0.4365,-0.17900000000000005,0.04849999999999999,0.0,0.0,0.22750000000000004
rep0048,0.58,0.576,alg3,0.2,0.0,0.0,0.2,prop_127,1000,2000,0.6450000000000001,0.899,False,0.2539999999999999,0.2539999999999999,0.812,0.812,-0.16699999999999993,0.08700000000000002,0.0,0.0,0.25399999999999995
rep0049,0.73,0.732,alg3,0.2,0.0,0.0,0.2,prop_127,1000,2000,0.553,0.841,True,0.2879999999999999,0.2879999999999999,0.766,0.766,-0.21299999999999997,0.07499999999999996,0.0,0.0,0.2879999999999999
rep0050,0.62,0.617,alg3,0.2,0.0,0.0,0.2,prop_127,1000,2000,0.38150000000000006,0.6305000000000001,True,0.249,0.249,0.561,0.561,-0.17949999999999997,0.0695,0.0,0.0,0.24899999999999997
rep0051,0.28,0.282,alg3,0.2,0.0,0.0,0.2,prop_127,1000,2000,0.08949999999999997,0.38749999999999996,True,0.298,0.298,0.3045,0.3045,-0.21500000000000002,0.08299999999999996,0.0,0.0,0.298
rep0052,0.30,0.296,alg3,0.2,0.0,0.0,0.2,prop_127,1000,2000,0.24500000000000005,0.49699999999999994,True,0.2519999999999999,0.2519999999999999,0.411,0.411,-0.16599999999999993,0.08599999999999997,0.0,0.0,0.2519999999999999
rep0053,0.65,0.646,alg3,0.2,0.0,0.0,0.2,prop_127,1000,2000,0.6575,0.954,False,0.2965,0.2965,0.845,0.845,-0.1875,0.10899999999999999,0.0,0.0,0.2965
rep0054,0.44,0.437,alg3,0.2,0.0,0.0,0.2,prop_127,1000,2000,0.17900000000000005,0.43999999999999995,True,0.2609999999999999,0.2609999999999999,0.357,0.357,-0.17799999999999994,0.08299999999999999,0.0,0.0,0.2609999999999999
rep0055,0.75,0.752,alg3,0.2,0.0,0.0,0.2,prop_127,1000,2000,0.7599999999999999,1.0334999999999999,False,0.27349999999999997,0.2400000000000001,0.939,0.939,-0.17900000000000005,0.09449999999999992,0.0,0.0,0.27349999999999997
rep0056,0.76,0.763,alg3,0.2,0.0,0.0,0.2,prop_127,1000,2000,0.694,0.9610000000000001,True,0.2670000000000001,0.2670000000000001,0.87,0.87,-0.17600000000000005,0.09100000000000003,0.0,0.0,0.26700000000000007
rep0057,0.27,0.266,alg3,0.2,0.0,0.0,0.2,prop_127,1000,2000,0.21299999999999997,0.4515,True,0.23850000000000005,0.23850000000000005,0.369,0.369,-0.15600000000000003,0.08250000000000002,0.0,0.0,0.23850000000000005
rep0058,0.69,0.685,alg3,0.2,0.0,0.0,0.2,prop_127,1000,2000,0.396,0.6419999999999999,False,0.24599999999999989,0.24599999999999989,0.594,0.594,-0.19799999999999995,0.04799999999999993,0.0,0.0,0.24599999999999989
rep0059,0.41,0.413,alg3,0.2,0.0,0.0,0.2,prop_127,1000,2000,0.22300000000000003,0.46649999999999997,True,0.24349999999999994,0.24349999999999994,0.416,0.416,-0.19299999999999995,0.05049999999999999,0.0,0.0,0.24349999999999994
rep0060,0.28,0.279,alg3,0.2,0.0,0.0,0.2,prop_127,1000,2000,0.2265,0.4505,True,0.224,0.224,0.386,0.386,-0.1595,0.0645,0.0,0.0,0.224
rep0061,0.27,0.274,alg3,0.2,0.0,0.0,0.2,prop_127,1000,2000,0.14550000000000007,0.384,True,0.23849999999999993,0.23849999999999993,0.328,0.328,-0.18249999999999994,0.056,0.0,0.0,0.23849999999999993
rep0062,0.29,0.29,alg3,0.2,0.0,0.0,0.2,prop_127,1000,2000,0.0595,0.399,True,0.3395,0.3395,0.28,0.28,-0.22050000000000003,0.119,0.0,0.0,0.3395
rep0063,0.24,0.238,alg3,0.2,0.0,0.0,0.2,prop_127,1000,2000,0.06699999999999995,0.32199999999999995,True,0.255,0.255,0.246,0.246,-0.17900000000000005,0.07599999999999996,0.0,0.0,0.255
rep0064,0.44,0.444,alg3,0.2,0.0,0.0,0.2,prop_127,1000,2000,0.532,0.7905,False,0.25849999999999995,0.25849999999999995,0.6885,0.6885,-0.15649999999999997,0.10200000000000001,0.0,0.0,0.25849999999999995
rep0065,0.36,0.363,alg3,0.2,0.0,0.0,0.2,prop_127,1000,2000,0.04149999999999998,0.3505,False,0.309,0.309,0.2425,0.2425,-0.201,0.10799999999999998,0.0,0.0,0.309
rep0066,0.44,0.44,alg3,0.2,0.0,0.0,0.2,prop_127,1000,2000,0.41300000000000003,0.6725,True,0.25949999999999995,0.25949999999999995,0.614,0.614,-0.20099999999999996,0.058499999999999996,0.0,0.0,0.25949999999999995
rep0067,0.57,0.567,alg3,0.2,0.0,0.0,0.2,prop_127,1000,2000,0.5165000000000001,0.746,True,0.22949999999999993,0.22949999999999993,0.6825,0.6825,-0.16599999999999993,0.06349999999999997,0.0,0.0,0.2294999999999999
rep0068,0.56,0.559,alg3,0.2,0.0,0.0,0.2,prop_127,1000,2000,0.2900000000000001,0.5325,False,0.24249999999999988,0.24249999999999988,0.457,0.457,-0.16699999999999993,0.07549999999999996,0.0,0.0,0.24249999999999988
rep0069,0.78,0.775,alg3,0.2,0.0,0.0,0.2,prop_127,1000,2000,0.7045,0.973,True,0.26849999999999996,0.26849999999999996,0.8705,0.8705,-0.166,0.10249999999999992,0.0,0.0,0.26849999999999996
rep0070,0.58,0.577,alg3,0.2,0.0,0.0,0.2,prop_127,1000,2000,0.6215,0.887,False,0.26549999999999996,0.26549999999999996,0.796,0.796,-0.17450000000000002,0.09099999999999997,0.0,0.0,0.26549999999999996
rep0071,0.34,0.344,alg3,0.2,0.0,0.0,0.2,prop_127,1000,2000,0.15100000000000002,0.4,True,0.249,0.249,0.3175,0.3175,-0.16649999999999998,0.08250000000000002,0.0,0.0,0.249
rep0072,0.49,0.491,alg3,0.2,0.0,0.0,0.2,prop_127,1000,2000,0.3375,0.6355,True,0.29799999999999993,0.29799999999999993,0.5315,0.5315,-0.19399999999999995,0.10399999999999998,0.0,0.0,0.29799999999999993
rep0073,0.69,0.694,alg3,0.2,0.0,0.0,0.2,prop_127,1000,2000,0.5955,0.8540000000000001,True,0.25850000000000006,0.25850000000000006,0.783,0.783,-0.1875,0.07100000000000006,0.0,0.0,0.25850000000000006
rep0074,0.82,0.821,alg3,0.2,0.0,0.0,0.2,prop_127,1000,2000,0.633,0.905,True,0.272,0.272,0.8335,0.8335,-0.2005,0.07150000000000001,0.0,0.0,0.272
rep0075,0.11,0.114,alg3,0.2,0.0,0.0,0.2,prop_127,1000,2000,-0.038500000000000006,0.23199999999999998,True,0.27049999999999996,0.23199999999999998,0.155,0.155,-0.1935,0.077,0.0,0.0,0.2705
rep0076,0.02,0.022,alg3,0.2,0.0,0.0,0.2,prop_127,1000,2000,-0.195,0.08500000000000002,True,0.28,0.08500000000000002,0.0015,0.0015,-0.1965,0.08350000000000002,0.0,0.0,0.28
rep0077,0.44,0.438,alg3,0.2,0.0,0.0,0.2,prop_127,1000,2000,0.26549999999999996,0.5305,True,0.265,0.265,0.4665,0.4665,-0.20100000000000007,0.064,0.0,0.0,0.26500000000000007
rep0078,0.14,0.142,alg3,0.2,0.0,0.0,0.2,prop_127,1000,2000,-0.06650000000000002,0.16649999999999998,True,0.23299999999999998,0.16649999999999998,0.0815,0.0815,-0.14800000000000002,0.08499999999999996,0.0,0.0,0.23299999999999998
rep0079,0.42,0.421,alg3,0.2,0.0,0.0,0.2,prop_127,1000,2000,0.3265,0.5904999999999999,True,0.2639999999999999,0.2639999999999999,0.493,0.493,-0.16649999999999998,0.09749999999999992,0.0,0.0,0.2639999999999999
rep0080,0.55,0.545,alg3,0.2,0.0,0.0,0.2,prop_127,1000,2000,0.479,0.7515,True,0.27249999999999996,0.27249999999999996,0.6755,0.6755,-0.1965,0.076,0.0,0.0,0.2725
rep0081,0.55,0.551,alg3,0.2,0.0,0.0,0.2,prop_127,1000,2000,0.296,0.5315,False,0.2355,0.2355,0.462,0.462,-0.16600000000000004,0.06949999999999998,0.0,0.0,0.23550000000000001
rep0082,0.60,0.601,alg3,0.2,0.0,0.0,0.2,prop_127,1000,2000,0.43,0.7155,True,0.28550000000000003,0.28550000000000003,0.6465,0.6465,-0.21649999999999997,0.069,0.0,0.0,0.2855
rep0083,0.37,0.373,alg3,0.2,0.0,0.0,0.2,prop_127,1000,2000,0.2485,0.5094999999999998,True,0.26099999999999984,0.26099999999999984,0.411,0.411,-0.16249999999999998,0.09849999999999992,0.0,0.0,0.2609999999999999
rep0084,0.56,0.56,alg3,0.2,0.0,0.0,0.2,prop_127,1000,2000,0.5780000000000001,0.8575,False,0.27949999999999997,0.27949999999999997,0.768,0.768,-0.18999999999999995,0.08950000000000002,0.0,0.0,0.27949999999999997
rep0085,0.14,0.142,alg3,0.2,0.0,0.0,0.2,prop_127,1000,2000,0.13549999999999995,0.383,True,0.24750000000000005,0.24750000000000005,0.2925,0.2925,-0.15700000000000003,0.09050000000000002,0.0,0.0,0.24750000000000005
rep0086,0.51,0.51,alg3,0.2,0.0,0.0,0.2,prop_127,1000,2000,0.32999999999999996,0.5845,True,0.25450000000000006,0.25450000000000006,0.51,0.51,-0.18000000000000005,0.0745,0.0,0.0,0.25450000000000006
rep0087,0.60,0.603,alg3,0.2,0.0,0.0,0.2,prop_127,1000,2000,0.4820000000000001,0.7665000000000001,True,0.2845,0.2845,0.67,0.67,-0.18799999999999994,0.09650000000000003,0.0,0.0,0.2845
rep0088,0.43,0.435,alg3,0.2,0.0,0.0,0.2,prop_127,1000,2000,0.47000000000000003,0.7050000000000001,False,0.23500000000000004,0.23500000000000004,0.633,0.633,-0.16299999999999998,0.07200000000000001,0.0,0.0,0.235
rep0089,0.29,0.289,alg3,0.2,0.0,0.0,0.2,prop_127,1000,2000,0.13899999999999996,0.42149999999999993,True,0.2825,0.2825,0.313,0.313,-0.17400000000000004,0.10849999999999993,0.0,0.0,0.2825
rep0090,0.41,0.414,alg3,0.2,0.0,0.0,0.2,prop_127,1000,2000,0.4565,0.6829999999999999,False,0.22649999999999992,0.22649999999999992,0.61,0.61,-0.15349999999999997,0.07299999999999998,0.0,0.0,0.22649999999999995
rep0091,0.31,0.313,alg3,0.2,0.0,0.0,0.2,prop_127,1000,2000,0.24849999999999994,0.499,True,0.25050000000000006,0.25050000000000006,0.4195,0.4195,-0.17100000000000004,0.07950000000000002,0.0,0.0,0.25050000000000006
rep0092,0.89,0.893,alg3,0.2,0.0,0.0,0.2,prop_127,1000,2000,0.7250000000000001,0.9700000000000001,True,0.245,0.245,0.882,0.882,-0.15699999999999992,0.08800000000000008,0.0,0.0,0.245
rep0093,0.49,0.486,alg3,0.2,0.0,0.0,0.2,prop_127,1000,2000,0.5305,0.771,False,0.24050000000000005,0.24050000000000005,0.711,0.711,-0.18049999999999997,0.06000000000000005,0.0,0.0,0.24050000000000002
rep0094,0.36,0.356,alg3,0.2,0.0,0.0,0.2,prop_127,1000,2000,0.3325,0.59,True,0.25749999999999995,0.25749999999999995,0.5015,0.5015,-0.16899999999999993,0.08850000000000002,0.0,0.0,0.25749999999999995
rep0095,0.62,0.622,alg3,0.2,0.0,0.0,0.2,prop_127,1000,2000,0.382,0.6479999999999999,True,0.2659999999999999,0.2659999999999999,0.566,0.566,-0.18399999999999994,0.08200000000000002,0.0,0.0,0.26599999999999996
rep0096,0.18,0.184,alg3,0.2,0.0,0.0,0.2,prop_127,1000,2000,0.07450000000000001,0.333,True,0.2585,0.2585,0.257,0.257,-0.1825,0.07600000000000001,0.0,0.0,0.2585
rep0097,0.25,0.247,alg3,0.2,0.0,0.0,0.2,prop_127,1000,2000,0.24049999999999994,0.5089999999999999,True,0.26849999999999996,0.26849999999999996,0.411,0.411,-0.17050000000000004,0.09799999999999998,0.0,0.0,0.2685
rep0098,0.25,0.25,alg3,0.2,0.0,0.0,0.2,prop_127,1000,2000,0.21699999999999997,0.4535,True,0.23650000000000004,0.23650000000000004,0.379,0.379,-0.16200000000000003,0.07450000000000001,0.0,0.0,0.23650000000000004
rep0099,0.58,0.582,alg3,0.2,0.0,0.0,0.2,prop_127,1000,2000,0.5740000000000001,0.852,True,0.2779999999999999,0.2779999999999999,0.749,0.749,-0.175,0.10299999999999998,0.0,0.0,0.27799999999999997
rep0100,0.86,0.86,alg3,0.2,0.0,0.0,0.2,prop_127,1000,2000,0.7055,0.9845,True,0.279,0.279,0.8725,0.8725,-0.16700000000000004,0.11199999999999999,0.0,0.0,0.279
rep0101,0.10,0.101,alg3,0.2,0.0,0.0,0.2,prop_127,1000,2000,0.005500000000000033,0.27,True,0.26449999999999996,0.26449999999999996,0.155,0.155,-0.14949999999999997,0.115,0.0,0.0,0.26449999999999996
rep0102,0.55,0.554,alg3,0.2,0.0,0.0,0.2,prop_127,1000,2000,0.492,0.75,True,0.258,0.258,0.6805,0.6805,-0.1885,0.0695,0.0,0.0,0.258
rep0103,0.49,0.493,alg3,0.2,0.0,0.0,0.2,prop_127,1000,2000,0.539,0.7815,False,0.24249999999999994,0.24249999999999994,0.7075,0.7075,-0.16849999999999998,0.074,0.0,0.0,0.2425
rep0104,0.85,0.85,alg3,0.2,0.0,0.0,0.2,prop_127,1000,2000,0.547,0.7935000000000001,False,0.24650000000000005,0.24650000000000005,0.7245,0.7245,-0.1775,0.06900000000000006,0.0,0.0,0.24650000000000005
rep0105,0.51,0.507,alg3,0.2,0.0,0.0,0.2,prop_127,1000,2000,0.32699999999999996,0.6299999999999999,True,0.30299999999999994,0.30299999999999994,0.5005,0.5005,-0.1735,0.12949999999999995,0.0,0.0,0.30299999999999994
rep0106,0.28,0.283,alg3,0.2,0.0,0.0,0.2,prop_127,1000,2000,0.2679999999999999,0.53,True,0.2620000000000001,0.2620000000000001,0.4285,0.4285,-0.1605000000000001,0.10149999999999999,0.0,0.0,0.26200000000000007
rep0107,0.51,0.513,alg3,0.2,0.0,0.0,0.2,prop_127,1000,2000,0.4334999999999999,0.6699999999999999,True,0.23650000000000004,0.23650000000000004,0.606,0.606,-0.1725000000000001,0.064,0.0,0.0,0.2365000000000001
rep0108,0.35,0.351,alg3,0.2,0.0,0.0,0.2,prop_127,1000,2000,0.39,0.676,False,0.28600000000000003,0.28600000000000003,0.5845,0.5845,-0.1945,0.0915,0.0,0.0,0.28600000000000003
rep0109,0.04,0.035,alg3,0.2,0.0,0.0,0.2,prop_127,1000,2000,0.11549999999999994,0.37349999999999994,False,0.258,0.258,0.2885,0.2885,-0.17300000000000004,0.08499999999999996,0.0,0.0,0.258
rep0110,0.83,0.835,alg3,0.2,0.0,0.0,0.2,prop_127,1000,2000,0.6765,0.9315,True,0.255,0.255,0.849,0.849,-0.1725,0.08250000000000002,0.0,0.0,0.255
rep0111,0.43,0.435,alg3,0.2,0.0,0.0,0.2,prop_127,1000,2000,0.16649999999999998,0.45749999999999996,True,0.291,0.291,0.351,0.351,-0.1845,0.10649999999999998,0.0,0.0,0.291
rep0112,0.20,0.203,alg3,0.2,0.0,0.0,0.2,prop_127,1000,2000,0.22750000000000004,0.47850000000000004,False,0.251,0.251,0.401,0.401,-0.1735,0.07750000000000001,0.0,0.0,0.251
rep0113,0.51,0.511,alg3,0.2,0.0,0.0,0.2,prop_127,1000,2000,0.2895,0.522,True,0.23250000000000004,0.23250000000000004,0.4635,0.4635,-0.17400000000000004,0.058499999999999996,0.0,0.0,0.23250000000000004
rep0114,0.64,0.636,alg3,0.2,0.0,0.0,0.2,prop_127,1000,2000,0.52,0.7605,True,0.24049999999999994,0.24049999999999994,0.6995,0.6995,-0.1795,0.06099999999999994,0.0,0.0,0.24049999999999994
rep0115,0.33,0.326,alg3,0.2,0.0,0.0,0.2,prop_127,1000,2000,0.18899999999999997,0.43200000000000005,True,0.24300000000000008,0.24300000000000008,0.3615,0.3615,-0.17250000000000001,0.07050000000000006,0.0,0.0,0.24300000000000008
rep0116,0.77,0.772,alg3,0.2,0.0,0.0,0.2,prop_127,1000,2000,0.6699999999999999,0.9169999999999999,True,0.247,0.247,0.8255,0.8255,-0.15550000000000003,0.09149999999999991,0.0,0.0,0.24699999999999994
rep0117,0.66,0.664,alg3,0.2,0.0,0.0,0.2,prop_127,1000,2000,0.569,0.8285,True,0.25950000000000006,0.25950000000000006,0.738,0.738,-0.16900000000000004,0.09050000000000002,0.0,0.0,0.25950000000000006
rep0118,0.41,0.405,alg3,0.2,0.0,0.0,0.2,prop_127,1000,2000,0.41400000000000003,0.7270000000000001,False,0.31300000000000006,0.31300000000000006,0.614,0.614,-0.19999999999999996,0.11300000000000004,0.0,0.0,0.313
rep0119,0.40,0.398,alg3,0.2,0.0,0.0,0.2,prop_127,1000,2000,0.22399999999999998,0.4735,True,0.2495,0.2495,0.4275,0.4275,-0.20350000000000001,0.045999999999999985,0.0,0.0,0.2495
rep0120,0.64,0.636,alg3,0.2,0.0,0.0,0.2,prop_127,1000,2000,0.20850000000000002,0.4535,False,0.245,0.245,0.378,0.378,-0.16949999999999998,0.07550000000000001,0.0,0.0,0.245
rep0121,0.78,0.778,alg3,0.2,0.0,0.0,0.2,prop_127,1000,2000,0.751,0.9950000000000001,True,0.2440000000000001,0.2440000000000001,0.928,0.928,-0.17700000000000005,0.067,0.0,0.0,0.24400000000000005
rep0122,0.58,0.58,alg3,0.2,0.0,0.0,0.2,prop_127,1000,2000,0.571,0.8714999999999999,True,0.3005,0.3005,0.7765,0.7765,-0.20550000000000002,0.09499999999999997,0.0,0.0,0.3005
rep0123,0.42,0.421,alg3,0.2,0.0,0.0,0.2,prop_127,1000,2000,0.20849999999999996,0.4805,True,0.272,0.272,0.3845,0.3845,-0.17600000000000005,0.09599999999999997,0.0,0.0,0.272
rep0124,0.20,0.203,alg3,0.2,0.0,0.0,0.2,prop_127,1000,2000,0.282,0.5305,False,0.2485,0.2485,0.431,0.431,-0.14900000000000002,0.09950000000000003,0.0,0.0,0.24850000000000005
rep0125,0.30,0.303,alg3,0.2,0.0,0.0,0.2,prop_127,1000,2000,0.3695,0.5805,False,0.21100000000000002,0.21100000000000002,0.516,0.516,-0.14650000000000002,0.0645,0.0,0.0,0.21100000000000002
rep0126,0.67,0.668,alg3,0.2,0.0,0.0,0.2,prop_127,1000,2000,0.54,0.8140000000000001,True,0.274,0.274,0.7325,0.7325,-0.1925,0.08150000000000002,0.0,0.0,0.274
rep0127,0.27,0.273,alg3,0.2,0.0,0.0,0.2,prop_127,1000,2000,0.24449999999999988,0.5135000000000001,True,0.2690000000000002,0.2690000000000002,0.417,0.417,-0.1725000000000001,0.09650000000000003,0.0,0.0,0.26900000000000013
rep0128,0.21,0.207,alg3,0.2,0.0,0.0,0.2,prop_127,1000,2000,0.032999999999999974,0.27799999999999997,True,0.245,0.245,0.194,0.194,-0.16100000000000003,0.08399999999999996,0.0,0.0,0.245
rep0129,0.38,0.382,alg3,0.2,0.0,0.0,0.2,prop_127,1000,2000,0.18,0.4405,True,0.2605,0.2605,0.3465,0.3465,-0.16649999999999998,0.09400000000000003,0.0,0.0,0.2605
rep0130,0.75,0.753,alg3,0.2,0.0,0.0,0.2,prop_127,1000,2000,0.8505,1.093,False,0.24249999999999994,0.14949999999999997,1.0,1.0,-0.14949999999999997,0.09299999999999997,0.0,0.0,0.24249999999999994
rep0131,0.33,0.332,alg3,0.2,0.0,0.0,0.2,prop_127,1000,2000,0.13850000000000004,0.384,True,0.24549999999999997,0.24549999999999997,0.322,0.322,-0.18349999999999997,0.062,0.0,0.0,0.24549999999999997
rep0132,0.56,0.564,alg3,0.2,0.0,0.0,0.2,prop_127,1000,2000,0.42799999999999994,0.6685,True,0.24050000000000005,0.24050000000000005,0.584,0.584,-0.15600000000000003,0.08450000000000002,0.0,0.0,0.24050000000000005
rep0133,0.72,0.718,alg3,0.2,0.0,0.0,0.2,prop_127,1000,2000,0.689,0.9015,True,0.21250000000000002,0.21250000000000002,0.848,0.848,-0.15900000000000003,0.05349999999999999,0.0,0.0,0.21250000000000002
rep0134,0.42,0.425,alg3,0.2,0.0,0.0,0.2,prop_127,1000,2000,0.397,0.6234999999999999,True,0.22649999999999992,0.22649999999999992,0.5515,0.5515,-0.15449999999999997,0.07200000000000001,0.0,0.0,0.22649999999999998
rep0135,0.26,0.263,alg3,0.2,0.0,0.0,0.2,prop_127,1000,2000,-0.09100000000000001,0.187,False,0.278,0.187,0.1165,0.1165,-0.20750000000000002,0.07050000000000001,0.0,0.0,0.278
rep0136,0.68,0.683,alg3,0.2,0.0,0.0,0.2,prop_127,1000,2000,0.5585,0.8025,True,0.244,0.244,0.7275,0.7275,-0.16900000000000004,0.07500000000000001,0.0,0.0,0.24400000000000005
rep0137,0.53,0.533,alg3,0.2,0.0,0.0,0.2,prop_127,1000,2000,0.27949999999999997,0.529,False,0.24950000000000006,0.24950000000000006,0.436,0.436,-0.15650000000000003,0.093,0.0,0.0,0.24950000000000003
rep0138,0.68,0.681,alg3,0.2,0.0,0.0,0.2,prop_127,1000,2000,0.5785,0.8305,True,0.252,0.252,0.7385,0.7385,-0.16000000000000003,0.09200000000000003,0.0,0.0,0.25200000000000006
rep0139,0.35,0.353,alg3,0.2,0.0,0.0,0.2,prop_127,1000,2000,0.08200000000000007,0.3325,False,0.25049999999999994,0.25049999999999994,0.251,0.251,-0.16899999999999993,0.08150000000000002,0.0,0.0,0.25049999999999994
rep0140,0.76,0.764,alg3,0.2,0.0,0.0,0.2,prop_127,1000,2000,0.5029999999999999,0.765,True,0.2620000000000001,0.2620000000000001,0.692,0.692,-0.18900000000000006,0.07300000000000006,0.0,0.0,0.2620000000000001
rep0141,0.36,0.365,alg3,0.2,0.0,0.0,0.2,prop_127,1000,2000,0.08749999999999997,0.3285,False,0.24100000000000005,0.24100000000000005,0.2485,0.2485,-0.16100000000000003,0.08000000000000002,0.0,0.0,0.24100000000000005
rep0142,0.77,0.765,alg3,0.2,0.0,0.0,0.2,prop_127,1000,2000,0.7235,0.9684999999999999,True,0.24499999999999988,0.24499999999999988,0.9005,0.9005,-0.17699999999999994,0.06799999999999995,0.0,0.0,0.24499999999999988
rep0143,0.92,0.916,alg3,0.2,0.0,0.0,0.2,prop_127,1000,2000,0.8059999999999999,1.0354999999999999,True,0.22949999999999993,0.19400000000000006,0.964,0.964,-0.15800000000000003,0.07150000000000001,0.0,0.0,0.22950000000000004
rep0144,0.74,0.738,alg3,0.2,0.0,0.0,0.2,prop_127,1000,2000,0.483,0.743,True,0.26,0.26,0.6485,0.6485,-0.16549999999999998,0.09450000000000003,0.0,0.0,0.26
rep0145,0.83,0.829,alg3,0.2,0.0,0.0,0.2,prop_127,1000,2000,0.824,1.1195,True,0.2955,0.17600000000000005,1.0,1.0,-0.17600000000000005,0.1195,0.0,0.0,0.29550000000000004
rep0146,0.41,0.413,alg3,0.2,0.0,0.0,0.2,prop_127,1000,2000,0.2785,0.537,True,0.2585,0.2585,0.447,0.447,-0.16849999999999998,0.09000000000000002,0.0,0.0,0.2585
rep0147,0.56,0.557,alg3,0.2,0.0,0.0,0.2,prop_127,1000,2000,0.4564999999999999,0.7030000000000001,True,0.24650000000000016,0.24650000000000016,0.614,0.614,-0.15750000000000008,0.08900000000000002,0.0,0.0,0.2465000000000001
rep0148,0.71,0.71,alg3,0.2,0.0,0.0,0.2,prop_127,1000,2000,0.5505,0.7935,True,0.243,0.243,0.7165,0.7165,-0.16600000000000004,0.07699999999999996,0.0,0.0,0.243
rep0149,0.16,0.162,alg3,0.2,0.0,0.0,0.2,prop_127,1000,2000,0.064,0.351,True,0.287,0.287,0.2625,0.2625,-0.1985,0.08849999999999997,0.0,0.0,0.287
rep0150,0.65,0.653,alg3,0.2,0.0,0.0,0.2,prop_127,1000,2000,0.477,0.738,True,0.261,0.261,0.6435,0.6435,-0.16649999999999998,0.09450000000000003,0.0,0.0,0.261
rep0151,0.23,0.227,alg3,0.2,0.0,0.0,0.2,prop_127,1000,2000,-0.006999999999999895,0.2955,True,0.3024999999999999,0.2955,0.2015,0.2015,-0.2084999999999999,0.09399999999999997,0.0,0.0,0.3024999999999999
rep0152,0.51,0.508,alg3,0.2,0.0,0.0,0.2,prop_127,1000,2000,0.3195,0.5775,True,0.258,0.258,0.511,0.511,-0.1915,0.06650000000000003,0.0,0.0,0.258
rep0153,0.30,0.302,alg3,0.2,0.0,0.0,0.2,prop_127,1000,2000,-0.0025000000000000577,0.29800000000000004,False,0.3005000000000001,0.29800000000000004,0.1955,0.1955,-0.19800000000000006,0.10250000000000001,0.0,0.0,0.3005000000000001
rep0154,0.22,0.222,alg3,0.2,0.0,0.0,0.2,prop_127,1000,2000,0.0025000000000000022,0.264,True,0.2615,0.2615,0.216,0.216,-0.2135,0.04800000000000004,0.0,0.0,0.26150000000000007
rep0155,0.24,0.237,alg3,0.2,0.0,0.0,0.2,prop_127,1000,2000,0.1845,0.46049999999999996,True,0.27599999999999997,0.27599999999999997,0.35,0.35,-0.16549999999999998,0.11049999999999999,0.0,0.0,0.27599999999999997
rep0156,0.77,0.773,alg3,0.2,0.0,0.0,0.2,prop_127,1000,2000,0.7055,0.971,True,0.26549999999999996,0.26549999999999996,0.8995,0.8995,-0.19399999999999995,0.07150000000000001,0.0,0.0,0.26549999999999996
rep0157,0.06,0.055,alg3,0.2,0.0,0.0,0.2,prop_127,1000,2000,-0.11400000000000003,0.13699999999999996,True,0.251,0.13699999999999996,0.048,0.048,-0.16200000000000003,0.08899999999999997,0.0,0.0,0.251
rep0158,0.81,0.812,alg3,0.2,0.0,0.0,0.2,prop_127,1000,2000,0.574,0.8275,True,0.25350000000000006,0.25350000000000006,0.737,0.737,-0.163,0.09050000000000002,0.0,0.0,0.25350000000000006
rep0159,0.74,0.744,alg3,0.2,0.0,0.0,0.2,prop_127,1000,2000,0.5015000000000001,0.7945,True,0.2929999999999999,0.2929999999999999,0.6985,0.6985,-0.197,0.09599999999999997,0.0,0.0,0.293
rep0160,0.17,0.171,alg3,0.2,0.0,0.0,0.2,prop_127,1000,2000,-0.020000000000000018,0.22899999999999998,True,0.249,0.22899999999999998,0.1755,0.1755,-0.1955,0.05349999999999999,0.0,0.0,0.249
rep0161,0.18,0.182,alg3,0.2,0.0,0.0,0.2,prop_127,1000,2000,0.11699999999999999,0.381,True,0.264,0.264,0.296,0.296,-0.179,0.08499999999999999,0.0,0.0,0.264
rep0162,0.82,0.823,alg3,0.2,0.0,0.0,0.2,prop_127,1000,2000,0.6195,0.8659999999999999,True,0.24649999999999983,0.24649999999999983,0.7925,0.7925,-0.17299999999999993,0.07349999999999995,0.0,0.0,0.24649999999999989
rep0163,0.23,0.234,alg3,0.2,0.0,0.0,0.2,prop_127,1000,2000,-0.04600000000000001,0.25349999999999995,True,0.2995,0.25349999999999995,0.1625,0.1625,-0.20850000000000002,0.09099999999999997,0.0,0.0,0.2995
rep0164,0.59,0.587,alg3,0.2,0.0,0.0,0.2,prop_127,1000,2000,0.247,0.5425,False,0.2955,0.2955,0.4525,0.4525,-0.20550000000000002,0.08999999999999997,0.0,0.0,0.2955
rep0165,0.51,0.512,alg3,0.2,0.0,0.0,0.2,prop_127,1000,2000,0.51,0.763,True,0.253,0.253,0.6845,0.6845,-0.17450000000000004,0.07850000000000001,0.0,0.0,0.25300000000000006
rep0166,0.23,0.233,alg3,0.2,0.0,0.0,0.2,prop_127,1000,2000,0.10550000000000004,0.32299999999999995,True,0.21749999999999992,0.21749999999999992,0.266,0.266,-0.16049999999999998,0.05699999999999994,0.0,0.0,0.21749999999999992
rep0167,0.39,0.392,alg3,0.2,0.0,0.0,0.2,prop_127,1000,2000,0.24549999999999994,0.49,True,0.24450000000000005,0.24450000000000005,0.4265,0.4265,-0.18100000000000005,0.0635,0.0,0.0,0.24450000000000005
rep0168,0.55,0.55,alg3,0.2,0.0,0.0,0.2,prop_127,1000,2000,0.33599999999999997,0.578,True,0.242,0.242,0.505,0.505,-0.16900000000000004,0.07299999999999995,0.0,0.0,0.242
rep0169,0.73,0.731,alg3,0.2,0.0,0.0,0.2,prop_127,1000,2000,0.7364999999999999,0.9994999999999999,False,0.263,0.263,0.9115,0.9115,-0.175,0.088,0.0,0.0,0.263
rep0170,0.44,0.437,alg3,0.2,0.0,0.0,0.2,prop_127,1000,2000,0.377,0.6245,True,0.24750000000000005,0.24750000000000005,0.5545,0.5545,-0.1775,0.07000000000000006,0.0,0.0,0.24750000000000005
rep0171,0.26,0.26,alg3,0.2,0.0,0.0,0.2,prop_127,1000,2000,0.2795000000000001,0.5375,False,0.2579999999999999,0.2579999999999999,0.4645,0.4645,-0.18499999999999994,0.07299999999999998,0.0,0.0,0.2579999999999999
rep0172,0.65,0.653,alg3,0.2,0.0,0.0,0.2,prop_127,1000,2000,0.46950000000000003,0.733,True,0.26349999999999996,0.26349999999999996,0.65,0.65,-0.1805,0.08299999999999996,0.0,0.0,0.26349999999999996
rep0173,0.30,0.301,alg3,0.2,0.0,0.0,0.2,prop_127,1000,2000,0.476,0.7025,False,0.22650000000000003,0.22650000000000003,0.641,0.641,-0.16500000000000004,0.0615,0.0,0.0,0.22650000000000003
rep0174,0.87,0.87,alg3,0.2,0.0,0.0,0.2,prop_127,1000,2000,0.6255,0.8865,True,0.261,0.261,0.8075,0.8075,-0.182,0.07899999999999996,0.0,0.0,0.26099999999999995
rep0175,0.48,0.483,alg3,0.2,0.0,0.0,0.2,prop_127,1000,2000,0.32,0.552,True,0.23200000000000004,0.23200000000000004,0.479,0.479,-0.15899999999999997,0.07300000000000001,0.0,0.0,0.23199999999999998
rep0176,0.45,0.454,alg3,0.2,0.0,0.0,0.2,prop_127,1000,2000,0.29300000000000004,0.5085,True,0.2154999999999999,0.2154999999999999,0.4585,0.4585,-0.16549999999999998,0.04999999999999993,0.0,0.0,0.2154999999999999
rep0177,0.20,0.196,alg3,0.2,0.0,0.0,0.2,prop_127,1000,2000,0.10949999999999999,0.32500000000000007,True,0.21550000000000008,0.21550000000000008,0.2775,0.2775,-0.16800000000000004,0.04750000000000004,0.0,0.0,0.21550000000000008
rep0178,0.80,0.804,alg3,0.2,0.0,0.0,0.2,prop_127,1000,2000,0.693,0.999,True,0.30600000000000005,0.30600000000000005,0.87,0.87,-0.17700000000000005,0.129,0.0,0.0,0.30600000000000005
rep0179,0.80,0.803,alg3,0.2,0.0,0.0,0.2,prop_127,1000,2000,0.5675,0.8775,True,0.30999999999999994,0.30999999999999994,0.7635,0.7635,-0.19599999999999998,0.11400000000000005,0.0,0.0,0.31000000000000005
rep0180,0.85,0.846,alg3,0.2,0.0,0.0,0.2,prop_127,1000,2000,0.732,1.025,True,0.2929999999999999,0.268,0.9295,0.9295,-0.1975,0.09550000000000003,0.0,0.0,0.29300000000000004
rep0181,0.10,0.097,alg3,0.2,0.0,0.0,0.2,prop_127,1000,2000,-0.12000000000000001,0.14300000000000002,True,0.263,0.14300000000000002,0.071,0.071,-0.191,0.07200000000000001,0.0,0.0,0.263
rep0182,0.61,0.611,alg3,0.2,0.0,0.0,0.2,prop_127,1000,2000,0.48350000000000004,0.6890000000000001,True,0.20550000000000002,0.20550000000000002,0.635,0.635,-0.15149999999999997,0.05399999999999999,0.0,0.0,0.20549999999999996
rep0183,0.72,0.723,alg3,0.2,0.0,0.0,0.2,prop_127,1000,2000,0.37450000000000006,0.6269999999999999,False,0.25249999999999984,0.25249999999999984,0.5385,0.5385,-0.16399999999999992,0.08849999999999991,0.0,0.0,0.25249999999999984
rep0184,0.64,0.642,alg3,0.2,0.0,0.0,0.2,prop_127,1000,2000,0.43999999999999995,0.6915,True,0.25150000000000006,0.25150000000000006,0.605,0.605,-0.16500000000000004,0.08650000000000001,0.0,0.0,0.25150000000000006
rep0185,0.61,0.615,alg3,0.2,0.0,0.0,0.2,prop_127,1000,2000,0.37300000000000005,0.6145,False,0.2415,0.2415,0.552,0.552,-0.179,0.0625,0.0,0.0,0.2415
rep0186,0.25,0.248,alg3,0.2,0.0,0.0,0.2,prop_127,1000,2000,0.0719999999999999,0.30049999999999993,True,0.22850000000000004,0.22850000000000004,0.2405,0.2405,-0.1685000000000001,0.05999999999999994,0.0,0.0,0.22850000000000004
rep0187,0.42,0.424,alg3,0.2,0.0,0.0,0.2,prop_127,1000,2000,0.24099999999999994,0.524,True,0.2830000000000001,0.2830000000000001,0.437,0.437,-0.19600000000000006,0.08699999999999997,0.0,0.0,0.28300000000000003
rep0188,0.20,0.195,alg3,0.2,0.0,0.0,0.2,prop_127,1000,2000,0.15800000000000003,0.408,True,0.24999999999999994,0.24999999999999994,0.3345,0.3345,-0.1765,0.07349999999999995,0.0,0.0,0.24999999999999994
rep0189,0.45,0.452,alg3,0.2,0.0,0.0,0.2,prop_127,1000,2000,0.301,0.5305,True,0.22949999999999998,0.22949999999999998,0.43,0.43,-0.129,0.10049999999999998,0.0,0.0,0.22949999999999998
rep0190,0.42,0.418,alg3,0.2,0.0,0.0,0.2,prop_127,1000,2000,0.24849999999999994,0.524,True,0.2755000000000001,0.2755000000000001,0.4245,0.4245,-0.17600000000000005,0.09949999999999998,0.0,0.0,0.2755
rep0191,0.64,0.64,alg3,0.2,0.0,0.0,0.2,prop_127,1000,2000,0.635,0.891,True,0.256,0.256,0.811,0.811,-0.17600000000000002,0.08000000000000002,0.0,0.0,0.256
rep0192,0.74,0.742,alg3,0.2,0.0,0.0,0.2,prop_127,1000,2000,0.651,0.8625,True,0.21150000000000002,0.21150000000000002,0.7815,0.7815,-0.13049999999999995,0.08100000000000002,0.0,0.0,0.21149999999999997
rep0193,0.24,0.237,alg3,0.2,0.0,0.0,0.2,prop_127,1000,2000,0.11599999999999994,0.39849999999999997,True,0.28250000000000003,0.28250000000000003,0.315,0.315,-0.19900000000000007,0.08349999999999996,0.0,0.0,0.28250000000000003
rep0194,0.14,0.137,alg3,0.2,0.0,0.0,0.2,prop_127,1000,2000,0.061000000000000026,0.31199999999999994,True,0.2509999999999999,0.2509999999999999,0.234,0.234,-0.173,0.07799999999999996,0.0,0.0,0.25099999999999995
rep0195,0.22,0.223,alg3,0.2,0.0,0.0,0.2,prop_127,1000,2000,0.003000000000000058,0.277,True,0.27399999999999997,0.27399999999999997,0.192,0.192,-0.18899999999999995,0.08500000000000002,0.0,0.0,0.27399999999999997
rep0196,0.90,0.895,alg3,0.2,0.0,0.0,0.2,prop_127,1000,2000,0.8374999999999999,1.108,True,0.2705000000000002,0.1625000000000001,0.988,0.988,-0.15050000000000002,0.12,0.0,0.0,0.2705
rep0197,0.30,0.297,alg3,0.2,0.0,0.0,0.2,prop_127,1000,2000,0.17700000000000005,0.3945000000000001,True,0.21750000000000003,0.21750000000000003,0.3425,0.3425,-0.16549999999999998,0.052000000000000046,0.0,0.0,0.21750000000000003
rep0198,0.37,0.37,alg3,0.2,0.0,0.0,0.2,prop_127,1000,2000,0.465,0.7375,False,0.2725,0.2725,0.657,0.657,-0.192,0.08049999999999996,0.0,0.0,0.27249999999999996
rep0199,0.56,0.564,alg3,0.2,0.0,0.0,0.2,prop_127,1000,2000,0.552,0.8260000000000001,True,0.274,0.274,0.7435,0.7435,-0.19149999999999995,0.08249999999999996,0.0,0.0,0.2739999999999999
rep0200,0.47,0.466,alg3,0.2,0.0,0.0,0.2,prop_127,1000,2000,0.44100000000000006,0.6825000000000001,True,0.24150000000000005,0.24150000000000005,0.6095,0.6095,-0.1685,0.07300000000000001,0.0,0.0,0.24150000000000002
rep0201,0.93,0.931,alg3,0.2,0.0,0.0,0.2,prop_127,1000,2000,0.7515000000000001,1.0325,True,0.2809999999999999,0.24849999999999994,0.9495,0.9495,-0.198,0.08299999999999996,0.0,0.0,0.28099999999999997
rep0202,0.64,0.642,alg3,0.2,0.0,0.0,0.2,prop_127,1000,2000,0.31600000000000006,0.625,False,0.30899999999999994,0.30899999999999994,0.523,0.523,-0.207,0.10199999999999998,0.0,0.0,0.30899999999999994
rep0203,0.87,0.87,alg3,0.2,0.0,0.0,0.2,prop_127,1000,2000,0.7929999999999999,1.074,True,0.28100000000000014,0.20700000000000007,1.0,1.0,-0.20700000000000002,0.07400000000000001,0.0,0.0,0.281
rep0204,0.69,0.692,alg3,0.2,0.0,0.0,0.2,prop_127,1000,2000,0.5085,0.7775,True,0.269,0.269,0.6895,0.6895,-0.18100000000000002,0.08799999999999997,0.0,0.0,0.269
rep0205,0.81,0.806,alg3,0.2,0.0,0.0,0.2,prop_127,1000,2000,0.653,0.8885000000000001,True,0.23550000000000004,0.23550000000000004,0.8035,0.8035,-0.1505,0.08500000000000008,0.0,0.0,0.23550000000000007
rep0206,0.66,0.655,alg3,0.2,0.0,0.0,0.2,prop_127,1000,2000,0.5905,0.8825000000000001,True,0.29200000000000004,0.29200000000000004,0.8,0.8,-0.20949999999999996,0.08250000000000002,0.0,0.0,0.292
rep0207,0.40,0.404,alg3,0.2,0.0,0.0,0.2,prop_127,1000,2000,0.3359999999999999,0.6,True,0.26400000000000007,0.26400000000000007,0.5085,0.5085,-0.17250000000000004,0.09150000000000003,0.0,0.0,0.26400000000000007
rep0208,0.41,0.41,alg3,0.2,0.0,0.0,0.2,prop_127,1000,2000,0.1745,0.44599999999999995,True,0.27149999999999996,0.27149999999999996,0.345,0.345,-0.17049999999999998,0.10099999999999999,0.0,0.0,0.27149999999999996
rep0209,0.42,0.419,alg3,0.2,0.0,0.0,0.2,prop_127,1000,2000,0.35550000000000004,0.6174999999999999,True,0.2619999999999999,0.2619999999999999,0.508,0.508,-0.15249999999999997,0.10949999999999999,0.0,0.0,0.26199999999999996
rep0210,0.56,0.563,alg3,0.2,0.0,0.0,0.2,prop_127,1000,2000,0.29550000000000004,0.5894999999999999,True,0.2939999999999999,0.2939999999999999,0.4995,0.4995,-0.20399999999999996,0.08999999999999997,0.0,0.0,0.29399999999999993
rep0211,0.65,0.648,alg3,0.2,0.0,0.0,0.2,prop_127,1000,2000,0.5865,0.8705,True,0.28400000000000003,0.28400000000000003,0.755,0.755,-0.16849999999999993,0.11549999999999999,0.0,0.0,0.2839999999999999
rep0212,0.74,0.74,alg3,0.2,0.0,0.0,0.2,prop_127,1000,2000,0.7120000000000001,0.904,True,0.19199999999999995,0.19199999999999995,0.8655,0.8655,-0.15349999999999997,0.03849999999999998,0.0,0.0,0.19199999999999995
rep0213,0.45,0.446,alg3,0.2,0.0,0.0,0.2,prop_127,1000,2000,0.503,0.7585,False,0.25549999999999995,0.25549999999999995,0.6855,0.6855,-0.1825,0.07300000000000001,0.0,0.0,0.2555
rep0214,0.20,0.202,alg3,0.2,0.0,0.0,0.2,prop_127,1000,2000,-0.012999999999999984,0.255,True,0.268,0.255,0.18,0.18,-0.19299999999999998,0.07500000000000001,0.0,0.0,0.268
rep0215,0.50,0.496,alg3,0.2,0.0,0.0,0.2,prop_127,1000,2000,0.38150000000000006,0.6145,True,0.23299999999999998,0.23299999999999998,0.537,0.537,-0.15549999999999997,0.07750000000000001,0.0,0.0,0.23299999999999998
rep0216,0.72,0.717,alg3,0.2,0.0,0.0,0.2,prop_127,1000,2000,0.54,0.7334999999999999,True,0.1934999999999999,0.1934999999999999,0.703,0.703,-0.16299999999999998,0.03049999999999997,0.0,0.0,0.19349999999999995
rep0217,0.50,0.499,alg3,0.2,0.0,0.0,0.2,prop_127,1000,2000,0.516,0.751,False,0.235,0.235,0.664,0.664,-0.14799999999999996,0.08699999999999997,0.0,0.0,0.23499999999999993
rep0218,0.50,0.497,alg3,0.2,0.0,0.0,0.2,prop_127,1000,2000,0.35450000000000004,0.6520000000000001,True,0.2975000000000001,0.2975000000000001,0.544,0.544,-0.1895,0.1080000000000001,0.0,0.0,0.2975000000000001
rep0219,0.90,0.9,alg3,0.2,0.0,0.0,0.2,prop_127,1000,2000,0.6655000000000001,0.9245000000000001,True,0.259,0.259,0.8635,0.8635,-0.19799999999999995,0.061000000000000054,0.0,0.0,0.259
rep0220,0.76,0.759,alg3,0.2,0.0,0.0,0.2,prop_127,1000,2000,0.5405,0.8255,True,0.28500000000000003,0.28500000000000003,0.741,0.741,-0.2005,0.08450000000000002,0.0,0.0,0.28500000000000003
rep0221,0.22,0.222,alg3,0.2,0.0,0.0,0.2,prop_127,1000,2000,0.12500000000000006,0.338,True,0.21299999999999997,0.21299999999999997,0.2665,0.2665,-0.14149999999999996,0.07150000000000001,0.0,0.0,0.21299999999999997
rep0222,0.66,0.66,alg3,0.2,0.0,0.0,0.2,prop_127,1000,2000,0.6885,0.9550000000000001,False,0.26650000000000007,0.26650000000000007,0.892,0.892,-0.20350000000000001,0.063,0.0,0.0,0.2665
rep0223,0.08,0.077,alg3,0.2,0.0,0.0,0.2,prop_127,1000,2000,0.049000000000000016,0.32099999999999995,True,0.2719999999999999,0.2719999999999999,0.2295,0.2295,-0.1805,0.09149999999999997,0.0,0.0,0.27199999999999996
rep0224,0.25,0.246,alg3,0.2,0.0,0.0,0.2,prop_127,1000,2000,0.14550000000000002,0.40950000000000003,True,0.264,0.264,0.31,0.31,-0.16449999999999998,0.09950000000000003,0.0,0.0,0.264
rep0225,0.49,0.488,alg3,0.2,0.0,0.0,0.2,prop_127,1000,2000,0.28550000000000003,0.51,True,0.22449999999999998,0.22449999999999998,0.4445,0.4445,-0.15899999999999997,0.0655,0.0,0.0,0.22449999999999998
rep0226,0.48,0.478,alg3,0.2,0.0,0.0,0.2,prop_127,1000,2000,0.368,0.6160000000000001,True,0.2480000000000001,0.2480000000000001,0.541,0.541,-0.17300000000000001,0.07500000000000001,0.0,0.0,0.24800000000000003
rep0227,0.35,0.347,alg3,0.2,0.0,0.0,0.2,prop_127,1000,2000,0.25099999999999995,0.544,True,0.2930000000000001,0.2930000000000001,0.439,0.439,-0.18800000000000006,0.10499999999999998,0.0,0.0,0.29300000000000004
rep0228,0.77,0.772,alg3,0.2,0.0,0.0,0.2,prop_127,1000,2000,0.655,0.893,True,0.238,0.238,0.8165,0.8165,-0.16149999999999998,0.07650000000000001,0.0,0.0,0.238
rep0229,0.26,0.255,alg3,0.2,0.0,0.0,0.2,prop_127,1000,2000,0.19799999999999995,0.4165,True,0.21850000000000003,0.21850000000000003,0.351,0.351,-0.15300000000000002,0.0655,0.0,0.0,0.21850000000000003
rep0230,0.50,0.504,alg3,0.2,0.0,0.0,0.2,prop_127,1000,2000,0.4245,0.6679999999999999,True,0.24349999999999994,0.24349999999999994,0.616,0.616,-0.1915,0.051999999999999935,0.0,0.0,0.24349999999999994
rep0231,0.82,0.818,alg3,0.2,0.0,0.0,0.2,prop_127,1000,2000,0.563,0.8039999999999999,False,0.241,0.241,0.736,0.736,-0.17300000000000004,0.06799999999999995,0.0,0.0,0.241
rep0232,0.76,0.764,alg3,0.2,0.0,0.0,0.2,prop_127,1000,2000,0.5029999999999999,0.7609999999999999,False,0.258,0.258,0.701,0.701,-0.198,0.05999999999999994,0.0,0.0,0.25799999999999995
rep0233,0.50,0.502,alg3,0.2,0.0,0.0,0.2,prop_127,1000,2000,0.4375,0.7105,True,0.273,0.273,0.614,0.614,-0.1765,0.0965,0.0,0.0,0.273
rep0234,0.25,0.248,alg3,0.2,0.0,0.0,0.2,prop_127,1000,2000,0.195,0.48299999999999993,True,0.2879999999999999,0.2879999999999999,0.3765,0.3765,-0.1815,0.10649999999999993,0.0,0.0,0.2879999999999999
rep0235,0.17,0.17,alg3,0.2,0.0,0.0,0.2,prop_127,1000,2000,0.277,0.522,False,0.245,0.245,0.441,0.441,-0.16399999999999998,0.08099999999999996,0.0,0.0,0.24499999999999994
rep0236,0.49,0.495,alg3,0.2,0.0,0.0,0.2,prop_127,1000,2000,0.37250000000000005,0.6539999999999999,True,0.28149999999999986,0.28149999999999986,0.5665,0.5665,-0.19399999999999995,0.08749999999999997,0.0,0.0,0.2814999999999999
rep0237,0.22,0.22,alg3,0.2,0.0,0.0,0.2,prop_127,1000,2000,0.0464999999999999,0.326,True,0.2795000000000001,0.2795000000000001,0.219,0.219,-0.1725000000000001,0.107,0.0,0.0,0.2795000000000001
rep0238,0.47,0.465,alg3,0.2,0.0,0.0,0.2,prop_127,1000,2000,0.4275,0.6375000000000001,True,0.21000000000000008,0.21000000000000008,0.5635,0.5635,-0.136,0.07400000000000007,0.0,0.0,0.21000000000000008
rep0239,0.61,0.615,alg3,0.2,0.0,0.0,0.2,prop_127,1000,2000,0.5529999999999999,0.862,True,0.30900000000000005,0.30900000000000005,0.7595,0.7595,-0.20650000000000002,0.10250000000000004,0.0,0.0,0.30900000000000005
rep0240,0.85,0.854,alg3,0.2,0.0,0.0,0.2,prop_127,1000,2000,0.6104999999999999,0.8945,True,0.28400000000000003,0.28400000000000003,0.813,0.813,-0.2025,0.0815,0.0,0.0,0.28400000000000003
rep0241,0.09,0.091,alg3,0.2,0.0,0.0,0.2,prop_127,1000,2000,-0.10200000000000004,0.13199999999999998,True,0.234,0.13199999999999998,0.066,0.066,-0.16800000000000004,0.06599999999999998,0.0,0.0,0.234
rep0242,0.38,0.375,alg3,0.2,0.0,0.0,0.2,prop_127,1000,2000,0.195,0.47300000000000003,True,0.278,0.278,0.3825,0.3825,-0.1875,0.09050000000000002,0.0,0.0,0.278
rep0243,0.04,0.038,alg3,0.2,0.0,0.0,0.2,prop_127,1000,2000,0.12999999999999995,0.43050000000000005,False,0.3005000000000001,0.3005000000000001,0.322,0.322,-0.19200000000000006,0.10850000000000004,0.0,0.0,0.3005000000000001
rep0244,0.67,0.671,alg3,0.2,0.0,0.0,0.2,prop_127,1000,2000,0.478,0.7465,True,0.26850000000000007,0.26850000000000007,0.665,0.665,-0.18700000000000006,0.08150000000000002,0.0,0.0,0.26850000000000007
rep0245,0.89,0.891,alg3,0.2,0.0,0.0,0.2,prop_127,1000,2000,0.823,1.077,True,0.254,0.17700000000000005,1.0,1.0,-0.17700000000000005,0.07699999999999999,0.0,0.0,0.254
rep0246,0.29,0.289,alg3,0.2,0.0,0.0,0.2,prop_127,1000,2000,0.16249999999999998,0.42499999999999993,True,0.26249999999999996,0.26249999999999996,0.345,0.345,-0.1825,0.07999999999999996,0.0,0.0,0.26249999999999996
rep0247,0.79,0.787,alg3,0.2,0.0,0.0,0.2,prop_127,1000,2000,0.5589999999999999,0.8605,True,0.3015000000000001,0.3015000000000001,0.757,0.757,-0.198,0.1035,0.0,0.0,0.3015
rep0248,0.53,0.527,alg3,0.2,0.0,0.0,0.2,prop_127,1000,2000,0.599,0.8579999999999999,False,0.2589999999999999,0.2589999999999999,0.7595,0.7595,-0.16049999999999998,0.09849999999999998,0.0,0.0,0.25899999999999995
rep0249,0.44,0.442,alg3,0.2,0.0,0.0,0.2,prop_127,1000,2000,0.3335,0.6020000000000001,True,0.26850000000000007,0.26850000000000007,0.508,0.508,-0.1745,0.09400000000000003,0.0,0.0,0.2685
rep0250,0.59,0.593,alg3,0.2,0.0,0.0,0.2,prop_127,1000,2000,0.606,0.8565,False,0.25050000000000006,0.25050000000000006,0.778,0.778,-0.17200000000000004,0.07850000000000001,0.0,0.0,0.25050000000000006
rep0251,0.86,0.86,alg3,0.2,0.0,0.0,0.2,prop_127,1000,2000,0.4680000000000001,0.747,False,0.2789999999999999,0.2789999999999999,0.665,0.665,-0.19699999999999995,0.08199999999999996,0.0,0.0,0.2789999999999999
rep0252,0.66,0.657,alg3,0.2,0.0,0.0,0.2,prop_127,1000,2000,0.44900000000000007,0.7285,True,0.27949999999999997,0.27949999999999997,0.618,0.618,-0.16899999999999993,0.1105,0.0,0.0,0.2794999999999999
rep0253,0.24,0.239,alg3,0.2,0.0,0.0,0.2,prop_127,1000,2000,0.01499999999999993,0.24649999999999997,True,0.23150000000000004,0.23150000000000004,0.2035,0.2035,-0.18850000000000006,0.04299999999999998,0.0,0.0,0.23150000000000004
rep0254,0.33,0.327,alg3,0.2,0.0,0.0,0.2,prop_127,1000,2000,0.10000000000000003,0.31800000000000006,False,0.21800000000000003,0.21800000000000003,0.2705,0.2705,-0.17049999999999998,0.047500000000000014,0.0,0.0,0.218
rep0255,0.54,0.539,alg3,0.2,0.0,0.0,0.2,prop_127,1000,2000,0.59,0.8524999999999999,False,0.26249999999999996,0.26249999999999996,0.761,0.761,-0.17100000000000004,0.09149999999999991,0.0,0.0,0.26249999999999996
rep0256,0.34,0.336,alg3,0.2,0.0,0.0,0.2,prop_127,1000,2000,0.44700000000000006,0.7105000000000001,False,0.26350000000000007,0.26350000000000007,0.6245,0.6245,-0.1775,0.08600000000000002,0.0,0.0,0.2635
rep0257,0.24,0.24,alg3,0.2,0.0,0.0,0.2,prop_127,1000,2000,0.35050000000000003,0.5934999999999999,False,0.24299999999999988,0.24299999999999988,0.5225,0.5225,-0.17199999999999993,0.07100000000000001,0.0,0.0,0.24299999999999994
rep0258,0.31,0.306,alg3,0.2,0.0,0.0,0.2,prop_127,1000,2000,0.30300000000000005,0.56,True,0.257,0.257,0.464,0.464,-0.16099999999999998,0.09600000000000003,0.0,0.0,0.257
rep0259,0.86,0.856,alg3,0.2,0.0,0.0,0.2,prop_127,1000,2000,0.679,0.9575,True,0.27849999999999997,0.27849999999999997,0.8735,0.8735,-0.1945,0.08400000000000002,0.0,0.0,0.2785
rep0260,0.22,0.216,alg3,0.2,0.0,0.0,0.2,prop_127,1000,2000,0.15750000000000003,0.4525,True,0.295,0.295,0.333,0.333,-0.1755,0.1195,0.0,0.0,0.295
rep0261,0.59,0.589,alg3,0.2,0.0,0.0,0.2,prop_127,1000,2000,0.43700000000000006,0.6605,True,0.22349999999999992,0.22349999999999992,0.6175,0.6175,-0.1805,0.04299999999999993,0.0,0.0,0.22349999999999992
rep0262,0.41,0.414,alg3,0.2,0.0,0.0,0.2,prop_127,1000,2000,0.3055,0.524,True,0.21850000000000003,0.21850000000000003,0.4795,0.4795,-0.174,0.044499999999999984,0.0,0.0,0.21849999999999997
rep0263,0.64,0.642,alg3,0.2,0.0,0.0,0.2,prop_127,1000,2000,0.5125,0.755,True,0.24250000000000005,0.24250000000000005,0.6795,0.6795,-0.16700000000000004,0.07550000000000001,0.0,0.0,0.24250000000000005
rep0264,0.38,0.375,alg3,0.2,0.0,0.0,0.2,prop_127,1000,2000,0.22450000000000003,0.4615,True,0.237,0.237,0.37,0.37,-0.14549999999999996,0.0915,0.0,0.0,0.23699999999999996
rep0265,0.55,0.551,alg3,0.2,0.0,0.0,0.2,prop_127,1000,2000,0.20700000000000002,0.47800000000000004,False,0.271,0.271,0.3795,0.3795,-0.1725,0.09850000000000003,0.0,0.0,0.271
rep0266,0.86,0.862,alg3,0.2,0.0,0.0,0.2,prop_127,1000,2000,0.7184999999999999,0.9929999999999999,True,0.27449999999999997,0.27449999999999997,0.8855,0.8855,-0.16700000000000004,0.10749999999999998,0.0,0.0,0.2745
rep0267,0.60,0.605,alg3,0.2,0.0,0.0,0.2,prop_127,1000,2000,0.5794999999999999,0.847,True,0.26750000000000007,0.26750000000000007,0.7735,0.7735,-0.194,0.07350000000000001,0.0,0.0,0.2675
rep0268,0.28,0.285,alg3,0.2,0.0,0.0,0.2,prop_127,1000,2000,0.1745,0.426,True,0.2515,0.2515,0.3545,0.3545,-0.18,0.07150000000000001,0.0,0.0,0.2515
rep0269,0.80,0.796,alg3,0.2,0.0,0.0,0.2,prop_127,1000,2000,0.835,1.074,False,0.2390000000000001,0.16500000000000004,1.0,1.0,-0.165,0.07400000000000001,0.0,0.0,0.23900000000000002
rep0270,0.85,0.848,alg3,0.2,0.0,0.0,0.2,prop_127,1000,2000,0.8525,1.0895,False,0.23699999999999988,0.14749999999999996,1.0,1.0,-0.14749999999999996,0.08949999999999997,0.0,0.0,0.23699999999999993
rep0271,0.73,0.732,alg3,0.2,0.0,0.0,0.2,prop_127,1000,2000,0.6455,0.9189999999999999,True,0.27349999999999997,0.27349999999999997,0.853,0.853,-0.20750000000000002,0.06599999999999998,0.0,0.0,0.27349999999999997
rep0272,0.06,0.063,alg3,0.2,0.0,0.0,0.2,prop_127,1000,2000,-0.18800000000000006,0.10199999999999998,True,0.29000000000000004,0.10199999999999998,0.0,0.0,-0.18800000000000006,0.10199999999999998,0.0,0.0,0.29000000000000004
rep0273,0.26,0.263,alg3,0.2,0.0,0.0,0.2,prop_127,1000,2000,0.0025000000000000577,0.2775,True,0.27499999999999997,0.27499999999999997,0.196,0.196,-0.19349999999999995,0.08150000000000002,0.0,0.0,0.27499999999999997
rep0274,0.47,0.475,alg3,0.2,0.0,0.0,0.2,prop_127,1000,2000,0.32450000000000007,0.647,True,0.32249999999999995,0.32249999999999995,0.533,0.533,-0.20849999999999996,0.11400000000000002,0.0,0.0,0.3225
rep0275,0.51,0.509,alg3,0.2,0.0,0.0,0.2,prop_127,1000,2000,0.27399999999999997,0.5265,True,0.2525,0.2525,0.4705,0.4705,-0.1965,0.055999999999999994,0.0,0.0,0.2525
rep0276,0.17,0.173,alg3,0.2,0.0,0.0,0.2,prop_127,1000,2000,0.1959999999999999,0.438,False,0.2420000000000001,0.2420000000000001,0.3445,0.3445,-0.14850000000000008,0.09350000000000003,0.0,0.0,0.2420000000000001
rep0277,0.40,0.396,alg3,0.2,0.0,0.0,0.2,prop_127,1000,2000,0.32799999999999996,0.5855,True,0.25750000000000006,0.25750000000000006,0.505,0.505,-0.17700000000000005,0.08050000000000002,0.0,0.0,0.25750000000000006
rep0278,0.74,0.745,alg3,0.2,0.0,0.0,0.2,prop_127,1000,2000,0.613,0.8879999999999999,True,0.2749999999999999,0.2749999999999999,0.7885,0.7885,-0.1755,0.09949999999999992,0.0,0.0,0.2749999999999999
rep0279,0.04,0.043,alg3,0.2,0.0,0.0,0.2,prop_127,1000,2000,-0.1825,0.084,True,0.2665,0.084,0.0,0.0,-0.1825,0.084,0.0,0.0,0.2665
rep0280,0.54,0.539,alg3,0.2,0.0,0.0,0.2,prop_127,1000,2000,0.41100000000000003,0.6345000000000001,True,0.22350000000000003,0.22350000000000003,0.5855,0.5855,-0.1745,0.04899999999999999,0.0,0.0,0.22349999999999998
rep0281,0.57,0.566,alg3,0.2,0.0,0.0,0.2,prop_127,1000,2000,0.40449999999999997,0.6479999999999999,True,0.24349999999999994,0.24349999999999994,0.566,0.566,-0.16149999999999998,0.08199999999999999,0.0,0.0,0.24349999999999997
rep0282,0.23,0.233,alg3,0.2,0.0,0.0,0.2,prop_127,1000,2000,0.18250000000000002,0.4525,True,0.27,0.27,0.3425,0.3425,-0.16,0.11,0.0,0.0,0.27
rep0283,0.46,0.459,alg3,0.2,0.0,0.0,0.2,prop_127,1000,2000,0.34500000000000003,0.6145,True,0.2695,0.2695,0.521,0.521,-0.176,0.09349999999999997,0.0,0.0,0.26949999999999996
rep0284,0.44,0.437,alg3,0.2,0.0,0.0,0.2,prop_127,1000,2000,0.34299999999999997,0.5854999999999999,True,0.24249999999999994,0.24249999999999994,0.492,0.492,-0.14900000000000002,0.09349999999999992,0.0,0.0,0.24249999999999994
rep0285,0.35,0.353,alg3,0.2,0.0,0.0,0.2,prop_127,1000,2000,0.30999999999999994,0.601,True,0.29100000000000004,0.29100000000000004,0.485,0.485,-0.17500000000000004,0.11599999999999994,0.0,0.0,0.291
rep0286,0.60,0.604,alg3,0.2,0.0,0.0,0.2,prop_127,1000,2000,0.5545,0.828,True,0.27349999999999997,0.27349999999999997,0.725,0.725,-0.17050000000000004,0.10299999999999998,0.0,0.0,0.2735
rep0287,0.29,0.292,alg3,0.2,0.0,0.0,0.2,prop_127,1000,2000,0.15499999999999997,0.3965,True,0.24150000000000005,0.24150000000000005,0.3455,0.3455,-0.1905,0.051000000000000045,0.0,0.0,0.24150000000000005
rep0288,0.11,0.113,alg3,0.2,0.0,0.0,0.2,prop_127,1000,2000,-0.044999999999999984,0.2009999999999999,True,0.24599999999999989,0.2009999999999999,0.1305,0.1305,-0.1755,0.0704999999999999,0.0,0.0,0.24599999999999989
rep0289,0.52,0.521,alg3,0.2,0.0,0.0,0.2,prop_127,1000,2000,0.41700000000000004,0.6515000000000001,True,0.23450000000000004,0.23450000000000004,0.603,0.603,-0.18599999999999994,0.0485000000000001,0.0,0.0,0.23450000000000004
rep0290,0.21,0.214,alg3,0.2,0.0,0.0,0.2,prop_127,1000,2000,-0.05700000000000005,0.236,True,0.29300000000000004,0.236,0.134,0.134,-0.19100000000000006,0.10199999999999998,0.0,0.0,0.29300000000000004
rep0291,0.33,0.329,alg3,0.2,0.0,0.0,0.2,prop_127,1000,2000,0.19599999999999995,0.4205,True,0.22450000000000003,0.22450000000000003,0.345,0.345,-0.14900000000000002,0.07550000000000001,0.0,0.0,0.22450000000000003
rep0292,0.68,0.678,alg3,0.2,0.0,0.0,0.2,prop_127,1000,2000,0.5940000000000001,0.8374999999999999,True,0.24349999999999983,0.24349999999999983,0.756,0.756,-0.16199999999999998,0.08149999999999996,0.0,0.0,0.24349999999999994
rep0293,0.61,0.61,alg3,0.2,0.0,0.0,0.2,prop_127,1000,2000,0.55,0.8180000000000001,True,0.268,0.268,0.7425,0.7425,-0.1925,0.07550000000000001,0.0,0.0,0.268
rep0294,0.32,0.322,alg3,0.2,0.0,0.0,0.2,prop_127,1000,2000,0.3184999999999999,0.5714999999999999,True,0.253,0.253,0.482,0.482,-0.1635000000000001,0.08949999999999997,0.0,0.0,0.25300000000000006
rep0295,0.88,0.877,alg3,0.2,0.0,0.0,0.2,prop_127,1000,2000,0.798,1.03,True,0.23199999999999998,0.20199999999999996,0.9635,0.9635,-0.16549999999999998,0.0665,0.0,0.0,0.23199999999999998
rep0296,0.38,0.384,alg3,0.2,0.0,0.0,0.2,prop_127,1000,2000,0.35450000000000004,0.6085,True,0.254,0.254,0.542,0.542,-0.1875,0.0665,0.0,0.0,0.254
rep0297,0.29,0.29,alg3,0.2,0.0,0.0,0.2,prop_127,1000,2000,0.2965,0.5635,False,0.267,0.267,0.4495,0.4495,-0.15300000000000002,0.11399999999999999,0.0,0.0,0.267
rep0298,0.49,0.492,alg3,0.2,0.0,0.0,0.2,prop_127,1000,2000,0.3205,0.6060000000000001,True,0.2855000000000001,0.2855000000000001,0.498,0.498,-0.1775,0.10800000000000004,0.0,0.0,0.28550000000000003
rep0299,0.16,0.159,alg3,0.2,0.0,0.0,0.2,prop_127,1000,2000,0.07749999999999996,0.3175,True,0.24000000000000005,0.24000000000000005,0.2505,0.2505,-0.17300000000000004,0.067,0.0,0.0,0.24000000000000005
rep0300,0.27,0.266,alg3,0.2,0.0,0.0,0.2,prop_127,1000,2000,0.08150000000000002,0.372,True,0.2905,0.2905,0.2895,0.2895,-0.20799999999999996,0.08250000000000002,0.0,0.0,0.2905
rep0301,0.71,0.712,alg3,0.2,0.0,0.0,0.2,prop_127,1000,2000,0.5995,0.898,True,0.2985,0.2985,0.793,0.793,-0.1935,0.10499999999999998,0.0,0.0,0.2985
rep0302,0.65,0.647,alg3,0.2,0.0,0.0,0.2,prop_127,1000,2000,0.4685,0.7535000000000001,True,0.28500000000000003,0.28500000000000003,0.655,0.655,-0.1865,0.09849999999999998,0.0,0.0,0.285
rep0303,0.61,0.61,alg3,0.2,0.0,0.0,0.2,prop_127,1000,2000,0.5385,0.7825,True,0.244,0.244,0.703,0.703,-0.16449999999999998,0.07949999999999996,0.0,0.0,0.24399999999999994
rep0304,0.54,0.538,alg3,0.2,0.0,0.0,0.2,prop_127,1000,2000,0.407,0.675,True,0.26800000000000007,0.26800000000000007,0.608,0.608,-0.201,0.067,0.0,0.0,0.268
rep0305,0.10,0.101,alg3,0.2,0.0,0.0,0.2,prop_127,1000,2000,0.03450000000000003,0.294,True,0.25949999999999995,0.25949999999999995,0.2,0.2,-0.16549999999999998,0.09399999999999997,0.0,0.0,0.25949999999999995
rep0306,0.72,0.718,alg3,0.2,0.0,0.0,0.2,prop_127,1000,2000,0.6064999999999999,0.8494999999999999,True,0.243,0.243,0.7745,0.7745,-0.16800000000000004,0.075,0.0,0.0,0.24300000000000005
rep0307,0.50,0.496,alg3,0.2,0.0,0.0,0.2,prop_127,1000,2000,0.43949999999999995,0.6875,True,0.24800000000000005,0.24800000000000005,0.601,0.601,-0.16150000000000003,0.08650000000000002,0.0,0.0,0.24800000000000005
rep0308,0.14,0.14,alg3,0.2,0.0,0.0,0.2,prop_127,1000,2000,0.08149999999999996,0.30650000000000005,True,0.2250000000000001,0.2250000000000001,0.2535,0.2535,-0.17200000000000004,0.05300000000000005,0.0,0.0,0.2250000000000001
rep0309,0.84,0.841,alg3,0.2,0.0,0.0,0.2,prop_127,1000,2000,0.809,1.0899999999999999,True,0.2809999999999998,0.19099999999999995,1.0,1.0,-0.19099999999999995,0.08999999999999997,0.0,0.0,0.2809999999999999
rep0310,0.40,0.395,alg3,0.2,0.0,0.0,0.2,prop_127,1000,2000,0.2965,0.5765,True,0.28,0.28,0.491,0.491,-0.1945,0.08550000000000002,0.0,0.0,0.28
rep0311,0.15,0.154,alg3,0.2,0.0,0.0,0.2,prop_127,1000,2000,0.121,0.36800000000000005,True,0.24700000000000005,0.24700000000000005,0.291,0.291,-0.16999999999999998,0.07700000000000007,0.0,0.0,0.24700000000000005
rep0312,0.76,0.762,alg3,0.2,0.0,0.0,0.2,prop_127,1000,2000,0.5495000000000001,0.8540000000000001,True,0.3045,0.3045,0.7235,0.7235,-0.17399999999999993,0.13050000000000006,0.0,0.0,0.3045
rep0313,0.86,0.86,alg3,0.2,0.0,0.0,0.2,prop_127,1000,2000,0.6950000000000001,0.9480000000000001,True,0.253,0.253,0.887,0.887,-0.19199999999999995,0.061000000000000026,0.0,0.0,0.253
rep0314,0.55,0.548,alg3,0.2,0.0,0.0,0.2,prop_127,1000,2000,0.307,0.5935,True,0.28650000000000003,0.28650000000000003,0.4895,0.4895,-0.1825,0.10400000000000004,0.0,0.0,0.28650000000000003
rep0315,0.56,0.557,alg3,0.2,0.0,0.0,0.2,prop_127,1000,2000,0.4145,0.6845,True,0.27,0.27,0.602,0.602,-0.18749999999999997,0.08250000000000002,0.0,0.0,0.27
rep0316,0.61,0.611,alg3,0.2,0.0,0.0,0.2,prop_127,1000,2000,0.34900000000000003,0.606,False,0.25699999999999995,0.25699999999999995,0.51,0.51,-0.16099999999999998,0.09599999999999997,0.0,0.0,0.25699999999999995
rep0317,0.70,0.696,alg3,0.2,0.0,0.0,0.2,prop_127,1000,2000,0.264,0.4965,False,0.23249999999999998,0.23249999999999998,0.4275,0.4275,-0.16349999999999998,0.069,0.0,0.0,0.23249999999999998
rep0318,0.15,0.149,alg3,0.2,0.0,0.0,0.2,prop_127,1000,2000,0.125,0.365,True,0.24,0.24,0.2925,0.2925,-0.16749999999999998,0.07250000000000001,0.0,0.0,0.24
rep0319,0.21,0.212,alg3,0.2,0.0,0.0,0.2,prop_127,1000,2000,0.014999999999999958,0.2995,True,0.28450000000000003,0.28450000000000003,0.206,0.206,-0.19100000000000003,0.09349999999999999,0.0,0.0,0.28450000000000003
rep0320,0.84,0.842,alg3,0.2,0.0,0.0,0.2,prop_127,1000,2000,0.66,0.9009999999999999,True,0.24099999999999988,0.24099999999999988,0.8255,0.8255,-0.16549999999999998,0.0754999999999999,0.0,0.0,0.24099999999999988
rep0321,0.13,0.133,alg3,0.2,0.0,0.0,0.2,prop_127,1000,2000,0.04200000000000001,0.26,True,0.218,0.218,0.1925,0.1925,-0.1505,0.0675,0.0,0.0,0.218
rep0322,0.56,0.562,alg3,0.2,0.0,0.0,0.2,prop_127,1000,2000,0.4985000000000001,0.7735000000000001,True,0.27499999999999997,0.27499999999999997,0.676,0.676,-0.17749999999999994,0.09749999999999998,0.0,0.0,0.2749999999999999
rep0323,0.59,0.594,alg3,0.2,0.0,0.0,0.2,prop_127,1000,2000,0.5509999999999999,0.7995,True,0.24850000000000005,0.24850000000000005,0.725,0.725,-0.174,0.07450000000000001,0.0,0.0,0.2485
rep0324,0.54,0.538,alg3,0.2,0.0,0.0,0.2,prop_127,1000,2000,0.36,0.6395000000000001,True,0.2795000000000001,0.2795000000000001,0.56,0.56,-0.20000000000000007,0.07950000000000002,0.0,0.0,0.2795000000000001
rep0325,0.80,0.801,alg3,0.2,0.0,0.0,0.2,prop_127,1000,2000,0.644,0.928,True,0.28400000000000003,0.28400000000000003,0.8395,0.8395,-0.1955,0.08850000000000002,0.0,0.0,0.28400000000000003
rep0326,0.52,0.519,alg3,0.2,0.0,0.0,0.2,prop_127,1000,2000,0.18250000000000005,0.4335,False,0.25099999999999995,0.25099999999999995,0.3625,0.3625,-0.17999999999999994,0.07100000000000001,0.0,0.0,0.25099999999999995
rep0327,0.43,0.429,alg3,0.2,0.0,0.0,0.2,prop_127,1000,2000,0.402,0.658,True,0.256,0.256,0.5905,0.5905,-0.1885,0.0675,0.0,0.0,0.256
rep0328,0.64,0.635,alg3,0.2,0.0,0.0,0.2,prop_127,1000,2000,0.5565,0.8140000000000001,True,0.25750000000000006,0.25750000000000006,0.7325,0.7325,-0.17600000000000005,0.08150000000000002,0.0,0.0,0.25750000000000006
rep0329,0.55,0.554,alg3,0.2,0.0,0.0,0.2,prop_127,1000,2000,0.48450000000000004,0.7445,True,0.26,0.26,0.638,0.638,-0.15349999999999997,0.10650000000000004,0.0,0.0,0.26
rep0330,0.07,0.066,alg3,0.2,0.0,0.0,0.2,prop_127,1000,2000,-0.01100000000000001,0.25650000000000006,True,0.26750000000000007,0.25650000000000006,0.1575,0.1575,-0.1685,0.09900000000000003,0.0,0.0,0.26750000000000007
rep0331,0.49,0.492,alg3,0.2,0.0,0.0,0.2,prop_127,1000,2000,0.29700000000000004,0.5665,True,0.26949999999999996,0.26949999999999996,0.486,0.486,-0.18899999999999995,0.08049999999999996,0.0,0.0,0.2694999999999999
rep0332,0.19,0.193,alg3,0.2,0.0,0.0,0.2,prop_127,1000,2000,0.08149999999999996,0.36550000000000005,True,0.2840000000000001,0.2840000000000001,0.2675,0.2675,-0.18600000000000005,0.09800000000000003,0.0,0.0,0.2840000000000001
rep0333,0.73,0.727,alg3,0.2,0.0,0.0,0.2,prop_127,1000,2000,0.6345,0.9149999999999999,True,0.28049999999999997,0.28049999999999997,0.8135,0.8135,-0.17900000000000005,0.10149999999999992,0.0,0.0,0.28049999999999997
rep0334,0.61,0.609,alg3,0.2,0.0,0.0,0.2,prop_127,1000,2000,0.512,0.779,True,0.267,0.267,0.67,0.67,-0.15800000000000003,0.10899999999999999,0.0,0.0,0.267
rep0335,0.76,0.764,alg3,0.2,0.0,0.0,0.2,prop_127,1000,2000,0.597,0.8440000000000001,True,0.2470000000000001,0.2470000000000001,0.781,0.781,-0.18400000000000005,0.063,0.0,0.0,0.24700000000000005
rep0336,0.06,0.058,alg3,0.2,0.0,0.0,0.2,prop_127,1000,2000,-0.11950000000000002,0.11550000000000002,True,0.23500000000000004,0.11550000000000002,0.0395,0.0395,-0.15900000000000003,0.07600000000000001,0.0,0.0,0.23500000000000004
rep0337,0.51,0.506,alg3,0.2,0.0,0.0,0.2,prop_127,1000,2000,0.45699999999999996,0.7190000000000001,True,0.2620000000000001,0.2620000000000001,0.636,0.636,-0.17900000000000005,0.08300000000000002,0.0,0.0,0.26200000000000007
rep0338,0.63,0.628,alg3,0.2,0.0,0.0,0.2,prop_127,1000,2000,0.734,0.9835,False,0.24950000000000006,0.24950000000000006,0.8955,0.8955,-0.16149999999999998,0.08800000000000002,0.0,0.0,0.2495
rep0339,0.34,0.344,alg3,0.2,0.0,0.0,0.2,prop_127,1000,2000,0.1805,0.4125,True,0.23199999999999998,0.23199999999999998,0.353,0.353,-0.1725,0.0595,0.0,0.0,0.23199999999999998
rep0340,0.22,0.224,alg3,0.2,0.0,0.0,0.2,prop_127,1000,2000,0.06350000000000006,0.317,True,0.25349999999999995,0.25349999999999995,0.2505,0.2505,-0.18699999999999994,0.0665,0.0,0.0,0.25349999999999995
rep0341,0.36,0.359,alg3,0.2,0.0,0.0,0.2,prop_127,1000,2000,0.16000000000000003,0.4285,True,0.26849999999999996,0.26849999999999996,0.348,0.348,-0.18799999999999994,0.08049999999999999,0.0,0.0,0.26849999999999996
rep0342,0.49,0.493,alg3,0.2,0.0,0.0,0.2,prop_127,1000,2000,0.4275,0.7115,True,0.28400000000000003,0.28400000000000003,0.5985,0.5985,-0.17100000000000004,0.11299999999999999,0.0,0.0,0.28400000000000003
rep0343,0.65,0.651,alg3,0.2,0.0,0.0,0.2,prop_127,1000,2000,0.46599999999999997,0.7164999999999999,True,0.25049999999999994,0.25049999999999994,0.6385,0.6385,-0.1725,0.07800000000000001,0.0,0.0,0.2505
rep0344,0.35,0.351,alg3,0.2,0.0,0.0,0.2,prop_127,1000,2000,0.21150000000000002,0.49850000000000005,True,0.28700000000000003,0.28700000000000003,0.383,0.383,-0.17149999999999999,0.11550000000000005,0.0,0.0,0.28700000000000003
rep0345,0.96,0.957,alg3,0.2,0.0,0.0,0.2,prop_127,1000,2000,0.83,1.0565,True,0.22650000000000003,0.17000000000000004,0.96,0.96,-0.13,0.09650000000000003,0.0,0.0,0.22650000000000003
rep0346,0.85,0.852,alg3,0.2,0.0,0.0,0.2,prop_127,1000,2000,0.681,0.958,True,0.2769999999999999,0.2769999999999999,0.881,0.881,-0.19999999999999996,0.07700000000000001,0.0,0.0,0.27699999999999997
rep0347,0.38,0.382,alg3,0.2,0.0,0.0,0.2,prop_127,1000,2000,0.39849999999999997,0.6619999999999999,False,0.26349999999999996,0.26349999999999996,0.595,0.595,-0.1965,0.067,0.0,0.0,0.2635
rep0348,0.41,0.415,alg3,0.2,0.0,0.0,0.2,prop_127,1000,2000,0.2790000000000001,0.5289999999999999,True,0.24999999999999983,0.24999999999999983,0.442,0.442,-0.16299999999999992,0.08699999999999997,0.0,0.0,0.2499999999999999
rep0349,0.83,0.826,alg3,0.2,0.0,0.0,0.2,prop_127,1000,2000,0.6900000000000001,0.9865,True,0.2965,0.2965,0.898,0.898,-0.20799999999999996,0.0885,0.0,0.0,0.2965
rep0350,0.37,0.368,alg3,0.2,0.0,0.0,0.2,prop_127,1000,2000,0.21999999999999997,0.4435,True,0.22350000000000003,0.22350000000000003,0.395,0.395,-0.17500000000000004,0.0485,0.0,0.0,0.22350000000000003
rep0351,0.65,0.651,alg3,0.2,0.0,0.0,0.2,prop_127,1000,2000,0.6715,0.9425,False,0.271,0.271,0.832,0.832,-0.16049999999999998,0.1105,0.0,0.0,0.27099999999999996
rep0352,0.48,0.476,alg3,0.2,0.0,0.0,0.2,prop_127,1000,2000,0.47150000000000003,0.7325,True,0.261,0.261,0.658,0.658,-0.1865,0.0745,0.0,0.0,0.261
rep0353,0.36,0.365,alg3,0.2,0.0,0.0,0.2,prop_127,1000,2000,0.315,0.577,True,0.26199999999999996,0.26199999999999996,0.5215,0.5215,-0.20649999999999996,0.055499999999999994,0.0,0.0,0.26199999999999996
rep0354,0.58,0.58,alg3,0.2,0.0,0.0,0.2,prop_127,1000,2000,0.3665,0.6425,True,0.27599999999999997,0.27599999999999997,0.5635,0.5635,-0.197,0.07899999999999999,0.0,0.0,0.276
rep0355,0.05,0.049,alg3,0.2,0.0,0.0,0.2,prop_127,1000,2000,-0.12750000000000009,0.11300000000000002,True,0.2405000000000001,0.11300000000000002,0.042,0.042,-0.1695000000000001,0.07100000000000001,0.0,0.0,0.2405000000000001
rep0356,0.82,0.824,alg3,0.2,0.0,0.0,0.2,prop_127,1000,2000,0.7224999999999999,0.9705,True,0.2480000000000001,0.2480000000000001,0.8855,0.8855,-0.16300000000000003,0.08500000000000008,0.0,0.0,0.2480000000000001
rep0357,0.23,0.23,alg3,0.2,0.0,0.0,0.2,prop_127,1000,2000,0.10250000000000004,0.352,True,0.24949999999999994,0.24949999999999994,0.2835,0.2835,-0.18099999999999994,0.0685,0.0,0.0,0.24949999999999994
rep0358,0.53,0.534,alg3,0.2,0.0,0.0,0.2,prop_127,1000,2000,0.24650000000000005,0.528,False,0.2815,0.2815,0.4245,0.4245,-0.17799999999999994,0.10350000000000004,0.0,0.0,0.2815
rep0359,0.28,0.279,alg3,0.2,0.0,0.0,0.2,prop_127,1000,2000,0.08700000000000002,0.3295,True,0.2425,0.2425,0.264,0.264,-0.177,0.0655,0.0,0.0,0.2425
rep0360,0.81,0.811,alg3,0.2,0.0,0.0,0.2,prop_127,1000,2000,0.6045,0.8085,False,0.20399999999999996,0.20399999999999996,0.752,0.752,-0.14749999999999996,0.05650000000000005,0.0,0.0,0.20400000000000001
rep0361,0.32,0.324,alg3,0.2,0.0,0.0,0.2,prop_127,1000,2000,0.01200000000000001,0.32099999999999995,False,0.30899999999999994,0.30899999999999994,0.236,0.236,-0.22399999999999998,0.08499999999999996,0.0,0.0,0.30899999999999994
rep0362,0.94,0.939,alg3,0.2,0.0,0.0,0.2,prop_127,1000,2000,0.8260000000000001,1.0985,True,0.27249999999999996,0.17399999999999993,1.0,1.0,-0.17399999999999993,0.09849999999999998,0.0,0.0,0.2724999999999999
rep0363,0.37,0.369,alg3,0.2,0.0,0.0,0.2,prop_127,1000,2000,0.17550000000000004,0.4495,True,0.27399999999999997,0.27399999999999997,0.3625,0.3625,-0.18699999999999994,0.087,0.0,0.0,0.2739999999999999
rep0364,0.51,0.506,alg3,0.2,0.0,0.0,0.2,prop_127,1000,2000,0.47400000000000003,0.737,True,0.26299999999999996,0.26299999999999996,0.634,0.634,-0.15999999999999998,0.10299999999999998,0.0,0.0,0.26299999999999996
rep0365,0.84,0.839,alg3,0.2,0.0,0.0,0.2,prop_127,1000,2000,0.679,0.928,True,0.249,0.249,0.853,0.853,-0.174,0.07500000000000007,0.0,0.0,0.24900000000000005
rep0366,0.14,0.145,alg3,0.2,0.0,0.0,0.2,prop_127,1000,2000,-0.005000000000000032,0.23099999999999996,True,0.236,0.23099999999999996,0.152,0.152,-0.15700000000000003,0.07899999999999996,0.0,0.0,0.236
rep0367,0.48,0.484,alg3,0.2,0.0,0.0,0.2,prop_127,1000,2000,0.28450000000000003,0.5745,True,0.29,0.29,0.461,0.461,-0.1765,0.11349999999999993,0.0,0.0,0.2899999999999999
rep0368,0.41,0.405,alg3,0.2,0.0,0.0,0.2,prop_127,1000,2000,0.38350000000000006,0.6285000000000001,True,0.245,0.245,0.555,0.555,-0.17149999999999999,0.07350000000000001,0.0,0.0,0.245
rep0369,0.38,0.378,alg3,0.2,0.0,0.0,0.2,prop_127,1000,2000,0.279,0.542,True,0.263,0.263,0.4445,0.4445,-0.16549999999999998,0.0975,0.0,0.0,0.263
rep0370,0.37,0.374,alg3,0.2,0.0,0.0,0.2,prop_127,1000,2000,0.183,0.47050000000000003,True,0.28750000000000003,0.28750000000000003,0.394,0.394,-0.21100000000000002,0.07650000000000001,0.0,0.0,0.28750000000000003
rep0371,0.24,0.243,alg3,0.2,0.0,0.0,0.2,prop_127,1000,2000,0.09099999999999997,0.3585000000000001,True,0.2675000000000001,0.2675000000000001,0.2665,0.2665,-0.17550000000000004,0.09200000000000008,0.0,0.0,0.2675000000000001
rep0372,0.20,0.195,alg3,0.2,0.0,0.0,0.2,prop_127,1000,2000,0.16299999999999998,0.3935,True,0.23050000000000004,0.23050000000000004,0.314,0.314,-0.15100000000000002,0.07950000000000002,0.0,0.0,0.23050000000000004
rep0373,0.63,0.628,alg3,0.2,0.0,0.0,0.2,prop_127,1000,2000,0.4655,0.722,True,0.25649999999999995,0.25649999999999995,0.657,0.657,-0.1915,0.065,0.0,0.0,0.2565
rep0374,0.26,0.258,alg3,0.2,0.0,0.0,0.2,prop_127,1000,2000,0.1065000000000001,0.335,True,0.22849999999999993,0.22849999999999993,0.2625,0.2625,-0.15599999999999992,0.0725,0.0,0.0,0.22849999999999993
rep0375,0.55,0.545,alg3,0.2,0.0,0.0,0.2,prop_127,1000,2000,0.5215000000000001,0.7484999999999999,True,0.22699999999999987,0.22699999999999987,0.6875,0.6875,-0.16599999999999998,0.061,0.0,0.0,0.22699999999999998
rep0376,0.65,0.651,alg3,0.2,0.0,0.0,0.2,prop_127,1000,2000,0.6775,0.942,False,0.26449999999999996,0.26449999999999996,0.8565,0.8565,-0.17900000000000005,0.08549999999999996,0.0,0.0,0.2645
rep0377,0.42,0.419,alg3,0.2,0.0,0.0,0.2,prop_127,1000,2000,0.36850000000000005,0.6094999999999999,True,0.24099999999999988,0.24099999999999988,0.529,0.529,-0.1605,0.08049999999999996,0.0,0.0,0.24099999999999996
rep0378,0.20,0.199,alg3,0.2,0.0,0.0,0.2,prop_127,1000,2000,0.0069999999999999785,0.2705000000000001,True,0.26350000000000007,0.26350000000000007,0.21,0.21,-0.203,0.060500000000000054,0.0,0.0,0.26350000000000007
rep0379,0.46,0.462,alg3,0.2,0.0,0.0,0.2,prop_127,1000,2000,0.248,0.4685,True,0.22050000000000003,0.22050000000000003,0.4205,0.4205,-0.1725,0.04800000000000004,0.0,0.0,0.22050000000000003
rep0380,0.58,0.581,alg3,0.2,0.0,0.0,0.2,prop_127,1000,2000,0.2925,0.5665,False,0.274,0.274,0.4685,0.4685,-0.17600000000000005,0.098,0.0,0.0,0.274
rep0381,0.19,0.186,alg3,0.2,0.0,0.0,0.2,prop_127,1000,2000,0.21899999999999997,0.5145,False,0.2955,0.2955,0.4085,0.4085,-0.1895,0.10600000000000001,0.0,0.0,0.2955
rep0382,0.33,0.333,alg3,0.2,0.0,0.0,0.2,prop_127,1000,2000,0.27349999999999997,0.551,True,0.2775000000000001,0.2775000000000001,0.453,0.453,-0.17950000000000005,0.09799999999999999,0.0,0.0,0.2775
rep0383,0.46,0.461,alg3,0.2,0.0,0.0,0.2,prop_127,1000,2000,0.316,0.5785,True,0.2625,0.2625,0.501,0.501,-0.185,0.07750000000000001,0.0,0.0,0.2625
rep0384,0.46,0.462,alg3,0.2,0.0,0.0,0.2,prop_127,1000,2000,0.2865,0.5845,True,0.29800000000000004,0.29800000000000004,0.5,0.5,-0.21350000000000002,0.08449999999999996,0.0,0.0,0.298
rep0385,0.89,0.89,alg3,0.2,0.0,0.0,0.2,prop_127,1000,2000,0.6499999999999999,0.905,True,0.2550000000000001,0.2550000000000001,0.834,0.834,-0.18400000000000005,0.07100000000000006,0.0,0.0,0.2550000000000001
rep0386,0.42,0.416,alg3,0.2,0.0,0.0,0.2,prop_127,1000,2000,0.35850000000000004,0.593,True,0.23449999999999993,0.23449999999999993,0.526,0.526,-0.16749999999999998,0.067,0.0,0.0,0.2345
rep0387,0.65,0.653,alg3,0.2,0.0,0.0,0.2,prop_127,1000,2000,0.6655,0.902,False,0.23650000000000004,0.23650000000000004,0.8305,0.8305,-0.16500000000000004,0.07150000000000001,0.0,0.0,0.23650000000000004
rep0388,0.76,0.756,alg3,0.2,0.0,0.0,0.2,prop_127,1000,2000,0.45799999999999996,0.7144999999999999,False,0.25649999999999995,0.25649999999999995,0.6595,0.6595,-0.2015,0.05499999999999999,0.0,0.0,0.2565
rep0389,0.20,0.202,alg3,0.2,0.0,0.0,0.2,prop_127,1000,2000,0.2625,0.5285,False,0.26599999999999996,0.26599999999999996,0.451,0.451,-0.1885,0.07749999999999996,0.0,0.0,0.26599999999999996
rep0390,0.22,0.219,alg3,0.2,0.0,0.0,0.2,prop_127,1000,2000,0.09349999999999997,0.37299999999999994,True,0.27949999999999997,0.27949999999999997,0.282,0.282,-0.1885,0.09099999999999997,0.0,0.0,0.27949999999999997
rep0391,0.73,0.73,alg3,0.2,0.0,0.0,0.2,prop_127,1000,2000,0.6345000000000001,0.875,True,0.24049999999999994,0.24049999999999994,0.8135,0.8135,-0.17899999999999994,0.0615,0.0,0.0,0.24049999999999994
rep0392,0.94,0.935,alg3,0.2,0.0,0.0,0.2,prop_127,1000,2000,0.5934999999999999,0.8679999999999999,False,0.27449999999999997,0.27449999999999997,0.7605,0.7605,-0.16700000000000004,0.10749999999999998,0.0,0.0,0.2745
rep0393,0.81,0.811,alg3,0.2,0.0,0.0,0.2,prop_127,1000,2000,0.7284999999999999,0.9650000000000001,True,0.23650000000000015,0.23650000000000015,0.9,0.9,-0.17150000000000004,0.065,0.0,0.0,0.23650000000000004
rep0394,0.38,0.383,alg3,0.2,0.0,0.0,0.2,prop_127,1000,2000,0.11000000000000004,0.40449999999999997,True,0.29449999999999993,0.29449999999999993,0.309,0.309,-0.19899999999999995,0.09549999999999997,0.0,0.0,0.29449999999999993
rep0395,0.37,0.37,alg3,0.2,0.0,0.0,0.2,prop_127,1000,2000,0.44000000000000006,0.758,False,0.31799999999999995,0.31799999999999995,0.662,0.662,-0.22199999999999998,0.09599999999999997,0.0,0.0,0.31799999999999995
rep0396,0.67,0.668,alg3,0.2,0.0,0.0,0.2,prop_127,1000,2000,0.505,0.749,True,0.244,0.244,0.6775,0.6775,-0.17250000000000001,0.07150000000000001,0.0,0.0,0.24400000000000002
rep0397,0.15,0.15,alg3,0.2,0.0,0.0,0.2,prop_127,1000,2000,0.19799999999999995,0.464,False,0.26600000000000007,0.26600000000000007,0.382,0.382,-0.18400000000000005,0.08200000000000002,0.0,0.0,0.26600000000000007
rep0398,0.65,0.645,alg3,0.2,0.0,0.0,0.2,prop_127,1000,2000,0.5345,0.779,True,0.24450000000000005,0.24450000000000005,0.6825,0.6825,-0.14800000000000002,0.09650000000000003,0.0,0.0,0.24450000000000005
rep0399,0.79,0.794,alg3,0.2,0.0,0.0,0.2,prop_127,1000,2000,0.756,0.9985,True,0.24250000000000005,0.24250000000000005,0.934,0.934,-0.17800000000000005,0.06449999999999999,0.0,0.0,0.24250000000000005
rep0400,0.48,0.478,alg3,0.2,0.0,0.0,0.2,prop_127,1000,2000,0.428,0.6789999999999999,True,0.25099999999999995,0.25099999999999995,0.603,0.603,-0.175,0.07599999999999996,0.0,0.0,0.25099999999999995
rep0401,0.26,0.263,alg3,0.2,0.0,0.0,0.2,prop_127,1000,2000,0.2275,0.48900000000000005,True,0.26150000000000007,0.26150000000000007,0.432,0.432,-0.2045,0.05700000000000005,0.0,0.0,0.26150000000000007
rep0402,0.69,0.687,alg3,0.2,0.0,0.0,0.2,prop_127,1000,2000,0.5445,0.7615000000000001,True,0.21700000000000008,0.21700000000000008,0.6985,0.6985,-0.15400000000000003,0.063,0.0,0.0,0.21700000000000003
rep0403,0.46,0.463,alg3,0.2,0.0,0.0,0.2,prop_127,1000,2000,0.3005,0.5605,True,0.26,0.26,0.4915,0.4915,-0.191,0.069,0.0,0.0,0.26
rep0404,0.20,0.199,alg3,0.2,0.0,0.0,0.2,prop_127,1000,2000,0.1335,0.383,True,0.2495,0.2495,0.299,0.299,-0.16549999999999998,0.084,0.0,0.0,0.2495
rep0405,0.41,0.415,alg3,0.2,0.0,0.0,0.2,prop_127,1000,2000,0.3085,0.556,True,0.24750000000000005,0.24750000000000005,0.453,0.453,-0.14450000000000002,0.10299999999999998,0.0,0.0,0.2475
rep0406,0.47,0.472,alg3,0.2,0.0,0.0,0.2,prop_127,1000,2000,0.4525,0.718,True,0.26549999999999996,0.26549999999999996,0.622,0.622,-0.16949999999999998,0.09600000000000003,0.0,0.0,0.2655
rep0407,0.44,0.44,alg3,0.2,0.0,0.0,0.2,prop_127,1000,2000,0.385,0.673,True,0.28800000000000003,0.28800000000000003,0.5985,0.5985,-0.21350000000000002,0.07450000000000001,0.0,0.0,0.28800000000000003
rep0408,0.51,0.512,alg3,0.2,0.0,0.0,0.2,prop_127,1000,2000,0.22000000000000003,0.4585,False,0.2385,0.2385,0.4045,0.4045,-0.1845,0.05399999999999999,0.0,0.0,0.2385
rep0409,0.40,0.395,alg3,0.2,0.0,0.0,0.2,prop_127,1000,2000,0.20500000000000002,0.47600000000000003,True,0.271,0.271,0.3965,0.3965,-0.1915,0.07950000000000002,0.0,0.0,0.271
rep0410,0.75,0.753,alg3,0.2,0.0,0.0,0.2,prop_127,1000,2000,0.6095000000000002,0.849,True,0.23949999999999982,0.23949999999999982,0.779,0.779,-0.16949999999999993,0.06999999999999995,0.0,0.0,0.23949999999999988
rep0411,0.66,0.657,alg3,0.2,0.0,0.0,0.2,prop_127,1000,2000,0.6785,0.915,False,0.23650000000000004,0.23650000000000004,0.856,0.856,-0.1775,0.05900000000000005,0.0,0.0,0.23650000000000004
rep0412,0.29,0.286,alg3,0.2,0.0,0.0,0.2,prop_127,1000,2000,0.121,0.392,True,0.271,0.271,0.31,0.31,-0.189,0.082,0.0,0.0,0.271
rep0413,0.73,0.734,alg3,0.2,0.0,0.0,0.2,prop_127,1000,2000,0.6115,0.9075,True,0.29599999999999993,0.29599999999999993,0.7865,0.7865,-0.17499999999999993,0.121,0.0,0.0,0.29599999999999993
rep0414,0.79,0.789,alg3,0.2,0.0,0.0,0.2,prop_127,1000,2000,0.7359999999999999,1.0614999999999999,True,0.3255,0.2640000000000001,0.957,0.957,-0.22100000000000009,0.10449999999999998,0.0,0.0,0.32550000000000007
rep0415,0.55,0.549,alg3,0.2,0.0,0.0,0.2,prop_127,1000,2000,0.32999999999999996,0.5854999999999999,True,0.25549999999999995,0.25549999999999995,0.5055,0.5055,-0.1755,0.07999999999999996,0.0,0.0,0.25549999999999995
rep0416,0.25,0.251,alg3,0.2,0.0,0.0,0.2,prop_127,1000,2000,0.07550000000000001,0.302,True,0.22649999999999998,0.22649999999999998,0.242,0.242,-0.16649999999999998,0.06,0.0,0.0,0.22649999999999998
rep0417,0.42,0.42,alg3,0.2,0.0,0.0,0.2,prop_127,1000,2000,0.21549999999999997,0.4845,True,0.269,0.269,0.407,0.407,-0.1915,0.0775,0.0,0.0,0.269
rep0418,0.91,0.905,alg3,0.2,0.0,0.0,0.2,prop_127,1000,2000,0.6665,0.94,True,0.27349999999999997,0.27349999999999997,0.857,0.857,-0.1905,0.08299999999999996,0.0,0.0,0.27349999999999997
rep0419,0.60,0.6,alg3,0.2,0.0,0.0,0.2,prop_127,1000,2000,0.5415,0.787,True,0.24550000000000005,0.24550000000000005,0.7055,0.7055,-0.16400000000000003,0.08149999999999999,0.0,0.0,0.24550000000000002
rep0420,0.56,0.562,alg3,0.2,0.0,0.0,0.2,prop_127,1000,2000,0.40549999999999997,0.6805,True,0.275,0.275,0.5765,0.5765,-0.171,0.10399999999999998,0.0,0.0,0.275
rep0421,0.26,0.258,alg3,0.2,0.0,0.0,0.2,prop_127,1000,2000,0.033499999999999974,0.28150000000000003,True,0.24800000000000005,0.24800000000000005,0.1875,0.1875,-0.15400000000000003,0.09400000000000003,0.0,0.0,0.24800000000000005
rep0422,0.19,0.187,alg3,0.2,0.0,0.0,0.2,prop_127,1000,2000,-0.053499999999999964,0.2285,True,0.282,0.2285,0.1625,0.1625,-0.21599999999999997,0.066,0.0,0.0,0.282
rep0423,0.82,0.825,alg3,0.2,0.0,0.0,0.2,prop_127,1000,2000,0.6995,0.9475,True,0.248,0.248,0.8715,0.8715,-0.17200000000000004,0.07599999999999996,0.0,0.0,0.248
rep0424,0.62,0.622,alg3,0.2,0.0,0.0,0.2,prop_127,1000,2000,0.55,0.854,True,0.30399999999999994,0.30399999999999994,0.731,0.731,-0.18099999999999994,0.123,0.0,0.0,0.30399999999999994
rep0425,0.28,0.282,alg3,0.2,0.0,0.0,0.2,prop_127,1000,2000,0.10100000000000009,0.3325,True,0.23149999999999993,0.23149999999999993,0.264,0.264,-0.16299999999999992,0.0685,0.0,0.0,0.23149999999999993
rep0426,0.38,0.384,alg3,0.2,0.0,0.0,0.2,prop_127,1000,2000,0.514,0.7234999999999999,False,0.2094999999999999,0.2094999999999999,0.6715,0.6715,-0.15749999999999997,0.051999999999999935,0.0,0.0,0.2094999999999999
rep0427,0.65,0.652,alg3,0.2,0.0,0.0,0.2,prop_127,1000,2000,0.423,0.689,True,0.26599999999999996,0.26599999999999996,0.611,0.611,-0.188,0.07799999999999996,0.0,0.0,0.26599999999999996
rep0428,0.36,0.356,alg3,0.2,0.0,0.0,0.2,prop_127,1000,2000,0.18449999999999994,0.45349999999999996,True,0.269,0.269,0.3615,0.3615,-0.17700000000000005,0.09199999999999997,0.0,0.0,0.269
rep0429,0.21,0.213,alg3,0.2,0.0,0.0,0.2,prop_127,1000,2000,0.18099999999999997,0.439,True,0.258,0.258,0.361,0.361,-0.18000000000000002,0.07800000000000001,0.0,0.0,0.258
rep0430,0.69,0.695,alg3,0.2,0.0,0.0,0.2,prop_127,1000,2000,0.6275,0.8965,True,0.269,0.269,0.82,0.82,-0.1925,0.07649999999999998,0.0,0.0,0.269
rep0431,0.27,0.27,alg3,0.2,0.0,0.0,0.2,prop_127,1000,2000,0.21500000000000002,0.445,True,0.22999999999999998,0.22999999999999998,0.3915,0.3915,-0.1765,0.05349999999999999,0.0,0.0,0.22999999999999998
rep0432,0.30,0.3,alg3,0.2,0.0,0.0,0.2,prop_127,1000,2000,0.2595,0.5369999999999999,True,0.2774999999999999,0.2774999999999999,0.4575,0.4575,-0.198,0.0794999999999999,0.0,0.0,0.2774999999999999
rep0433,0.33,0.327,alg3,0.2,0.0,0.0,0.2,prop_127,1000,2000,0.23050000000000004,0.463,True,0.23249999999999998,0.23249999999999998,0.402,0.402,-0.17149999999999999,0.061,0.0,0.0,0.23249999999999998
rep0434,0.56,0.557,alg3,0.2,0.0,0.0,0.2,prop_127,1000,2000,0.5225,0.7895,True,0.267,0.267,0.6895,0.6895,-0.16699999999999998,0.10000000000000002,0.0,0.0,0.267
rep0435,0.04,0.042,alg3,0.2,0.0,0.0,0.2,prop_127,1000,2000,0.03799999999999995,0.31199999999999994,True,0.274,0.274,0.219,0.219,-0.18100000000000005,0.09299999999999997,0.0,0.0,0.274
rep0436,0.13,0.129,alg3,0.2,0.0,0.0,0.2,prop_127,1000,2000,0.017000000000000015,0.28049999999999997,True,0.26349999999999996,0.26349999999999996,0.1805,0.1805,-0.16349999999999998,0.09999999999999998,0.0,0.0,0.26349999999999996
rep0437,0.25,0.254,alg3,0.2,0.0,0.0,0.2,prop_127,1000,2000,0.22699999999999998,0.49349999999999994,True,0.26649999999999996,0.26649999999999996,0.4235,0.4235,-0.1965,0.06999999999999998,0.0,0.0,0.26649999999999996
rep0438,0.45,0.453,alg3,0.2,0.0,0.0,0.2,prop_127,1000,2000,0.308,0.5834999999999999,True,0.2754999999999999,0.2754999999999999,0.4805,0.4805,-0.1725,0.10299999999999998,0.0,0.0,0.27549999999999997
rep0439,0.49,0.489,alg3,0.2,0.0,0.0,0.2,prop_127,1000,2000,0.25099999999999995,0.506,True,0.25500000000000006,0.25500000000000006,0.414,0.414,-0.16300000000000003,0.09200000000000003,0.0,0.0,0.25500000000000006
rep0440,0.51,0.506,alg3,0.2,0.0,0.0,0.2,prop_127,1000,2000,0.2345,0.506,True,0.2715,0.2715,0.4035,0.4035,-0.16900000000000004,0.10250000000000004,0.0,0.0,0.2715000000000001
rep0441,0.04,0.036,alg3,0.2,0.0,0.0,0.2,prop_127,1000,2000,-0.106,0.15399999999999997,True,0.25999999999999995,0.15399999999999997,0.079,0.079,-0.185,0.07499999999999996,0.0,0.0,0.25999999999999995
rep0442,0.31,0.31,alg3,0.2,0.0,0.0,0.2,prop_127,1000,2000,0.26149999999999995,0.525,True,0.26350000000000007,0.26350000000000007,0.4175,0.4175,-0.156,0.10750000000000004,0.0,0.0,0.26350000000000007
rep0443,0.36,0.364,alg3,0.2,0.0,0.0,0.2,prop_127,1000,2000,0.12899999999999998,0.37749999999999995,True,0.24849999999999997,0.24849999999999997,0.297,0.297,-0.168,0.08049999999999999,0.0,0.0,0.2485
rep0444,0.55,0.545,alg3,0.2,0.0,0.0,0.2,prop_127,1000,2000,0.48,0.7565,True,0.27649999999999997,0.27649999999999997,0.6515,0.6515,-0.17149999999999999,0.10499999999999998,0.0,0.0,0.27649999999999997
rep0445,0.44,0.442,alg3,0.2,0.0,0.0,0.2,prop_127,1000,2000,0.21500000000000002,0.49,True,0.27499999999999997,0.27499999999999997,0.3955,0.3955,-0.1805,0.0945,0.0,0.0,0.275
rep0446,0.25,0.248,alg3,0.2,0.0,0.0,0.2,prop_127,1000,2000,-0.0335,0.23450000000000001,False,0.268,0.23450000000000001,0.1645,0.1645,-0.198,0.07,0.0,0.0,0.268
rep0447,0.40,0.404,alg3,0.2,0.0,0.0,0.2,prop_127,1000,2000,0.43000000000000005,0.6619999999999999,False,0.23199999999999987,0.23199999999999987,0.607,0.607,-0.17699999999999994,0.05499999999999999,0.0,0.0,0.23199999999999993
rep0448,0.83,0.829,alg3,0.2,0.0,0.0,0.2,prop_127,1000,2000,0.7729999999999999,1.0305,True,0.25750000000000006,0.2270000000000001,0.963,0.963,-0.19000000000000006,0.0675,0.0,0.0,0.25750000000000006
rep0449,0.55,0.547,alg3,0.2,0.0,0.0,0.2,prop_127,1000,2000,0.45199999999999996,0.7505,True,0.2985,0.2985,0.6475,0.6475,-0.1955,0.10299999999999998,0.0,0.0,0.2985
rep0450,0.94,0.942,alg3,0.2,0.0,0.0,0.2,prop_127,1000,2000,0.6975,0.9675,True,0.27,0.27,0.876,0.876,-0.1785,0.09149999999999997,0.0,0.0,0.26999999999999996
rep0451,0.42,0.418,alg3,0.2,0.0,0.0,0.2,prop_127,1000,2000,0.2849999999999999,0.583,True,0.29800000000000004,0.29800000000000004,0.484,0.484,-0.19900000000000007,0.09899999999999998,0.0,0.0,0.29800000000000004
rep0452,0.56,0.563,alg3,0.2,0.0,0.0,0.2,prop_127,1000,2000,0.4185,0.667,True,0.24850000000000005,0.24850000000000005,0.592,0.592,-0.1735,0.07500000000000001,0.0,0.0,0.2485
rep0453,0.13,0.133,alg3,0.2,0.0,0.0,0.2,prop_127,1000,2000,-0.09899999999999996,0.2105,True,0.30949999999999994,0.2105,0.105,0.105,-0.20399999999999996,0.1055,0.0,0.0,0.30949999999999994
rep0454,0.51,0.514,alg3,0.2,0.0,0.0,0.2,prop_127,1000,2000,0.34249999999999997,0.5715,True,0.22900000000000004,0.22900000000000004,0.4975,0.4975,-0.15500000000000003,0.07400000000000001,0.0,0.0,0.22900000000000004
rep0455,0.77,0.766,alg3,0.2,0.0,0.0,0.2,prop_127,1000,2000,0.656,0.9275,True,0.27149999999999996,0.27149999999999996,0.849,0.849,-0.19299999999999995,0.07850000000000001,0.0,0.0,0.27149999999999996
rep0456,0.86,0.856,alg3,0.2,0.0,0.0,0.2,prop_127,1000,2000,0.7675,0.9984999999999999,True,0.23099999999999998,0.23099999999999998,0.9285,0.9285,-0.16100000000000003,0.07,0.0,0.0,0.23100000000000004
rep0457,0.17,0.166,alg3,0.2,0.0,0.0,0.2,prop_127,1000,2000,0.03950000000000006,0.3264999999999999,True,0.2869999999999998,0.2869999999999998,0.209,0.209,-0.16949999999999993,0.11749999999999994,0.0,0.0,0.28699999999999987
rep0458,0.39,0.388,alg3,0.2,0.0,0.0,0.2,prop_127,1000,2000,0.40549999999999997,0.68,False,0.2745000000000001,0.2745000000000001,0.5795,0.5795,-0.17400000000000004,0.10050000000000003,0.0,0.0,0.2745000000000001
rep0459,0.23,0.225,alg3,0.2,0.0,0.0,0.2,prop_127,1000,2000,0.14850000000000002,0.40850000000000003,True,0.26,0.26,0.331,0.331,-0.1825,0.07750000000000001,0.0,0.0,0.26
rep0460,0.38,0.384,alg3,0.2,0.0,0.0,0.2,prop_127,1000,2000,0.3055,0.5774999999999999,True,0.2719999999999999,0.2719999999999999,0.4765,0.4765,-0.17099999999999999,0.10099999999999998,0.0,0.0,0.27199999999999996
rep0461,0.40,0.399,alg3,0.2,0.0,0.0,0.2,prop_127,1000,2000,0.259,0.5235,True,0.26449999999999996,0.26449999999999996,0.4625,0.4625,-0.2035,0.06099999999999994,0.0,0.0,0.26449999999999996
rep0462,0.25,0.254,alg3,0.2,0.0,0.0,0.2,prop_127,1000,2000,0.08950000000000002,0.3505000000000001,True,0.26100000000000007,0.26100000000000007,0.2705,0.2705,-0.181,0.08000000000000007,0.0,0.0,0.26100000000000007
rep0463,0.45,0.453,alg3,0.2,0.0,0.0,0.2,prop_127,1000,2000,0.22299999999999998,0.4789999999999999,True,0.25599999999999995,0.25599999999999995,0.414,0.414,-0.191,0.06499999999999995,0.0,0.0,0.25599999999999995
rep0464,0.22,0.22,alg3,0.2,0.0,0.0,0.2,prop_127,1000,2000,0.195,0.48150000000000004,True,0.28650000000000003,0.28650000000000003,0.3735,0.3735,-0.1785,0.10800000000000004,0.0,0.0,0.28650000000000003
rep0465,0.36,0.361,alg3,0.2,0.0,0.0,0.2,prop_127,1000,2000,0.33,0.5549999999999999,True,0.22499999999999992,0.22499999999999992,0.4895,0.4895,-0.15949999999999998,0.0655,0.0,0.0,0.22499999999999998
rep0466,0.29,0.29,alg3,0.2,0.0,0.0,0.2,prop_127,1000,2000,0.21750000000000003,0.514,True,0.2965,0.2965,0.404,0.404,-0.1865,0.10999999999999999,0.0,0.0,0.2965
rep0467,0.65,0.654,alg3,0.2,0.0,0.0,0.2,prop_127,1000,2000,0.5299999999999999,0.8109999999999999,True,0.281,0.281,0.7525,0.7525,-0.22250000000000003,0.058499999999999996,0.0,0.0,0.281
rep0468,0.22,0.222,alg3,0.2,0.0,0.0,0.2,prop_127,1000,2000,0.14700000000000005,0.4385,True,0.2915,0.2915,0.3375,0.3375,-0.19049999999999997,0.101,0.0,0.0,0.2915
rep0469,0.21,0.21,alg3,0.2,0.0,0.0,0.2,prop_127,1000,2000,0.04200000000000001,0.27249999999999996,True,0.23049999999999995,0.23049999999999995,0.2035,0.2035,-0.16149999999999998,0.06899999999999995,0.0,0.0,0.23049999999999993
rep0470,0.53,0.529,alg3,0.2,0.0,0.0,0.2,prop_127,1000,2000,0.39249999999999996,0.695,True,0.3025,0.3025,0.591,0.591,-0.1985,0.10399999999999998,0.0,0.0,0.3025
rep0471,0.47,0.465,alg3,0.2,0.0,0.0,0.2,prop_127,1000,2000,0.1885,0.47150000000000003,True,0.28300000000000003,0.28300000000000003,0.385,0.385,-0.1965,0.08650000000000002,0.0,0.0,0.28300000000000003
rep0472,0.49,0.491,alg3,0.2,0.0,0.0,0.2,prop_127,1000,2000,0.31199999999999994,0.5690000000000001,True,0.2570000000000001,0.2570000000000001,0.495,0.495,-0.18300000000000005,0.07400000000000007,0.0,0.0,0.2570000000000001
rep0473,0.55,0.547,alg3,0.2,0.0,0.0,0.2,prop_127,1000,2000,0.3225,0.556,True,0.23350000000000004,0.23350000000000004,0.503,0.503,-0.1805,0.05299999999999999,0.0,0.0,0.23349999999999999
rep0474,0.53,0.526,alg3,0.2,0.0,0.0,0.2,prop_127,1000,2000,0.47850000000000004,0.7630000000000001,True,0.2845000000000001,0.2845000000000001,0.682,0.682,-0.2035,0.08100000000000007,0.0,0.0,0.2845000000000001
rep0475,0.42,0.423,alg3,0.2,0.0,0.0,0.2,prop_127,1000,2000,0.2735,0.5165,True,0.24299999999999994,0.24299999999999994,0.435,0.435,-0.16149999999999998,0.08149999999999996,0.0,0.0,0.24299999999999994
rep0476,0.86,0.861,alg3,0.2,0.0,0.0,0.2,prop_127,1000,2000,0.6134999999999999,0.874,True,0.26050000000000006,0.26050000000000006,0.7825,0.7825,-0.16900000000000004,0.0915,0.0,0.0,0.26050000000000006
rep0477,0.85,0.851,alg3,0.2,0.0,0.0,0.2,prop_127,1000,2000,0.725,0.9315,True,0.20650000000000002,0.20650000000000002,0.869,0.869,-0.14400000000000002,0.0625,0.0,0.0,0.20650000000000002
rep0478,0.57,0.574,alg3,0.2,0.0,0.0,0.2,prop_127,1000,2000,0.397,0.6765,True,0.27949999999999997,0.27949999999999997,0.589,0.589,-0.19199999999999995,0.08750000000000002,0.0,0.0,0.27949999999999997
rep0479,0.20,0.203,alg3,0.2,0.0,0.0,0.2,prop_127,1000,2000,0.04550000000000001,0.3195,True,0.274,0.274,0.218,0.218,-0.1725,0.10150000000000003,0.0,0.0,0.274
rep0480,0.55,0.548,alg3,0.2,0.0,0.0,0.2,prop_127,1000,2000,0.06550000000000006,0.34800000000000003,False,0.2825,0.2825,0.2745,0.2745,-0.20899999999999996,0.07350000000000001,0.0,0.0,0.2825
rep0481,0.30,0.301,alg3,0.2,0.0,0.0,0.2,prop_127,1000,2000,0.1845,0.445,True,0.2605,0.2605,0.3685,0.3685,-0.184,0.07650000000000001,0.0,0.0,0.2605
rep0482,0.67,0.672,alg3,0.2,0.0,0.0,0.2,prop_127,1000,2000,0.5275,0.7985,True,0.271,0.271,0.7055,0.7055,-0.17800000000000005,0.09299999999999997,0.0,0.0,0.271
rep0483,0.56,0.556,alg3,0.2,0.0,0.0,0.2,prop_127,1000,2000,0.544,0.7785,True,0.23449999999999993,0.23449999999999993,0.7085,0.7085,-0.1645,0.07,0.0,0.0,0.23450000000000001
rep0484,0.49,0.489,alg3,0.2,0.0,0.0,0.2,prop_127,1000,2000,0.37450000000000006,0.6295,True,0.2549999999999999,0.2549999999999999,0.5515,0.5515,-0.17699999999999994,0.07799999999999996,0.0,0.0,0.2549999999999999
rep0485,0.22,0.216,alg3,0.2,0.0,0.0,0.2,prop_127,1000,2000,-0.05699999999999994,0.2084999999999999,False,0.26549999999999985,0.2084999999999999,0.131,0.131,-0.18799999999999994,0.0774999999999999,0.0,0.0,0.26549999999999985
rep0486,0.55,0.552,alg3,0.2,0.0,0.0,0.2,prop_127,1000,2000,0.503,0.7290000000000001,True,0.2260000000000001,0.2260000000000001,0.665,0.665,-0.16200000000000003,0.064,0.0,0.0,0.22600000000000003
rep0487,0.80,0.8,alg3,0.2,0.0,0.0,0.2,prop_127,1000,2000,0.617,0.862,True,0.245,0.245,0.7875,0.7875,-0.17049999999999998,0.07450000000000001,0.0,0.0,0.245
rep0488,0.33,0.334,alg3,0.2,0.0,0.0,0.2,prop_127,1000,2000,0.030500000000000027,0.3785,True,0.348,0.348,0.242,0.242,-0.21149999999999997,0.1365,0.0,0.0,0.348
rep0489,0.56,0.557,alg3,0.2,0.0,0.0,0.2,prop_127,1000,2000,0.4745,0.7535000000000001,True,0.2790000000000001,0.2790000000000001,0.653,0.653,-0.17850000000000005,0.1005,0.0,0.0,0.279
rep0490,0.59,0.587,alg3,0.2,0.0,0.0,0.2,prop_127,1000,2000,0.48949999999999994,0.7859999999999999,True,0.2965,0.2965,0.697,0.697,-0.20750000000000002,0.08899999999999997,0.0,0.0,0.2965
rep0491,0.19,0.193,alg3,0.2,0.0,0.0,0.2,prop_127,1000,2000,-0.07299999999999998,0.2005,True,0.27349999999999997,0.2005,0.0885,0.0885,-0.16149999999999998,0.112,0.0,0.0,0.27349999999999997
rep0492,0.93,0.934,alg3,0.2,0.0,0.0,0.2,prop_127,1000,2000,0.6535,0.9309999999999999,False,0.27749999999999997,0.27749999999999997,0.829,0.829,-0.17550000000000004,0.102,0.0,0.0,0.2775
rep0493,0.06,0.063,alg3,0.2,0.0,0.0,0.2,prop_127,1000,2000,-0.10349999999999998,0.16250000000000003,True,0.266,0.16250000000000003,0.058,0.058,-0.16149999999999998,0.10450000000000004,0.0,0.0,0.266
rep0494,0.25,0.254,alg3,0.2,0.0,0.0,0.2,prop_127,1000,2000,0.2220000000000001,0.46849999999999997,True,0.24649999999999989,0.24649999999999989,0.3875,0.3875,-0.16549999999999992,0.08099999999999996,0.0,0.0,0.24649999999999989
rep0495,0.64,0.644,alg3,0.2,0.0,0.0,0.2,prop_127,1000,2000,0.508,0.7605,True,0.25249999999999995,0.25249999999999995,0.703,0.703,-0.195,0.057499999999999996,0.0,0.0,0.2525
rep0496,0.72,0.722,alg3,0.2,0.0,0.0,0.2,prop_127,1000,2000,0.6589999999999999,0.9295,True,0.2705000000000001,0.2705000000000001,0.856,0.856,-0.19700000000000006,0.07350000000000007,0.0,0.0,0.27050000000000013
rep0497,0.48,0.484,alg3,0.2,0.0,0.0,0.2,prop_127,1000,2000,0.4830000000000001,0.7665000000000001,True,0.2835,0.2835,0.674,0.674,-0.19099999999999995,0.09250000000000003,0.0,0.0,0.2835
rep0498,0.35,0.347,alg3,0.2,0.0,0.0,0.2,prop_127,1000,2000,0.38100000000000006,0.6565000000000001,False,0.2755,0.2755,0.562,0.562,-0.181,0.09450000000000003,0.0,0.0,0.2755
rep0499,0.42,0.421,alg3,0.2,0.0,0.0,0.2,prop_127,1000,2000,0.5145,0.7625,False,0.248,0.248,0.6685,0.6685,-0.15400000000000003,0.09399999999999997,0.0,0.0,0.248
rep0500,0.54,0.54,alg3,0.2,0.0,0.0,0.2,prop_127,1000,2000,0.40750000000000003,0.666,True,0.2585,0.2585,0.5905,0.5905,-0.183,0.07550000000000001,0.0,0.0,0.2585
rep0501,0.64,0.644,alg3,0.2,0.0,0.0,0.2,prop_127,1000,2000,0.5645,0.7905,True,0.22599999999999998,0.22599999999999998,0.715,0.715,-0.15050000000000002,0.07549999999999998,0.0,0.0,0.226
rep0502,0.77,0.768,alg3,0.2,0.0,0.0,0.2,prop_127,1000,2000,0.8275,1.085,False,0.25749999999999995,0.1725,0.9915,0.9915,-0.16400000000000003,0.09349999999999997,0.0,0.0,0.2575
rep0503,0.78,0.784,alg3,0.2,0.0,0.0,0.2,prop_127,1000,2000,0.7085,0.9875,True,0.279,0.279,0.883,0.883,-0.1745,0.10450000000000004,0.0,0.0,0.279
rep0504,0.54,0.543,alg3,0.2,0.0,0.0,0.2,prop_127,1000,2000,0.37800000000000006,0.637,True,0.25899999999999995,0.25899999999999995,0.558,0.558,-0.18,0.07900000000000001,0.0,0.0,0.259
rep0505,0.50,0.503,alg3,0.2,0.0,0.0,0.2,prop_127,1000,2000,0.4580000000000001,0.7,True,0.24199999999999988,0.24199999999999988,0.636,0.636,-0.17799999999999994,0.064,0.0,0.0,0.24199999999999994
rep0506,0.83,0.834,alg3,0.2,0.0,0.0,0.2,prop_127,1000,2000,0.711,0.9665,True,0.25550000000000006,0.25550000000000006,0.9105,0.9105,-0.1995,0.056,0.0,0.0,0.2555
rep0507,0.51,0.51,alg3,0.2,0.0,0.0,0.2,prop_127,1000,2000,0.5035000000000001,0.753,True,0.24949999999999994,0.24949999999999994,0.664,0.664,-0.1605,0.089,0.0,0.0,0.2495
rep0508,0.51,0.505,alg3,0.2,0.0,0.0,0.2,prop_127,1000,2000,0.6505,0.899,False,0.24850000000000005,0.24850000000000005,0.8195,0.8195,-0.16900000000000004,0.07950000000000002,0.0,0.0,0.24850000000000005
rep0509,0.71,0.709,alg3,0.2,0.0,0.0,0.2,prop_127,1000,2000,0.7160000000000001,0.988,False,0.2719999999999999,0.2719999999999999,0.907,0.907,-0.19099999999999995,0.08099999999999999,0.0,0.0,0.2719999999999999
rep0510,0.39,0.389,alg3,0.2,0.0,0.0,0.2,prop_127,1000,2000,0.1395,0.3644999999999999,False,0.22499999999999987,0.22499999999999987,0.296,0.296,-0.15649999999999997,0.0684999999999999,0.0,0.0,0.22499999999999987
rep0511,0.60,0.599,alg3,0.2,0.0,0.0,0.2,prop_127,1000,2000,0.516,0.761,True,0.245,0.245,0.7075,0.7075,-0.1915,0.05349999999999999,0.0,0.0,0.245
rep0512,0.71,0.713,alg3,0.2,0.0,0.0,0.2,prop_127,1000,2000,0.5774999999999999,0.839,True,0.26150000000000007,0.26150000000000007,0.7525,0.7525,-0.17500000000000004,0.0865,0.0,0.0,0.26150000000000007
rep0513,0.72,0.725,alg3,0.2,0.0,0.0,0.2,prop_127,1000,2000,0.6315000000000001,0.889,True,0.25749999999999995,0.25749999999999995,0.8145,0.8145,-0.18299999999999994,0.07450000000000001,0.0,0.0,0.25749999999999995
rep0514,0.41,0.411,alg3,0.2,0.0,0.0,0.2,prop_127,1000,2000,0.2465,0.5065,True,0.25999999999999995,0.25999999999999995,0.411,0.411,-0.16449999999999998,0.09549999999999997,0.0,0.0,0.25999999999999995
rep0515,0.18,0.181,alg3,0.2,0.0,0.0,0.2,prop_127,1000,2000,-0.027499999999999997,0.23700000000000007,True,0.26450000000000007,0.23700000000000007,0.163,0.163,-0.1905,0.07400000000000007,0.0,0.0,0.26450000000000007
rep0516,0.61,0.606,alg3,0.2,0.0,0.0,0.2,prop_127,1000,2000,0.516,0.7550000000000001,True,0.2390000000000001,0.2390000000000001,0.686,0.686,-0.17000000000000004,0.069,0.0,0.0,0.23900000000000005
rep0517,0.18,0.183,alg3,0.2,0.0,0.0,0.2,prop_127,1000,2000,0.027500000000000052,0.32799999999999996,True,0.3004999999999999,0.3004999999999999,0.2335,0.2335,-0.20599999999999996,0.09449999999999997,0.0,0.0,0.30049999999999993
rep0518,0.46,0.457,alg3,0.2,0.0,0.0,0.2,prop_127,1000,2000,0.488,0.8175,False,0.3295,0.3295,0.722,0.722,-0.23399999999999999,0.0955,0.0,0.0,0.3295
rep0519,0.35,0.355,alg3,0.2,0.0,0.0,0.2,prop_127,1000,2000,0.24350000000000005,0.46499999999999997,True,0.22149999999999992,0.22149999999999992,0.4135,0.4135,-0.16999999999999993,0.05149999999999999,0.0,0.0,0.22149999999999992
rep0520,0.32,0.32,alg3,0.2,0.0,0.0,0.2,prop_127,1000,2000,0.43100000000000005,0.671,False,0.24,0.24,0.604,0.604,-0.17299999999999993,0.067,0.0,0.0,0.23999999999999994
rep0521,0.29,0.291,alg3,0.2,0.0,0.0,0.2,prop_127,1000,2000,0.22150000000000003,0.4485,True,0.22699999999999998,0.22699999999999998,0.383,0.383,-0.16149999999999998,0.0655,0.0,0.0,0.22699999999999998
rep0522,0.55,0.552,alg3,0.2,0.0,0.0,0.2,prop_127,1000,2000,0.47450000000000003,0.749,True,0.27449999999999997,0.27449999999999997,0.6655,0.6655,-0.19099999999999995,0.08350000000000002,0.0,0.0,0.27449999999999997
rep0523,0.38,0.383,alg3,0.2,0.0,0.0,0.2,prop_127,1000,2000,0.39999999999999997,0.66,False,0.26000000000000006,0.26000000000000006,0.569,0.569,-0.16899999999999998,0.09100000000000008,0.0,0.0,0.26000000000000006
rep0524,0.28,0.28,alg3,0.2,0.0,0.0,0.2,prop_127,1000,2000,0.03799999999999998,0.259,False,0.22100000000000003,0.22100000000000003,0.201,0.201,-0.16300000000000003,0.057999999999999996,0.0,0.0,0.22100000000000003
rep0525,0.53,0.527,alg3,0.2,0.0,0.0,0.2,prop_127,1000,2000,0.5065000000000001,0.797,True,0.2905,0.2905,0.7155,0.7155,-0.20899999999999996,0.08150000000000002,0.0,0.0,0.2905
rep0526,0.39,0.388,alg3,0.2,0.0,0.0,0.2,prop_127,1000,2000,0.32899999999999996,0.611,True,0.28200000000000003,0.28200000000000003,0.5035,0.5035,-0.1745,0.1075,0.0,0.0,0.282
rep0527,0.66,0.656,alg3,0.2,0.0,0.0,0.2,prop_127,1000,2000,0.44899999999999995,0.7064999999999999,True,0.25749999999999995,0.25749999999999995,0.624,0.624,-0.17500000000000004,0.0824999999999999,0.0,0.0,0.25749999999999995
rep0528,0.43,0.428,alg3,0.2,0.0,0.0,0.2,prop_127,1000,2000,0.31399999999999995,0.5740000000000001,True,0.2600000000000001,0.2600000000000001,0.495,0.495,-0.18100000000000005,0.07900000000000007,0.0,0.0,0.2600000000000001
rep0529,0.32,0.321,alg3,0.2,0.0,0.0,0.2,prop_127,1000,2000,0.21050000000000002,0.473,True,0.26249999999999996,0.26249999999999996,0.398,0.398,-0.1875,0.07499999999999996,0.0,0.0,0.26249999999999996
rep0530,0.57,0.571,alg3,0.2,0.0,0.0,0.2,prop_127,1000,2000,0.4045,0.6869999999999999,True,0.2824999999999999,0.2824999999999999,0.5985,0.5985,-0.194,0.08849999999999991,0.0,0.0,0.2824999999999999
rep0531,0.11,0.106,alg3,0.2,0.0,0.0,0.2,prop_127,1000,2000,-0.12449999999999999,0.1395,True,0.264,0.1395,0.048,0.048,-0.1725,0.09150000000000003,0.0,0.0,0.264
rep0532,0.32,0.315,alg3,0.2,0.0,0.0,0.2,prop_127,1000,2000,0.22249999999999998,0.49100000000000005,True,0.26850000000000007,0.26850000000000007,0.389,0.389,-0.16650000000000004,0.10200000000000004,0.0,0.0,0.26850000000000007
rep0533,0.21,0.211,alg3,0.2,0.0,0.0,0.2,prop_127,1000,2000,0.033,0.27849999999999997,True,0.24549999999999997,0.24549999999999997,0.2135,0.2135,-0.1805,0.065,0.0,0.0,0.2455
rep0534,0.82,0.821,alg3,0.2,0.0,0.0,0.2,prop_127,1000,2000,0.7125,0.9955,True,0.28300000000000003,0.28300000000000003,0.914,0.914,-0.2015,0.08149999999999996,0.0,0.0,0.283
rep0535,0.68,0.68,alg3,0.2,0.0,0.0,0.2,prop_127,1000,2000,0.5635000000000001,0.837,True,0.27349999999999985,0.27349999999999985,0.731,0.731,-0.16749999999999993,0.106,0.0,0.0,0.2734999999999999
rep0536,0.39,0.387,alg3,0.2,0.0,0.0,0.2,prop_127,1000,2000,0.10749999999999998,0.3905,True,0.28300000000000003,0.28300000000000003,0.304,0.304,-0.1965,0.08650000000000002,0.0,0.0,0.28300000000000003
rep0537,0.46,0.461,alg3,0.2,0.0,0.0,0.2,prop_127,1000,2000,0.25299999999999995,0.5445,True,0.29150000000000004,0.29150000000000004,0.4735,0.4735,-0.22050000000000003,0.071,0.0,0.0,0.29150000000000004
rep0538,0.56,0.56,alg3,0.2,0.0,0.0,0.2,prop_127,1000,2000,0.32749999999999996,0.586,True,0.2585,0.2585,0.5125,0.5125,-0.185,0.07350000000000001,0.0,0.0,0.2585
rep0539,0.62,0.616,alg3,0.2,0.0,0.0,0.2,prop_127,1000,2000,0.483,0.71,True,0.22699999999999998,0.22699999999999998,0.6425,0.6425,-0.15949999999999998,0.06749999999999998,0.0,0.0,0.22699999999999995
rep0540,0.43,0.427,alg3,0.2,0.0,0.0,0.2,prop_127,1000,2000,0.12149999999999994,0.388,False,0.26650000000000007,0.26650000000000007,0.3055,0.3055,-0.18400000000000005,0.0825,0.0,0.0,0.26650000000000007
rep0541,0.10,0.103,alg3,0.2,0.0,0.0,0.2,prop_127,1000,2000,-0.07900000000000004,0.20450000000000004,True,0.2835000000000001,0.20450000000000004,0.095,0.095,-0.17400000000000004,0.10950000000000004,0.0,0.0,0.2835000000000001
rep0542,0.14,0.145,alg3,0.2,0.0,0.0,0.2,prop_127,1000,2000,-0.0005000000000000004,0.2595,True,0.26,0.2595,0.184,0.184,-0.1845,0.07550000000000001,0.0,0.0,0.26
rep0543,0.71,0.707,alg3,0.2,0.0,0.0,0.2,prop_127,1000,2000,0.6729999999999999,0.9305,True,0.25750000000000006,0.25750000000000006,0.846,0.846,-0.17300000000000004,0.08449999999999999,0.0,0.0,0.25750000000000006
rep0544,0.77,0.766,alg3,0.2,0.0,0.0,0.2,prop_127,1000,2000,0.5585,0.8285,True,0.27,0.27,0.747,0.747,-0.1885,0.08150000000000002,0.0,0.0,0.27
rep0545,0.71,0.706,alg3,0.2,0.0,0.0,0.2,prop_127,1000,2000,0.5715,0.7895,True,0.21799999999999997,0.21799999999999997,0.7025,0.7025,-0.131,0.08699999999999997,0.0,0.0,0.21799999999999997
rep0546,0.98,0.978,alg3,0.2,0.0,0.0,0.2,prop_127,1000,2000,0.7575000000000001,0.992,True,0.23449999999999993,0.23449999999999993,0.912,0.912,-0.15450000000000003,0.07999999999999996,0.0,0.0,0.2345
rep0547,0.58,0.585,alg3,0.2,0.0,0.0,0.2,prop_127,1000,2000,0.5589999999999999,0.8325,True,0.2735000000000001,0.2735000000000001,0.735,0.735,-0.17600000000000005,0.09750000000000003,0.0,0.0,0.2735000000000001
rep0548,0.44,0.44,alg3,0.2,0.0,0.0,0.2,prop_127,1000,2000,0.35150000000000003,0.592,True,0.24049999999999994,0.24049999999999994,0.5345,0.5345,-0.18299999999999994,0.057499999999999996,0.0,0.0,0.24049999999999994
rep0549,0.63,0.626,alg3,0.2,0.0,0.0,0.2,prop_127,1000,2000,0.46099999999999997,0.714,True,0.253,0.253,0.6555,0.6555,-0.1945,0.05850000000000005,0.0,0.0,0.25300000000000006
rep0550,0.27,0.265,alg3,0.2,0.0,0.0,0.2,prop_127,1000,2000,0.303,0.5755000000000001,False,0.27250000000000013,0.27250000000000013,0.4795,0.4795,-0.1765,0.09600000000000009,0.0,0.0,0.2725000000000001
rep0551,0.56,0.558,alg3,0.2,0.0,0.0,0.2,prop_127,1000,2000,0.356,0.628,True,0.272,0.272,0.52,0.52,-0.16400000000000003,0.10799999999999998,0.0,0.0,0.272
rep0552,0.83,0.829,alg3,0.2,0.0,0.0,0.2,prop_127,1000,2000,0.6900000000000001,0.9265,True,0.23649999999999993,0.23649999999999993,0.877,0.877,-0.18699999999999994,0.0495,0.0,0.0,0.23649999999999993
rep0553,0.11,0.107,alg3,0.2,0.0,0.0,0.2,prop_127,1000,2000,0.124,0.3865,False,0.2625,0.2625,0.319,0.319,-0.195,0.0675,0.0,0.0,0.2625
rep0554,0.93,0.932,alg3,0.2,0.0,0.0,0.2,prop_127,1000,2000,0.5975,0.8505,False,0.253,0.253,0.779,0.779,-0.18149999999999997,0.07150000000000006,0.0,0.0,0.253
rep0555,0.32,0.323,alg3,0.2,0.0,0.0,0.2,prop_127,1000,2000,0.188,0.47150000000000003,True,0.28350000000000003,0.28350000000000003,0.3815,0.3815,-0.1935,0.09,0.0,0.0,0.2835
rep0556,0.18,0.18,alg3,0.2,0.0,0.0,0.2,prop_127,1000,2000,0.07050000000000006,0.3075,True,0.23699999999999993,0.23699999999999993,0.2345,0.2345,-0.16399999999999992,0.07300000000000001,0.0,0.0,0.23699999999999993
rep0557,0.45,0.449,alg3,0.2,0.0,0.0,0.2,prop_127,1000,2000,0.42200000000000004,0.643,True,0.22099999999999997,0.22099999999999997,0.5895,0.5895,-0.16749999999999998,0.05349999999999999,0.0,0.0,0.22099999999999997
rep0558,0.23,0.227,alg3,0.2,0.0,0.0,0.2,prop_127,1000,2000,0.08450000000000008,0.309,True,0.22449999999999992,0.22449999999999992,0.2385,0.2385,-0.15399999999999991,0.07050000000000001,0.0,0.0,0.22449999999999992
rep0559,0.48,0.48,alg3,0.2,0.0,0.0,0.2,prop_127,1000,2000,0.33599999999999997,0.5875,True,0.25150000000000006,0.25150000000000006,0.512,0.512,-0.17600000000000005,0.07550000000000001,0.0,0.0,0.25150000000000006
rep0560,0.63,0.628,alg3,0.2,0.0,0.0,0.2,prop_127,1000,2000,0.44299999999999995,0.7545000000000001,True,0.3115000000000001,0.3115000000000001,0.638,0.638,-0.19500000000000006,0.11650000000000005,0.0,0.0,0.3115000000000001
rep0561,0.43,0.426,alg3,0.2,0.0,0.0,0.2,prop_127,1000,2000,0.10900000000000004,0.37949999999999995,False,0.2704999999999999,0.2704999999999999,0.284,0.284,-0.17499999999999993,0.09549999999999997,0.0,0.0,0.2704999999999999
rep0562,0.33,0.329,alg3,0.2,0.0,0.0,0.2,prop_127,1000,2000,0.30650000000000005,0.538,True,0.23149999999999998,0.23149999999999998,0.4705,0.4705,-0.16399999999999992,0.0675,0.0,0.0,0.23149999999999993
rep0563,0.58,0.584,alg3,0.2,0.0,0.0,0.2,prop_127,1000,2000,0.21150000000000002,0.5015000000000001,False,0.29000000000000004,0.29000000000000004,0.401,0.401,-0.1895,0.10049999999999998,0.0,0.0,0.29
rep0564,0.20,0.195,alg3,0.2,0.0,0.0,0.2,prop_127,1000,2000,0.07249999999999995,0.3545,True,0.28200000000000003,0.28200000000000003,0.2485,0.2485,-0.17600000000000005,0.10599999999999998,0.0,0.0,0.28200000000000003
rep0565,0.67,0.667,alg3,0.2,0.0,0.0,0.2,prop_127,1000,2000,0.554,0.813,True,0.2589999999999999,0.2589999999999999,0.71,0.71,-0.15599999999999997,0.10299999999999998,0.0,0.0,0.25899999999999995
rep0566,0.47,0.468,alg3,0.2,0.0,0.0,0.2,prop_127,1000,2000,0.2644999999999999,0.465,False,0.20050000000000012,0.20050000000000012,0.415,0.415,-0.15050000000000008,0.050000000000000044,0.0,0.0,0.20050000000000012
rep0567,0.40,0.398,alg3,0.2,0.0,0.0,0.2,prop_127,1000,2000,0.3259999999999999,0.5665,True,0.2405000000000001,0.2405000000000001,0.4875,0.4875,-0.1615000000000001,0.07899999999999996,0.0,0.0,0.24050000000000005
rep0568,0.42,0.425,alg3,0.2,0.0,0.0,0.2,prop_127,1000,2000,0.32799999999999996,0.5805,True,0.25250000000000006,0.25250000000000006,0.5075,0.5075,-0.1795,0.07300000000000001,0.0,0.0,0.2525
rep0569,0.66,0.657,alg3,0.2,0.0,0.0,0.2,prop_127,1000,2000,0.502,0.7755,True,0.27349999999999997,0.27349999999999997,0.7025,0.7025,-0.2005,0.07299999999999995,0.0,0.0,0.27349999999999997
rep0570,0.76,0.756,alg3,0.2,0.0,0.0,0.2,prop_127,1000,2000,0.767,1.0050000000000001,False,0.2380000000000001,0.23299999999999998,0.9645,0.9645,-0.1975,0.04050000000000009,0.0,0.0,0.2380000000000001
rep0571,0.93,0.931,alg3,0.2,0.0,0.0,0.2,prop_127,1000,2000,0.8035,1.055,True,0.25149999999999995,0.1965,0.98,0.98,-0.17649999999999996,0.07500000000000001,0.0,0.0,0.25149999999999995
rep0572,0.75,0.754,alg3,0.2,0.0,0.0,0.2,prop_127,1000,2000,0.511,0.7849999999999999,True,0.2739999999999999,0.2739999999999999,0.714,0.714,-0.20299999999999996,0.07100000000000001,0.0,0.0,0.27399999999999997
rep0573,0.74,0.745,alg3,0.2,0.0,0.0,0.2,prop_127,1000,2000,0.6465000000000001,0.8840000000000001,True,0.23750000000000004,0.23750000000000004,0.794,0.794,-0.14750000000000002,0.09000000000000008,0.0,0.0,0.2375000000000001
rep0574,0.54,0.542,alg3,0.2,0.0,0.0,0.2,prop_127,1000,2000,0.7174999999999999,0.9634999999999999,False,0.246,0.246,0.8795,0.8795,-0.162,0.08399999999999996,0.0,0.0,0.24599999999999997
rep0575,0.60,0.601,alg3,0.2,0.0,0.0,0.2,prop_127,1000,2000,0.5179999999999999,0.7655000000000001,True,0.24750000000000016,0.24750000000000016,0.696,0.696,-0.17800000000000005,0.06950000000000006,0.0,0.0,0.2475000000000001
rep0576,0.54,0.537,alg3,0.2,0.0,0.0,0.2,prop_127,1000,2000,0.42899999999999994,0.6609999999999999,True,0.23199999999999998,0.23199999999999998,0.614,0.614,-0.18500000000000005,0.04699999999999993,0.0,0.0,0.23199999999999998
rep0577,0.25,0.251,alg3,0.2,0.0,0.0,0.2,prop_127,1000,2000,0.06099999999999997,0.2965,True,0.23550000000000001,0.23550000000000001,0.214,0.214,-0.15300000000000002,0.08249999999999999,0.0,0.0,0.23550000000000001
rep0578,0.63,0.631,alg3,0.2,0.0,0.0,0.2,prop_127,1000,2000,0.592,0.8235,True,0.23150000000000004,0.23150000000000004,0.743,0.743,-0.15100000000000002,0.08050000000000002,0.0,0.0,0.23150000000000004
rep0579,0.47,0.47,alg3,0.2,0.0,0.0,0.2,prop_127,1000,2000,0.30400000000000005,0.5805,True,0.27649999999999997,0.27649999999999997,0.489,0.489,-0.18499999999999994,0.09149999999999997,0.0,0.0,0.2764999999999999
rep0580,0.57,0.568,alg3,0.2,0.0,0.0,0.2,prop_127,1000,2000,0.488,0.739,True,0.251,0.251,0.6375,0.6375,-0.14949999999999997,0.10149999999999999,0.0,0.0,0.25099999999999995
rep0581,0.74,0.736,alg3,0.2,0.0,0.0,0.2,prop_127,1000,2000,0.719,0.9734999999999999,True,0.25449999999999995,0.25449999999999995,0.9025,0.9025,-0.1835,0.07099999999999995,0.0,0.0,0.25449999999999995
rep0582,0.47,0.469,alg3,0.2,0.0,0.0,0.2,prop_127,1000,2000,0.7005,0.923,False,0.22250000000000003,0.22250000000000003,0.8565,0.8565,-0.15600000000000003,0.0665,0.0,0.0,0.22250000000000003
rep0583,0.50,0.504,alg3,0.2,0.0,0.0,0.2,prop_127,1000,2000,0.39149999999999996,0.6505000000000001,True,0.2590000000000001,0.2590000000000001,0.5695,0.5695,-0.17800000000000002,0.08100000000000002,0.0,0.0,0.259
rep0584,0.47,0.475,alg3,0.2,0.0,0.0,0.2,prop_127,1000,2000,0.577,0.848,False,0.271,0.271,0.743,0.743,-0.166,0.10499999999999998,0.0,0.0,0.271
rep0585,0.50,0.5,alg3,0.2,0.0,0.0,0.2,prop_127,1000,2000,0.20050000000000007,0.4705000000000001,False,0.27,0.27,0.3975,0.3975,-0.19699999999999995,0.07300000000000006,0.0,0.0,0.27
rep0586,0.83,0.835,alg3,0.2,0.0,0.0,0.2,prop_127,1000,2000,0.7190000000000001,1.0145,True,0.2954999999999999,0.2809999999999999,0.921,0.921,-0.20199999999999996,0.09349999999999997,0.0,0.0,0.29549999999999993
rep0587,0.17,0.17,alg3,0.2,0.0,0.0,0.2,prop_127,1000,2000,0.20800000000000002,0.4905,False,0.2825,0.2825,0.3925,0.3925,-0.1845,0.09799999999999998,0.0,0.0,0.2825
rep0588,0.64,0.641,alg3,0.2,0.0,0.0,0.2,prop_127,1000,2000,0.6385000000000001,0.8725,True,0.23399999999999999,0.23399999999999999,0.776,0.776,-0.1375,0.09650000000000003,0.0,0.0,0.23400000000000004
rep0589,0.45,0.447,alg3,0.2,0.0,0.0,0.2,prop_127,1000,2000,0.28400000000000003,0.5285,True,0.24449999999999994,0.24449999999999994,0.454,0.454,-0.16999999999999998,0.07449999999999998,0.0,0.0,0.24449999999999997
rep0590,0.70,0.696,alg3,0.2,0.0,0.0,0.2,prop_127,1000,2000,0.6094999999999999,0.8394999999999999,True,0.22999999999999998,0.22999999999999998,0.7855,0.7855,-0.176,0.05399999999999994,0.0,0.0,0.22999999999999993
rep0591,0.36,0.359,alg3,0.2,0.0,0.0,0.2,prop_127,1000,2000,0.22149999999999997,0.482,True,0.2605,0.2605,0.3945,0.3945,-0.17300000000000004,0.08749999999999997,0.0,0.0,0.2605
rep0592,0.47,0.465,alg3,0.2,0.0,0.0,0.2,prop_127,1000,2000,0.34600000000000003,0.6280000000000001,True,0.2820000000000001,0.2820000000000001,0.561,0.561,-0.21500000000000002,0.06700000000000006,0.0,0.0,0.2820000000000001
rep0593,0.80,0.804,alg3,0.2,0.0,0.0,0.2,prop_127,1000,2000,0.6635,0.9035000000000001,True,0.2400000000000001,0.2400000000000001,0.8495,0.8495,-0.186,0.05400000000000002,0.0,0.0,0.24000000000000002
rep0594,0.14,0.143,alg3,0.2,0.0,0.0,0.2,prop_127,1000,2000,0.16250000000000003,0.46749999999999997,False,0.30499999999999994,0.30499999999999994,0.3485,0.3485,-0.18599999999999994,0.119,0.0,0.0,0.30499999999999994
rep0595,0.52,0.52,alg3,0.2,0.0,0.0,0.2,prop_127,1000,2000,0.4425,0.7169999999999999,True,0.27449999999999986,0.27449999999999986,0.6325,0.6325,-0.18999999999999995,0.08449999999999996,0.0,0.0,0.2744999999999999
rep0596,0.46,0.456,alg3,0.2,0.0,0.0,0.2,prop_127,1000,2000,0.36450000000000005,0.6155,True,0.251,0.251,0.545,0.545,-0.18050000000000002,0.07050000000000001,0.0,0.0,0.251
rep0597,0.69,0.686,alg3,0.2,0.0,0.0,0.2,prop_127,1000,2000,0.5365,0.767,True,0.23050000000000004,0.23050000000000004,0.7065,0.7065,-0.17,0.0605,0.0,0.0,0.2305
rep0598,0.13,0.127,alg3,0.2,0.0,0.0,0.2,prop_127,1000,2000,-0.09999999999999995,0.143,True,0.24299999999999994,0.143,0.096,0.096,-0.19599999999999995,0.046999999999999986,0.0,0.0,0.24299999999999994
rep0599,0.24,0.241,alg3,0.2,0.0,0.0,0.2,prop_127,1000,2000,0.1365,0.382,True,0.2455,0.2455,0.292,0.292,-0.15549999999999997,0.09000000000000002,0.0,0.0,0.2455
rep0600,0.50,0.496,alg3,0.2,0.0,0.0,0.2,prop_127,1000,2000,0.3305,0.6119999999999999,True,0.28149999999999986,0.28149999999999986,0.5035,0.5035,-0.17299999999999993,0.10849999999999999,0.0,0.0,0.2814999999999999
rep0601,0.67,0.667,alg3,0.2,0.0,0.0,0.2,prop_127,1000,2000,0.649,0.9080000000000001,True,0.2590000000000001,0.2590000000000001,0.8315,0.8315,-0.18249999999999994,0.07650000000000007,0.0,0.0,0.259
rep0602,0.37,0.37,alg3,0.2,0.0,0.0,0.2,prop_127,1000,2000,0.15400000000000003,0.4105,True,0.25649999999999995,0.25649999999999995,0.3135,0.3135,-0.15949999999999998,0.09699999999999998,0.0,0.0,0.25649999999999995
rep0603,0.10,0.1,alg3,0.2,0.0,0.0,0.2,prop_127,1000,2000,-0.08150000000000003,0.15749999999999997,True,0.239,0.15749999999999997,0.0825,0.0825,-0.16400000000000003,0.07499999999999996,0.0,0.0,0.239
rep0604,0.50,0.504,alg3,0.2,0.0,0.0,0.2,prop_127,1000,2000,0.18950000000000006,0.481,False,0.2914999999999999,0.2914999999999999,0.38,0.38,-0.19049999999999995,0.10099999999999998,0.0,0.0,0.2914999999999999
rep0605,0.60,0.596,alg3,0.2,0.0,0.0,0.2,prop_127,1000,2000,0.6495,0.8995,False,0.25,0.25,0.8265,0.8265,-0.17700000000000005,0.07299999999999995,0.0,0.0,0.25
rep0606,0.22,0.217,alg3,0.2,0.0,0.0,0.2,prop_127,1000,2000,0.16499999999999998,0.41000000000000003,True,0.24500000000000005,0.24500000000000005,0.325,0.325,-0.16000000000000003,0.08500000000000002,0.0,0.0,0.24500000000000005
rep0607,0.64,0.641,alg3,0.2,0.0,0.0,0.2,prop_127,1000,2000,0.4335000000000001,0.6975,True,0.2639999999999999,0.2639999999999999,0.6005,0.6005,-0.16699999999999993,0.09699999999999998,0.0,0.0,0.2639999999999999
rep0608,0.03,0.029,alg3,0.2,0.0,0.0,0.2,prop_127,1000,2000,-0.13649999999999995,0.075,True,0.21149999999999997,0.075,0.0175,0.0175,-0.15399999999999997,0.057499999999999996,0.0,0.0,0.21149999999999997
rep0609,0.54,0.543,alg3,0.2,0.0,0.0,0.2,prop_127,1000,2000,0.5095000000000001,0.7465,True,0.237,0.237,0.685,0.685,-0.1755,0.06150000000000001,0.0,0.0,0.237
rep0610,0.28,0.275,alg3,0.2,0.0,0.0,0.2,prop_127,1000,2000,0.18849999999999995,0.424,True,0.23550000000000004,0.23550000000000004,0.3445,0.3445,-0.15600000000000003,0.07950000000000002,0.0,0.0,0.23550000000000004
rep0611,0.15,0.149,alg3,0.2,0.0,0.0,0.2,prop_127,1000,2000,0.11099999999999999,0.39799999999999996,True,0.287,0.287,0.304,0.304,-0.193,0.09399999999999997,0.0,0.0,0.287
rep0612,0.60,0.599,alg3,0.2,0.0,0.0,0.2,prop_127,1000,2000,0.4600000000000001,0.693,True,0.23299999999999987,0.23299999999999987,0.643,0.643,-0.18299999999999994,0.04999999999999993,0.0,0.0,0.23299999999999987
rep0613,0.63,0.633,alg3,0.2,0.0,0.0,0.2,prop_127,1000,2000,0.6689999999999999,0.8975000000000001,False,0.22850000000000015,0.22850000000000015,0.8365,0.8365,-0.1675000000000001,0.061000000000000054,0.0,0.0,0.22850000000000015
rep0614,0.42,0.421,alg3,0.2,0.0,0.0,0.2,prop_127,1000,2000,0.5459999999999999,0.7545,False,0.20850000000000002,0.20850000000000002,0.702,0.702,-0.15600000000000003,0.05249999999999999,0.0,0.0,0.20850000000000002
rep0615,0.84,0.842,alg3,0.2,0.0,0.0,0.2,prop_127,1000,2000,0.6505000000000001,0.89,True,0.23949999999999994,0.23949999999999994,0.798,0.798,-0.14750000000000002,0.09199999999999997,0.0,0.0,0.2395
rep0616,0.64,0.639,alg3,0.2,0.0,0.0,0.2,prop_127,1000,2000,0.38249999999999995,0.641,True,0.25850000000000006,0.25850000000000006,0.5555,0.5555,-0.17300000000000004,0.08550000000000002,0.0,0.0,0.25850000000000006
rep0617,0.62,0.624,alg3,0.2,0.0,0.0,0.2,prop_127,1000,2000,0.359,0.59,False,0.23099999999999998,0.23099999999999998,0.5325,0.5325,-0.1735,0.057499999999999996,0.0,0.0,0.23099999999999998
rep0618,0.15,0.155,alg3,0.2,0.0,0.0,0.2,prop_127,1000,2000,-0.09100000000000005,0.1525,False,0.24350000000000005,0.1525,0.0905,0.0905,-0.18150000000000005,0.062,0.0,0.0,0.24350000000000005
rep0619,0.51,0.509,alg3,0.2,0.0,0.0,0.2,prop_127,1000,2000,0.33199999999999996,0.571,True,0.239,0.239,0.495,0.495,-0.16300000000000003,0.07600000000000001,0.0,0.0,0.23900000000000005
rep0620,0.15,0.155,alg3,0.2,0.0,0.0,0.2,prop_127,1000,2000,-0.11799999999999994,0.168,True,0.2859999999999999,0.168,0.0695,0.0695,-0.18749999999999994,0.0985,0.0,0.0,0.2859999999999999
rep0621,0.33,0.331,alg3,0.2,0.0,0.0,0.2,prop_127,1000,2000,0.15750000000000003,0.397,True,0.2395,0.2395,0.323,0.323,-0.16549999999999998,0.074,0.0,0.0,0.2395
rep0622,0.83,0.832,alg3,0.2,0.0,0.0,0.2,prop_127,1000,2000,0.5525,0.8165,False,0.264,0.264,0.7425,0.7425,-0.19,0.074,0.0,0.0,0.264
rep0623,0.39,0.394,alg3,0.2,0.0,0.0,0.2,prop_127,1000,2000,0.2205,0.4895,True,0.269,0.269,0.414,0.414,-0.19349999999999998,0.07550000000000001,0.0,0.0,0.269
rep0624,0.50,0.498,alg3,0.2,0.0,0.0,0.2,prop_127,1000,2000,0.5,0.7595000000000001,False,0.25950000000000006,0.25950000000000006,0.68,0.68,-0.18,0.07950000000000002,0.0,0.0,0.2595
rep0625,0.43,0.434,alg3,0.2,0.0,0.0,0.2,prop_127,1000,2000,0.26249999999999996,0.5355,True,0.273,0.273,0.479,0.479,-0.21650000000000003,0.056499999999999995,0.0,0.0,0.273
rep0626,0.46,0.46,alg3,0.2,0.0,0.0,0.2,prop_127,1000,2000,0.17249999999999993,0.43799999999999994,False,0.2655,0.2655,0.3635,0.3635,-0.19100000000000006,0.07449999999999998,0.0,0.0,0.26550000000000007
rep0627,0.24,0.241,alg3,0.2,0.0,0.0,0.2,prop_127,1000,2000,0.066,0.30399999999999994,True,0.23799999999999993,0.23799999999999993,0.237,0.237,-0.17099999999999999,0.06699999999999995,0.0,0.0,0.23799999999999993
rep0628,0.86,0.862,alg3,0.2,0.0,0.0,0.2,prop_127,1000,2000,0.691,0.9359999999999999,True,0.245,0.245,0.871,0.871,-0.18000000000000005,0.065,0.0,0.0,0.24500000000000005
rep0629,0.74,0.744,alg3,0.2,0.0,0.0,0.2,prop_127,1000,2000,0.5525,0.7875000000000001,True,0.2350000000000001,0.2350000000000001,0.7165,0.7165,-0.16400000000000003,0.07100000000000001,0.0,0.0,0.23500000000000004
rep0630,0.51,0.514,alg3,0.2,0.0,0.0,0.2,prop_127,1000,2000,0.5475,0.8135000000000001,False,0.2660000000000001,0.2660000000000001,0.7315,0.7315,-0.18400000000000005,0.08200000000000002,0.0,0.0,0.26600000000000007
rep0631,0.41,0.406,alg3,0.2,0.0,0.0,0.2,prop_127,1000,2000,0.3500000000000001,0.6280000000000001,True,0.278,0.278,0.525,0.525,-0.17499999999999993,0.10300000000000004,0.0,0.0,0.27799999999999997
rep0632,0.33,0.325,alg3,0.2,0.0,0.0,0.2,prop_127,1000,2000,0.273,0.497,True,0.22399999999999998,0.22399999999999998,0.4405,0.4405,-0.16749999999999998,0.056499999999999995,0.0,0.0,0.22399999999999998
rep0633,0.10,0.1,alg3,0.2,0.0,0.0,0.2,prop_127,1000,2000,-0.07549999999999997,0.22249999999999998,True,0.29799999999999993,0.22249999999999998,0.1135,0.1135,-0.18899999999999997,0.10899999999999999,0.0,0.0,0.29799999999999993
rep0634,0.56,0.561,alg3,0.2,0.0,0.0,0.2,prop_127,1000,2000,0.49850000000000005,0.735,True,0.23649999999999993,0.23649999999999993,0.6565,0.6565,-0.15799999999999992,0.07850000000000001,0.0,0.0,0.23649999999999993
rep0635,0.17,0.175,alg3,0.2,0.0,0.0,0.2,prop_127,1000,2000,-0.05500000000000005,0.20350000000000001,True,0.25850000000000006,0.20350000000000001,0.132,0.132,-0.18700000000000006,0.07150000000000001,0.0,0.0,0.25850000000000006
rep0636,0.61,0.611,alg3,0.2,0.0,0.0,0.2,prop_127,1000,2000,0.502,0.7395,True,0.23750000000000004,0.23750000000000004,0.6725,0.6725,-0.17050000000000004,0.06700000000000006,0.0,0.0,0.2375000000000001
rep0637,0.63,0.627,alg3,0.2,0.0,0.0,0.2,prop_127,1000,2000,0.41000000000000003,0.6805,True,0.27049999999999996,0.27049999999999996,0.6055,0.6055,-0.1955,0.075,0.0,0.0,0.2705
rep0638,0.22,0.22,alg3,0.2,0.0,0.0,0.2,prop_127,1000,2000,0.09899999999999992,0.3375,True,0.2385000000000001,0.2385000000000001,0.2605,0.2605,-0.1615000000000001,0.07700000000000001,0.0,0.0,0.2385000000000001
rep0639,0.68,0.684,alg3,0.2,0.0,0.0,0.2,prop_127,1000,2000,0.835,1.0585,False,0.22350000000000003,0.16500000000000004,1.0,1.0,-0.16499999999999998,0.05850000000000005,0.0,0.0,0.22350000000000003
rep0640,0.78,0.779,alg3,0.2,0.0,0.0,0.2,prop_127,1000,2000,0.5309999999999999,0.7949999999999999,True,0.264,0.264,0.721,0.721,-0.19000000000000006,0.07400000000000001,0.0,0.0,0.26400000000000007
rep0641,0.35,0.346,alg3,0.2,0.0,0.0,0.2,prop_127,1000,2000,0.2795,0.5569999999999999,True,0.2774999999999999,0.2774999999999999,0.4735,0.4735,-0.19399999999999995,0.08349999999999996,0.0,0.0,0.2774999999999999
rep0642,0.64,0.643,alg3,0.2,0.0,0.0,0.2,prop_127,1000,2000,0.509,0.763,True,0.254,0.254,0.6985,0.6985,-0.1895,0.0645,0.0,0.0,0.254
rep0643,0.36,0.358,alg3,0.2,0.0,0.0,0.2,prop_127,1000,2000,0.3365,0.6184999999999999,True,0.2819999999999999,0.2819999999999999,0.5125,0.5125,-0.17599999999999993,0.10600000000000001,0.0,0.0,0.2819999999999999
rep0644,0.65,0.645,alg3,0.2,0.0,0.0,0.2,prop_127,1000,2000,0.4930000000000001,0.782,True,0.2889999999999999,0.2889999999999999,0.682,0.682,-0.18899999999999995,0.09999999999999998,0.0,0.0,0.2889999999999999
rep0645,0.28,0.283,alg3,0.2,0.0,0.0,0.2,prop_127,1000,2000,0.09900000000000009,0.361,True,0.2619999999999999,0.2619999999999999,0.256,0.256,-0.15699999999999992,0.10499999999999998,0.0,0.0,0.2619999999999999
rep0646,0.49,0.491,alg3,0.2,0.0,0.0,0.2,prop_127,1000,2000,0.33149999999999996,0.6415000000000001,True,0.3100000000000001,0.3100000000000001,0.5365,0.5365,-0.20500000000000002,0.1050000000000001,0.0,0.0,0.3100000000000001
rep0647,0.69,0.691,alg3,0.2,0.0,0.0,0.2,prop_127,1000,2000,0.6675,0.9450000000000001,True,0.2775000000000001,0.2775000000000001,0.846,0.846,-0.1785,0.09900000000000003,0.0,0.0,0.2775
rep0648,0.72,0.723,alg3,0.2,0.0,0.0,0.2,prop_127,1000,2000,0.6895,0.9450000000000001,True,0.25550000000000006,0.25550000000000006,0.8515,0.8515,-0.16199999999999998,0.09349999999999997,0.0,0.0,0.25549999999999995
rep0649,0.71,0.707,alg3,0.2,0.0,0.0,0.2,prop_127,1000,2000,0.636,0.8895,True,0.25349999999999995,0.25349999999999995,0.7985,0.7985,-0.1625,0.091,0.0,0.0,0.2535
rep0650,0.43,0.431,alg3,0.2,0.0,0.0,0.2,prop_127,1000,2000,0.27449999999999997,0.5505,True,0.276,0.276,0.469,0.469,-0.1945,0.08150000000000002,0.0,0.0,0.276
rep0651,0.54,0.538,alg3,0.2,0.0,0.0,0.2,prop_127,1000,2000,0.49749999999999994,0.7735,True,0.276,0.276,0.6775,0.6775,-0.18000000000000005,0.09599999999999997,0.0,0.0,0.276
rep0652,0.30,0.297,alg3,0.2,0.0,0.0,0.2,prop_127,1000,2000,0.04799999999999996,0.34700000000000003,True,0.29900000000000004,0.29900000000000004,0.2845,0.2845,-0.23650000000000002,0.06250000000000006,0.0,0.0,0.29900000000000004
rep0653,0.83,0.826,alg3,0.2,0.0,0.0,0.2,prop_127,1000,2000,0.621,0.858,True,0.237,0.237,0.7965,0.7965,-0.1755,0.0615,0.0,0.0,0.237
rep0654,0.71,0.709,alg3,0.2,0.0,0.0,0.2,prop_127,1000,2000,0.6214999999999999,0.838,True,0.21650000000000003,0.21650000000000003,0.7725,0.7725,-0.15100000000000002,0.0655,0.0,0.0,0.21650000000000003
rep0655,0.26,0.257,alg3,0.2,0.0,0.0,0.2,prop_127,1000,2000,0.20949999999999996,0.459,True,0.24950000000000006,0.24950000000000006,0.3965,0.3965,-0.18700000000000006,0.0625,0.0,0.0,0.24950000000000006
rep0656,0.56,0.564,alg3,0.2,0.0,0.0,0.2,prop_127,1000,2000,0.4455,0.7375,True,0.29200000000000004,0.29200000000000004,0.627,0.627,-0.1815,0.11049999999999999,0.0,0.0,0.292
rep0657,0.33,0.328,alg3,0.2,0.0,0.0,0.2,prop_127,1000,2000,0.09200000000000003,0.325,False,0.23299999999999998,0.23299999999999998,0.2495,0.2495,-0.15749999999999997,0.07550000000000001,0.0,0.0,0.23299999999999998
rep0658,0.33,0.333,alg3,0.2,0.0,0.0,0.2,prop_127,1000,2000,0.10900000000000001,0.395,True,0.28600000000000003,0.28600000000000003,0.295,0.295,-0.18599999999999997,0.10000000000000003,0.0,0.0,0.28600000000000003
rep0659,0.71,0.708,alg3,0.2,0.0,0.0,0.2,prop_127,1000,2000,0.752,1.067,False,0.31499999999999995,0.248,0.9605,0.9605,-0.20850000000000002,0.10649999999999993,0.0,0.0,0.31499999999999995
rep0660,0.19,0.186,alg3,0.2,0.0,0.0,0.2,prop_127,1000,2000,0.1815,0.46249999999999997,True,0.28099999999999997,0.28099999999999997,0.3755,0.3755,-0.194,0.08699999999999998,0.0,0.0,0.28099999999999997
rep0661,0.68,0.682,alg3,0.2,0.0,0.0,0.2,prop_127,1000,2000,0.47350000000000003,0.7615000000000001,True,0.28800000000000003,0.28800000000000003,0.6845,0.6845,-0.21099999999999997,0.07700000000000007,0.0,0.0,0.28800000000000003
rep0662,0.35,0.346,alg3,0.2,0.0,0.0,0.2,prop_127,1000,2000,-0.009500000000000064,0.25649999999999995,False,0.266,0.25649999999999995,0.1735,0.1735,-0.18300000000000005,0.08299999999999996,0.0,0.0,0.266
rep0663,0.67,0.667,alg3,0.2,0.0,0.0,0.2,prop_127,1000,2000,0.424,0.6739999999999999,True,0.24999999999999994,0.24999999999999994,0.603,0.603,-0.179,0.07099999999999995,0.0,0.0,0.24999999999999994
rep0664,0.28,0.278,alg3,0.2,0.0,0.0,0.2,prop_127,1000,2000,0.3435000000000001,0.6184999999999999,False,0.27499999999999986,0.27499999999999986,0.534,0.534,-0.19049999999999995,0.08449999999999991,0.0,0.0,0.27499999999999986
rep0665,0.44,0.443,alg3,0.2,0.0,0.0,0.2,prop_127,1000,2000,0.26099999999999995,0.57,True,0.309,0.309,0.453,0.453,-0.19200000000000006,0.11699999999999997,0.0,0.0,0.30900000000000005
rep0666,0.57,0.569,alg3,0.2,0.0,0.0,0.2,prop_127,1000,2000,0.264,0.5615,False,0.2975,0.2975,0.456,0.456,-0.192,0.10549999999999998,0.0,0.0,0.2975
rep0667,0.25,0.249,alg3,0.2,0.0,0.0,0.2,prop_127,1000,2000,0.04949999999999999,0.337,True,0.28750000000000003,0.28750000000000003,0.2455,0.2455,-0.196,0.09150000000000003,0.0,0.0,0.28750000000000003
rep0668,0.60,0.605,alg3,0.2,0.0,0.0,0.2,prop_127,1000,2000,0.5835,0.821,True,0.23749999999999993,0.23749999999999993,0.733,0.733,-0.14949999999999997,0.08800000000000001,0.0,0.0,0.2375
rep0669,0.42,0.424,alg3,0.2,0.0,0.0,0.2,prop_127,1000,2000,0.3605,0.598,True,0.2375,0.2375,0.502,0.502,-0.14150000000000001,0.09599999999999997,0.0,0.0,0.2375
rep0670,0.49,0.486,alg3,0.2,0.0,0.0,0.2,prop_127,1000,2000,0.39149999999999996,0.6984999999999999,True,0.30699999999999994,0.30699999999999994,0.583,0.583,-0.19150000000000003,0.11549999999999994,0.0,0.0,0.30699999999999994
rep0671,0.45,0.448,alg3,0.2,0.0,0.0,0.2,prop_127,1000,2000,0.26,0.509,True,0.249,0.249,0.4415,0.4415,-0.1815,0.0675,0.0,0.0,0.249
rep0672,0.81,0.809,alg3,0.2,0.0,0.0,0.2,prop_127,1000,2000,0.524,0.7675000000000001,False,0.24350000000000005,0.24350000000000005,0.705,0.705,-0.18099999999999994,0.06250000000000006,0.0,0.0,0.2435
rep0673,0.50,0.502,alg3,0.2,0.0,0.0,0.2,prop_127,1000,2000,0.3245,0.5700000000000001,True,0.24550000000000005,0.24550000000000005,0.509,0.509,-0.1845,0.061000000000000026,0.0,0.0,0.24550000000000002
rep0674,0.07,0.066,alg3,0.2,0.0,0.0,0.2,prop_127,1000,2000,-0.16900000000000004,0.09599999999999997,True,0.265,0.09599999999999997,0.0,0.0,-0.16900000000000004,0.09599999999999997,0.0,0.0,0.265
rep0675,0.52,0.515,alg3,0.2,0.0,0.0,0.2,prop_127,1000,2000,0.278,0.49850000000000005,False,0.22050000000000003,0.22050000000000003,0.4495,0.4495,-0.17149999999999999,0.049000000000000044,0.0,0.0,0.22050000000000003
rep0676,0.65,0.648,alg3,0.2,0.0,0.0,0.2,prop_127,1000,2000,0.5055,0.7655000000000001,True,0.2600000000000001,0.2600000000000001,0.6755,0.6755,-0.17000000000000004,0.09000000000000002,0.0,0.0,0.26000000000000006
rep0677,0.92,0.924,alg3,0.2,0.0,0.0,0.2,prop_127,1000,2000,0.8290000000000001,1.116,True,0.28700000000000003,0.17099999999999993,1.0,1.0,-0.17099999999999993,0.11600000000000005,0.0,0.0,0.287
rep0678,0.12,0.125,alg3,0.2,0.0,0.0,0.2,prop_127,1000,2000,-0.019000000000000045,0.224,True,0.24300000000000005,0.224,0.1505,0.1505,-0.16950000000000004,0.07350000000000001,0.0,0.0,0.24300000000000005
rep0679,0.72,0.723,alg3,0.2,0.0,0.0,0.2,prop_127,1000,2000,0.4775000000000001,0.7410000000000001,True,0.2635,0.2635,0.681,0.681,-0.20349999999999996,0.06000000000000005,0.0,0.0,0.2635
rep0680,0.11,0.114,alg3,0.2,0.0,0.0,0.2,prop_127,1000,2000,-0.10449999999999995,0.19000000000000003,True,0.2945,0.19000000000000003,0.1005,0.1005,-0.20499999999999996,0.08950000000000002,0.0,0.0,0.2945
rep0681,0.24,0.24,alg3,0.2,0.0,0.0,0.2,prop_127,1000,2000,0.20950000000000008,0.46849999999999997,True,0.2589999999999999,0.2589999999999999,0.3765,0.3765,-0.16699999999999993,0.09199999999999997,0.0,0.0,0.2589999999999999
rep0682,0.82,0.82,alg3,0.2,0.0,0.0,0.2,prop_127,1000,2000,0.7575,1.0005000000000002,True,0.24300000000000022,0.24250000000000005,0.9345,0.9345,-0.17700000000000005,0.06600000000000006,0.0,0.0,0.2430000000000001
rep0683,0.80,0.795,alg3,0.2,0.0,0.0,0.2,prop_127,1000,2000,0.52,0.795,True,0.275,0.275,0.7025,0.7025,-0.1825,0.09250000000000003,0.0,0.0,0.275
rep0684,0.83,0.835,alg3,0.2,0.0,0.0,0.2,prop_127,1000,2000,0.6884999999999999,0.91,True,0.22150000000000014,0.22150000000000014,0.842,0.842,-0.15350000000000003,0.06800000000000006,0.0,0.0,0.22150000000000009
rep0685,0.52,0.518,alg3,0.2,0.0,0.0,0.2,prop_127,1000,2000,0.29750000000000004,0.5335000000000001,True,0.23600000000000004,0.23600000000000004,0.463,0.463,-0.16549999999999998,0.07050000000000001,0.0,0.0,0.236
rep0686,0.04,0.039,alg3,0.2,0.0,0.0,0.2,prop_127,1000,2000,-0.11700000000000005,0.15350000000000003,True,0.2705000000000001,0.15350000000000003,0.059,0.059,-0.17600000000000005,0.09450000000000003,0.0,0.0,0.2705000000000001
rep0687,0.71,0.715,alg3,0.2,0.0,0.0,0.2,prop_127,1000,2000,0.5315,0.7865,True,0.255,0.255,0.707,0.707,-0.1755,0.07950000000000002,0.0,0.0,0.255
rep0688,0.78,0.782,alg3,0.2,0.0,0.0,0.2,prop_127,1000,2000,0.6900000000000001,1.0195,True,0.3295,0.30999999999999994,0.9455,0.9455,-0.25549999999999995,0.07400000000000007,0.0,0.0,0.3295
rep0689,0.39,0.388,alg3,0.2,0.0,0.0,0.2,prop_127,1000,2000,0.2015,0.43000000000000005,True,0.22850000000000004,0.22850000000000004,0.378,0.378,-0.1765,0.052000000000000046,0.0,0.0,0.22850000000000004
rep0690,0.49,0.493,alg3,0.2,0.0,0.0,0.2,prop_127,1000,2000,0.44599999999999995,0.7259999999999999,True,0.2799999999999999,0.2799999999999999,0.6325,0.6325,-0.1865,0.09349999999999992,0.0,0.0,0.2799999999999999
rep0691,0.71,0.706,alg3,0.2,0.0,0.0,0.2,prop_127,1000,2000,0.5155,0.7815,True,0.266,0.266,0.6955,0.6955,-0.18000000000000005,0.086,0.0,0.0,0.266
rep0692,0.71,0.707,alg3,0.2,0.0,0.0,0.2,prop_127,1000,2000,0.507,0.7660000000000001,True,0.2590000000000001,0.2590000000000001,0.684,0.684,-0.17700000000000002,0.08200000000000007,0.0,0.0,0.2590000000000001
rep0693,0.55,0.546,alg3,0.2,0.0,0.0,0.2,prop_127,1000,2000,0.4684999999999999,0.7194999999999999,True,0.251,0.251,0.616,0.616,-0.14750000000000008,0.10349999999999993,0.0,0.0,0.251
rep0694,0.85,0.849,alg3,0.2,0.0,0.0,0.2,prop_127,1000,2000,0.768,1.0455,True,0.2775000000000001,0.23199999999999998,0.934,0.934,-0.16600000000000004,0.1115,0.0,0.0,0.2775
rep0695,0.14,0.144,alg3,0.2,0.0,0.0,0.2,prop_127,1000,2000,-0.16349999999999998,0.12100000000000001,False,0.2845,0.12100000000000001,0.05,0.05,-0.21349999999999997,0.07100000000000001,0.0,0.0,0.2845
rep0696,0.28,0.28,alg3,0.2,0.0,0.0,0.2,prop_127,1000,2000,0.2700000000000001,0.5385,True,0.2684999999999999,0.2684999999999999,0.459,0.459,-0.18899999999999995,0.07950000000000002,0.0,0.0,0.26849999999999996
rep0697,0.36,0.364,alg3,0.2,0.0,0.0,0.2,prop_127,1000,2000,0.15050000000000002,0.39799999999999996,True,0.24749999999999994,0.24749999999999994,0.3285,0.3285,-0.178,0.06949999999999995,0.0,0.0,0.24749999999999994
rep0698,0.47,0.472,alg3,0.2,0.0,0.0,0.2,prop_127,1000,2000,0.3075,0.5815,True,0.274,0.274,0.4965,0.4965,-0.189,0.08499999999999999,0.0,0.0,0.274
rep0699,0.06,0.058,alg3,0.2,0.0,0.0,0.2,prop_127,1000,2000,-0.03799999999999998,0.21800000000000003,True,0.256,0.21800000000000003,0.139,0.139,-0.177,0.07900000000000001,0.0,0.0,0.256
rep0700,0.66,0.656,alg3,0.2,0.0,0.0,0.2,prop_127,1000,2000,0.43600000000000005,0.6865000000000001,True,0.25050000000000006,0.25050000000000006,0.5985,0.5985,-0.16249999999999998,0.08800000000000002,0.0,0.0,0.2505
rep0701,0.62,0.625,alg3,0.2,0.0,0.0,0.2,prop_127,1000,2000,0.29799999999999993,0.5415,False,0.24350000000000005,0.24350000000000005,0.474,0.474,-0.17600000000000005,0.0675,0.0,0.0,0.24350000000000005
rep0702,0.33,0.326,alg3,0.2,0.0,0.0,0.2,prop_127,1000,2000,0.26,0.5285,True,0.26849999999999996,0.26849999999999996,0.4595,0.4595,-0.1995,0.06899999999999995,0.0,0.0,0.26849999999999996
rep0703,0.64,0.637,alg3,0.2,0.0,0.0,0.2,prop_127,1000,2000,0.5105000000000001,0.7785,True,0.2679999999999999,0.2679999999999999,0.7035,0.7035,-0.19299999999999995,0.07499999999999996,0.0,0.0,0.2679999999999999
rep0704,0.97,0.975,alg3,0.2,0.0,0.0,0.2,prop_127,1000,2000,0.8225,1.0755,True,0.2529999999999999,0.1775,1.0,1.0,-0.1775,0.07550000000000001,0.0,0.0,0.253
rep0705,0.48,0.48,alg3,0.2,0.0,0.0,0.2,prop_127,1000,2000,0.4205000000000001,0.7015,True,0.2809999999999999,0.2809999999999999,0.6155,0.6155,-0.19499999999999995,0.08599999999999997,0.0,0.0,0.2809999999999999
rep0706,0.54,0.537,alg3,0.2,0.0,0.0,0.2,prop_127,1000,2000,0.4315,0.7090000000000001,True,0.2775000000000001,0.2775000000000001,0.6125,0.6125,-0.18100000000000005,0.09649999999999997,0.0,0.0,0.2775
rep0707,0.71,0.715,alg3,0.2,0.0,0.0,0.2,prop_127,1000,2000,0.823,1.1,False,0.27700000000000014,0.17700000000000005,1.0,1.0,-0.17700000000000005,0.10000000000000003,0.0,0.0,0.2770000000000001
rep0708,0.78,0.778,alg3,0.2,0.0,0.0,0.2,prop_127,1000,2000,0.45499999999999985,0.715,False,0.2600000000000001,0.2600000000000001,0.6305,0.6305,-0.1755000000000001,0.08450000000000002,0.0,0.0,0.2600000000000001
rep0709,0.46,0.463,alg3,0.2,0.0,0.0,0.2,prop_127,1000,2000,0.23000000000000004,0.5175,True,0.2874999999999999,0.2874999999999999,0.4205,0.4205,-0.19049999999999995,0.09699999999999998,0.0,0.0,0.2874999999999999
rep0710,0.06,0.063,alg3,0.2,0.0,0.0,0.2,prop_127,1000,2000,-0.043499999999999955,0.23250000000000007,True,0.276,0.23250000000000007,0.1705,0.1705,-0.21399999999999997,0.062000000000000055,0.0,0.0,0.276
rep0711,0.90,0.896,alg3,0.2,0.0,0.0,0.2,prop_127,1000,2000,0.7874999999999999,1.02,True,0.23250000000000015,0.21250000000000013,0.958,0.958,-0.17050000000000004,0.06200000000000003,0.0,0.0,0.23250000000000007
rep0712,0.72,0.72,alg3,0.2,0.0,0.0,0.2,prop_127,1000,2000,0.605,0.9165,True,0.3115,0.3115,0.8095,0.8095,-0.20449999999999996,0.10699999999999998,0.0,0.0,0.31149999999999994
rep0713,0.34,0.336,alg3,0.2,0.0,0.0,0.2,prop_127,1000,2000,0.17250000000000004,0.435,True,0.26249999999999996,0.26249999999999996,0.329,0.329,-0.15649999999999997,0.10599999999999998,0.0,0.0,0.26249999999999996
rep0714,0.09,0.085,alg3,0.2,0.0,0.0,0.2,prop_127,1000,2000,-0.2045,0.069,False,0.27349999999999997,0.069,0.0,0.0,-0.2045,0.069,0.0,0.0,0.27349999999999997
rep0715,0.15,0.149,alg3,0.2,0.0,0.0,0.2,prop_127,1000,2000,-0.145,0.11949999999999997,False,0.26449999999999996,0.11949999999999997,0.0295,0.0295,-0.1745,0.08999999999999997,0.0,0.0,0.26449999999999996
rep0716,0.49,0.494,alg3,0.2,0.0,0.0,0.2,prop_127,1000,2000,0.34299999999999997,0.573,True,0.22999999999999998,0.22999999999999998,0.481,0.481,-0.138,0.09199999999999997,0.0,0.0,0.22999999999999998
rep0717,0.63,0.633,alg3,0.2,0.0,0.0,0.2,prop_127,1000,2000,0.35099999999999987,0.576,False,0.2250000000000001,0.2250000000000001,0.5215,0.5215,-0.1705000000000001,0.05449999999999999,0.0,0.0,0.2250000000000001
rep0718,0.74,0.745,alg3,0.2,0.0,0.0,0.2,prop_127,1000,2000,0.5465,0.8215,True,0.275,0.275,0.7315,0.7315,-0.185,0.08999999999999997,0.0,0.0,0.27499999999999997
rep0719,0.46,0.46,alg3,0.2,0.0,0.0,0.2,prop_127,1000,2000,0.34349999999999997,0.6385,True,0.295,0.295,0.5605,0.5605,-0.21700000000000003,0.07799999999999996,0.0,0.0,0.295
rep0720,0.05,0.047,alg3,0.2,0.0,0.0,0.2,prop_127,1000,2000,-0.05199999999999999,0.21249999999999997,True,0.26449999999999996,0.21249999999999997,0.1235,0.1235,-0.1755,0.08899999999999997,0.0,0.0,0.26449999999999996
rep0721,0.82,0.818,alg3,0.2,0.0,0.0,0.2,prop_127,1000,2000,0.8370000000000001,1.085,False,0.2479999999999999,0.16299999999999992,1.0,1.0,-0.16299999999999992,0.08500000000000002,0.0,0.0,0.24799999999999994
rep0722,0.21,0.214,alg3,0.2,0.0,0.0,0.2,prop_127,1000,2000,0.172,0.42600000000000005,True,0.25400000000000006,0.25400000000000006,0.3225,0.3225,-0.15050000000000002,0.10350000000000004,0.0,0.0,0.25400000000000006
rep0723,0.49,0.488,alg3,0.2,0.0,0.0,0.2,prop_127,1000,2000,0.3525,0.628,True,0.2755,0.2755,0.5525,0.5525,-0.2,0.07550000000000001,0.0,0.0,0.2755
rep0724,0.46,0.457,alg3,0.2,0.0,0.0,0.2,prop_127,1000,2000,0.3045,0.5599999999999999,True,0.25549999999999995,0.25549999999999995,0.479,0.479,-0.1745,0.08099999999999996,0.0,0.0,0.25549999999999995
rep0725,0.16,0.157,alg3,0.2,0.0,0.0,0.2,prop_127,1000,2000,-0.0050000000000000044,0.258,True,0.263,0.258,0.1765,0.1765,-0.1815,0.08150000000000002,0.0,0.0,0.263
rep0726,0.76,0.76,alg3,0.2,0.0,0.0,0.2,prop_127,1000,2000,0.527,0.811,True,0.28400000000000003,0.28400000000000003,0.7085,0.7085,-0.1815,0.10250000000000004,0.0,0.0,0.28400000000000003
rep0727,0.34,0.342,alg3,0.2,0.0,0.0,0.2,prop_127,1000,2000,0.2445,0.5189999999999999,True,0.2744999999999999,0.2744999999999999,0.408,0.408,-0.16349999999999998,0.11099999999999999,0.0,0.0,0.27449999999999997
rep0728,0.20,0.195,alg3,0.2,0.0,0.0,0.2,prop_127,1000,2000,0.24350000000000005,0.5275,False,0.2839999999999999,0.2839999999999999,0.4305,0.4305,-0.18699999999999994,0.09699999999999998,0.0,0.0,0.2839999999999999
rep0729,0.30,0.3,alg3,0.2,0.0,0.0,0.2,prop_127,1000,2000,0.022499999999999992,0.28600000000000003,False,0.26350000000000007,0.26350000000000007,0.2095,0.2095,-0.187,0.07650000000000001,0.0,0.0,0.2635
rep0730,0.46,0.46,alg3,0.2,0.0,0.0,0.2,prop_127,1000,2000,0.279,0.5185,True,0.23949999999999994,0.23949999999999994,0.45,0.45,-0.17099999999999999,0.06849999999999995,0.0,0.0,0.23949999999999994
rep0731,0.71,0.712,alg3,0.2,0.0,0.0,0.2,prop_127,1000,2000,0.5379999999999999,0.7899999999999999,True,0.252,0.252,0.691,0.691,-0.15300000000000002,0.09899999999999998,0.0,0.0,0.252
rep0732,0.56,0.558,alg3,0.2,0.0,0.0,0.2,prop_127,1000,2000,0.398,0.661,True,0.263,0.263,0.5835,0.5835,-0.1855,0.0775,0.0,0.0,0.263
rep0733,0.97,0.973,alg3,0.2,0.0,0.0,0.2,prop_127,1000,2000,0.813,1.119,True,0.30600000000000005,0.18700000000000006,1.0,1.0,-0.187,0.11900000000000001,0.0,0.0,0.306
rep0734,0.48,0.485,alg3,0.2,0.0,0.0,0.2,prop_127,1000,2000,0.2914999999999999,0.569,True,0.2775,0.2775,0.4825,0.4825,-0.19100000000000006,0.08650000000000002,0.0,0.0,0.2775000000000001
rep0735,0.79,0.786,alg3,0.2,0.0,0.0,0.2,prop_127,1000,2000,0.498,0.7575,False,0.25949999999999995,0.25949999999999995,0.6705,0.6705,-0.1725,0.08699999999999997,0.0,0.0,0.25949999999999995
rep0736,0.22,0.217,alg3,0.2,0.0,0.0,0.2,prop_127,1000,2000,-0.004499999999999976,0.23799999999999996,True,0.24249999999999994,0.23799999999999996,0.16,0.16,-0.16449999999999998,0.07799999999999996,0.0,0.0,0.24249999999999994
rep0737,0.32,0.32,alg3,0.2,0.0,0.0,0.2,prop_127,1000,2000,0.27249999999999996,0.49250000000000005,True,0.22000000000000008,0.22000000000000008,0.4345,0.4345,-0.16200000000000003,0.05800000000000005,0.0,0.0,0.22000000000000008
rep0738,0.50,0.499,alg3,0.2,0.0,0.0,0.2,prop_127,1000,2000,0.4095,0.6815,True,0.272,0.272,0.596,0.596,-0.1865,0.08549999999999996,0.0,0.0,0.27199999999999996
rep0739,0.06,0.055,alg3,0.2,0.0,0.0,0.2,prop_127,1000,2000,-0.010499999999999954,0.27049999999999996,True,0.2809999999999999,0.27049999999999996,0.1815,0.1815,-0.19199999999999995,0.08899999999999997,0.0,0.0,0.2809999999999999
rep0740,0.75,0.754,alg3,0.2,0.0,0.0,0.2,prop_127,1000,2000,0.721,0.9724999999999999,True,0.25149999999999995,0.25149999999999995,0.8755,0.8755,-0.15449999999999997,0.09700000000000003,0.0,0.0,0.2515
rep0741,0.32,0.323,alg3,0.2,0.0,0.0,0.2,prop_127,1000,2000,0.07600000000000007,0.3305,True,0.25449999999999995,0.25449999999999995,0.258,0.258,-0.18199999999999994,0.07250000000000001,0.0,0.0,0.25449999999999995
rep0742,0.16,0.162,alg3,0.2,0.0,0.0,0.2,prop_127,1000,2000,0.10599999999999998,0.3255,True,0.21950000000000003,0.21950000000000003,0.289,0.289,-0.183,0.03650000000000003,0.0,0.0,0.21950000000000003
rep0743,0.30,0.3,alg3,0.2,0.0,0.0,0.2,prop_127,1000,2000,0.01100000000000001,0.27699999999999997,False,0.26599999999999996,0.26599999999999996,0.197,0.197,-0.186,0.07999999999999996,0.0,0.0,0.26599999999999996
rep0744,0.79,0.791,alg3,0.2,0.0,0.0,0.2,prop_127,1000,2000,0.632,0.889,True,0.257,0.257,0.7985,0.7985,-0.16649999999999998,0.0905,0.0,0.0,0.257
rep0745,0.30,0.304,alg3,0.2,0.0,0.0,0.2,prop_127,1000,2000,0.25100000000000006,0.4915,True,0.24049999999999994,0.24049999999999994,0.425,0.425,-0.17399999999999993,0.0665,0.0,0.0,0.24049999999999994
rep0746,0.86,0.862,alg3,0.2,0.0,0.0,0.2,prop_127,1000,2000,0.696,0.9435,True,0.24750000000000005,0.24750000000000005,0.8905,0.8905,-0.19449999999999995,0.05300000000000005,0.0,0.0,0.2475
rep0747,0.78,0.775,alg3,0.2,0.0,0.0,0.2,prop_127,1000,2000,0.7539999999999999,1.014,True,0.2600000000000001,0.2460000000000001,0.944,0.944,-0.19000000000000006,0.07,0.0,0.0,0.26000000000000006
rep0748,0.48,0.483,alg3,0.2,0.0,0.0,0.2,prop_127,1000,2000,0.31249999999999994,0.5985,True,0.2860000000000001,0.2860000000000001,0.4775,0.4775,-0.16500000000000004,0.121,0.0,0.0,0.28600000000000003
rep0749,0.02,0.018,alg3,0.2,0.0,0.0,0.2,prop_127,1000,2000,-0.059999999999999956,0.127,True,0.18699999999999994,0.127,0.0845,0.0845,-0.14449999999999996,0.04249999999999998,0.0,0.0,0.18699999999999994
rep0750,0.39,0.388,alg3,0.2,0.0,0.0,0.2,prop_127,1000,2000,0.34099999999999997,0.5680000000000001,True,0.2270000000000001,0.2270000000000001,0.5215,0.5215,-0.1805,0.04650000000000004,0.0,0.0,0.22700000000000004
rep0751,0.33,0.334,alg3,0.2,0.0,0.0,0.2,prop_127,1000,2000,0.20049999999999996,0.47550000000000003,True,0.2750000000000001,0.2750000000000001,0.3825,0.3825,-0.18200000000000005,0.093,0.0,0.0,0.275
rep0752,0.69,0.687,alg3,0.2,0.0,0.0,0.2,prop_127,1000,2000,0.6,0.831,True,0.23099999999999998,0.23099999999999998,0.768,0.768,-0.16800000000000004,0.06299999999999994,0.0,0.0,0.23099999999999998
rep0753,0.47,0.47,alg3,0.2,0.0,0.0,0.2,prop_127,1000,2000,0.23199999999999998,0.4985,True,0.2665,0.2665,0.416,0.416,-0.184,0.08250000000000002,0.0,0.0,0.2665
rep0754,0.36,0.358,alg3,0.2,0.0,0.0,0.2,prop_127,1000,2000,0.07750000000000001,0.32300000000000006,False,0.24550000000000005,0.24550000000000005,0.259,0.259,-0.1815,0.06400000000000006,0.0,0.0,0.24550000000000005
rep0755,0.31,0.308,alg3,0.2,0.0,0.0,0.2,prop_127,1000,2000,0.24100000000000005,0.5089999999999999,True,0.26799999999999985,0.26799999999999985,0.432,0.432,-0.19099999999999995,0.07699999999999996,0.0,0.0,0.2679999999999999
rep0756,0.39,0.39,alg3,0.2,0.0,0.0,0.2,prop_127,1000,2000,0.11250000000000004,0.361,False,0.24849999999999994,0.24849999999999994,0.2985,0.2985,-0.18599999999999994,0.0625,0.0,0.0,0.24849999999999994
rep0757,0.92,0.922,alg3,0.2,0.0,0.0,0.2,prop_127,1000,2000,0.6255000000000001,0.9369999999999999,True,0.3114999999999999,0.3114999999999999,0.842,0.842,-0.21649999999999991,0.095,0.0,0.0,0.3114999999999999
rep0758,0.74,0.742,alg3,0.2,0.0,0.0,0.2,prop_127,1000,2000,0.4155000000000001,0.6695,False,0.2539999999999999,0.2539999999999999,0.5845,0.5845,-0.16899999999999993,0.08499999999999996,0.0,0.0,0.2539999999999999
rep0759,0.35,0.352,alg3,0.2,0.0,0.0,0.2,prop_127,1000,2000,0.1885,0.457,True,0.2685,0.2685,0.396,0.396,-0.20750000000000002,0.061,0.0,0.0,0.2685
rep0760,0.62,0.621,alg3,0.2,0.0,0.0,0.2,prop_127,1000,2000,0.607,0.8839999999999999,True,0.2769999999999999,0.2769999999999999,0.7945,0.7945,-0.1875,0.08949999999999997,0.0,0.0,0.27699999999999997
rep0761,0.20,0.205,alg3,0.2,0.0,0.0,0.2,prop_127,1000,2000,0.25049999999999994,0.5125,False,0.262,0.262,0.434,0.434,-0.18350000000000005,0.07849999999999996,0.0,0.0,0.262
rep0762,0.56,0.561,alg3,0.2,0.0,0.0,0.2,prop_127,1000,2000,0.423,0.6769999999999999,True,0.25399999999999995,0.25399999999999995,0.584,0.584,-0.16099999999999998,0.09300000000000001,0.0,0.0,0.254
rep0763,0.17,0.169,alg3,0.2,0.0,0.0,0.2,prop_127,1000,2000,0.12000000000000002,0.351,True,0.23099999999999996,0.23099999999999996,0.277,0.277,-0.157,0.07399999999999995,0.0,0.0,0.23099999999999996
rep0764,0.78,0.778,alg3,0.2,0.0,0.0,0.2,prop_127,1000,2000,0.684,0.9245,True,0.24049999999999994,0.24049999999999994,0.8545,0.8545,-0.17049999999999998,0.06999999999999995,0.0,0.0,0.24049999999999994
rep0765,0.03,0.028,alg3,0.2,0.0,0.0,0.2,prop_127,1000,2000,-0.1805,0.0824999999999999,True,0.2629999999999999,0.0824999999999999,0.0,0.0,-0.1805,0.0824999999999999,0.0,0.0,0.2629999999999999
rep0766,0.40,0.395,alg3,0.2,0.0,0.0,0.2,prop_127,1000,2000,0.23199999999999993,0.5049999999999999,True,0.27299999999999996,0.27299999999999996,0.413,0.413,-0.18100000000000005,0.09199999999999997,0.0,0.0,0.273
rep0767,0.60,0.602,alg3,0.2,0.0,0.0,0.2,prop_127,1000,2000,0.43500000000000005,0.711,True,0.2759999999999999,0.2759999999999999,0.626,0.626,-0.19099999999999995,0.08499999999999999,0.0,0.0,0.2759999999999999
rep0768,0.63,0.626,alg3,0.2,0.0,0.0,0.2,prop_127,1000,2000,0.5785,0.793,True,0.21450000000000002,0.21450000000000002,0.7375,0.7375,-0.15900000000000003,0.055499999999999994,0.0,0.0,0.21450000000000002
rep0769,0.38,0.384,alg3,0.2,0.0,0.0,0.2,prop_127,1000,2000,0.21400000000000002,0.47650000000000003,True,0.2625,0.2625,0.38,0.38,-0.16599999999999998,0.09650000000000003,0.0,0.0,0.2625
rep0770,0.75,0.753,alg3,0.2,0.0,0.0,0.2,prop_127,1000,2000,0.633,0.8959999999999999,True,0.2629999999999999,0.2629999999999999,0.825,0.825,-0.19199999999999995,0.07099999999999995,0.0,0.0,0.2629999999999999
rep0771,0.55,0.552,alg3,0.2,0.0,0.0,0.2,prop_127,1000,2000,0.49400000000000005,0.718,True,0.22399999999999992,0.22399999999999992,0.636,0.636,-0.14199999999999996,0.08200000000000002,0.0,0.0,0.22399999999999998
rep0772,0.51,0.513,alg3,0.2,0.0,0.0,0.2,prop_127,1000,2000,0.21500000000000002,0.4895,False,0.27449999999999997,0.27449999999999997,0.4025,0.4025,-0.1875,0.08699999999999997,0.0,0.0,0.27449999999999997
rep0773,0.95,0.95,alg3,0.2,0.0,0.0,0.2,prop_127,1000,2000,0.8115,1.088,True,0.2765000000000001,0.1885,1.0,1.0,-0.1885,0.08800000000000002,0.0,0.0,0.2765
rep0774,0.31,0.309,alg3,0.2,0.0,0.0,0.2,prop_127,1000,2000,0.22600000000000003,0.46049999999999996,True,0.23449999999999993,0.23449999999999993,0.414,0.414,-0.18799999999999994,0.046499999999999986,0.0,0.0,0.23449999999999993
rep0775,0.44,0.443,alg3,0.2,0.0,0.0,0.2,prop_127,1000,2000,0.37950000000000006,0.6104999999999999,True,0.23099999999999987,0.23099999999999987,0.5215,0.5215,-0.1419999999999999,0.089,0.0,0.0,0.2309999999999999
rep0776,0.15,0.155,alg3,0.2,0.0,0.0,0.2,prop_127,1000,2000,-0.008000000000000035,0.273,True,0.281,0.273,0.162,0.162,-0.17000000000000004,0.11099999999999999,0.0,0.0,0.281
rep0777,0.66,0.659,alg3,0.2,0.0,0.0,0.2,prop_127,1000,2000,0.37750000000000006,0.6445000000000001,False,0.267,0.267,0.553,0.553,-0.1755,0.0915,0.0,0.0,0.267
rep0778,0.21,0.214,alg3,0.2,0.0,0.0,0.2,prop_127,1000,2000,0.2300000000000001,0.4945,False,0.2644999999999999,0.2644999999999999,0.385,0.385,-0.15499999999999992,0.10949999999999999,0.0,0.0,0.2644999999999999
rep0779,0.28,0.279,alg3,0.2,0.0,0.0,0.2,prop_127,1000,2000,0.2575,0.4935,True,0.236,0.236,0.42,0.42,-0.16249999999999998,0.07350000000000001,0.0,0.0,0.236
rep0780,0.54,0.543,alg3,0.2,0.0,0.0,0.2,prop_127,1000,2000,0.45300000000000007,0.6839999999999999,True,0.23099999999999987,0.23099999999999987,0.625,0.625,-0.17199999999999993,0.05899999999999994,0.0,0.0,0.23099999999999987
rep0781,0.75,0.746,alg3,0.2,0.0,0.0,0.2,prop_127,1000,2000,0.5309999999999999,0.7675,True,0.23650000000000004,0.23650000000000004,0.716,0.716,-0.18500000000000005,0.05149999999999999,0.0,0.0,0.23650000000000004
rep0782,0.83,0.829,alg3,0.2,0.0,0.0,0.2,prop_127,1000,2000,0.6975,0.977,True,0.27949999999999997,0.27949999999999997,0.8905,0.8905,-0.193,0.08650000000000002,0.0,0.0,0.2795
rep0783,0.35,0.354,alg3,0.2,0.0,0.0,0.2,prop_127,1000,2000,0.134,0.39199999999999996,True,0.25799999999999995,0.25799999999999995,0.313,0.313,-0.179,0.07899999999999996,0.0,0.0,0.25799999999999995
rep0784,0.11,0.111,alg3,0.2,0.0,0.0,0.2,prop_127,1000,2000,-0.05600000000000002,0.19849999999999998,True,0.2545,0.19849999999999998,0.0965,0.0965,-0.15250000000000002,0.10199999999999998,0.0,0.0,0.2545
rep0785,0.50,0.503,alg3,0.2,0.0,0.0,0.2,prop_127,1000,2000,0.45999999999999996,0.706,True,0.246,0.246,0.616,0.616,-0.15600000000000003,0.09,0.0,0.0,0.24600000000000002
rep0786,0.06,0.058,alg3,0.2,0.0,0.0,0.2,prop_127,1000,2000,-0.08499999999999999,0.18249999999999997,True,0.26749999999999996,0.18249999999999997,0.1015,0.1015,-0.1865,0.08099999999999996,0.0,0.0,0.26749999999999996
rep0787,0.82,0.823,alg3,0.2,0.0,0.0,0.2,prop_127,1000,2000,0.6140000000000001,0.9015,True,0.28749999999999987,0.28749999999999987,0.8245,0.8245,-0.21049999999999996,0.07699999999999996,0.0,0.0,0.2874999999999999
rep0788,0.32,0.317,alg3,0.2,0.0,0.0,0.2,prop_127,1000,2000,0.046499999999999986,0.2779999999999999,False,0.23149999999999993,0.23149999999999993,0.206,0.206,-0.1595,0.07199999999999995,0.0,0.0,0.23149999999999996
rep0789,0.49,0.49,alg3,0.2,0.0,0.0,0.2,prop_127,1000,2000,0.492,0.755,False,0.263,0.263,0.675,0.675,-0.18300000000000005,0.07999999999999996,0.0,0.0,0.263
rep0790,0.52,0.523,alg3,0.2,0.0,0.0,0.2,prop_127,1000,2000,0.322,0.586,True,0.26399999999999996,0.26399999999999996,0.4855,0.4855,-0.16349999999999998,0.10049999999999999,0.0,0.0,0.26399999999999996
rep0791,0.71,0.712,alg3,0.2,0.0,0.0,0.2,prop_127,1000,2000,0.5415,0.8035,True,0.262,0.262,0.6915,0.6915,-0.15000000000000002,0.11199999999999999,0.0,0.0,0.262
rep0792,0.14,0.137,alg3,0.2,0.0,0.0,0.2,prop_127,1000,2000,-0.044499999999999956,0.24000000000000002,True,0.2845,0.24000000000000002,0.1565,0.1565,-0.20099999999999996,0.08350000000000002,0.0,0.0,0.2845
rep0793,0.67,0.671,alg3,0.2,0.0,0.0,0.2,prop_127,1000,2000,0.43300000000000005,0.6990000000000001,True,0.266,0.266,0.629,0.629,-0.19599999999999995,0.07,0.0,0.0,0.26599999999999996
rep0794,0.41,0.409,alg3,0.2,0.0,0.0,0.2,prop_127,1000,2000,0.349,0.596,True,0.247,0.247,0.5215,0.5215,-0.1725,0.07450000000000001,0.0,0.0,0.247
rep0795,0.70,0.7,alg3,0.2,0.0,0.0,0.2,prop_127,1000,2000,0.45199999999999996,0.6935,False,0.24150000000000005,0.24150000000000005,0.6365,0.6365,-0.1845,0.05700000000000005,0.0,0.0,0.24150000000000005
rep0796,0.53,0.531,alg3,0.2,0.0,0.0,0.2,prop_127,1000,2000,0.351,0.601,True,0.25,0.25,0.5525,0.5525,-0.2015,0.04849999999999999,0.0,0.0,0.25
rep0797,0.84,0.844,alg3,0.2,0.0,0.0,0.2,prop_127,1000,2000,0.7915,1.0310000000000001,True,0.23950000000000016,0.20850000000000002,0.944,0.944,-0.15249999999999997,0.08700000000000008,0.0,0.0,0.23950000000000005
rep0798,0.88,0.878,alg3,0.2,0.0,0.0,0.2,prop_127,1000,2000,0.7894999999999999,1.0535,True,0.26400000000000023,0.21050000000000013,0.97,0.97,-0.1805000000000001,0.08350000000000002,0.0,0.0,0.2640000000000001
rep0799,0.44,0.442,alg3,0.2,0.0,0.0,0.2,prop_127,1000,2000,0.30950000000000005,0.5315000000000001,True,0.22200000000000003,0.22200000000000003,0.465,0.465,-0.15549999999999997,0.0665,0.0,0.0,0.22199999999999998
rep0800,0.17,0.169,alg3,0.2,0.0,0.0,0.2,prop_127,1000,2000,0.07450000000000001,0.3284999999999999,True,0.2539999999999999,0.2539999999999999,0.247,0.247,-0.1725,0.0814999999999999,0.0,0.0,0.2539999999999999
rep0801,0.40,0.401,alg3,0.2,0.0,0.0,0.2,prop_127,1000,2000,0.28049999999999997,0.5045,True,0.22399999999999998,0.22399999999999998,0.43,0.43,-0.14950000000000002,0.07450000000000001,0.0,0.0,0.22400000000000003
rep0802,0.21,0.21,alg3,0.2,0.0,0.0,0.2,prop_127,1000,2000,0.01849999999999999,0.24799999999999997,True,0.22949999999999998,0.22949999999999998,0.167,0.167,-0.14850000000000002,0.08099999999999996,0.0,0.0,0.22949999999999998
rep0803,0.80,0.799,alg3,0.2,0.0,0.0,0.2,prop_127,1000,2000,0.643,0.8455,True,0.2025,0.2025,0.8015,0.8015,-0.15849999999999997,0.044000000000000004,0.0,0.0,0.20249999999999999
rep0804,0.76,0.764,alg3,0.2,0.0,0.0,0.2,prop_127,1000,2000,0.6395,0.9209999999999999,True,0.2815,0.2815,0.827,0.827,-0.18749999999999994,0.094,0.0,0.0,0.2815
rep0805,0.86,0.862,alg3,0.2,0.0,0.0,0.2,prop_127,1000,2000,0.6584999999999999,0.9555,True,0.29700000000000015,0.29700000000000015,0.857,0.857,-0.19850000000000007,0.09850000000000003,0.0,0.0,0.2970000000000001
rep0806,0.12,0.116,alg3,0.2,0.0,0.0,0.2,prop_127,1000,2000,-0.03300000000000003,0.2255,True,0.25850000000000006,0.2255,0.142,0.142,-0.17500000000000002,0.08350000000000002,0.0,0.0,0.25850000000000006
rep0807,0.22,0.222,alg3,0.2,0.0,0.0,0.2,prop_127,1000,2000,0.009999999999999981,0.23200000000000007,True,0.2220000000000001,0.2220000000000001,0.167,0.167,-0.15700000000000003,0.06500000000000006,0.0,0.0,0.2220000000000001
rep0808,0.30,0.3,alg3,0.2,0.0,0.0,0.2,prop_127,1000,2000,0.20199999999999996,0.4365,True,0.23450000000000004,0.23450000000000004,0.36,0.36,-0.15800000000000003,0.07650000000000001,0.0,0.0,0.23450000000000004
rep0809,0.49,0.487,alg3,0.2,0.0,0.0,0.2,prop_127,1000,2000,0.19499999999999995,0.455,False,0.26000000000000006,0.26000000000000006,0.3695,0.3695,-0.17450000000000004,0.08550000000000002,0.0,0.0,0.26000000000000006
rep0810,0.14,0.136,alg3,0.2,0.0,0.0,0.2,prop_127,1000,2000,-0.02049999999999999,0.26050000000000006,True,0.281,0.26050000000000006,0.171,0.171,-0.1915,0.08950000000000002,0.0,0.0,0.281
rep0811,0.34,0.335,alg3,0.2,0.0,0.0,0.2,prop_127,1000,2000,0.18550000000000005,0.4605,True,0.27499999999999997,0.27499999999999997,0.386,0.386,-0.20049999999999996,0.07450000000000001,0.0,0.0,0.27499999999999997
rep0812,0.17,0.174,alg3,0.2,0.0,0.0,0.2,prop_127,1000,2000,0.012999999999999928,0.252,True,0.23900000000000007,0.23900000000000007,0.1715,0.1715,-0.15850000000000009,0.08050000000000002,0.0,0.0,0.2390000000000001
rep0813,0.76,0.757,alg3,0.2,0.0,0.0,0.2,prop_127,1000,2000,0.743,1.01,True,0.267,0.257,0.9025,0.9025,-0.15949999999999998,0.10750000000000001,0.0,0.0,0.267
rep0814,0.55,0.548,alg3,0.2,0.0,0.0,0.2,prop_127,1000,2000,0.38249999999999995,0.6615,True,0.279,0.279,0.567,0.567,-0.1845,0.09449999999999997,0.0,0.0,0.27899999999999997
rep0815,0.46,0.457,alg3,0.2,0.0,0.0,0.2,prop_127,1000,2000,0.334,0.617,True,0.283,0.283,0.527,0.527,-0.193,0.09000000000000002,0.0,0.0,0.28300000000000003
rep0816,0.75,0.754,alg3,0.2,0.0,0.0,0.2,prop_127,1000,2000,0.801,1.076,False,0.275,0.19899999999999995,1.0,1.0,-0.19899999999999995,0.076,0.0,0.0,0.27499999999999997
rep0817,0.27,0.27,alg3,0.2,0.0,0.0,0.2,prop_127,1000,2000,0.1635,0.4605,True,0.29700000000000004,0.29700000000000004,0.3815,0.3815,-0.218,0.07899999999999999,0.0,0.0,0.297
rep0818,0.67,0.671,alg3,0.2,0.0,0.0,0.2,prop_127,1000,2000,0.7430000000000001,0.9805,False,0.23749999999999993,0.23749999999999993,0.898,0.898,-0.15499999999999992,0.08250000000000002,0.0,0.0,0.23749999999999993
rep0819,0.34,0.339,alg3,0.2,0.0,0.0,0.2,prop_127,1000,2000,0.22349999999999992,0.508,True,0.2845000000000001,0.2845000000000001,0.4235,0.4235,-0.20000000000000007,0.08450000000000002,0.0,0.0,0.2845000000000001
rep0820,0.87,0.867,alg3,0.2,0.0,0.0,0.2,prop_127,1000,2000,0.69,0.9615,True,0.2715000000000001,0.2715000000000001,0.9,0.9,-0.21000000000000008,0.0615,0.0,0.0,0.2715000000000001
rep0821,0.29,0.287,alg3,0.2,0.0,0.0,0.2,prop_127,1000,2000,0.181,0.46349999999999997,True,0.2825,0.2825,0.3445,0.3445,-0.16349999999999998,0.119,0.0,0.0,0.2825
rep0822,0.26,0.258,alg3,0.2,0.0,0.0,0.2,prop_127,1000,2000,0.15499999999999997,0.40549999999999997,True,0.2505,0.2505,0.344,0.344,-0.189,0.0615,0.0,0.0,0.2505
rep0823,0.07,0.068,alg3,0.2,0.0,0.0,0.2,prop_127,1000,2000,-0.09000000000000001,0.189,True,0.279,0.189,0.1125,0.1125,-0.2025,0.07650000000000001,0.0,0.0,0.279
rep0824,0.61,0.606,alg3,0.2,0.0,0.0,0.2,prop_127,1000,2000,0.37150000000000005,0.6495,True,0.2779999999999999,0.2779999999999999,0.547,0.547,-0.1755,0.10249999999999998,0.0,0.0,0.27799999999999997
rep0825,0.19,0.187,alg3,0.2,0.0,0.0,0.2,prop_127,1000,2000,0.291,0.5085000000000001,False,0.21750000000000008,0.21750000000000008,0.4485,0.4485,-0.15750000000000003,0.06000000000000005,0.0,0.0,0.21750000000000008
rep0826,0.26,0.257,alg3,0.2,0.0,0.0,0.2,prop_127,1000,2000,0.07399999999999995,0.3155,True,0.24150000000000005,0.24150000000000005,0.243,0.243,-0.16900000000000004,0.07249999999999998,0.0,0.0,0.24150000000000002
rep0827,0.85,0.853,alg3,0.2,0.0,0.0,0.2,prop_127,1000,2000,0.824,1.0514999999999999,True,0.22749999999999992,0.17600000000000005,0.989,0.989,-0.165,0.0625,0.0,0.0,0.2275
rep0828,0.58,0.584,alg3,0.2,0.0,0.0,0.2,prop_127,1000,2000,0.45799999999999996,0.7369999999999999,True,0.2789999999999999,0.2789999999999999,0.6385,0.6385,-0.1805,0.09849999999999998,0.0,0.0,0.27899999999999997
rep0829,0.74,0.738,alg3,0.2,0.0,0.0,0.2,prop_127,1000,2000,0.4555,0.725,False,0.26949999999999996,0.26949999999999996,0.6505,0.6505,-0.19499999999999995,0.07449999999999998,0.0,0.0,0.26949999999999996
rep0830,0.25,0.248,alg3,0.2,0.0,0.0,0.2,prop_127,1000,2000,0.09100000000000003,0.3325,True,0.2415,0.2415,0.234,0.234,-0.143,0.09850000000000003,0.0,0.0,0.24150000000000002
rep0831,0.57,0.567,alg3,0.2,0.0,0.0,0.2,prop_127,1000,2000,0.5695,0.825,False,0.25549999999999995,0.25549999999999995,0.738,0.738,-0.16849999999999998,0.08699999999999997,0.0,0.0,0.25549999999999995
rep0832,0.67,0.665,alg3,0.2,0.0,0.0,0.2,prop_127,1000,2000,0.5265,0.772,True,0.24550000000000005,0.24550000000000005,0.706,0.706,-0.17949999999999994,0.066,0.0,0.0,0.24549999999999994
rep0833,0.25,0.253,alg3,0.2,0.0,0.0,0.2,prop_127,1000,2000,0.0885,0.36050000000000004,True,0.272,0.272,0.2765,0.2765,-0.18800000000000003,0.08400000000000002,0.0,0.0,0.272
rep0834,0.31,0.307,alg3,0.2,0.0,0.0,0.2,prop_127,1000,2000,0.14800000000000008,0.404,True,0.25599999999999995,0.25599999999999995,0.31,0.31,-0.16199999999999992,0.09400000000000003,0.0,0.0,0.25599999999999995
rep0835,0.70,0.705,alg3,0.2,0.0,0.0,0.2,prop_127,1000,2000,0.4665,0.7050000000000001,True,0.23850000000000005,0.23850000000000005,0.649,0.649,-0.18249999999999997,0.055999999999999994,0.0,0.0,0.23849999999999996
rep0836,0.04,0.04,alg3,0.2,0.0,0.0,0.2,prop_127,1000,2000,0.018000000000000016,0.2809999999999999,True,0.2629999999999999,0.2629999999999999,0.1845,0.1845,-0.16649999999999998,0.09649999999999992,0.0,0.0,0.2629999999999999
rep0837,0.80,0.804,alg3,0.2,0.0,0.0,0.2,prop_127,1000,2000,0.6444999999999999,0.9039999999999999,True,0.25950000000000006,0.25950000000000006,0.821,0.821,-0.17650000000000005,0.08299999999999996,0.0,0.0,0.2595
rep0838,0.18,0.183,alg3,0.2,0.0,0.0,0.2,prop_127,1000,2000,0.07550000000000007,0.34700000000000003,True,0.27149999999999996,0.27149999999999996,0.2785,0.2785,-0.20299999999999996,0.0685,0.0,0.0,0.27149999999999996
rep0839,0.21,0.214,alg3,0.2,0.0,0.0,0.2,prop_127,1000,2000,0.0030000000000000304,0.28049999999999997,True,0.27749999999999997,0.27749999999999997,0.211,0.211,-0.20799999999999996,0.0695,0.0,0.0,0.27749999999999997
rep0840,0.77,0.766,alg3,0.2,0.0,0.0,0.2,prop_127,1000,2000,0.5545,0.8035,True,0.249,0.249,0.719,0.719,-0.16449999999999998,0.08450000000000002,0.0,0.0,0.249
rep0841,0.38,0.381,alg3,0.2,0.0,0.0,0.2,prop_127,1000,2000,0.3345,0.5765,True,0.242,0.242,0.516,0.516,-0.1815,0.0605,0.0,0.0,0.242
rep0842,0.77,0.769,alg3,0.2,0.0,0.0,0.2,prop_127,1000,2000,0.5855,0.8415,True,0.256,0.256,0.758,0.758,-0.17250000000000001,0.08350000000000002,0.0,0.0,0.256
rep0843,0.62,0.618,alg3,0.2,0.0,0.0,0.2,prop_127,1000,2000,0.49200000000000005,0.759,True,0.26699999999999996,0.26699999999999996,0.684,0.684,-0.192,0.07499999999999996,0.0,0.0,0.26699999999999996
rep0844,0.80,0.797,alg3,0.2,0.0,0.0,0.2,prop_127,1000,2000,0.6869999999999999,0.9875,True,0.3005000000000001,0.3005000000000001,0.887,0.887,-0.20000000000000007,0.10049999999999998,0.0,0.0,0.30050000000000004
rep0845,0.52,0.522,alg3,0.2,0.0,0.0,0.2,prop_127,1000,2000,0.4075,0.647,True,0.23950000000000005,0.23950000000000005,0.59,0.59,-0.18250000000000002,0.05700000000000005,0.0,0.0,0.23950000000000007
rep0846,0.46,0.455,alg3,0.2,0.0,0.0,0.2,prop_127,1000,2000,0.33299999999999996,0.5824999999999999,True,0.24949999999999994,0.24949999999999994,0.5115,0.5115,-0.1785,0.07099999999999995,0.0,0.0,0.24949999999999994
rep0847,0.68,0.675,alg3,0.2,0.0,0.0,0.2,prop_127,1000,2000,0.40900000000000003,0.6835,True,0.27449999999999997,0.27449999999999997,0.5995,0.5995,-0.1905,0.08400000000000002,0.0,0.0,0.2745
rep0848,0.55,0.55,alg3,0.2,0.0,0.0,0.2,prop_127,1000,2000,0.42250000000000004,0.6849999999999999,True,0.2624999999999999,0.2624999999999999,0.609,0.609,-0.18649999999999994,0.07599999999999998,0.0,0.0,0.26249999999999996
rep0849,0.47,0.471,alg3,0.2,0.0,0.0,0.2,prop_127,1000,2000,0.36650000000000005,0.6040000000000001,True,0.23750000000000004,0.23750000000000004,0.537,0.537,-0.17049999999999998,0.06700000000000006,0.0,0.0,0.23750000000000004
rep0850,0.33,0.329,alg3,0.2,0.0,0.0,0.2,prop_127,1000,2000,0.08600000000000002,0.3494999999999999,True,0.2634999999999999,0.2634999999999999,0.274,0.274,-0.188,0.0754999999999999,0.0,0.0,0.2634999999999999
rep0851,0.56,0.556,alg3,0.2,0.0,0.0,0.2,prop_127,1000,2000,0.3114999999999999,0.5934999999999999,True,0.28200000000000003,0.28200000000000003,0.5025,0.5025,-0.19100000000000006,0.091,0.0,0.0,0.28200000000000003
rep0852,0.25,0.252,alg3,0.2,0.0,0.0,0.2,prop_127,1000,2000,0.11349999999999999,0.33999999999999997,True,0.22649999999999998,0.22649999999999998,0.258,0.258,-0.14450000000000002,0.08199999999999996,0.0,0.0,0.22649999999999998
rep0853,0.75,0.751,alg3,0.2,0.0,0.0,0.2,prop_127,1000,2000,0.6245,0.878,True,0.25349999999999995,0.25349999999999995,0.7985,0.7985,-0.17399999999999993,0.07950000000000002,0.0,0.0,0.25349999999999995
rep0854,0.32,0.317,alg3,0.2,0.0,0.0,0.2,prop_127,1000,2000,0.069,0.3595,True,0.2905,0.2905,0.265,0.265,-0.196,0.09449999999999997,0.0,0.0,0.2905
rep0855,0.41,0.411,alg3,0.2,0.0,0.0,0.2,prop_127,1000,2000,0.24149999999999994,0.5015,True,0.26,0.26,0.4225,0.4225,-0.18100000000000005,0.07899999999999996,0.0,0.0,0.26
rep0856,0.24,0.239,alg3,0.2,0.0,0.0,0.2,prop_127,1000,2000,0.08100000000000002,0.3605,True,0.27949999999999997,0.27949999999999997,0.2625,0.2625,-0.1815,0.09799999999999998,0.0,0.0,0.27949999999999997
rep0857,0.60,0.604,alg3,0.2,0.0,0.0,0.2,prop_127,1000,2000,0.54,0.8079999999999999,True,0.2679999999999999,0.2679999999999999,0.707,0.707,-0.16699999999999998,0.10099999999999998,0.0,0.0,0.26799999999999996
rep0858,0.52,0.524,alg3,0.2,0.0,0.0,0.2,prop_127,1000,2000,0.506,0.7275,True,0.22150000000000003,0.22150000000000003,0.6575,0.6575,-0.15150000000000002,0.07000000000000006,0.0,0.0,0.22150000000000009
rep0859,0.35,0.35,alg3,0.2,0.0,0.0,0.2,prop_127,1000,2000,0.45499999999999996,0.7424999999999999,False,0.2875,0.2875,0.6305,0.6305,-0.1755,0.11199999999999999,0.0,0.0,0.2875
rep0860,0.26,0.261,alg3,0.2,0.0,0.0,0.2,prop_127,1000,2000,-0.034,0.2135,False,0.2475,0.2135,0.1435,0.1435,-0.1775,0.07,0.0,0.0,0.2475
rep0861,0.70,0.7,alg3,0.2,0.0,0.0,0.2,prop_127,1000,2000,0.248,0.501,False,0.253,0.253,0.4165,0.4165,-0.16849999999999998,0.08450000000000002,0.0,0.0,0.253
rep0862,0.76,0.76,alg3,0.2,0.0,0.0,0.2,prop_127,1000,2000,0.6675,0.9400000000000001,True,0.2725000000000001,0.2725000000000001,0.8585,0.8585,-0.191,0.08149999999999999,0.0,0.0,0.27249999999999996
rep0863,0.16,0.164,alg3,0.2,0.0,0.0,0.2,prop_127,1000,2000,0.1355,0.4025000000000001,True,0.26700000000000007,0.26700000000000007,0.3075,0.3075,-0.172,0.09500000000000008,0.0,0.0,0.26700000000000007
rep0864,0.39,0.392,alg3,0.2,0.0,0.0,0.2,prop_127,1000,2000,0.302,0.6079999999999999,True,0.3059999999999999,0.3059999999999999,0.4985,0.4985,-0.1965,0.10949999999999993,0.0,0.0,0.30599999999999994
rep0865,0.68,0.684,alg3,0.2,0.0,0.0,0.2,prop_127,1000,2000,0.7274999999999999,0.985,False,0.25750000000000006,0.25750000000000006,0.9015,0.9015,-0.17400000000000004,0.08350000000000002,0.0,0.0,0.25750000000000006
rep0866,0.46,0.458,alg3,0.2,0.0,0.0,0.2,prop_127,1000,2000,0.5325,0.766,False,0.23350000000000004,0.23350000000000004,0.6785,0.6785,-0.146,0.08749999999999997,0.0,0.0,0.23349999999999996
rep0867,0.68,0.677,alg3,0.2,0.0,0.0,0.2,prop_127,1000,2000,0.5855,0.863,True,0.27749999999999997,0.27749999999999997,0.76,0.76,-0.1745,0.10300000000000001,0.0,0.0,0.27749999999999997
rep0868,0.27,0.271,alg3,0.2,0.0,0.0,0.2,prop_127,1000,2000,0.184,0.423,True,0.239,0.239,0.3555,0.3555,-0.17149999999999999,0.0675,0.0,0.0,0.239
rep0869,0.25,0.246,alg3,0.2,0.0,0.0,0.2,prop_127,1000,2000,0.11100000000000004,0.3305,True,0.21949999999999997,0.21949999999999997,0.2645,0.2645,-0.15349999999999997,0.066,0.0,0.0,0.21949999999999997
rep0870,0.55,0.546,alg3,0.2,0.0,0.0,0.2,prop_127,1000,2000,0.465,0.7595,True,0.29449999999999993,0.29449999999999993,0.6495,0.6495,-0.18449999999999994,0.11,0.0,0.0,0.29449999999999993
rep0871,0.71,0.711,alg3,0.2,0.0,0.0,0.2,prop_127,1000,2000,0.5640000000000001,0.8575,True,0.2935,0.2935,0.7415,0.7415,-0.1775,0.11599999999999999,0.0,0.0,0.2935
rep0872,0.23,0.234,alg3,0.2,0.0,0.0,0.2,prop_127,1000,2000,0.2715,0.5495000000000001,False,0.2780000000000001,0.2780000000000001,0.463,0.463,-0.1915,0.08650000000000002,0.0,0.0,0.278
rep0873,0.77,0.773,alg3,0.2,0.0,0.0,0.2,prop_127,1000,2000,0.478,0.7384999999999999,False,0.26049999999999995,0.26049999999999995,0.6725,0.6725,-0.1945,0.066,0.0,0.0,0.2605
rep0874,0.15,0.147,alg3,0.2,0.0,0.0,0.2,prop_127,1000,2000,-0.08300000000000005,0.20200000000000004,True,0.2850000000000001,0.20200000000000004,0.1,0.1,-0.18300000000000005,0.10200000000000004,0.0,0.0,0.2850000000000001
rep0875,0.22,0.219,alg3,0.2,0.0,0.0,0.2,prop_127,1000,2000,-0.01999999999999999,0.208,False,0.22799999999999998,0.208,0.142,0.142,-0.16199999999999998,0.066,0.0,0.0,0.22799999999999998
rep0876,0.66,0.663,alg3,0.2,0.0,0.0,0.2,prop_127,1000,2000,0.6239999999999999,0.8664999999999999,True,0.24250000000000005,0.24250000000000005,0.815,0.815,-0.191,0.05149999999999999,0.0,0.0,0.2425
rep0877,0.61,0.607,alg3,0.2,0.0,0.0,0.2,prop_127,1000,2000,0.4624999999999999,0.731,True,0.26850000000000007,0.26850000000000007,0.6345,0.6345,-0.17200000000000001,0.09650000000000003,0.0,0.0,0.26850000000000007
rep0878,0.69,0.687,alg3,0.2,0.0,0.0,0.2,prop_127,1000,2000,0.575,0.8125,True,0.23750000000000004,0.23750000000000004,0.737,0.737,-0.16200000000000003,0.07550000000000001,0.0,0.0,0.23750000000000004
rep0879,0.04,0.04,alg3,0.2,0.0,0.0,0.2,prop_127,1000,2000,-0.18650000000000005,0.0725,True,0.25900000000000006,0.0725,0.003,0.003,-0.18950000000000006,0.06949999999999999,0.0,0.0,0.25900000000000006
rep0880,0.40,0.403,alg3,0.2,0.0,0.0,0.2,prop_127,1000,2000,0.26000000000000006,0.5075000000000001,True,0.2475,0.2475,0.44,0.44,-0.17999999999999994,0.0675,0.0,0.0,0.24749999999999994
rep0881,0.19,0.191,alg3,0.2,0.0,0.0,0.2,prop_127,1000,2000,0.156,0.393,True,0.23700000000000002,0.23700000000000002,0.321,0.321,-0.165,0.07200000000000001,0.0,0.0,0.23700000000000002
rep0882,0.44,0.441,alg3,0.2,0.0,0.0,0.2,prop_127,1000,2000,0.448,0.7424999999999999,False,0.29449999999999993,0.29449999999999993,0.6515,0.6515,-0.20349999999999996,0.09099999999999997,0.0,0.0,0.29449999999999993
rep0883,0.94,0.942,alg3,0.2,0.0,0.0,0.2,prop_127,1000,2000,0.7425,1.0065,True,0.2639999999999999,0.25749999999999995,0.9345,0.9345,-0.19199999999999995,0.07200000000000006,0.0,0.0,0.264
rep0884,0.35,0.347,alg3,0.2,0.0,0.0,0.2,prop_127,1000,2000,0.11249999999999993,0.35800000000000004,True,0.2455000000000001,0.2455000000000001,0.282,0.282,-0.16950000000000004,0.07600000000000007,0.0,0.0,0.2455000000000001
rep0885,0.73,0.732,alg3,0.2,0.0,0.0,0.2,prop_127,1000,2000,0.6475,0.9265,True,0.279,0.279,0.829,0.829,-0.1815,0.09750000000000003,0.0,0.0,0.279
rep0886,0.55,0.547,alg3,0.2,0.0,0.0,0.2,prop_127,1000,2000,0.36950000000000005,0.6345000000000001,True,0.265,0.265,0.5615,0.5615,-0.19199999999999995,0.07300000000000001,0.0,0.0,0.26499999999999996
rep0887,0.35,0.351,alg3,0.2,0.0,0.0,0.2,prop_127,1000,2000,0.1755,0.4115,True,0.236,0.236,0.354,0.354,-0.1785,0.057499999999999996,0.0,0.0,0.236
rep0888,0.17,0.173,alg3,0.2,0.0,0.0,0.2,prop_127,1000,2000,0.032,0.318,True,0.28600000000000003,0.28600000000000003,0.214,0.214,-0.182,0.10400000000000001,0.0,0.0,0.28600000000000003
rep0889,0.26,0.258,alg3,0.2,0.0,0.0,0.2,prop_127,1000,2000,0.23949999999999994,0.5225,True,0.28300000000000003,0.28300000000000003,0.4155,0.4155,-0.17600000000000005,0.107,0.0,0.0,0.28300000000000003
rep0890,0.63,0.632,alg3,0.2,0.0,0.0,0.2,prop_127,1000,2000,0.5765,0.8085,True,0.23199999999999998,0.23199999999999998,0.761,0.761,-0.1845,0.04750000000000004,0.0,0.0,0.23200000000000004
rep0891,0.56,0.56,alg3,0.2,0.0,0.0,0.2,prop_127,1000,2000,0.495,0.7905000000000001,True,0.2955000000000001,0.2955000000000001,0.684,0.684,-0.18900000000000006,0.1065,0.0,0.0,0.29550000000000004
rep0892,0.81,0.813,alg3,0.2,0.0,0.0,0.2,prop_127,1000,2000,0.8115,1.0465,True,0.235,0.1885,0.97,0.97,-0.1585,0.07649999999999996,0.0,0.0,0.23499999999999996
rep0893,0.29,0.29,alg3,0.2,0.0,0.0,0.2,prop_127,1000,2000,0.19549999999999995,0.4445,True,0.24900000000000005,0.24900000000000005,0.3635,0.3635,-0.16800000000000004,0.08100000000000002,0.0,0.0,0.24900000000000005
rep0894,0.25,0.25,alg3,0.2,0.0,0.0,0.2,prop_127,1000,2000,-0.04899999999999996,0.24600000000000002,False,0.295,0.24600000000000002,0.159,0.159,-0.20799999999999996,0.08700000000000002,0.0,0.0,0.295
rep0895,0.54,0.535,alg3,0.2,0.0,0.0,0.2,prop_127,1000,2000,0.4115000000000001,0.642,True,0.23049999999999993,0.23049999999999993,0.5885,0.5885,-0.17699999999999994,0.053500000000000006,0.0,0.0,0.23049999999999993
rep0896,0.42,0.418,alg3,0.2,0.0,0.0,0.2,prop_127,1000,2000,0.13650000000000007,0.4205,True,0.2839999999999999,0.2839999999999999,0.3295,0.3295,-0.19299999999999995,0.09099999999999997,0.0,0.0,0.2839999999999999
rep0897,0.61,0.609,alg3,0.2,0.0,0.0,0.2,prop_127,1000,2000,0.35450000000000004,0.6030000000000001,False,0.24850000000000005,0.24850000000000005,0.534,0.534,-0.1795,0.06900000000000006,0.0,0.0,0.24850000000000005
rep0898,0.42,0.419,alg3,0.2,0.0,0.0,0.2,prop_127,1000,2000,0.28600000000000003,0.5695,True,0.2835,0.2835,0.4915,0.4915,-0.2055,0.07800000000000001,0.0,0.0,0.2835
rep0899,0.62,0.616,alg3,0.2,0.0,0.0,0.2,prop_127,1000,2000,0.37550000000000006,0.6045,False,0.22899999999999998,0.22899999999999998,0.5515,0.5515,-0.17599999999999996,0.05300000000000005,0.0,0.0,0.229
rep0900,0.09,0.091,alg3,0.2,0.0,0.0,0.2,prop_127,1000,2000,-0.09150000000000008,0.2025,True,0.2940000000000001,0.2025,0.1205,0.1205,-0.21200000000000008,0.08200000000000002,0.0,0.0,0.2940000000000001
rep0901,0.23,0.225,alg3,0.2,0.0,0.0,0.2,prop_127,1000,2000,0.1735,0.4404999999999999,True,0.2669999999999999,0.2669999999999999,0.352,0.352,-0.1785,0.08849999999999991,0.0,0.0,0.2669999999999999
rep0902,0.43,0.429,alg3,0.2,0.0,0.0,0.2,prop_127,1000,2000,0.318,0.5640000000000001,True,0.24600000000000005,0.24600000000000005,0.4835,0.4835,-0.16549999999999998,0.08050000000000002,0.0,0.0,0.246
rep0903,0.41,0.406,alg3,0.2,0.0,0.0,0.2,prop_127,1000,2000,0.39449999999999996,0.6815,True,0.28700000000000003,0.28700000000000003,0.5925,0.5925,-0.19800000000000006,0.08899999999999997,0.0,0.0,0.28700000000000003
rep0904,0.76,0.761,alg3,0.2,0.0,0.0,0.2,prop_127,1000,2000,0.6619999999999999,0.9115,True,0.24950000000000006,0.24950000000000006,0.833,0.833,-0.17099999999999999,0.0785,0.0,0.0,0.2495
rep0905,0.49,0.494,alg3,0.2,0.0,0.0,0.2,prop_127,1000,2000,0.653,0.8935000000000001,False,0.24050000000000005,0.24050000000000005,0.796,0.796,-0.14300000000000002,0.09750000000000003,0.0,0.0,0.24050000000000005
rep0906,0.42,0.425,alg3,0.2,0.0,0.0,0.2,prop_127,1000,2000,0.22799999999999998,0.478,True,0.25,0.25,0.4095,0.4095,-0.1815,0.0685,0.0,0.0,0.25
rep0907,0.58,0.579,alg3,0.2,0.0,0.0,0.2,prop_127,1000,2000,0.378,0.639,True,0.261,0.261,0.5375,0.5375,-0.15949999999999998,0.10150000000000003,0.0,0.0,0.261
rep0908,0.46,0.463,alg3,0.2,0.0,0.0,0.2,prop_127,1000,2000,0.553,0.8015000000000001,False,0.24850000000000005,0.24850000000000005,0.7325,0.7325,-0.1795,0.069,0.0,0.0,0.2485
rep0909,0.60,0.597,alg3,0.2,0.0,0.0,0.2,prop_127,1000,2000,0.635,0.8825000000000001,False,0.24750000000000005,0.24750000000000005,0.797,0.797,-0.16200000000000003,0.08549999999999999,0.0,0.0,0.24750000000000003
rep0910,0.23,0.234,alg3,0.2,0.0,0.0,0.2,prop_127,1000,2000,-0.004500000000000004,0.301,True,0.3055,0.301,0.181,0.181,-0.1855,0.12,0.0,0.0,0.3055
rep0911,0.94,0.938,alg3,0.2,0.0,0.0,0.2,prop_127,1000,2000,0.813,1.052,True,0.2390000000000001,0.18700000000000006,0.985,0.985,-0.172,0.067,0.0,0.0,0.239
rep0912,0.36,0.356,alg3,0.2,0.0,0.0,0.2,prop_127,1000,2000,0.18600000000000005,0.468,True,0.282,0.282,0.3905,0.3905,-0.20449999999999996,0.07750000000000001,0.0,0.0,0.282
rep0913,0.80,0.797,alg3,0.2,0.0,0.0,0.2,prop_127,1000,2000,0.755,1.023,True,0.2679999999999999,0.245,0.9135,0.9135,-0.15849999999999997,0.10949999999999999,0.0,0.0,0.26799999999999996
rep0914,0.30,0.303,alg3,0.2,0.0,0.0,0.2,prop_127,1000,2000,0.1815,0.44349999999999995,True,0.26199999999999996,0.26199999999999996,0.3615,0.3615,-0.18,0.08199999999999996,0.0,0.0,0.26199999999999996
rep0915,0.60,0.601,alg3,0.2,0.0,0.0,0.2,prop_127,1000,2000,0.5740000000000001,0.8295,True,0.25549999999999995,0.25549999999999995,0.743,0.743,-0.16899999999999993,0.08650000000000001,0.0,0.0,0.25549999999999995
rep0916,0.55,0.554,alg3,0.2,0.0,0.0,0.2,prop_127,1000,2000,0.401,0.6379999999999999,True,0.23699999999999988,0.23699999999999988,0.603,0.603,-0.20199999999999996,0.034999999999999976,0.0,0.0,0.23699999999999993
rep0917,0.55,0.552,alg3,0.2,0.0,0.0,0.2,prop_127,1000,2000,0.5319999999999999,0.7675000000000001,True,0.23550000000000015,0.23550000000000015,0.7005,0.7005,-0.1685000000000001,0.067,0.0,0.0,0.2355000000000001
rep0918,0.71,0.715,alg3,0.2,0.0,0.0,0.2,prop_127,1000,2000,0.5505,0.808,True,0.25750000000000006,0.25750000000000006,0.734,0.734,-0.18350000000000005,0.07400000000000007,0.0,0.0,0.2575000000000001
rep0919,0.86,0.859,alg3,0.2,0.0,0.0,0.2,prop_127,1000,2000,0.7550000000000001,1.0025,True,0.24749999999999983,0.24499999999999988,0.936,0.936,-0.181,0.0665,0.0,0.0,0.2475
rep0920,0.65,0.647,alg3,0.2,0.0,0.0,0.2,prop_127,1000,2000,0.4735000000000001,0.7110000000000001,True,0.2375,0.2375,0.6205,0.6205,-0.14699999999999996,0.09050000000000008,0.0,0.0,0.23750000000000004
rep0921,0.23,0.231,alg3,0.2,0.0,0.0,0.2,prop_127,1000,2000,0.0345,0.32149999999999995,True,0.2869999999999999,0.2869999999999999,0.192,0.192,-0.1575,0.12949999999999995,0.0,0.0,0.2869999999999999
rep0922,0.72,0.717,alg3,0.2,0.0,0.0,0.2,prop_127,1000,2000,0.25649999999999995,0.502,False,0.24550000000000005,0.24550000000000005,0.43,0.43,-0.17350000000000002,0.07200000000000001,0.0,0.0,0.24550000000000002
rep0923,0.14,0.145,alg3,0.2,0.0,0.0,0.2,prop_127,1000,2000,0.30100000000000005,0.5670000000000001,False,0.266,0.266,0.4545,0.4545,-0.15349999999999997,0.11250000000000004,0.0,0.0,0.266
rep0924,0.14,0.141,alg3,0.2,0.0,0.0,0.2,prop_127,1000,2000,-0.11399999999999995,0.1385,False,0.25249999999999995,0.1385,0.075,0.075,-0.18899999999999995,0.0635,0.0,0.0,0.25249999999999995
rep0925,0.66,0.659,alg3,0.2,0.0,0.0,0.2,prop_127,1000,2000,0.577,0.833,True,0.256,0.256,0.7685,0.7685,-0.1915,0.0645,0.0,0.0,0.256
rep0926,0.16,0.157,alg3,0.2,0.0,0.0,0.2,prop_127,1000,2000,0.011999999999999983,0.2535,True,0.24150000000000002,0.24150000000000002,0.166,0.166,-0.15400000000000003,0.0875,0.0,0.0,0.24150000000000002
rep0927,0.53,0.525,alg3,0.2,0.0,0.0,0.2,prop_127,1000,2000,0.5025000000000001,0.761,True,0.25849999999999995,0.25849999999999995,0.682,0.682,-0.1795,0.07899999999999996,0.0,0.0,0.25849999999999995
rep0928,0.38,0.377,alg3,0.2,0.0,0.0,0.2,prop_127,1000,2000,0.4175,0.7020000000000001,False,0.2845000000000001,0.2845000000000001,0.5795,0.5795,-0.16200000000000003,0.12250000000000005,0.0,0.0,0.2845000000000001
rep0929,0.48,0.479,alg3,0.2,0.0,0.0,0.2,prop_127,1000,2000,0.2555,0.5379999999999999,True,0.2824999999999999,0.2824999999999999,0.4235,0.4235,-0.16799999999999998,0.11449999999999994,0.0,0.0,0.2824999999999999
rep0930,0.67,0.666,alg3,0.2,0.0,0.0,0.2,prop_127,1000,2000,0.5905,0.8785,True,0.2879999999999999,0.2879999999999999,0.7705,0.7705,-0.17999999999999994,0.10799999999999998,0.0,0.0,0.2879999999999999
rep0931,0.79,0.786,alg3,0.2,0.0,0.0,0.2,prop_127,1000,2000,0.7945,1.0415,False,0.2470000000000001,0.20550000000000002,0.9495,0.9495,-0.15500000000000003,0.09200000000000008,0.0,0.0,0.2470000000000001
rep0932,0.75,0.754,alg3,0.2,0.0,0.0,0.2,prop_127,1000,2000,0.4125,0.6625,False,0.25,0.25,0.5665,0.5665,-0.15400000000000003,0.09599999999999997,0.0,0.0,0.25
rep0933,0.48,0.483,alg3,0.2,0.0,0.0,0.2,prop_127,1000,2000,0.4615,0.7165,True,0.255,0.255,0.639,0.639,-0.1775,0.07750000000000001,0.0,0.0,0.255
rep0934,0.37,0.37,alg3,0.2,0.0,0.0,0.2,prop_127,1000,2000,0.15600000000000008,0.3845,True,0.22849999999999993,0.22849999999999993,0.323,0.323,-0.16699999999999993,0.0615,0.0,0.0,0.22849999999999993
rep0935,0.44,0.439,alg3,0.2,0.0,0.0,0.2,prop_127,1000,2000,0.2655,0.5469999999999999,True,0.2814999999999999,0.2814999999999999,0.446,0.446,-0.1805,0.10099999999999998,0.0,0.0,0.2815
rep0936,0.48,0.48,alg3,0.2,0.0,0.0,0.2,prop_127,1000,2000,0.363,0.63,True,0.267,0.267,0.5645,0.5645,-0.2015,0.0655,0.0,0.0,0.267
rep0937,0.52,0.52,alg3,0.2,0.0,0.0,0.2,prop_127,1000,2000,0.406,0.6765,True,0.27049999999999996,0.27049999999999996,0.589,0.589,-0.18299999999999994,0.08750000000000002,0.0,0.0,0.27049999999999996
rep0938,0.05,0.046,alg3,0.2,0.0,0.0,0.2,prop_127,1000,2000,-0.027499999999999997,0.25150000000000006,True,0.279,0.25150000000000006,0.1605,0.1605,-0.188,0.09100000000000003,0.0,0.0,0.279
rep0939,0.25,0.253,alg3,0.2,0.0,0.0,0.2,prop_127,1000,2000,0.18350000000000005,0.418,True,0.23449999999999993,0.23449999999999993,0.3445,0.3445,-0.16099999999999992,0.0735,0.0,0.0,0.23449999999999993
rep0940,0.89,0.885,alg3,0.2,0.0,0.0,0.2,prop_127,1000,2000,0.6265,0.866,False,0.23950000000000005,0.23950000000000005,0.7935,0.7935,-0.167,0.07249999999999998,0.0,0.0,0.2395
rep0941,0.70,0.699,alg3,0.2,0.0,0.0,0.2,prop_127,1000,2000,0.37750000000000006,0.6150000000000001,False,0.23750000000000004,0.23750000000000004,0.559,0.559,-0.1815,0.05600000000000001,0.0,0.0,0.2375
rep0942,0.28,0.283,alg3,0.2,0.0,0.0,0.2,prop_127,1000,2000,0.132,0.42400000000000004,True,0.29200000000000004,0.29200000000000004,0.338,0.338,-0.20600000000000002,0.08600000000000002,0.0,0.0,0.29200000000000004
rep0943,0.48,0.485,alg3,0.2,0.0,0.0,0.2,prop_127,1000,2000,0.14599999999999996,0.401,False,0.25500000000000006,0.25500000000000006,0.306,0.306,-0.16000000000000003,0.095,0.0,0.0,0.255
rep0944,0.52,0.52,alg3,0.2,0.0,0.0,0.2,prop_127,1000,2000,0.32849999999999996,0.5585,True,0.23000000000000004,0.23000000000000004,0.4745,0.4745,-0.14600000000000002,0.08400000000000002,0.0,0.0,0.23000000000000004
rep0945,0.60,0.598,alg3,0.2,0.0,0.0,0.2,prop_127,1000,2000,0.37250000000000005,0.6255,True,0.2529999999999999,0.2529999999999999,0.5645,0.5645,-0.19199999999999995,0.06099999999999994,0.0,0.0,0.2529999999999999
rep0946,0.41,0.412,alg3,0.2,0.0,0.0,0.2,prop_127,1000,2000,0.20149999999999996,0.43899999999999995,True,0.2375,0.2375,0.362,0.362,-0.16050000000000003,0.07699999999999996,0.0,0.0,0.2375
rep0947,0.88,0.877,alg3,0.2,0.0,0.0,0.2,prop_127,1000,2000,0.8235,1.0865,True,0.263,0.1765,1.0,1.0,-0.1765,0.08650000000000002,0.0,0.0,0.263
rep0948,0.83,0.832,alg3,0.2,0.0,0.0,0.2,prop_127,1000,2000,0.7245,0.9625,True,0.238,0.238,0.911,0.911,-0.1865,0.05149999999999999,0.0,0.0,0.238
rep0949,0.21,0.206,alg3,0.2,0.0,0.0,0.2,prop_127,1000,2000,-0.10650000000000001,0.16999999999999998,False,0.27649999999999997,0.16999999999999998,0.087,0.087,-0.1935,0.08299999999999999,0.0,0.0,0.27649999999999997
rep0950,0.91,0.91,alg3,0.2,0.0,0.0,0.2,prop_127,1000,2000,0.7080000000000001,0.972,True,0.2639999999999999,0.2639999999999999,0.904,0.904,-0.19599999999999995,0.068,0.0,0.0,0.26399999999999996
rep0951,0.21,0.214,alg3,0.2,0.0,0.0,0.2,prop_127,1000,2000,0.14600000000000002,0.38949999999999996,True,0.24349999999999994,0.24349999999999994,0.3095,0.3095,-0.16349999999999998,0.07999999999999996,0.0,0.0,0.24349999999999994
rep0952,0.59,0.589,alg3,0.2,0.0,0.0,0.2,prop_127,1000,2000,0.5215000000000001,0.773,True,0.25149999999999995,0.25149999999999995,0.695,0.695,-0.17349999999999993,0.07800000000000007,0.0,0.0,0.2515
rep0953,0.79,0.785,alg3,0.2,0.0,0.0,0.2,prop_127,1000,2000,0.7385,1.0305,True,0.2919999999999999,0.26149999999999995,0.9115,0.9115,-0.17299999999999993,0.1190000000000001,0.0,0.0,0.29200000000000004
rep0954,0.13,0.133,alg3,0.2,0.0,0.0,0.2,prop_127,1000,2000,0.11950000000000005,0.34600000000000003,True,0.22649999999999998,0.22649999999999998,0.2775,0.2775,-0.15799999999999997,0.06850000000000002,0.0,0.0,0.22649999999999998
rep0955,0.19,0.194,alg3,0.2,0.0,0.0,0.2,prop_127,1000,2000,0.16299999999999998,0.418,True,0.255,0.255,0.3455,0.3455,-0.1825,0.07250000000000001,0.0,0.0,0.255
rep0956,0.77,0.772,alg3,0.2,0.0,0.0,0.2,prop_127,1000,2000,0.701,0.9995,True,0.2985000000000001,0.2985000000000001,0.879,0.879,-0.17800000000000005,0.1205,0.0,0.0,0.29850000000000004
rep0957,0.32,0.321,alg3,0.2,0.0,0.0,0.2,prop_127,1000,2000,0.24950000000000006,0.559,True,0.3095,0.3095,0.4615,0.4615,-0.21199999999999997,0.0975,0.0,0.0,0.3095
rep0958,0.21,0.21,alg3,0.2,0.0,0.0,0.2,prop_127,1000,2000,0.29999999999999993,0.553,False,0.2530000000000001,0.2530000000000001,0.478,0.478,-0.17800000000000005,0.07500000000000004,0.0,0.0,0.2530000000000001
rep0959,0.40,0.396,alg3,0.2,0.0,0.0,0.2,prop_127,1000,2000,0.3205,0.59,True,0.26949999999999996,0.26949999999999996,0.4955,0.4955,-0.175,0.09449999999999997,0.0,0.0,0.26949999999999996
rep0960,0.41,0.415,alg3,0.2,0.0,0.0,0.2,prop_127,1000,2000,0.3735,0.6525,True,0.27899999999999997,0.27899999999999997,0.5575,0.5575,-0.184,0.09499999999999997,0.0,0.0,0.27899999999999997
rep0961,0.78,0.776,alg3,0.2,0.0,0.0,0.2,prop_127,1000,2000,0.608,0.8639999999999999,True,0.2559999999999999,0.2559999999999999,0.7775,0.7775,-0.16949999999999998,0.08649999999999997,0.0,0.0,0.25599999999999995
rep0962,0.39,0.391,alg3,0.2,0.0,0.0,0.2,prop_127,1000,2000,0.09700000000000003,0.36899999999999994,False,0.2719999999999999,0.2719999999999999,0.2735,0.2735,-0.1765,0.09549999999999992,0.0,0.0,0.2719999999999999
rep0963,0.25,0.252,alg3,0.2,0.0,0.0,0.2,prop_127,1000,2000,0.15899999999999997,0.396,True,0.23700000000000004,0.23700000000000004,0.331,0.331,-0.17200000000000004,0.065,0.0,0.0,0.23700000000000004
rep0964,0.23,0.227,alg3,0.2,0.0,0.0,0.2,prop_127,1000,2000,0.251,0.535,False,0.28400000000000003,0.28400000000000003,0.443,0.443,-0.192,0.09200000000000003,0.0,0.0,0.28400000000000003
rep0965,0.46,0.46,alg3,0.2,0.0,0.0,0.2,prop_127,1000,2000,0.26049999999999995,0.5115000000000001,True,0.2510000000000001,0.2510000000000001,0.4125,0.4125,-0.15200000000000002,0.09900000000000003,0.0,0.0,0.25100000000000006
rep0966,0.24,0.238,alg3,0.2,0.0,0.0,0.2,prop_127,1000,2000,0.15999999999999998,0.40299999999999997,True,0.243,0.243,0.327,0.327,-0.16700000000000004,0.07599999999999996,0.0,0.0,0.243
rep0967,0.35,0.35,alg3,0.2,0.0,0.0,0.2,prop_127,1000,2000,0.28,0.546,True,0.266,0.266,0.4555,0.4555,-0.1755,0.09049999999999997,0.0,0.0,0.26599999999999996
rep0968,0.62,0.619,alg3,0.2,0.0,0.0,0.2,prop_127,1000,2000,0.5815,0.8465,True,0.265,0.265,0.752,0.752,-0.17049999999999998,0.09449999999999997,0.0,0.0,0.26499999999999996
rep0969,0.68,0.675,alg3,0.2,0.0,0.0,0.2,prop_127,1000,2000,0.625,0.877,True,0.252,0.252,0.8205,0.8205,-0.1955,0.056499999999999995,0.0,0.0,0.252
rep0970,0.56,0.559,alg3,0.2,0.0,0.0,0.2,prop_127,1000,2000,0.3345,0.5865,True,0.252,0.252,0.515,0.515,-0.1805,0.07150000000000001,0.0,0.0,0.252
rep0971,0.16,0.158,alg3,0.2,0.0,0.0,0.2,prop_127,1000,2000,0.050500000000000045,0.31949999999999995,True,0.2689999999999999,0.2689999999999999,0.2415,0.2415,-0.19099999999999995,0.07799999999999996,0.0,0.0,0.2689999999999999
rep0972,0.94,0.94,alg3,0.2,0.0,0.0,0.2,prop_127,1000,2000,0.8260000000000001,1.0895,True,0.26349999999999985,0.17399999999999993,1.0,1.0,-0.174,0.08949999999999997,0.0,0.0,0.26349999999999996
rep0973,0.26,0.259,alg3,0.2,0.0,0.0,0.2,prop_127,1000,2000,0.1985,0.46599999999999997,True,0.26749999999999996,0.26749999999999996,0.3835,0.3835,-0.185,0.08249999999999999,0.0,0.0,0.26749999999999996
rep0974,0.61,0.611,alg3,0.2,0.0,0.0,0.2,prop_127,1000,2000,0.5295000000000001,0.775,True,0.24549999999999994,0.24549999999999994,0.7175,0.7175,-0.188,0.057499999999999996,0.0,0.0,0.2455
rep0975,0.56,0.561,alg3,0.2,0.0,0.0,0.2,prop_127,1000,2000,0.4575,0.7264999999999999,True,0.2689999999999999,0.2689999999999999,0.6215,0.6215,-0.16400000000000003,0.10499999999999993,0.0,0.0,0.26899999999999996
rep0976,0.88,0.877,alg3,0.2,0.0,0.0,0.2,prop_127,1000,2000,0.559,0.8535,False,0.2945,0.2945,0.7295,0.7295,-0.17049999999999998,0.124,0.0,0.0,0.2945
rep0977,0.64,0.64,alg3,0.2,0.0,0.0,0.2,prop_127,1000,2000,0.5345,0.784,True,0.24950000000000006,0.24950000000000006,0.715,0.715,-0.1805,0.069,0.0,0.0,0.2495
rep0978,0.59,0.587,alg3,0.2,0.0,0.0,0.2,prop_127,1000,2000,0.559,0.8305,True,0.27149999999999996,0.27149999999999996,0.765,0.765,-0.20599999999999996,0.0655,0.0,0.0,0.27149999999999996
rep0979,0.79,0.785,alg3,0.2,0.0,0.0,0.2,prop_127,1000,2000,0.483,0.764,False,0.281,0.281,0.706,0.706,-0.22299999999999998,0.057999999999999996,0.0,0.0,0.28099999999999997
rep0980,0.65,0.651,alg3,0.2,0.0,0.0,0.2,prop_127,1000,2000,0.622,0.858,True,0.236,0.236,0.8065,0.8065,-0.1845,0.05149999999999999,0.0,0.0,0.236
rep0981,0.81,0.812,alg3,0.2,0.0,0.0,0.2,prop_127,1000,2000,0.5315,0.794,False,0.26250000000000007,0.26250000000000007,0.687,0.687,-0.15550000000000008,0.10699999999999998,0.0,0.0,0.26250000000000007
rep0982,0.28,0.28,alg3,0.2,0.0,0.0,0.2,prop_127,1000,2000,0.08949999999999991,0.32999999999999996,True,0.24050000000000005,0.24050000000000005,0.256,0.256,-0.1665000000000001,0.07399999999999998,0.0,0.0,0.24050000000000007
rep0983,0.24,0.243,alg3,0.2,0.0,0.0,0.2,prop_127,1000,2000,0.20100000000000007,0.472,True,0.2709999999999999,0.2709999999999999,0.3965,0.3965,-0.19549999999999995,0.07549999999999998,0.0,0.0,0.2709999999999999
rep0984,0.46,0.457,alg3,0.2,0.0,0.0,0.2,prop_127,1000,2000,0.2935000000000001,0.5760000000000001,True,0.2825,0.2825,0.452,0.452,-0.15849999999999992,0.124,0.0,0.0,0.2824999999999999
rep0985,0.43,0.431,alg3,0.2,0.0,0.0,0.2,prop_127,1000,2000,0.25200000000000006,0.5125,True,0.2604999999999999,0.2604999999999999,0.447,0.447,-0.19499999999999995,0.0655,0.0,0.0,0.26049999999999995
rep0986,0.85,0.846,alg3,0.2,0.0,0.0,0.2,prop_127,1000,2000,0.6565,0.911,True,0.25450000000000006,0.25450000000000006,0.832,0.832,-0.17550000000000002,0.07900000000000007,0.0,0.0,0.25450000000000006
rep0987,0.53,0.529,alg3,0.2,0.0,0.0,0.2,prop_127,1000,2000,0.543,0.8045,False,0.26149999999999995,0.26149999999999995,0.733,0.733,-0.18999999999999995,0.07150000000000001,0.0,0.0,0.26149999999999995
rep0988,0.83,0.828,alg3,0.2,0.0,0.0,0.2,prop_127,1000,2000,0.849,1.0779999999999998,False,0.22899999999999987,0.15100000000000002,1.0,1.0,-0.15099999999999997,0.07799999999999996,0.0,0.0,0.22899999999999993
rep0989,0.15,0.148,alg3,0.2,0.0,0.0,0.2,prop_127,1000,2000,-0.06750000000000005,0.16599999999999993,True,0.23349999999999999,0.16599999999999993,0.111,0.111,-0.17850000000000005,0.05499999999999994,0.0,0.0,0.23349999999999999
rep0990,0.28,0.284,alg3,0.2,0.0,0.0,0.2,prop_127,1000,2000,0.2935,0.5665,False,0.273,0.273,0.469,0.469,-0.1755,0.09749999999999998,0.0,0.0,0.27299999999999996
rep0991,0.59,0.593,alg3,0.2,0.0,0.0,0.2,prop_127,1000,2000,0.6500000000000001,0.9025,False,0.25249999999999984,0.25249999999999984,0.812,0.812,-0.16199999999999992,0.09049999999999991,0.0,0.0,0.25249999999999984
rep0992,0.82,0.824,alg3,0.2,0.0,0.0,0.2,prop_127,1000,2000,0.7325,0.993,True,0.26049999999999995,0.26049999999999995,0.91,0.91,-0.1775,0.08299999999999996,0.0,0.0,0.26049999999999995
rep0993,0.62,0.62,alg3,0.2,0.0,0.0,0.2,prop_127,1000,2000,0.4445000000000001,0.7015,True,0.2569999999999999,0.2569999999999999,0.6175,0.6175,-0.17299999999999993,0.08399999999999996,0.0,0.0,0.2569999999999999
rep0994,0.63,0.627,alg3,0.2,0.0,0.0,0.2,prop_127,1000,2000,0.5065000000000001,0.811,True,0.3045,0.3045,0.7365,0.7365,-0.22999999999999998,0.0745,0.0,0.0,0.3045
rep0995,0.47,0.469,alg3,0.2,0.0,0.0,0.2,prop_127,1000,2000,0.323,0.5905,True,0.2675,0.2675,0.488,0.488,-0.16499999999999998,0.1025,0.0,0.0,0.26749999999999996
rep0996,0.47,0.471,alg3,0.2,0.0,0.0,0.2,prop_127,1000,2000,0.32299999999999995,0.5539999999999999,True,0.23099999999999998,0.23099999999999998,0.4755,0.4755,-0.15250000000000002,0.07849999999999999,0.0,0.0,0.231
rep0997,0.14,0.145,alg3,0.2,0.0,0.0,0.2,prop_127,1000,2000,-0.017500000000000016,0.23299999999999998,True,0.2505,0.23299999999999998,0.1215,0.1215,-0.139,0.11149999999999999,0.0,0.0,0.2505
rep0998,0.60,0.602,alg3,0.2,0.0,0.0,0.2,prop_127,1000,2000,0.5780000000000001,0.8654999999999999,True,0.28749999999999987,0.28749999999999987,0.778,0.778,-0.19999999999999996,0.08749999999999997,0.0,0.0,0.2874999999999999
rep0999,0.50,0.5,alg3,0.2,0.0,0.0,0.2,prop_127,1000,2000,0.5115000000000001,0.797,False,0.2855,0.2855,0.7095,0.7095,-0.19799999999999995,0.08750000000000002,0.0,0.0,0.2855
