task_id,label,theta,algo,alpha,alpha1,alpha2,alpha3,alloc,n_j,N_j,L,U,covered,width,width_clip,L_tilde,U_tilde,delta_L,delta_U,W1,W2,W3
rep0000,0.25,0.2478634861040341,alg1,0.1,0.010000000000000002,0.020000000000000004,0.06999999999999999,prop_127,1000,2000,0.03134931135951052,0.5684485703281309,True,0.5370992589686203,0.5370992589686203,0.3269407797542448,0.38205922024575517,-0.29559146839473427,0.1863893500823757,0.05511844049151038,0.08048081847710997,0.40149999999999997
rep0001,0.37,0.3686079524634063,alg1,0.1,0.010000000000000002,0.020000000000000004,0.06999999999999999,prop_127,1000,2000,0.06022369009564871,0.6361168117912797,True,0.5758931216956309,0.5758931216956309,0.4004860500646572,0.4575139499353428,-0.3402623599690085,0.17860286185593693,0.05702789987068557,0.07986522182494549,0.43899999999999995
rep0002,0.17,0.17032800314766197,alg1,0.1,0.010000000000000002,0.020000000000000004,0.06999999999999999,prop_127,1000,2000,0.07299270454324458,0.5979799834501596,True,0.524987278906915,0.524987278906915,0.34464644158189567,0.4003535584181043,-0.2716537370386511,0.1976264250320552,0.05570711683620866,0.08078016207070637,0.3884999999999999
rep0003,0.41,0.4119903665842383,alg1,0.1,0.010000000000000002,0.020000000000000004,0.06999999999999999,prop_127,1000,2000,0.2587212137710955,0.8180531967838215,True,0.5593319830127259,0.5593319830127259,0.5540889759815809,0.6109110240184191,-0.2953677622104854,0.20714217276540237,0.05682204803683821,0.07450993497588765,0.42800000000000005
rep0004,0.36,0.36322332650332373,alg1,0.1,0.010000000000000002,0.020000000000000004,0.06999999999999999,prop_127,1000,2000,0.03214411889662333,0.5377988329528771,True,0.5056547140562537,0.5056547140562537,0.3033998493514428,0.3576001506485572,-0.2712557304548195,0.18019868230431993,0.054200301297114395,0.08345441275913945,0.368
rep0005,0.28,0.27660752268158256,alg1,0.1,0.010000000000000002,0.020000000000000004,0.06999999999999999,prop_127,1000,2000,0.029462892605481683,0.5502955976970052,True,0.5208327050915236,0.5208327050915236,0.30927777116642247,0.3637222288335776,-0.2798148785609408,0.18657336886342768,0.05444445766715511,0.08388824742436851,0.38249999999999995
rep0006,0.40,0.39522788491940364,alg1,0.1,0.010000000000000002,0.020000000000000004,0.06999999999999999,prop_127,1000,2000,0.11302251706780564,0.7021959858688336,True,0.5891734688010279,0.5891734688010279,0.44323935357034583,0.5007606464296541,-0.3302168365025402,0.2014353394391794,0.05752129285930829,0.0876521759417197,0.44399999999999995
rep0007,0.34,0.34221851206383785,alg1,0.1,0.010000000000000002,0.020000000000000004,0.06999999999999999,prop_127,1000,2000,0.14135485357726252,0.6618638058761043,True,0.5205089522988418,0.5205089522988418,0.4084237261957548,0.4655762738042452,-0.26706887261849227,0.19628753207185903,0.05715254760849042,0.08685640469035127,0.37650000000000006
rep0008,0.89,0.8876454917096256,alg1,0.1,0.010000000000000002,0.020000000000000004,0.06999999999999999,prop_127,1000,2000,0.5970829657622114,1.0844092582014273,True,0.4873262924392159,0.4029170342377886,0.8660858959318568,0.9029141040681431,-0.2690029301696454,0.18149515413328415,0.03682820813628629,0.07749808430292948,0.37300000000000005
rep0009,0.13,0.13218242080353054,alg1,0.1,0.010000000000000002,0.020000000000000004,0.06999999999999999,prop_127,1000,2000,-0.037035054741211326,0.46086223827404676,True,0.4978972930152581,0.46086223827404676,0.2023856841667686,0.2506143158332314,-0.23942073890797994,0.21024792244081536,0.048228631666462796,0.0786686613487953,0.371
rep0010,0.32,0.32181545181669885,alg1,0.1,0.010000000000000002,0.020000000000000004,0.06999999999999999,prop_127,1000,2000,0.1585904673448993,0.6403262592923041,True,0.48173579194740485,0.48173579194740485,0.42481899195196937,0.48218100804803066,-0.2662285246070701,0.15814525124427348,0.057362016096061286,0.07737377585134358,0.347
rep0011,0.29,0.2854083438878526,alg1,0.1,0.010000000000000002,0.020000000000000004,0.06999999999999999,prop_127,1000,2000,0.16781856468562334,0.6309681608262132,True,0.46314959614058987,0.46314959614058987,0.42879840030508093,0.4862015996949191,-0.2609798356194576,0.1447665611312941,0.05740319938983818,0.06924639675075167,0.3365
rep0012,0.44,0.43703005404805023,alg1,0.1,0.010000000000000002,0.020000000000000004,0.06999999999999999,prop_127,1000,2000,0.2313894437095691,0.7346058381949847,True,0.5032163944854156,0.5032163944854156,0.47219420814312507,0.5298057918568749,-0.24080476443355597,0.20480004633810972,0.05761158371374986,0.0766048107716657,0.369
rep0013,0.62,0.6208052270470665,alg1,0.1,0.010000000000000002,0.020000000000000004,0.06999999999999999,prop_127,1000,2000,0.23792593036702575,0.7287141577407152,True,0.4907882273736895,0.4907882273736895,0.4696942801579828,0.5273057198420172,-0.23176834979095706,0.20140843789869795,0.05761143968403443,0.07867678768965497,0.35450000000000004
rep0014,0.71,0.7147259999129039,alg1,0.1,0.010000000000000002,0.020000000000000004,0.06999999999999999,prop_127,1000,2000,0.4371390578721195,0.9158792189206167,True,0.47874016104849726,0.47874016104849726,0.700819282278641,0.7521807177213591,-0.2636802244065215,0.16369850119925763,0.051361435442718095,0.08487872560577914,0.3425
rep0015,0.39,0.39454122151151017,alg1,0.1,0.010000000000000002,0.020000000000000004,0.06999999999999999,prop_127,1000,2000,0.09355378654110197,0.6566960003013338,True,0.5631422137602318,0.5631422137602318,0.39354681895774996,0.45045318104225,-0.299993032416648,0.20624281925908383,0.05690636208450006,0.08523585167573178,0.42100000000000004
rep0016,0.17,0.16665588411027546,alg1,0.1,0.010000000000000002,0.020000000000000004,0.06999999999999999,prop_127,1000,2000,-0.07936071386134236,0.43064207794170895,True,0.5100027918030513,0.43064207794170895,0.17791222396342904,0.22408777603657098,-0.2572729378247714,0.206554301905138,0.046175552073141946,0.07482723972990929,0.38900000000000007
rep0017,0.52,0.5214065008427691,alg1,0.1,0.010000000000000002,0.020000000000000004,0.06999999999999999,prop_127,1000,2000,0.26463921733011214,0.7449876826420492,True,0.48034846531193703,0.48034846531193703,0.5334164678002001,0.5905835321998,-0.268777250470088,0.15440415044224914,0.05716706439959984,0.0766814009123371,0.34650000000000003
rep0018,0.36,0.35939977730659944,alg1,0.1,0.010000000000000002,0.020000000000000004,0.06999999999999999,prop_127,1000,2000,0.06347076189008821,0.6020586333540003,True,0.5385878714639121,0.5385878714639121,0.319575923573529,0.37442407642647096,-0.2561051616834408,0.22763455692752943,0.05484815285294198,0.07273971861097017,0.41100000000000003
rep0019,0.35,0.35459743075612077,alg1,0.1,0.010000000000000002,0.020000000000000004,0.06999999999999999,prop_127,1000,2000,0.09729850691232661,0.6144694680612697,True,0.517170961148943,0.517170961148943,0.355980095497662,0.412019904502338,-0.2586815885853354,0.20244956355893162,0.05603980900467598,0.08613115214426692,0.3750000000000001
rep0020,0.88,0.8825365524342114,alg1,0.1,0.010000000000000002,0.020000000000000004,0.06999999999999999,prop_127,1000,2000,0.5522629296683963,1.058359699791932,True,0.5060967701235357,0.4477370703316037,0.8548815943823207,0.8931184056176793,-0.30261866471392435,0.16524129417425268,0.0382368112353586,0.07835995888817704,0.38949999999999996
rep0021,0.59,0.5949598193481452,alg1,0.1,0.010000000000000002,0.020000000000000004,0.06999999999999999,prop_127,1000,2000,0.2646883668517212,0.8159265372988072,True,0.5512381704470859,0.5512381704470859,0.5616646476995871,0.6183353523004128,-0.2969762808478659,0.1975911849983943,0.05667070460082568,0.08606746584626013,0.4085000000000001
rep0022,0.72,0.7170696852830631,alg1,0.1,0.010000000000000002,0.020000000000000004,0.06999999999999999,prop_127,1000,2000,0.5510206031092489,0.997378612274748,True,0.44635800916549906,0.44635800916549906,0.8146677951614268,0.8573322048385731,-0.2636471920521779,0.14004640743617494,0.04266440967714624,0.0791935994883528,0.3245
rep0023,0.39,0.3897887441590057,alg1,0.1,0.010000000000000002,0.020000000000000004,0.06999999999999999,prop_127,1000,2000,-0.0018999794532368053,0.47171323896535855,True,0.4736132184185954,0.47171323896535855,0.24490783863876966,0.2960921613612304,-0.24680781809200647,0.17562107760412818,0.051184322722460734,0.07192889569613464,0.3505
rep0024,0.56,0.5618562370971357,alg1,0.1,0.010000000000000002,0.020000000000000004,0.06999999999999999,prop_127,1000,2000,0.4119792404775575,0.9335187468767301,True,0.5215395063991726,0.5215395063991726,0.6689873646795367,0.7220126353204633,-0.25700812420197916,0.21150611155626672,0.05302527064092666,0.0860142357582459,0.3825
rep0025,0.15,0.1536743850699371,alg1,0.1,0.010000000000000002,0.020000000000000004,0.06999999999999999,prop_127,1000,2000,-0.12695115076995614,0.4320985980188457,True,0.5590497487888019,0.4320985980188457,0.16119989995901932,0.20580010004098068,-0.28815105072897546,0.22629849797786503,0.04460020008196136,0.08194954870684046,0.4325
rep0026,0.45,0.4470975824569302,alg1,0.1,0.010000000000000002,0.020000000000000004,0.06999999999999999,prop_127,1000,2000,0.20170245260213715,0.7226544128981232,True,0.520951960295986,0.520951960295986,0.4847046521777738,0.5422953478222261,-0.28300219957563666,0.18035906507589702,0.057590695644452294,0.08386126465153376,0.37949999999999995
rep0027,0.15,0.14555732938848953,alg1,0.1,0.010000000000000002,0.020000000000000004,0.06999999999999999,prop_127,1000,2000,0.11529724111876319,0.5883883577993816,True,0.47309111668061843,0.47309111668061843,0.36288696666684866,0.41911303333315136,-0.24758972554808548,0.16927532446623017,0.0562260666663027,0.07536505001431565,0.34149999999999997
rep0028,0.72,0.7158400826850747,alg1,0.1,0.010000000000000002,0.020000000000000004,0.06999999999999999,prop_127,1000,2000,0.4571747689600537,0.9650943688745914,True,0.5079195999145377,0.5079195999145377,0.6946465454929187,0.7463534545070813,-0.23747177653286503,0.21874091436751011,0.05170690901416264,0.07421269090037519,0.38199999999999995
rep0029,0.33,0.3291877284663172,alg1,0.1,0.010000000000000002,0.020000000000000004,0.06999999999999999,prop_127,1000,2000,0.04827851437008979,0.5523250691320372,True,0.5040465547619474,0.5040465547619474,0.29019284870277734,0.34380715129722267,-0.24191433433268755,0.20851791783481455,0.05361430259444533,0.08693225216750206,0.36350000000000005
rep0030,0.79,0.7937062466334305,alg1,0.1,0.010000000000000002,0.020000000000000004,0.06999999999999999,prop_127,1000,2000,0.3899937985353469,0.9518240070524293,True,0.5618302085170824,0.5618302085170824,0.6853981647908087,0.7376018352091913,-0.29540436625546185,0.214222171843238,0.052203670418382586,0.07662653809869985,0.433
rep0031,0.67,0.6704077234134693,alg1,0.1,0.010000000000000002,0.020000000000000004,0.06999999999999999,prop_127,1000,2000,0.3703230217784285,0.9152811341127545,True,0.5449581123343259,0.5449581123343259,0.670524243034682,0.7234757569653179,-0.30020122125625354,0.19180537714743667,0.052951513930635796,0.07800659840369012,0.4140000000000001
rep0032,0.49,0.49161387479740387,alg1,0.1,0.010000000000000002,0.020000000000000004,0.06999999999999999,prop_127,1000,2000,0.22880542865570197,0.7295583550564886,True,0.5007529264007866,0.5007529264007866,0.4796983132773968,0.537301686722603,-0.25089288462169484,0.1922566683338855,0.05760337344520622,0.06814955295558034,0.375
rep0033,0.73,0.7281359113887491,alg1,0.1,0.010000000000000002,0.020000000000000004,0.06999999999999999,prop_127,1000,2000,0.18049481713015303,0.6941063737137905,False,0.5136115565836374,0.5136115565836374,0.4676948562833261,0.5253051437166739,-0.28720003915317305,0.16880122999711655,0.05761028743334784,0.07350126915028965,0.38249999999999995
rep0034,0.26,0.25795044332393025,alg1,0.1,0.010000000000000002,0.020000000000000004,0.06999999999999999,prop_127,1000,2000,0.034132011435106635,0.5692439087373421,True,0.5351118973022355,0.5351118973022355,0.35252895651443944,0.40847104348556057,-0.3183969450793328,0.1607728652517815,0.05594208697112113,0.07816981033111425,0.401
rep0035,0.31,0.31207276260600325,alg1,0.1,0.010000000000000002,0.020000000000000004,0.06999999999999999,prop_127,1000,2000,-0.0230666917320978,0.4801900811276693,True,0.5032567728597671,0.4801900811276693,0.261425136633963,0.31357486336603696,-0.2844918283660608,0.16661521776163235,0.052149726732073964,0.06610704612769314,0.385
rep0036,0.38,0.3813002067209173,alg1,0.1,0.010000000000000002,0.020000000000000004,0.06999999999999999,prop_127,1000,2000,0.14126495418752522,0.6038509552034661,True,0.4625860010159409,0.4625860010159409,0.3712820421627881,0.42771795783721195,-0.23001708797526288,0.17613299736625418,0.05643591567442385,0.07415008534151701,0.3320000000000001
rep0037,0.69,0.6948613205139563,alg1,0.1,0.010000000000000002,0.020000000000000004,0.06999999999999999,prop_127,1000,2000,0.46900545093012713,0.9626320895843453,True,0.4936266386542182,0.4936266386542182,0.7457551242316869,0.7942448757683132,-0.27674967330155975,0.16838721381603217,0.04848975153662627,0.07413688711759192,0.371
rep0038,0.79,0.7918600324246673,alg1,0.1,0.010000000000000002,0.020000000000000004,0.06999999999999999,prop_127,1000,2000,0.5352273753266041,0.9979966057726685,True,0.46276923044606433,0.46276923044606433,0.8041588586087809,0.847841141391219,-0.2689314832821767,0.15015546438144944,0.04368228278243813,0.07158694766362611,0.34750000000000003
rep0039,0.74,0.737128328560063,alg1,0.1,0.010000000000000002,0.020000000000000004,0.06999999999999999,prop_127,1000,2000,0.5280784700102059,1.011460738430135,True,0.48338226841992915,0.4719215299897941,0.7748693512908964,0.8211306487091037,-0.24679088128069054,0.19033008972103144,0.04626129741820728,0.076120971001722,0.361
rep0040,0.20,0.20217595771942773,alg1,0.1,0.010000000000000002,0.020000000000000004,0.06999999999999999,prop_127,1000,2000,0.015200940856975154,0.5450167217555506,True,0.5298157808985755,0.5298157808985755,0.2931255163933208,0.3468744836066792,-0.27792457553634564,0.19814223814887144,0.05374896721335842,0.07756681368521712,0.39849999999999997
rep0041,0.63,0.6338665832251937,alg1,0.1,0.010000000000000002,0.020000000000000004,0.06999999999999999,prop_127,1000,2000,0.529616429700144,1.0087529079326019,True,0.47913647823245786,0.470383570299856,0.8178259174963918,0.8601740825036082,-0.2882094877962477,0.14857882542899362,0.04234816500721639,0.06878831322524137,0.368
rep0042,0.28,0.28273766256385496,alg1,0.1,0.010000000000000002,0.020000000000000004,0.06999999999999999,prop_127,1000,2000,-0.15295271771580055,0.4542887757134991,True,0.6072414934292997,0.4542887757134991,0.16835347208599344,0.21364652791400657,-0.321306189801794,0.24064224779949253,0.04529305582801313,0.0799484376012865,0.48200000000000004
rep0043,0.12,0.11761149789511506,alg1,0.1,0.010000000000000002,0.020000000000000004,0.06999999999999999,prop_127,1000,2000,-0.19464466840347924,0.2650612790511291,True,0.45970594745460835,0.2650612790511291,0.10174478150923436,0.13925521849076564,-0.2963894499127136,0.12580606056036348,0.03751043698153128,0.08819551047307705,0.334
rep0044,0.17,0.16718848316147858,alg1,0.1,0.010000000000000002,0.020000000000000004,0.06999999999999999,prop_127,1000,2000,0.07184411655541029,0.5690686225364923,True,0.497224505981082,0.497224505981082,0.3166320779951444,0.3713679220048555,-0.24478796143973414,0.19770070053163669,0.0547358440097111,0.06898866197137088,0.37349999999999994
rep0045,0.14,0.13852317554366197,alg1,0.1,0.010000000000000002,0.020000000000000004,0.06999999999999999,prop_127,1000,2000,0.07976642277167173,0.583522368299362,True,0.5037559455276903,0.5037559455276903,0.3485866859574753,0.40441331404252473,-0.26882026318580354,0.17910905425683726,0.05582662808504946,0.08692931744264076,0.36100000000000004
rep0046,0.12,0.12296145833985304,alg1,0.1,0.010000000000000002,0.020000000000000004,0.06999999999999999,prop_127,1000,2000,-0.15903605776182278,0.3752647686932373,True,0.5343008264550602,0.3752647686932373,0.12283170838496205,0.16316829161503793,-0.2818677661467848,0.2120964770781994,0.040336583230075884,0.08296424322498419,0.41100000000000003
rep0047,0.48,0.47752701943189135,alg1,0.1,0.010000000000000002,0.020000000000000004,0.06999999999999999,prop_127,1000,2000,0.11920033196732127,0.6259062762859331,True,0.5067059443186118,0.5067059443186118,0.407927399646455,0.465072600353545,-0.28872706767913375,0.16083367593238806,0.05714520070708995,0.08206074361152188,0.36749999999999994
rep0048,0.57,0.5726813089453829,alg1,0.1,0.010000000000000002,0.020000000000000004,0.06999999999999999,prop_127,1000,2000,0.4634530468332595,1.0101070431542687,True,0.5466539963210092,0.5365469531667405,0.7894904080750659,0.8345095919249342,-0.3260373612418064,0.17559745122933446,0.04501918384986836,0.08063481247114074,0.4210000000000001
rep0049,0.74,0.7412554577471945,alg1,0.1,0.010000000000000002,0.020000000000000004,0.06999999999999999,prop_127,1000,2000,0.4228733752097433,0.9388853919088563,True,0.5160120166991131,0.5160120166991131,0.7416088096177974,0.7903911903822026,-0.31873543440805413,0.14849420152665374,0.04878238076440522,0.08672963593470784,0.38050000000000006
rep0050,0.62,0.6173942815743904,alg1,0.1,0.010000000000000002,0.020000000000000004,0.06999999999999999,prop_127,1000,2000,0.21872815948115254,0.7993214955272193,True,0.5805933360460668,0.5805933360460668,0.5324093273376947,0.5895906726623054,-0.3136811678565422,0.20973082286491396,0.05718134532461061,0.07791199072145605,0.4455000000000001
rep0051,0.27,0.26599598126632845,alg1,0.1,0.010000000000000002,0.020000000000000004,0.06999999999999999,prop_127,1000,2000,-0.018285483497393618,0.5087310326185615,True,0.527016516115955,0.5087310326185615,0.27798736467953666,0.3310126353204633,-0.2962728481769303,0.1777183972980981,0.05302527064092666,0.08049124547502834,0.3935
rep0052,0.31,0.3073068139568365,alg1,0.1,0.010000000000000002,0.020000000000000004,0.06999999999999999,prop_127,1000,2000,0.11118080816723602,0.6135570062586242,True,0.5023761980913881,0.5023761980913881,0.3826541659093535,0.4393458340906464,-0.2714733577421175,0.1742111721679778,0.0566916681812929,0.08668452991009523,0.3590000000000001
rep0053,0.62,0.6218265929743847,alg1,0.1,0.010000000000000002,0.020000000000000004,0.06999999999999999,prop_127,1000,2000,0.527675249197438,1.081130902773424,True,0.5534556535759859,0.472324750802562,0.824150056325376,0.865849943674624,-0.29647480712793794,0.21528095909880005,0.04169988734924801,0.08325576622673797,0.42850000000000005
rep0054,0.43,0.43339616303131784,alg1,0.1,0.010000000000000002,0.020000000000000004,0.06999999999999999,prop_127,1000,2000,0.0525844342928663,0.5619134792081215,True,0.5093290449152552,0.5093290449152552,0.3293973818797191,0.38460261812028085,-0.2768129475868528,0.17731086108784064,0.05520523624056173,0.07962380867469349,0.3745
rep0055,0.74,0.740619116521778,alg1,0.1,0.010000000000000002,0.020000000000000004,0.06999999999999999,prop_127,1000,2000,0.548873444188625,1.1240796401385584,True,0.5752061959499334,0.45112655581137495,0.9252117739069036,0.9527882260930963,-0.3763383297182785,0.17129141404546205,0.027576452186192757,0.07962974376374049,0.468
rep0056,0.79,0.7903021326927078,alg1,0.1,0.010000000000000002,0.020000000000000004,0.06999999999999999,prop_127,1000,2000,0.5630284666933996,1.0727382438008768,True,0.5097097771074772,0.43697153330660043,0.8506249877848576,0.8893750122151424,-0.287596521091458,0.18336323158573445,0.038750024430284746,0.07895975267719241,0.39200000000000007
rep0057,0.29,0.2885664653209669,alg1,0.1,0.010000000000000002,0.020000000000000004,0.06999999999999999,prop_127,1000,2000,0.11242457639318698,0.5754086817559219,True,0.4629841053627349,0.4629841053627349,0.3412004001158389,0.3967995998841611,-0.22877582372265193,0.17860908187176083,0.05559919976832217,0.07738490559441275,0.33
rep0058,0.68,0.680408527032369,alg1,0.1,0.010000000000000002,0.020000000000000004,0.06999999999999999,prop_127,1000,2000,0.2789268949046318,0.7653633419041309,True,0.4864364469994991,0.4864364469994991,0.5657077868202637,0.6222922131797363,-0.2867808919156319,0.14307112872439467,0.056584426359472584,0.08235202064002656,0.34750000000000003
rep0059,0.42,0.42124425860033593,alg1,0.1,0.010000000000000002,0.020000000000000004,0.06999999999999999,prop_127,1000,2000,0.10618080254818446,0.6195945122351026,True,0.5134137096869182,0.5134137096869182,0.38760356820675274,0.4443964317932472,-0.2814227656585683,0.1751980804418554,0.05679286358649449,0.08862084610042359,0.36800000000000005
rep0060,0.29,0.2851622642408732,alg1,0.1,0.010000000000000002,0.020000000000000004,0.06999999999999999,prop_127,1000,2000,0.09569900841058349,0.5836930677772588,True,0.48799405936667534,0.48799405936667534,0.35795286399767023,0.4140471360023298,-0.26225385558708675,0.16964593177492904,0.05609427200465955,0.0723997873620158,0.3595
rep0061,0.28,0.28253385670631975,alg1,0.1,0.010000000000000002,0.020000000000000004,0.06999999999999999,prop_127,1000,2000,0.02093293972436916,0.5407153760769065,True,0.5197824363525373,0.5197824363525373,0.3009521816620311,0.35504781833796895,-0.2800192419376619,0.18566755773893753,0.054095636675937864,0.08818679967659931,0.3775000000000001
rep0062,0.30,0.3032893933218672,alg1,0.1,0.010000000000000002,0.020000000000000004,0.06999999999999999,prop_127,1000,2000,-0.06762814080938201,0.5170097831748309,True,0.584637923984213,0.5170097831748309,0.2541324113328153,0.3058675886671848,-0.3217605521421973,0.21114219450764615,0.0517351773343695,0.08540274664984349,0.4475
rep0063,0.23,0.22593861408608223,alg1,0.1,0.010000000000000002,0.020000000000000004,0.06999999999999999,prop_127,1000,2000,-0.06272214280074814,0.42233226209004376,True,0.4850544048907919,0.42233226209004376,0.22118787793693281,0.27081212206306715,-0.28391002073768096,0.1515201400269766,0.04962424412613434,0.08293016076465753,0.35250000000000004
rep0064,0.46,0.4645980018826924,alg1,0.1,0.010000000000000002,0.020000000000000004,0.06999999999999999,prop_127,1000,2000,0.4270995507930254,0.909205592173241,True,0.4821060413802156,0.4821060413802156,0.6618196403032379,0.7151803596967621,-0.23472008951021253,0.19402523247647896,0.05336071939352416,0.07774532198669148,0.351
rep0065,0.35,0.34978067892353637,alg1,0.1,0.010000000000000002,0.020000000000000004,0.06999999999999999,prop_127,1000,2000,-0.10607997425617469,0.5023382043619506,True,0.6084181786181253,0.5023382043619506,0.2178079087877082,0.2671920912122918,-0.3238878830438829,0.23514611314965886,0.04938418242458362,0.0860339961935418,0.473
rep0066,0.42,0.41951121206361075,alg1,0.1,0.010000000000000002,0.020000000000000004,0.06999999999999999,prop_127,1000,2000,0.28784854768256385,0.8399108041138513,True,0.5520622564312875,0.5520622564312875,0.5859528639976702,0.6420471360023298,-0.29810431631510637,0.19786366811152156,0.05609427200465955,0.077967984426628,0.4179999999999999
rep0067,0.55,0.5539775859677241,alg1,0.1,0.010000000000000002,0.020000000000000004,0.06999999999999999,prop_127,1000,2000,0.3700689367503887,0.8643077371799099,True,0.49423880042952123,0.49423880042952123,0.6556815375602443,0.7093184624397557,-0.28561260080985557,0.15498927474015417,0.05363692487951144,0.08560187555000975,0.355
rep0068,0.56,0.5583333805698807,alg1,0.1,0.010000000000000002,0.020000000000000004,0.06999999999999999,prop_127,1000,2000,0.1301154770407808,0.7029714979134751,True,0.5728560208726943,0.5728560208726943,0.42830087225739083,0.4856991277426092,-0.29818539521661,0.21727237017086592,0.057398255485218375,0.08045776538747595,0.43499999999999994
rep0069,0.78,0.7830577745455012,alg1,0.1,0.010000000000000002,0.020000000000000004,0.06999999999999999,prop_127,1000,2000,0.5896343356044266,1.1419554741783027,True,0.5523211385738761,0.4103656643955734,0.8511567273023976,0.8898432726976025,-0.261522391697971,0.2521122014807002,0.038686545395204996,0.07863459317867122,0.435
rep0070,0.56,0.563090788980235,alg1,0.1,0.010000000000000002,0.020000000000000004,0.06999999999999999,prop_127,1000,2000,0.49615646032892535,0.9838470517744691,True,0.4876905914455437,0.4876905914455437,0.7727842723604228,0.8192157276395773,-0.27662781203149744,0.1646313241348918,0.04643145527915449,0.08325913616638925,0.358
rep0071,0.33,0.3264090036193587,alg1,0.1,0.010000000000000002,0.020000000000000004,0.06999999999999999,prop_127,1000,2000,0.04607262495039932,0.552591379411703,True,0.5065187544613037,0.5065187544613037,0.29068153756024434,0.34431846243975567,-0.24460891260984502,0.20827291697194728,0.05363692487951133,0.0838818295817923,0.369
rep0072,0.49,0.48677170664394004,alg1,0.1,0.010000000000000002,0.020000000000000004,0.06999999999999999,prop_127,1000,2000,0.22967541768542432,0.772298942989806,True,0.5426235253043816,0.5426235253043816,0.5027513725746621,0.5602486274253379,-0.27307595488923775,0.21205031556446807,0.057497254850675805,0.08112627045370585,0.40399999999999997
rep0073,0.70,0.702623162955592,alg1,0.1,0.010000000000000002,0.020000000000000004,0.06999999999999999,prop_127,1000,2000,0.49735888260515176,0.9761040755312017,True,0.47874519292604995,0.47874519292604995,0.7592523067508572,0.8067476932491429,-0.26189342414570543,0.16935638228205888,0.04749538649828566,0.07674980642776436,0.3545
rep0074,0.82,0.817783968025029,alg1,0.1,0.010000000000000002,0.020000000000000004,0.06999999999999999,prop_127,1000,2000,0.5274015397287406,1.047055524391633,True,0.5196539846628925,0.4725984602712594,0.81203797959077,0.8549620204092301,-0.2846364398620294,0.1920935039824031,0.04292404081846013,0.0872299438444325,0.3895
rep0075,0.10,0.10267969872404988,alg1,0.1,0.010000000000000002,0.020000000000000004,0.06999999999999999,prop_127,1000,2000,-0.18912097190295327,0.35390599870631956,True,0.5430269706092729,0.35390599870631956,0.134150056325376,0.175849943674624,-0.32327102822832926,0.17805605503169555,0.04169988734924801,0.08582708326002486,0.4155
rep0076,0.02,0.018399745229811547,alg1,0.1,0.010000000000000002,0.020000000000000004,0.06999999999999999,prop_127,1000,2000,-0.3360002239149446,0.18265529098215222,True,0.5186555148970968,0.18265529098215222,-0.0007296174086565284,0.0037296174086565285,-0.3352706065062881,0.1789256735734957,0.004459234817313057,0.07669628007978391,0.4374999999999999
rep0077,0.43,0.4319906624239277,alg1,0.1,0.010000000000000002,0.020000000000000004,0.06999999999999999,prop_127,1000,2000,0.10247595071348659,0.6510073603296958,True,0.5485314096162092,0.5485314096162092,0.43775887798258717,0.4952411220174129,-0.3352829272691006,0.15576623831228287,0.057482244034825714,0.08504916558138342,0.406
rep0078,0.13,0.12622531678299564,alg1,0.1,0.010000000000000002,0.020000000000000004,0.06999999999999999,prop_127,1000,2000,-0.16606848848891523,0.25677024066168525,True,0.4228387291506005,0.25677024066168525,0.06573735599619965,0.09726264400380036,-0.23180584448511488,0.1595075966578849,0.03152528800760071,0.07931344114299976,0.312
rep0079,0.41,0.41262177518116394,alg1,0.1,0.010000000000000002,0.020000000000000004,0.06999999999999999,prop_127,1000,2000,0.20937636610034494,0.7128584630954258,True,0.5034820969950808,0.5034820969950808,0.4641969736429557,0.5218030263570443,-0.25482060754261077,0.19105543673838143,0.05760605271408864,0.08837604428099222,0.3575
rep0080,0.52,0.5201792252244676,alg1,0.1,0.010000000000000002,0.020000000000000004,0.06999999999999999,prop_127,1000,2000,0.32534420263183245,0.8667523441889817,True,0.5414081415571492,0.5414081415571492,0.6485269094852701,0.7024730905147298,-0.3231827068534377,0.16427925367425195,0.053946181029459694,0.08346196052768962,0.404
rep0081,0.53,0.5264169210416092,alg1,0.1,0.010000000000000002,0.020000000000000004,0.06999999999999999,prop_127,1000,2000,0.13270352604553137,0.733160624567203,True,0.6004570985216716,0.6004570985216716,0.43327746230104924,0.4907225376989508,-0.30057393625551787,0.24243808686825222,0.05744507539790156,0.08551202312377004,0.4575
rep0082,0.60,0.6023582352932083,alg1,0.1,0.010000000000000002,0.020000000000000004,0.06999999999999999,prop_127,1000,2000,0.29551665648723274,0.8367090424136565,True,0.5411923859264238,0.5411923859264238,0.6189583689469823,0.6740416310530176,-0.32344171245974956,0.16266741136063886,0.05508326210603531,0.08010912382038837,0.406
rep0083,0.39,0.3924388249352025,alg1,0.1,0.010000000000000002,0.020000000000000004,0.06999999999999999,prop_127,1000,2000,0.13951931258704872,0.6255712549889774,True,0.4860519424019286,0.4860519424019286,0.3826541659093535,0.4393458340906464,-0.2431348533223048,0.186225420898331,0.0566916681812929,0.07486027422063585,0.3545
rep0084,0.58,0.5848810073817661,alg1,0.1,0.010000000000000002,0.020000000000000004,0.06999999999999999,prop_127,1000,2000,0.45972627771213587,0.9791900844202862,True,0.5194638067081503,0.5194638067081503,0.7436815839111115,0.7923184160888885,-0.28395530619897563,0.18687166833139765,0.048636832177777034,0.07432697453037324,0.3965
rep0085,0.15,0.15233852136627424,alg1,0.1,0.010000000000000002,0.020000000000000004,0.06999999999999999,prop_127,1000,2000,-0.007790020649947715,0.4920917277375926,True,0.4998817483875403,0.4920917277375926,0.26629182139003515,0.3187081786099648,-0.27408184203998287,0.17338354912762777,0.052416357219929655,0.07446539116761064,0.373
rep0086,0.53,0.5253253490104887,alg1,0.1,0.010000000000000002,0.020000000000000004,0.06999999999999999,prop_127,1000,2000,0.18942898620262422,0.6761393301445764,True,0.4867103439419522,0.4867103439419522,0.4811999122774945,0.5388000877225055,-0.29177092607487026,0.13733924242207085,0.05760017544501106,0.06661016849694107,0.36250000000000004
rep0087,0.58,0.5822989281723502,alg1,0.1,0.010000000000000002,0.020000000000000004,0.06999999999999999,prop_127,1000,2000,0.34804949238427807,0.8801262366449516,True,0.5320767442606735,0.5320767442606735,0.6429102464644618,0.6970897535355383,-0.29486075408018375,0.1830364831094134,0.05417950707107644,0.07839723718959718,0.39949999999999997
rep0088,0.46,0.46374490906187904,alg1,0.1,0.010000000000000002,0.020000000000000004,0.06999999999999999,prop_127,1000,2000,0.36521874729873594,0.8447210260036228,True,0.4795022787048868,0.4795022787048868,0.6052319380443593,0.6607680619556408,-0.2400131907456233,0.183952964047982,0.05553612391128149,0.07546615479360536,0.3485
rep0089,0.27,0.2686688295956495,alg1,0.1,0.010000000000000002,0.020000000000000004,0.06999999999999999,prop_127,1000,2000,0.031617320019231065,0.5331422521976629,True,0.5015249321784319,0.5015249321784319,0.2862846283752664,0.3397153716247336,-0.25466730835603535,0.19342688057292928,0.05343074324946717,0.08809418892896465,0.36
rep0090,0.39,0.3854407308027258,alg1,0.1,0.010000000000000002,0.020000000000000004,0.06999999999999999,prop_127,1000,2000,0.3352112728392793,0.7997748988154612,True,0.46456362597618184,0.46456362597618184,0.581899897534515,0.638100102465485,-0.24668862469523567,0.1616747963499762,0.05620020493097,0.08136342104521183,0.327
rep0091,0.30,0.3007708905744602,alg1,0.1,0.010000000000000002,0.020000000000000004,0.06999999999999999,prop_127,1000,2000,0.10510156827617839,0.6268331936988348,True,0.5217316254226565,0.5217316254226565,0.39106993994139766,0.4479300600586023,-0.28596837166521927,0.17890313364023253,0.05686012011720465,0.07587150530545178,0.389
rep0092,0.90,0.8969673286747886,alg1,0.1,0.010000000000000002,0.020000000000000004,0.06999999999999999,prop_127,1000,2000,0.5825523038961706,1.0624670156049958,True,0.47991471170882516,0.41744769610382937,0.8634139980345834,0.9005860019654166,-0.28086169413841283,0.1618810136395793,0.0371720039308332,0.08424270777799214,0.3585
rep0093,0.49,0.49389760047895553,alg1,0.1,0.010000000000000002,0.020000000000000004,0.06999999999999999,prop_127,1000,2000,0.3875473591070609,0.90265433767133,True,0.515106978564269,0.515106978564269,0.6848847369758214,0.7371152630241785,-0.2973373778687605,0.16553907464715148,0.052230526048357095,0.07137645251591213,0.3914999999999999
rep0094,0.36,0.36249953729567014,alg1,0.1,0.010000000000000002,0.020000000000000004,0.06999999999999999,prop_127,1000,2000,0.23491388113540115,0.7183661411634557,True,0.4834522600280545,0.4834522600280545,0.47269428015798276,0.5303057198420171,-0.2377803990225816,0.18806042132143858,0.05761143968403437,0.08584082034402019,0.33999999999999997
rep0095,0.64,0.6384495913210911,alg1,0.1,0.010000000000000002,0.020000000000000004,0.06999999999999999,prop_127,1000,2000,0.2505036147647911,0.7975725823135179,True,0.5470689675487268,0.5470689675487268,0.5374462098873805,0.5945537901126194,-0.28694259512258935,0.20301879220089844,0.057107580225238985,0.0849613873234879,0.4049999999999999
rep0096,0.19,0.1861533670927711,alg1,0.1,0.010000000000000002,0.020000000000000004,0.06999999999999999,prop_127,1000,2000,-0.07438499941239743,0.43394757627041447,True,0.5083325756828119,0.43394757627041447,0.2318248741033385,0.2821751258966615,-0.3062098735157359,0.151772450373753,0.050350251793323,0.07848232388948889,0.3795
rep0097,0.25,0.24732040969853472,alg1,0.1,0.010000000000000002,0.020000000000000004,0.06999999999999999,prop_127,1000,2000,0.1258707638995521,0.6140505906605602,True,0.48817982676100813,0.48817982676100813,0.3826541659093535,0.4393458340906464,-0.25678340200980143,0.17470475656991385,0.0566916681812929,0.0574881585797154,0.3739999999999999
rep0098,0.27,0.2733129776799133,alg1,0.1,0.010000000000000002,0.020000000000000004,0.06999999999999999,prop_127,1000,2000,0.11246638485997829,0.5829603350601985,True,0.4704939502002202,0.4704939502002202,0.3510503684190179,0.40694963158098213,-0.2385839835590396,0.17601070347921638,0.05589926316196425,0.08259468703825601,0.33199999999999996
rep0099,0.57,0.5665632698271305,alg1,0.1,0.010000000000000002,0.020000000000000004,0.06999999999999999,prop_127,1000,2000,0.4503046175803854,0.9811294851909576,True,0.5308248676105721,0.5308248676105721,0.724020229033747,0.773979770966253,-0.27371561145336154,0.20714971422470446,0.04995954193250607,0.07736532567806603,0.40349999999999997
rep0100,0.84,0.8400038337233839,alg1,0.1,0.010000000000000002,0.020000000000000004,0.06999999999999999,prop_127,1000,2000,0.5747584039525022,1.104726845945791,True,0.5299684419932889,0.4252415960474978,0.8532846414453928,0.8917153585546073,-0.27852623749289057,0.21301148739118392,0.03843071710921442,0.08103772488407451,0.4105
rep0101,0.09,0.09259465524280322,alg1,0.1,0.010000000000000002,0.020000000000000004,0.06999999999999999,prop_127,1000,2000,-0.10302714419125719,0.4136351640385829,True,0.51666230822984,0.4136351640385829,0.134150056325376,0.175849943674624,-0.23717720051663319,0.23778522036395888,0.04169988734924801,0.08646242088059203,0.3885
rep0102,0.55,0.54833822054849,alg1,0.1,0.010000000000000002,0.020000000000000004,0.06999999999999999,prop_127,1000,2000,0.37736987224529117,0.8765119172278367,True,0.49914204498254555,0.49914204498254555,0.6536366495028094,0.7073633504971906,-0.27626677725751825,0.16914856673064618,0.05372670099438115,0.07691534398816446,0.36849999999999994
rep0103,0.49,0.4875898937659862,alg1,0.1,0.010000000000000002,0.020000000000000004,0.06999999999999999,prop_127,1000,2000,0.4384661321301801,0.9123880886161508,True,0.47392195648597074,0.47392195648597074,0.6812918213900352,0.7337081786099648,-0.2428256892598551,0.178679910006186,0.052416357219929655,0.08350559926604106,0.338
rep0104,0.84,0.844527346239085,alg1,0.1,0.010000000000000002,0.020000000000000004,0.06999999999999999,prop_127,1000,2000,0.43403203126411194,0.9261254617968854,True,0.49209343053277343,0.49209343053277343,0.6987610587247878,0.7502389412752123,-0.26472902746067584,0.17588652052167308,0.051477882550424514,0.07811554798234888,0.36250000000000004
rep0105,0.49,0.48638138528843694,alg1,0.1,0.010000000000000002,0.020000000000000004,0.06999999999999999,prop_127,1000,2000,0.20378526574174344,0.7763812689088376,True,0.5725960031670942,0.5725960031670942,0.4716941649342968,0.5293058350657031,-0.26790889919255334,0.2470754338431346,0.05761167013140628,0.07948433303568792,0.4355
rep0106,0.30,0.2975758293502397,alg1,0.1,0.010000000000000002,0.020000000000000004,0.06999999999999999,prop_127,1000,2000,0.14270081777164095,0.6536058372934792,True,0.5109050195218383,0.5109050195218383,0.39999019722129586,0.4570098027787041,-0.2572893794496549,0.1965960345147751,0.05701960555740826,0.08288541396443005,0.37099999999999994
rep0107,0.49,0.48727867062930913,alg1,0.1,0.010000000000000002,0.020000000000000004,0.06999999999999999,prop_127,1000,2000,0.3037923611606392,0.7762879884534197,True,0.47249562729278055,0.47249562729278055,0.5778489171121786,0.6341510828878214,-0.2740565559515394,0.14213690556559833,0.05630216577564284,0.08619346151713769,0.33
rep0108,0.35,0.351376552167757,alg1,0.1,0.010000000000000002,0.020000000000000004,0.06999999999999999,prop_127,1000,2000,0.25932285196904803,0.7991489267418379,True,0.5398260747727899,0.5398260747727899,0.5561084924008638,0.6128915075991362,-0.29678564043181577,0.18625741914270172,0.056783015198272446,0.08004305957451746,0.403
rep0109,0.03,0.03182158549482356,alg1,0.1,0.010000000000000002,0.020000000000000004,0.06999999999999999,prop_127,1000,2000,-0.032056078988384806,0.518495716386698,True,0.5505517953750828,0.518495716386698,0.26239816479080863,0.3146018352091913,-0.29445424377919344,0.20389388117750668,0.0522036704183827,0.08284812495670002,0.4155000000000001
rep0110,0.84,0.8408454680617381,alg1,0.1,0.010000000000000002,0.020000000000000004,0.06999999999999999,prop_127,1000,2000,0.5286651518645207,1.0394688474609783,True,0.5108036955964577,0.4713348481354793,0.8283721957583684,0.8696278042416316,-0.29970704389384767,0.16984104321934673,0.04125560848326315,0.06904808711319443,0.40049999999999997
rep0111,0.43,0.42557647542285837,alg1,0.1,0.010000000000000002,0.020000000000000004,0.06999999999999999,prop_127,1000,2000,0.060434059598846845,0.5667280161993606,True,0.5062939566005138,0.5062939566005138,0.32350291924343455,0.3784970807565654,-0.2630688596445877,0.18823093544279523,0.05499416151313086,0.08379979508738289,0.36750000000000005
rep0112,0.20,0.1977004476081061,alg1,0.1,0.010000000000000002,0.020000000000000004,0.06999999999999999,prop_127,1000,2000,0.1109760441474204,0.5806944264355557,True,0.4697183822881353,0.4697183822881353,0.37276444816320903,0.429235551836791,-0.2617884040157886,0.15145887459876467,0.05647110367358199,0.07674727861455316,0.33650000000000013
rep0113,0.50,0.4991791366377725,alg1,0.1,0.010000000000000002,0.020000000000000004,0.06999999999999999,prop_127,1000,2000,0.19604264439423885,0.6411641006484242,True,0.44512145625418537,0.44512145625418537,0.4347710062450774,0.49222899375492263,-0.23872836185083857,0.1489351068935016,0.05745798750984521,0.07516346874434016,0.3125
rep0114,0.61,0.613244252167947,alg1,0.1,0.010000000000000002,0.020000000000000004,0.06999999999999999,prop_127,1000,2000,0.42644676293526107,0.9369230099412266,True,0.5104762470059655,0.5104762470059655,0.6730864496663953,0.7259135503336047,-0.24663968673113426,0.21100945960762185,0.052827100667209415,0.08864914633875609,0.369
rep0115,0.32,0.3202082063400753,alg1,0.1,0.010000000000000002,0.020000000000000004,0.06999999999999999,prop_127,1000,2000,0.019555611985871524,0.613930120131411,True,0.5943745081455395,0.5943745081455395,0.3338213257729228,0.3891786742270772,-0.31426571378705126,0.2247514459043338,0.05535734845415441,0.07751715969138506,0.4615
rep0116,0.77,0.766382026743104,alg1,0.1,0.010000000000000002,0.020000000000000004,0.06999999999999999,prop_127,1000,2000,0.5827557238693314,1.0038689024154341,True,0.42111317854610275,0.4172442761306686,0.803634121178082,0.847365878821918,-0.22087839730875058,0.15650302359351598,0.04373175764383608,0.07738142090226657,0.3
rep0117,0.68,0.6784440571169228,alg1,0.1,0.010000000000000002,0.020000000000000004,0.06999999999999999,prop_127,1000,2000,0.3913867115391625,0.9468073705815608,True,0.5554206590423983,0.5554206590423983,0.712666831656844,0.763333168343156,-0.3212801201176815,0.18347420223840485,0.05066633668631204,0.08275432235608626,0.42200000000000004
rep0118,0.42,0.4243860261335837,alg1,0.1,0.010000000000000002,0.020000000000000004,0.06999999999999999,prop_127,1000,2000,0.29779006683463427,0.8691680541755247,True,0.5713779873408904,0.5713779873408904,0.5859528639976702,0.6420471360023298,-0.28816279716303594,0.22712091817319485,0.05609427200465955,0.0867837153362308,0.42850000000000005
rep0119,0.42,0.42460332203803136,alg1,0.1,0.010000000000000002,0.020000000000000004,0.06999999999999999,prop_127,1000,2000,0.0752734114943594,0.5836206780063037,True,0.5083472665119443,0.5083472665119443,0.3989985806853489,0.4560014193146511,-0.3237251691909895,0.12761925869165258,0.05700283862930222,0.07984442788264207,0.3715
rep0120,0.65,0.6502263512603628,alg1,0.1,0.010000000000000002,0.020000000000000004,0.06999999999999999,prop_127,1000,2000,0.06494754151628124,0.5955618067179573,False,0.5306142652016761,0.5306142652016761,0.35006480065752166,0.40593519934247835,-0.2851172591412404,0.18962660737547898,0.05587039868495669,0.08424386651671939,0.3905
rep0121,0.76,0.7644800016558357,alg1,0.1,0.010000000000000002,0.020000000000000004,0.06999999999999999,prop_127,1000,2000,0.61163372909999,1.1289608731200096,True,0.5173271440200196,0.38836627090000997,0.9131080723073836,0.9428919276926165,-0.3014743432073935,0.1860689454273931,0.029783855385232982,0.07504328863478654,0.4125000000000001
rep0122,0.57,0.5690757886312365,alg1,0.1,0.010000000000000002,0.020000000000000004,0.06999999999999999,prop_127,1000,2000,0.479194712054206,0.9824457019521634,True,0.5032509898979574,0.5032509898979574,0.7524995062520577,0.8005004937479422,-0.27330479419785175,0.18194520820422125,0.04800098749588444,0.08525000240207303,0.37
rep0123,0.42,0.41719685876387674,alg1,0.1,0.010000000000000002,0.020000000000000004,0.06999999999999999,prop_127,1000,2000,0.07788685052987226,0.6183210809363529,True,0.5404342304064806,0.5404342304064806,0.3564732407322164,0.4125267592677836,-0.27858639020234416,0.20579432166856923,0.05605351853556717,0.08488071187091328,0.3995000000000001
rep0124,0.21,0.20996606860775566,alg1,0.1,0.010000000000000002,0.020000000000000004,0.06999999999999999,prop_127,1000,2000,0.1739981531592249,0.6660772763125586,True,0.49207912315333374,0.49207912315333374,0.4024697583060627,0.4595302416939373,-0.2284716051468378,0.20654703461862128,0.057060483387874616,0.08301863976545909,0.352
rep0125,0.30,0.2967969555225577,alg1,0.1,0.010000000000000002,0.020000000000000004,0.06999999999999999,prop_127,1000,2000,0.2595903063558568,0.6999871692343785,True,0.44039686287852176,0.44039686287852176,0.48720890290387114,0.5447910970961288,-0.2276185965480144,0.15519607213824968,0.057582194192257685,0.08081466868626408,0.302
rep0126,0.70,0.6950525523728668,alg1,0.1,0.010000000000000002,0.020000000000000004,0.06999999999999999,prop_127,1000,2000,0.42272357610836686,0.9620776222365146,True,0.5393540461281477,0.5393540461281477,0.706997873820934,0.758002126179066,-0.2842742977125672,0.2040754960574485,0.051004252358131996,0.08334979377001567,0.405
rep0127,0.27,0.27417071432743445,alg1,0.1,0.010000000000000002,0.020000000000000004,0.06999999999999999,prop_127,1000,2000,0.08695556919309727,0.6558012241451572,True,0.56884565495206,0.56884565495206,0.3885938100126005,0.44540618998739945,-0.30163824081950324,0.2103950341577578,0.05681237997479893,0.07453327497726092,0.4375000000000001
rep0128,0.21,0.20962222296074454,alg1,0.1,0.010000000000000002,0.020000000000000004,0.06999999999999999,prop_127,1000,2000,-0.11262105290560803,0.37006588749002434,True,0.48268694039563237,0.37006588749002434,0.1712186703515507,0.21678132964844932,-0.2838397232571587,0.15328455784157502,0.04556265929689862,0.0746242810987337,0.36250000000000004
rep0129,0.38,0.3824381869736448,alg1,0.1,0.010000000000000002,0.020000000000000004,0.06999999999999999,prop_127,1000,2000,0.03189298687050579,0.5565408025756766,True,0.5246478157051708,0.5246478157051708,0.31908519898729465,0.3739148010127053,-0.28719221211678886,0.1826260015629713,0.05482960202541065,0.07081821367976016,0.399
rep0130,0.77,0.7675142854691408,alg1,0.1,0.010000000000000002,0.020000000000000004,0.06999999999999999,prop_127,1000,2000,0.7430216555038197,1.1985358998138722,True,0.4555142443100525,0.2569783444961803,1.0,1.0,-0.2569783444961803,0.19853589981387218,0.0,0.08601424431005245,0.36950000000000005
rep0131,0.33,0.3273477209373877,alg1,0.1,0.010000000000000002,0.020000000000000004,0.06999999999999999,prop_127,1000,2000,0.005550591576095498,0.5088662331972613,True,0.5033156416211658,0.5033156416211658,0.2950813382511417,0.3489186617488583,-0.2895307466750462,0.15994757144840302,0.05383732349771664,0.07347831812344907,0.3760000000000001
rep0132,0.56,0.5611586307860696,alg1,0.1,0.010000000000000002,0.020000000000000004,0.06999999999999999,prop_127,1000,2000,0.2896595187770979,0.7875230375546391,True,0.49786351877754126,0.49786351877754126,0.5556035682067527,0.6123964317932472,-0.2659440494296548,0.17512660576139188,0.05679286358649449,0.08657065519104673,0.3545
rep0133,0.74,0.7368054753056534,alg1,0.1,0.010000000000000002,0.020000000000000004,0.06999999999999999,prop_127,1000,2000,0.5277550617443985,1.0597073054587753,True,0.5319522437143769,0.47224493825560154,0.8273161965295157,0.8686838034704842,-0.29956113478511726,0.19102350198829102,0.041367606940968527,0.07458463677340821,0.41600000000000004
rep0134,0.41,0.4088117305212921,alg1,0.1,0.010000000000000002,0.020000000000000004,0.06999999999999999,prop_127,1000,2000,0.23186738956243214,0.7844745042490382,True,0.5526071146866061,0.5526071146866061,0.5228473585894332,0.5801526414105668,-0.2909799690270011,0.20432186283847137,0.05730528282113356,0.08430183186547241,0.41100000000000003
rep0135,0.25,0.25154474241705743,alg1,0.1,0.010000000000000002,0.020000000000000004,0.06999999999999999,prop_127,1000,2000,-0.20826299023324105,0.3480172862284354,True,0.5562802764616764,0.3480172862284354,0.09801681024648037,0.13498318975351964,-0.3062798004797214,0.21303409647491578,0.036966379507039265,0.08231389695463714,0.437
rep0136,0.69,0.6887079765048779,alg1,0.1,0.010000000000000002,0.020000000000000004,0.06999999999999999,prop_127,1000,2000,0.4241283706180177,0.9303271932411603,True,0.5061988226231426,0.5061988226231426,0.7018486377024883,0.7531513622975118,-0.27772026708447056,0.17717583094364858,0.0513027245950235,0.0768960980281192,0.37799999999999995
rep0137,0.53,0.5275458634709043,alg1,0.1,0.010000000000000002,0.020000000000000004,0.06999999999999999,prop_127,1000,2000,0.13108267157143005,0.670064038485204,True,0.538981366913774,0.538981366913774,0.4074311026142471,0.4645688973857529,-0.27634843104281703,0.2054951410994511,0.05713779477150582,0.07634357214226806,0.4055000000000001
rep0138,0.68,0.6836662035569702,alg1,0.1,0.010000000000000002,0.020000000000000004,0.06999999999999999,prop_127,1000,2000,0.4299756144402466,0.9608895024672689,True,0.5309138880270223,0.5309138880270223,0.7131824440188955,0.7638175559811046,-0.2832068295786489,0.19707194648616433,0.050635111962209045,0.0792787760648132,0.401
rep0139,0.34,0.34246234424060046,alg1,0.1,0.010000000000000002,0.020000000000000004,0.06999999999999999,prop_127,1000,2000,-0.09207924314253044,0.43423078410384475,True,0.5263100272463752,0.43423078410384475,0.226020229033747,0.27597977096625304,-0.31809947217627743,0.15825101313759174,0.04995954193250604,0.08085048531386912,0.3955
rep0140,0.76,0.76026167043702,alg1,0.1,0.010000000000000002,0.020000000000000004,0.06999999999999999,prop_127,1000,2000,0.3749144886063302,0.902658154959665,True,0.5277436663533348,0.5277436663533348,0.6654026059234469,0.718597394076553,-0.2904881173171167,0.184060760883112,0.053194788153106076,0.07904887820022871,0.3955
rep0141,0.37,0.3662954280554882,alg1,0.1,0.010000000000000002,0.020000000000000004,0.06999999999999999,prop_127,1000,2000,-0.04279408875148255,0.4550292228959121,True,0.49782331164739463,0.4550292228959121,0.2236034957509374,0.2733965042490626,-0.26639758450241996,0.1816327186468495,0.04979300849812518,0.07803030314926945,0.37
rep0142,0.75,0.7451563627738389,alg1,0.1,0.010000000000000002,0.020000000000000004,0.06999999999999999,prop_127,1000,2000,0.5878505986914956,1.0680481226324894,True,0.4801975239409938,0.4121494013085044,0.8832549649469574,0.9177450350530425,-0.29540436625546185,0.15030308757944688,0.03449007010608507,0.07420745383490873,0.3715
rep0143,0.90,0.897294643447469,alg1,0.1,0.010000000000000002,0.020000000000000004,0.06999999999999999,prop_127,1000,2000,0.6472793516204722,1.136686408052074,True,0.48940705643160176,0.35272064837952777,0.953267511053795,0.9747324889462049,-0.30598815943332286,0.16195391910586904,0.021464977892409864,0.08494207853919183,0.38300000000000006
rep0144,0.74,0.7412687251743392,alg1,0.1,0.010000000000000002,0.020000000000000004,0.06999999999999999,prop_127,1000,2000,0.3474472379223839,0.8431835338766631,True,0.4957362959542792,0.4957362959542792,0.6209939430774524,0.6760060569225476,-0.27354670515506846,0.16717747695411556,0.05501211384509519,0.07872418210918414,0.3619999999999999
rep0145,0.83,0.8325232975898993,alg1,0.1,0.010000000000000002,0.020000000000000004,0.06999999999999999,prop_127,1000,2000,0.7238678629676996,1.1899536755305367,True,0.4660858125628371,0.27613213703230044,1.0,1.0,-0.27613213703230044,0.18995367553053666,0.0,0.07808581256283709,0.388
rep0146,0.41,0.4065789411622467,alg1,0.1,0.010000000000000002,0.020000000000000004,0.06999999999999999,prop_127,1000,2000,0.17193506090048277,0.6552115119885589,True,0.4832764510880761,0.4832764510880761,0.4183564389496288,0.4756435610503712,-0.24642137804914604,0.1795679509381877,0.05728712210074238,0.07998932898733369,0.3460000000000001
rep0147,0.55,0.5491873758139197,alg1,0.1,0.010000000000000002,0.020000000000000004,0.06999999999999999,prop_127,1000,2000,0.31392850049341536,0.8092412475714659,True,0.4953127470780505,0.4953127470780505,0.5859528639976702,0.6420471360023298,-0.27202436350425485,0.1671941115691361,0.05609427200465955,0.08121847507339097,0.358
rep0148,0.73,0.7275578003271946,alg1,0.1,0.010000000000000002,0.020000000000000004,0.06999999999999999,prop_127,1000,2000,0.43548323907337155,0.92866357346167,True,0.4931803343882985,0.4931803343882985,0.6905345824127691,0.742465417587231,-0.25505134333939755,0.18619815587443914,0.05193083517446184,0.07974949921383667,0.36150000000000004
rep0149,0.15,0.14942201113331577,alg1,0.1,0.010000000000000002,0.020000000000000004,0.06999999999999999,prop_127,1000,2000,-0.057865536362615766,0.49382033519753465,True,0.5516858715601505,0.49382033519753465,0.23715126164490485,0.28784873835509517,-0.2950167980075206,0.2059715968424395,0.050697476710190315,0.07998839484996012,0.42100000000000004
rep0150,0.66,0.6594739645358743,alg1,0.1,0.010000000000000002,0.020000000000000004,0.06999999999999999,prop_127,1000,2000,0.34738238246489966,0.8586140410581333,True,0.5112316585932337,0.5112316585932337,0.6159059958524699,0.6710940041475301,-0.2685236133875702,0.1875200369106033,0.05518800829506021,0.08304365029817351,0.373
rep0151,0.25,0.24827371044222815,alg1,0.1,0.010000000000000002,0.020000000000000004,0.06999999999999999,prop_127,1000,2000,-0.1281298146823946,0.411765206956073,True,0.5398950216384676,0.411765206956073,0.17839075973151924,0.22460924026848078,-0.30652057441391384,0.18715596668759218,0.04621848053696154,0.08667654110150608,0.407
rep0152,0.51,0.5121843296922564,alg1,0.1,0.010000000000000002,0.020000000000000004,0.06999999999999999,prop_127,1000,2000,0.1482237848848872,0.7002669886878911,True,0.5520432038030039,0.5520432038030039,0.482201122390637,0.539798877609363,-0.3339773375057498,0.16046811107852807,0.057597755218725954,0.06544544858427787,0.429
rep0153,0.26,0.25937349786959984,alg1,0.1,0.010000000000000002,0.020000000000000004,0.06999999999999999,prop_127,1000,2000,-0.10854156447206406,0.3848009582868036,True,0.4933425227588677,0.3848009582868036,0.17265205800145192,0.2183479419985481,-0.281193622473516,0.16645301628825548,0.045695883997096176,0.08464663876177148,0.363
rep0154,0.21,0.2082717208448632,alg1,0.1,0.010000000000000002,0.020000000000000004,0.06999999999999999,prop_127,1000,2000,-0.11225609535542436,0.3918235248879063,True,0.5040796202433306,0.3918235248879063,0.1922919633773288,0.2397080366226712,-0.30454805873275315,0.15211548826523508,0.047416073245342416,0.08366354699798823,0.373
rep0155,0.25,0.2453504546980276,alg1,0.1,0.010000000000000002,0.020000000000000004,0.06999999999999999,prop_127,1000,2000,0.01880646820540649,0.5858038249038342,True,0.5669973566984277,0.5669973566984277,0.3225209709617569,0.37747902903824304,-0.3037145027563504,0.2083247958655911,0.05495805807648613,0.07553929862194153,0.4365
rep0156,0.75,0.7475338642148317,alg1,0.1,0.010000000000000002,0.020000000000000004,0.06999999999999999,prop_127,1000,2000,0.5525641080512387,1.1019625049519028,True,0.5493983969006642,0.4474358919487613,0.8821781490520147,0.9168218509479852,-0.32961404100077607,0.18514065400391755,0.034643701895970436,0.07925469500469362,0.4355
rep0157,0.04,0.039363710895215086,alg1,0.1,0.010000000000000002,0.020000000000000004,0.06999999999999999,prop_127,1000,2000,-0.23533595515574207,0.28130141110265305,True,0.5166373662583952,0.28130141110265305,0.03568456446095426,0.06031543553904574,-0.2710205196166963,0.22098597556360733,0.024630871078091476,0.08100649518030362,0.41100000000000003
rep0158,0.81,0.8083218996639709,alg1,0.1,0.010000000000000002,0.020000000000000004,0.06999999999999999,prop_127,1000,2000,0.43080757218325166,0.9252594672392049,True,0.49445189505595327,0.49445189505595327,0.7116357339050873,0.7623642660949127,-0.2808281617218356,0.16289520114429218,0.050728532189825426,0.07372336286612785,0.36999999999999994
rep0159,0.74,0.7437225016026947,alg1,0.1,0.010000000000000002,0.020000000000000004,0.06999999999999999,prop_127,1000,2000,0.3986213952449651,0.9512125939968571,True,0.552591198751892,0.552591198751892,0.6720614552943637,0.7249385447056363,-0.2734400600493986,0.22627404929122075,0.05287708941127267,0.07271410934061934,0.427
rep0160,0.16,0.16231761868478653,alg1,0.1,0.010000000000000002,0.020000000000000004,0.06999999999999999,prop_127,1000,2000,-0.13859139323409544,0.33284605897428987,True,0.4714374522083853,0.33284605897428987,0.15358484367474898,0.197415156325251,-0.2921762369088444,0.1354309026490389,0.043830312650502024,0.07510713955788323,0.3525000000000001
rep0161,0.18,0.17989688605408732,alg1,0.1,0.010000000000000002,0.020000000000000004,0.06999999999999999,prop_127,1000,2000,-0.10003884609990027,0.49831490954455643,True,0.5983537556444567,0.49831490954455643,0.2697007800279329,0.32229921997206706,-0.3697396261278332,0.17601568957248936,0.05259843994413416,0.07725531570032257,0.46849999999999997
rep0162,0.81,0.8138683302030187,alg1,0.1,0.010000000000000002,0.020000000000000004,0.06999999999999999,prop_127,1000,2000,0.4753493604341597,1.0178843264665196,True,0.54253496603236,0.5246506395658403,0.7691374970896051,0.8158625029103949,-0.2937881366554454,0.2020218235561248,0.046725005820789756,0.08430996021157022,0.4115
rep0163,0.22,0.22125079618287574,alg1,0.1,0.010000000000000002,0.020000000000000004,0.06999999999999999,prop_127,1000,2000,-0.17421762268258636,0.38785823212106096,True,0.5620758548036473,0.38785823212106096,0.1412465335870852,0.18375346641291482,-0.31546415626967156,0.20410476570814615,0.042506932825829624,0.08256892197781773,0.43699999999999994
rep0164,0.59,0.5875930004047152,alg1,0.1,0.010000000000000002,0.020000000000000004,0.06999999999999999,prop_127,1000,2000,0.09883180410324682,0.6566588497280899,True,0.5578270456248431,0.5578270456248431,0.4238244315398477,0.4811755684601523,-0.3249926274366009,0.17548328126793752,0.05735113692030458,0.08497590870453842,0.4155
rep0165,0.52,0.5153033839925631,alg1,0.1,0.010000000000000002,0.020000000000000004,0.06999999999999999,prop_127,1000,2000,0.3890324488147391,0.9617528838107887,True,0.5727204349960496,0.5727204349960496,0.6577269967604038,0.7112730032395962,-0.2686945479456647,0.2504798805711926,0.05354600647919239,0.0816744285168573,0.43750000000000006
rep0166,0.22,0.2213474430979118,alg1,0.1,0.010000000000000002,0.020000000000000004,0.06999999999999999,prop_127,1000,2000,-0.07245377711960743,0.467737858982077,True,0.5401916361016844,0.467737858982077,0.24054345086364104,0.291456549136359,-0.31299722798324847,0.17628130984571802,0.05091309827271795,0.07827853782896643,0.41100000000000003
rep0167,0.42,0.41672139865128677,alg1,0.1,0.010000000000000002,0.020000000000000004,0.06999999999999999,prop_127,1000,2000,0.13753503083024904,0.6238093282348876,True,0.4862742974046385,0.4862742974046385,0.3980070831046939,0.4549929168953061,-0.26047205227444487,0.16881641133958145,0.05698583379061217,0.08728846361402637,0.3419999999999999
rep0168,0.56,0.5566249948334794,alg1,0.1,0.010000000000000002,0.020000000000000004,0.06999999999999999,prop_127,1000,2000,0.19397158092955513,0.6801569820119652,True,0.48618540108241004,0.48618540108241004,0.4761955908598511,0.5338044091401489,-0.28222400993029595,0.14635257287181627,0.05760881828029785,0.08457658280211222,0.344
rep0169,0.71,0.713573030530184,alg1,0.1,0.010000000000000002,0.020000000000000004,0.06999999999999999,prop_127,1000,2000,0.6300543546438679,1.1287946042522357,True,0.4987402496083677,0.36994564535613206,0.895137085753912,0.9278629142460879,-0.26508273111004416,0.2009316900061478,0.03272582849217587,0.08251442111619195,0.3835
rep0170,0.45,0.44651945910683194,alg1,0.1,0.010000000000000002,0.020000000000000004,0.06999999999999999,prop_127,1000,2000,0.25862613643796145,0.7895826896796982,True,0.5309565532417369,0.5309565532417369,0.5258657829947314,0.5831342170052686,-0.26723964655676996,0.20644847267442967,0.05726843401053716,0.08568811923119968,0.38799999999999996
rep0171,0.27,0.270264513131053,alg1,0.1,0.010000000000000002,0.020000000000000004,0.06999999999999999,prop_127,1000,2000,0.15696893937615292,0.6533848240835393,True,0.49641588470738635,0.49641588470738635,0.435766847406943,0.49323315259305706,-0.2787979080307901,0.1601516714904822,0.057466305186114064,0.06794957952127223,0.37100000000000005
rep0172,0.65,0.6499845599620253,alg1,0.1,0.010000000000000002,0.020000000000000004,0.06999999999999999,prop_127,1000,2000,0.36184621867131017,0.8377729917514363,True,0.4759267730801261,0.4759267730801261,0.622520970961757,0.6774790290382431,-0.2606747522904468,0.1602939627131932,0.05495805807648613,0.08046871500363995,0.3405
rep0173,0.30,0.3042174784626514,alg1,0.1,0.010000000000000002,0.020000000000000004,0.06999999999999999,prop_127,1000,2000,0.3197326088924875,0.876953947401505,False,0.5572213385090174,0.5572213385090174,0.6133632530793623,0.6686367469206377,-0.29363064418687485,0.20831720048086733,0.055273493841275334,0.08494784466774213,0.417
rep0174,0.87,0.872140940226587,alg1,0.1,0.010000000000000002,0.020000000000000004,0.06999999999999999,prop_127,1000,2000,0.48256794116509166,1.0276164639770204,True,0.5450485228119288,0.5174320588349084,0.7847858068259453,0.8302141931740546,-0.3022178656608537,0.19740227080296574,0.045428386348109306,0.07062013646381948,0.42899999999999994
rep0175,0.48,0.48412155508506133,alg1,0.1,0.010000000000000002,0.020000000000000004,0.06999999999999999,prop_127,1000,2000,0.12902874296379302,0.7078209435393804,True,0.5787922005755874,0.5787922005755874,0.4502195685048738,0.5077804314951261,-0.3211908255410808,0.20004051204425435,0.05756086299025226,0.07773133758533513,0.4435
rep0176,0.50,0.5005474447127507,alg1,0.1,0.010000000000000002,0.020000000000000004,0.06999999999999999,prop_127,1000,2000,0.16100662376826147,0.6430157549911987,True,0.4820091312229372,0.4820091312229372,0.4297935437556784,0.48720645624432163,-0.26878691998741694,0.15580929874687702,0.05741291248864322,0.07659621873429401,0.348
rep0177,0.20,0.195947343891667,alg1,0.1,0.010000000000000002,0.020000000000000004,0.06999999999999999,prop_127,1000,2000,-0.03184425628176579,0.4706933814300418,True,0.5025376377118076,0.4706933814300418,0.25170348123504466,0.3032965187649554,-0.28354773751681045,0.1673968626650864,0.051593037529910735,0.0654446001818969,0.38549999999999995
rep0178,0.80,0.7991816460721677,alg1,0.1,0.010000000000000002,0.020000000000000004,0.06999999999999999,prop_127,1000,2000,0.5257513031430896,1.102355299840878,True,0.5766039966977885,0.4742486968569104,0.8506249877848576,0.8893750122151424,-0.324873684641768,0.21298028762573581,0.038750024430284746,0.0843539722675038,0.45350000000000007
rep0179,0.81,0.8054567094885533,alg1,0.1,0.010000000000000002,0.020000000000000004,0.06999999999999999,prop_127,1000,2000,0.4394577737914358,1.0108604852639442,True,0.5714027114725084,0.5605422262085642,0.7390189085765531,0.7879810914234469,-0.29956113478511726,0.22287939384049726,0.0489621828468938,0.08444052862561441,0.4380000000000001
rep0180,0.86,0.859919993968241,alg1,0.1,0.010000000000000002,0.020000000000000004,0.06999999999999999,prop_127,1000,2000,0.5473466793367086,1.1406175944719679,True,0.5932709151352593,0.45265332066329145,0.914752108356638,0.944247891643362,-0.3674054290199294,0.1963697028286059,0.029495783286723976,0.0867751318485353,0.47700000000000004
rep0181,0.09,0.0869791866737043,alg1,0.1,0.010000000000000002,0.020000000000000004,0.06999999999999999,prop_127,1000,2000,-0.23043148809910025,0.2616151740766566,True,0.4920466621757568,0.2616151740766566,0.05620388446345242,0.08579611553654756,-0.28663537256255267,0.17581905854010904,0.029592231073095145,0.0759544311026617,0.3865
rep0182,0.59,0.5935736228241957,alg1,0.1,0.010000000000000002,0.020000000000000004,0.06999999999999999,prop_127,1000,2000,0.3776931433077245,0.8362317458954066,True,0.4585386025876821,0.4585386025876821,0.6072639905003924,0.6627360094996076,-0.22957084719266782,0.17349573639579893,0.05547201899921528,0.06106658358846673,0.342
rep0183,0.68,0.6831723230360666,alg1,0.1,0.010000000000000002,0.020000000000000004,0.06999999999999999,prop_127,1000,2000,0.22008877604990362,0.7552372556765543,True,0.5351484796266507,0.5351484796266507,0.5097796724254019,0.5672203275745981,-0.2896908963754983,0.18801692810195625,0.05744065514919616,0.0717078244774545,0.406
rep0184,0.64,0.6429866477224246,alg1,0.1,0.010000000000000002,0.020000000000000004,0.06999999999999999,prop_127,1000,2000,0.30181366243349195,0.8127143467813498,True,0.5109006843478578,0.5109006843478578,0.5768364810523564,0.6331635189476436,-0.27502281861886446,0.1795508278337062,0.056327037895287146,0.0845736464525707,0.37
rep0185,0.57,0.5745381165713259,alg1,0.1,0.010000000000000002,0.020000000000000004,0.06999999999999999,prop_127,1000,2000,0.2464388612948774,0.7527845569972498,True,0.5063456957023724,0.5063456957023724,0.5233503560934686,0.5806496439065315,-0.2769114947985912,0.17213491309071827,0.05729928781306293,0.08454640788930945,0.3645
rep0186,0.26,0.25552835430643,alg1,0.1,0.010000000000000002,0.020000000000000004,0.06999999999999999,prop_127,1000,2000,-0.060879924979218875,0.42339387527821404,True,0.48427380025743294,0.42339387527821404,0.21587750193593977,0.26512249806406024,-0.27675742691515864,0.1582713772141538,0.04924499612812047,0.08752880412931247,0.3475
rep0187,0.45,0.45437456814992283,alg1,0.1,0.010000000000000002,0.020000000000000004,0.06999999999999999,prop_127,1000,2000,0.10221385268001892,0.6084305201335396,True,0.5062166674535207,0.5062166674535207,0.4084237261957548,0.4655762738042452,-0.30620987351573586,0.1428542463292944,0.05715254760849042,0.0840641198450302,0.36500000000000005
rep0188,0.22,0.22024719648747457,alg1,0.1,0.010000000000000002,0.020000000000000004,0.06999999999999999,prop_127,1000,2000,0.04430594833875129,0.5157055486194311,True,0.4713996002806798,0.4713996002806798,0.3073179145446962,0.36168208545530384,-0.2630119662059449,0.15402346316412718,0.054364170910607634,0.08103542937007202,0.3360000000000001
rep0189,0.40,0.4042896228583839,alg1,0.1,0.010000000000000002,0.020000000000000004,0.06999999999999999,prop_127,1000,2000,0.13025127985789536,0.6758790985268786,True,0.5456278186689831,0.5456278186689831,0.4014778448373425,0.4585221551626575,-0.27122656497944714,0.21735694336422112,0.057044310325314984,0.07958350834366829,0.409
rep0190,0.42,0.4202381271065776,alg1,0.1,0.010000000000000002,0.020000000000000004,0.06999999999999999,prop_127,1000,2000,0.11885437180352526,0.6421542826982385,True,0.5232999108947132,0.5232999108947132,0.39602444523697217,0.4529755547630278,-0.2771700734334469,0.18917872793521068,0.05695110952605564,0.08434880136865769,0.3819999999999999
rep0191,0.63,0.6349261713699239,alg1,0.1,0.010000000000000002,0.020000000000000004,0.06999999999999999,prop_127,1000,2000,0.540321507541075,0.9926779799209164,True,0.45235647237984145,0.45235647237984145,0.7884445232189525,0.8335554767810476,-0.2481230156778775,0.1591225031398688,0.045110953562095046,0.07024551881774632,0.33699999999999997
rep0192,0.73,0.7341189948490754,alg1,0.1,0.010000000000000002,0.020000000000000004,0.06999999999999999,prop_127,1000,2000,0.4765283590475054,0.9759842372729567,True,0.4994558782254513,0.4994558782254513,0.757693207077997,0.8053067929220029,-0.28116484803049163,0.17067744435095375,0.04761358584400588,0.08134229238144541,0.37049999999999994
rep0193,0.24,0.24281262584577007,alg1,0.1,0.010000000000000002,0.020000000000000004,0.06999999999999999,prop_127,1000,2000,-0.04489996114383288,0.5073499374195476,True,0.5522498985633805,0.5073499374195476,0.28823845114177205,0.34176154885822796,-0.3331384122856049,0.1655883885613197,0.053523097716455914,0.06922680084692462,0.4295
rep0194,0.15,0.14717550424342188,alg1,0.1,0.010000000000000002,0.020000000000000004,0.06999999999999999,prop_127,1000,2000,-0.03838590569890937,0.47941489687375466,True,0.517800802572664,0.47941489687375466,0.2096088096177974,0.25839119038220265,-0.24799471531670678,0.221023706491552,0.04878238076440525,0.0770184218082588,0.392
rep0195,0.22,0.22276054321615973,alg1,0.1,0.010000000000000002,0.020000000000000004,0.06999999999999999,prop_127,1000,2000,-0.12391935121678571,0.3868433561874284,True,0.510762707404214,0.3868433561874284,0.16930830292582622,0.2146916970741738,-0.2932276541426119,0.17215165911325458,0.04538339414834758,0.0733793132558665,0.392
rep0196,0.89,0.8937836441238065,alg1,0.1,0.010000000000000002,0.020000000000000004,0.06999999999999999,prop_127,1000,2000,0.7291124257228058,1.2378432252209772,True,0.5087307994981715,0.27088757427719423,0.9817269351412395,0.9942730648587604,-0.2526145094184338,0.24357016036221668,0.012546129717520893,0.08818466978065048,0.408
rep0197,0.29,0.28710412471458546,alg1,0.1,0.010000000000000002,0.020000000000000004,0.06999999999999999,prop_127,1000,2000,0.05712949068640566,0.5020318000576021,True,0.4449023093711964,0.4449023093711964,0.31516060819265895,0.3698393918073411,-0.2580311175062533,0.132192408250261,0.05467878361468215,0.07522352575651425,0.31500000000000006
rep0198,0.39,0.389571296268631,alg1,0.1,0.010000000000000002,0.020000000000000004,0.06999999999999999,prop_127,1000,2000,0.36003863763156185,0.8655746367743787,True,0.5055359991428169,0.5055359991428169,0.6296510644794826,0.6843489355205175,-0.26961242684792075,0.18122570125386128,0.05469787104103485,0.07483812810178203,0.376
rep0199,0.59,0.5869226771015745,alg1,0.1,0.010000000000000002,0.020000000000000004,0.06999999999999999,prop_127,1000,2000,0.4250373432979916,0.9361067571124957,True,0.5110694138145041,0.5110694138145041,0.7183409143463606,0.7686590856536395,-0.293303571048369,0.1674476714588562,0.05031817130727889,0.08275124250722515,0.37800000000000006
rep0200,0.48,0.4770473858657075,alg1,0.1,0.010000000000000002,0.020000000000000004,0.06999999999999999,prop_127,1000,2000,0.30112373696267764,0.7994163238364842,True,0.49829258687380656,0.49829258687380656,0.5813934165957906,0.6376065834042095,-0.28026967963311294,0.16180974043227475,0.056213166808418924,0.07957942006538765,0.36250000000000004
rep0201,0.94,0.9420692937562978,alg1,0.1,0.010000000000000002,0.020000000000000004,0.06999999999999999,prop_127,1000,2000,0.6189750735159971,1.1728433092235935,True,0.5538682357075964,0.3810249264840029,0.9368845177720656,0.9621154822279344,-0.31790944425606843,0.21072782699565915,0.02523096445586881,0.08613727125172765,0.4424999999999999
rep0202,0.64,0.6419627186113309,alg1,0.1,0.010000000000000002,0.020000000000000004,0.06999999999999999,prop_127,1000,2000,0.1912374992855888,0.7523089379168594,True,0.5610714386312705,0.5610714386312705,0.4942246432593016,0.5517753567406984,-0.3029871439737128,0.20053358117616094,0.05755071348139684,0.08452072514987358,0.4190000000000001
rep0203,0.87,0.8728690804042695,alg1,0.1,0.010000000000000002,0.020000000000000004,0.06999999999999999,prop_127,1000,2000,0.7022433364416649,1.1650683957924606,True,0.46282505935079565,0.2977566635583351,1.0,1.0,-0.29775666355833513,0.16506839579246066,0.0,0.0853250593507957,0.37750000000000006
rep0204,0.68,0.6817865461635606,alg1,0.1,0.010000000000000002,0.020000000000000004,0.06999999999999999,prop_127,1000,2000,0.36811477371171947,0.871473888648183,True,0.5033591149364636,0.5033591149364636,0.6628431627761351,0.7161568372238649,-0.2947283890644156,0.15531705142431812,0.05331367444772983,0.08154544048873374,0.3685
rep0205,0.79,0.7948124942749676,alg1,0.1,0.010000000000000002,0.020000000000000004,0.06999999999999999,prop_127,1000,2000,0.5318254452831344,1.004607776103497,True,0.4727823308203627,0.46817455471686564,0.7806079386872978,0.8263920613127022,-0.24878249340416342,0.178215714790795,0.04578412262540432,0.08699820819495846,0.33999999999999997
rep0206,0.67,0.6718404300401883,alg1,0.1,0.010000000000000002,0.020000000000000004,0.06999999999999999,prop_127,1000,2000,0.4874474041791509,1.0503746546091466,True,0.5629272504299957,0.5125525958208491,0.7769553204250949,0.8230446795749052,-0.28950791624594396,0.22732997503424124,0.04608935914981038,0.07133789128018525,0.44549999999999995
rep0207,0.44,0.44111121344232923,alg1,0.1,0.010000000000000002,0.020000000000000004,0.06999999999999999,prop_127,1000,2000,0.19070577596838872,0.7174337410177394,True,0.5267279650493506,0.5267279650493506,0.4796983132773968,0.537301686722603,-0.2889925373090081,0.1801320542951363,0.05760337344520622,0.07512459160414436,0.394
rep0208,0.39,0.3870028123802113,alg1,0.1,0.010000000000000002,0.020000000000000004,0.06999999999999999,prop_127,1000,2000,0.046165054628610036,0.5648091899767913,True,0.5186441353481812,0.5186441353481812,0.317613225867098,0.37238677413290194,-0.27144817123848797,0.19242241584388942,0.05477354826580394,0.07337058708237748,0.3904999999999999
rep0209,0.37,0.3701065675818841,alg1,0.1,0.010000000000000002,0.020000000000000004,0.06999999999999999,prop_127,1000,2000,0.23861447845319697,0.7111957385856902,True,0.47258126013249324,0.47258126013249324,0.47919783791610826,0.5368021620838918,-0.2405833594629113,0.1743935765017985,0.057604324167783494,0.07297693596470972,0.342
rep0210,0.57,0.5720635590694718,alg1,0.1,0.010000000000000002,0.020000000000000004,0.06999999999999999,prop_127,1000,2000,0.15869481238585392,0.6880915410900565,True,0.5293967287042026,0.5293967287042026,0.47069416493429683,0.5283058350657032,-0.3119993525484429,0.15978570602435344,0.057611670131406334,0.08378505857279628,0.38800000000000007
rep0211,0.64,0.642605059077068,alg1,0.1,0.010000000000000002,0.020000000000000004,0.06999999999999999,prop_127,1000,2000,0.47893824903996535,0.9830616894908897,True,0.5041234404509243,0.5041234404509243,0.7302219456902961,0.7797780543097039,-0.25128369665033073,0.2032836351811858,0.049556108619407846,0.07006733183151659,0.38449999999999995
rep0212,0.73,0.7290562436856705,alg1,0.1,0.010000000000000002,0.020000000000000004,0.06999999999999999,prop_127,1000,2000,0.590707970217242,1.058010964888936,True,0.467302994671694,0.409292029782758,0.8458435375624671,0.885156462437533,-0.2551355673452251,0.17285450245140294,0.03931292487506588,0.08249006979662798,0.34550000000000003
rep0213,0.45,0.4504926383647331,alg1,0.1,0.010000000000000002,0.020000000000000004,0.06999999999999999,prop_127,1000,2000,0.36508565989049446,0.878541820847242,True,0.5134561609567475,0.5134561609567475,0.6587499414475166,0.7122500585524834,-0.2936642815570222,0.16629176229475862,0.053500117104966716,0.08545604385178074,0.37450000000000006
rep0214,0.20,0.20067437122531753,alg1,0.1,0.010000000000000002,0.020000000000000004,0.06999999999999999,prop_127,1000,2000,-0.15823706127041978,0.4046764640176943,True,0.5629135252881141,0.4046764640176943,0.15786630805050764,0.20213369194949235,-0.3161033693209274,0.20254277206820198,0.044267383898984713,0.08264614138912951,0.43599999999999994
rep0215,0.49,0.4875285464639332,alg1,0.1,0.010000000000000002,0.020000000000000004,0.06999999999999999,prop_127,1000,2000,0.2164721048797542,0.7285691020648506,True,0.5120969971850964,0.5120969971850964,0.5082731292174604,0.5657268707825397,-0.29180102433770616,0.16284223128231096,0.05745374156507932,0.08464325562001712,0.37
rep0216,0.74,0.7395392601390693,alg1,0.1,0.010000000000000002,0.020000000000000004,0.06999999999999999,prop_127,1000,2000,0.3896674337535486,0.911110309671117,True,0.5214428759175683,0.5214428759175683,0.6766751097241426,0.7293248902758573,-0.28700767597059396,0.18178541939525963,0.052649780551714764,0.08329309536585361,0.38549999999999995
rep0217,0.50,0.4987971719081355,alg1,0.1,0.010000000000000002,0.020000000000000004,0.06999999999999999,prop_127,1000,2000,0.35444845624702964,0.8841870446357922,True,0.5297385883887626,0.5297385883887626,0.6367877557199614,0.6912122442800387,-0.28233929947293174,0.19297480035575348,0.05442448856007731,0.08831409982868527,0.38699999999999996
rep0218,0.51,0.5073383061225171,alg1,0.1,0.010000000000000002,0.020000000000000004,0.06999999999999999,prop_127,1000,2000,0.2486155567210241,0.802754859721794,True,0.5541393030007699,0.5541393030007699,0.5153059035548554,0.5726940964451447,-0.2666903468338313,0.2300607632766492,0.05738819289028929,0.08425111011048048,0.41250000000000003
rep0219,0.89,0.8941658073214155,alg1,0.1,0.010000000000000002,0.020000000000000004,0.06999999999999999,prop_127,1000,2000,0.5553170254151305,1.0779101958620358,True,0.5225931704469053,0.4446829745848695,0.8437208247186615,0.8832791752813386,-0.28840379930353105,0.19463102058069726,0.03955835056267709,0.07503481988422828,0.40800000000000003
rep0220,0.79,0.7864265865773533,alg1,0.1,0.010000000000000002,0.020000000000000004,0.06999999999999999,prop_127,1000,2000,0.4363364884082414,0.94991656185904,True,0.5135800734507987,0.5135800734507987,0.7157611438389959,0.7662388561610041,-0.2794246554307545,0.183677705698036,0.05047771232200815,0.07960236112879038,0.3835000000000001
rep0221,0.22,0.2163437682887907,alg1,0.1,0.010000000000000002,0.020000000000000004,0.06999999999999999,prop_127,1000,2000,0.02157846264178137,0.4662179939696126,True,0.44463953132783124,0.44463953132783124,0.24102821687841952,0.2919717831215805,-0.21944975423663815,0.17424621084803213,0.05094356624316099,0.08569596508467026,0.30800000000000005
rep0222,0.68,0.6820867442155607,alg1,0.1,0.010000000000000002,0.020000000000000004,0.06999999999999999,prop_127,1000,2000,0.5238095502677791,1.0839022015991873,True,0.5600926513314082,0.4761904497322209,0.8741184571620589,0.9098815428379411,-0.35030890689427985,0.17402065876124612,0.035763085675882156,0.07982956565552596,0.44450000000000006
rep0223,0.08,0.07965047967022967,alg1,0.1,0.010000000000000002,0.020000000000000004,0.06999999999999999,prop_127,1000,2000,-0.06319718250376677,0.4227419368007938,True,0.4859391193045606,0.4227419368007938,0.20527362981948644,0.2537263701805136,-0.2684708123232532,0.16901556662028022,0.04845274036102715,0.08498637894353345,0.3525
rep0224,0.25,0.24867478111818783,alg1,0.1,0.010000000000000002,0.020000000000000004,0.06999999999999999,prop_127,1000,2000,0.014010728825823271,0.5166222806721499,True,0.5026115518463266,0.5026115518463266,0.28335497851259545,0.33664502148740455,-0.2693442496867722,0.1799772591847454,0.053290042974809104,0.06382150887151755,0.3855
rep0225,0.48,0.4845689469039558,alg1,0.1,0.010000000000000002,0.020000000000000004,0.06999999999999999,prop_127,1000,2000,0.12769120757562813,0.6215599794746971,True,0.49386877189906897,0.49386877189906897,0.4158721589769535,0.4731278410230465,-0.2881809514013254,0.14843213845165062,0.05725568204609299,0.082613089852976,0.354
rep0226,0.48,0.47816637756057156,alg1,0.1,0.010000000000000002,0.020000000000000004,0.06999999999999999,prop_127,1000,2000,0.24295578886243774,0.7555666349505232,True,0.5126108460880855,0.5126108460880855,0.5122911591438083,0.5697088408561918,-0.26933537028137056,0.18585779409433142,0.057417681712383484,0.08369316437570201,0.3715
rep0227,0.36,0.35928621215960094,alg1,0.1,0.010000000000000002,0.020000000000000004,0.06999999999999999,prop_127,1000,2000,0.10242896575911475,0.7029950318909653,True,0.6005660661318506,0.6005660661318506,0.4104093273376947,0.4675906726623053,-0.30798036157857994,0.23540435922866002,0.05718134532461061,0.08538472080724002,0.45799999999999996
rep0228,0.76,0.7594286059822114,alg1,0.1,0.010000000000000002,0.020000000000000004,0.06999999999999999,prop_127,1000,2000,0.5566655903346021,1.036976814773194,True,0.48031122443859187,0.44333440966539794,0.7941998999590193,0.8388001000409807,-0.2375343096244172,0.19817671473221332,0.044600200081961416,0.08671102435663053,0.34900000000000003
rep0229,0.25,0.2514890147025645,alg1,0.1,0.010000000000000002,0.020000000000000004,0.06999999999999999,prop_127,1000,2000,0.06939011164432396,0.5727454086758723,True,0.5033552970315484,0.5033552970315484,0.32350291924343455,0.3784970807565654,-0.2541128075991106,0.19424832791930688,0.05499416151313086,0.08486113551841751,0.3635
rep0230,0.50,0.49641499509083253,alg1,0.1,0.010000000000000002,0.020000000000000004,0.06999999999999999,prop_127,1000,2000,0.2728313089435908,0.8503924085470168,True,0.5775610996034259,0.5775610996034259,0.587980095497662,0.644019904502338,-0.31514878655407114,0.20637250404467877,0.05603980900467609,0.0715212905987499,0.44999999999999996
rep0231,0.80,0.7983434811723167,alg1,0.1,0.010000000000000002,0.020000000000000004,0.06999999999999999,prop_127,1000,2000,0.40634299807840735,0.9294242220230662,True,0.5230812239446588,0.5230812239446588,0.7106048049318638,0.7613951950681361,-0.3042618068534565,0.16802902695493008,0.05079039013627229,0.08429083380838653,0.388
rep0232,0.76,0.7565532997342485,alg1,0.1,0.010000000000000002,0.020000000000000004,0.06999999999999999,prop_127,1000,2000,0.38358026048339805,0.886296928558387,True,0.502716668074989,0.502716668074989,0.6746242215814904,0.7273757784185095,-0.29104396109809233,0.1589211501398775,0.05275155683701915,0.07746511123796984,0.3725
rep0233,0.52,0.5169508350813503,alg1,0.1,0.010000000000000002,0.020000000000000004,0.06999999999999999,prop_127,1000,2000,0.3348510711594066,0.8369375549027711,True,0.5020864837433645,0.5020864837433645,0.5859528639976702,0.6420471360023298,-0.2511017928382636,0.19489041890044134,0.05609427200465955,0.07999221173870497,0.366
rep0234,0.24,0.2370544948518857,alg1,0.1,0.010000000000000002,0.020000000000000004,0.06999999999999999,prop_127,1000,2000,0.05733882106886906,0.6015619800906807,True,0.5442231590218116,0.5442231590218116,0.3485866859574753,0.40441331404252473,-0.2912478648886062,0.19714866604815603,0.05582662808504946,0.08589653093676225,0.4025
rep0235,0.17,0.17288434210222248,alg1,0.1,0.010000000000000002,0.020000000000000004,0.06999999999999999,prop_127,1000,2000,0.13513547687711547,0.6741232437768507,True,0.5389877668997353,0.5389877668997353,0.4123953998600198,0.46960460013998023,-0.2772599229829043,0.20451864363687047,0.05720920027996046,0.08577856661977479,0.396
rep0236,0.47,0.47392236061284154,alg1,0.1,0.010000000000000002,0.020000000000000004,0.06999999999999999,prop_127,1000,2000,0.23150024220571708,0.785745395895532,True,0.554245153689815,0.554245153689815,0.5379500606147725,0.5950499393852275,-0.3064498184090554,0.1906954565103045,0.05709987877045508,0.08414527491935986,0.41300000000000003
rep0237,0.21,0.20973108962931705,alg1,0.1,0.010000000000000002,0.020000000000000004,0.06999999999999999,prop_127,1000,2000,-0.07521813801212543,0.4354757548113543,True,0.5106938928234798,0.4354757548113543,0.19517360941486958,0.24282639058513042,-0.270391747426995,0.1926493642262239,0.04765278117026084,0.07654111165321886,0.38650000000000007
rep0238,0.49,0.4874129907226953,alg1,0.1,0.010000000000000002,0.020000000000000004,0.06999999999999999,prop_127,1000,2000,0.3187308516445332,0.7972400774700166,True,0.4785092258254834,0.4785092258254834,0.534927399646455,0.592072600353545,-0.21619654800192178,0.20516747711647157,0.05714520070709006,0.0798640251183933,0.3415
rep0239,0.61,0.6112675775109,alg1,0.1,0.010000000000000002,0.020000000000000004,0.06999999999999999,prop_127,1000,2000,0.4216526263875474,0.9945993241819162,True,0.5729466977943688,0.5729466977943688,0.7348775019359397,0.7841224980640602,-0.3132248755483923,0.21047682611785604,0.0492449961281205,0.08520170166624819,0.4385000000000001
rep0240,0.83,0.8330230644374834,alg1,0.1,0.010000000000000002,0.020000000000000004,0.06999999999999999,prop_127,1000,2000,0.49749965051989414,1.0435246653775674,True,0.5460250148576733,0.5025003494801059,0.7905365344121162,0.8354634655878836,-0.2930368838922221,0.20806119978968363,0.044926931175767404,0.07159808368190573,0.42949999999999994
rep0241,0.09,0.08800068387601229,alg1,0.1,0.010000000000000002,0.020000000000000004,0.06999999999999999,prop_127,1000,2000,-0.2640859798475234,0.2618793033582947,True,0.5259652832058181,0.2618793033582947,0.051696046540240514,0.08030395345975949,-0.3157820263877639,0.18157534989853522,0.028607906919518977,0.08435737628629919,0.413
rep0242,0.36,0.35514568575172045,alg1,0.1,0.010000000000000002,0.020000000000000004,0.06999999999999999,prop_127,1000,2000,0.035431861700402245,0.6409506586133938,True,0.6055187969129916,0.6055187969129916,0.354500847677222,0.410499152322778,-0.31906898597681976,0.23045150629061584,0.055998304645555996,0.08652049226743558,0.463
rep0243,0.05,0.046892072024196256,alg1,0.1,0.010000000000000002,0.020000000000000004,0.06999999999999999,prop_127,1000,2000,-0.011597771919603594,0.5537532363789551,True,0.5653510082985587,0.5537532363789551,0.2950813382511417,0.3489186617488583,-0.3066791101707453,0.2048345746300968,0.05383732349771664,0.07201368480084208,0.43950000000000006
rep0244,0.69,0.6944375779997,alg1,0.1,0.010000000000000002,0.020000000000000004,0.06999999999999999,prop_127,1000,2000,0.3824008636269037,0.8446857584361634,True,0.46228489480925977,0.46228489480925977,0.6378078273712382,0.6921921726287619,-0.2554069637443345,0.15249358580740158,0.05438434525752367,0.07490054955173614,0.33299999999999996
rep0245,0.89,0.886166604165183,alg1,0.1,0.010000000000000002,0.020000000000000004,0.06999999999999999,prop_127,1000,2000,0.7296422326220728,1.16406146495846,True,0.43441923233638713,0.27035776737792716,1.0,1.0,-0.2703577673779271,0.16406146495846008,0.0,0.08491923233638721,0.3495
rep0246,0.30,0.298515702451568,alg1,0.1,0.010000000000000002,0.020000000000000004,0.06999999999999999,prop_127,1000,2000,0.04640883699639009,0.5331900140141868,True,0.48678117701779666,0.48678117701779666,0.317613225867098,0.37238677413290194,-0.2712043888707079,0.1608032398812848,0.05477354826580394,0.08250762875199269,0.34950000000000003
rep0247,0.79,0.7946551174615434,alg1,0.1,0.010000000000000002,0.020000000000000004,0.06999999999999999,prop_127,1000,2000,0.44777303214259484,0.9684609430213857,True,0.520687910878791,0.520687910878791,0.7322906250801099,0.7817093749198901,-0.28451759293751505,0.18675156810149562,0.04941874983978023,0.08376916103901061,0.38750000000000007
rep0248,0.56,0.563712294337859,alg1,0.1,0.010000000000000002,0.020000000000000004,0.06999999999999999,prop_127,1000,2000,0.45844792321112376,0.9895464198256426,True,0.5310984966145189,0.5310984966145189,0.7348775019359397,0.7841224980640602,-0.27642957872481594,0.20542392176158242,0.0492449961281205,0.08585350048639845,0.3959999999999999
rep0249,0.42,0.4186202762119195,alg1,0.1,0.010000000000000002,0.020000000000000004,0.06999999999999999,prop_127,1000,2000,0.21286346314583637,0.7441762635794178,True,0.5313128004335814,0.5313128004335814,0.47919783791610826,0.5368021620838918,-0.2663343747702719,0.2073741014955261,0.057604324167783494,0.08220847626579803,0.39149999999999996
rep0250,0.61,0.6068156800833652,alg1,0.1,0.010000000000000002,0.020000000000000004,0.06999999999999999,prop_127,1000,2000,0.49308280986540964,1.0576425733816914,True,0.5645597635162818,0.5069171901345904,0.7540570880595722,0.8019429119404279,-0.2609742781941625,0.2556996614412635,0.047885823880855716,0.07367393963542612,0.44299999999999995
rep0251,0.86,0.8618993400469015,alg1,0.1,0.010000000000000002,0.020000000000000004,0.06999999999999999,prop_127,1000,2000,0.34661940047655015,0.8654315942319862,True,0.5188121937554361,0.5188121937554361,0.6378078273712382,0.6921921726287619,-0.29118842689468805,0.17323942160322434,0.05438434525752367,0.0849278484979124,0.3795
rep0252,0.67,0.6697353685544964,alg1,0.1,0.010000000000000002,0.020000000000000004,0.06999999999999999,prop_127,1000,2000,0.29318223660523496,0.8765069258768043,True,0.5833246892715693,0.5833246892715693,0.5900078277755323,0.6459921722244677,-0.29682559117029733,0.23051475365233665,0.05598434444893541,0.0728403448226339,0.4545
rep0253,0.23,0.2315792110325076,alg1,0.1,0.010000000000000002,0.020000000000000004,0.06999999999999999,prop_127,1000,2000,-0.10973894166868053,0.37853036251416783,True,0.48826930418284836,0.37853036251416783,0.18030545917391,0.22669454082608997,-0.29004440084259053,0.15183582168807783,0.046389081652179975,0.08638022253066824,0.35550000000000015
rep0254,0.35,0.3488156308575838,alg1,0.1,0.010000000000000002,0.020000000000000004,0.06999999999999999,prop_127,1000,2000,-0.03070385213099669,0.4565012781848572,True,0.4872051303158539,0.4565012781848572,0.24490783863876964,0.2960921613612304,-0.2756116907697663,0.16040911682362677,0.05118432272246076,0.07602080759339314,0.36
rep0255,0.55,0.5452873026238187,alg1,0.1,0.010000000000000002,0.020000000000000004,0.06999999999999999,prop_127,1000,2000,0.46533337588692575,0.9878846033668729,True,0.5225512274799471,0.5225512274799471,0.7364301807605897,0.7855698192394103,-0.271096804873664,0.20231478412746268,0.049139638478820524,0.07391158900112677,0.3994999999999999
rep0256,0.33,0.3276252070311755,alg1,0.1,0.010000000000000002,0.020000000000000004,0.06999999999999999,prop_127,1000,2000,0.31577327268620786,0.8544941767010445,True,0.5387209040148366,0.5387209040148366,0.5966014344080435,0.6523985655919566,-0.2808281617218356,0.20209561110908797,0.05579713118391316,0.07342377283092355,0.40950000000000003
rep0257,0.22,0.220046292910381,alg1,0.1,0.010000000000000002,0.020000000000000004,0.06999999999999999,prop_127,1000,2000,0.20809632950211165,0.7353113489896259,True,0.5272150194875143,0.5272150194875143,0.49372333123417256,0.5512766687658274,-0.2856270017320609,0.18403468022379857,0.057553337531654813,0.08716168195585944,0.3825
rep0258,0.31,0.31273323894841487,alg1,0.1,0.010000000000000002,0.020000000000000004,0.06999999999999999,prop_127,1000,2000,0.19606254064545572,0.6813526533700338,True,0.4852901127245781,0.4852901127245781,0.4352689123103544,0.49273108768964563,-0.2392063716648987,0.18862156568038813,0.057462175379291214,0.08882793734528682,0.33899999999999997
rep0259,0.84,0.8399520058838762,alg1,0.1,0.010000000000000002,0.020000000000000004,0.06999999999999999,prop_127,1000,2000,0.5772391544033653,1.122270601328584,True,0.5450314469252187,0.42276084559663474,0.8543491788707976,0.8926508211292025,-0.2771100244674324,0.22961978019938153,0.03830164225840482,0.08122980466681379,0.42550000000000016
rep0260,0.21,0.21464953008967663,alg1,0.1,0.010000000000000002,0.020000000000000004,0.06999999999999999,prop_127,1000,2000,0.041082232547359765,0.6306447054197093,True,0.5895624728723495,0.5895624728723495,0.3058483819145702,0.36015161808542984,-0.26476614936721043,0.27049308733427946,0.05430323617085964,0.08325923670148994,0.45199999999999996
rep0261,0.61,0.6065874678869797,alg1,0.1,0.010000000000000002,0.020000000000000004,0.06999999999999999,prop_127,1000,2000,0.3077437862934796,0.7981565279068135,True,0.49041274161333387,0.49041274161333387,0.5895008476772221,0.645499152322778,-0.2817570613837425,0.15265737558403553,0.055998304645555885,0.081914436967778,0.35250000000000004
rep0262,0.42,0.41841575630940175,alg1,0.1,0.010000000000000002,0.020000000000000004,0.06999999999999999,prop_127,1000,2000,0.17127983709495354,0.6787139532349804,True,0.5074341161400269,0.5074341161400269,0.45071837203121357,0.5082816279687864,-0.27943853493626003,0.17043232526619406,0.05756325593757283,0.08087086020245421,0.3689999999999999
rep0263,0.64,0.6354933957032018,alg1,0.1,0.010000000000000002,0.020000000000000004,0.06999999999999999,prop_127,1000,2000,0.4012731877950569,0.9476284484872026,True,0.5463552606921458,0.5463552606921458,0.6526144187572129,0.706385581242787,-0.25134123096215605,0.24124286724441554,0.05377116248557412,0.08208409820657153,0.41050000000000003
rep0264,0.36,0.36398743894398605,alg1,0.1,0.010000000000000002,0.020000000000000004,0.06999999999999999,prop_127,1000,2000,0.03298461078299231,0.5859040286842363,True,0.552919417901244,0.552919417901244,0.3421848235513514,0.3978151764486486,-0.3092002127683591,0.18808885223558763,0.05563035289729723,0.07978906500394667,0.41750000000000004
rep0265,0.58,0.5839228597765382,alg1,0.1,0.010000000000000002,0.020000000000000004,0.06999999999999999,prop_127,1000,2000,0.06736353197747502,0.5901057720127928,True,0.5227422400353178,0.5227422400353178,0.35154319961465447,0.40745680038534554,-0.28417966763717945,0.18264897162744723,0.055913600770691074,0.0883286392646267,0.3785
rep0266,0.86,0.8571151432735223,alg1,0.1,0.010000000000000002,0.020000000000000004,0.06999999999999999,prop_127,1000,2000,0.591074714500349,1.1451268660463212,True,0.5540521515459722,0.408925285499651,0.8671554227199292,0.9038445772800707,-0.27608070821958014,0.24128228876625035,0.036689154560141546,0.07936299698583038,0.43800000000000006
rep0267,0.62,0.6225927707554104,alg1,0.1,0.010000000000000002,0.020000000000000004,0.06999999999999999,prop_127,1000,2000,0.4655745276319807,0.9729973163291438,True,0.5074227886971631,0.5074227886971631,0.7493856841667685,0.7976143158332314,-0.28381115653478783,0.17538300049591235,0.04822863166646285,0.08219415703070021,0.377
rep0268,0.27,0.27127696002390533,alg1,0.1,0.010000000000000002,0.020000000000000004,0.06999999999999999,prop_127,1000,2000,0.03279939664294901,0.5719871271965865,True,0.5391877305536374,0.5391877305536374,0.3269407797542448,0.38205922024575517,-0.2941413831112958,0.18992790695083137,0.05511844049151038,0.08806929006212716,0.396
rep0269,0.81,0.80995904835551,alg1,0.1,0.010000000000000002,0.020000000000000004,0.06999999999999999,prop_127,1000,2000,0.7358363176994036,1.2300049291521515,True,0.49416861145274793,0.2641636823005964,1.0,1.0,-0.26416368230059634,0.23000492915215157,0.0,0.0826686114527479,0.41150000000000003
rep0270,0.85,0.8472666218190608,alg1,0.1,0.010000000000000002,0.020000000000000004,0.06999999999999999,prop_127,1000,2000,0.7048286773641488,1.197059687051792,True,0.4922310096876432,0.2951713226358512,1.0,1.0,-0.2951713226358513,0.19705968705179194,0.0,0.07723100968764318,0.41500000000000004
rep0271,0.73,0.7295466983738702,alg1,0.1,0.010000000000000002,0.020000000000000004,0.06999999999999999,prop_127,1000,2000,0.5281544071201427,1.0138607262498842,True,0.4857063191297415,0.4718455928798573,0.8325993565548581,0.8734006434451419,-0.3044449494347154,0.14046008280474223,0.04080128689028384,0.0794050322394576,0.36550000000000005
rep0272,0.05,0.054946033858017725,alg1,0.1,0.010000000000000002,0.020000000000000004,0.06999999999999999,prop_127,1000,2000,-0.28038575991737763,0.25841549998229435,True,0.538801259899672,0.25841549998229435,0.0,0.0,-0.28038575991737763,0.25841549998229435,0.0,0.08330125989967202,0.45549999999999996
rep0273,0.28,0.28188189656186624,alg1,0.1,0.010000000000000002,0.020000000000000004,0.06999999999999999,prop_127,1000,2000,-0.10078414047511197,0.3735601961593008,True,0.4743443366344128,0.3735601961593008,0.17312996956421506,0.21887003043578496,-0.27391411003932703,0.15469016572351585,0.0457400608715699,0.08710427576284285,0.3415
rep0274,0.45,0.4520708586248962,alg1,0.1,0.010000000000000002,0.020000000000000004,0.06999999999999999,prop_127,1000,2000,0.19802536919761493,0.787401310088055,True,0.5893759408904401,0.5893759408904401,0.5042569581436486,0.5617430418563515,-0.30623158894603364,0.22565826823170354,0.05748608371270292,0.08038985717773717,0.4515
rep0275,0.53,0.5272745302056078,alg1,0.1,0.010000000000000002,0.020000000000000004,0.06999999999999999,prop_127,1000,2000,0.1555473890577987,0.6869002257190796,True,0.531352836661281,0.531352836661281,0.4417443308198343,0.4992556691801657,-0.2861969417620356,0.1876445565389139,0.0575113383603314,0.08584149830094945,0.388
rep0276,0.19,0.18801833515699878,alg1,0.1,0.010000000000000002,0.020000000000000004,0.06999999999999999,prop_127,1000,2000,-0.02695974734381973,0.6094619446540869,True,0.6364216919979067,0.6094619446540869,0.31712263515397826,0.3718773648460217,-0.344082382497798,0.23758457980806522,0.054754729692043425,0.08366696230586324,0.498
rep0277,0.39,0.39456858338614365,alg1,0.1,0.010000000000000002,0.020000000000000004,0.06999999999999999,prop_127,1000,2000,0.19196490493830265,0.7220729295548093,True,0.5301080246165066,0.5301080246165066,0.4761955908598511,0.5338044091401489,-0.28423068592154843,0.18826852041466033,0.05760881828029785,0.07699920633620877,0.3955
rep0278,0.76,0.7554225841633077,alg1,0.1,0.010000000000000002,0.020000000000000004,0.06999999999999999,prop_127,1000,2000,0.48235483277062335,0.9857799595130803,True,0.503425126742457,0.503425126742457,0.7649729910763836,0.8120270089236163,-0.28261815830576026,0.173752950589464,0.04705401784723273,0.08487110889522431,0.37149999999999994
rep0279,0.04,0.04151735625906018,alg1,0.1,0.010000000000000002,0.020000000000000004,0.06999999999999999,prop_127,1000,2000,-0.2790496474882689,0.18614368567254796,True,0.46519333316081685,0.18614368567254796,0.0,0.0,-0.2790496474882689,0.18614368567254796,0.0,0.08469333316081684,0.3805
rep0280,0.54,0.53504006680339,alg1,0.1,0.010000000000000002,0.020000000000000004,0.06999999999999999,prop_127,1000,2000,0.28251173078897845,0.7455044110613619,True,0.46299268027238344,0.46299268027238344,0.5571184310613991,0.6138815689386009,-0.2746067002724207,0.131622842122761,0.056763137877201775,0.08322954239518177,0.32299999999999995
rep0281,0.55,0.5504709865207026,alg1,0.1,0.010000000000000002,0.020000000000000004,0.06999999999999999,prop_127,1000,2000,0.27096535082880335,0.7480477956893572,True,0.47708244486055384,0.47708244486055384,0.5374462098873805,0.5945537901126194,-0.2664808590585771,0.15349400557673773,0.057107580225238985,0.08097486463531489,0.33899999999999997
rep0282,0.23,0.22710822033450845,alg1,0.1,0.010000000000000002,0.020000000000000004,0.06999999999999999,prop_127,1000,2000,0.06651255934710448,0.5648846141614289,True,0.4983720548143244,0.4983720548143244,0.31516060819265895,0.3698393918073411,-0.24864804884555447,0.19504522235408775,0.05467878361468215,0.0836932711996422,0.36
rep0283,0.48,0.4777436706812082,alg1,0.1,0.010000000000000002,0.020000000000000004,0.06999999999999999,prop_127,1000,2000,0.19066092340516483,0.7129646513976173,True,0.5223037279924525,0.5223037279924525,0.49221956850487386,0.5497804314951261,-0.30155864509970903,0.16318421990249127,0.05756086299025226,0.0867428650022003,0.378
rep0284,0.41,0.4093964434284971,alg1,0.1,0.010000000000000002,0.020000000000000004,0.06999999999999999,prop_127,1000,2000,0.15290182279884246,0.7370162754491049,True,0.5841144526502624,0.5841144526502624,0.46319783791610825,0.5208021620838917,-0.3102960151172658,0.21621411336521312,0.057604324167783494,0.0860101284824788,0.4405000000000001
rep0285,0.34,0.3408505284075688,alg1,0.1,0.010000000000000002,0.020000000000000004,0.06999999999999999,prop_127,1000,2000,0.19474996370408815,0.7140018426392545,True,0.5192518789351663,0.5192518789351663,0.45620711608153486,0.5137928839184651,-0.2614571523774467,0.20020895872078934,0.05758576783693026,0.08566611109823608,0.376
rep0286,0.63,0.6326601693945919,alg1,0.1,0.010000000000000002,0.020000000000000004,0.06999999999999999,prop_127,1000,2000,0.4238589199649531,1.0023697225633397,True,0.5785108025983865,0.5761410800350468,0.6992755538742125,0.7507244461257875,-0.27541663390925936,0.2516452764375523,0.05144889225157501,0.07956191034681176,0.44749999999999995
rep0287,0.29,0.2853408007468048,alg1,0.1,0.010000000000000002,0.020000000000000004,0.06999999999999999,prop_127,1000,2000,0.058124058092977715,0.5396008856870882,True,0.4814768275941105,0.4814768275941105,0.31810385009993075,0.3728961499000692,-0.25997979200695304,0.16670473578701897,0.054792299800138444,0.08568452779397201,0.341
rep0288,0.12,0.1191548375086374,alg1,0.1,0.010000000000000002,0.020000000000000004,0.06999999999999999,prop_127,1000,2000,-0.15942029097901614,0.32726209335081746,True,0.4866823843298336,0.32726209335081746,0.11109334293428938,0.14990665706571063,-0.2705136339133055,0.17735543628510686,0.03881331413142125,0.08686907019841239,0.361
rep0289,0.55,0.5483031100363225,alg1,0.1,0.010000000000000002,0.020000000000000004,0.06999999999999999,prop_127,1000,2000,0.320332459305027,0.784627322942806,True,0.464294863637779,0.464294863637779,0.5748119786366314,0.6311880213633686,-0.25447951933160434,0.15343930157943747,0.05637604272673724,0.08391882091104175,0.32400000000000007
rep0290,0.21,0.20681973976642407,alg1,0.1,0.010000000000000002,0.020000000000000004,0.06999999999999999,prop_127,1000,2000,-0.14444634245143248,0.3373320722230736,True,0.4817784146745061,0.3373320722230736,0.11437444136182659,0.15362555863817343,-0.25882078381325907,0.1837065135849002,0.039251117276346836,0.08052729739815923,0.36200000000000004
rep0291,0.36,0.3560093623139204,alg1,0.1,0.010000000000000002,0.020000000000000004,0.06999999999999999,prop_127,1000,2000,0.06052569713797812,0.510695602515586,True,0.45016990537760787,0.45016990537760787,0.317613225867098,0.37238677413290194,-0.2570875287291199,0.138308828382684,0.05477354826580394,0.07889635711180387,0.3165
rep0292,0.65,0.6539878698642645,alg1,0.1,0.010000000000000002,0.020000000000000004,0.06999999999999999,prop_127,1000,2000,0.47771705671394243,0.9341634812881123,True,0.4564464245741699,0.4564464245741699,0.7312561944870839,0.7807438055129161,-0.25353913777314147,0.15341967577519622,0.04948761102583221,0.08445881354833767,0.3225
rep0293,0.60,0.6000084135548737,alg1,0.1,0.010000000000000002,0.020000000000000004,0.06999999999999999,prop_127,1000,2000,0.43170430567565016,0.9569801570123001,True,0.52527585133665,0.52527585133665,0.7173088770130346,0.7676911229869655,-0.2856045713373844,0.18928903402533456,0.05038224597393093,0.083393605362719,0.39149999999999996
rep0294,0.33,0.32763210151945477,alg1,0.1,0.010000000000000002,0.020000000000000004,0.06999999999999999,prop_127,1000,2000,0.1413065729737158,0.6721429206397398,True,0.530836347666024,0.530836347666024,0.4532128227735921,0.5107871772264079,-0.3119062497998763,0.16135574341333195,0.05757435445281578,0.08626199321320827,0.387
rep0295,0.88,0.8832141421695131,alg1,0.1,0.010000000000000002,0.020000000000000004,0.06999999999999999,prop_127,1000,2000,0.7080655180887616,1.1271358445292556,True,0.419070326440494,0.2919344819112384,0.9526960398349538,0.9743039601650463,-0.2446305217461922,0.15283188436420939,0.02160792033009251,0.08546240611040162,0.312
rep0296,0.41,0.4081027203307714,alg1,0.1,0.010000000000000002,0.020000000000000004,0.06999999999999999,prop_127,1000,2000,0.2407971760530072,0.7154025948428883,True,0.47460541878988105,0.47460541878988105,0.513295957473655,0.5707040425263451,-0.27249878142064776,0.14469855231654313,0.05740808505269013,0.08419733373719085,0.3330000000000001
rep0297,0.27,0.2739059571062849,alg1,0.1,0.010000000000000002,0.020000000000000004,0.06999999999999999,prop_127,1000,2000,0.20223813515110123,0.715130997301528,True,0.5128928621504267,0.5128928621504267,0.4208414513835108,0.4781585486164892,-0.21860331623240958,0.23697244868503872,0.0573170972329784,0.07407576491744827,0.38150000000000006
rep0298,0.51,0.5140009157446145,alg1,0.1,0.010000000000000002,0.020000000000000004,0.06999999999999999,prop_127,1000,2000,0.17606926324319983,0.7378979155454294,True,0.5618286523022296,0.5618286523022296,0.46919438097908606,0.5268056190209139,-0.29312511773588623,0.21109229652451544,0.057611238041827884,0.08621741426040164,0.41800000000000004
rep0299,0.17,0.1667066850284299,alg1,0.1,0.010000000000000002,0.020000000000000004,0.06999999999999999,prop_127,1000,2000,-0.04506746876074061,0.4689218311939788,True,0.5139892999547194,0.4689218311939788,0.2255367936776195,0.2754632063223805,-0.2706042624383601,0.19345862487159826,0.049926412644761026,0.08206288730995837,0.382
rep0300,0.29,0.2857072276657689,alg1,0.1,0.010000000000000002,0.020000000000000004,0.06999999999999999,prop_127,1000,2000,-0.03214715609147828,0.5002710714448769,True,0.5324182275363551,0.5002710714448769,0.2633713478188722,0.31562865218112773,-0.2955185039103505,0.1846424192637492,0.05225730436225551,0.07966092317409962,0.4005000000000001
rep0301,0.73,0.7339092242236632,alg1,0.1,0.010000000000000002,0.020000000000000004,0.06999999999999999,prop_127,1000,2000,0.48631388631011263,1.0324415462573189,True,0.5461276599472062,0.5136861136898874,0.7696583018309759,0.8163416981690241,-0.2833444155208633,0.21609984808829466,0.04668339633804819,0.08144426360915791,0.41800000000000004
rep0302,0.68,0.6834706483229728,alg1,0.1,0.010000000000000002,0.020000000000000004,0.06999999999999999,prop_127,1000,2000,0.34985004060434494,0.874242434197349,True,0.5243923935930042,0.5243923935930042,0.6276132258670981,0.6823867741329019,-0.2777631852627532,0.1918556600644471,0.05477354826580383,0.08161884532720032,0.38799999999999996
rep0303,0.61,0.6109959230101963,alg1,0.1,0.010000000000000002,0.020000000000000004,0.06999999999999999,prop_127,1000,2000,0.4059403510152815,0.8934748858775803,True,0.4875345348622988,0.4875345348622988,0.6766751097241426,0.7293248902758573,-0.2707347587088611,0.164149995601723,0.052649780551714764,0.072884754310584,0.3620000000000001
rep0304,0.56,0.5551292467317489,alg1,0.1,0.010000000000000002,0.020000000000000004,0.06999999999999999,prop_127,1000,2000,0.2926569004478831,0.8022008013209627,True,0.5095439008730795,0.5095439008730795,0.5798741597530794,0.6361258402469205,-0.2872172593051963,0.16607496107404218,0.056251680493841105,0.08479222037923856,0.36849999999999994
rep0305,0.10,0.1005941094292902,alg1,0.1,0.010000000000000002,0.020000000000000004,0.06999999999999999,prop_127,1000,2000,-0.05799938452201764,0.4357946087276926,True,0.49379399324971024,0.4357946087276926,0.17695532042509482,0.2230446795749052,-0.23495470494711246,0.2127499291527874,0.04608935914981038,0.08520463409989992,0.36249999999999993
rep0306,0.72,0.7188019784642963,alg1,0.1,0.010000000000000002,0.020000000000000004,0.06999999999999999,prop_127,1000,2000,0.4659406917557603,1.0053472034572049,True,0.5394065117014446,0.5340593082442397,0.7504234272164703,0.7985765727835297,-0.28448273546070996,0.20677063067367524,0.04815314556705941,0.08275336613438522,0.4085
rep0307,0.51,0.5068510117643481,alg1,0.1,0.010000000000000002,0.020000000000000004,0.06999999999999999,prop_127,1000,2000,0.29804317085619675,0.8115232173608362,True,0.5134800465046394,0.5134800465046394,0.5727879680918524,0.6292120319081476,-0.27474479723565565,0.18231118545268862,0.05642406381629517,0.08705598268834419,0.37000000000000005
rep0308,0.14,0.1375084237151595,alg1,0.1,0.010000000000000002,0.020000000000000004,0.06999999999999999,prop_127,1000,2000,-0.08257233969825883,0.4123812666553448,True,0.49495360635360364,0.4123812666553448,0.22843806666713157,0.27856193333286844,-0.3110104063653904,0.13381933332247634,0.05012386666573687,0.06982973968786677,0.375
rep0309,0.82,0.8230979952228714,alg1,0.1,0.010000000000000002,0.020000000000000004,0.06999999999999999,prop_127,1000,2000,0.6995510888639371,1.1643466960077657,True,0.4647956071438286,0.30044891113606287,1.0,1.0,-0.30044891113606287,0.16434669600776586,0.0,0.07529560714382877,0.38949999999999996
rep0310,0.38,0.3849178123777623,alg1,0.1,0.010000000000000002,0.020000000000000004,0.06999999999999999,prop_127,1000,2000,0.1754926299346496,0.7713237225222986,True,0.5958310925876491,0.5958310925876491,0.46219881745703406,0.5198011825429659,-0.28670618752238447,0.25152253997933266,0.05760236508593186,0.07922872750171722,0.4589999999999999
rep0311,0.14,0.13772731348913403,alg1,0.1,0.010000000000000002,0.020000000000000004,0.06999999999999999,prop_127,1000,2000,0.020946550023977356,0.5106416004807217,True,0.48969505045674433,0.48969505045674433,0.2648314117037285,0.3171685882962715,-0.24388486167975112,0.19347301218445018,0.052337176592543,0.08485787386420135,0.3525
rep0312,0.77,0.7651640383991807,alg1,0.1,0.010000000000000002,0.020000000000000004,0.06999999999999999,prop_127,1000,2000,0.42528185555865816,0.9552170695296025,True,0.5299352139709443,0.5299352139709443,0.6977321894937188,0.7492678105062812,-0.2724503339350607,0.20594925902332123,0.05153562101256237,0.07539959295838194,0.40299999999999997
rep0313,0.87,0.8651511229833888,alg1,0.1,0.010000000000000002,0.020000000000000004,0.06999999999999999,prop_127,1000,2000,0.5738543074406404,1.0752045421265923,True,0.501350234685952,0.42614569255935963,0.8687605510127593,0.9052394489872407,-0.2949062435721189,0.16996509313935165,0.03647889797448145,0.08037133671147056,0.3845
rep0314,0.55,0.5451150387422286,alg1,0.1,0.010000000000000002,0.020000000000000004,0.06999999999999999,prop_127,1000,2000,0.17929188167008708,0.7704291466505152,True,0.5911372649804281,0.5911372649804281,0.4607005029216046,0.5182994970783954,-0.2814086212515175,0.2521296495721198,0.05759899415679082,0.0835382708236374,0.44999999999999996
rep0315,0.56,0.5644661717184385,alg1,0.1,0.010000000000000002,0.020000000000000004,0.06999999999999999,prop_127,1000,2000,0.31471729881961635,0.7906632563443259,True,0.47594595752470953,0.47594595752470953,0.5737999119595012,0.6302000880404988,-0.25908261313988484,0.16046316830382717,0.056400176080997566,0.08654578144371206,0.33299999999999996
rep0316,0.63,0.6280829997175954,alg1,0.1,0.010000000000000002,0.020000000000000004,0.06999999999999999,prop_127,1000,2000,0.2314084886884932,0.7329317442926213,True,0.5015232556041281,0.5015232556041281,0.4811999122774945,0.5388000877225055,-0.24979142358900128,0.19413165657011577,0.05760017544501106,0.07442308015911714,0.36949999999999994
rep0317,0.69,0.6902270980137905,alg1,0.1,0.010000000000000002,0.020000000000000004,0.06999999999999999,prop_127,1000,2000,0.13079138863057477,0.6124769028063752,False,0.48168551417580047,0.48168551417580047,0.3989985806853489,0.4560014193146511,-0.2682071920547741,0.15647548349172416,0.05700283862930222,0.08368267554649839,0.3409999999999999
rep0318,0.14,0.14100463235908287,alg1,0.1,0.010000000000000002,0.020000000000000004,0.06999999999999999,prop_127,1000,2000,-0.024628275792248078,0.5359651683890646,True,0.5605934441813127,0.5359651683890646,0.26629182139003515,0.3187081786099648,-0.29092009718228323,0.2172569897790998,0.052416357219929655,0.0841770869613831,0.424
rep0319,0.24,0.23699663893414466,alg1,0.1,0.010000000000000002,0.020000000000000004,0.06999999999999999,prop_127,1000,2000,-0.10805300849384705,0.44487383916072953,True,0.5529268476545766,0.44487383916072953,0.18270007388202122,0.22929992611797875,-0.2907530823758683,0.21557391304275075,0.04659985223595753,0.08782699541861905,0.4185
rep0320,0.83,0.827387100801788,alg1,0.1,0.010000000000000002,0.020000000000000004,0.06999999999999999,prop_127,1000,2000,0.4915864594808603,1.029051818541181,True,0.5374653590603207,0.5084135405191397,0.803634121178082,0.847365878821918,-0.31204766169722165,0.1816859397192629,0.04373175764383608,0.0862336014164845,0.40750000000000003
rep0321,0.15,0.14973648197777956,alg1,0.1,0.010000000000000002,0.020000000000000004,0.06999999999999999,prop_127,1000,2000,-0.11023881561671026,0.38487319757728383,True,0.4951120131939941,0.38487319757728383,0.16978580682594538,0.21521419317405463,-0.28002462244265564,0.1696590044032292,0.04542838634810925,0.07568362684588492,0.3739999999999999
rep0322,0.54,0.5440223548145217,alg1,0.1,0.010000000000000002,0.020000000000000004,0.06999999999999999,prop_127,1000,2000,0.379299785147367,0.898062423576924,True,0.5187626384295569,0.5187626384295569,0.649037724897361,0.7029622751026391,-0.269737939749994,0.1951001484742849,0.05392455020527809,0.0813380882242789,0.38349999999999995
rep0323,0.62,0.6227358224359697,alg1,0.1,0.010000000000000002,0.020000000000000004,0.06999999999999999,prop_127,1000,2000,0.4330104051681756,0.9172345730581434,True,0.48422416788996775,0.48422416788996775,0.6992755538742125,0.7507244461257875,-0.26626514870603685,0.1665101269323559,0.05144889225157501,0.07227527563839281,0.36049999999999993
rep0324,0.53,0.530734929476436,alg1,0.1,0.010000000000000002,0.020000000000000004,0.06999999999999999,prop_127,1000,2000,0.2598033426553522,0.759458630172823,True,0.4996552875174708,0.4996552875174708,0.5314023047198996,0.5885976952801005,-0.27159896206454737,0.17086093489272253,0.057195390560200954,0.08495989695726991,0.3575
rep0325,0.79,0.7936689707678996,alg1,0.1,0.010000000000000002,0.020000000000000004,0.06999999999999999,prop_127,1000,2000,0.5154836706222964,1.0652920319905115,True,0.5498083613682151,0.4845163293777036,0.8183525234949891,0.8606474765050109,-0.3028688528726927,0.20464455548550056,0.04229495301002184,0.08751340835819321,0.42000000000000004
rep0326,0.54,0.5426056725752102,alg1,0.1,0.010000000000000002,0.020000000000000004,0.06999999999999999,prop_127,1000,2000,0.04004385149459455,0.5823958238549851,True,0.5423519723603906,0.5423519723603906,0.33480478234899586,0.3901952176510041,-0.2947609308544013,0.19220060620398102,0.05539043530200827,0.08196153705838233,0.40499999999999997
rep0327,0.42,0.41630742171441215,alg1,0.1,0.010000000000000002,0.020000000000000004,0.06999999999999999,prop_127,1000,2000,0.2619409909863313,0.8164441487335454,True,0.5545031577472141,0.5545031577472141,0.5621699339834048,0.6188300660165953,-0.3002289429970735,0.19761408271695013,0.056660132033190536,0.08084302571402363,0.417
rep0328,0.65,0.6474016966509429,alg1,0.1,0.010000000000000002,0.020000000000000004,0.06999999999999999,prop_127,1000,2000,0.4448736204372112,0.9379980435845207,True,0.4931244231473095,0.4931244231473095,0.706997873820934,0.758002126179066,-0.26212425338372286,0.17999591740545465,0.051004252358131996,0.0846201707891775,0.35750000000000004
rep0329,0.56,0.5580866708595992,alg1,0.1,0.010000000000000002,0.020000000000000004,0.06999999999999999,prop_127,1000,2000,0.3782286424623937,0.884762238904581,True,0.5065335964421873,0.5065335964421873,0.6103130378403563,0.6656869621596437,-0.2320843953779626,0.21907527674493726,0.05537392431928745,0.07815967212289987,0.373
rep0330,0.08,0.07776087515982376,alg1,0.1,0.010000000000000002,0.020000000000000004,0.06999999999999999,prop_127,1000,2000,-0.14093570074814935,0.3640827584788914,True,0.5050184592270407,0.3640827584788914,0.13651369808994904,0.17848630191005097,-0.2774493988380984,0.1855964565688404,0.04197260382010193,0.08754585540693877,0.3755
rep0331,0.49,0.4925135823439831,alg1,0.1,0.010000000000000002,0.020000000000000004,0.06999999999999999,prop_127,1000,2000,0.17127110474591034,0.7213157720020745,True,0.5500446672561642,0.5500446672561642,0.45720544463843926,0.5147945553615607,-0.2859343398925289,0.20652121664051382,0.05758911072312145,0.0804555565330427,0.41200000000000003
rep0332,0.20,0.19968993750111136,alg1,0.1,0.010000000000000002,0.020000000000000004,0.06999999999999999,prop_127,1000,2000,-0.04036636522398948,0.4741696895912584,True,0.5145360548152479,0.4741696895912584,0.24199787382093405,0.29300212617906596,-0.2823642390449235,0.18116756341219242,0.05100425235813191,0.07703180245711594,0.3865
rep0333,0.74,0.7356380718063558,alg1,0.1,0.010000000000000002,0.020000000000000004,0.06999999999999999,prop_127,1000,2000,0.49536507511151606,1.059156775553815,True,0.5637917004422989,0.5046349248884839,0.7910596886010324,0.8359403113989676,-0.2956946134895163,0.22321646415484733,0.044880622797935255,0.08091107764436367,0.43799999999999994
rep0334,0.61,0.6078119313330457,alg1,0.1,0.010000000000000002,0.020000000000000004,0.06999999999999999,prop_127,1000,2000,0.4042133368544518,0.8846734914449557,True,0.48046015459050384,0.48046015459050384,0.6429102464644618,0.6970897535355383,-0.23869690961001,0.18758373790941746,0.05417950707107644,0.08028064751942748,0.346
rep0335,0.76,0.7579572902940152,alg1,0.1,0.010000000000000002,0.020000000000000004,0.06999999999999999,prop_127,1000,2000,0.4926648052362484,0.9755447898707081,True,0.48287998463445975,0.48287998463445975,0.7571736094148697,0.8048263905851304,-0.26450880417862127,0.17071839928557775,0.04765278117026073,0.08472720346419899,0.35050000000000003
rep0336,0.06,0.056437219944274426,alg1,0.1,0.010000000000000002,0.020000000000000004,0.06999999999999999,prop_127,1000,2000,-0.24654098319511594,0.23141704199955204,True,0.477958025194668,0.23141704199955204,0.02827831910004533,0.05072168089995467,-0.27481930229516127,0.18069536109959738,0.022443361799909342,0.07551466339475865,0.38
rep0337,0.51,0.5060089444970216,alg1,0.1,0.010000000000000002,0.020000000000000004,0.06999999999999999,prop_127,1000,2000,0.29824725547912645,0.8449448917401414,True,0.546697636261015,0.546697636261015,0.608280210232872,0.663719789767128,-0.3100329547537456,0.18122510197301342,0.055439579534255934,0.075258056726759,0.41600000000000004
rep0338,0.64,0.6436869556622545,alg1,0.1,0.010000000000000002,0.020000000000000004,0.06999999999999999,prop_127,1000,2000,0.5989936149817102,1.0847274368644833,True,0.48573382188277303,0.4010063850182898,0.8778761161135994,0.9131238838864005,-0.27888250113188917,0.17160355297808272,0.03524776777280114,0.0804860541099719,0.37
rep0339,0.33,0.3281110030493755,alg1,0.1,0.010000000000000002,0.020000000000000004,0.06999999999999999,prop_127,1000,2000,0.06242198707195262,0.5551811714318126,True,0.49275918435985994,0.49275918435985994,0.32546721296376063,0.38053278703623933,-0.263045225891808,0.17464838439557323,0.055065574072478696,0.08769361028738121,0.35000000000000003
rep0340,0.24,0.2389022860716452,alg1,0.1,0.010000000000000002,0.020000000000000004,0.06999999999999999,prop_127,1000,2000,-0.04829634637363919,0.4344647660865638,True,0.48276111246020303,0.4344647660865638,0.2255367936776195,0.2754632063223805,-0.2738331400512587,0.1590015597641833,0.049926412644761026,0.08083469981544195,0.35200000000000004
rep0341,0.35,0.34784415563146054,alg1,0.1,0.010000000000000002,0.020000000000000004,0.06999999999999999,prop_127,1000,2000,0.027617505922219343,0.5249574472109184,True,0.4973399412886991,0.4973399412886991,0.3205574728616236,0.37544252713837634,-0.2929399669394043,0.14951492007254213,0.05488505427675272,0.07345488701194641,0.369
rep0342,0.49,0.4929314917112036,alg1,0.1,0.010000000000000002,0.020000000000000004,0.06999999999999999,prop_127,1000,2000,0.27302250922475413,0.8218990110460631,True,0.548876501821309,0.548876501821309,0.570258644695611,0.626741355304389,-0.2972361354708569,0.19515765574167407,0.056482710608777964,0.08139379121253099,0.41100000000000003
rep0343,0.66,0.6608447442021788,alg1,0.1,0.010000000000000002,0.020000000000000004,0.06999999999999999,prop_127,1000,2000,0.3432471924683228,0.8821242552730613,True,0.5388770628047385,0.5388770628047385,0.6108213257729228,0.6661786742270771,-0.2675741333046,0.2159455810459841,0.0553573484541543,0.08001971435058408,0.4035
rep0344,0.38,0.37969779922686203,alg1,0.1,0.010000000000000002,0.020000000000000004,0.06999999999999999,prop_127,1000,2000,0.06793784884547088,0.642124671705489,True,0.5741868228600182,0.5741868228600182,0.3549938989470141,0.4110061010529859,-0.2870560501015432,0.23111857065250316,0.0560122021059718,0.08617462075404642,0.432
rep0345,0.96,0.9570659304741378,alg1,0.1,0.010000000000000002,0.020000000000000004,0.06999999999999999,prop_127,1000,2000,0.6887089939737532,1.170656652083746,True,0.48194765810999285,0.3112910060262468,0.9487104587511089,0.971289541248891,-0.2600014647773557,0.199367110834855,0.022579082497782066,0.08586857561221067,0.3735
rep0346,0.86,0.8623801979751146,alg1,0.1,0.010000000000000002,0.020000000000000004,0.06999999999999999,prop_127,1000,2000,0.5614706459358398,1.0674619453164045,True,0.5059912993805646,0.43852935406416016,0.8623459937720765,0.8996540062279235,-0.30087534783623665,0.16780793908848113,0.03730801245584692,0.08468328692471777,0.384
rep0347,0.40,0.3956994074496438,alg1,0.1,0.010000000000000002,0.020000000000000004,0.06999999999999999,prop_127,1000,2000,0.25958089833795417,0.7683265127376533,True,0.5087456143996991,0.5087456143996991,0.566718875283625,0.623281124716375,-0.3071379769456708,0.14504538802127825,0.05656224943275001,0.08318336496694906,0.369
rep0348,0.41,0.40686582800690213,alg1,0.1,0.010000000000000002,0.020000000000000004,0.06999999999999999,prop_127,1000,2000,0.15615537661175977,0.6460315710787502,True,0.48987619446699043,0.48987619446699043,0.4133886126727988,0.4706113873272012,-0.25723323606103904,0.17542018375154897,0.0572227746544024,0.085653419812588,0.347
rep0349,0.83,0.8271548031327527,alg1,0.1,0.010000000000000002,0.020000000000000004,0.06999999999999999,prop_127,1000,2000,0.5734186077341231,1.0899487632804745,True,0.5165301555463514,0.4265813922658769,0.8805639166371835,0.9154360833628166,-0.30714530890306035,0.17451267991765804,0.03487216672563309,0.0686579888207185,0.4129999999999999
rep0350,0.37,0.36724731038587727,alg1,0.1,0.010000000000000002,0.020000000000000004,0.06999999999999999,prop_127,1000,2000,0.10333639620548274,0.6070325549131711,True,0.5036961587076884,0.5036961587076884,0.36683648105235644,0.4231635189476436,-0.2635000848468737,0.18386903596552748,0.056327037895287146,0.06936912081240121,0.378
rep0351,0.64,0.6380978983502209,alg1,0.1,0.010000000000000002,0.020000000000000004,0.06999999999999999,prop_127,1000,2000,0.5851435414177661,1.0382482660199315,True,0.45310472460216533,0.41485645858223386,0.8104609280733384,0.8535390719266616,-0.22531738665557222,0.1847091940932699,0.0430781438533232,0.08202658074884212,0.328
rep0352,0.47,0.4692598611978995,alg1,0.1,0.010000000000000002,0.020000000000000004,0.06999999999999999,prop_127,1000,2000,0.3488069862796074,0.8701467134524037,True,0.5213397271727963,0.5213397271727963,0.6306701856001313,0.6853298143998687,-0.28186319932052395,0.18481689905253493,0.0546596287997374,0.07818009837305884,0.38850000000000007
rep0353,0.39,0.388463302071118,alg1,0.1,0.010000000000000002,0.020000000000000004,0.06999999999999999,prop_127,1000,2000,0.1996795589325689,0.7108530543054212,True,0.5111734953728524,0.5111734953728524,0.49272079386077955,0.5502792061392204,-0.29304123492821066,0.1605738481662008,0.057558412278440885,0.0861150830944114,0.36750000000000005
rep0354,0.59,0.5867490284482921,alg1,0.1,0.010000000000000002,0.020000000000000004,0.06999999999999999,prop_127,1000,2000,0.23570314218883076,0.7744944336042325,True,0.5387912914154018,0.5387912914154018,0.534927399646455,0.592072600353545,-0.2992242574576242,0.18242183325068756,0.05714520070709006,0.08264609070831175,0.399
rep0355,0.07,0.06891033291676682,alg1,0.1,0.010000000000000002,0.020000000000000004,0.06999999999999999,prop_127,1000,2000,-0.22908553129185238,0.23158935141814302,True,0.4606748827099954,0.23158935141814302,0.030443719299395662,0.05355628070060434,-0.25952925059124804,0.17803307071753868,0.02311256140120868,0.07106232130878681,0.3664999999999999
rep0356,0.83,0.8339770816826412,alg1,0.1,0.010000000000000002,0.020000000000000004,0.06999999999999999,prop_127,1000,2000,0.6452988890598301,1.0911224736962122,True,0.44582358463638205,0.3547011109401699,0.8671554227199292,0.9038445772800707,-0.22185653366009908,0.1872778964161414,0.036689154560141546,0.07713443007624049,0.332
rep0357,0.23,0.23357126087160932,alg1,0.1,0.010000000000000002,0.020000000000000004,0.06999999999999999,prop_127,1000,2000,-0.03887559237813326,0.46322877440422777,True,0.502104366782361,0.46322877440422777,0.257534582412769,0.30946541758723095,-0.29641017479090226,0.15376335681699682,0.05193083517446195,0.06267353160789912,0.38749999999999996
rep0358,0.53,0.5265095333312138,alg1,0.1,0.010000000000000002,0.020000000000000004,0.06999999999999999,prop_127,1000,2000,0.10594962676935243,0.6899802663168798,True,0.5840306395475274,0.5840306395475274,0.39602444523697217,0.4529755547630278,-0.29007481846761973,0.237004711553852,0.05695110952605564,0.08657953002147156,0.4405000000000001
rep0359,0.28,0.27842268685814014,alg1,0.1,0.010000000000000002,0.020000000000000004,0.06999999999999999,prop_127,1000,2000,-0.02603870728878871,0.4652550299977302,True,0.49129373728651893,0.4652550299977302,0.23860480493186387,0.28939519506813616,-0.2646435122206526,0.17585983492959406,0.05079039013627229,0.08200334715024665,0.3585
rep0360,0.78,0.7796643858952914,alg1,0.1,0.010000000000000002,0.020000000000000004,0.06999999999999999,prop_127,1000,2000,0.4928461375564902,0.9112523773267003,True,0.4184062397702101,0.4184062397702101,0.7271202825896025,0.7768797174103975,-0.2342741450331123,0.13437265991630276,0.049759434820795034,0.08814680494941507,0.28049999999999997
rep0361,0.30,0.3027840076398436,alg1,0.1,0.010000000000000002,0.020000000000000004,0.06999999999999999,prop_127,1000,2000,-0.11239293126479849,0.42906182964391554,True,0.541454760908714,0.42906182964391554,0.211536794515302,0.260463205484698,-0.3239297257801005,0.16859862415921756,0.048926410969395984,0.08102834993931801,0.41150000000000003
rep0362,0.94,0.9371878343321084,alg1,0.1,0.010000000000000002,0.020000000000000004,0.06999999999999999,prop_127,1000,2000,0.7221428717378211,1.18876584317496,True,0.4666229714371388,0.2778571282621789,1.0,1.0,-0.27785712826217884,0.18876584317495998,0.0,0.08262297143713881,0.384
rep0363,0.37,0.3704822141512414,alg1,0.1,0.010000000000000002,0.020000000000000004,0.06999999999999999,prop_127,1000,2000,0.03586762959540113,0.5963117858534975,True,0.5604441562580964,0.5604441562580964,0.33480478234899586,0.3901952176510041,-0.2989371527535947,0.20611656820249338,0.05539043530200827,0.0840537209560881,0.42100000000000004
rep0364,0.53,0.5338018011999215,alg1,0.1,0.010000000000000002,0.020000000000000004,0.06999999999999999,prop_127,1000,2000,0.3242107568992976,0.8965837777590563,True,0.5723730208597586,0.5723730208597586,0.6062478998456843,0.6617521001543157,-0.28203714294638665,0.23483167760474052,0.05550420030863146,0.08236882055112721,0.43449999999999994
rep0365,0.84,0.8413168065896944,alg1,0.1,0.010000000000000002,0.020000000000000004,0.06999999999999999,prop_127,1000,2000,0.5803249499531041,1.0827905315318405,True,0.5024655815787363,0.41967505004689587,0.8325993565548581,0.8734006434451419,-0.25227440660175393,0.20938988808669862,0.04080128689028384,0.07566429468845265,0.3859999999999999
rep0366,0.12,0.11908796490391335,alg1,0.1,0.010000000000000002,0.020000000000000004,0.06999999999999999,prop_127,1000,2000,-0.10932158517268414,0.34364644267558686,True,0.452968027848271,0.34364644267558686,0.1313161965295157,0.1726838034704843,-0.24063778170219985,0.17096263920510255,0.04136760694096858,0.0766004209073024,0.335
rep0367,0.47,0.4691687310789652,alg1,0.1,0.010000000000000002,0.020000000000000004,0.06999999999999999,prop_127,1000,2000,0.15407949387693542,0.7166339816605627,True,0.5625544877836273,0.5625544877836273,0.43228191161370844,0.4897180883862916,-0.278202417736773,0.22691589327427106,0.05743617677258317,0.08511831101104411,0.42
rep0368,0.37,0.3734818986954472,alg1,0.1,0.010000000000000002,0.020000000000000004,0.06999999999999999,prop_127,1000,2000,0.2273510028052746,0.7634938763780115,True,0.5361428735727369,0.5361428735727369,0.5263689563174903,0.5836310436825098,-0.29901795351221566,0.17986283269550168,0.05726208736501959,0.08638078620771733,0.3925
rep0369,0.36,0.35627210403937437,alg1,0.1,0.010000000000000002,0.020000000000000004,0.06999999999999999,prop_127,1000,2000,0.15309856306748104,0.6936801355191828,True,0.5405815724517018,0.5405815724517018,0.4158721589769535,0.4731278410230465,-0.26277359590947247,0.22055229449613634,0.05725568204609299,0.07332589040560883,0.41
rep0370,0.38,0.3768362772936027,alg1,0.1,0.010000000000000002,0.020000000000000004,0.06999999999999999,prop_127,1000,2000,0.0681594417059539,0.623694116509341,True,0.5555346748033871,0.5555346748033871,0.3658489171121786,0.42215108288782144,-0.2976894754062247,0.20154303362151965,0.05630216577564284,0.08423250902774443,0.4149999999999999
rep0371,0.25,0.25274354849262426,alg1,0.1,0.010000000000000002,0.020000000000000004,0.06999999999999999,prop_127,1000,2000,-0.025803046598113555,0.49312426912691515,True,0.5189273157250287,0.49312426912691515,0.24102821687841952,0.2919717831215805,-0.2668312634765331,0.20115248600533464,0.05094356624316099,0.0789837494818677,0.389
rep0372,0.19,0.19176179445253563,alg1,0.1,0.010000000000000002,0.020000000000000004,0.06999999999999999,prop_127,1000,2000,0.03710300330626237,0.5190670099869793,True,0.4819640066807169,0.4819640066807169,0.2872614677239508,0.3407385322760492,-0.2501584644176884,0.17832847771093008,0.05347706455209844,0.08598694212861852,0.34249999999999997
rep0373,0.63,0.6272188994392105,alg1,0.1,0.010000000000000002,0.020000000000000004,0.06999999999999999,prop_127,1000,2000,0.35707837621443034,0.8259017929757235,True,0.4688234167612932,0.4688234167612932,0.6296510644794826,0.6843489355205175,-0.27257268826505227,0.14155285745520607,0.05469787104103485,0.08062554572025832,0.3335
rep0374,0.27,0.2708767567903986,alg1,0.1,0.010000000000000002,0.020000000000000004,0.06999999999999999,prop_127,1000,2000,-0.03933784881502611,0.4653041022850848,True,0.5046419511001109,0.4653041022850848,0.23715126164490485,0.28784873835509517,-0.27648911045993096,0.17745536392998962,0.050697476710190315,0.08294447438992059,0.371
rep0375,0.54,0.5445132551941091,alg1,0.1,0.010000000000000002,0.020000000000000004,0.06999999999999999,prop_127,1000,2000,0.41511667666478,0.8552453640634011,True,0.4401286873986211,0.4401286873986211,0.6607962628439037,0.7142037371560963,-0.24567958617912367,0.1410416269073048,0.053407474312192615,0.0857212130864285,0.301
rep0376,0.65,0.6541327039046094,alg1,0.1,0.010000000000000002,0.020000000000000004,0.06999999999999999,prop_127,1000,2000,0.5713887112629994,1.0590983336879065,True,0.4877096224249071,0.4286112887370006,0.836302374436675,0.8766976255633251,-0.2649136631736756,0.1824007081245815,0.0403952511266501,0.08581437129825714,0.3615
rep0377,0.43,0.42590792952605844,alg1,0.1,0.010000000000000002,0.020000000000000004,0.06999999999999999,prop_127,1000,2000,0.23621304728692066,0.7287182285065568,True,0.4925051812196361,0.4925051812196361,0.5002426427865169,0.5577573572134832,-0.2640295954995962,0.17096087129307352,0.05751471442696632,0.07749046679266969,0.35750000000000004
rep0378,0.20,0.2024341660241983,alg1,0.1,0.010000000000000002,0.020000000000000004,0.06999999999999999,prop_127,1000,2000,-0.13065574572785144,0.39824745432044134,True,0.5289032000482927,0.39824745432044134,0.18653428047020004,0.23346571952979994,-0.3171900261980515,0.1647817347906414,0.0469314390595999,0.08097176098869274,0.40100000000000013
rep0379,0.46,0.46190430019363876,alg1,0.1,0.010000000000000002,0.020000000000000004,0.06999999999999999,prop_127,1000,2000,0.1339191823695171,0.593097917983515,True,0.45917873561399786,0.45917873561399786,0.39206060176107016,0.4489393982389298,-0.25814141939155305,0.14415851974458513,0.05687879647785965,0.0757999391361382,0.32649999999999996
rep0380,0.55,0.5521673894549264,alg1,0.1,0.010000000000000002,0.020000000000000004,0.06999999999999999,prop_127,1000,2000,0.1552129502007274,0.6833057424941967,True,0.5280927922934693,0.5280927922934693,0.4397513725746621,0.49724862742533793,-0.28453842237393473,0.18605711506885883,0.057497254850675805,0.08509553744279358,0.3855
rep0381,0.17,0.1665206389869533,alg1,0.1,0.010000000000000002,0.020000000000000004,0.06999999999999999,prop_127,1000,2000,0.07614640193045719,0.635003266627457,True,0.5588568646969998,0.5588568646969998,0.3801805974131667,0.43681940258683327,-0.3040341954827095,0.19818386404062377,0.056638805173666595,0.08521805952333322,0.417
rep0382,0.34,0.3448362874284561,alg1,0.1,0.010000000000000002,0.020000000000000004,0.06999999999999999,prop_127,1000,2000,0.16250451183557185,0.6577935340668233,True,0.49528902223125143,0.49528902223125143,0.4243216971499532,0.4816783028500468,-0.26181718531438136,0.17611523121677652,0.0573566057000936,0.08293241653115785,0.35500000000000004
rep0383,0.47,0.4672960579978518,alg1,0.1,0.010000000000000002,0.020000000000000004,0.06999999999999999,prop_127,1000,2000,0.1652552395263142,0.7617796871194908,True,0.5965244475931766,0.5965244475931766,0.47219420814312507,0.5298057918568749,-0.30693896861681086,0.23197389526261586,0.05761158371374986,0.08741286387942676,0.45149999999999996
rep0384,0.45,0.45084726900616834,alg1,0.1,0.010000000000000002,0.020000000000000004,0.06999999999999999,prop_127,1000,2000,0.151738979691732,0.707673013891704,True,0.555934034199972,0.555934034199972,0.47119415053136854,0.5288058494686315,-0.31945517083963654,0.17886716442307252,0.05761169893726298,0.08232233526270916,0.4159999999999999
rep0385,0.89,0.8879136274603612,alg1,0.1,0.010000000000000002,0.020000000000000004,0.06999999999999999,prop_127,1000,2000,0.5323569998136506,1.007159315392747,True,0.47480231557909636,0.4676430001863494,0.812563802394086,0.8554361976059139,-0.28020680258043545,0.15172311778683303,0.04287239521182795,0.0864299203672686,0.3454999999999999
rep0386,0.41,0.4097240031897142,alg1,0.1,0.010000000000000002,0.020000000000000004,0.06999999999999999,prop_127,1000,2000,0.22556785648468147,0.7569285588432572,True,0.5313607023585757,0.5313607023585757,0.4972331224026685,0.5547668775973316,-0.271665265917987,0.20216168124592562,0.05753375519466308,0.07782694716391259,0.396
rep0387,0.68,0.6774976632423061,alg1,0.1,0.010000000000000002,0.020000000000000004,0.06999999999999999,prop_127,1000,2000,0.545778752661323,1.0739972121543002,True,0.5282184594929772,0.45422124733867697,0.808884496700464,0.852115503299536,-0.263105744039141,0.22188170885476424,0.043231006599071975,0.08448745289390519,0.4005
rep0388,0.75,0.7528096674183,alg1,0.1,0.010000000000000002,0.020000000000000004,0.06999999999999999,prop_127,1000,2000,0.32291283083854966,0.8690815349551444,True,0.5461687041165948,0.5461687041165948,0.6321991203435567,0.6868008796564432,-0.3092862895050071,0.18228065529870122,0.054601759312886466,0.06606694480370834,0.4255
rep0389,0.22,0.2183137079808773,alg1,0.1,0.010000000000000002,0.020000000000000004,0.06999999999999999,prop_127,1000,2000,0.13887565756752784,0.6514901503983472,True,0.5126144928308194,0.5126144928308194,0.4223328099449746,0.47966719005502545,-0.28345715237744673,0.17182296034332176,0.057334380110050875,0.08428011272076852,0.371
rep0390,0.22,0.22139342431061027,alg1,0.1,0.010000000000000002,0.020000000000000004,0.06999999999999999,prop_127,1000,2000,-0.023758902886357014,0.4929428262337943,True,0.5167017291201513,0.4929428262337943,0.25607627183572634,0.3079237281642736,-0.27983517472208336,0.18501909806952072,0.05184745632854726,0.08185427279160407,0.383
rep0391,0.75,0.748822558646661,alg1,0.1,0.010000000000000002,0.020000000000000004,0.06999999999999999,prop_127,1000,2000,0.528302828389031,1.0214980663922286,True,0.49319523800319764,0.471697171610969,0.7910596886010324,0.8359403113989676,-0.2627568602120014,0.18555775499326096,0.044880622797935255,0.08481461520526223,0.36350000000000016
rep0392,0.94,0.9436897198162599,alg1,0.1,0.010000000000000002,0.020000000000000004,0.06999999999999999,prop_127,1000,2000,0.4601647171587907,0.9704040608063162,True,0.5102393436475255,0.5102393436475255,0.7359125748637572,0.7850874251362427,-0.27574785770496646,0.1853166356700735,0.04917485027248558,0.08056449337503996,0.3805
rep0393,0.83,0.8325016956044307,alg1,0.1,0.010000000000000002,0.020000000000000004,0.06999999999999999,prop_127,1000,2000,0.5901687473598805,1.1114177749116037,True,0.5212490275517232,0.40983125264011955,0.8827164903188212,0.9172835096811789,-0.29254774295894065,0.19413426523042476,0.03456701936235773,0.08518200818936544,0.40149999999999997
rep0394,0.39,0.39170946396776957,alg1,0.1,0.010000000000000002,0.020000000000000004,0.06999999999999999,prop_127,1000,2000,-0.004830588854209339,0.5272313818602473,True,0.5320619707144567,0.5272313818602473,0.2823787192274355,0.3356212807725645,-0.28720930808164485,0.19161010108768287,0.053242561545128964,0.08131940916932778,0.39749999999999996
rep0395,0.39,0.39476446793846776,alg1,0.1,0.010000000000000002,0.020000000000000004,0.06999999999999999,prop_127,1000,2000,0.3482353116512993,0.9089270688613252,True,0.560691757210026,0.560691757210026,0.6347480221437491,0.6892519778562509,-0.28651271049244986,0.21967509100507435,0.05450395571250177,0.07818780149752413,0.42800000000000005
rep0396,0.67,0.6677316484909898,alg1,0.1,0.010000000000000002,0.020000000000000004,0.06999999999999999,prop_127,1000,2000,0.3874965587474055,0.8764190792029216,True,0.4889225204555161,0.4889225204555161,0.6505703820715819,0.7044296179284181,-0.2630738233241764,0.1719894612745035,0.05385923585683616,0.07706328459867995,0.358
rep0397,0.14,0.1404332578252884,alg1,0.1,0.010000000000000002,0.020000000000000004,0.06999999999999999,prop_127,1000,2000,0.0710430434870793,0.5697625610504596,True,0.49871951756338034,0.49871951756338034,0.35400782777553225,0.40999217222446777,-0.28296478428845295,0.15977038882599184,0.05598434444893552,0.06973517311444477,0.373
rep0398,0.65,0.6468092434677706,alg1,0.1,0.010000000000000002,0.020000000000000004,0.06999999999999999,prop_127,1000,2000,0.43149798154720176,0.9130792309775846,True,0.48158124943038283,0.48158124943038283,0.6556815375602443,0.7093184624397557,-0.22418355601304252,0.20376076853782882,0.05363692487951144,0.0784443245508713,0.34950000000000003
rep0399,0.77,0.7694144518072735,alg1,0.1,0.010000000000000002,0.020000000000000004,0.06999999999999999,prop_127,1000,2000,0.6566679747639281,1.1417209138833058,True,0.48505293911937764,0.34333202523607187,0.9196960465402406,0.9483039534597595,-0.26302807177631243,0.19341696042354634,0.028607906919518866,0.08294503219985883,0.37349999999999994
rep0400,0.49,0.48743787904866825,alg1,0.1,0.010000000000000002,0.020000000000000004,0.06999999999999999,prop_127,1000,2000,0.29881407635254553,0.8074693312090866,True,0.5086552548565411,0.5086552548565411,0.5748119786366314,0.6311880213633686,-0.2759979022840858,0.17628130984571802,0.05637604272673724,0.07177921212980376,0.38050000000000006
rep0401,0.27,0.2721180025440504,alg1,0.1,0.010000000000000002,0.020000000000000004,0.06999999999999999,prop_127,1000,2000,0.11311960493038381,0.6404394747565777,True,0.5273198698261938,0.5273198698261938,0.4034617903699175,0.4605382096300825,-0.29034218543953366,0.17990126512649515,0.057076419260165046,0.08774345056602878,0.3825
rep0402,0.68,0.6789503433601506,alg1,0.1,0.010000000000000002,0.020000000000000004,0.06999999999999999,prop_127,1000,2000,0.3756022440170133,0.8979794106875307,True,0.5223771666705175,0.5223771666705175,0.6720614552943637,0.7249385447056363,-0.29645921127735037,0.1730408659818944,0.05287708941127267,0.08650007725924469,0.38300000000000006
rep0403,0.47,0.4677354982899411,alg1,0.1,0.010000000000000002,0.020000000000000004,0.06999999999999999,prop_127,1000,2000,0.1980514483764481,0.6641166210942038,True,0.46606517271775566,0.46606517271775566,0.46269831327739686,0.5203016867226031,-0.26464686490094874,0.1438149343716007,0.057603373445206274,0.08796179927254938,0.32050000000000006
rep0404,0.21,0.20990604916350614,alg1,0.1,0.010000000000000002,0.020000000000000004,0.06999999999999999,prop_127,1000,2000,0.0037921968211842016,0.47881291134891835,True,0.47502071452773414,0.47502071452773414,0.27262422158149047,0.3253757784185095,-0.26883202476030627,0.15343713293040884,0.05275155683701904,0.08176915769071508,0.3405
rep0405,0.43,0.4311467206251106,alg1,0.1,0.010000000000000002,0.020000000000000004,0.06999999999999999,prop_127,1000,2000,0.15577053341014574,0.6771753941748344,True,0.5214048607646886,0.5214048607646886,0.4243216971499532,0.4816783028500468,-0.2685511637398075,0.1954970913247876,0.0573566057000936,0.08404825506459512,0.37999999999999995
rep0406,0.47,0.46571649166241225,alg1,0.1,0.010000000000000002,0.020000000000000004,0.06999999999999999,prop_127,1000,2000,0.3005456877965543,0.8466573147010292,True,0.546111626904475,0.546111626904475,0.5940648006575217,0.6499351993424783,-0.2935191128609674,0.19672211535855083,0.05587039868495669,0.07974122821951812,0.4105000000000001
rep0407,0.41,0.41375333924820995,alg1,0.1,0.010000000000000002,0.020000000000000004,0.06999999999999999,prop_127,1000,2000,0.2595748138650913,0.8330794132101025,True,0.5735045993450112,0.5735045993450112,0.570258644695611,0.626741355304389,-0.31068383083051976,0.2063380579057134,0.056482710608777964,0.08302188873623334,0.4339999999999999
rep0408,0.49,0.49445316104049586,alg1,0.1,0.010000000000000002,0.020000000000000004,0.06999999999999999,prop_127,1000,2000,0.08028740365312775,0.5797352632647754,True,0.49944785961164767,0.49944785961164767,0.3762244651650934,0.43277553483490666,-0.29593706151196564,0.1469597284298688,0.05655106966981327,0.07789678994183447,0.365
rep0409,0.38,0.3848050124696291,alg1,0.1,0.010000000000000002,0.020000000000000004,0.06999999999999999,prop_127,1000,2000,0.042172758122549225,0.5803020604583966,True,0.5381293023358473,0.5381293023358473,0.3683180580779863,0.42468194192201375,-0.32614529995543706,0.15562011853638288,0.05636388384402746,0.07626541849182,0.40549999999999997
rep0410,0.78,0.7802973816084029,alg1,0.1,0.010000000000000002,0.020000000000000004,0.06999999999999999,prop_127,1000,2000,0.46170666234858804,0.9852612090238594,True,0.5235545466752713,0.5235545466752713,0.7550957265512594,0.8029042734487406,-0.2933890642026714,0.18235693557511876,0.04780854689748115,0.07974599977779018,0.396
rep0411,0.67,0.6688147999147477,alg1,0.1,0.010000000000000002,0.020000000000000004,0.06999999999999999,prop_127,1000,2000,0.571509811906665,1.0236461597644184,True,0.45213634785775336,0.42849018809333494,0.8357731240531459,0.8762268759468541,-0.26426331214648086,0.14741928381756422,0.040453751893708256,0.0776825959640452,0.3339999999999999
rep0412,0.31,0.306090033488935,alg1,0.1,0.010000000000000002,0.020000000000000004,0.06999999999999999,prop_127,1000,2000,0.009541988481614583,0.4868488795402173,True,0.47730689105860274,0.47730689105860274,0.28335497851259545,0.33664502148740455,-0.27381299003098086,0.15020385805281278,0.053290042974809104,0.08501684808379367,0.33899999999999997
rep0413,0.76,0.757066391808175,alg1,0.1,0.010000000000000002,0.020000000000000004,0.06999999999999999,prop_127,1000,2000,0.49439989291645886,1.011204439167941,True,0.5168045462514821,0.5056001070835412,0.7628920114595815,0.8101079885404184,-0.26849211854312266,0.20109645062752238,0.04721597708083691,0.07758856917064505,0.392
rep0414,0.79,0.7887919900296583,alg1,0.1,0.010000000000000002,0.020000000000000004,0.06999999999999999,prop_127,1000,2000,0.6466673732279066,1.1600813317414953,True,0.5134139585135887,0.3533326267720934,0.9453130582564141,0.9686869417435858,-0.2986456850285075,0.19139438999790953,0.02337388348717173,0.07904007502641713,0.4109999999999999
rep0415,0.54,0.5440700092001609,alg1,0.1,0.010000000000000002,0.020000000000000004,0.06999999999999999,prop_127,1000,2000,0.1988055984295643,0.7186040204562332,True,0.5197984220266689,0.5197984220266689,0.47669589333798285,0.5343041066620171,-0.27789029490841854,0.184299913794216,0.05760821332403426,0.0771902087026346,0.38499999999999995
rep0416,0.25,0.24629157077116925,alg1,0.1,0.010000000000000002,0.020000000000000004,0.06999999999999999,prop_127,1000,2000,-0.08476274148148435,0.45553812680959804,True,0.5403008682910824,0.45553812680959804,0.2173252382303971,0.2666747617696029,-0.30208797971188145,0.18886336503999512,0.049349523539205825,0.07195134475187653,0.41900000000000004
rep0417,0.40,0.4025470814349371,alg1,0.1,0.010000000000000002,0.020000000000000004,0.06999999999999999,prop_127,1000,2000,0.09286758690991814,0.5999517703219924,True,0.5070841834120743,0.5070841834120743,0.37869681997060356,0.4353031800293964,-0.2858292330606854,0.16464859029259604,0.056606360058792826,0.07647782335328146,0.374
rep0418,0.89,0.8910069249903315,alg1,0.1,0.010000000000000002,0.020000000000000004,0.06999999999999999,prop_127,1000,2000,0.5424757916924069,1.0447142954097335,True,0.5022385037173266,0.4575242083075931,0.836831708384962,0.877168291615038,-0.2943559166925551,0.16754600379469564,0.04033658323007594,0.0714019204872508,0.39049999999999996
rep0419,0.59,0.5935607828378756,alg1,0.1,0.010000000000000002,0.020000000000000004,0.06999999999999999,prop_127,1000,2000,0.3912715351258261,0.9461181761689194,True,0.5548466410430932,0.5548466410430932,0.6792395695172455,0.7317604304827545,-0.28796803439141944,0.21435774568616484,0.05252086096550901,0.08382578007758418,0.41850000000000004
rep0420,0.57,0.5715466086620452,alg1,0.1,0.010000000000000002,0.020000000000000004,0.06999999999999999,prop_127,1000,2000,0.2799426713745529,0.7916851404747791,True,0.5117424691002261,0.5117424691002261,0.5480333051678224,0.6049666948321776,-0.26809063379326953,0.18671844564260154,0.05693338966435513,0.08780907943587107,0.367
rep0421,0.25,0.25285566616842686,alg1,0.1,0.010000000000000002,0.020000000000000004,0.06999999999999999,prop_127,1000,2000,-0.09206736128256515,0.4105094036206018,True,0.5025767649031669,0.4105094036206018,0.16501344096577886,0.20998655903422114,-0.257080802248344,0.20052284458638064,0.044973118068442286,0.07560364683472465,0.382
rep0422,0.17,0.16693479447728637,alg1,0.1,0.010000000000000002,0.020000000000000004,0.06999999999999999,prop_127,1000,2000,-0.1709361936178884,0.33558928810099264,True,0.506525481718881,0.33558928810099264,0.1412465335870852,0.18375346641291482,-0.3121827272049736,0.15183582168807783,0.042506932825829624,0.08451854889305144,0.37949999999999995
rep0423,0.83,0.8258695745189623,alg1,0.1,0.010000000000000002,0.020000000000000004,0.06999999999999999,prop_127,1000,2000,0.6008042784312166,1.08288711301108,True,0.48208283457986334,0.39919572156878336,0.8522204922099703,0.8907795077900298,-0.2514162137787537,0.19210760522105014,0.038559015580059475,0.08002381899980382,0.36350000000000005
rep0424,0.64,0.6414983808673556,alg1,0.1,0.010000000000000002,0.020000000000000004,0.06999999999999999,prop_127,1000,2000,0.4133343514117303,0.9924537185829337,True,0.5791193671712034,0.5791193671712034,0.7054526704059152,0.7565473295940848,-0.2921183189941849,0.23590638898884897,0.05109465918816958,0.08402470798303374,0.44400000000000006
rep0425,0.26,0.2582053856343371,alg1,0.1,0.010000000000000002,0.020000000000000004,0.06999999999999999,prop_127,1000,2000,-0.0004049810706415191,0.489866075129726,True,0.49027105620036754,0.489866075129726,0.23860480493186387,0.28939519506813616,-0.2390097860025054,0.20047088006158986,0.05079039013627229,0.08298066606409532,0.35649999999999993
rep0426,0.38,0.38380573094991494,alg1,0.1,0.010000000000000002,0.020000000000000004,0.06999999999999999,prop_127,1000,2000,0.37689170411167844,0.8108676945702623,True,0.43397599045858387,0.43397599045858387,0.6444416457703398,0.6985583542296602,-0.26754994165866136,0.1123093403406021,0.05411670845932037,0.08685928199926346,0.293
rep0427,0.65,0.6523685889158428,alg1,0.1,0.010000000000000002,0.020000000000000004,0.06999999999999999,prop_127,1000,2000,0.29583252549866945,0.8061265351930998,True,0.5102940096944304,0.5102940096944304,0.5829129525272781,0.6390870474727218,-0.2870804270286087,0.167039487720378,0.056174094945443676,0.07261991474898666,0.38150000000000006
rep0428,0.34,0.34449647918286297,alg1,0.1,0.010000000000000002,0.020000000000000004,0.06999999999999999,prop_127,1000,2000,0.06969821292665895,0.5887266548750355,True,0.5190284419483766,0.5190284419483766,0.3338213257729228,0.3891786742270772,-0.26412311284626383,0.19954798064795834,0.05535734845415441,0.07467109349422224,0.38899999999999996
rep0429,0.22,0.21723207027850108,alg1,0.1,0.010000000000000002,0.020000000000000004,0.06999999999999999,prop_127,1000,2000,0.040780701334407754,0.5732351004509492,True,0.5324543991165414,0.5324543991165414,0.3333296461758462,0.38867035382415377,-0.29254894484143845,0.18456474662679537,0.05534070764830756,0.08211369146823377,0.395
rep0430,0.68,0.6820695962174026,alg1,0.1,0.010000000000000002,0.020000000000000004,0.06999999999999999,prop_127,1000,2000,0.5046575620662229,1.0046022497414206,True,0.49994468767519773,0.4953424379337771,0.7978663080505076,0.8421336919494923,-0.2932087459842847,0.16246855779192826,0.04426738389898466,0.08417730377621302,0.37149999999999994
rep0431,0.28,0.284225366311842,alg1,0.1,0.010000000000000002,0.020000000000000004,0.06999999999999999,prop_127,1000,2000,0.08981662774401827,0.5647978358584604,True,0.47498120811444217,0.47498120811444217,0.36338054772635053,0.4196194522736495,-0.27356391998233226,0.14517838358481097,0.05623890454729896,0.08424230356714318,0.3345000000000001
rep0432,0.31,0.30768361282272644,alg1,0.1,0.010000000000000002,0.020000000000000004,0.06999999999999999,prop_127,1000,2000,0.12640496614994617,0.6646263951416124,True,0.5382214289916663,0.5382214289916663,0.42879840030508093,0.4862015996949191,-0.30239343415513475,0.17842479544669324,0.05740319938983818,0.06581822960182793,0.41500000000000004
rep0433,0.30,0.302376705474965,alg1,0.1,0.010000000000000002,0.020000000000000004,0.06999999999999999,prop_127,1000,2000,0.09080246922046242,0.5715617633104498,True,0.4807592940899874,0.4807592940899874,0.3737528717959607,0.4302471282040394,-0.28295040257549825,0.14131463510641049,0.0564942564080787,0.07026503768190873,0.354
rep0434,0.57,0.567639441098303,alg1,0.1,0.010000000000000002,0.020000000000000004,0.06999999999999999,prop_127,1000,2000,0.4123335842196913,0.9523027647043372,True,0.5399691804846458,0.5399691804846458,0.6628431627761351,0.7161568372238649,-0.2505095785564438,0.2361459274804723,0.05331367444772983,0.08815550603691608,0.3985
rep0435,0.04,0.041969512259814074,alg1,0.1,0.010000000000000002,0.020000000000000004,0.06999999999999999,prop_127,1000,2000,-0.07572597180601717,0.47439279152699854,True,0.5501187633330157,0.47439279152699854,0.19517360941486958,0.24282639058513042,-0.27089958122088675,0.23156640094186814,0.04765278117026084,0.08196598216275486,0.4205
rep0436,0.14,0.14023513953337763,alg1,0.1,0.010000000000000002,0.020000000000000004,0.06999999999999999,prop_127,1000,2000,-0.11921762768410582,0.3708539652474825,True,0.4900715929315883,0.3708539652474825,0.15834234660322805,0.20265765339677194,-0.27755997428733387,0.16819631185071054,0.044315306793543896,0.07525628613804436,0.37050000000000005
rep0437,0.25,0.2515345925402716,alg1,0.1,0.010000000000000002,0.020000000000000004,0.06999999999999999,prop_127,1000,2000,0.1117831137466217,0.6280845939874532,True,0.5163014802408314,0.5163014802408314,0.3950333051678225,0.4519666948321775,-0.2832501914212008,0.1761178991552757,0.056933389664355016,0.08586809057647643,0.37350000000000005
rep0438,0.43,0.4292060522489633,alg1,0.1,0.010000000000000002,0.020000000000000004,0.06999999999999999,prop_127,1000,2000,0.16857296582096976,0.6948824547338402,True,0.5263094889128705,0.5263094889128705,0.4517160657163096,0.5092839342836903,-0.28314309989533987,0.18559852045014993,0.05756786856738072,0.08474162034548988,0.38399999999999995
rep0439,0.49,0.491701673642238,alg1,0.1,0.010000000000000002,0.020000000000000004,0.06999999999999999,prop_127,1000,2000,0.10612807234718746,0.6261063467412321,True,0.5199782743940446,0.5199782743940446,0.3856234455594405,0.44237655444055946,-0.27949537321225304,0.18372979230067266,0.05675310888111895,0.06872516551292568,0.3945
rep0440,0.50,0.4993100840412795,alg1,0.1,0.010000000000000002,0.020000000000000004,0.06999999999999999,prop_127,1000,2000,0.09571242260967583,0.6341489125409934,True,0.5384364899313175,0.5384364899313175,0.3752357363178878,0.43176426368211224,-0.279523313708212,0.20238464885888113,0.056528527364224423,0.07390796256709309,0.40800000000000003
rep0441,0.04,0.037745194308399226,alg1,0.1,0.010000000000000002,0.020000000000000004,0.06999999999999999,prop_127,1000,2000,-0.21043552782002706,0.28753628608860304,True,0.4979718139086301,0.28753628608860304,0.06345989162260952,0.09454010837739048,-0.27389541944263657,0.19299617771121255,0.031080216754780954,0.08739159715384909,0.3795
rep0442,0.31,0.31051142046596214,alg1,0.1,0.010000000000000002,0.020000000000000004,0.06999999999999999,prop_127,1000,2000,0.1297910824702948,0.6369657289718643,True,0.5071746465015695,0.5071746465015695,0.3890889759815809,0.4459110240184191,-0.25929789351128607,0.19105470495344523,0.05682204803683821,0.0788525984647313,0.3715
rep0443,0.35,0.35370322252362474,alg1,0.1,0.010000000000000002,0.020000000000000004,0.06999999999999999,prop_127,1000,2000,-0.006750037623216909,0.46927365594306614,True,0.47602369356628305,0.46927365594306614,0.27067510972414266,0.3233248902758573,-0.27742514734735957,0.14594876566720885,0.05264978055171465,0.08337391301456842,0.33999999999999997
rep0444,0.53,0.5336519488191548,alg1,0.1,0.010000000000000002,0.020000000000000004,0.06999999999999999,prop_127,1000,2000,0.3683820596126036,0.8833379402675618,True,0.5149558806549582,0.5149558806549582,0.6240482974961946,0.6789517025038053,-0.255666237883591,0.20438623776375656,0.054903405007610706,0.08705247564734758,0.37299999999999994
rep0445,0.46,0.4581531175440305,alg1,0.1,0.010000000000000002,0.020000000000000004,0.06999999999999999,prop_127,1000,2000,0.09063446021634047,0.6153715316880527,True,0.5247370714717122,0.5247370714717122,0.36733030926577237,0.42366969073422767,-0.2766958490494319,0.19170184095382503,0.056339381468455296,0.08639769000325687,0.38200000000000006
rep0446,0.25,0.2468451336990828,alg1,0.1,0.010000000000000002,0.020000000000000004,0.06999999999999999,prop_127,1000,2000,-0.1660422302689881,0.3209833322871832,True,0.48702556255617124,0.3209833322871832,0.14314169122479567,0.18585830877520435,-0.30918392149378376,0.13512502351197883,0.042716617550408675,0.060808945005762505,0.38350000000000006
rep0447,0.41,0.4140230549574396,alg1,0.1,0.010000000000000002,0.020000000000000004,0.06999999999999999,prop_127,1000,2000,0.3067324864509451,0.7806257683797884,True,0.4738932819288433,0.4738932819288433,0.5788614766239591,0.6351385233760408,-0.27212899017301406,0.14548724500374752,0.05627704675208167,0.08161623517676164,0.33599999999999997
rep0448,0.83,0.8287472972503965,alg1,0.1,0.010000000000000002,0.020000000000000004,0.06999999999999999,prop_127,1000,2000,0.668701075240983,1.1584690556811625,True,0.48976798044017955,0.331298924759017,0.952125114623065,0.9738748853769349,-0.28342403938208205,0.1845941703042276,0.021749770753869857,0.07801820968630963,0.39
rep0449,0.56,0.5645067429946748,alg1,0.1,0.010000000000000002,0.020000000000000004,0.06999999999999999,prop_127,1000,2000,0.34726599458919,0.8753123230402011,True,0.5280463284510111,0.5280463284510111,0.6199760899697855,0.6750239100302144,-0.2727100953805955,0.20028841300998668,0.055047820060428965,0.07099850839058214,0.402
rep0450,0.94,0.9431920023976119,alg1,0.1,0.010000000000000002,0.020000000000000004,0.06999999999999999,prop_127,1000,2000,0.5513509497521847,1.1030305214649947,True,0.55167957171281,0.4486490502478153,0.8570122468000962,0.8949877531999038,-0.3056612970479116,0.20804276826509105,0.03797550639980751,0.07720406531300261,0.4365000000000001
rep0451,0.43,0.43180080703757445,alg1,0.1,0.010000000000000002,0.020000000000000004,0.06999999999999999,prop_127,1000,2000,0.14115406391680618,0.721780380172466,True,0.5806263162556599,0.5806263162556599,0.4552089029038711,0.5127910970961288,-0.31405483898706493,0.2089892830763372,0.057582194192257685,0.08754412206340217,0.43549999999999994
rep0452,0.56,0.5627620654820352,alg1,0.1,0.010000000000000002,0.020000000000000004,0.06999999999999999,prop_127,1000,2000,0.2965972142250811,0.8038066079029259,True,0.5072093936778448,0.5072093936778448,0.563685974593331,0.6203140254066689,-0.2670887603682499,0.183492582496257,0.05662805081333788,0.08758134286450692,0.363
rep0453,0.14,0.14300716904163316,alg1,0.1,0.010000000000000002,0.020000000000000004,0.06999999999999999,prop_127,1000,2000,-0.22115110214818853,0.3176394231797983,True,0.5387905253279869,0.3176394231797983,0.08733893659428191,0.12266106340571808,-0.30849003874247044,0.19497835977408026,0.03532212681143618,0.07296839851655068,0.4305
rep0454,0.51,0.5104109404691677,alg1,0.1,0.010000000000000002,0.020000000000000004,0.06999999999999999,prop_127,1000,2000,0.21834833244459584,0.7192878375662062,True,0.5009395051216103,0.5009395051216103,0.4686945106067374,0.5263054893932626,-0.25034617816214155,0.1929823481729436,0.05761097878652521,0.08782852633508509,0.35550000000000004
rep0455,0.77,0.7735376398629162,alg1,0.1,0.010000000000000002,0.020000000000000004,0.06999999999999999,prop_127,1000,2000,0.5528030509896897,1.0547902666539808,True,0.501987215664291,0.44719694901031026,0.8283721957583684,0.8696278042416316,-0.27556914476867866,0.18516246241234927,0.04125560848326315,0.07523160718102795,0.38549999999999995
rep0456,0.87,0.8687078336632835,alg1,0.1,0.010000000000000002,0.020000000000000004,0.06999999999999999,prop_127,1000,2000,0.6563782938040598,1.1233895844315145,True,0.4670112906274547,0.34362170619594024,0.9136558731323309,0.9433441268676691,-0.2572775793282711,0.18004545756384532,0.029688253735338233,0.0878230368921164,0.34950000000000003
rep0457,0.18,0.1788003322874369,alg1,0.1,0.010000000000000002,0.020000000000000004,0.06999999999999999,prop_127,1000,2000,-0.10046353719313905,0.4511457702931878,True,0.5516093074863269,0.4511457702931878,0.18557540627059227,0.2324245937294077,-0.2860389434637313,0.21872117656378007,0.046849187458815444,0.06826012002751136,0.4365
rep0458,0.41,0.41178511078346147,alg1,0.1,0.010000000000000002,0.020000000000000004,0.06999999999999999,prop_127,1000,2000,0.2735783190394044,0.7891242432880914,True,0.5155459242486871,0.5155459242486871,0.5510606017610702,0.6079393982389298,-0.2774822827216658,0.18118484504916155,0.05687879647785965,0.06116712777082739,0.39749999999999996
rep0459,0.20,0.20251553907939746,alg1,0.1,0.010000000000000002,0.020000000000000004,0.06999999999999999,prop_127,1000,2000,0.02130745958216823,0.5416830047243784,True,0.5203755451422101,0.5203755451422101,0.30388948683298567,0.35811051316701437,-0.28258202725081744,0.18357249155736405,0.0542210263340287,0.08215451880818148,0.384
rep0460,0.40,0.40292299108370144,alg1,0.1,0.010000000000000002,0.020000000000000004,0.06999999999999999,prop_127,1000,2000,0.17314314013116394,0.7699121369440125,True,0.5967689968128486,0.5967689968128486,0.4477259841819595,0.5052740158180404,-0.2745828440507956,0.26463812112597207,0.05754803163608091,0.08422096517676769,0.45499999999999996
rep0461,0.43,0.42646524714843287,alg1,0.1,0.010000000000000002,0.020000000000000004,0.06999999999999999,prop_127,1000,2000,0.1508708390851003,0.6607355900334482,True,0.5098647509483478,0.5098647509483478,0.43377528123394155,0.4912247187660585,-0.28290444214884125,0.1695108712673897,0.057449437532116954,0.08241531341623093,0.37000000000000005
rep0462,0.24,0.2370260445746453,alg1,0.1,0.010000000000000002,0.020000000000000004,0.06999999999999999,prop_127,1000,2000,-0.0011756082681641522,0.5006351327621458,True,0.5018107410303099,0.5006351327621458,0.24490783863876964,0.2960921613612304,-0.2460834469069338,0.20454297140091537,0.05118432272246076,0.07912641830784911,0.37150000000000005
rep0463,0.45,0.45355346086975507,alg1,0.1,0.010000000000000002,0.020000000000000004,0.06999999999999999,prop_127,1000,2000,0.1110557419305847,0.6296342911527754,True,0.5185785492221906,0.5185785492221906,0.3856234455594405,0.44237655444055946,-0.2745677036288558,0.18725773671221588,0.05675310888111895,0.07832544034107164,0.3835
rep0464,0.20,0.19807628410058195,alg1,0.1,0.010000000000000002,0.020000000000000004,0.06999999999999999,prop_127,1000,2000,0.03428300118197164,0.620895261024691,True,0.5866122598427193,0.5866122598427193,0.34563131201606756,0.40136868798393244,-0.3113483108340959,0.2195265730407585,0.05573737596786488,0.08637488387485448,0.4445
rep0465,0.37,0.3748762907363597,alg1,0.1,0.010000000000000002,0.020000000000000004,0.06999999999999999,prop_127,1000,2000,0.1860168214346039,0.6917366761962846,True,0.5057198547616808,0.5057198547616808,0.4607005029216046,0.5182994970783954,-0.2746836814870007,0.17343717911788925,0.05759899415679082,0.07112086060488992,0.377
rep0466,0.30,0.2980440564126031,alg1,0.1,0.010000000000000002,0.020000000000000004,0.06999999999999999,prop_127,1000,2000,0.10211807973391751,0.6420874905003309,True,0.5399694107664134,0.5399694107664134,0.3757300855037912,0.43226991449620883,-0.2736120057698737,0.20981757600412201,0.05653982899241761,0.08542958177399573,0.398
rep0467,0.65,0.6504546908666262,alg1,0.1,0.010000000000000002,0.020000000000000004,0.06999999999999999,prop_127,1000,2000,0.40185478108765565,0.9620940092852164,True,0.5602392281975608,0.5602392281975608,0.7276371141364291,0.7773628858635708,-0.3257823330487734,0.1847311234216455,0.049725771727141765,0.08301345647041891,0.4275
rep0468,0.21,0.21265349235947165,alg1,0.1,0.010000000000000002,0.020000000000000004,0.06999999999999999,prop_127,1000,2000,0.03894554010872586,0.5667089901577391,True,0.5277634500490133,0.5277634500490133,0.31025790441562534,0.3647420955843747,-0.2713123643068995,0.20196689457336445,0.05448419116874936,0.07227925888026399,0.4009999999999999
rep0469,0.21,0.21258697800944226,alg1,0.1,0.010000000000000002,0.020000000000000004,0.06999999999999999,prop_127,1000,2000,-0.08495106416895098,0.36992896388128915,True,0.45488002805024014,0.36992896388128915,0.18030545917391,0.22669454082608997,-0.265256523342861,0.1432344230551992,0.046389081652179975,0.0829909463980601,0.32550000000000007
rep0470,0.54,0.5398146548536492,alg1,0.1,0.010000000000000002,0.020000000000000004,0.06999999999999999,prop_127,1000,2000,0.2624382943033917,0.8303061892905764,True,0.5678678949871847,0.5678678949871847,0.5626752505489129,0.6193247494510871,-0.30023695624552116,0.21098143983948936,0.05664949890217419,0.06221839608501051,0.449
rep0471,0.48,0.4781086076909956,alg1,0.1,0.010000000000000002,0.020000000000000004,0.06999999999999999,prop_127,1000,2000,0.058967928810502335,0.5981788344428726,True,0.5392109056323702,0.5392109056323702,0.3569664172422697,0.41303358275773033,-0.29799848843176735,0.18514525168514223,0.05606716551546065,0.07914374011690961,0.40399999999999997
rep0472,0.49,0.4931837617701383,alg1,0.1,0.010000000000000002,0.020000000000000004,0.06999999999999999,prop_127,1000,2000,0.14976975171050877,0.7293338774340525,True,0.5795641257235438,0.5795641257235438,0.4661955908598511,0.5238044091401489,-0.3164258391493423,0.2055294682939036,0.05760881828029785,0.07895530744324586,0.44300000000000006
rep0473,0.55,0.5502374412026185,alg1,0.1,0.010000000000000002,0.020000000000000004,0.06999999999999999,prop_127,1000,2000,0.21263644301536766,0.6725817439481907,True,0.45994530093282304,0.45994530093282304,0.47419466904132557,0.5318053309586744,-0.2615582260259579,0.14077641298951626,0.05761066191734887,0.07883463901547416,0.3235
rep0474,0.50,0.5022598212886866,alg1,0.1,0.010000000000000002,0.020000000000000004,0.06999999999999999,prop_127,1000,2000,0.35101786808432545,0.8779846623632892,True,0.5269667942789638,0.5269667942789638,0.6551702621138585,0.7088297378861416,-0.3041523940295331,0.16915492447714758,0.05365947577228303,0.08680731850668061,0.38650000000000007
rep0475,0.41,0.40841533643567224,alg1,0.1,0.010000000000000002,0.020000000000000004,0.06999999999999999,prop_127,1000,2000,0.14729530160046533,0.641315447919747,True,0.4940201463192817,0.4940201463192817,0.4064385971471208,0.4635614028528792,-0.25914329554665544,0.1777540450668678,0.05712280570575845,0.07889734061352327,0.358
rep0476,0.87,0.8664063007034848,alg1,0.1,0.010000000000000002,0.020000000000000004,0.06999999999999999,prop_127,1000,2000,0.5043250089563716,0.9571072515280641,True,0.45278224257169253,0.45278224257169253,0.7587325556190568,0.8062674443809431,-0.2544075466626853,0.15083980714712097,0.047534888761886274,0.08174735380980624,0.3235
rep0477,0.84,0.842413403448983,alg1,0.1,0.010000000000000002,0.020000000000000004,0.06999999999999999,prop_127,1000,2000,0.5647400330205338,1.0576742227669125,True,0.4929341897463787,0.43525996697946623,0.8495617922883475,0.8884382077116525,-0.2848217592678137,0.16923601505526004,0.038876415423305,0.0855577743230736,0.36850000000000016
rep0478,0.60,0.5960768894900287,alg1,0.1,0.010000000000000002,0.020000000000000004,0.06999999999999999,prop_127,1000,2000,0.2818285726450845,0.8211913912561888,True,0.5393628186111044,0.5393628186111044,0.5606541659093536,0.6173458340906464,-0.2788255932642691,0.2038455571655424,0.05669166818129279,0.08267115042981144,0.4
rep0479,0.21,0.2117708448822024,alg1,0.1,0.010000000000000002,0.020000000000000004,0.06999999999999999,prop_127,1000,2000,-0.11590991039537948,0.41480484425775027,True,0.5307147546531298,0.41480484425775027,0.1942128557705398,0.2417871442294602,-0.3101227661659193,0.17301770002829006,0.04757428845892042,0.0841404661942094,0.39899999999999997
rep0480,0.52,0.518975354700866,alg1,0.1,0.010000000000000002,0.020000000000000004,0.06999999999999999,prop_127,1000,2000,-0.039902354842144216,0.48522473453232284,False,0.5251270893744671,0.48522473453232284,0.248790089470511,0.30020991052948903,-0.2886924443126552,0.18501482400283378,0.05141982105897802,0.08120726831548908,0.39249999999999996
rep0481,0.30,0.29832708580489603,alg1,0.1,0.010000000000000002,0.020000000000000004,0.06999999999999999,prop_127,1000,2000,0.02158156692602803,0.5726196957317492,True,0.5510381288057211,0.5510381288057211,0.3407082364572963,0.3962917635427037,-0.3191266695312683,0.17632793218904552,0.05558352708540737,0.07895460172031382,0.4165
rep0482,0.69,0.6895096020922585,alg1,0.1,0.010000000000000002,0.020000000000000004,0.06999999999999999,prop_127,1000,2000,0.40245256645205396,0.9201740770494182,True,0.5177215105973643,0.5177215105973643,0.6792395695172455,0.7317604304827545,-0.27678700306519155,0.18841364656666376,0.05252086096550901,0.08120064963185525,0.38400000000000006
rep0483,0.57,0.5687260783204688,alg1,0.1,0.010000000000000002,0.020000000000000004,0.06999999999999999,prop_127,1000,2000,0.38456475252825817,0.9238079057570534,True,0.5392431532287952,0.5392431532287952,0.6823181765878621,0.734681823412138,-0.2977534240596039,0.1891260823449154,0.052363646824275856,0.0878795064045193,0.399
rep0484,0.50,0.4958900010470314,alg1,0.1,0.010000000000000002,0.020000000000000004,0.06999999999999999,prop_127,1000,2000,0.25710479038977413,0.724166264930795,True,0.4670614745410208,0.4670614745410208,0.5228473585894332,0.5801526414105668,-0.2657425681996591,0.1440136235202282,0.05730528282113356,0.06675619171988728,0.343
rep0485,0.21,0.2077513364690137,alg1,0.1,0.010000000000000002,0.020000000000000004,0.06999999999999999,prop_127,1000,2000,-0.1400221604872635,0.33994642888458937,True,0.4799685893718528,0.33994642888458937,0.11156179228834748,0.15043820771165253,-0.25158395277561096,0.1895082211729368,0.038876415423305055,0.08359217394854779,0.3575
rep0486,0.54,0.5439935944688932,alg1,0.1,0.010000000000000002,0.020000000000000004,0.06999999999999999,prop_127,1000,2000,0.3624744713099013,0.8644358596633226,True,0.5019613883534213,0.5019613883534213,0.6378078273712382,0.6921921726287619,-0.2753333560613369,0.17224368703456067,0.05438434525752367,0.08257704309589764,0.36499999999999994
rep0487,0.79,0.7934340143658382,alg1,0.1,0.010000000000000002,0.020000000000000004,0.06999999999999999,prop_127,1000,2000,0.4986139156475606,0.9965432673644283,True,0.49792935171686775,0.49792935171686775,0.7639323960696875,0.8110676039303124,-0.26531848042212697,0.18547566343411598,0.04713520786062486,0.08029414385624295,0.3705
rep0488,0.34,0.3421267850596136,alg1,0.1,0.010000000000000002,0.020000000000000004,0.06999999999999999,prop_127,1000,2000,-0.0840602782385774,0.482998325184924,True,0.5670586034235015,0.482998325184924,0.2173252382303971,0.2666747617696029,-0.3013855164689745,0.21632356341532108,0.049349523539205825,0.08320907988429554,0.43450000000000005
rep0489,0.54,0.5385172305758641,alg1,0.1,0.010000000000000002,0.020000000000000004,0.06999999999999999,prop_127,1000,2000,0.33612475441125966,0.8576419798636887,True,0.5215172254524291,0.5215172254524291,0.6255759235735291,0.680424076426471,-0.28945116916226943,0.17721790343721777,0.05484815285294187,0.08516907259948725,0.38149999999999995
rep0490,0.61,0.6067307120236206,alg1,0.1,0.010000000000000002,0.020000000000000004,0.06999999999999999,prop_127,1000,2000,0.35584733239301647,0.8970298348133202,True,0.5411825024203037,0.5411825024203037,0.670524243034682,0.7234757569653179,-0.3146769106416656,0.17355407784800236,0.052951513930635796,0.06423098848966796,0.424
rep0491,0.18,0.18473671585054022,alg1,0.1,0.010000000000000002,0.020000000000000004,0.06999999999999999,prop_127,1000,2000,-0.17370091229107076,0.31681698959139604,True,0.4905179018824668,0.31681698959139604,0.07213708575391209,0.1048629142460879,-0.24583799804498285,0.21195407534530813,0.03272582849217581,0.08429207339029093,0.37350000000000005
rep0492,0.93,0.9279487323921178,alg1,0.1,0.010000000000000002,0.020000000000000004,0.06999999999999999,prop_127,1000,2000,0.5650605394187076,1.067558018319885,True,0.5024974789011774,0.4349394605812924,0.807308678916736,0.850691321083264,-0.24224813949802837,0.21686669723662091,0.043382642166527985,0.07211483673464925,0.387
rep0493,0.08,0.07615839584433524,alg1,0.1,0.010000000000000002,0.020000000000000004,0.06999999999999999,prop_127,1000,2000,-0.2565201317906871,0.2937889440827694,True,0.5503090758734566,0.2937889440827694,0.0445336427815439,0.07146635721845611,-0.301053774572231,0.22232258686431328,0.02693271443691221,0.08037636143654442,0.4429999999999999
rep0494,0.28,0.27554641305052574,alg1,0.1,0.010000000000000002,0.020000000000000004,0.06999999999999999,prop_127,1000,2000,0.08302566622892898,0.5780398256804324,True,0.49501415945150345,0.49501415945150345,0.35943276813031383,0.4155672318696862,-0.27640710190138484,0.16247259381074622,0.056134463739372364,0.08687969571213106,0.352
rep0495,0.64,0.643907691720275,alg1,0.1,0.010000000000000002,0.020000000000000004,0.06999999999999999,prop_127,1000,2000,0.37903158287721506,0.8894574553449381,True,0.5104258724677231,0.5104258724677231,0.6766751097241426,0.7293248902758573,-0.2976435268469275,0.1601325650690808,0.052649780551714764,0.07827609191600826,0.37950000000000006
rep0496,0.72,0.7224562595011754,alg1,0.1,0.010000000000000002,0.020000000000000004,0.06999999999999999,prop_127,1000,2000,0.5553962309805082,1.1354808260249116,True,0.5800845950444035,0.44460376901949183,0.8357731240531459,0.8762268759468541,-0.2803768930726377,0.25925395007805746,0.040453751893708256,0.08563084315069514,0.45399999999999996
rep0497,0.48,0.4821267248525993,alg1,0.1,0.010000000000000002,0.020000000000000004,0.06999999999999999,prop_127,1000,2000,0.31040500053530035,0.8801413299409633,True,0.569736329405663,0.569736329405663,0.6469946735955943,0.7010053264044058,-0.3365896730602939,0.17913600353655745,0.054010652808811566,0.06922567659685142,0.4465
rep0498,0.35,0.35439100144032015,alg1,0.1,0.010000000000000002,0.020000000000000004,0.06999999999999999,prop_127,1000,2000,0.23380150556407808,0.794221400508536,True,0.5604198949444579,0.5604198949444579,0.5334164678002001,0.5905835321998,-0.29961496223612205,0.203637868308736,0.05716706439959984,0.08475283054485805,0.4185
rep0499,0.45,0.4507297648925736,alg1,0.1,0.010000000000000002,0.020000000000000004,0.06999999999999999,prop_127,1000,2000,0.40363375567317766,0.9190152907009419,True,0.5153815350277642,0.5153815350277642,0.641379158869436,0.695620841130564,-0.2377454031962583,0.22339444957037785,0.05424168226112802,0.08413985276663616,0.377
rep0500,0.54,0.5425140017223532,alg1,0.1,0.010000000000000002,0.020000000000000004,0.06999999999999999,prop_127,1000,2000,0.30050218551084495,0.785799159023612,True,0.485296973512767,0.485296973512767,0.5621699339834048,0.6188300660165953,-0.2616677484725598,0.16696909300701673,0.056660132033190536,0.08513684147957656,0.34349999999999997
rep0501,0.65,0.651013799572821,alg1,0.1,0.010000000000000002,0.020000000000000004,0.06999999999999999,prop_127,1000,2000,0.3851169072446287,0.9313235203498262,True,0.5462066131051975,0.5462066131051975,0.6889932469724098,0.7410067530275901,-0.3038763397277811,0.19031676732223618,0.05201350605518029,0.0836931070500172,0.4105000000000001
rep0502,0.76,0.7577751337859409,alg1,0.1,0.010000000000000002,0.020000000000000004,0.06999999999999999,prop_127,1000,2000,0.7164097327368378,1.2353037028824954,True,0.5188939701456575,0.28359026726316217,0.9862110860074834,0.9967889139925167,-0.2698013532706456,0.23851478888997873,0.010577827985033261,0.06781614216062437,0.4405
rep0503,0.78,0.7811027924399915,alg1,0.1,0.010000000000000002,0.020000000000000004,0.06999999999999999,prop_127,1000,2000,0.5909589480131217,1.1056756418417735,True,0.5147166938286518,0.40904105198687835,0.8644824312732523,0.9015175687267477,-0.2735234832601306,0.20415807311502576,0.037035137453495404,0.07218155637515639,0.40549999999999997
rep0504,0.54,0.5374088733396306,alg1,0.1,0.010000000000000002,0.020000000000000004,0.06999999999999999,prop_127,1000,2000,0.2764428836636951,0.776117513407811,True,0.49967462974411586,0.49967462974411586,0.5293886126727989,0.5866113873272012,-0.2529457290091038,0.1895061260806098,0.057222774654402286,0.07845185508971358,0.364
rep0505,0.49,0.48659234227195847,alg1,0.1,0.010000000000000002,0.020000000000000004,0.06999999999999999,prop_127,1000,2000,0.35952773101031804,0.8120182841032265,True,0.4524905530929085,0.4524905530929085,0.608280210232872,0.663719789767128,-0.248752479222554,0.14829849433609854,0.055439579534255934,0.06255097355865252,0.3345
rep0506,0.83,0.8264610168743529,alg1,0.1,0.010000000000000002,0.020000000000000004,0.06999999999999999,prop_127,1000,2000,0.5554016378576629,1.09617185945287,True,0.540770221595207,0.44459836214233706,0.8940539284544553,0.9269460715455446,-0.33865229059679236,0.1692257879073253,0.03289214309108934,0.08787807850411766,0.42000000000000004
rep0507,0.49,0.48658506137891744,alg1,0.1,0.010000000000000002,0.020000000000000004,0.06999999999999999,prop_127,1000,2000,0.37011440334583195,0.8447498137266103,True,0.47463541038077833,0.47463541038077833,0.6367877557199614,0.6912122442800387,-0.2666733523741294,0.15353756944657165,0.05442448856007731,0.078210921820701,0.3420000000000001
rep0508,0.49,0.4897346689641244,alg1,0.1,0.010000000000000002,0.020000000000000004,0.06999999999999999,prop_127,1000,2000,0.5025750409419028,1.0141698883576653,False,0.5115948474157626,0.49742495905809725,0.797342346603228,0.841657653396772,-0.2947673056613253,0.17251223496089324,0.04431530679354401,0.07377954062221859,0.39349999999999996
rep0509,0.72,0.7239383825384896,alg1,0.1,0.010000000000000002,0.020000000000000004,0.06999999999999999,prop_127,1000,2000,0.5877101633929259,1.0925741132977982,True,0.5048639499048723,0.4122898366070741,0.890267693923739,0.9237323060762611,-0.302557530530813,0.168841807221537,0.033464612152522166,0.08189933775235003,0.38949999999999996
rep0510,0.39,0.38937928757928125,alg1,0.1,0.010000000000000002,0.020000000000000004,0.06999999999999999,prop_127,1000,2000,0.005592049793742393,0.48619819437383305,True,0.48060614458009066,0.48060614458009066,0.2697007800279329,0.32229921997206706,-0.2641087302341905,0.16389897440176598,0.05259843994413416,0.07700770463595641,0.3510000000000001
rep0511,0.63,0.628448931105837,alg1,0.1,0.010000000000000002,0.020000000000000004,0.06999999999999999,prop_127,1000,2000,0.3577952520922758,0.8767078990740675,True,0.5189126469817917,0.5189126469817917,0.6812918213900352,0.7337081786099648,-0.3234965692977594,0.14299972046410264,0.052416357219929655,0.08049628976186196,0.38600000000000007
rep0512,0.71,0.7070833695113737,alg1,0.1,0.010000000000000002,0.020000000000000004,0.06999999999999999,prop_127,1000,2000,0.48006955855206745,0.9479875794982571,True,0.4679180209461896,0.4679180209461896,0.7276371141364291,0.7773628858635708,-0.24756755558436164,0.1706246936346863,0.049725771727141765,0.07619224921904799,0.34199999999999997
rep0513,0.73,0.7319998696238893,alg1,0.1,0.010000000000000002,0.020000000000000004,0.06999999999999999,prop_127,1000,2000,0.5116640804105889,0.9959351542641512,True,0.4842710738535624,0.4842710738535624,0.7921061799607559,0.8368938200392441,-0.2804420995501671,0.15904133422490724,0.04478764007848812,0.08348343377507439,0.3559999999999999
rep0514,0.43,0.42705520959545085,alg1,0.1,0.010000000000000002,0.020000000000000004,0.06999999999999999,prop_127,1000,2000,0.12082573571503413,0.6730803575707474,True,0.5522546218557132,0.5522546218557132,0.3826541659093535,0.4393458340906464,-0.2618284301943194,0.23373452348010093,0.0566916681812929,0.07506295367442023,0.4205000000000001
rep0515,0.18,0.1831288089956043,alg1,0.1,0.010000000000000002,0.020000000000000004,0.06999999999999999,prop_127,1000,2000,-0.16510710974978468,0.389133666009183,True,0.5542407757589677,0.389133666009183,0.1417202160798375,0.1842797839201625,-0.3068273258296222,0.2048538820890205,0.042559567840325,0.07218120791864269,0.4395
rep0516,0.61,0.6119712700664859,alg1,0.1,0.010000000000000002,0.020000000000000004,0.06999999999999999,prop_127,1000,2000,0.40674562585984336,0.8659985817472726,True,0.45925295588742926,0.45925295588742926,0.6592614677239509,0.7127385322760492,-0.2525158418641075,0.1532600494712234,0.05347706455209833,0.08227589133533092,0.3235
rep0517,0.18,0.18373222846712717,alg1,0.1,0.010000000000000002,0.020000000000000004,0.06999999999999999,prop_127,1000,2000,-0.10118674030668454,0.4633162979960002,True,0.5645030383026848,0.4633162979960002,0.20912693175255506,0.257873068247445,-0.3103136720592396,0.20544322974855522,0.04874613649488993,0.08025690180779477,0.4355
rep0518,0.47,0.4655653780823635,alg1,0.1,0.010000000000000002,0.020000000000000004,0.06999999999999999,prop_127,1000,2000,0.38855660408359216,0.9404827269615019,True,0.5519261228779098,0.5519261228779098,0.6961891873023854,0.7478108126976145,-0.3076325832187933,0.19267191426388747,0.051621625395229076,0.0718044974826807,0.4285
rep0519,0.35,0.3538173002835155,alg1,0.1,0.010000000000000002,0.020000000000000004,0.06999999999999999,prop_127,1000,2000,0.12539869911598334,0.5996751959205551,True,0.47427649680457173,0.47427649680457173,0.3851284901905875,0.4418715098094125,-0.25972979107460414,0.15780368611114254,0.056743019618825,0.08403347718574672,0.33349999999999996
rep0520,0.34,0.34223023574669453,alg1,0.1,0.010000000000000002,0.020000000000000004,0.06999999999999999,prop_127,1000,2000,0.2830285570126199,0.7811857814287406,True,0.4981572244161207,0.4981572244161207,0.5758241682810274,0.6321758317189725,-0.29279561126840753,0.14900994970976805,0.056351663437945065,0.07880556097817559,0.363
rep0521,0.29,0.29433630526202653,alg1,0.1,0.010000000000000002,0.020000000000000004,0.06999999999999999,prop_127,1000,2000,0.07360994433992801,0.5493008797647059,True,0.47569093542477786,0.47569093542477786,0.3549938989470141,0.4110061010529859,-0.2813839546070861,0.13829477871172002,0.0560122021059718,0.08117873331880615,0.33849999999999997
rep0522,0.56,0.5606917375225541,alg1,0.1,0.010000000000000002,0.020000000000000004,0.06999999999999999,prop_127,1000,2000,0.3301635629092036,0.8906871857475137,True,0.5605236228383101,0.5605236228383101,0.6383179145446961,0.6926820854553039,-0.3081543516354925,0.19800510029220986,0.054364170910607745,0.08315945192770235,0.42300000000000004
rep0523,0.38,0.37802882591253495,alg1,0.1,0.010000000000000002,0.020000000000000004,0.06999999999999999,prop_127,1000,2000,0.25859898875503895,0.7517188185584487,True,0.49311982980340974,0.49311982980340974,0.5404697583060627,0.5975302416939372,-0.28187076955102375,0.15418857686451154,0.057060483387874505,0.0690593464155353,0.367
rep0524,0.28,0.2841266123127458,alg1,0.1,0.010000000000000002,0.020000000000000004,0.06999999999999999,prop_127,1000,2000,-0.08532097199446742,0.3872640071741855,True,0.47258497916865294,0.3872640071741855,0.17791222396342904,0.22408777603657098,-0.26323319595789646,0.16317623113761454,0.046175552073141946,0.07290942709551096,0.35350000000000004
rep0525,0.51,0.5117009948119199,alg1,0.1,0.010000000000000002,0.020000000000000004,0.06999999999999999,prop_127,1000,2000,0.40057210430035767,0.9169852884750529,True,0.5164131841746953,0.5164131841746953,0.6895069862256721,0.741493013774328,-0.2889348819253144,0.1754922747007249,0.05198602754865589,0.07442715662603927,0.39
rep0526,0.39,0.3914095804768173,alg1,0.1,0.010000000000000002,0.020000000000000004,0.06999999999999999,prop_127,1000,2000,0.2152222493257705,0.7618404845001652,True,0.5466182351743947,0.5466182351743947,0.474694856283326,0.5323051437166739,-0.25947260695755553,0.22953534078349125,0.057610287433347895,0.08400794774104675,0.405
rep0527,0.66,0.6638612758122979,alg1,0.1,0.010000000000000002,0.020000000000000004,0.06999999999999999,prop_127,1000,2000,0.31834372757938467,0.8442604162452683,True,0.5259166886658836,0.5259166886658836,0.596094044341044,0.651905955658956,-0.2777503167616593,0.19235446058631223,0.05581191131791208,0.08410477734797162,0.3859999999999999
rep0528,0.39,0.3886195180612263,alg1,0.1,0.010000000000000002,0.020000000000000004,0.06999999999999999,prop_127,1000,2000,0.1853445539928522,0.705109098703213,True,0.5197645447103608,0.5197645447103608,0.4661955908598511,0.5238044091401489,-0.28085103686699886,0.1813046895630641,0.05760881828029785,0.08365572643006297,0.3785
rep0529,0.33,0.3333618896671625,alg1,0.1,0.010000000000000002,0.020000000000000004,0.06999999999999999,prop_127,1000,2000,0.08741397558760788,0.5897019054622619,True,0.502287929874654,0.502287929874654,0.3697999119595012,0.42620008804049886,-0.2823859363718933,0.16350181742176306,0.05640017608099768,0.08388775379365637,0.362
rep0530,0.60,0.5993463540570101,alg1,0.1,0.010000000000000002,0.020000000000000004,0.06999999999999999,prop_127,1000,2000,0.2672039528435238,0.8227837196435572,True,0.5555797668000335,0.5555797668000335,0.570258644695611,0.626741355304389,-0.3030546918520873,0.19604236433916827,0.056482710608777964,0.08609705619125552,0.41300000000000003
rep0531,0.10,0.10416798771099253,alg1,0.1,0.010000000000000002,0.020000000000000004,0.06999999999999999,prop_127,1000,2000,-0.26815983065679677,0.2302834758310457,True,0.49844330648784246,0.2302834758310457,0.03568456446095426,0.06031543553904574,-0.303844395117751,0.16996804029199997,0.024630871078091476,0.07431243540975097,0.3995
rep0532,0.29,0.28644741092525783,alg1,0.1,0.010000000000000002,0.020000000000000004,0.06999999999999999,prop_127,1000,2000,0.11237804168888277,0.6082590139156355,True,0.49588097222675276,0.49588097222675276,0.36091295252727823,0.4170870474727218,-0.24853491083839546,0.19117196644291373,0.056174094945443565,0.08120687728130915,0.35850000000000004
rep0533,0.22,0.21806200614285395,alg1,0.1,0.010000000000000002,0.020000000000000004,0.06999999999999999,prop_127,1000,2000,-0.1070926100942936,0.39224573201947854,True,0.49933834211377215,0.39224573201947854,0.18989201145958157,0.23710798854041842,-0.29698462155387517,0.15513774347906015,0.04721597708083686,0.08612236503293541,0.36599999999999994
rep0534,0.84,0.8363459811373498,alg1,0.1,0.010000000000000002,0.020000000000000004,0.06999999999999999,prop_127,1000,2000,0.6112902613947285,1.137975829979347,True,0.5266855685846185,0.38870973860527147,0.8978477508132697,0.9301522491867303,-0.2865574894185412,0.2078235807926166,0.03230449837346061,0.08688107021115776,0.40750000000000003
rep0535,0.67,0.6725433957921486,alg1,0.1,0.010000000000000002,0.020000000000000004,0.06999999999999999,prop_127,1000,2000,0.4538086625178859,0.9576351440116919,True,0.503826481493806,0.503826481493806,0.7054526704059152,0.7565473295940848,-0.2516440078880293,0.20108781441760717,0.05109465918816958,0.08723182230563647,0.3655
rep0536,0.39,0.3909753595459846,alg1,0.1,0.010000000000000002,0.020000000000000004,0.06999999999999999,prop_127,1000,2000,-0.06919922581219923,0.5228201549030762,True,0.5920193807152754,0.5228201549030762,0.2774996204503903,0.3305003795496097,-0.3466988462625895,0.1923197753534665,0.05300075909921942,0.07901862161605605,0.4599999999999999
rep0537,0.44,0.4372363842485678,alg1,0.1,0.010000000000000002,0.020000000000000004,0.06999999999999999,prop_127,1000,2000,0.1331959439449712,0.6557216866540636,True,0.5225257427090924,0.5225257427090924,0.44473463679842234,0.5022653632015777,-0.31153869285345115,0.153456323452486,0.05753072640315532,0.0794950163059372,0.38549999999999995
rep0538,0.58,0.5785409651444965,alg1,0.1,0.010000000000000002,0.020000000000000004,0.06999999999999999,prop_127,1000,2000,0.19349960596805366,0.7459325282008693,True,0.5524329222328157,0.5524329222328157,0.48370315376630274,0.5412968462336971,-0.2902035477982491,0.2046356819671722,0.057593692467394375,0.07233922976542123,0.42250000000000004
rep0539,0.63,0.6263676809494493,alg1,0.1,0.010000000000000002,0.020000000000000004,0.06999999999999999,prop_127,1000,2000,0.3459570438067788,0.8159992294360912,True,0.4700421856293124,0.4700421856293124,0.6148888006464718,0.6701111993535281,-0.268931756839693,0.14588803008256304,0.055222398707056364,0.0778197869222561,0.33699999999999997
rep0540,0.45,0.45180813368573075,alg1,0.1,0.010000000000000002,0.020000000000000004,0.06999999999999999,prop_127,1000,2000,-0.007027535189568002,0.4956800244461734,True,0.5027075596357413,0.4956800244461734,0.2789629639239965,0.3320370360760035,-0.2859904991135645,0.16364298837016988,0.05307407215200699,0.08413348748373439,0.3655
rep0541,0.10,0.10309817248260121,alg1,0.1,0.010000000000000002,0.020000000000000004,0.06999999999999999,prop_127,1000,2000,-0.19397804883959244,0.31161623121328785,True,0.5055942800528803,0.31161623121328785,0.07810738925490521,0.1118926107450948,-0.27208543809449764,0.19972362046819303,0.03378522149018959,0.08480905856269061,0.38700000000000007
rep0542,0.15,0.15403159536418579,alg1,0.1,0.010000000000000002,0.020000000000000004,0.06999999999999999,prop_127,1000,2000,-0.13060497310753238,0.3922382564152213,True,0.5228432295227536,0.3922382564152213,0.16167637731691575,0.20632362268308424,-0.29228135042444814,0.18591463373213707,0.044647245366168486,0.07219598415658518,0.406
rep0543,0.72,0.7156358023600347,alg1,0.1,0.010000000000000002,0.020000000000000004,0.06999999999999999,prop_127,1000,2000,0.5256201392846389,1.033300751887265,True,0.5076806126026261,0.4743798607153611,0.825205129293319,0.8667948707066809,-0.29958499000868005,0.166505881180584,0.041589741413361914,0.08759087118926406,0.3785
rep0544,0.77,0.7695851389465319,alg1,0.1,0.010000000000000002,0.020000000000000004,0.06999999999999999,prop_127,1000,2000,0.4484820214872055,0.9422110593103414,True,0.49372903782313593,0.49372903782313593,0.7219544113162006,0.7720455886837994,-0.27347238982899513,0.17016547062654203,0.050091177367598716,0.08163786045553717,0.362
rep0545,0.69,0.6909403648857109,alg1,0.1,0.010000000000000002,0.020000000000000004,0.06999999999999999,prop_127,1000,2000,0.44062832744689673,0.9382218869949523,True,0.4975935595480556,0.4975935595480556,0.676162331212626,0.728837668787374,-0.23553400376572933,0.2093842182075783,0.05267533757474796,0.07991822197330767,0.365
rep0546,0.98,0.9808696653114115,alg1,0.1,0.010000000000000002,0.020000000000000004,0.06999999999999999,prop_127,1000,2000,0.655105783968527,1.1434021653750754,True,0.4882963814065484,0.34489421603147297,0.8956788995479544,0.9283211004520456,-0.24057311557942734,0.21508106492302972,0.0326422009040912,0.0756541805024572,0.3799999999999999
rep0547,0.61,0.612845008460995,alg1,0.1,0.010000000000000002,0.020000000000000004,0.06999999999999999,prop_127,1000,2000,0.42777044595921593,0.9495345765615356,True,0.5217641306023197,0.5217641306023197,0.7095740441212502,0.7604259558787497,-0.2818035981620343,0.1891086206827859,0.05085191175749948,0.08741221884482026,0.38349999999999995
rep0548,0.46,0.45996588488369566,alg1,0.1,0.010000000000000002,0.020000000000000004,0.06999999999999999,prop_127,1000,2000,0.23822824838321094,0.7099657906885746,True,0.47173754230536363,0.47173754230536363,0.5057628046691103,0.5632371953308897,-0.26753455628589934,0.14672859535768484,0.057474390661779395,0.07726315164358422,0.33699999999999997
rep0549,0.64,0.6372865053482185,alg1,0.1,0.010000000000000002,0.020000000000000004,0.06999999999999999,prop_127,1000,2000,0.3194620338581943,0.8539410883600187,True,0.5344790545018243,0.5344790545018243,0.6281226351539783,0.6828773648460217,-0.30866060129578393,0.171063723513997,0.054754729692043425,0.07322432480978092,0.40650000000000003
rep0550,0.28,0.2848782961167063,alg1,0.1,0.010000000000000002,0.020000000000000004,0.06999999999999999,prop_127,1000,2000,0.15195123074406636,0.6838102373779738,True,0.5318590066339074,0.5318590066339074,0.45071837203121357,0.5082816279687864,-0.2987671412871472,0.17552860940918735,0.05756325593757283,0.07329575069633454,0.401
rep0551,0.55,0.5499569164623319,alg1,0.1,0.010000000000000002,0.020000000000000004,0.06999999999999999,prop_127,1000,2000,0.23957319654816767,0.7567699458755367,True,0.517196749327369,0.517196749327369,0.491217204436197,0.548782795563803,-0.2516440078880293,0.20798715031173365,0.057565591127606064,0.08813115819976303,0.37149999999999994
rep0552,0.82,0.8221159763041617,alg1,0.1,0.010000000000000002,0.020000000000000004,0.06999999999999999,prop_127,1000,2000,0.6019228423208625,1.062961216200149,True,0.4610383738792865,0.39807715767913754,0.8580781744177243,0.8959218255822757,-0.2561553320968618,0.1670393906178732,0.03784365116455146,0.08219472271473494,0.3410000000000001
rep0553,0.11,0.1109605429412068,alg1,0.1,0.010000000000000002,0.020000000000000004,0.06999999999999999,prop_127,1000,2000,-0.023568165881367176,0.5606906380162706,True,0.5842588038976377,0.5606906380162706,0.29214781812980145,0.34585218187019856,-0.3157159840111686,0.21483845614607205,0.05370436374039711,0.08505444015724067,0.44549999999999995
rep0554,0.94,0.9447001580691099,alg1,0.1,0.010000000000000002,0.020000000000000004,0.06999999999999999,prop_127,1000,2000,0.47852457316571567,0.9715387938381915,True,0.49301422067247586,0.49301422067247586,0.7550957265512594,0.8029042734487406,-0.2765711533855438,0.1686345203894509,0.04780854689748115,0.0857056737749946,0.35950000000000004
rep0555,0.32,0.32256430734712244,alg1,0.1,0.010000000000000002,0.020000000000000004,0.06999999999999999,prop_127,1000,2000,0.08042907566151042,0.5815918453070488,True,0.5011627696455383,0.5011627696455383,0.35351483926541644,0.4094851607345836,-0.273085763603906,0.17210668457246517,0.05597032146916714,0.08619244817637123,0.35899999999999993
rep0556,0.18,0.18087054949827816,alg1,0.1,0.010000000000000002,0.020000000000000004,0.06999999999999999,prop_127,1000,2000,-0.09154750588777538,0.42711693671815765,True,0.518664442605933,0.42711693671815765,0.21009073493172786,0.2589092650682721,-0.30163824081950324,0.1682076716498855,0.04881853013654425,0.07084591246938876,0.399
rep0557,0.47,0.46546789102588365,alg1,0.1,0.010000000000000002,0.020000000000000004,0.06999999999999999,prop_127,1000,2000,0.2598672842023314,0.7569300702772044,True,0.497062786074873,0.497062786074873,0.5611593916805153,0.6178406083194847,-0.3012921074781839,0.1390894619577196,0.05668121663896941,0.07038156943590351,0.37
rep0558,0.21,0.21357871319143243,alg1,0.1,0.010000000000000002,0.020000000000000004,0.06999999999999999,prop_127,1000,2000,-0.06953556967502053,0.42201623821732603,True,0.49155180789234654,0.42201623821732603,0.21394783307872142,0.2630521669212786,-0.28348340275374195,0.15896407129604745,0.04910433384255716,0.06494747404978946,0.37749999999999995
rep0559,0.49,0.49325959696581245,alg1,0.1,0.010000000000000002,0.020000000000000004,0.06999999999999999,prop_127,1000,2000,0.22217408411376127,0.6966163861845553,True,0.4744423020707941,0.4744423020707941,0.48320244781099586,0.5407975521890042,-0.2610283636972346,0.15581883399555121,0.0575951043780083,0.08234719769278581,0.33449999999999996
rep0560,0.63,0.631758122399257,alg1,0.1,0.010000000000000002,0.020000000000000004,0.06999999999999999,prop_127,1000,2000,0.3339338549658372,0.866559014998058,True,0.5326251600322207,0.5326251600322207,0.6103130378403563,0.6656869621596437,-0.27637918287451907,0.2008720528384142,0.05537392431928745,0.07925123571293319,0.3980000000000001
rep0561,0.42,0.4159235320035706,alg1,0.1,0.010000000000000002,0.020000000000000004,0.06999999999999999,prop_127,1000,2000,-0.02614680449016027,0.5425845099156459,True,0.5687313144058062,0.5425845099156459,0.25802076468498725,0.3099792353150127,-0.2841675691751475,0.23260527460063313,0.051958470630025455,0.06927284377578052,0.44750000000000006
rep0562,0.35,0.34576887920309607,alg1,0.1,0.010000000000000002,0.020000000000000004,0.06999999999999999,prop_127,1000,2000,0.16199660551382306,0.6624050578916096,True,0.5004084523777865,0.5004084523777865,0.4417443308198343,0.4992556691801657,-0.2797477253060112,0.16314938871144397,0.0575113383603314,0.07339711401745513,0.36950000000000005
rep0563,0.58,0.580960389201487,alg1,0.1,0.010000000000000002,0.020000000000000004,0.06999999999999999,prop_127,1000,2000,0.08620696852578152,0.6317970793967722,True,0.5455901108709906,0.5455901108709906,0.37276444816320903,0.429235551836791,-0.2865574796374275,0.2025615275599812,0.05647110367358199,0.08561900719740884,0.40349999999999986
rep0564,0.19,0.19320089773917004,alg1,0.1,0.010000000000000002,0.020000000000000004,0.06999999999999999,prop_127,1000,2000,-0.0686054379162131,0.47282500814461503,True,0.5414304460608281,0.47282500814461503,0.2236034957509374,0.2733965042490626,-0.2922089336671505,0.19942850389555242,0.04979300849812518,0.08513743756270287,0.4065000000000001
rep0565,0.69,0.6850878348782574,alg1,0.1,0.010000000000000002,0.020000000000000004,0.06999999999999999,prop_127,1000,2000,0.36825849937371297,0.934389732391662,True,0.5661312330179491,0.5661312330179491,0.6838579972605626,0.7361420027394373,-0.31559949788684966,0.19824772965222467,0.052284005478874684,0.0738472275390743,0.44
rep0566,0.44,0.4395773857734668,alg1,0.1,0.010000000000000002,0.020000000000000004,0.06999999999999999,prop_127,1000,2000,0.13297036122103023,0.6338570361826165,True,0.5008866749615862,0.5008866749615862,0.38661344668049424,0.4433865533195057,-0.253643085459464,0.19047048286311072,0.05677310663901147,0.08761356832257472,0.35650000000000004
rep0567,0.44,0.43647146936868164,alg1,0.1,0.010000000000000002,0.020000000000000004,0.06999999999999999,prop_127,1000,2000,0.17849477566955946,0.7080662775122323,True,0.5295715018426728,0.5295715018426728,0.4587031537663028,0.5162968462336972,-0.2802083780967433,0.19176943127853507,0.05759369246739443,0.07397780937527837,0.398
rep0568,0.40,0.4025698209814688,alg1,0.1,0.010000000000000002,0.020000000000000004,0.06999999999999999,prop_127,1000,2000,0.2087411382345868,0.7304207705759184,True,0.5216796323413315,0.5216796323413315,0.4786973913717412,0.5363026086282587,-0.26995625313715443,0.19411816194765963,0.057605217256517516,0.088074415084814,0.37600000000000006
rep0569,0.64,0.6364065684615023,alg1,0.1,0.010000000000000002,0.020000000000000004,0.06999999999999999,prop_127,1000,2000,0.3897910842752075,0.9127452022436376,True,0.5229541179684302,0.5229541179684302,0.676162331212626,0.728837668787374,-0.28637124693741856,0.18390753345626362,0.05267533757474796,0.08327878039368214,0.38700000000000007
rep0570,0.76,0.7649953720403891,alg1,0.1,0.010000000000000002,0.020000000000000004,0.06999999999999999,prop_127,1000,2000,0.6723675985098032,1.112084587705211,True,0.4397169891954078,0.3276324014901968,0.9538395392614115,0.9751604607385885,-0.28147194075160836,0.1369241269666225,0.021320921477177013,0.07839606771823093,0.33999999999999997
rep0571,0.94,0.9407087431104716,alg1,0.1,0.010000000000000002,0.020000000000000004,0.06999999999999999,prop_127,1000,2000,0.6928024674879705,1.1622960988602302,True,0.46949363137225975,0.3071975325120295,0.9719343621487831,0.9880656378512168,-0.2791318946608126,0.17423046100901352,0.016131275702433667,0.08236235566982614,0.371
rep0572,0.75,0.7523853437805481,alg1,0.1,0.010000000000000002,0.020000000000000004,0.06999999999999999,prop_127,1000,2000,0.3860089217962016,0.9315527367366485,True,0.5455438149404469,0.5455438149404469,0.687965885835934,0.740034114164066,-0.3019569640397324,0.1915186225725825,0.05206822832813196,0.0829755866123148,0.4105000000000001
rep0573,0.74,0.7416686820244418,alg1,0.1,0.010000000000000002,0.020000000000000004,0.06999999999999999,prop_127,1000,2000,0.4784155453998804,1.0008824050361038,True,0.5224668596362234,0.5215844546001196,0.7707000738820213,0.8172999261179787,-0.2922845284821409,0.18358247891812504,0.04659985223595742,0.07786700740026598,0.398
rep0574,0.54,0.5388677467881925,alg1,0.1,0.010000000000000002,0.020000000000000004,0.06999999999999999,prop_127,1000,2000,0.591981647382435,1.0906325490499083,False,0.4986509016674733,0.408018352617565,0.8607447815092343,0.8982552184907656,-0.2687631341267993,0.19237733055914266,0.03751043698153134,0.07064046468594198,0.39049999999999996
rep0575,0.60,0.6046972477384603,alg1,0.1,0.010000000000000002,0.020000000000000004,0.06999999999999999,prop_127,1000,2000,0.3643028308366297,0.8884072536707305,True,0.5241044228341007,0.5241044228341007,0.6694996204503902,0.7225003795496097,-0.30519678961376057,0.16590687412112082,0.05300075909921942,0.08260366373488132,0.38850000000000007
rep0576,0.54,0.5381818712273801,alg1,0.1,0.010000000000000002,0.020000000000000004,0.06999999999999999,prop_127,1000,2000,0.293726787528644,0.8037810036921694,True,0.5100542161635254,0.5100542161635254,0.5859528639976702,0.6420471360023298,-0.2922260764690262,0.16173386768983966,0.05609427200465955,0.08595994415886593,0.36799999999999994
rep0577,0.27,0.26598676139715116,alg1,0.1,0.010000000000000002,0.020000000000000004,0.06999999999999999,prop_127,1000,2000,-0.04238784997634529,0.4363567448016819,True,0.4787445947780272,0.4363567448016819,0.19037189771590066,0.23762810228409934,-0.23275974769224594,0.19872864251758257,0.04725620456819868,0.07998839020982856,0.3515
rep0578,0.64,0.6359489349827866,alg1,0.1,0.010000000000000002,0.020000000000000004,0.06999999999999999,prop_127,1000,2000,0.4216629436219193,0.9377585465086118,True,0.5160956028866925,0.5160956028866925,0.7178248741033385,0.7681751258966615,-0.2961619304814192,0.16958342061195025,0.050350251793322975,0.07824535109336944,0.3875
rep0579,0.50,0.502528199317781,alg1,0.1,0.010000000000000002,0.020000000000000004,0.06999999999999999,prop_127,1000,2000,0.18485376211302973,0.7594256232937536,True,0.5745718611807239,0.5745718611807239,0.460201122390637,0.5177988776093629,-0.27534736027760726,0.2416267456843907,0.057597755218725954,0.08147410596199789,0.4355
rep0580,0.57,0.5717964033273751,alg1,0.1,0.010000000000000002,0.020000000000000004,0.06999999999999999,prop_127,1000,2000,0.3376399817679193,0.8462297723181683,True,0.508589790550249,0.508589790550249,0.6098047823489958,0.6651952176510041,-0.2721648005810765,0.18103455466716423,0.05539043530200827,0.08369935524824079,0.36949999999999994
rep0581,0.72,0.7247500146922884,alg1,0.1,0.010000000000000002,0.020000000000000004,0.06999999999999999,prop_127,1000,2000,0.6048228337219206,1.079159853219808,True,0.4743370194978873,0.3951771662780794,0.8854102151339919,0.9195897848660081,-0.28058738141207135,0.15957006835379972,0.03417956973201619,0.07765744976587108,0.3625
rep0582,0.46,0.45679599120569614,alg1,0.1,0.010000000000000002,0.020000000000000004,0.06999999999999999,prop_127,1000,2000,0.5598421325036927,1.0471292818764546,False,0.48728714937276185,0.44015786749630725,0.836302374436675,0.8766976255633251,-0.27646024193298224,0.17043165631312956,0.0403952511266501,0.08489189824611182,0.362
rep0583,0.49,0.4854432243295074,alg1,0.1,0.010000000000000002,0.020000000000000004,0.06999999999999999,prop_127,1000,2000,0.24713656898416447,0.823744577323613,True,0.5766080083394485,0.5766080083394485,0.5409737867410419,0.5980262132589581,-0.29383721775687743,0.22571836406465481,0.0570524265179162,0.08505558182153233,0.43449999999999994
rep0584,0.46,0.4596330315210002,alg1,0.1,0.010000000000000002,0.020000000000000004,0.06999999999999999,prop_127,1000,2000,0.43499842967476987,0.9717950468253089,True,0.5367966171505391,0.5367966171505391,0.7178248741033385,0.7681751258966615,-0.28282644442856864,0.20361992092864745,0.050350251793322975,0.07544636535721616,0.4109999999999999
rep0585,0.49,0.49218485030567377,alg1,0.1,0.010000000000000002,0.020000000000000004,0.06999999999999999,prop_127,1000,2000,0.06230222589291473,0.6047673530116271,True,0.5424651271187124,0.5424651271187124,0.36930592993706357,0.42569407006293647,-0.30700370404414884,0.17907328294869065,0.0563881401258729,0.0790769869928395,0.40700000000000003
rep0586,0.83,0.8322295981314887,alg1,0.1,0.010000000000000002,0.020000000000000004,0.06999999999999999,prop_127,1000,2000,0.576636647053249,1.1357256779424783,True,0.5590890308892292,0.423363352946751,0.9054598916226095,0.9365401083773905,-0.3288232445693605,0.1991855695650878,0.03108021675478101,0.07400881413444843,0.4539999999999999
rep0587,0.19,0.19433133903168506,alg1,0.1,0.010000000000000002,0.020000000000000004,0.06999999999999999,prop_127,1000,2000,0.07362014181240639,0.6015647409549633,True,0.5279445991425569,0.5279445991425569,0.3643678027259404,0.42063219727405965,-0.290747660913534,0.1809325436809036,0.05626439454811927,0.08318020459443765,0.38849999999999996
rep0588,0.65,0.652867814355372,alg1,0.1,0.010000000000000002,0.020000000000000004,0.06999999999999999,prop_127,1000,2000,0.5225067110667125,0.9922645890917711,True,0.46975787802505853,0.46975787802505853,0.7519804120832643,0.8000195879167358,-0.2294737010165518,0.19224500117503532,0.048039175833471504,0.08321870219158717,0.33849999999999997
rep0589,0.45,0.45058856272931086,alg1,0.1,0.010000000000000002,0.020000000000000004,0.06999999999999999,prop_127,1000,2000,0.1568832870978959,0.6645412980442152,True,0.5076580109463193,0.5076580109463193,0.42531631593763686,0.48268368406236317,-0.26843302883974096,0.18185761398185207,0.057367368124726315,0.08279064282159299,0.36750000000000005
rep0590,0.70,0.6978752355006593,alg1,0.1,0.010000000000000002,0.020000000000000004,0.06999999999999999,prop_127,1000,2000,0.48109942029395214,1.0110557060507233,True,0.5299562857567711,0.5189005797060479,0.7618518361681659,0.8091481638318341,-0.28075241587421373,0.2019075422188892,0.0472963276636682,0.08265995809310289,0.4
rep0591,0.36,0.3566519998772018,alg1,0.1,0.010000000000000002,0.020000000000000004,0.06999999999999999,prop_127,1000,2000,0.09819690902870182,0.5948005712940594,True,0.49660366226535757,0.49660366226535757,0.36634268366103406,0.42265731633896597,-0.26814577463233225,0.17214325495509342,0.05631463267793191,0.07078902958742572,0.36949999999999994
rep0592,0.47,0.47016838771298314,alg1,0.1,0.010000000000000002,0.020000000000000004,0.06999999999999999,prop_127,1000,2000,0.23119981157663683,0.7522610766265976,True,0.5210612650499608,0.5210612650499608,0.5324093273376947,0.5895906726623054,-0.3012095157610579,0.16267040396429217,0.05718134532461061,0.07837991972535013,0.38549999999999995
rep0593,0.78,0.7812828144278238,alg1,0.1,0.010000000000000002,0.020000000000000004,0.06999999999999999,prop_127,1000,2000,0.5301278173458854,1.023771203694265,True,0.49364338634837956,0.46987218265411457,0.8289003128807034,0.8700996871192966,-0.29877249553481794,0.15367151657496847,0.04119937423859321,0.08094401210978636,0.37150000000000005
rep0594,0.15,0.15337497450052387,alg1,0.1,0.010000000000000002,0.020000000000000004,0.06999999999999999,prop_127,1000,2000,0.0515595615090757,0.5594015677887471,True,0.5078420062796714,0.5078420062796714,0.32104829749619457,0.3759517025038054,-0.26948873598711887,0.1834498652849417,0.05490340500761082,0.08593860127206054,0.367
rep0595,0.50,0.5029469343291464,alg1,0.1,0.010000000000000002,0.020000000000000004,0.06999999999999999,prop_127,1000,2000,0.34921331107471926,0.8335847792012938,True,0.48437146812657456,0.48437146812657456,0.604724005394226,0.6602759946057739,-0.25551069431950674,0.17330878459551996,0.055551989211547914,0.06681947891502671,0.362
rep0596,0.48,0.48057452723315863,alg1,0.1,0.010000000000000002,0.020000000000000004,0.06999999999999999,prop_127,1000,2000,0.254677632133018,0.7574216765327644,True,0.5027440443997464,0.5027440443997464,0.5163110514273489,0.5736889485726512,-0.2616334192943309,0.18373272796011317,0.05737789714530228,0.07086614725444407,0.37450000000000006
rep0597,0.69,0.6861888709196698,alg1,0.1,0.010000000000000002,0.020000000000000004,0.06999999999999999,prop_127,1000,2000,0.3863366986508918,0.9311372076637534,True,0.5448005090128616,0.5448005090128616,0.6802656191858174,0.7327343808141826,-0.2939289205349256,0.19840282684957083,0.052468761628365224,0.07683174738449638,0.41550000000000004
rep0598,0.11,0.11258256296318113,alg1,0.1,0.010000000000000002,0.020000000000000004,0.06999999999999999,prop_127,1000,2000,-0.22998799452138902,0.27154517037942827,True,0.5015331649008172,0.27154517037942827,0.07902809804295546,0.11297190195704454,-0.3090160925643445,0.1585732684223837,0.03394380391408908,0.07108936098672824,0.39649999999999996
rep0599,0.23,0.22808153862487301,alg1,0.1,0.010000000000000002,0.020000000000000004,0.06999999999999999,prop_127,1000,2000,-0.012386474940905334,0.548214368630539,True,0.5606008435714442,0.548214368630539,0.2658049798359486,0.3181950201640514,-0.2781914547768539,0.23001934846648764,0.052390040328102794,0.08421080324334151,0.42400000000000004
rep0600,0.50,0.4967992746134487,alg1,0.1,0.010000000000000002,0.020000000000000004,0.06999999999999999,prop_127,1000,2000,0.21785472831395597,0.7289718283351279,True,0.5111171000211718,0.5111171000211718,0.474694856283326,0.5323051437166739,-0.25684012796937006,0.19666668461845394,0.057610287433347895,0.07500681258782405,0.37849999999999995
rep0601,0.69,0.6902761432921406,alg1,0.1,0.010000000000000002,0.020000000000000004,0.06999999999999999,prop_127,1000,2000,0.5428927350915657,1.009782980266454,True,0.4668902451748883,0.45710726490843434,0.8099353823708231,0.853064617629177,-0.2670426472792574,0.15671836263727695,0.04312923525835388,0.06926100991653439,0.3545
rep0602,0.38,0.3800058624450191,alg1,0.1,0.010000000000000002,0.020000000000000004,0.06999999999999999,prop_127,1000,2000,0.03572652681465649,0.5212082992929481,True,0.4854817724782916,0.4854817724782916,0.2867730300176126,0.3402269699823874,-0.25104650320295613,0.1809813293105607,0.053453939964774766,0.0770278325135168,0.35500000000000004
rep0603,0.10,0.09891501159134349,alg1,0.1,0.010000000000000002,0.020000000000000004,0.06999999999999999,prop_127,1000,2000,-0.19564745279227513,0.2617451989263535,True,0.45739265171862864,0.2617451989263535,0.066649582965838,0.098350417034162,-0.26229703575811314,0.1633947818921915,0.031700834068323996,0.08619181765030459,0.3395
rep0604,0.49,0.49369290489599743,alg1,0.1,0.010000000000000002,0.020000000000000004,0.06999999999999999,prop_127,1000,2000,0.08406175243643776,0.6180423662501876,True,0.5339806138137498,0.5339806138137498,0.35203606232116885,0.40796393767883116,-0.2679743098847311,0.21007842857135645,0.055927875357662304,0.08655273845608752,0.3915
rep0605,0.60,0.6035496709735864,alg1,0.1,0.010000000000000002,0.020000000000000004,0.06999999999999999,prop_127,1000,2000,0.528798683945768,1.0672371291829164,True,0.5384384452371483,0.471201316054232,0.804683662123681,0.848316337876319,-0.275884978177913,0.21892079130659747,0.04363267575263796,0.08780576948451041,0.4070000000000001
rep0606,0.21,0.21319807329954524,alg1,0.1,0.010000000000000002,0.020000000000000004,0.06999999999999999,prop_127,1000,2000,0.011244038091214603,0.5243881742787952,True,0.5131441361875806,0.5131441361875806,0.29801612915893466,0.35198387084106536,-0.28677209106772006,0.1724043034377299,0.0539677416821307,0.08117639450544983,0.3780000000000001
rep0607,0.64,0.6443716841714197,alg1,0.1,0.010000000000000002,0.020000000000000004,0.06999999999999999,prop_127,1000,2000,0.2969823202888721,0.8154115612619005,True,0.5184292409730284,0.5184292409730284,0.5722820421627881,0.628717957837212,-0.275299721873916,0.18669360342468855,0.05643591567442385,0.08299332529860465,0.3789999999999999
rep0608,0.03,0.02827567590134843,alg1,0.1,0.010000000000000002,0.020000000000000004,0.06999999999999999,prop_127,1000,2000,-0.2606745710098245,0.18597467373979326,True,0.44664924474961776,0.18597467373979326,0.009945669409389055,0.02505433059061095,-0.27062024041921356,0.1609203431491823,0.015108661181221894,0.07904058356839588,0.3525
rep0609,0.55,0.5474134707393462,alg1,0.1,0.010000000000000002,0.020000000000000004,0.06999999999999999,prop_127,1000,2000,0.38203761041110285,0.867941022404386,True,0.48590341199328313,0.48590341199328313,0.6582384511417722,0.711761548858228,-0.2762008407306693,0.15617947354615802,0.0535230977164558,0.08738031427682735,0.345
rep0610,0.29,0.28684135798442517,alg1,0.1,0.010000000000000002,0.020000000000000004,0.06999999999999999,prop_127,1000,2000,0.07188876571735975,0.5593184398118799,True,0.48742967409452015,0.48742967409452015,0.31712263515397826,0.3718773648460217,-0.2452338694366185,0.1874410749658582,0.054754729692043425,0.0886749444024767,0.34400000000000003
rep0611,0.14,0.13578129059991748,alg1,0.1,0.010000000000000002,0.020000000000000004,0.06999999999999999,prop_127,1000,2000,0.02185294314485625,0.5768895109083587,True,0.5550365677635025,0.5550365677635025,0.2774996204503903,0.3305003795496097,-0.25564667730553403,0.24638913135874901,0.05300075909921942,0.08403580866428306,0.41800000000000004
rep0612,0.62,0.6187309196315114,alg1,0.1,0.010000000000000002,0.020000000000000004,0.06999999999999999,prop_127,1000,2000,0.3534617503753554,0.8074846171080776,True,0.45402286673272224,0.45402286673272224,0.6153973818797192,0.6706026181202809,-0.2619356315043638,0.13688199898779677,0.05520523624056173,0.07031763049216055,0.3285
rep0613,0.63,0.6270930836482813,alg1,0.1,0.010000000000000002,0.020000000000000004,0.06999999999999999,prop_127,1000,2000,0.5538675695638268,1.0152606078560453,True,0.46139303829221856,0.44613243043617323,0.8151939700258638,0.8578060299741362,-0.26132640046203703,0.15745457788190917,0.04261205994827244,0.08828097834394621,0.3305
rep0614,0.43,0.43038825650727186,alg1,0.1,0.010000000000000002,0.020000000000000004,0.06999999999999999,prop_127,1000,2000,0.4013300987711611,0.8655094363379021,True,0.464179337566741,0.464179337566741,0.6756495903880608,0.7283504096119391,-0.2743194916168997,0.13715902672596303,0.05270081922387826,0.08697851834286274,0.3245
rep0615,0.84,0.8391156500249953,alg1,0.1,0.010000000000000002,0.020000000000000004,0.06999999999999999,prop_127,1000,2000,0.550109460655286,1.0236396880301004,True,0.4735302273748144,0.449890539344714,0.7748693512908964,0.8211306487091037,-0.2247598906356104,0.2025090393209968,0.04626129741820728,0.06876892995660722,0.35849999999999993
rep0616,0.61,0.6123569717990613,alg1,0.1,0.010000000000000002,0.020000000000000004,0.06999999999999999,prop_127,1000,2000,0.26799282051706774,0.7736774916831018,True,0.5056846711660341,0.5056846711660341,0.5268721589769535,0.5841278410230465,-0.25887933845988575,0.18954965066005536,0.05725568204609299,0.08192898911994112,0.3665
rep0617,0.62,0.6205075481320748,alg1,0.1,0.010000000000000002,0.020000000000000004,0.06999999999999999,prop_127,1000,2000,0.20896841164600333,0.720587571731776,True,0.5116191600857727,0.5116191600857727,0.5037550672998142,0.5612449327001857,-0.2947866556538109,0.15934263903159032,0.05748986540037149,0.08712929468540115,0.36700000000000005
rep0618,0.14,0.1429645586149851,alg1,0.1,0.010000000000000002,0.020000000000000004,0.06999999999999999,prop_127,1000,2000,-0.18035341340499225,0.25785970415599024,True,0.43821311756098247,0.25785970415599024,0.07397139032701741,0.10702860967298258,-0.25432480373200966,0.15083109448300763,0.03305721934596517,0.07165589821501728,0.3335
rep0619,0.52,0.516527602766824,alg1,0.1,0.010000000000000002,0.020000000000000004,0.06999999999999999,prop_127,1000,2000,0.2160914759901954,0.6841344092887642,True,0.46804293329856883,0.46804293329856883,0.4661955908598511,0.5238044091401489,-0.25010411486965567,0.16033000014861537,0.05760881828029785,0.08043411501827102,0.33
rep0620,0.15,0.154536062752559,alg1,0.1,0.010000000000000002,0.020000000000000004,0.06999999999999999,prop_127,1000,2000,-0.22857450983288707,0.32885207920085036,True,0.5574265890337374,0.32885207920085036,0.05484920223436517,0.08415079776563483,-0.28342371206725225,0.2447012814352155,0.02930159553126966,0.08362499350246777,0.4445
rep0621,0.32,0.31841831039389845,alg1,0.1,0.010000000000000002,0.020000000000000004,0.06999999999999999,prop_127,1000,2000,-0.012082820066943334,0.558963320462269,True,0.5710461405292124,0.558963320462269,0.2960594611479693,0.3499405388520307,-0.30814228121491266,0.2090227816102383,0.053881077704061364,0.08216506282515085,0.4350000000000001
rep0622,0.85,0.8457324695232843,alg1,0.1,0.010000000000000002,0.020000000000000004,0.06999999999999999,prop_127,1000,2000,0.4142146357149868,0.9114015231516437,True,0.4971868874366569,0.4971868874366569,0.7173088770130346,0.7676911229869655,-0.3030942412980478,0.14371040016467812,0.05038224597393093,0.07780464146272598,0.36899999999999994
rep0623,0.40,0.39839224799048806,alg1,0.1,0.010000000000000002,0.020000000000000004,0.06999999999999999,prop_127,1000,2000,0.11221690527261824,0.6026052913461568,True,0.4903883860735386,0.4903883860735386,0.3856234455594405,0.44237655444055946,-0.27340654028682226,0.1602287369055974,0.05675310888111895,0.0871352771924197,0.3465
rep0624,0.51,0.5112065288467394,alg1,0.1,0.010000000000000002,0.020000000000000004,0.06999999999999999,prop_127,1000,2000,0.36685054424380475,0.8949507238197574,True,0.5281001795759526,0.5281001795759526,0.6531255163933208,0.7068744836066793,-0.2862749721495161,0.18807624021307814,0.05374896721335842,0.07885121236259418,0.3955000000000001
rep0625,0.41,0.41172009420229283,alg1,0.1,0.010000000000000002,0.020000000000000004,0.06999999999999999,prop_127,1000,2000,0.1207194997578745,0.6774146537907283,True,0.5566951540328537,0.5566951540328537,0.4502195685048738,0.5077804314951261,-0.32950006874699933,0.1696342222956022,0.05756086299025226,0.08613429104260167,0.41299999999999987
rep0626,0.45,0.4490396417877701,alg1,0.1,0.010000000000000002,0.020000000000000004,0.06999999999999999,prop_127,1000,2000,0.054845449419271,0.548648267149067,True,0.493802817729796,0.493802817729796,0.3357883685740336,0.3912116314259664,-0.2809429191547626,0.15743663572310063,0.055423262851932775,0.0848795548778632,0.35350000000000004
rep0627,0.26,0.25677254203726624,alg1,0.1,0.010000000000000002,0.020000000000000004,0.06999999999999999,prop_127,1000,2000,-0.08100509621136082,0.45021340757173955,True,0.5312185037831003,0.45021340757173955,0.212501069565676,0.261498930434324,-0.2935061657770368,0.18871447713741554,0.04899786086864799,0.07172064291445229,0.41050000000000003
rep0628,0.85,0.8498651658717413,alg1,0.1,0.010000000000000002,0.020000000000000004,0.06999999999999999,prop_127,1000,2000,0.5956848758955385,1.0586323871001915,True,0.46294751120465294,0.40431512410446147,0.8516885619536819,0.8903114380463181,-0.2560036860581434,0.16832094905387338,0.03862287609263615,0.08682463511201677,0.3375
rep0629,0.74,0.7420867049314198,alg1,0.1,0.010000000000000002,0.020000000000000004,0.06999999999999999,prop_127,1000,2000,0.3934020064586508,0.996534063227636,True,0.6031320567689853,0.6031320567689853,0.6905345824127691,0.742465417587231,-0.2971325759541183,0.2540686456404051,0.05193083517446184,0.08420122159452348,0.46699999999999997
rep0630,0.52,0.5201797266154914,alg1,0.1,0.010000000000000002,0.020000000000000004,0.06999999999999999,prop_127,1000,2000,0.4418830097524629,0.9117882718308523,True,0.4699052620783894,0.4699052620783894,0.7059676968195687,0.7570323031804314,-0.2640846870671058,0.15475596865042093,0.05106460636086263,0.0873406557175267,0.3315
rep0631,0.41,0.41433972053110196,alg1,0.1,0.010000000000000002,0.020000000000000004,0.06999999999999999,prop_127,1000,2000,0.20233163364494827,0.7559261730931871,True,0.5535945394482389,0.5535945394482389,0.49623018037594896,0.553769819624051,-0.2938985467310007,0.2021563534691361,0.05753963924810207,0.08605490020013673,0.41000000000000003
rep0632,0.31,0.30685759098370324,alg1,0.1,0.010000000000000002,0.020000000000000004,0.06999999999999999,prop_127,1000,2000,0.12797265030764654,0.6577902807479514,True,0.5298176304403048,0.5298176304403048,0.41189883757558476,0.46910116242441524,-0.2839261872679382,0.1886891183235362,0.05720232484883048,0.08611530559147429,0.3865000000000001
rep0633,0.10,0.09710738774154229,alg1,0.1,0.010000000000000002,0.020000000000000004,0.06999999999999999,prop_127,1000,2000,-0.1724078255710122,0.3465351784087729,True,0.5189430039797851,0.3465351784087729,0.09522539564529887,0.13177460435470115,-0.26763322121631106,0.21476057405407173,0.03654920870940227,0.08439379527038277,0.398
rep0634,0.54,0.5370884766756563,alg1,0.1,0.010000000000000002,0.020000000000000004,0.06999999999999999,prop_127,1000,2000,0.36258154589025876,0.830297071125156,True,0.4677155252348973,0.4677155252348973,0.6291415544253406,0.6838584455746594,-0.2665600085350818,0.1464386255504967,0.05471689114931877,0.08549863408557856,0.32749999999999996
rep0635,0.18,0.17827000773312507,alg1,0.1,0.010000000000000002,0.020000000000000004,0.06999999999999999,prop_127,1000,2000,-0.17887779134805815,0.3142648805455983,True,0.49314267189365646,0.3142648805455983,0.11249897178274776,0.15150102821725225,-0.2913767631308059,0.1627638523283461,0.039002056434504495,0.07614061545915196,0.378
rep0636,0.58,0.5834640635639543,alg1,0.1,0.010000000000000002,0.020000000000000004,0.06999999999999999,prop_127,1000,2000,0.39362630144403626,0.8697393918340478,True,0.47611309039001154,0.47611309039001154,0.6454627523494746,0.6995372476505254,-0.2518364509054383,0.1702021441835224,0.054074495301050796,0.07803859508896066,0.34400000000000003
rep0637,0.66,0.6606259632581091,alg1,0.1,0.010000000000000002,0.020000000000000004,0.06999999999999999,prop_127,1000,2000,0.2887126851556284,0.7853623462846302,True,0.4966496611290018,0.4966496611290018,0.577342683661034,0.633657316338966,-0.2886299985054056,0.15170502994566415,0.05631463267793202,0.08333502845106983,0.35699999999999993
rep0638,0.21,0.21433342558165774,alg1,0.1,0.010000000000000002,0.020000000000000004,0.06999999999999999,prop_127,1000,2000,-0.05988489194502242,0.5124270555686791,True,0.5723119475137015,0.5124270555686791,0.23521379610732487,0.2857862038926751,-0.2950986880523473,0.22664085167600395,0.05057240778535024,0.08573953972835135,0.43599999999999994
rep0639,0.69,0.6903486977629466,alg1,0.1,0.010000000000000002,0.020000000000000004,0.06999999999999999,prop_127,1000,2000,0.708194900893397,1.1545513950821622,False,0.4463564941887652,0.291805099106603,1.0,1.0,-0.29180509910660307,0.15455139508216226,0.0,0.07835649418876534,0.368
rep0640,0.79,0.786524726491391,alg1,0.1,0.010000000000000002,0.020000000000000004,0.06999999999999999,prop_127,1000,2000,0.42913936002306424,0.9266437601443015,True,0.49750440012123726,0.49750440012123726,0.695160719497423,0.746839280502577,-0.26602135947435873,0.17980447964172452,0.051678561005154,0.08032583911608332,0.36549999999999994
rep0641,0.34,0.34238386107268753,alg1,0.1,0.010000000000000002,0.020000000000000004,0.06999999999999999,prop_127,1000,2000,0.14689905656318653,0.6984064967808581,True,0.5515074402176716,0.5515074402176716,0.44473463679842234,0.5022653632015777,-0.2978355802352358,0.1961411335792804,0.05753072640315532,0.08297671381451621,0.41100000000000003
rep0642,0.65,0.6487182596051031,alg1,0.1,0.010000000000000002,0.020000000000000004,0.06999999999999999,prop_127,1000,2000,0.36247486396967005,0.9006366628512876,True,0.5381617988816176,0.5381617988816176,0.6720614552943637,0.7249385447056363,-0.3095865913246936,0.17569811814565126,0.05287708941127267,0.07828470947034483,0.40700000000000003
rep0643,0.36,0.36343834785442014,alg1,0.1,0.010000000000000002,0.020000000000000004,0.06999999999999999,prop_127,1000,2000,0.19898773435932854,0.7389960355277198,True,0.5400083011683912,0.5400083011683912,0.48370315376630274,0.5412968462336971,-0.2847154194069742,0.19769918929402266,0.057593692467394375,0.07991460870099681,0.4025
rep0644,0.65,0.6481229391038595,alg1,0.1,0.010000000000000002,0.020000000000000004,0.06999999999999999,prop_127,1000,2000,0.39571083562227893,0.8793087044643467,True,0.4835978688420678,0.4835978688420678,0.6551702621138585,0.7088297378861416,-0.2594594264915796,0.17047896657820516,0.05365947577228303,0.06993839306978472,0.36000000000000004
rep0645,0.29,0.2941433730670103,alg1,0.1,0.010000000000000002,0.020000000000000004,0.06999999999999999,prop_127,1000,2000,-0.042148286636399385,0.49607289001613286,True,0.5382211766525322,0.49607289001613286,0.23085699782468996,0.2811430021753101,-0.27300528446108935,0.21492988784082281,0.05028600435062011,0.08393517230191211,0.4040000000000001
rep0646,0.51,0.5120115362995212,alg1,0.1,0.010000000000000002,0.020000000000000004,0.06999999999999999,prop_127,1000,2000,0.2078818265491985,0.7692322241936658,True,0.5613503976444673,0.5613503976444673,0.5077710062450774,0.5652289937549225,-0.2998891796958789,0.20400323043874322,0.0574579875098451,0.08639241013462207,0.4175000000000001
rep0647,0.71,0.7065170718696113,alg1,0.1,0.010000000000000002,0.020000000000000004,0.06999999999999999,prop_127,1000,2000,0.5282980612175543,1.0566421988615122,True,0.5283441376439579,0.4717019387824457,0.825205129293319,0.8667948707066809,-0.2969070680757647,0.18984732815483135,0.041589741413361914,0.07775439623059616,0.4089999999999999
rep0648,0.73,0.7257764503743807,alg1,0.1,0.010000000000000002,0.020000000000000004,0.06999999999999999,prop_127,1000,2000,0.5659092640252458,1.1371811225179669,True,0.5712718584927211,0.4340907359747542,0.8310135722928328,0.8719864277071673,-0.265104308267587,0.26519469481079966,0.040972855414334486,0.08579900307838678,0.44449999999999995
rep0649,0.71,0.7092804785306875,alg1,0.1,0.010000000000000002,0.020000000000000004,0.06999999999999999,prop_127,1000,2000,0.5261024156506424,0.9815557511812866,True,0.45545333553064415,0.45545333553064415,0.7753907597315192,0.8216092402684808,-0.24928834408087672,0.15994651091280576,0.04621848053696165,0.07273485499368254,0.33649999999999997
rep0650,0.44,0.43598196325490673,alg1,0.1,0.010000000000000002,0.020000000000000004,0.06999999999999999,prop_127,1000,2000,0.15288074265557483,0.7060275459732706,True,0.5531468033176957,0.5531468033176957,0.4402495686821686,0.49775043131783137,-0.28736882602659375,0.20827711465543924,0.057500862635662786,0.07064594068203295,0.42500000000000004
rep0651,0.51,0.509779873494791,alg1,0.1,0.010000000000000002,0.020000000000000004,0.06999999999999999,prop_127,1000,2000,0.3914565008001595,0.87965745560871,True,0.4882009548085505,0.4882009548085505,0.6505703820715819,0.7044296179284181,-0.25911388127142243,0.17522783768029188,0.05385923585683616,0.08834171895171433,0.346
rep0652,0.30,0.3038326119750675,alg1,0.1,0.010000000000000002,0.020000000000000004,0.06999999999999999,prop_127,1000,2000,-0.057320854855998804,0.48496902328680325,True,0.542289878142802,0.48496902328680325,0.2585069862256721,0.31049301377432786,-0.3158278410816709,0.17447600951247538,0.05198602754865578,0.07780385059414624,0.41250000000000003
rep0653,0.81,0.8102823830810556,alg1,0.1,0.010000000000000002,0.020000000000000004,0.06999999999999999,prop_127,1000,2000,0.4935201328300655,1.002666254524602,True,0.5091461216945363,0.5064798671699344,0.77330545917391,0.81969454082609,-0.2797853263438445,0.18297171369851187,0.04638908165217992,0.0837570400423564,0.379
rep0654,0.71,0.7089897305189968,alg1,0.1,0.010000000000000002,0.020000000000000004,0.06999999999999999,prop_127,1000,2000,0.41696761380177305,1.0499412860833748,True,0.6329736722816017,0.583032386198227,0.7483481375253717,0.7966518624746283,-0.3313805237235986,0.25328942360874646,0.04830372494925661,0.08316994733234506,0.5015000000000001
rep0655,0.29,0.29163199392445693,alg1,0.1,0.010000000000000002,0.020000000000000004,0.06999999999999999,prop_127,1000,2000,0.06000539828899132,0.6091883767911923,True,0.549182978502201,0.549182978502201,0.3683180580779863,0.42468194192201375,-0.30831265978899497,0.18450643486917861,0.05636388384402746,0.08681909465817361,0.40599999999999997
rep0656,0.56,0.562914990197144,alg1,0.1,0.010000000000000002,0.020000000000000004,0.06999999999999999,prop_127,1000,2000,0.34604553020753104,0.8574149507726208,True,0.5113694205650897,0.5113694205650897,0.5991388608806957,0.6548611391193043,-0.25309333067316464,0.20255381165331643,0.05572227823860865,0.08564714232648113,0.36999999999999994
rep0657,0.35,0.3470109004221037,alg1,0.1,0.010000000000000002,0.020000000000000004,0.06999999999999999,prop_127,1000,2000,0.0035907269745712733,0.4750303349619152,True,0.47143960798734397,0.47143960798734397,0.2245700558370758,0.2744299441629242,-0.22097932886250451,0.200600390798991,0.04985988832584842,0.07757971966149552,0.34400000000000003
rep0658,0.32,0.31902368868181874,alg1,0.1,0.010000000000000002,0.020000000000000004,0.06999999999999999,prop_127,1000,2000,-0.008073939185811674,0.5158646054083736,True,0.5239385445941853,0.5158646054083736,0.2687266017419385,0.32127339825806145,-0.2768005409277502,0.1945912071503122,0.05254679651612293,0.07289174807806242,0.39849999999999997
rep0659,0.74,0.7420126698484341,alg1,0.1,0.010000000000000002,0.020000000000000004,0.06999999999999999,prop_127,1000,2000,0.6634093307502735,1.1959899463428612,True,0.5325806155925876,0.33659066924972647,0.9492783191000453,0.9717216808999547,-0.2858689883497718,0.2242682654429064,0.022443361799909356,0.08463725379267822,0.42550000000000004
rep0660,0.20,0.19621544316156792,alg1,0.1,0.010000000000000002,0.020000000000000004,0.06999999999999999,prop_127,1000,2000,0.07406365480041921,0.6031746680752461,True,0.5291110132748269,0.5291110132748269,0.34760143440804336,0.40339856559195664,-0.27353777960762415,0.19977610248328942,0.05579713118391327,0.06531388209091354,0.40800000000000003
rep0661,0.69,0.6919479229129536,alg1,0.1,0.010000000000000002,0.020000000000000004,0.06999999999999999,prop_127,1000,2000,0.35356473896300983,0.8958774863177763,True,0.5423127473547664,0.5423127473547664,0.6577269967604038,0.7112730032395962,-0.304162257797394,0.18460448307818006,0.05354600647919239,0.08726674087557401,0.4015
rep0662,0.33,0.3251295165584837,alg1,0.1,0.010000000000000002,0.020000000000000004,0.06999999999999999,prop_127,1000,2000,-0.14128960262045268,0.39055079680644067,True,0.5318403994268933,0.39055079680644067,0.15168366212368098,0.195316337876319,-0.29297326474413365,0.1952344589301217,0.04363267575263802,0.06970772367425537,0.4185
rep0663,0.65,0.6539903087855193,alg1,0.1,0.010000000000000002,0.020000000000000004,0.06999999999999999,prop_127,1000,2000,0.2306473931990406,0.8566422042722126,True,0.625994811073172,0.625994811073172,0.5748119786366314,0.6311880213633686,-0.34416458543759076,0.225454182908844,0.05637604272673724,0.08361876834643472,0.48600000000000004
rep0664,0.29,0.29232037114787135,alg1,0.1,0.010000000000000002,0.020000000000000004,0.06999999999999999,prop_127,1000,2000,0.2241697263861192,0.7293543909391914,True,0.5051846645530722,0.5051846645530722,0.505260826822441,0.5627391731775591,-0.2810911004363218,0.16661521776163235,0.05747834635511806,0.06270631819795414,0.385
rep0665,0.44,0.4435664527715359,alg1,0.1,0.010000000000000002,0.020000000000000004,0.06999999999999999,prop_127,1000,2000,0.16100034535214358,0.7012777244935904,True,0.5402773791414468,0.5402773791414468,0.4243216971499532,0.4816783028500468,-0.26332135179780963,0.21959942164354362,0.0573566057000936,0.07642077344135317,0.4065000000000001
rep0666,0.57,0.569426710310103,alg1,0.1,0.010000000000000002,0.020000000000000004,0.06999999999999999,prop_127,1000,2000,0.12393090938310436,0.675864472581228,True,0.5519335631981236,0.5519335631981236,0.4273059035548553,0.4846940964451447,-0.30337499417175096,0.1911703761360833,0.0573881928902894,0.08254537030783421,0.41200000000000003
rep0667,0.25,0.24776737783479344,alg1,0.1,0.010000000000000002,0.020000000000000004,0.06999999999999999,prop_127,1000,2000,-0.05391079568479884,0.44743569931581034,True,0.5013464950006092,0.44743569931581034,0.22070488922991965,0.27029511077008034,-0.2746156849147185,0.17714058854573,0.049590221540160684,0.06325627346044843,0.38850000000000007
rep0668,0.59,0.5891451788470337,alg1,0.1,0.010000000000000002,0.020000000000000004,0.06999999999999999,prop_127,1000,2000,0.4290483514561103,0.9209921192658663,True,0.491943767809756,0.491943767809756,0.70751302455567,0.75848697544433,-0.2784646730995597,0.1625051438215364,0.05097395088865997,0.07346981692109611,0.3675
rep0669,0.43,0.43112417009251425,alg1,0.1,0.010000000000000002,0.020000000000000004,0.06999999999999999,prop_127,1000,2000,0.20397078116141426,0.7436832392318071,True,0.5397124580703929,0.5397124580703929,0.47319438097908606,0.5308056190209139,-0.2692235998176718,0.21287762021089315,0.057611238041827884,0.0816012200285649,0.4005
rep0670,0.52,0.5247541318418742,alg1,0.1,0.010000000000000002,0.020000000000000004,0.06999999999999999,prop_127,1000,2000,0.24042535276226462,0.832087755572785,True,0.5916624028105204,0.5916624028105204,0.5545938100126004,0.6114061899873995,-0.3141684572503358,0.2206815655853855,0.05681237997479904,0.06835002283572134,0.4665
rep0671,0.43,0.4258243574979035,alg1,0.1,0.010000000000000002,0.020000000000000004,0.06999999999999999,prop_127,1000,2000,0.13206382984075993,0.6471801656508758,True,0.5151163358101158,0.5151163358101158,0.41289199156259554,0.47010800843740447,-0.2808281617218356,0.17707215721347128,0.05721601687480893,0.06090031893530684,0.3970000000000001
rep0672,0.81,0.8089839883601585,alg1,0.1,0.010000000000000002,0.020000000000000004,0.06999999999999999,prop_127,1000,2000,0.41837540675068363,0.9103452823653262,True,0.49196987561464256,0.49196987561464256,0.6787266017419386,0.7312733982580614,-0.2603511949912549,0.1790718841072648,0.05254679651612282,0.0739230790985198,0.36549999999999994
rep0673,0.52,0.5160903827108957,alg1,0.1,0.010000000000000002,0.020000000000000004,0.06999999999999999,prop_127,1000,2000,0.22053138189506216,0.7256827047164035,True,0.5051513228213413,0.5051513228213413,0.4801988174570341,0.5378011825429659,-0.2596674355619719,0.18788152217343754,0.05760236508593186,0.08654895773540944,0.36100000000000004
rep0674,0.06,0.06029974565196784,alg1,0.1,0.010000000000000002,0.020000000000000004,0.06999999999999999,prop_127,1000,2000,-0.2611102655950841,0.16513728040199638,True,0.4262475459970805,0.16513728040199638,0.0,0.0,-0.2611102655950841,0.16513728040199638,0.0,0.0887475459970804,0.3375000000000001
rep0675,0.52,0.5161454616139173,alg1,0.1,0.010000000000000002,0.020000000000000004,0.06999999999999999,prop_127,1000,2000,0.1168852910129945,0.6449026193198661,True,0.5280173283068716,0.5280173283068716,0.4208414513835108,0.4781585486164892,-0.3039561603705163,0.16674407070337688,0.0573170972329784,0.08470023107389318,0.386
rep0676,0.66,0.6578150737171017,alg1,0.1,0.010000000000000002,0.020000000000000004,0.06999999999999999,prop_127,1000,2000,0.3901233406540529,0.8525685974531084,True,0.4624452567990555,0.4624452567990555,0.6485269094852701,0.7024730905147298,-0.25840356883121723,0.1500955069383786,0.053946181029459694,0.07349907576959586,0.33499999999999996
rep0677,0.92,0.9205140610257226,alg1,0.1,0.010000000000000002,0.020000000000000004,0.06999999999999999,prop_127,1000,2000,0.7229799769952125,1.2066961715698823,True,0.48371619457466974,0.27702002300478745,1.0,1.0,-0.27702002300478745,0.2066961715698824,0.0,0.07921619457466988,0.40449999999999997
rep0678,0.09,0.09465568618272703,alg1,0.1,0.010000000000000002,0.020000000000000004,0.06999999999999999,prop_127,1000,2000,-0.18801222914759616,0.3737235478142862,True,0.5617357769618824,0.3737235478142862,0.12990031288070344,0.17109968711929655,-0.3179125420282996,0.20262386069498964,0.0411993742385931,0.07953640272328932,0.44099999999999995
rep0679,0.71,0.7090958024890887,alg1,0.1,0.010000000000000002,0.020000000000000004,0.06999999999999999,prop_127,1000,2000,0.374362491785957,0.8867505293223893,True,0.5123880375364323,0.5123880375364323,0.6541478181298015,0.7078521818701986,-0.2797853263438445,0.1788983474521907,0.05370436374039711,0.07068367379603518,0.388
rep0680,0.11,0.11455441533880197,alg1,0.1,0.010000000000000002,0.020000000000000004,0.06999999999999999,prop_127,1000,2000,-0.2107583438060333,0.33820992057433225,True,0.5489682643803655,0.33820992057433225,0.0831781490520148,0.11782185094798521,-0.2939364928580481,0.22038806962634705,0.03464370189597041,0.08532456248439513,0.42900000000000005
rep0681,0.26,0.25727511353445326,alg1,0.1,0.010000000000000002,0.020000000000000004,0.06999999999999999,prop_127,1000,2000,0.0792424362707031,0.6392087503892059,True,0.5599663141185027,0.5599663141185027,0.3485866859574753,0.40441331404252473,-0.2693442496867722,0.2347954363466812,0.05582662808504946,0.07613968603345345,0.42799999999999994
rep0682,0.83,0.825070707544665,alg1,0.1,0.010000000000000002,0.020000000000000004,0.06999999999999999,prop_127,1000,2000,0.6147763467773064,1.1262071024983595,True,0.5114307557210531,0.3852236532226936,0.9202465175485717,0.9487534824514283,-0.30547017077126526,0.17745362004693133,0.028506964902856646,0.08692379081819662,0.39599999999999996
rep0683,0.80,0.8007348882310458,alg1,0.1,0.010000000000000002,0.020000000000000004,0.06999999999999999,prop_127,1000,2000,0.3676514914371769,0.9534224664541978,True,0.5857709750170209,0.5857709750170209,0.676162331212626,0.728837668787374,-0.30851083977544913,0.22458479766682385,0.05267533757474796,0.06909563744227287,0.4640000000000001
rep0684,0.83,0.8284671553921638,alg1,0.1,0.010000000000000002,0.020000000000000004,0.06999999999999999,prop_127,1000,2000,0.5365887944157065,1.0075068442163706,True,0.4709180498006641,0.4634112055842935,0.8209866510873923,0.8630133489126076,-0.2843978566716858,0.1444934953037629,0.04202669782521529,0.08339135197544867,0.34550000000000003
rep0685,0.51,0.514309478391361,alg1,0.1,0.010000000000000002,0.020000000000000004,0.06999999999999999,prop_127,1000,2000,0.1860115094091293,0.7081606898460148,True,0.5221491804368854,0.5221491804368854,0.43427312921746036,0.4917268707825397,-0.24826161980833106,0.21643381906347506,0.05745374156507932,0.07969543887180597,0.3850000000000001
rep0686,0.05,0.04867548466027368,alg1,0.1,0.010000000000000002,0.020000000000000004,0.06999999999999999,prop_127,1000,2000,-0.21001237121882455,0.26165982760012263,True,0.4716721988189472,0.26165982760012263,0.04542526062973828,0.07257473937026172,-0.25543763184856283,0.1890850882298609,0.027149478740523446,0.08802272007842377,0.3565
rep0687,0.70,0.7017411200593814,alg1,0.1,0.010000000000000002,0.020000000000000004,0.06999999999999999,prop_127,1000,2000,0.4126104384648897,0.9336035977573115,True,0.5209931592924217,0.5209931592924217,0.6807787011924533,0.7332212988075466,-0.2681682627275636,0.20038229894976492,0.05244259761509329,0.08105056167732855,0.3875
rep0688,0.78,0.7768841857553568,alg1,0.1,0.010000000000000002,0.020000000000000004,0.06999999999999999,prop_127,1000,2000,0.5888918727316411,1.101298511514757,True,0.512406638783116,0.4111081272683589,0.9324220491680761,0.9585779508319239,-0.343530176436435,0.14272056068283323,0.026155901663847736,0.08775073711926823,0.3985
rep0689,0.41,0.40967933946466756,alg1,0.1,0.010000000000000002,0.020000000000000004,0.06999999999999999,prop_127,1000,2000,0.1118691545744403,0.5384002745678138,True,0.4265311199933735,0.4265311199933735,0.35006480065752166,0.40593519934247835,-0.23819564608308136,0.1324650752253354,0.05587039868495669,0.08616072130841679,0.2845
rep0690,0.47,0.46908505895471847,alg1,0.1,0.010000000000000002,0.020000000000000004,0.06999999999999999,prop_127,1000,2000,0.27516373467783106,0.9242384654220104,True,0.6490747307441793,0.6490747307441793,0.604724005394226,0.6602759946057739,-0.32956027071639493,0.26396247081623647,0.055551989211547914,0.08002274153263145,0.5135
rep0691,0.71,0.7077778587278475,alg1,0.1,0.010000000000000002,0.020000000000000004,0.06999999999999999,prop_127,1000,2000,0.35739413180396534,0.9011801634596854,True,0.5437860316557201,0.5437860316557201,0.6689873646795367,0.7220126353204633,-0.31159323287557134,0.17916752813922207,0.05302527064092666,0.08076076101479346,0.4099999999999999
rep0692,0.70,0.7005041640051802,alg1,0.1,0.010000000000000002,0.020000000000000004,0.06999999999999999,prop_127,1000,2000,0.339146083362946,0.901625000204061,True,0.5624789168411151,0.5624789168411151,0.6572155782573227,0.7107844217426774,-0.3180694948943767,0.19084057846138355,0.053568843485354734,0.06641007335576021,0.4425
rep0693,0.56,0.5563453058616313,alg1,0.1,0.010000000000000002,0.020000000000000004,0.06999999999999999,prop_127,1000,2000,0.3576505169218823,0.834478680768741,True,0.47682816384685867,0.47682816384685867,0.587980095497662,0.644019904502338,-0.23032957857577963,0.1904587762664029,0.05603980900467609,0.07378835484218249,0.34700000000000003
rep0694,0.86,0.8579152046654233,alg1,0.1,0.010000000000000002,0.020000000000000004,0.06999999999999999,prop_127,1000,2000,0.6610515750107178,1.162543448098355,True,0.5014918730876372,0.33894842498928224,0.9196960465402406,0.9483039534597595,-0.25864447152952286,0.21423949463859548,0.028607906919518866,0.08038396616811833,0.3925
rep0695,0.13,0.133927768805338,alg1,0.1,0.010000000000000002,0.020000000000000004,0.06999999999999999,prop_127,1000,2000,-0.29320324564542294,0.20168349071419747,True,0.49488673635962044,0.20168349071419747,0.037443821318339066,0.06255617868166094,-0.330647066963762,0.13912731203253653,0.025112357363321874,0.07577437899629852,0.394
rep0696,0.29,0.29447716121483336,alg1,0.1,0.010000000000000002,0.020000000000000004,0.06999999999999999,prop_127,1000,2000,0.1540937969807396,0.666677525309405,True,0.5125837283286654,0.5125837283286654,0.4302911591438082,0.4877088408561918,-0.2761973621630686,0.17896868445321326,0.057417681712383595,0.07166604661628195,0.38349999999999995
rep0697,0.38,0.3774111129057389,alg1,0.1,0.010000000000000002,0.020000000000000004,0.06999999999999999,prop_127,1000,2000,0.0032622534316730234,0.5329855727392174,True,0.5297233193075443,0.5297233193075443,0.3014416457703399,0.35555835422966015,-0.29817939233866686,0.17742721850955726,0.05411670845932026,0.07360661084822406,0.402
rep0698,0.49,0.4857893021833887,alg1,0.1,0.010000000000000002,0.020000000000000004,0.06999999999999999,prop_127,1000,2000,0.18046344401061654,0.7111629378110054,True,0.5306994938003888,0.5306994938003888,0.4676948562833261,0.5253051437166739,-0.28723141227270954,0.18585779409433142,0.05761028743334784,0.08408920636704104,0.38899999999999996
rep0699,0.07,0.06956301432769134,alg1,0.1,0.010000000000000002,0.020000000000000004,0.06999999999999999,prop_127,1000,2000,-0.17995291846181843,0.32549328154953217,True,0.5054462000113507,0.32549328154953217,0.1190694328000615,0.1589305671999385,-0.2990223512618799,0.16656271434959366,0.039861134399877,0.08758506561147361,0.378
rep0700,0.65,0.6506325430432847,alg1,0.1,0.010000000000000002,0.020000000000000004,0.06999999999999999,prop_127,1000,2000,0.3047261222455988,0.8058513136767413,True,0.5011251914311425,0.5011251914311425,0.570258644695611,0.626741355304389,-0.26553252245001224,0.17910995837235227,0.056482710608777964,0.07664248082236452,0.368
rep0701,0.62,0.6187320249579185,alg1,0.1,0.010000000000000002,0.020000000000000004,0.06999999999999999,prop_127,1000,2000,0.20022294987506212,0.6760031540589135,True,0.4757802041838514,0.4757802041838514,0.44523312240266844,0.5027668775973315,-0.24501017252760632,0.17323627646158204,0.05753375519466308,0.08324644898918843,0.33499999999999996
rep0702,0.32,0.3183272441833459,alg1,0.1,0.010000000000000002,0.020000000000000004,0.06999999999999999,prop_127,1000,2000,0.1442652318325826,0.694823171920131,True,0.5505579400875484,0.5505579400875484,0.43078880363079214,0.4882111963692079,-0.28652357179820953,0.20661197555092303,0.05742239273841576,0.07663554734913258,0.4165
rep0703,0.64,0.6352153071879647,alg1,0.1,0.010000000000000002,0.020000000000000004,0.06999999999999999,prop_127,1000,2000,0.39531715642649534,0.9031874700110305,True,0.5078703135845352,0.5078703135845352,0.6771879259775191,0.7298120740224809,-0.28187076955102375,0.17337539598854962,0.05262414804496185,0.08224616553957337,0.373
rep0704,0.97,0.9723238313893882,alg1,0.1,0.010000000000000002,0.020000000000000004,0.06999999999999999,prop_127,1000,2000,0.6933105765212317,1.1692131812104887,True,0.47590260468925694,0.30668942347876826,1.0,1.0,-0.3066894234787682,0.16921318121048864,0.0,0.08190260468925681,0.394
rep0705,0.47,0.46588421090109494,alg1,0.1,0.010000000000000002,0.020000000000000004,0.06999999999999999,prop_127,1000,2000,0.31707951269679435,0.8064727872287254,True,0.48939327453193104,0.48939327453193104,0.5874732407322165,0.6435267592677836,-0.27039372803542217,0.16294602796094182,0.05605351853556706,0.078339755996364,0.355
rep0706,0.53,0.5283740232519213,alg1,0.1,0.010000000000000002,0.020000000000000004,0.06999999999999999,prop_127,1000,2000,0.264087856679235,0.8624267141508755,True,0.5983388574716404,0.5983388574716404,0.5844327681303139,0.6405672318696862,-0.32034491145107885,0.22185948228118926,0.056134463739372364,0.07870439373226806,0.4635000000000001
rep0707,0.73,0.7343174621456723,alg1,0.1,0.010000000000000002,0.020000000000000004,0.06999999999999999,prop_127,1000,2000,0.7428627783495656,1.187293874081534,False,0.4444310957319684,0.2571372216504344,1.0,1.0,-0.25713722165043434,0.18729387408153403,0.0,0.08393109573196833,0.36050000000000004
rep0708,0.77,0.7735731870600265,alg1,0.1,0.010000000000000002,0.020000000000000004,0.06999999999999999,prop_127,1000,2000,0.31514571142501807,0.8381432240546265,True,0.5229975126296085,0.5229975126296085,0.6026925958228493,0.6583074041771506,-0.2875468843978312,0.17983581987747588,0.055614808354301326,0.06788270427530702,0.3995000000000001
rep0709,0.46,0.4597510487027871,alg1,0.1,0.010000000000000002,0.020000000000000004,0.06999999999999999,prop_127,1000,2000,0.11651212890765417,0.6504882926962594,True,0.5339761637886052,0.5339761637886052,0.39206060176107016,0.4489393982389298,-0.275548472853416,0.20154889445732965,0.05687879647785965,0.07659736731074568,0.40049999999999997
rep0710,0.07,0.07345804081414554,alg1,0.1,0.010000000000000002,0.020000000000000004,0.06999999999999999,prop_127,1000,2000,-0.13866062745891441,0.39755792370777204,True,0.5362185511666865,0.39755792370777204,0.14883388373343812,0.1921661162665619,-0.28749451119235253,0.20539180744121013,0.04333223253312379,0.08238631863356266,0.41050000000000003
rep0711,0.88,0.8815362152345295,alg1,0.1,0.010000000000000002,0.020000000000000004,0.06999999999999999,prop_127,1000,2000,0.6858971095649244,1.1323927395240574,True,0.44649562995913294,0.31410289043507555,0.9464437192993956,0.9695562807006043,-0.2605466097344712,0.162836458823453,0.023112561401208653,0.0853830685579241,0.3380000000000001
rep0712,0.71,0.7081656695993921,alg1,0.1,0.010000000000000002,0.020000000000000004,0.06999999999999999,prop_127,1000,2000,0.47348705786239553,1.0340278037228647,True,0.5605407458604692,0.5265129421376045,0.7868761454995862,0.8321238545004138,-0.31338908763719064,0.20190394922245092,0.04524770900082764,0.07829303685964145,0.4370000000000001
rep0713,0.34,0.3371108098177164,alg1,0.1,0.010000000000000002,0.020000000000000004,0.06999999999999999,prop_127,1000,2000,0.05025191740644852,0.6149484566616026,True,0.5646965392551541,0.5646965392551541,0.30193114463377074,0.3560688553662293,-0.2516792272273222,0.25887960129537335,0.054137710732458544,0.08755882852269564,0.423
rep0714,0.08,0.07975518910225672,alg1,0.1,0.010000000000000002,0.020000000000000004,0.06999999999999999,prop_127,1000,2000,-0.29863271499177807,0.18864203536469631,True,0.4872747503564744,0.18864203536469631,0.0,0.0,-0.29863271499177807,0.18864203536469631,0.0,0.08727475035647436,0.4
rep0715,0.15,0.14884037317006904,alg1,0.1,0.010000000000000002,0.020000000000000004,0.06999999999999999,prop_127,1000,2000,-0.2522127128976417,0.22100418788134252,True,0.4732169007789842,0.22100418788134252,0.01975191156710243,0.039248088432897565,-0.2719646244647441,0.18175609944844495,0.019496176865795134,0.06472072391318906,0.389
rep0716,0.50,0.5002520736252362,alg1,0.1,0.010000000000000002,0.020000000000000004,0.06999999999999999,prop_127,1000,2000,0.1926180851918058,0.7242382197403918,True,0.531620134548586,0.531620134548586,0.45221495586812477,0.5097850441318752,-0.259596870676319,0.21445317560851657,0.05757008826375043,0.07955004628483547,0.3945000000000001
rep0717,0.62,0.6181944409522758,alg1,0.1,0.010000000000000002,0.020000000000000004,0.06999999999999999,prop_127,1000,2000,0.20283523301582346,0.754381719017991,True,0.5515464860021675,0.5515464860021675,0.49272079386077955,0.5502792061392204,-0.2898855608449561,0.20410251287877057,0.057558412278440885,0.07698807372372668,0.417
rep0718,0.75,0.7467090556088825,alg1,0.1,0.010000000000000002,0.020000000000000004,0.06999999999999999,prop_127,1000,2000,0.39404618095815386,0.9853071478358528,True,0.5912609668776989,0.5912609668776989,0.7059676968195687,0.7570323031804314,-0.31192151586141487,0.22827484465542153,0.05106460636086263,0.08419636051683638,0.456
rep0719,0.46,0.4594901234938354,alg1,0.1,0.010000000000000002,0.020000000000000004,0.06999999999999999,prop_127,1000,2000,0.2054139105182889,0.827505226920566,True,0.6220913164022772,0.6220913164022772,0.5319058013036692,0.5890941986963308,-0.32649189078538027,0.23841102822423518,0.05718839739266168,0.07990291900961549,0.48499999999999993
rep0720,0.05,0.04671494424394169,alg1,0.1,0.010000000000000002,0.020000000000000004,0.06999999999999999,prop_127,1000,2000,-0.1841906870988415,0.3400745165450075,True,0.524265203643849,0.3400745165450075,0.10454516005738318,0.14245483994261682,-0.2887358471562247,0.19761967660239066,0.03790967988523364,0.08585552375861538,0.40049999999999997
rep0721,0.81,0.8117611590924323,alg1,0.1,0.010000000000000002,0.020000000000000004,0.06999999999999999,prop_127,1000,2000,0.7070728134079147,1.1828596618670024,True,0.4757868484590877,0.2929271865920853,1.0,1.0,-0.2929271865920852,0.18285966186700245,0.0,0.07678684845908779,0.3989999999999999
rep0722,0.22,0.2219104471600488,alg1,0.1,0.010000000000000002,0.020000000000000004,0.06999999999999999,prop_127,1000,2000,0.021681629853714468,0.5201388577526819,True,0.4984572278989674,0.4984572278989674,0.295570382071582,0.34942961792841803,-0.2738887522178675,0.1707092398242638,0.05385923585683605,0.08709799204213142,0.35749999999999993
rep0723,0.51,0.5105466005402299,alg1,0.1,0.010000000000000002,0.020000000000000004,0.06999999999999999,prop_127,1000,2000,0.24958525572585127,0.7433522197338768,True,0.4937669640080255,0.4937669640080255,0.5238533828771064,0.5811466171228936,-0.2742681271512551,0.16220560261098318,0.05729323424578725,0.08447372976223827,0.35200000000000004
rep0724,0.48,0.477360257689102,alg1,0.1,0.010000000000000002,0.020000000000000004,0.06999999999999999,prop_127,1000,2000,0.18472674705924352,0.6867707653765096,True,0.5020440183172661,0.5020440183172661,0.4502195685048738,0.5077804314951261,-0.2654928214456303,0.1789903338813835,0.05756086299025226,0.07648315532701389,0.3679999999999999
rep0725,0.16,0.1643904436647521,alg1,0.1,0.010000000000000002,0.020000000000000004,0.06999999999999999,prop_127,1000,2000,-0.11658609937587375,0.42723368290412944,True,0.5438197822800032,0.42723368290412944,0.15453582784055211,0.19846417215944787,-0.27112192721642586,0.2287695107446816,0.04392834431889575,0.08489143796110743,0.41500000000000004
rep0726,0.76,0.757057184239538,alg1,0.1,0.010000000000000002,0.020000000000000004,0.06999999999999999,prop_127,1000,2000,0.3902660066923828,0.9114216836362685,True,0.5211556769438856,0.5211556769438856,0.6823181765878621,0.734681823412138,-0.2920521698954793,0.1767398602241306,0.052363646824275856,0.07929203011960995,0.38949999999999996
rep0727,0.34,0.34121970245937583,alg1,0.1,0.010000000000000002,0.020000000000000004,0.06999999999999999,prop_127,1000,2000,0.0947928521215568,0.6312936942145895,True,0.5365008420930326,0.5365008420930326,0.37968597459333103,0.4363140254066689,-0.28489312247177423,0.1949796688079205,0.05662805081333788,0.07937279127969471,0.4005
rep0728,0.20,0.196817766798613,alg1,0.1,0.010000000000000002,0.020000000000000004,0.06999999999999999,prop_127,1000,2000,0.1231812927306618,0.6279544601878413,True,0.5047731674571795,0.5047731674571795,0.4019737867410419,0.4590262132589581,-0.2787924940103801,0.16892824692888325,0.0570524265179162,0.08372074093926335,0.364
rep0729,0.29,0.28849501958605417,alg1,0.1,0.010000000000000002,0.020000000000000004,0.06999999999999999,prop_127,1000,2000,-0.07906737275866674,0.4040848095009918,True,0.4831521822596585,0.4040848095009918,0.18605481665679527,0.23294518334320471,-0.265122189415462,0.1711396261577871,0.046890366686409446,0.07826181557324918,0.35799999999999993
rep0730,0.48,0.477668445003829,alg1,0.1,0.010000000000000002,0.020000000000000004,0.06999999999999999,prop_127,1000,2000,0.14899252848980582,0.6520613294115325,True,0.5030688009217267,0.5030688009217267,0.4213385416635273,0.4786614583364727,-0.2723460131737215,0.17339987107505972,0.05732291667294542,0.08324588424878121,0.3625
rep0731,0.72,0.7209968835743404,alg1,0.1,0.010000000000000002,0.020000000000000004,0.06999999999999999,prop_127,1000,2000,0.390761922792756,0.903056222847316,True,0.51229430005456,0.51229430005456,0.6643787192274355,0.7176212807725644,-0.2736167964346795,0.18543494207475164,0.05324256154512885,0.07955173850943109,0.37950000000000006
rep0732,0.57,0.5718125239722864,alg1,0.1,0.010000000000000002,0.020000000000000004,0.06999999999999999,prop_127,1000,2000,0.2827988211373404,0.8901062172871461,True,0.6073073961498057,0.6073073961498057,0.5550986740825125,0.6119013259174876,-0.27229985294517206,0.2782048913696586,0.056802651834975126,0.08350474431483068,0.46699999999999997
rep0733,0.97,0.9677623027604382,alg1,0.1,0.010000000000000002,0.020000000000000004,0.06999999999999999,prop_127,1000,2000,0.6765382359945502,1.2078988680958191,True,0.5313606321012689,0.3234617640054498,1.0,1.0,-0.32346176400544985,0.20789886809581914,0.0,0.08086063210126898,0.45049999999999996
rep0734,0.48,0.4810283343490522,alg1,0.1,0.010000000000000002,0.020000000000000004,0.06999999999999999,prop_127,1000,2000,0.15252102644722765,0.711356904555281,True,0.5588358781080534,0.5588358781080534,0.45371179952082735,0.5112882004791726,-0.3011907730735997,0.2000687040761084,0.05757640095834521,0.08825947714970805,0.41300000000000003
rep0735,0.78,0.7833574314760184,alg1,0.1,0.010000000000000002,0.020000000000000004,0.06999999999999999,prop_127,1000,2000,0.38862037050250237,0.9015212793391286,True,0.5129009088366263,0.5129009088366263,0.6434206782118904,0.6975793217881096,-0.25480030770938805,0.20394195755101904,0.054158643576219134,0.08024226526040701,0.37850000000000006
rep0736,0.19,0.19432774790338644,alg1,0.1,0.010000000000000002,0.020000000000000004,0.06999999999999999,prop_127,1000,2000,-0.15068346033535227,0.3495639510178171,True,0.5002474113531694,0.3495639510178171,0.13887920229639886,0.18112079770360115,-0.2895626626317511,0.16844315331421594,0.04224159540720229,0.08200581594596706,0.376
rep0737,0.33,0.3254942999348819,alg1,0.1,0.010000000000000002,0.020000000000000004,0.06999999999999999,prop_127,1000,2000,0.13326700540565478,0.5989723786042729,True,0.4657053731986181,0.4657053731986181,0.40594238873545346,0.46305761126454653,-0.2726753833297987,0.1359147673397263,0.05711522252909307,0.08559015066952502,0.32299999999999995
rep0738,0.51,0.5123079916353976,alg1,0.1,0.010000000000000002,0.020000000000000004,0.06999999999999999,prop_127,1000,2000,0.2506287545217782,0.8473094988071829,True,0.5966807442854047,0.5966807442854047,0.5677300855037911,0.6242699144962088,-0.31710133098201293,0.223039584310974,0.05653982899241772,0.08014091529298695,0.45999999999999996
rep0739,0.06,0.062111997988286836,alg1,0.1,0.010000000000000002,0.020000000000000004,0.06999999999999999,prop_127,1000,2000,-0.10267410992783171,0.3954556752508037,True,0.49812978517863543,0.3954556752508037,0.15929461338182532,0.20370538661817467,-0.26196872330965704,0.19175028863262908,0.044410773236349343,0.08471901194228615,0.369
rep0740,0.75,0.7475448991454451,alg1,0.1,0.010000000000000002,0.020000000000000004,0.06999999999999999,prop_127,1000,2000,0.604592875948935,1.0991080470796062,True,0.4945151711306712,0.39540712405106504,0.8564794341210162,0.8945205658789837,-0.2518865581720813,0.20458748120062265,0.03804113175796742,0.07297403937270397,0.38349999999999995
rep0741,0.33,0.3282612087940039,alg1,0.1,0.010000000000000002,0.020000000000000004,0.06999999999999999,prop_127,1000,2000,-0.04131067710144626,0.4869618589289648,True,0.528272536030411,0.4869618589289648,0.23279292299329096,0.28320707700670905,-0.2741036000947372,0.2037547819222558,0.05041415401341809,0.07635838201699308,0.40149999999999997
rep0742,0.18,0.17857762779265787,alg1,0.1,0.010000000000000002,0.020000000000000004,0.06999999999999999,prop_127,1000,2000,-0.012144100106405487,0.4539827577224381,True,0.4661268578288436,0.4539827577224381,0.2628847369758214,0.3151152630241786,-0.27502883708222686,0.13886749469825954,0.052230526048357206,0.08089633178048633,0.3330000000000001
rep0743,0.30,0.3006284010448977,alg1,0.1,0.010000000000000002,0.020000000000000004,0.06999999999999999,prop_127,1000,2000,-0.08988552225926824,0.4056905375416041,True,0.4955760598008724,0.4056905375416041,0.17408596520467481,0.2199140347953252,-0.26397148746394306,0.1857765027462789,0.04582806959065039,0.079247990210222,0.37049999999999994
rep0744,0.77,0.7703311074821744,alg1,0.1,0.010000000000000002,0.020000000000000004,0.06999999999999999,prop_127,1000,2000,0.4630076696162108,0.9961123099642681,True,0.5331046403480573,0.5331046403480573,0.7753907597315192,0.8216092402684808,-0.31238309011530835,0.17450306969578736,0.04621848053696165,0.08288615981109576,0.40399999999999997
rep0745,0.30,0.2994687432846144,alg1,0.1,0.010000000000000002,0.020000000000000004,0.06999999999999999,prop_127,1000,2000,0.12605107822083167,0.6357466562199273,True,0.5096955779990957,0.5096955779990957,0.39652006000834544,0.45347993999165453,-0.2704689817875138,0.18226671622827276,0.05695987998330909,0.08773569801578646,0.36500000000000005
rep0746,0.86,0.8631013308792119,alg1,0.1,0.010000000000000002,0.020000000000000004,0.06999999999999999,prop_127,1000,2000,0.5912115433976626,1.0831961448806318,True,0.4919846014829692,0.4087884566023374,0.8725098533327471,0.9084901466672528,-0.28129830993508453,0.174705998213379,0.0359802933345057,0.08600430814846355,0.37
rep0747,0.78,0.7789905000161823,alg1,0.1,0.010000000000000002,0.020000000000000004,0.06999999999999999,prop_127,1000,2000,0.6816632202704568,1.0985541091905882,True,0.4168908889201314,0.3183367797295432,0.9307538187534292,0.9572461812465707,-0.24909059848297244,0.1413079279440174,0.026492362493141464,0.06939852642698979,0.321
rep0748,0.51,0.5080678956883182,alg1,0.1,0.010000000000000002,0.020000000000000004,0.06999999999999999,prop_127,1000,2000,0.20139559195812068,0.7295728582293487,True,0.5281772662712281,0.5281772662712281,0.4487233312341726,0.5062766687658274,-0.2473277392760519,0.22329618946352126,0.05755333753165487,0.07562392873957313,0.395
rep0749,0.02,0.01749168767955398,alg1,0.1,0.010000000000000002,0.020000000000000004,0.06999999999999999,prop_127,1000,2000,-0.18735763866331415,0.2309302948345623,True,0.4182879334978764,0.2309302948345623,0.06847610054192968,0.10052389945807033,-0.2558337392052438,0.13040639537649196,0.03204779891614065,0.0877401345817358,0.2985
rep0750,0.39,0.39053994972898903,alg1,0.1,0.010000000000000002,0.020000000000000004,0.06999999999999999,prop_127,1000,2000,0.23717694801514183,0.6723386764305181,True,0.4351617284153763,0.4351617284153763,0.49272079386077955,0.5502792061392204,-0.2555438458456377,0.12205947029129768,0.057558412278440885,0.08260331613693539,0.29500000000000004
rep0751,0.30,0.30302091037636547,alg1,0.1,0.010000000000000002,0.020000000000000004,0.06999999999999999,prop_127,1000,2000,0.06939441728056295,0.5946339269255316,True,0.5252395096449687,0.5252395096449687,0.354500847677222,0.410499152322778,-0.28510643039665906,0.18413477460275363,0.055998304645555996,0.08724120499941274,0.38199999999999995
rep0752,0.67,0.6728906560484075,alg1,0.1,0.010000000000000002,0.020000000000000004,0.06999999999999999,prop_127,1000,2000,0.46572810522827646,1.0480290096907166,True,0.5823009044624401,0.5342718947717235,0.7436815839111115,0.7923184160888885,-0.27795347868283504,0.255710593601828,0.048636832177777034,0.087664072284663,0.44600000000000006
rep0753,0.45,0.4541601212035811,alg1,0.1,0.010000000000000002,0.020000000000000004,0.06999999999999999,prop_127,1000,2000,0.1299705048526112,0.6629280075372371,True,0.5329575026846259,0.5329575026846259,0.38760356820675274,0.4443964317932472,-0.25763306335414154,0.2185315757439899,0.05679286358649449,0.08816463909813149,0.38799999999999996
rep0754,0.36,0.3621350551377598,alg1,0.1,0.010000000000000002,0.020000000000000004,0.06999999999999999,prop_127,1000,2000,-0.030596555630581834,0.4762652075222267,True,0.5068617631528085,0.4762652075222267,0.23376114383899593,0.2842388561610041,-0.26435769946957777,0.1920263513612226,0.05047771232200815,0.08738405083080036,0.369
rep0755,0.30,0.30370365689607154,alg1,0.1,0.010000000000000002,0.020000000000000004,0.06999999999999999,prop_127,1000,2000,0.12204537413715755,0.6530243312158602,True,0.5309789570787027,0.5309789570787027,0.4034617903699175,0.4605382096300825,-0.2814164162327599,0.19248612158577771,0.057076419260165046,0.08440253781853763,0.3895
rep0756,0.39,0.39191424206051756,alg1,0.1,0.010000000000000002,0.020000000000000004,0.06999999999999999,prop_127,1000,2000,-0.007877527245415072,0.490598019946952,True,0.4984755471923671,0.490598019946952,0.2721368871958069,0.32486311280419305,-0.280014414441222,0.16573490714275896,0.052726225608386135,0.07374932158398095,0.372
rep0757,0.93,0.9311693716628857,alg1,0.1,0.010000000000000002,0.020000000000000004,0.06999999999999999,prop_127,1000,2000,0.5350523111948634,1.0976677145627698,True,0.5626154033679064,0.4649476888051366,0.8209866510873923,0.8630133489126076,-0.2859343398925289,0.2346543656501622,0.04202669782521529,0.08408870554269104,0.43650000000000005
rep0758,0.73,0.7253501033985368,alg1,0.1,0.010000000000000002,0.020000000000000004,0.06999999999999999,prop_127,1000,2000,0.3032763043375227,0.8011824149746575,True,0.4979061106371348,0.4979061106371348,0.5561084924008638,0.6128915075991362,-0.2528321880633411,0.18829090737552123,0.056783015198272446,0.08412309543886237,0.357
rep0759,0.37,0.3668140313848696,alg1,0.1,0.010000000000000002,0.020000000000000004,0.06999999999999999,prop_127,1000,2000,0.08440306140734904,0.5869467475860126,True,0.5025436861786636,0.5025436861786636,0.36782416828102754,0.4241758317189725,-0.2834211068736785,0.16277091586704007,0.056351663437944954,0.07919202274071868,0.3669999999999999
rep0760,0.65,0.649319239106947,alg1,0.1,0.010000000000000002,0.020000000000000004,0.06999999999999999,prop_127,1000,2000,0.48618750051607423,1.0108395546617635,True,0.5246520541456892,0.5138124994839257,0.7712210414834104,0.8177789585165895,-0.2850335409673362,0.19306059614517398,0.04655791703317913,0.08259413711251007,0.3955000000000001
rep0761,0.19,0.18909448403981105,alg1,0.1,0.010000000000000002,0.020000000000000004,0.06999999999999999,prop_127,1000,2000,0.1219746576270595,0.6048949194521034,True,0.4829202618250439,0.4829202618250439,0.4054462098873805,0.4625537901126195,-0.283471552260321,0.14234112933948384,0.057107580225238985,0.08181268159980482,0.34400000000000003
rep0762,0.58,0.5811996148724241,alg1,0.1,0.010000000000000002,0.020000000000000004,0.06999999999999999,prop_127,1000,2000,0.27171144951237824,0.8448464225099681,True,0.5731349729975899,0.5731349729975899,0.5556035682067527,0.6123964317932472,-0.2838921186943745,0.23244999071672084,0.05679286358649449,0.06584210941109525,0.4505000000000001
rep0763,0.18,0.18132628957024227,alg1,0.1,0.010000000000000002,0.020000000000000004,0.06999999999999999,prop_127,1000,2000,-0.04539632533888638,0.47269847462148107,True,0.5180947999603674,0.47269847462148107,0.2512178152765109,0.30278218472348917,-0.29661414061539726,0.1699162898979919,0.051564369446978287,0.08303043051338915,0.3835
rep0764,0.77,0.7746575608172306,alg1,0.1,0.010000000000000002,0.020000000000000004,0.06999999999999999,prop_127,1000,2000,0.5794385309154428,1.0596599387632886,True,0.4802214078478457,0.42056146908455716,0.8341858706865076,0.8748141293134925,-0.25474733977106484,0.18484580944979606,0.040628258626984826,0.06609314922086085,0.37350000000000005
rep0765,0.03,0.026227594970208438,alg1,0.1,0.010000000000000002,0.020000000000000004,0.06999999999999999,prop_127,1000,2000,-0.29620940504924226,0.20441981800742784,True,0.5006292230566701,0.20441981800742784,0.0,0.0,-0.29620940504924226,0.20441981800742784,0.0,0.08612922305667003,0.4145000000000001
rep0766,0.38,0.37867548624001796,alg1,0.1,0.010000000000000002,0.020000000000000004,0.06999999999999999,prop_127,1000,2000,0.08121525037720739,0.6632687908471451,True,0.5820535404699376,0.5820535404699376,0.38463356497091644,0.4413664350290835,-0.30341831459370905,0.22190235581806156,0.05673287005816707,0.0863206704117706,0.43899999999999995
rep0767,0.61,0.6128422265947918,alg1,0.1,0.010000000000000002,0.020000000000000004,0.06999999999999999,prop_127,1000,2000,0.30192675346578884,0.8221108582510179,True,0.5201841047852291,0.5201841047852291,0.5981237949621474,0.6538762050378526,-0.29619704149635856,0.1682346532131653,0.055752410075705194,0.07443169470952382,0.39
rep0768,0.63,0.630024733990203,alg1,0.1,0.010000000000000002,0.020000000000000004,0.06999999999999999,prop_127,1000,2000,0.45235964113982924,0.9153036247123165,True,0.4629439835724873,0.4629439835724873,0.7121512616449048,0.7628487383550953,-0.2597916205050756,0.15245488635722126,0.050697476710190426,0.08174650686229684,0.3305
rep0769,0.37,0.3691153843791364,alg1,0.1,0.010000000000000002,0.020000000000000004,0.06999999999999999,prop_127,1000,2000,0.08711341130199157,0.6151047769025655,True,0.5279913656005739,0.5279913656005739,0.35203606232116885,0.40796393767883116,-0.2649226510191773,0.20714083922373433,0.055927875357662304,0.07556349024291154,0.3965000000000001
rep0770,0.76,0.7602827163677804,alg1,0.1,0.010000000000000002,0.020000000000000004,0.06999999999999999,prop_127,1000,2000,0.5067372305252504,1.0168585906844516,True,0.5101213601592012,0.49326276947474956,0.8031094496075484,0.8468905503924515,-0.29637221908229794,0.16996804029199997,0.04378110078490316,0.0853402593742979,0.381
rep0771,0.56,0.5569418507360329,alg1,0.1,0.010000000000000002,0.020000000000000004,0.06999999999999999,prop_127,1000,2000,0.34452194010899734,0.8221411686263594,True,0.4776192285173621,0.4776192285173621,0.608280210232872,0.663719789767128,-0.2637582701238747,0.15842137885923147,0.055439579534255934,0.07867964898310614,0.3435
rep0772,0.51,0.5123095731772616,alg1,0.1,0.010000000000000002,0.020000000000000004,0.06999999999999999,prop_127,1000,2000,0.08065363972391765,0.6108477281998763,True,0.5301940884759586,0.5301940884759586,0.37424712944551997,0.4307528705544801,-0.2935934897216023,0.1800948576453963,0.05650574110896012,0.0826883473669986,0.391
rep0773,0.94,0.9438798022173757,alg1,0.1,0.010000000000000002,0.020000000000000004,0.06999999999999999,prop_127,1000,2000,0.7083576374161238,1.1671117332036183,True,0.4587540957874945,0.2916423625838762,1.0,1.0,-0.2916423625838762,0.16711173320361833,0.0,0.08725409578749455,0.3715
rep0774,0.32,0.3165110740887545,alg1,0.1,0.010000000000000002,0.020000000000000004,0.06999999999999999,prop_127,1000,2000,0.13747518089187938,0.595093007186639,True,0.45761782629475967,0.45761782629475967,0.3856234455594405,0.44237655444055946,-0.24814826466756112,0.15271645274607962,0.05675310888111895,0.06586471741364075,0.33499999999999996
rep0775,0.44,0.4391276919154589,alg1,0.1,0.010000000000000002,0.020000000000000004,0.06999999999999999,prop_127,1000,2000,0.24053233178535532,0.7318361785722713,True,0.491303846786916,0.491303846786916,0.49272079386077955,0.5502792061392204,-0.2521884620754242,0.1815569724330509,0.057558412278440885,0.08874543450847516,0.345
rep0776,0.14,0.1376244819698076,alg1,0.1,0.010000000000000002,0.020000000000000004,0.06999999999999999,prop_127,1000,2000,-0.11712160331833085,0.4285822041221101,True,0.545703807440441,0.4285822041221101,0.14077292281337203,0.18322707718662798,-0.2578945261317029,0.24535512693548212,0.04245415437325595,0.07874965306718495,0.4245000000000001
rep0777,0.69,0.6900240903357862,alg1,0.1,0.010000000000000002,0.020000000000000004,0.06999999999999999,prop_127,1000,2000,0.2571491802774507,0.7743559474613786,True,0.5172067671839279,0.5172067671839279,0.5243564389496289,0.5816435610503712,-0.2672072586721782,0.19271238641100744,0.05728712210074227,0.08191964508318555,0.37800000000000006
rep0778,0.23,0.22579168906928765,alg1,0.1,0.010000000000000002,0.020000000000000004,0.06999999999999999,prop_127,1000,2000,0.11048288573721401,0.5981056371126676,True,0.48762275137545363,0.48762275137545363,0.3569664172422697,0.41303358275773033,-0.24648353150505567,0.18507205435493723,0.05606716551546065,0.06955558585999289,0.362
rep0779,0.28,0.2837869490913578,alg1,0.1,0.010000000000000002,0.020000000000000004,0.06999999999999999,prop_127,1000,2000,0.14593574214657107,0.6513680260681702,True,0.5054322839215992,0.5054322839215992,0.3915652558769899,0.44843474412301004,-0.24562951373041886,0.20293328194516022,0.05686948824602012,0.08656279567557912,0.362
rep0780,0.53,0.5288656238903121,alg1,0.1,0.010000000000000002,0.020000000000000004,0.06999999999999999,prop_127,1000,2000,0.28962385193882595,0.8149276142971984,True,0.5253037623583725,0.5253037623583725,0.5971088561836582,0.6528911438163418,-0.3074850042448322,0.16203647048085656,0.05578228763268367,0.08002147472568882,0.38949999999999996
rep0781,0.73,0.7330093470103288,alg1,0.1,0.010000000000000002,0.020000000000000004,0.06999999999999999,prop_127,1000,2000,0.4246054255621402,0.9039003915368448,True,0.47929496597470456,0.47929496597470456,0.6900207646849872,0.7419792353150128,-0.265415339122847,0.16192115622183198,0.051958470630025566,0.08583649534467902,0.34149999999999997
rep0782,0.84,0.838503187664904,alg1,0.1,0.010000000000000002,0.020000000000000004,0.06999999999999999,prop_127,1000,2000,0.5993665787507247,1.0863288357000542,True,0.4869622569493295,0.40063342124927526,0.8725098533327471,0.9084901466672528,-0.27314327458202237,0.17783868903280137,0.0359802933345057,0.0814819636148238,0.36949999999999994
rep0783,0.34,0.33656651734857845,alg1,0.1,0.010000000000000002,0.020000000000000004,0.06999999999999999,prop_127,1000,2000,0.010484044636475953,0.506051249256458,True,0.495567204619982,0.495567204619982,0.2862846283752664,0.3397153716247336,-0.27580058373879046,0.16633587763172436,0.05343074324946717,0.08313646137051484,0.359
rep0784,0.11,0.10949115789238008,alg1,0.1,0.010000000000000002,0.020000000000000004,0.06999999999999999,prop_127,1000,2000,-0.18122298587328756,0.3268586750349344,True,0.5080816609082219,0.3268586750349344,0.07948866419602031,0.1135113358039797,-0.26071165006930785,0.21334733923095467,0.03402267160795938,0.07405898930026245,0.4000000000000001
rep0785,0.48,0.4762454626103595,alg1,0.1,0.010000000000000002,0.020000000000000004,0.06999999999999999,prop_127,1000,2000,0.3602994254686881,0.8644309034218993,True,0.5041314779532112,0.5041314779532112,0.587980095497662,0.644019904502338,-0.22768067002897385,0.2204109989195613,0.05603980900467609,0.08209166894853526,0.3659999999999999
rep0786,0.07,0.07488165227562806,alg1,0.1,0.010000000000000002,0.020000000000000004,0.06999999999999999,prop_127,1000,2000,-0.2059015538915377,0.29912609497144177,True,0.5050276488629795,0.29912609497144177,0.08410186307870705,0.11889813692129296,-0.29000341697024473,0.18022795805014882,0.034796273842585906,0.08623137502039357,0.384
rep0787,0.82,0.8170884972397916,alg1,0.1,0.010000000000000002,0.020000000000000004,0.06999999999999999,prop_127,1000,2000,0.4653092566194179,1.0001441755840466,True,0.5348349189646286,0.5346907433805821,0.802584843674749,0.846415156325251,-0.3372755870553311,0.1537290192587956,0.04383031265050197,0.0835046063141267,0.4075
rep0788,0.34,0.3362206627963597,alg1,0.1,0.010000000000000002,0.020000000000000004,0.06999999999999999,prop_127,1000,2000,-0.07315775535722985,0.3819502800738437,True,0.45510803543107353,0.3819502800738437,0.18270007388202125,0.22929992611797873,-0.2558578292392511,0.15265035395586496,0.04659985223595747,0.07500818319511604,0.3335
rep0789,0.50,0.496171784003576,alg1,0.1,0.010000000000000002,0.020000000000000004,0.06999999999999999,prop_127,1000,2000,0.3098636073369994,0.896447168958058,True,0.5865835616210586,0.5865835616210586,0.6480161291589347,0.7019838708410654,-0.3381525218219353,0.1944632981169926,0.0539677416821307,0.07461581993892791,0.458
rep0790,0.53,0.5296143175516811,alg1,0.1,0.010000000000000002,0.020000000000000004,0.06999999999999999,prop_127,1000,2000,0.18886639936507743,0.6951806200537664,True,0.5063142206886889,0.5063142206886889,0.4567062659388703,0.5142937340611297,-0.2678398665737929,0.1808868859926367,0.057587468122259344,0.08072675256642964,0.36799999999999994
rep0791,0.71,0.7076541850555828,alg1,0.1,0.010000000000000002,0.020000000000000004,0.06999999999999999,prop_127,1000,2000,0.3816336331991753,0.9025956744340569,True,0.5209620412348815,0.5209620412348815,0.6648906443032803,0.7181093556967197,-0.28325701110410495,0.18448631873733712,0.05321871139343948,0.08124332984144206,0.3865
rep0792,0.15,0.1503767874147335,alg1,0.1,0.010000000000000002,0.020000000000000004,0.06999999999999999,prop_127,1000,2000,-0.14222013781552922,0.33401381850217293,True,0.47623395631770216,0.33401381850217293,0.1355680158639544,0.1774319841360456,-0.2777881536794836,0.15658183436612733,0.04186396827209121,0.08386998804561091,0.35050000000000003
rep0793,0.68,0.6781218861290822,alg1,0.1,0.010000000000000002,0.020000000000000004,0.06999999999999999,prop_127,1000,2000,0.28533156857203273,0.8444849281471678,True,0.559153359575135,0.559153359575135,0.601169374965629,0.656830625034371,-0.3158378063935963,0.1876543031127968,0.055661250068741897,0.08749210950639308,0.41600000000000004
rep0794,0.42,0.4249101602725677,alg1,0.1,0.010000000000000002,0.020000000000000004,0.06999999999999999,prop_127,1000,2000,0.16781725129176783,0.7229399239189316,True,0.5551226726271637,0.5551226726271637,0.49272079386077955,0.5502792061392204,-0.3249035425690117,0.17266071777971112,0.057558412278440885,0.08206426034872288,0.4154999999999999
rep0795,0.70,0.6987247497061722,alg1,0.1,0.010000000000000002,0.020000000000000004,0.06999999999999999,prop_127,1000,2000,0.31341675481841075,0.8141751455194997,True,0.5007583907010889,0.5007583907010889,0.6087883685740336,0.6642116314259663,-0.2953716137556229,0.14996351409353337,0.055423262851932664,0.08633512784915615,0.3590000000000001
rep0796,0.52,0.5229072743297516,alg1,0.1,0.010000000000000002,0.020000000000000004,0.06999999999999999,prop_127,1000,2000,0.2104010170920252,0.7505910019262658,True,0.5401899848342406,0.5401899848342406,0.5238533828771064,0.5811466171228936,-0.3134523657850812,0.16944438480337218,0.05729323424578725,0.0833967505884533,0.3995000000000001
rep0797,0.83,0.8307010375574098,alg1,0.1,0.010000000000000002,0.020000000000000004,0.06999999999999999,prop_127,1000,2000,0.6337342216408699,1.1626043959905097,True,0.5288701743496398,0.3662657783591301,0.9307538187534292,0.9572461812465707,-0.2970195971125593,0.2053582147439391,0.026492362493141464,0.08087781185649834,0.4215000000000001
rep0798,0.88,0.8808234463324145,alg1,0.1,0.010000000000000002,0.020000000000000004,0.06999999999999999,prop_127,1000,2000,0.6955198537777925,1.2057806072401596,True,0.5102607534623671,0.30448014622220754,0.9601721803758849,0.979827819624115,-0.2646523265980924,0.2259527876160445,0.019655639248230106,0.08360511421413691,0.407
rep0799,0.43,0.43465681542082857,alg1,0.1,0.010000000000000002,0.020000000000000004,0.06999999999999999,prop_127,1000,2000,0.18787531273928096,0.6678429096986717,True,0.47996759695939073,0.47996759695939073,0.43626481152858454,0.4937351884714155,-0.24838949878930358,0.17410772122725612,0.05747037694283097,0.08099722001655973,0.34149999999999997
rep0800,0.17,0.17053459520841083,alg1,0.1,0.010000000000000002,0.020000000000000004,0.06999999999999999,prop_127,1000,2000,-0.03057701075474689,0.4811368777312437,True,0.5117138884859906,0.4811368777312437,0.22215399048227774,0.27184600951772225,-0.25273100123702463,0.20929086821352144,0.04969201903544451,0.07952186945054607,0.3825
rep0801,0.41,0.41260411504675165,alg1,0.1,0.010000000000000002,0.020000000000000004,0.06999999999999999,prop_127,1000,2000,0.12679198344445258,0.6450479970705759,True,0.5182560136261234,0.5182560136261234,0.4014778448373425,0.4585221551626575,-0.2746858613928899,0.18652584190791843,0.057044310325314984,0.08321170330080835,0.378
rep0802,0.20,0.19552982737023078,alg1,0.1,0.010000000000000002,0.020000000000000004,0.06999999999999999,prop_127,1000,2000,-0.16869733240616563,0.35812463494900915,True,0.5268219673551748,0.35812463494900915,0.1455122264359776,0.1884877735640224,-0.31420955884214324,0.16963686138498676,0.0429755471280448,0.08134642022713001,0.40249999999999997
rep0803,0.80,0.7965926571332766,alg1,0.1,0.010000000000000002,0.020000000000000004,0.06999999999999999,prop_127,1000,2000,0.5304799476522006,0.9966958737154805,True,0.4662159260632799,0.4662159260632799,0.7785203874782801,0.8244796125217199,-0.24804043982607946,0.17221626119376063,0.045959225043439744,0.07925670101984006,0.341
rep0804,0.75,0.7490393466418966,alg1,0.1,0.010000000000000002,0.020000000000000004,0.06999999999999999,prop_127,1000,2000,0.529778070651916,1.0425429861841877,True,0.5127649155322718,0.47022192934808404,0.8052085319484373,0.8487914680515626,-0.2754304612965214,0.19375151813262523,0.04358293610312525,0.08018197942914673,0.3889999999999999
rep0805,0.86,0.8576137075694341,alg1,0.1,0.010000000000000002,0.020000000000000004,0.06999999999999999,prop_127,1000,2000,0.5004018111200955,1.0713699204005633,True,0.5709681092804678,0.4995981888799045,0.836831708384962,0.877168291615038,-0.3364298972648665,0.1942016287855254,0.04033658323007594,0.07863152605039192,0.45199999999999996
rep0806,0.11,0.11443861013573262,alg1,0.1,0.010000000000000002,0.020000000000000004,0.06999999999999999,prop_127,1000,2000,-0.1526915836021589,0.3204152814511362,True,0.4731068650532951,0.3204152814511362,0.1218906284396233,0.16210937156037666,-0.2745822120417822,0.1583059098907595,0.04021874312075337,0.0843881219325417,0.3485
rep0807,0.22,0.21834185956132837,alg1,0.1,0.010000000000000002,0.020000000000000004,0.06999999999999999,prop_127,1000,2000,-0.14849451298236438,0.354296158077845,True,0.5027906710602094,0.354296158077845,0.1455122264359776,0.1884877735640224,-0.294006739418342,0.16580838451382257,0.0429755471280448,0.08331512393216461,0.37649999999999995
rep0808,0.31,0.3057032496583064,alg1,0.1,0.010000000000000002,0.020000000000000004,0.06999999999999999,prop_127,1000,2000,0.034846812293361895,0.5468857461398948,True,0.512038933846533,0.512038933846533,0.3323463845101138,0.3876536154898862,-0.2974995722167519,0.15923213065000863,0.055307230979772415,0.0797317028667604,0.3770000000000001
rep0809,0.50,0.49878505714525195,alg1,0.1,0.010000000000000002,0.020000000000000004,0.06999999999999999,prop_127,1000,2000,0.04520504206690379,0.6015156976640086,True,0.5563106555971048,0.5563106555971048,0.34169259582284933,0.39730740417715066,-0.29648755375594554,0.20420829348685796,0.055614808354301326,0.07719584724280337,0.4235000000000001
rep0810,0.13,0.13102580854362464,alg1,0.1,0.010000000000000002,0.020000000000000004,0.06999999999999999,prop_127,1000,2000,-0.1148231344149182,0.3712551259278492,True,0.4860782603427674,0.3712551259278492,0.14930867891673605,0.19269132108326398,-0.26413181333165425,0.17856380484458523,0.04338264216652793,0.07819561817623943,0.36450000000000005
rep0811,0.33,0.3277871272852904,alg1,0.1,0.010000000000000002,0.020000000000000004,0.06999999999999999,prop_127,1000,2000,0.06287137208725668,0.5840697455080793,True,0.5211983734208226,0.5211983734208226,0.35795286399767023,0.4140471360023298,-0.29508149191041355,0.17002260950574952,0.05609427200465955,0.07760410141616314,0.38749999999999996
rep0812,0.17,0.1700617888306734,alg1,0.1,0.010000000000000002,0.020000000000000004,0.06999999999999999,prop_127,1000,2000,-0.12045918147891432,0.3828446828043355,True,0.5033038642832498,0.3828446828043355,0.1497835415630357,0.19321645843696433,-0.27024272304195,0.18962822436737112,0.04343291687392864,0.08137094740932099,0.3785000000000001
rep0813,0.74,0.7444332937639826,alg1,0.1,0.010000000000000002,0.020000000000000004,0.06999999999999999,prop_127,1000,2000,0.6338059718930733,1.1157768770373486,True,0.4819709051442753,0.3661940281069267,0.8854102151339919,0.9195897848660081,-0.25160424324091857,0.19618709217134056,0.03417956973201619,0.07229133541225918,0.37549999999999994
rep0814,0.55,0.5477911163155484,alg1,0.1,0.010000000000000002,0.020000000000000004,0.06999999999999999,prop_127,1000,2000,0.23324351998029325,0.800808923937406,True,0.5675654039571127,0.5675654039571127,0.5384539409295979,0.595546059070402,-0.3052104209493046,0.20526286486700396,0.05709211814080417,0.07947328581630858,0.431
rep0815,0.44,0.44301852481339377,alg1,0.1,0.010000000000000002,0.020000000000000004,0.06999999999999999,prop_127,1000,2000,0.18268297916144383,0.752716884997168,True,0.5700339058357242,0.5700339058357242,0.4982361801218341,0.5557638198781659,-0.3155532009603903,0.19695306511900215,0.057527639756331794,0.07500626607939243,0.4375
rep0816,0.76,0.7550653227665621,alg1,0.1,0.010000000000000002,0.020000000000000004,0.06999999999999999,prop_127,1000,2000,0.6597214663806095,1.1601786407859243,True,0.5004571744053148,0.34027853361939053,1.0,1.0,-0.3402785336193906,0.1601786407859242,0.0,0.08045717440531475,0.42000000000000004
rep0817,0.30,0.30281707381746487,alg1,0.1,0.010000000000000002,0.020000000000000004,0.06999999999999999,prop_127,1000,2000,0.031075434331363172,0.5710410285195202,True,0.539965594188157,0.539965594188157,0.35351483926541644,0.4094851607345836,-0.32243940493405326,0.1615558677849366,0.05597032146916714,0.06899527271898992,0.415
rep0818,0.68,0.675641643703314,alg1,0.1,0.010000000000000002,0.020000000000000004,0.06999999999999999,prop_127,1000,2000,0.6130204140248279,1.0879392542317663,True,0.4749188402069384,0.3869795859751721,0.8805639166371835,0.9154360833628166,-0.2675435026123556,0.17250317086894962,0.03487216672563309,0.08154667348130529,0.35849999999999993
rep0819,0.34,0.34067507208923375,alg1,0.1,0.010000000000000002,0.020000000000000004,0.06999999999999999,prop_127,1000,2000,0.12186803588363321,0.6280096920370074,True,0.5061416561533743,0.5061416561533743,0.3950333051678225,0.4519666948321775,-0.27316526928418927,0.17604299720482988,0.056933389664355016,0.08670826648901919,0.36249999999999993
rep0820,0.87,0.8718592297890663,alg1,0.1,0.010000000000000002,0.020000000000000004,0.06999999999999999,prop_127,1000,2000,0.5260496635080107,1.0507894111611198,True,0.524739747653109,0.47395033649198925,0.8827164903188212,0.9172835096811789,-0.3566668268108104,0.13350590147994096,0.03456701936235773,0.08317272829075134,0.40700000000000003
rep0821,0.31,0.3089734661518816,alg1,0.1,0.010000000000000002,0.020000000000000004,0.06999999999999999,prop_127,1000,2000,0.01738854611110152,0.5755298433008527,True,0.5581412971897511,0.5581412971897511,0.31712263515397826,0.3718773648460217,-0.29973408904287674,0.20365247845483095,0.054754729692043425,0.08288656749770756,0.42050000000000015
rep0822,0.26,0.25784403099715614,alg1,0.1,0.010000000000000002,0.020000000000000004,0.06999999999999999,prop_127,1000,2000,0.03447303114802841,0.5494567746338893,True,0.5149837434858608,0.5149837434858608,0.3166320779951444,0.3713679220048555,-0.282159046847116,0.1780888526290338,0.0547358440097111,0.0842478994761498,0.376
rep0823,0.07,0.0654069040861767,alg1,0.1,0.010000000000000002,0.020000000000000004,0.06999999999999999,prop_127,1000,2000,-0.20131942270219083,0.3022878025445085,True,0.5036072252466993,0.3022878025445085,0.0942958198525304,0.13070418014746962,-0.2956152425547212,0.1715836223970389,0.03640836029493923,0.07169886495176009,0.3955
rep0824,0.60,0.5989494104440728,alg1,0.1,0.010000000000000002,0.020000000000000004,0.06999999999999999,prop_127,1000,2000,0.2605517082503436,0.7765267791103567,True,0.515975070860013,0.515975070860013,0.5183216971499532,0.5756783028500468,-0.2577699888996096,0.20084847626030988,0.0573566057000936,0.07811846515991955,0.38049999999999995
rep0825,0.19,0.19406387936257286,alg1,0.1,0.010000000000000002,0.020000000000000004,0.06999999999999999,prop_127,1000,2000,0.20103748249951464,0.6369329268359452,False,0.4358954443364305,0.4358954443364305,0.4198473585894333,0.47715264141056674,-0.21880987608991864,0.15978028542537842,0.05730528282113345,0.07509016151529707,0.3035
rep0826,0.25,0.254633407059406,alg1,0.1,0.010000000000000002,0.020000000000000004,0.06999999999999999,prop_127,1000,2000,-0.0327617816800676,0.47980607288741833,True,0.5125678545674859,0.47980607288741833,0.21829062508010993,0.26770937491989005,-0.25105240676017754,0.21209669796752828,0.04941874983978012,0.08014910472770587,0.38299999999999995
rep0827,0.85,0.8472707896748068,alg1,0.1,0.010000000000000002,0.020000000000000004,0.06999999999999999,prop_127,1000,2000,0.7314518205802281,1.1680043518949388,True,0.4365525313147107,0.26854817941977194,0.9829909589493473,0.9950090410506527,-0.25153913836911923,0.17299531084428607,0.012018082101305394,0.08553444921340525,0.3390000000000001
rep0828,0.59,0.5851358430881207,alg1,0.1,0.010000000000000002,0.020000000000000004,0.06999999999999999,prop_127,1000,2000,0.3549645723649533,0.8500431298798772,True,0.49507855751492386,0.49507855751492386,0.6108213257729228,0.6661786742270771,-0.2558567534079695,0.18386445565280013,0.0553573484541543,0.07722120906076968,0.36249999999999993
rep0829,0.72,0.7197759140896983,alg1,0.1,0.010000000000000002,0.020000000000000004,0.06999999999999999,prop_127,1000,2000,0.32010845077909544,0.8646444283445833,True,0.5445359775654879,0.5445359775654879,0.6230300465794083,0.6779699534205916,-0.30292159580031286,0.18667447492399175,0.05493990684118333,0.08709607072430453,0.4025000000000001
rep0830,0.25,0.24736679372268616,alg1,0.1,0.010000000000000002,0.020000000000000004,0.06999999999999999,prop_127,1000,2000,-0.09507934379872848,0.4553862809344556,True,0.5504656247331841,0.4553862809344556,0.2096088096177974,0.25839119038220265,-0.3046881534165259,0.19699509055225295,0.04878238076440525,0.0836832439687788,0.41800000000000004
rep0831,0.54,0.5396390757597858,alg1,0.1,0.010000000000000002,0.020000000000000004,0.06999999999999999,prop_127,1000,2000,0.439044998452433,0.9696765355234827,True,0.5306315370710497,0.5306315370710497,0.712666831656844,0.763333168343156,-0.27362183320441097,0.20634336718032661,0.05066633668631204,0.08346520038473759,0.39649999999999996
rep0832,0.65,0.6509954189690357,alg1,0.1,0.010000000000000002,0.020000000000000004,0.06999999999999999,prop_127,1000,2000,0.41744976434729286,0.9283076485435751,True,0.5108578841962822,0.5108578841962822,0.6797525753130229,0.732247424686977,-0.26230281096573005,0.19606022385659805,0.0524948493739541,0.07586303482232815,0.38249999999999995
rep0833,0.27,0.2744056716462595,alg1,0.1,0.010000000000000002,0.020000000000000004,0.06999999999999999,prop_127,1000,2000,-0.04758484504895988,0.5059079318506443,True,0.5534927768996042,0.5059079318506443,0.25073218949371884,0.3022678105062812,-0.2983170345426787,0.20364012134436313,0.05153562101256237,0.07395715588704177,0.42800000000000005
rep0834,0.30,0.29643886014362586,alg1,0.1,0.010000000000000002,0.020000000000000004,0.06999999999999999,prop_127,1000,2000,-0.02560887414130325,0.5174664478889864,True,0.5430753220302897,0.5174664478889864,0.28335497851259545,0.33664502148740455,-0.3089638526538987,0.18082142640158191,0.053290042974809104,0.08128527905548066,0.4085
rep0835,0.71,0.710451326157513,alg1,0.1,0.010000000000000002,0.020000000000000004,0.06999999999999999,prop_127,1000,2000,0.30364245084512614,0.8605039492112054,True,0.5568614983660793,0.5568614983660793,0.6215029192434346,0.6764970807565654,-0.31786046839830845,0.18400686845464004,0.05499416151313086,0.08286733685294845,0.41900000000000004
rep0836,0.06,0.0644549064093978,alg1,0.1,0.010000000000000002,0.020000000000000004,0.06999999999999999,prop_127,1000,2000,-0.12734479004958318,0.4023054472199177,True,0.5296502372695009,0.4023054472199177,0.16215291656609856,0.20684708343390143,-0.28949770661568175,0.19545836378601622,0.044694166867802865,0.08345607040169795,0.4015
rep0837,0.80,0.8019562634935953,alg1,0.1,0.010000000000000002,0.020000000000000004,0.06999999999999999,prop_127,1000,2000,0.487115497058265,1.0576717635417627,True,0.5705562664834978,0.512884502941735,0.7989144216471398,0.8430855783528601,-0.31179892458887476,0.21458618518890263,0.04417115670572036,0.08188510977777741,0.4445
rep0838,0.18,0.1823185691949923,alg1,0.1,0.010000000000000002,0.020000000000000004,0.06999999999999999,prop_127,1000,2000,-0.058294484820382575,0.48796634098758174,True,0.5462608258079643,0.48796634098758174,0.2526749334119336,0.30432506658806646,-0.31096941823231616,0.18364127439951525,0.05165013317613287,0.0806106926318314,0.41400000000000003
rep0839,0.22,0.22469835200361887,alg1,0.1,0.010000000000000002,0.020000000000000004,0.06999999999999999,prop_127,1000,2000,-0.11664951067968993,0.4023544080373278,True,0.5190039187170177,0.4023544080373278,0.1874933678188696,0.23450663218113038,-0.30414287849855953,0.16784777585619745,0.047013264362260776,0.08099065435475683,0.3910000000000001
rep0840,0.74,0.7446698084269571,alg1,0.1,0.010000000000000002,0.020000000000000004,0.06999999999999999,prop_127,1000,2000,0.4583151856152854,0.9104111808452353,True,0.4520959952299499,0.4520959952299499,0.6931042622850253,0.7448957377149746,-0.2347890766697399,0.16551544313026073,0.05179147542994933,0.08380451980000053,0.31650000000000006
rep0841,0.38,0.37927089494916844,alg1,0.1,0.010000000000000002,0.020000000000000004,0.06999999999999999,prop_127,1000,2000,0.19750903844457918,0.7019410090022955,True,0.5044319705577163,0.5044319705577163,0.48720890290387114,0.5447910970961288,-0.28969986445929197,0.1571499119061667,0.057582194192257685,0.07734977636545864,0.3695
rep0842,0.77,0.7685009038564122,alg1,0.1,0.010000000000000002,0.020000000000000004,0.06999999999999999,prop_127,1000,2000,0.4584111609694891,0.9760526104233257,True,0.5176414494538366,0.5176414494538366,0.7333252382303971,0.7826747617696029,-0.274914077260908,0.1933778486537228,0.04934952353920585,0.08779192591463075,0.3805
rep0843,0.61,0.6116441979544129,alg1,0.1,0.010000000000000002,0.020000000000000004,0.06999999999999999,prop_127,1000,2000,0.38194845773457986,0.8910545484771362,True,0.5091060907425563,0.5091060907425563,0.6572155782573227,0.7107844217426774,-0.2752671205227428,0.18027012673445875,0.053568843485354734,0.07953724725720163,0.37599999999999995
rep0844,0.81,0.8050544843956496,alg1,0.1,0.010000000000000002,0.020000000000000004,0.06999999999999999,prop_127,1000,2000,0.5394133038870477,1.0741673566442587,True,0.534754052757211,0.46058669611295233,0.8687605510127593,0.9052394489872407,-0.3293472471257116,0.16892790765701793,0.03647889797448145,0.0747751547827295,0.42350000000000004
rep0845,0.50,0.5030770144484182,alg1,0.1,0.010000000000000002,0.020000000000000004,0.06999999999999999,prop_127,1000,2000,0.2803973162440107,0.7661783461793685,True,0.4857810299353578,0.4857810299353578,0.5616646476995871,0.6183353523004128,-0.2812673314555764,0.14784299387895572,0.05667070460082568,0.08861032533453211,0.3405
rep0846,0.46,0.46466388991028595,alg1,0.1,0.010000000000000002,0.020000000000000004,0.06999999999999999,prop_127,1000,2000,0.20266200278429297,0.7362237695661888,True,0.5335617667818959,0.5335617667818959,0.48270177068645176,0.5402982293135482,-0.2800397679021588,0.19592554025264064,0.05759645862709645,0.07146530815479946,0.40449999999999997
rep0847,0.67,0.6712039640702453,alg1,0.1,0.010000000000000002,0.020000000000000004,0.06999999999999999,prop_127,1000,2000,0.2645082995592401,0.82021538338344,True,0.5557070838242,0.5557070838242,0.571270282217607,0.6277297177823931,-0.3067619826583669,0.1924856656010469,0.056459435564786054,0.07874764825941383,0.4205
rep0848,0.54,0.5358246516531295,alg1,0.1,0.010000000000000002,0.020000000000000004,0.06999999999999999,prop_127,1000,2000,0.2875892180324452,0.8424542655215287,True,0.5548650474890835,0.5548650474890835,0.5808869666668486,0.6371130333331514,-0.2932977486344034,0.20534123218837733,0.05622606666630281,0.08463898082278065,0.41400000000000003
rep0849,0.48,0.47558808606764336,alg1,0.1,0.010000000000000002,0.020000000000000004,0.06999999999999999,prop_127,1000,2000,0.23724924128087282,0.7101499528656434,True,0.4729007115847706,0.4729007115847706,0.5082731292174604,0.5657268707825397,-0.27102388793658755,0.14442308208310375,0.05745374156507932,0.08094697001969137,0.33449999999999996
rep0850,0.34,0.34392989065238194,alg1,0.1,0.010000000000000002,0.020000000000000004,0.06999999999999999,prop_127,1000,2000,-0.04228803546893292,0.4714872731464906,True,0.5137753086154235,0.4714872731464906,0.2483046655823243,0.2996953344176757,-0.29059270105125723,0.17179193872881487,0.0513906688353514,0.07838463978007221,0.3839999999999999
rep0851,0.56,0.5560594057482561,alg1,0.1,0.010000000000000002,0.020000000000000004,0.06999999999999999,prop_127,1000,2000,0.20770786603138103,0.7046670708225606,True,0.4969592047911796,0.4969592047911796,0.4736945106067373,0.5313054893932626,-0.26598664457535626,0.17336158142929803,0.057610978786525324,0.0773482260046543,0.362
rep0852,0.26,0.26012302186838115,alg1,0.1,0.010000000000000002,0.020000000000000004,0.06999999999999999,prop_127,1000,2000,-0.03489828190453931,0.4772821835974336,True,0.5121804655019728,0.4772821835974336,0.23279292299329096,0.28320707700670905,-0.26769120489783027,0.1940751065907245,0.05041415401341809,0.08576631148855474,0.376
rep0853,0.75,0.7534773126797006,alg1,0.1,0.010000000000000002,0.020000000000000004,0.06999999999999999,prop_127,1000,2000,0.5213494892012034,0.9838548222185818,True,0.4625053330173784,0.4625053330173784,0.7753907597315192,0.8216092402684808,-0.2540412705303158,0.16224558195010097,0.04621848053696165,0.08178685248041673,0.3345
rep0854,0.30,0.2969324937571981,alg1,0.1,0.010000000000000002,0.020000000000000004,0.06999999999999999,prop_127,1000,2000,-0.06806679578300798,0.4947283763734049,True,0.5627951721564128,0.4947283763734049,0.2395740441212503,0.29042595587874975,-0.3076408399042583,0.20430242049465513,0.05085191175749945,0.08794326039891337,0.424
rep0855,0.41,0.405923986067375,alg1,0.1,0.010000000000000002,0.020000000000000004,0.06999999999999999,prop_127,1000,2000,0.12301814199679878,0.624494707183114,True,0.5014765651863151,0.5014765651863151,0.394042284489813,0.450957715510187,-0.2710241424930142,0.1735369916729269,0.056915431020374,0.07106113416594106,0.37350000000000005
rep0856,0.22,0.21692150971974478,alg1,0.1,0.010000000000000002,0.020000000000000004,0.06999999999999999,prop_127,1000,2000,-0.06837787675400081,0.4474164399653232,True,0.515794316719324,0.4474164399653232,0.23715126164490485,0.28784873835509517,-0.30552913839890566,0.15956770161022807,0.050697476710190315,0.08159684000913381,0.38349999999999995
rep0857,0.60,0.6039976457136771,alg1,0.1,0.010000000000000002,0.020000000000000004,0.06999999999999999,prop_127,1000,2000,0.4221881681923748,0.9143303607214524,True,0.49214219252907754,0.49214219252907754,0.6807787011924533,0.7332212988075466,-0.2585905330000785,0.18110906191390572,0.05244259761509329,0.08869959491398421,0.35100000000000003
rep0858,0.52,0.5226595818444564,alg1,0.1,0.010000000000000002,0.020000000000000004,0.06999999999999999,prop_127,1000,2000,0.39228710375709885,0.8652038494255386,True,0.4729167456684398,0.4729167456684398,0.630160608192659,0.684839391807341,-0.23787350443556007,0.18036445761819767,0.054678783614682036,0.06323796205375781,0.3549999999999999
rep0859,0.36,0.3649009557852776,alg1,0.1,0.010000000000000002,0.020000000000000004,0.06999999999999999,prop_127,1000,2000,0.31873728962387365,0.8689706646897981,True,0.5502333750659245,0.5502333750659245,0.6026925958228493,0.6583074041771506,-0.28395530619897563,0.2106632605126475,0.055614808354301326,0.07561856671162309,0.41900000000000004
rep0860,0.26,0.25912749383185896,alg1,0.1,0.010000000000000002,0.020000000000000004,0.06999999999999999,prop_127,1000,2000,-0.14921395072031746,0.35002025716713225,True,0.4992342078874497,0.35002025716713225,0.12330237443667497,0.163697625563325,-0.2725163251569924,0.18632263160380727,0.040395251126650045,0.08483895676079961,0.37400000000000005
rep0861,0.71,0.7062668668751864,alg1,0.1,0.010000000000000002,0.020000000000000004,0.06999999999999999,prop_127,1000,2000,0.13824013993230458,0.620726725785699,False,0.48248658585339443,0.48248658585339443,0.3880986740825124,0.44490132591748754,-0.24985853415020784,0.17582539986821144,0.056802651834975126,0.08518393401841934,0.34049999999999997
rep0862,0.75,0.7541385997310633,alg1,0.1,0.010000000000000002,0.020000000000000004,0.06999999999999999,prop_127,1000,2000,0.581318847584708,1.0271382171911967,True,0.4458193696064887,0.418681152415292,0.8384202152859043,0.8785797847140958,-0.25710136770119635,0.14855843247710093,0.040159569428191544,0.07715980017829727,0.3285
rep0863,0.17,0.16819335324395354,alg1,0.1,0.010000000000000002,0.020000000000000004,0.06999999999999999,prop_127,1000,2000,-0.022388900096391218,0.5055670488265487,True,0.52795594892294,0.5055670488265487,0.28091460413726277,0.3340853958627372,-0.303303504233654,0.17148165296381146,0.05317079172547445,0.07228515719746548,0.40249999999999997
rep0864,0.40,0.39622981499775667,alg1,0.1,0.010000000000000002,0.020000000000000004,0.06999999999999999,prop_127,1000,2000,0.19380375808660072,0.7277520911731005,True,0.5339483330864998,0.5339483330864998,0.4696942801579828,0.5273057198420172,-0.2758905220713821,0.20044637133108326,0.05761143968403443,0.08533689340246536,0.39099999999999996
rep0865,0.69,0.6858311175662823,alg1,0.1,0.010000000000000002,0.020000000000000004,0.06999999999999999,prop_127,1000,2000,0.5860813291037783,1.0757936528466456,True,0.48971232374286733,0.4139186708962217,0.8843323178768534,0.9186676821231465,-0.29825098877307504,0.157125970723499,0.03433536424629313,0.08187695949657398,0.37350000000000005
rep0866,0.47,0.4721888504698195,alg1,0.1,0.010000000000000002,0.020000000000000004,0.06999999999999999,prop_127,1000,2000,0.42024962378625474,0.8858872552663956,True,0.4656376314801408,0.4656376314801408,0.6515923297297147,0.7054076702702853,-0.23134270594345996,0.1804795849961103,0.05381534054057058,0.07682229093957016,0.3350000000000001
rep0867,0.69,0.693794826548079,alg1,0.1,0.010000000000000002,0.020000000000000004,0.06999999999999999,prop_127,1000,2000,0.44715964547780196,0.9791764766861328,True,0.5320168312083309,0.5320168312083309,0.735395015288575,0.784604984711425,-0.288235369810773,0.19457149197470777,0.04920996942285005,0.07630686178548074,0.4065000000000001
rep0868,0.26,0.2566978664394614,alg1,0.1,0.010000000000000002,0.020000000000000004,0.06999999999999999,prop_127,1000,2000,0.03766599303664714,0.5945323507706459,True,0.5568663577339987,0.5568663577339987,0.32792332213931796,0.383076677860682,-0.2902573291026708,0.21145567290996392,0.05515335572136404,0.08321300201263482,0.4185
rep0869,0.24,0.24120304102613027,alg1,0.1,0.010000000000000002,0.020000000000000004,0.06999999999999999,prop_127,1000,2000,-0.012428513740024738,0.4594493764039922,True,0.47187789014401693,0.4594493764039922,0.23908940354447833,0.2899105964555217,-0.25151791728450307,0.16953877994847047,0.05082119291104337,0.08255669723297354,0.3385
rep0870,0.54,0.535780639473449,alg1,0.1,0.010000000000000002,0.020000000000000004,0.06999999999999999,prop_127,1000,2000,0.3446640564452745,0.8849401228962586,True,0.540276066450984,0.540276066450984,0.6220119285273447,0.6769880714726553,-0.2773478720820702,0.20795205142360323,0.05497614294531061,0.08429992350567339,0.401
rep0871,0.72,0.7154389851825377,alg1,0.1,0.010000000000000002,0.020000000000000004,0.06999999999999999,prop_127,1000,2000,0.4607950423077028,1.0028112002450875,True,0.5420161579373848,0.5392049576922973,0.7162770119623791,0.766722988037621,-0.25548196965467634,0.23608821220746662,0.050445976075241816,0.08057018186214304,0.4109999999999999
rep0872,0.24,0.24101545269402924,alg1,0.1,0.010000000000000002,0.020000000000000004,0.06999999999999999,prop_127,1000,2000,0.18758027175737002,0.6816722795750276,True,0.4940920078176576,0.4940920078176576,0.43427312921746036,0.4917268707825397,-0.24669285746009034,0.1899454087924879,0.05745374156507932,0.08413826625257831,0.3524999999999999
rep0873,0.78,0.7778548045946253,alg1,0.1,0.010000000000000002,0.020000000000000004,0.06999999999999999,prop_127,1000,2000,0.34836028264211766,0.8793904346693533,True,0.5310301520272356,0.5310301520272356,0.6454627523494746,0.6995372476505254,-0.29710246970735693,0.17985318701882785,0.054074495301050796,0.07895565672618476,0.398
rep0874,0.15,0.15193436593523885,alg1,0.1,0.010000000000000002,0.020000000000000004,0.06999999999999999,prop_127,1000,2000,-0.18858139515712224,0.30974070309384316,True,0.4983220982509654,0.30974070309384316,0.08271649031882111,0.1172835096811789,-0.27129788547594336,0.19245719341266426,0.03456701936235779,0.08475507888860773,0.3789999999999999
rep0875,0.23,0.2346368809099312,alg1,0.1,0.010000000000000002,0.020000000000000004,0.06999999999999999,prop_127,1000,2000,-0.1550324687391716,0.391134678075868,True,0.5461671468150395,0.391134678075868,0.1218906284396233,0.16210937156037666,-0.2769230971787949,0.22902530651549133,0.04021874312075337,0.08694840369428614,0.41900000000000004
rep0876,0.63,0.6328743671801009,alg1,0.1,0.010000000000000002,0.020000000000000004,0.06999999999999999,prop_127,1000,2000,0.5006557559161591,0.9968999382279794,True,0.4962441823118203,0.4962441823118203,0.7926295175118446,0.8373704824881553,-0.2919737615956856,0.1595294557398241,0.04474096497631064,0.08550321733550964,0.36600000000000005
rep0877,0.61,0.611707536587315,alg1,0.1,0.010000000000000002,0.020000000000000004,0.06999999999999999,prop_127,1000,2000,0.33874716016615786,0.8341297162963787,True,0.4953825561302208,0.4953825561302208,0.6067559290523954,0.6622440709476045,-0.26800876888623754,0.17188564534877415,0.05548814189520912,0.08839441423501165,0.35150000000000003
rep0878,0.69,0.6933386821204933,alg1,0.1,0.010000000000000002,0.020000000000000004,0.06999999999999999,prop_127,1000,2000,0.44408303488531675,0.9418017846706116,True,0.49771874978529485,0.49771874978529485,0.7116357339050873,0.7623642660949127,-0.2675526990197705,0.17943751857569892,0.050728532189825426,0.08249021759546943,0.3645
rep0879,0.03,0.03300402301366184,alg1,0.1,0.010000000000000002,0.020000000000000004,0.06999999999999999,prop_127,1000,2000,-0.31293069699314274,0.18566833300576313,True,0.4985990299989059,0.18566833300576313,-0.0001507858690529152,0.006150785869052915,-0.3127799111240898,0.17951754713671023,0.0063015717381058305,0.08529745826080004,0.40700000000000003
rep0880,0.39,0.3914563282154039,alg1,0.1,0.010000000000000002,0.020000000000000004,0.06999999999999999,prop_127,1000,2000,0.16783132469278977,0.6695336566196164,True,0.5017023319268266,0.5017023319268266,0.4114023047198995,0.4685976952801005,-0.24357098002710975,0.2009359613395159,0.057195390560200954,0.07550694136662567,0.369
rep0881,0.19,0.1948530992919928,alg1,0.1,0.010000000000000002,0.020000000000000004,0.06999999999999999,prop_127,1000,2000,0.04353728323153283,0.5514920417860429,True,0.5079547585545101,0.5079547585545101,0.29410335655057657,0.34789664344942345,-0.25056607331904374,0.20359539833661944,0.05379328689884688,0.07366147165566317,0.3805
rep0882,0.43,0.43200730989615416,alg1,0.1,0.010000000000000002,0.020000000000000004,0.06999999999999999,prop_127,1000,2000,0.32968366047767883,0.8995788535284088,True,0.56989519305073,0.56989519305073,0.6240482974961946,0.6789517025038053,-0.2943646370185158,0.2206271510246035,0.054903405007610706,0.07799178804311935,0.43699999999999994
rep0883,0.94,0.9434516394468868,alg1,0.1,0.010000000000000002,0.020000000000000004,0.06999999999999999,prop_127,1000,2000,0.634686239640903,1.1399123791267036,True,0.5052261394858006,0.365313760359097,0.9202465175485717,0.9487534824514283,-0.28556027790766875,0.19115889667527533,0.028506964902856646,0.08471917458294409,0.392
rep0884,0.33,0.3319831018965169,alg1,0.1,0.010000000000000002,0.020000000000000004,0.06999999999999999,prop_127,1000,2000,-0.09212352671438528,0.507869085417582,True,0.5999926121319673,0.507869085417582,0.25607627183572634,0.3079237281642736,-0.3481997985501116,0.19994535725330845,0.05184745632854726,0.08314515580342002,0.465
rep0885,0.73,0.7324859026395856,alg1,0.1,0.010000000000000002,0.020000000000000004,0.06999999999999999,prop_127,1000,2000,0.5219938477255823,1.0575485719281084,True,0.535554724202526,0.4780061522744177,0.807308678916736,0.850691321083264,-0.28531483119115364,0.20685725084484433,0.043382642166527985,0.08617208203599797,0.40599999999999997
rep0886,0.54,0.5385283686566426,alg1,0.1,0.010000000000000002,0.020000000000000004,0.06999999999999999,prop_127,1000,2000,0.22715796045341657,0.7570309052407862,True,0.5298729447873696,0.5298729447873696,0.5329128828328736,0.5900871171671264,-0.30575492237945706,0.16694378807365978,0.05717423433425273,0.08069871045311694,0.3919999999999999
rep0887,0.35,0.3539669311911588,alg1,0.1,0.010000000000000002,0.020000000000000004,0.06999999999999999,prop_127,1000,2000,0.03719871610252051,0.543734457759314,True,0.5065357416567935,0.5065357416567935,0.32644955788768065,0.3815504421123193,-0.28925084178516014,0.16218401564699464,0.05510088422463866,0.08243485743215473,0.36900000000000005
rep0888,0.20,0.1952673020933365,alg1,0.1,0.010000000000000002,0.020000000000000004,0.06999999999999999,prop_127,1000,2000,-0.0966691116074622,0.4125441450913889,True,0.5092132566988511,0.4125441450913889,0.19037189771590066,0.23762810228409934,-0.28704100932336285,0.1749160428072896,0.04725620456819868,0.07945705213065246,0.38249999999999995
rep0889,0.26,0.26497849197301776,alg1,0.1,0.010000000000000002,0.020000000000000004,0.06999999999999999,prop_127,1000,2000,0.07824852017954875,0.6989430737328199,True,0.6206945535532712,0.6206945535532712,0.3871084924008638,0.44389150759913615,-0.30885997222131506,0.25505156613368374,0.056783015198272335,0.08191153835499898,0.4819999999999999
rep0890,0.63,0.6290537606592542,alg1,0.1,0.010000000000000002,0.020000000000000004,0.06999999999999999,prop_127,1000,2000,0.46266665892890857,0.9649481288640784,True,0.5022814699351699,0.5022814699351699,0.7364301807605897,0.7855698192394103,-0.2737635218316812,0.1793783096246681,0.049139638478820524,0.07764183145634923,0.37550000000000006
rep0891,0.55,0.5528966909490612,alg1,0.1,0.010000000000000002,0.020000000000000004,0.06999999999999999,prop_127,1000,2000,0.3669108393858679,0.8936238345181671,True,0.5267129951322992,0.5267129951322992,0.6572155782573227,0.7107844217426774,-0.2903047388714548,0.18283941277548968,0.053568843485354734,0.08214415164694444,0.391
rep0892,0.80,0.8006173868245346,alg1,0.1,0.010000000000000002,0.020000000000000004,0.06999999999999999,prop_127,1000,2000,0.7146308437829716,1.1656092193886785,True,0.45097837560570686,0.2853691562170284,0.9601721803758849,0.979827819624115,-0.24554133659291327,0.18578139976456337,0.019655639248230106,0.08182273635747661,0.34950000000000003
rep0893,0.29,0.29004347155906574,alg1,0.1,0.010000000000000002,0.020000000000000004,0.06999999999999999,prop_127,1000,2000,0.0657637316978869,0.5549062268766325,True,0.4891424951787456,0.4891424951787456,0.3357883685740336,0.3912116314259664,-0.2700246368761467,0.1636945954506661,0.055423262851932775,0.08721923232681289,0.3464999999999999
rep0894,0.25,0.25027163369822375,alg1,0.1,0.010000000000000002,0.020000000000000004,0.06999999999999999,prop_127,1000,2000,-0.14915911061876275,0.404638228845469,True,0.5537973394642317,0.404638228845469,0.13793277941475024,0.18006722058524977,-0.287091890033513,0.22457100826021925,0.042134441170499526,0.08566289829373225,0.426
rep0895,0.50,0.5009754217237548,alg1,0.1,0.010000000000000002,0.020000000000000004,0.06999999999999999,prop_127,1000,2000,0.29347542308476615,0.7702097604140776,True,0.4767343373293115,0.4767343373293115,0.5601489703693757,0.6168510296306243,-0.26667354728460957,0.1533587307834533,0.056702059261248605,0.06903227806806278,0.3510000000000001
rep0896,0.42,0.42275257362258056,alg1,0.1,0.010000000000000002,0.020000000000000004,0.06999999999999999,prop_127,1000,2000,-0.019392423437815665,0.5837049501203455,True,0.6030973735581612,0.5837049501203455,0.30242067821189045,0.3565793217881096,-0.3218131016497061,0.22712562833223596,0.054158643576219134,0.07743872998194201,0.47150000000000003
rep0897,0.57,0.5749317022579263,alg1,0.1,0.010000000000000002,0.020000000000000004,0.06999999999999999,prop_127,1000,2000,0.2264592649686351,0.7809993619194645,True,0.5545400969508294,0.5545400969508294,0.505260826822441,0.5627391731775591,-0.2788015618538059,0.21826018874190545,0.05747834635511806,0.07606175059571135,0.421
rep0898,0.41,0.40999482271590626,alg1,0.1,0.010000000000000002,0.020000000000000004,0.06999999999999999,prop_127,1000,2000,0.12801726514523298,0.7150586648951572,True,0.5870413997499242,0.5870413997499242,0.46269831327739686,0.5203016867226031,-0.33468104813216387,0.1947569781725541,0.057603373445206274,0.08343802630471803,0.446
rep0899,0.60,0.6028749348952296,alg1,0.1,0.010000000000000002,0.020000000000000004,0.06999999999999999,prop_127,1000,2000,0.19435462282919463,0.7349320424789494,True,0.5405774196497548,0.5405774196497548,0.5228473585894332,0.5801526414105668,-0.3284927357602386,0.15477940106838256,0.05730528282113356,0.08077213682862117,0.40249999999999997
rep0900,0.08,0.08023105099107586,alg1,0.1,0.010000000000000002,0.020000000000000004,0.06999999999999999,prop_127,1000,2000,-0.20875507864821613,0.30229059570445005,True,0.5110456743526661,0.30229059570445005,0.10174478150923437,0.1392552184907656,-0.3104998601574505,0.16303537721368447,0.03751043698153124,0.08453523737113505,0.38899999999999996
rep0901,0.25,0.24805563350972124,alg1,0.1,0.010000000000000002,0.020000000000000004,0.06999999999999999,prop_127,1000,2000,0.039711822295021126,0.5636700791428518,True,0.5239582568478307,0.5239582568478307,0.32448499999698616,0.3795150000030138,-0.28477317770196503,0.184155079139838,0.055030000006027646,0.08342825684180305,0.3855
rep0902,0.46,0.459208285481113,alg1,0.1,0.010000000000000002,0.020000000000000004,0.06999999999999999,prop_127,1000,2000,0.19523988754060456,0.6876619837073111,True,0.49242209616670657,0.49242209616670657,0.4547098395889136,0.5122901604110863,-0.259469952048309,0.1753718232962248,0.05758032082217274,0.0813417753445338,0.35350000000000004
rep0903,0.40,0.40470325308908073,alg1,0.1,0.010000000000000002,0.020000000000000004,0.06999999999999999,prop_127,1000,2000,0.26942389749926643,0.8427602203415461,True,0.5733363228422796,0.5733363228422796,0.5641913821066813,0.6208086178933188,-0.29476748460741486,0.22195160244822737,0.056617235786637465,0.07771908705564218,0.439
rep0904,0.74,0.7367150862951151,alg1,0.1,0.010000000000000002,0.020000000000000004,0.06999999999999999,prop_127,1000,2000,0.5404460449361107,1.0283588128863554,True,0.48791276795024474,0.4595539550638893,0.8115122264359775,0.8544877735640224,-0.27106618149986683,0.17387103932233305,0.042975547128044855,0.08493722082219984,0.36000000000000004
rep0905,0.53,0.5262469525590572,alg1,0.1,0.010000000000000002,0.020000000000000004,0.06999999999999999,prop_127,1000,2000,0.48164579510381966,0.9968075110411361,True,0.5151617159373164,0.5151617159373164,0.7727842723604228,0.8192157276395773,-0.29113847725660313,0.17759178340155876,0.04643145527915449,0.08023026065816202,0.3884999999999999
rep0906,0.43,0.4295134784735216,alg1,0.1,0.010000000000000002,0.020000000000000004,0.06999999999999999,prop_127,1000,2000,0.10879499886183552,0.5884454218420774,True,0.47965042298024185,0.47965042298024185,0.3811699339834047,0.43783006601659524,-0.2723749351215692,0.15061535582548216,0.056660132033190536,0.07999029094705129,0.343
rep0907,0.58,0.5849474766699793,alg1,0.1,0.010000000000000002,0.020000000000000004,0.06999999999999999,prop_127,1000,2000,0.23202064555748053,0.7927264660051285,True,0.560705820447648,0.560705820447648,0.5087752812339414,0.5662247187660585,-0.2767546356764609,0.22650174723907,0.057449437532117065,0.08375638291553084,0.41950000000000004
rep0908,0.48,0.48492751275630064,alg1,0.1,0.010000000000000002,0.020000000000000004,0.06999999999999999,prop_127,1000,2000,0.429270173523869,0.9285519048005517,True,0.49928173127668274,0.49928173127668274,0.706997873820934,0.758002126179066,-0.27772770029706506,0.17054977862148563,0.051004252358131996,0.07577747891855063,0.37250000000000005
rep0909,0.60,0.6005456321863921,alg1,0.1,0.010000000000000002,0.020000000000000004,0.06999999999999999,prop_127,1000,2000,0.5107073592701128,0.996891303024732,True,0.48618394375461915,0.48618394375461915,0.773826701165407,0.8201732988345931,-0.2631193418952942,0.17671800419013886,0.04634659766918614,0.08083734608543297,0.35900000000000004
rep0910,0.24,0.2355777817622394,alg1,0.1,0.010000000000000002,0.020000000000000004,0.06999999999999999,prop_127,1000,2000,-0.16182466689535302,0.413104228086104,True,0.574928894981457,0.413104228086104,0.1588184484484514,0.2031815515515486,-0.3206431153438044,0.20992267653455537,0.04436310310309721,0.08356579187835977,0.44699999999999995
rep0911,0.93,0.9274402226674996,alg1,0.1,0.010000000000000002,0.020000000000000004,0.06999999999999999,prop_127,1000,2000,0.7107795959250688,1.2046673922131994,True,0.4938877962881306,0.2892204040749312,0.9779971563954833,0.9920028436045166,-0.26721756047041456,0.21266454860868284,0.01400568720903328,0.08088210907909738,0.399
rep0912,0.33,0.3328031798974252,alg1,0.1,0.010000000000000002,0.020000000000000004,0.06999999999999999,prop_127,1000,2000,0.07625827001769031,0.5913289598385787,True,0.5150706898208883,0.5150706898208883,0.36239341659579055,0.4186065834042095,-0.28613514657810024,0.1727223764343692,0.056213166808418924,0.08435752301246935,0.37450000000000006
rep0913,0.79,0.7928530932485195,alg1,0.1,0.010000000000000002,0.020000000000000004,0.06999999999999999,prop_127,1000,2000,0.5739443308624442,1.1836620917571712,True,0.609717760894727,0.42605566913755577,0.897305296092086,0.929694703907914,-0.32336096522964175,0.25396738784925715,0.032389407815828,0.08132835307889885,0.496
rep0914,0.28,0.27955813148107167,alg1,0.1,0.010000000000000002,0.020000000000000004,0.06999999999999999,prop_127,1000,2000,0.09458873367044857,0.6247833270544378,True,0.5301945933839893,0.5301945933839893,0.3338213257729228,0.3891786742270772,-0.23923259210247422,0.2356046528273606,0.05535734845415441,0.07483724492983485,0.39999999999999997
rep0915,0.59,0.5854321739882112,alg1,0.1,0.010000000000000002,0.020000000000000004,0.06999999999999999,prop_127,1000,2000,0.45275804153441346,0.9405254050254771,True,0.48776736349106364,0.48776736349106364,0.7178248741033385,0.7681751258966615,-0.26506683256892505,0.1723502791288156,0.050350251793322975,0.07741711169774063,0.36000000000000004
rep0916,0.55,0.5465347024511903,alg1,0.1,0.010000000000000002,0.020000000000000004,0.06999999999999999,prop_127,1000,2000,0.2960173281531894,0.7478273380051124,True,0.451810009851923,0.451810009851923,0.5748119786366314,0.6311880213633686,-0.278794650483442,0.11663931664174382,0.05637604272673724,0.07993396712518575,0.31550000000000006
rep0917,0.56,0.5579033237171087,alg1,0.1,0.010000000000000002,0.020000000000000004,0.06999999999999999,prop_127,1000,2000,0.3971330049730471,0.8899336371295894,True,0.4928006321565423,0.4928006321565423,0.6741115934910027,0.7268884065089973,-0.2769785885179556,0.163045230620592,0.05277681301799464,0.0810238191385475,0.3590000000000001
rep0918,0.72,0.7218633328980577,alg1,0.1,0.010000000000000002,0.020000000000000004,0.06999999999999999,prop_127,1000,2000,0.44966411240375526,0.9129999883193323,True,0.463335875915577,0.463335875915577,0.708543450863641,0.759456549136359,-0.25887933845988575,0.15354343918297325,0.05091309827271795,0.0739227776428591,0.3384999999999999
rep0919,0.87,0.8656176910114827,alg1,0.1,0.010000000000000002,0.020000000000000004,0.06999999999999999,prop_127,1000,2000,0.6412732678907141,1.0923609962636696,True,0.4510877283729554,0.35872673210928585,0.9218993674995679,0.9501006325004322,-0.28062609960885376,0.14226036376323736,0.028201265000864284,0.07588646337209115,0.347
rep0920,0.62,0.6233059094640105,alg1,0.1,0.010000000000000002,0.020000000000000004,0.06999999999999999,prop_127,1000,2000,0.3465268921481529,0.8286850154971023,True,0.48215812334894936,0.48215812334894936,0.5925431996146545,0.6484568003853456,-0.2460163074665016,0.1802282151117567,0.055913600770691074,0.08324452257825832,0.34299999999999997
rep0921,0.22,0.2173664709418197,alg1,0.1,0.010000000000000002,0.020000000000000004,0.06999999999999999,prop_127,1000,2000,-0.09061862941471671,0.4132345522121722,True,0.503853181626889,0.4132345522121722,0.16930830292582622,0.2146916970741738,-0.2599269323405429,0.1985428551379984,0.04538339414834758,0.06946978747854132,0.389
rep0922,0.70,0.7005194618395932,alg1,0.1,0.010000000000000002,0.020000000000000004,0.06999999999999999,prop_127,1000,2000,0.11949141599972135,0.6120152380430313,False,0.4925238220433099,0.4925238220433099,0.4014778448373425,0.4585221551626575,-0.28198642883762115,0.15349308288037378,0.057044310325314984,0.08347951171799484,0.3520000000000001
rep0923,0.16,0.16440842251557405,alg1,0.1,0.010000000000000002,0.020000000000000004,0.06999999999999999,prop_127,1000,2000,0.16691751730481602,0.6844444767469279,False,0.5175269594421119,0.5175269594421119,0.4258136690987884,0.4831863309012116,-0.2588961517939724,0.2012581458457163,0.057372661802423175,0.08365429763968879,0.37649999999999995
rep0924,0.14,0.1429748606919633,alg1,0.1,0.010000000000000002,0.020000000000000004,0.06999999999999999,prop_127,1000,2000,-0.23486558034189664,0.27673444127390534,True,0.511600021615802,0.27673444127390534,0.05982557719708508,0.0901744228029149,-0.29469115753898173,0.18656001847099046,0.030348845605829823,0.08675117600997212,0.3945000000000001
rep0925,0.67,0.666712725019911,alg1,0.1,0.010000000000000002,0.020000000000000004,0.06999999999999999,prop_127,1000,2000,0.4585086353366227,0.9675050865243855,True,0.5089964511877627,0.5089964511877627,0.7441998969057668,0.7928001030942331,-0.2856912615691441,0.1747049834301524,0.04860020618846628,0.08739624499929649,0.373
rep0926,0.17,0.16622442380947358,alg1,0.1,0.010000000000000002,0.020000000000000004,0.06999999999999999,prop_127,1000,2000,-0.13822572066365146,0.359933933536899,True,0.4981596542005505,0.359933933536899,0.14456380239408606,0.18743619760591396,-0.2827895230577375,0.17249773593098505,0.042872395211827896,0.07928725898872258,0.376
rep0927,0.51,0.5141555573393931,alg1,0.1,0.010000000000000002,0.020000000000000004,0.06999999999999999,prop_127,1000,2000,0.33409236531716846,0.8860965732469296,True,0.5520042079297611,0.5520042079297611,0.6551702621138585,0.7088297378861416,-0.3210778967966901,0.17726683536078805,0.05365947577228303,0.07634473215747817,0.42199999999999993
rep0928,0.38,0.38486703788990645,alg1,0.1,0.010000000000000002,0.020000000000000004,0.06999999999999999,prop_127,1000,2000,0.2782909673330906,0.8585494417050232,True,0.5802584743719326,0.5802584743719326,0.5510606017610702,0.6079393982389298,-0.2727696344279796,0.2506100434660934,0.05687879647785965,0.0853796778940728,0.4380000000000001
rep0929,0.53,0.5258807586557327,alg1,0.1,0.010000000000000002,0.020000000000000004,0.06999999999999999,prop_127,1000,2000,0.08245176552275085,0.6243880091025313,True,0.5419362435797805,0.5419362435797805,0.3950333051678225,0.4519666948321775,-0.3125815396450716,0.17242131427035384,0.056933389664355016,0.07900285391542544,0.406
rep0930,0.69,0.6861048992827523,alg1,0.1,0.010000000000000002,0.020000000000000004,0.06999999999999999,prop_127,1000,2000,0.47979019074528256,0.9906532293074242,True,0.5108630385621415,0.5108630385621415,0.7462736298194864,0.7947263701805135,-0.26648343907420385,0.1959268591269107,0.04845274036102709,0.08241029820111456,0.38
rep0931,0.79,0.7886264475385006,alg1,0.1,0.010000000000000002,0.020000000000000004,0.06999999999999999,prop_127,1000,2000,0.6784465218980134,1.1342462533637536,True,0.45579973146574027,0.32155347810198665,0.9368845177720656,0.9621154822279344,-0.2584379958740522,0.1721307711358193,0.02523096445586881,0.06906876700987141,0.36150000000000004
rep0932,0.75,0.7530435600518499,alg1,0.1,0.010000000000000002,0.020000000000000004,0.06999999999999999,prop_127,1000,2000,0.30481464132665637,0.7689099199259138,True,0.4640952785992575,0.4640952785992575,0.5379500606147725,0.5950499393852275,-0.2331354192881161,0.17385998054068627,0.05709987877045508,0.08799539982880245,0.31899999999999995
rep0933,0.46,0.4603632560540694,alg1,0.1,0.010000000000000002,0.020000000000000004,0.06999999999999999,prop_127,1000,2000,0.3251393731262573,0.8423679384501216,True,0.5172285653238643,0.5172285653238643,0.6113296461758462,0.6666703538241538,-0.2861902730495889,0.17569758462596774,0.055340707648307674,0.08238785767555662,0.3795
rep0934,0.36,0.3640486656919765,alg1,0.1,0.010000000000000002,0.020000000000000004,0.06999999999999999,prop_127,1000,2000,0.004815313580296132,0.5443704641365972,True,0.539555150556301,0.539555150556301,0.2960594611479693,0.3499405388520307,-0.2912441475676732,0.19442992528456646,0.053881077704061364,0.060174072852239635,0.4255
rep0935,0.45,0.4484190082718218,alg1,0.1,0.010000000000000002,0.020000000000000004,0.06999999999999999,prop_127,1000,2000,0.1488676803391798,0.6735521940168582,True,0.5246845136776783,0.5246845136776783,0.41736263899892456,0.47463736100107545,-0.26849495865974476,0.1989148330157827,0.05727472200215089,0.08390979167552748,0.38349999999999995
rep0936,0.47,0.4668823636384429,alg1,0.1,0.010000000000000002,0.020000000000000004,0.06999999999999999,prop_127,1000,2000,0.23770642821354376,0.7526677134585675,True,0.5149612852450238,0.5149612852450238,0.5359348351106101,0.5930651648893899,-0.29822840689706637,0.15960254856917763,0.05713032977877974,0.07833095546624402,0.37949999999999995
rep0937,0.49,0.48634738882638967,alg1,0.1,0.010000000000000002,0.020000000000000004,0.06999999999999999,prop_127,1000,2000,0.2545307780131324,0.7951811416516688,True,0.5406503636385364,0.5406503636385364,0.5606541659093536,0.6173458340906464,-0.3061233878962212,0.17783530756102242,0.05669166818129279,0.08195869545724366,0.4019999999999999
rep0938,0.05,0.050518539447385644,alg1,0.1,0.010000000000000002,0.020000000000000004,0.06999999999999999,prop_127,1000,2000,-0.1498136059325311,0.3391680325441573,True,0.4889816384766884,0.3391680325441573,0.13935252349498908,0.18164747650501092,-0.2891661294275202,0.1575205560391464,0.04229495301002184,0.07168668546666651,0.37500000000000006
rep0939,0.29,0.28880775061146474,alg1,0.1,0.010000000000000002,0.020000000000000004,0.06999999999999999,prop_127,1000,2000,0.07042186481142482,0.5890041773065999,True,0.5185823124951752,0.5185823124951752,0.31712263515397826,0.3718773648460217,-0.24670077034255344,0.21712681246057822,0.054754729692043425,0.06182758280313161,0.402
rep0940,0.87,0.8734333798785777,alg1,0.1,0.010000000000000002,0.020000000000000004,0.06999999999999999,prop_127,1000,2000,0.5050179568529682,0.9891858190988807,True,0.48416786224591246,0.48416786224591246,0.7701791607133124,0.8168208392866876,-0.2651612038603442,0.1723649798121931,0.0466416785733752,0.07402618367253722,0.36350000000000005
rep0941,0.68,0.683200274884099,alg1,0.1,0.010000000000000002,0.020000000000000004,0.06999999999999999,prop_127,1000,2000,0.27035542095962417,0.7341852395158223,True,0.4638298185561981,0.4638298185561981,0.5303953998600198,0.5876046001399803,-0.26003997890039565,0.14658063937584198,0.05720920027996046,0.07812061827623762,0.3285
rep0942,0.27,0.2710550747889007,alg1,0.1,0.010000000000000002,0.020000000000000004,0.06999999999999999,prop_127,1000,2000,-0.0038191499310388233,0.5624086360062941,True,0.5662277859373329,0.5624086360062941,0.3107480221437491,0.36525197785625096,-0.3145671720747879,0.19715665815004313,0.054503955712501884,0.08472383022483099,0.42700000000000005
rep0943,0.47,0.4731482432428844,alg1,0.1,0.010000000000000002,0.020000000000000004,0.06999999999999999,prop_127,1000,2000,0.03173328919818652,0.5603505663194835,True,0.528617277121297,0.528617277121297,0.2794508188374889,0.3325491811625111,-0.24771752963930238,0.22780138515697249,0.053098362325022186,0.07751891479627476,0.3980000000000001
rep0944,0.51,0.5146957667549181,alg1,0.1,0.010000000000000002,0.020000000000000004,0.06999999999999999,prop_127,1000,2000,0.1872946624543726,0.6554286362997932,True,0.4681339738454206,0.4681339738454206,0.445731636930004,0.503268363069996,-0.2584369744756314,0.15216027322979714,0.057536726139992,0.07609724770542858,0.33449999999999996
rep0945,0.59,0.5886557890573638,alg1,0.1,0.010000000000000002,0.020000000000000004,0.06999999999999999,prop_127,1000,2000,0.24931217780567527,0.7725611050701199,True,0.5232489272644446,0.5232489272644446,0.5359348351106101,0.5930651648893899,-0.28662265730493486,0.17949594018073,0.05713032977877974,0.06311859748566484,0.403
rep0946,0.44,0.4370820847951539,alg1,0.1,0.010000000000000002,0.020000000000000004,0.06999999999999999,prop_127,1000,2000,0.03361494872129861,0.577936154071377,True,0.5443212053500783,0.5443212053500783,0.33431303784035626,0.3896869621596437,-0.30069808911905765,0.18824919191173334,0.05537392431928745,0.07794728103079107,0.4109999999999999
rep0947,0.87,0.866519565812173,alg1,0.1,0.010000000000000002,0.020000000000000004,0.06999999999999999,prop_127,1000,2000,0.7039782720008221,1.1730358718331209,True,0.4690575998322988,0.2960217279991779,1.0,1.0,-0.2960217279991779,0.17303587183312094,0.0,0.06305759983229886,0.406
rep0948,0.85,0.8452851546189601,alg1,0.1,0.010000000000000002,0.020000000000000004,0.06999999999999999,prop_127,1000,2000,0.6223438495827164,1.1031643724173608,True,0.4808205228346444,0.3776561504172836,0.8945954291208223,0.9274045708791777,-0.27225157953810597,0.1757598015381831,0.032809141758355365,0.08201138107628897,0.3660000000000001
rep0949,0.20,0.20032059485290374,alg1,0.1,0.010000000000000002,0.020000000000000004,0.06999999999999999,prop_127,1000,2000,-0.24884913934777503,0.30877860954726205,True,0.5576277488950371,0.30877860954726205,0.07076300348014292,0.10323699651985707,-0.31961214282791794,0.20554161302740498,0.032473993039714155,0.08515375585532292,0.44000000000000006
rep0950,0.90,0.9021015317955764,alg1,0.1,0.010000000000000002,0.020000000000000004,0.06999999999999999,prop_127,1000,2000,0.5466213014516137,1.1139641531061863,True,0.5673428516545727,0.4533786985483863,0.8870280980429555,0.9209719019570446,-0.3404067965913418,0.19299225114914179,0.03394380391408913,0.06639904774048361,0.467
rep0951,0.22,0.2157506964984059,alg1,0.1,0.010000000000000002,0.020000000000000004,0.06999999999999999,prop_127,1000,2000,0.04801578183115904,0.5469720003103602,True,0.49895621847920113,0.49895621847920113,0.28286683064682416,0.33613316935317583,-0.23485104881566513,0.21083883095718442,0.05326633870635167,0.08468987977284947,0.3610000000000001
rep0952,0.58,0.5800357124187395,alg1,0.1,0.010000000000000002,0.020000000000000004,0.06999999999999999,prop_127,1000,2000,0.3750860816517454,0.901582828052537,True,0.5264967464007916,0.5264967464007916,0.6684751458544168,0.7215248541455831,-0.2933890642026714,0.18005797390695388,0.053049708291166287,0.08144703810962528,0.392
rep0953,0.80,0.7973444873405898,alg1,0.1,0.010000000000000002,0.020000000000000004,0.06999999999999999,prop_127,1000,2000,0.6123085835434436,1.1339396308976315,True,0.5216310473541879,0.38769141645655636,0.895137085753912,0.9278629142460879,-0.28282850221046846,0.2060767166515435,0.03272582849217587,0.07940521886201196,0.40950000000000003
rep0954,0.13,0.13271607730771978,alg1,0.1,0.010000000000000002,0.020000000000000004,0.06999999999999999,prop_127,1000,2000,-0.03329414065751379,0.4671027631050266,True,0.5003969037625404,0.4671027631050266,0.25170348123504466,0.3032965187649554,-0.28499762189255845,0.16380624434007118,0.051593037529910735,0.08730386623262959,0.36150000000000004
rep0955,0.18,0.1837336297706667,alg1,0.1,0.010000000000000002,0.020000000000000004,0.06999999999999999,prop_127,1000,2000,0.03341439043449013,0.547084673543238,True,0.5136702831087478,0.5136702831087478,0.31810385009993075,0.3728961499000692,-0.2846894596654406,0.17418852364316878,0.054792299800138444,0.07287798330860928,0.3860000000000001
rep0956,0.79,0.7854056279441578,alg1,0.1,0.010000000000000002,0.020000000000000004,0.06999999999999999,prop_127,1000,2000,0.5900646338478422,1.1188555457559946,True,0.5287909119081523,0.40993536615215775,0.8602112535732116,0.8977887464267884,-0.27014661972536935,0.22106679932920623,0.03757749285357681,0.08521341905457558,0.406
rep0957,0.32,0.32124689447320376,alg1,0.1,0.010000000000000002,0.020000000000000004,0.06999999999999999,prop_127,1000,2000,0.11672521662596413,0.724906510022154,True,0.6081812933961899,0.6081812933961899,0.432779672425402,0.49022032757459805,-0.31605445579943786,0.23468618244755596,0.05744065514919605,0.08224063824699379,0.4685
rep0958,0.20,0.1951799771873339,alg1,0.1,0.010000000000000002,0.020000000000000004,0.06999999999999999,prop_127,1000,2000,0.17004887232791976,0.7043770811871823,True,0.5343282088592626,0.5343282088592626,0.4492220481026201,0.5067779518973798,-0.27917317577470036,0.19759912928980247,0.05755590379475972,0.07227230506450277,0.4045000000000001
rep0959,0.38,0.3812986858290224,alg1,0.1,0.010000000000000002,0.020000000000000004,0.06999999999999999,prop_127,1000,2000,0.18462085836834335,0.7256266676871723,True,0.541005809318829,0.541005809318829,0.46669531719189733,0.5243046828081026,-0.282074458823554,0.2013219848790697,0.05760936561620528,0.08589644370262373,0.39749999999999996
rep0960,0.41,0.41380077638099233,alg1,0.1,0.010000000000000002,0.020000000000000004,0.06999999999999999,prop_127,1000,2000,0.22335724788573308,0.7670445885766572,True,0.5436873406909242,0.5436873406909242,0.5288852631802121,0.5861147368197879,-0.30552801529447904,0.18092985175686932,0.057229473639575756,0.08695786705134839,0.39949999999999997
rep0961,0.74,0.7387153100599416,alg1,0.1,0.010000000000000002,0.020000000000000004,0.06999999999999999,prop_127,1000,2000,0.4355477495516179,1.02441869647457,True,0.5888709469229522,0.5644522504483821,0.7535378441204958,0.8014621558795041,-0.31799009456887795,0.22295654059506603,0.04792431175900824,0.08494663516394402,0.456
rep0962,0.38,0.3817854357146475,alg1,0.1,0.010000000000000002,0.020000000000000004,0.06999999999999999,prop_127,1000,2000,-0.03441242206136866,0.5089321796372435,True,0.5433446016986121,0.5089321796372435,0.247819282278641,0.299180717721359,-0.28223170434000966,0.2097514619158845,0.05136143544271801,0.08148316625589419,0.4105
rep0963,0.25,0.24572917508517655,alg1,0.1,0.010000000000000002,0.020000000000000004,0.06999999999999999,prop_127,1000,2000,0.04074738165868208,0.5196467981620179,True,0.4788994165033358,0.4788994165033358,0.30388948683298567,0.35811051316701437,-0.2631421051743036,0.16153628499500344,0.0542210263340287,0.061678390169307096,0.36299999999999993
rep0964,0.25,0.25425955518401544,alg1,0.1,0.010000000000000002,0.020000000000000004,0.06999999999999999,prop_127,1000,2000,0.09886288421019701,0.6561734854426388,True,0.5573106012324418,0.5573106012324418,0.4143819430745135,0.47161805692548653,-0.31551905886431647,0.18455542851715226,0.05723611385097305,0.07457448738146871,0.42550000000000004
rep0965,0.45,0.4517564805327457,alg1,0.1,0.010000000000000002,0.020000000000000004,0.06999999999999999,prop_127,1000,2000,0.10509142573407992,0.6379650108777327,True,0.5328735851436528,0.5328735851436528,0.3841386699166115,0.44086133008338846,-0.2790472441825316,0.19710368079434426,0.05672266016677696,0.08315092497687582,0.393
rep0966,0.23,0.22964343595308967,alg1,0.1,0.010000000000000002,0.020000000000000004,0.06999999999999999,prop_127,1000,2000,0.06274161060276195,0.5128754700298841,True,0.45013385942712214,0.45013385942712214,0.2999733578734985,0.35402664212650153,-0.23723174727073654,0.1588488279033826,0.05405328425300304,0.08358057517411899,0.3125000000000001
rep0967,0.37,0.3666314767937022,alg1,0.1,0.010000000000000002,0.020000000000000004,0.06999999999999999,prop_127,1000,2000,0.1511967721455687,0.6997307728930846,True,0.5485340007475159,0.5485340007475159,0.42680846291533503,0.484191537084665,-0.2756116907697663,0.2155392358084196,0.05738307416932997,0.07465092657818595,0.4165
rep0968,0.63,0.6272541597710806,alg1,0.1,0.010000000000000002,0.020000000000000004,0.06999999999999999,prop_127,1000,2000,0.484222107299836,0.9923352375008763,True,0.5081131302010402,0.5081131302010402,0.7271202825896025,0.7768797174103975,-0.24289817528976648,0.21545552009047872,0.049759434820795034,0.08385369538024512,0.37450000000000006
rep0969,0.70,0.7008586148082405,alg1,0.1,0.010000000000000002,0.020000000000000004,0.06999999999999999,prop_127,1000,2000,0.48709183501820574,0.9809617550127361,True,0.49386991999453034,0.49386991999453034,0.7983903329960708,0.8426096670039293,-0.311298497977865,0.13835208800880683,0.04421933400785849,0.08315058598667191,0.36649999999999994
rep0970,0.54,0.5406120721715562,alg1,0.1,0.010000000000000002,0.020000000000000004,0.06999999999999999,prop_127,1000,2000,0.214244893894464,0.7033335267454406,True,0.4890886328509766,0.4890886328509766,0.4862071160815349,0.5437928839184651,-0.2719622221870709,0.1595406428269754,0.05758576783693026,0.07900286501404624,0.35250000000000004
rep0971,0.16,0.1556622029622385,alg1,0.1,0.010000000000000002,0.020000000000000004,0.06999999999999999,prop_127,1000,2000,-0.08104979096010909,0.40339738430999883,True,0.48444717527010794,0.40339738430999883,0.2168426135046058,0.26615738649539417,-0.2978924044647149,0.13723999781460466,0.049314772990788375,0.0626324022793196,0.37249999999999994
rep0972,0.94,0.9379373051052255,alg1,0.1,0.010000000000000002,0.020000000000000004,0.06999999999999999,prop_127,1000,2000,0.7113367415342993,1.1617830281315473,True,0.45044628659724806,0.28866325846570073,1.0,1.0,-0.28866325846570073,0.16178302813154735,0.0,0.07144628659724805,0.379
rep0973,0.27,0.27483004245897774,alg1,0.1,0.010000000000000002,0.020000000000000004,0.06999999999999999,prop_127,1000,2000,0.05030994520970339,0.5532370937291494,True,0.502927148519446,0.502927148519446,0.35548698156156566,0.41151301843843435,-0.3051770363518623,0.14172407529071507,0.05602603687686869,0.07390111164257734,0.373
rep0974,0.61,0.6081572880828607,alg1,0.1,0.010000000000000002,0.020000000000000004,0.06999999999999999,prop_127,1000,2000,0.37520005377561244,0.9217956587377328,True,0.5465956049621203,0.5465956049621203,0.6915623359249439,0.7434376640750562,-0.31636228214933143,0.17835799466267668,0.05187532815011231,0.07922027681200827,0.41549999999999987
rep0975,0.55,0.5543986460906293,alg1,0.1,0.010000000000000002,0.020000000000000004,0.06999999999999999,prop_127,1000,2000,0.30063353298319256,0.8429298184824899,True,0.5422962854992974,0.5422962854992974,0.5935575687585121,0.649442431241488,-0.2929240357753195,0.19348738724100192,0.05588486248297597,0.08191142301632143,0.4045
rep0976,0.88,0.8820978183499276,alg1,0.1,0.010000000000000002,0.020000000000000004,0.06999999999999999,prop_127,1000,2000,0.45371909209875017,0.9833816947397233,True,0.5296626026409731,0.5296626026409731,0.7039078386387697,0.7550921613612304,-0.25018874654001955,0.22828953337849286,0.05118432272246065,0.07147827991851247,0.407
rep0977,0.64,0.637666516403361,alg1,0.1,0.010000000000000002,0.020000000000000004,0.06999999999999999,prop_127,1000,2000,0.40580023915058805,0.8859699890539539,True,0.4801697499033658,0.4801697499033658,0.6889932469724098,0.7410067530275901,-0.2831930078218218,0.14496323602636374,0.05201350605518029,0.07965624384818554,0.3485
rep0978,0.58,0.5822856282238834,alg1,0.1,0.010000000000000002,0.020000000000000004,0.06999999999999999,prop_127,1000,2000,0.4588107515711287,0.9645844302704896,True,0.5057736786993609,0.5057736786993609,0.7405727075890192,0.7894272924109809,-0.28176195601789045,0.17515713785950865,0.0488545848219617,0.08741909387739916,0.36949999999999994
rep0979,0.79,0.7928993920058985,alg1,0.1,0.010000000000000002,0.020000000000000004,0.06999999999999999,prop_127,1000,2000,0.37423088216720723,0.9040453852504157,True,0.5298145030832084,0.5298145030832084,0.6797525753130229,0.732247424686977,-0.3055216931458157,0.17179796056343868,0.0524948493739541,0.07981965370925437,0.39749999999999996
rep0980,0.65,0.6542298263224308,alg1,0.1,0.010000000000000002,0.020000000000000004,0.06999999999999999,prop_127,1000,2000,0.5133949715120594,1.013347124667694,True,0.49995215315563457,0.4866050284879406,0.7837409907120082,0.8292590092879918,-0.27034601919994883,0.18408811537970207,0.04551801857598359,0.08293413457965082,0.37150000000000005
rep0981,0.82,0.8216350162371281,alg1,0.1,0.010000000000000002,0.020000000000000004,0.06999999999999999,prop_127,1000,2000,0.41284045646229656,0.9150906852901163,True,0.5022502288278197,0.5022502288278197,0.6602846283752665,0.7137153716247336,-0.2474441719129699,0.20137531366538267,0.05343074324946717,0.0818194855783525,0.3670000000000001
rep0982,0.31,0.3122888464957295,alg1,0.1,0.010000000000000002,0.020000000000000004,0.06999999999999999,prop_127,1000,2000,-0.04830063165962037,0.42941432562916937,True,0.47771495728878977,0.42941432562916937,0.23085699782468996,0.2811430021753101,-0.27915762948431033,0.14827132345385932,0.05028600435062011,0.0794289529381696,0.34800000000000003
rep0983,0.24,0.24341823882522612,alg1,0.1,0.010000000000000002,0.020000000000000004,0.06999999999999999,prop_127,1000,2000,0.06490469298465756,0.5870030186190859,True,0.5220983256344283,0.5220983256344283,0.3683180580779863,0.42468194192201375,-0.3034133650933287,0.1623210766970721,0.05636388384402746,0.07873444179040084,0.38699999999999996
rep0984,0.46,0.45508408535305495,alg1,0.1,0.010000000000000002,0.020000000000000004,0.06999999999999999,prop_127,1000,2000,0.15388943303268304,0.6957016135821699,True,0.5418121805494869,0.5418121805494869,0.4233271951300046,0.4806728048699954,-0.26943776209732156,0.21502880871217445,0.05734560973999081,0.08596657080949605,0.39849999999999997
rep0985,0.44,0.4375299950469971,alg1,0.1,0.010000000000000002,0.020000000000000004,0.06999999999999999,prop_127,1000,2000,0.10488094235650303,0.6641578461098314,True,0.5592769037533284,0.5592769037533284,0.4183564389496288,0.4756435610503712,-0.3134754965931258,0.1885142850594602,0.05728712210074238,0.08198978165258597,0.42000000000000004
rep0986,0.84,0.8420823032906237,alg1,0.1,0.010000000000000002,0.020000000000000004,0.06999999999999999,prop_127,1000,2000,0.5533945645270053,1.008423398486983,True,0.45502883395997773,0.4466054354729947,0.8104609280733384,0.8535390719266616,-0.25706636354633305,0.15488432656032147,0.0430781438533232,0.0709506901066545,0.341
rep0987,0.51,0.5125880374502091,alg1,0.1,0.010000000000000002,0.020000000000000004,0.06999999999999999,prop_127,1000,2000,0.3779141988290015,0.9105089123623566,True,0.5325947135333551,0.5325947135333551,0.70751302455567,0.75848697544433,-0.3295988257266685,0.15202193691802662,0.05097395088865997,0.07162076264469519,0.4099999999999999
rep0988,0.84,0.8375435844417034,alg1,0.1,0.010000000000000002,0.020000000000000004,0.06999999999999999,prop_127,1000,2000,0.6748910576868947,1.1975810351461866,True,0.5226899774592919,0.3251089423131053,1.0,1.0,-0.3251089423131052,0.19758103514618655,0.0,0.0866899774592918,0.436
rep0989,0.16,0.15603075370580066,alg1,0.1,0.010000000000000002,0.020000000000000004,0.06999999999999999,prop_127,1000,2000,-0.21568314864106236,0.28880342570521,True,0.5044865743462723,0.28880342570521,0.0929023138504374,0.1290976861495626,-0.30858546249149976,0.1597057395556474,0.0361953722991252,0.0862912020471473,0.38199999999999984
rep0990,0.30,0.30237411939330205,alg1,0.1,0.010000000000000002,0.020000000000000004,0.06999999999999999,prop_127,1000,2000,0.13715630965951364,0.7087856617780325,True,0.5716293521185188,0.5716293521185188,0.4402495686821686,0.49775043131783137,-0.30309325902265494,0.21103523046020112,0.057500862635662786,0.08162848948285606,0.4325
rep0991,0.60,0.6025508144464183,alg1,0.1,0.010000000000000002,0.020000000000000004,0.06999999999999999,prop_127,1000,2000,0.5559215635479376,1.0400555154157356,True,0.48413395186779795,0.44407843645206235,0.7894904080750659,0.8345095919249342,-0.23356884452712826,0.20554592349080136,0.04501918384986836,0.08811476801792961,0.351
rep0992,0.80,0.8032639851808171,alg1,0.1,0.010000000000000002,0.020000000000000004,0.06999999999999999,prop_127,1000,2000,0.5967504404922369,1.1002121147802453,True,0.5034616742880084,0.4032495595077631,0.8935125825770542,0.9264874174229458,-0.2967621420848173,0.1737246973572994,0.03297483484589159,0.08048683944211665,0.39000000000000007
rep0993,0.61,0.6060913430792686,alg1,0.1,0.010000000000000002,0.020000000000000004,0.06999999999999999,prop_127,1000,2000,0.2902249833054228,0.8019961120044259,True,0.5117711286990031,0.5117711286990031,0.5895008476772221,0.645499152322778,-0.2992758643717993,0.15649695968164787,0.055998304645555885,0.0777728240534471,0.3780000000000001
rep0994,0.63,0.63435798234609,alg1,0.1,0.010000000000000002,0.020000000000000004,0.06999999999999999,prop_127,1000,2000,0.4173676731103232,0.9419710152572911,True,0.5246033421469679,0.5246033421469679,0.7111202483598031,0.761879751640197,-0.29375257524947995,0.18009126361709418,0.0507595032803938,0.08284383886657404,0.39100000000000007
rep0995,0.47,0.4677370119041559,alg1,0.1,0.010000000000000002,0.020000000000000004,0.06999999999999999,prop_127,1000,2000,0.17864697476947355,0.7092978345713034,True,0.5306508598018298,0.5306508598018298,0.45920244781099584,0.5167975521890041,-0.2805554730415223,0.1925002823822992,0.0575951043780083,0.08155575542382149,0.3915
rep0996,0.48,0.47833721845184457,alg1,0.1,0.010000000000000002,0.020000000000000004,0.06999999999999999,prop_127,1000,2000,0.20794300289233633,0.6672307813817897,True,0.45928777848945335,0.45928777848945335,0.4467287527361112,0.5042712472638888,-0.23878574984377485,0.16295953411790087,0.057542494527777655,0.08774528396167569,0.31400000000000006
rep0997,0.15,0.15449303723364252,alg1,0.1,0.010000000000000002,0.020000000000000004,0.06999999999999999,prop_127,1000,2000,-0.1881079986941765,0.36037089155029317,True,0.5484788902444697,0.36037089155029317,0.10267782944530518,0.14032217055469481,-0.2907858281394817,0.22004872099559836,0.037644341109389634,0.08183454913508015,0.42899999999999994
rep0998,0.62,0.6166365598340153,alg1,0.1,0.010000000000000002,0.020000000000000004,0.06999999999999999,prop_127,1000,2000,0.48061192679692644,1.0146074605491107,True,0.5339955337521842,0.5193880732030736,0.7540570880595722,0.8019429119404279,-0.27344516126264573,0.21266454860868284,0.047885823880855716,0.08710970987132866,0.3989999999999999
rep0999,0.53,0.5271154519776099,alg1,0.1,0.010000000000000002,0.020000000000000004,0.06999999999999999,prop_127,1000,2000,0.39502534981127935,0.9340068617303323,True,0.538981511919053,0.538981511919053,0.6833446852417866,0.7356553147582134,-0.28831933543050725,0.19835154697211893,0.05231062951642684,0.0841708824026261,0.4025000000000001
