task_id,label,theta,algo,alpha,alpha1,alpha2,alpha3,alloc,n_j,N_j,L,U,covered,width,width_clip,L_tilde,U_tilde,delta_L,delta_U,W1,W2,W3
rep0000,0.25,0.2478634861040341,alg1,0.15,0.015,0.03,0.105,prop_127,1000,2000,0.08844920014866203,0.5221885033329623,True,0.43373930318430026,0.43373930318430026,0.32847557745603195,0.380524422543968,-0.24002637730736992,0.1416640807889943,0.05204884508793606,0.07969045809636421,0.30200000000000005
rep0001,0.37,0.3686079524634063,alg1,0.15,0.015,0.03,0.105,prop_127,1000,2000,0.09694907829133209,0.6204095324487846,True,0.5234604541574526,0.5234604541574526,0.4020740175194468,0.45592598248055316,-0.30512493922811473,0.16448354996823147,0.053851964961106336,0.07360848919634633,0.3959999999999999
rep0002,0.17,0.17032800314766197,alg1,0.15,0.015,0.03,0.105,prop_127,1000,2000,0.09042875459470762,0.5644020454368602,True,0.4739732908421526,0.4739732908421526,0.34619763124058295,0.39880236875941705,-0.25576887664587533,0.16559967667744316,0.0526047375188341,0.06686855332331842,0.35450000000000004
rep0003,0.41,0.4119903665842383,alg1,0.15,0.015,0.03,0.105,prop_127,1000,2000,0.30488400457049203,0.7875715976293078,True,0.4826875930588158,0.4826875930588158,0.5556712113997112,0.6093287886002888,-0.2507872068292192,0.178242809029019,0.05365757720057762,0.0720300158582382,0.357
rep0004,0.36,0.36322332650332373,alg1,0.15,0.015,0.03,0.105,prop_127,1000,2000,0.06864238390632971,0.5206570606641577,True,0.452014676757828,0.452014676757828,0.304909081055482,0.35609091894451805,-0.23626669714915227,0.1645661417196397,0.051181837889036075,0.07733283886879183,0.3235000000000001
rep0005,0.28,0.27660752268158256,alg1,0.15,0.015,0.03,0.105,prop_127,1000,2000,0.07547542711010258,0.538235745489894,True,0.46276031837979137,0.46276031837979137,0.3107938015141147,0.36220619848588537,-0.2353183744040121,0.17602954700400858,0.05141239697177069,0.0793479214080206,0.3320000000000001
rep0006,0.40,0.39522788491940364,alg1,0.15,0.015,0.03,0.105,prop_127,1000,2000,0.1306275420569975,0.6817994322731641,True,0.5511718902161666,0.5511718902161666,0.44484105977424127,0.4991589402257587,-0.31421351771724376,0.1826404920474054,0.05431788045151742,0.07585400976464923,0.42099999999999993
rep0007,0.34,0.34221851206383785,alg1,0.15,0.015,0.03,0.105,prop_127,1000,2000,0.1677488791846689,0.6393802816860765,True,0.4716314025014076,0.4716314025014076,0.4100151645227209,0.4639848354772791,-0.242266285338052,0.17539544620879738,0.05396967095455818,0.07766173154684936,0.34
rep0008,0.89,0.8876454917096256,alg1,0.15,0.015,0.03,0.105,prop_127,1000,2000,0.624347785551031,1.077434620357068,True,0.45308683480603695,0.375652214448969,0.8671113939086585,0.9018886060913414,-0.24276360835762759,0.17554601426572652,0.034777212182682815,0.07780962262335417,0.34049999999999997
rep0009,0.13,0.13218242080353054,alg1,0.15,0.015,0.03,0.105,prop_127,1000,2000,-0.014051232672287528,0.42957156968779264,True,0.44362280236008017,0.42957156968779264,0.203728632051033,0.249271367948967,-0.21777986472332053,0.1803002017388256,0.045542735897934006,0.07958006646214605,0.31850000000000006
rep0010,0.32,0.32181545181669885,alg1,0.15,0.015,0.03,0.105,prop_127,1000,2000,0.1978121400395968,0.629409497439945,True,0.4315973574003482,0.4315973574003482,0.4264162630229401,0.4805837369770599,-0.22860412298334332,0.1488257604628851,0.054167473954119805,0.07492988344622847,0.30249999999999994
rep0011,0.29,0.2854083438878526,alg1,0.15,0.015,0.03,0.105,prop_127,1000,2000,0.17663458361817647,0.5999338253924462,True,0.42329924177426975,0.42329924177426975,0.43039681814334185,0.4846031818566582,-0.2537622345251654,0.11533064353578798,0.05420636371331633,0.07509287806095338,0.294
rep0012,0.44,0.43703005404805023,alg1,0.15,0.015,0.03,0.105,prop_127,1000,2000,0.23944056679937123,0.6924202042874569,True,0.4529796374880857,0.4529796374880857,0.47379842853636717,0.5282015714636328,-0.23435786173699594,0.1642186328238241,0.05440314292726561,0.07207649456081999,0.3265
rep0013,0.62,0.6208052270470665,alg1,0.15,0.015,0.03,0.105,prop_127,1000,2000,0.2544698577455057,0.6696556149911723,True,0.41518575724566664,0.41518575724566664,0.4712984965406528,0.5257015034593472,-0.21682863879514716,0.14395411153182514,0.054403006918694374,0.06978275032697234,0.2909999999999999
rep0014,0.71,0.7147259999129039,alg1,0.15,0.015,0.03,0.105,prop_127,1000,2000,0.48322795855074685,0.9010870534343774,True,0.4178590948836306,0.4178590948836306,0.7022494644894406,0.7507505355105595,-0.21902150593869374,0.15033651792381797,0.04850107102111889,0.07185802386251172,0.2975
rep0015,0.39,0.39454122151151017,alg1,0.15,0.015,0.03,0.105,prop_127,1000,2000,0.14508346631981084,0.5892086332523502,True,0.44412516693253934,0.44412516693253934,0.395131402138361,0.44886859786163896,-0.25004793581855017,0.14034003539071124,0.05373719572327795,0.08288797120926139,0.3075
rep0016,0.17,0.16665588411027546,alg1,0.15,0.015,0.03,0.105,prop_127,1000,2000,-0.07144896210402873,0.408919658466091,True,0.48036862057011975,0.408919658466091,0.1791980029253996,0.2228019970746004,-0.25064696502942835,0.18611766139149058,0.0436039941492008,0.08076462642091886,0.3560000000000001
rep0017,0.52,0.5214065008427691,alg1,0.15,0.015,0.03,0.105,prop_127,1000,2000,0.274249560123872,0.7125663876431643,True,0.43831682751929224,0.43831682751929224,0.535008310353727,0.5889916896462731,-0.26075875022985495,0.12357469799689112,0.05398337929254615,0.07133344822674603,0.31300000000000006
rep0018,0.36,0.35939977730659944,alg1,0.15,0.015,0.03,0.105,prop_127,1000,2000,0.07580193148097858,0.5448387105285246,True,0.46903677904754604,0.46903677904754604,0.32110319499476836,0.3728968050052316,-0.24530126351378978,0.17194190552329308,0.05179361001046323,0.06774316903708283,0.34950000000000003
rep0019,0.35,0.35459743075612077,alg1,0.15,0.015,0.03,0.105,prop_127,1000,2000,0.1281807150187565,0.5986595357935331,True,0.47047882077477665,0.47047882077477665,0.357540549119027,0.410459450880973,-0.2293598341002705,0.18820008491256013,0.052918901761946024,0.07705991901283066,0.34049999999999997
rep0020,0.88,0.8825365524342114,alg1,0.15,0.015,0.03,0.105,prop_127,1000,2000,0.5797755748597169,1.0520270209933715,True,0.47225144613365466,0.42022442514028313,0.8559463155443198,0.8920536844556802,-0.27617074068460296,0.15997333653769127,0.03610736891136046,0.07514407722229421,0.361
rep0021,0.59,0.5949598193481452,alg1,0.15,0.015,0.03,0.105,prop_127,1000,2000,0.30908708233781423,0.796788879716827,True,0.48770179737901276,0.48770179737901276,0.5632426688918486,0.6167573311081513,-0.25415558655403436,0.1800315486086757,0.053514662216302744,0.07318713516271008,0.361
rep0022,0.72,0.7170696852830631,alg1,0.15,0.015,0.03,0.105,prop_127,1000,2000,0.5643046956896463,0.9830490030508152,True,0.41874430736116897,0.41874430736116897,0.8158558047882717,0.8561441952117282,-0.25155110909862544,0.12690480783908703,0.040288390423456555,0.07245591693771247,0.306
rep0023,0.39,0.3897887441590057,alg1,0.15,0.015,0.03,0.105,prop_127,1000,2000,0.012742038959964619,0.45507877304466715,True,0.44233673408470253,0.44233673408470253,0.24633308906642035,0.29466691093357966,-0.23359105010645573,0.16041186211108746,0.048333821867159316,0.06800291221754323,0.32599999999999996
rep0024,0.56,0.5618562370971357,alg1,0.15,0.015,0.03,0.105,prop_127,1000,2000,0.43792048290533947,0.9161181722186054,True,0.4781976893132659,0.4781976893132659,0.670463877127832,0.7205361228721681,-0.23254339422249248,0.19558204934643728,0.05007224574433611,0.08262544356892976,0.34550000000000003
rep0025,0.15,0.1536743850699371,alg1,0.15,0.015,0.03,0.105,prop_127,1000,2000,-0.1155638023834197,0.4098227162822303,True,0.52538651866565,0.4098227162822303,0.16244181253808773,0.20455818746191226,-0.27800561492150744,0.2052645288203181,0.04211637492382453,0.06977014374182555,0.4135
rep0026,0.45,0.4470975824569302,alg1,0.15,0.015,0.03,0.105,prop_127,1000,2000,0.2412852864603029,0.7056291348090109,True,0.464343848348708,0.464343848348708,0.4863082909333558,0.5406917090666441,-0.24502300447305292,0.16493742574236686,0.054383418133288286,0.07996043021541976,0.33
rep0027,0.15,0.14555732938848953,alg1,0.15,0.015,0.03,0.105,prop_127,1000,2000,0.14015898217892686,0.5591643434557245,True,0.41900536127679766,0.41900536127679766,0.3644526067163574,0.41754739328364265,-0.2242936245374305,0.14161695017208184,0.05309478656728528,0.0724105747095124,0.2935
rep0028,0.72,0.7158400826850747,alg1,0.15,0.015,0.03,0.105,prop_127,1000,2000,0.46605047811256606,0.9396451892342317,True,0.4735947111216656,0.4735947111216656,0.6960863475702956,0.7449136524297044,-0.23003586945772955,0.19473153680452732,0.04882730485940878,0.07676740626225681,0.34800000000000003
rep0029,0.33,0.3291877284663172,alg1,0.15,0.015,0.03,0.105,prop_127,1000,2000,0.07224487359883058,0.5308142366309406,True,0.45856936303211004,0.45856936303211004,0.29168576301005983,0.3423142369899402,-0.21944088941122925,0.18849999964100048,0.05062847397988035,0.06994088905222967,0.338
rep0030,0.79,0.7937062466334305,alg1,0.15,0.015,0.03,0.105,prop_127,1000,2000,0.43771312752160213,0.8641533786412419,True,0.42644025111963973,0.42644025111963973,0.6868517994123349,0.7361482005876652,-0.24913867189073274,0.12800517805357667,0.049296401175330296,0.06464384994430927,0.3125000000000001
rep0031,0.67,0.6704077234134693,alg1,0.15,0.015,0.03,0.105,prop_127,1000,2000,0.3977245003570892,0.8893801209663238,True,0.4916556206092346,0.4916556206092346,0.6719987016942918,0.7220012983057081,-0.2742742013372026,0.16737882266061563,0.05000259661141637,0.07065302399781814,0.3710000000000001
rep0032,0.49,0.49161387479740387,alg1,0.15,0.015,0.03,0.105,prop_127,1000,2000,0.23609523494853915,0.6937649959724714,True,0.4576697610239323,0.4576697610239323,0.48130230505202815,0.5356976949479717,-0.245207070103489,0.15806730102449973,0.05439538989594356,0.07627437112798868,0.327
rep0033,0.73,0.7281359113887491,alg1,0.15,0.015,0.03,0.105,prop_127,1000,2000,0.20206013981437243,0.6543119177599965,False,0.4522517779456241,0.4522517779456241,0.46929904058105887,0.5237009594189411,-0.26723890076668644,0.1306109583410554,0.05440191883788226,0.07384985910774183,0.324
rep0034,0.26,0.25795044332393025,alg1,0.15,0.015,0.03,0.105,prop_127,1000,2000,0.10800741075723536,0.5542116986677069,True,0.44620428791047156,0.44620428791047156,0.3540866890219417,0.40691331097805833,-0.24607927826470632,0.14729838768964862,0.05282662195611665,0.060877665954355065,0.3324999999999999
rep0035,0.31,0.31207276260600325,alg1,0.15,0.015,0.03,0.105,prop_127,1000,2000,0.002194003578383119,0.47524836378039104,True,0.4730543602020079,0.4730543602020079,0.26287726916934456,0.3121227308306554,-0.26068326559096144,0.16312563294973567,0.04924546166131083,0.07380889854069705,0.3500000000000001
rep0036,0.38,0.3813002067209173,alg1,0.15,0.015,0.03,0.105,prop_127,1000,2000,0.15826508755112878,0.5945077196018889,True,0.4362426320507601,0.4362426320507601,0.37285352555206686,0.4261464744479332,-0.21458843800093808,0.16836124515395567,0.05329294889586633,0.06744968315489375,0.3155
rep0037,0.69,0.6948613205139563,alg1,0.15,0.015,0.03,0.105,prop_127,1000,2000,0.486817682929395,0.9549734515122932,True,0.4681557685828982,0.4681557685828982,0.7471053431158751,0.792894656884125,-0.2602876601864801,0.16207879462816815,0.045789313768249906,0.07586645481464827,0.3465
rep0038,0.79,0.7918600324246673,alg1,0.15,0.015,0.03,0.105,prop_127,1000,2000,0.5586817993788717,0.9865697172810621,True,0.4278879179021904,0.4278879179021904,0.8053752113688636,0.8466247886311363,-0.24669341198999178,0.1399449286499258,0.04124957726227274,0.0811383406399176,0.3055
rep0039,0.74,0.737128328560063,alg1,0.15,0.015,0.03,0.105,prop_127,1000,2000,0.5377604361686449,0.9928073541163261,True,0.45504691794768126,0.45504691794768126,0.7761575178704659,0.8198424821295341,-0.23839708170182106,0.172964871986792,0.043684964259068204,0.07336195368861304,0.338
rep0040,0.20,0.20217595771942773,alg1,0.15,0.015,0.03,0.105,prop_127,1000,2000,0.031357817248274245,0.5203854712441376,True,0.48902765399586334,0.48902765399586334,0.2946221804973279,0.3453778195026721,-0.26326436324905367,0.1750076517414655,0.05075563900534419,0.06727201499051916,0.371
rep0041,0.63,0.6338665832251937,alg1,0.15,0.015,0.03,0.105,prop_127,1000,2000,0.5491300806737078,0.9928995293145785,True,0.44376944864087065,0.44376944864087065,0.8190051211485341,0.8589948788514659,-0.2698750404748263,0.1339046504631126,0.03998975770293178,0.07927969093793896,0.3244999999999999
rep0042,0.28,0.28273766256385496,alg1,0.15,0.015,0.03,0.105,prop_127,1000,2000,-0.13086224960404658,0.3931431998332421,True,0.5240054494372887,0.3931431998332421,0.1696146775441279,0.2123853224558721,-0.3004769271481745,0.18075787737736995,0.042770644911744204,0.06673480452554448,0.4145
rep0043,0.12,0.11761149789511506,alg1,0.15,0.015,0.03,0.105,prop_127,1000,2000,-0.17925892930525542,0.24575092768329088,True,0.4250098569885463,0.24575092768329088,0.1027892764542819,0.1382107235457181,-0.2820482057595373,0.10754020413757279,0.03542144709143619,0.07308840989711007,0.3165
rep0044,0.17,0.16718848316147858,alg1,0.15,0.015,0.03,0.105,prop_127,1000,2000,0.08066912730117853,0.5544575835681427,True,0.47378845626696414,0.47378845626696414,0.31815622212626193,0.369843777873738,-0.2374870948250834,0.18461380569440472,0.05168755574747608,0.0811009005194881,0.341
rep0045,0.14,0.13852317554366197,alg1,0.15,0.015,0.03,0.105,prop_127,1000,2000,0.10872088483847003,0.5616936231298326,True,0.4529727382913626,0.4529727382913626,0.35014120346049965,0.40285879653950035,-0.24142031862202962,0.1588348265903322,0.0527175930790007,0.07325514521236182,0.327
rep0046,0.12,0.12296145833985304,alg1,0.15,0.015,0.03,0.105,prop_127,1000,2000,-0.1490620189908431,0.30679922636734525,True,0.45586124535818834,0.30679922636734525,0.12395489864011816,0.16204510135988182,-0.27301691763096125,0.14475412500746343,0.038090202719763655,0.08227104263842477,0.3354999999999999
rep0047,0.48,0.47752701943189135,alg1,0.15,0.015,0.03,0.105,prop_127,1000,2000,0.1407342794622446,0.5946609714477782,True,0.4539266919855336,0.4539266919855336,0.4095186333956558,0.4634813666043442,-0.2687843539334112,0.13117960484343394,0.053962733208688385,0.0759639587768452,0.32399999999999995
rep0048,0.57,0.5726813089453829,alg1,0.15,0.015,0.03,0.105,prop_127,1000,2000,0.5311617011546714,0.9861625651604452,True,0.4550008640057738,0.4550008640057738,0.7907439874451091,0.833256012554891,-0.2595822862904376,0.15290655260555416,0.042512025109781915,0.07498883889599178,0.33749999999999997
rep0049,0.74,0.7412554577471945,alg1,0.15,0.015,0.03,0.105,prop_127,1000,2000,0.4701300337830784,0.9315059812079618,True,0.4613759474248834,0.4613759474248834,0.7429671768941075,0.7890328231058925,-0.27283714311102913,0.14247315810206934,0.046065646211784994,0.07831030121309845,0.337
rep0050,0.62,0.6173942815743904,alg1,0.15,0.015,0.03,0.105,prop_127,1000,2000,0.27070683760118797,0.766682880799374,True,0.495976043198186,0.495976043198186,0.534001567549985,0.5879984324500152,-0.263294729948797,0.17868444834935882,0.053996864900030195,0.07647917829815581,0.3655
rep0051,0.27,0.26599598126632845,alg1,0.15,0.015,0.03,0.105,prop_127,1000,2000,-0.008122499595151489,0.4753114895194402,True,0.4834339891145917,0.4753114895194402,0.27946387712783194,0.32953612287216805,-0.28758637672298343,0.14577536664727214,0.05007224574433611,0.07336174337025553,0.36000000000000004
rep0052,0.31,0.3073068139568365,alg1,0.15,0.015,0.03,0.105,prop_127,1000,2000,0.1393091824848506,0.5853952022610517,True,0.4460860197762011,0.4460860197762011,0.3842327708419174,0.4377672291580825,-0.24492358835706682,0.14762797310296916,0.0535344583161651,0.07355156146003605,0.31899999999999995
rep0053,0.62,0.6218265929743847,alg1,0.15,0.015,0.03,0.105,prop_127,1000,2000,0.5749177345026864,1.068888076056945,True,0.4939703415542587,0.42508226549731365,0.8253112083953128,0.8646887916046871,-0.25039347389262645,0.204199284452258,0.039377583209374345,0.07109275834488449,0.38349999999999995
rep0054,0.43,0.43339616303131784,alg1,0.15,0.015,0.03,0.105,prop_127,1000,2000,0.06852622254381835,0.5406307928133189,True,0.4721045702695006,0.4721045702695006,0.33093459644807544,0.38306540355192453,-0.2624083739042571,0.15756538926139435,0.0521308071038491,0.07897376316565147,0.34099999999999997
rep0055,0.74,0.740619116521778,alg1,0.15,0.015,0.03,0.105,prop_127,1000,2000,0.595196907589896,1.1146504259397214,True,0.5194535183498254,0.40480309241010404,0.9259796525889089,0.952020347411091,-0.330782744999013,0.16263007852863054,0.026040694822182076,0.07891282352764356,0.4145
rep0056,0.79,0.7903021326927078,alg1,0.15,0.015,0.03,0.105,prop_127,1000,2000,0.6029316045127162,1.041127020242374,True,0.4381954157296577,0.3970683954872838,0.8517039995984984,0.8882960004015016,-0.24877239508578222,0.15283101984087236,0.03659200080300318,0.07810341492665457,0.3235
rep0057,0.29,0.2885664653209669,alg1,0.15,0.015,0.03,0.105,prop_127,1000,2000,0.12166789138411932,0.5575098819722344,True,0.43584199058811507,0.43584199058811507,0.34274858477535897,0.395251415224641,-0.22108069339123965,0.16225846674759337,0.052502830449282056,0.08233916013883286,0.30100000000000016
rep0058,0.68,0.680408527032369,alg1,0.15,0.015,0.03,0.105,prop_127,1000,2000,0.30565640345037964,0.7414219508255216,True,0.435765547375142,0.435765547375142,0.56728340555619,0.62071659444381,-0.2616270021058103,0.12070535638171169,0.05343318888762005,0.07783235848752201,0.3045
rep0059,0.42,0.42124425860033593,alg1,0.15,0.015,0.03,0.105,prop_127,1000,2000,0.13359247027495236,0.5926233648886551,True,0.4590308946137027,0.4590308946137027,0.389184990970771,0.44281500902922893,-0.25559252069581867,0.14980835585942612,0.05363001805845791,0.0699008765552448,0.3355
rep0060,0.29,0.2851622642408732,alg1,0.15,0.015,0.03,0.105,prop_127,1000,2000,0.12970442253588893,0.5576916109697655,True,0.42798718843387656,0.42798718843387656,0.35951483416570207,0.41248516583429795,-0.22981041162981314,0.14520644513546754,0.05297033166859588,0.05301685676528067,0.322
rep0061,0.28,0.28253385670631975,alg1,0.15,0.015,0.03,0.105,prop_127,1000,2000,0.0554932569076452,0.4849314954866374,True,0.4294382385789922,0.4294382385789922,0.3024584989327407,0.35354150106725934,-0.24696524202509548,0.13138999441937807,0.05108300213451866,0.07585523644447356,0.3025
rep0062,0.30,0.3032893933218672,alg1,0.15,0.015,0.03,0.105,prop_127,1000,2000,-0.0500481876616487,0.49166772308882256,True,0.5417159107504712,0.49166772308882256,0.25557300055424964,0.3044269994457504,-0.30562118821589834,0.18724072364307218,0.04885399889150077,0.07836191185897057,0.4145
rep0063,0.23,0.22593861408608223,alg1,0.15,0.015,0.03,0.105,prop_127,1000,2000,-0.03146822009110825,0.40525079593548474,True,0.436719016026593,0.40525079593548474,0.22256968727621276,0.2694303127237872,-0.254037907367321,0.13582048321169754,0.04686062544757444,0.0683583905790186,0.32149999999999995
rep0064,0.46,0.4645980018826924,alg1,0.15,0.015,0.03,0.105,prop_127,1000,2000,0.4349317948363428,0.8944155813292948,True,0.45948378649295196,0.45948378649295196,0.6633054934725325,0.7136945065274675,-0.22837369863618975,0.18072107480182734,0.05038901305493493,0.07959477343801707,0.3295
rep0065,0.35,0.34978067892353637,alg1,0.15,0.015,0.03,0.105,prop_127,1000,2000,-0.08364982994116943,0.4360923511618168,True,0.5197421811029863,0.4360923511618168,0.21918303350121604,0.26581696649878395,-0.30283286344238547,0.17027538466303288,0.046633932997567906,0.07660824810541828,0.3965000000000001
rep0066,0.42,0.41951121206361075,alg1,0.15,0.015,0.03,0.105,prop_127,1000,2000,0.3063294662339671,0.7875911950581082,True,0.48126172882414103,0.48126172882414103,0.587514834165702,0.6404851658342979,-0.28118536793173493,0.1471060292238102,0.05297033166859588,0.07579139715554506,0.35250000000000004
rep0067,0.55,0.5539775859677241,alg1,0.15,0.015,0.03,0.105,prop_127,1000,2000,0.4074542803903644,0.824760229938701,True,0.4173059495483366,0.4173059495483366,0.6571750817952029,0.7078249182047971,-0.2497208014048385,0.1169353117339039,0.050649836409594196,0.08015611313874238,0.2865
rep0068,0.56,0.5583333805698807,alg1,0.15,0.015,0.03,0.105,prop_127,1000,2000,0.16418617951866354,0.633281775321309,True,0.4690955958026455,0.4690955958026455,0.42989915243040977,0.48410084756959026,-0.2657129729117462,0.14918092775171876,0.054201695139180495,0.07889390066346502,0.33599999999999997
rep0069,0.78,0.7830577745455012,alg1,0.15,0.015,0.03,0.105,prop_127,1000,2000,0.6094754439086161,1.1168655475469365,True,0.5073901036383204,0.3905245560913839,0.8522339715138297,0.8887660284861704,-0.24275852760521366,0.22809951906076598,0.03653205697234063,0.07835804666597962,0.3925
rep0070,0.56,0.563090788980235,alg1,0.15,0.015,0.03,0.105,prop_127,1000,2000,0.5401790167359231,0.9687016711365906,True,0.4285226544006675,0.4285226544006675,0.7740771770619638,0.8179228229380363,-0.2338981603260407,0.1507788481985543,0.043845645876072536,0.08167700852459492,0.30300000000000005
rep0071,0.33,0.3264090036193587,alg1,0.15,0.015,0.03,0.105,prop_127,1000,2000,0.057449973659150444,0.5242033493681746,True,0.46675337570902414,0.46675337570902414,0.2921750817952029,0.3428249182047971,-0.23472510813605246,0.18137843116337746,0.050649836409594196,0.08110353929942982,0.3350000000000001
rep0072,0.49,0.48677170664394004,alg1,0.15,0.015,0.03,0.105,prop_127,1000,2000,0.2481086374392868,0.7546855079149408,True,0.506576870475654,0.506576870475654,0.5043524094294236,0.5586475905705763,-0.2562437719901368,0.19603791734436454,0.054295181141152726,0.0797816893345013,0.37250000000000005
rep0073,0.70,0.702623162955592,alg1,0.15,0.015,0.03,0.105,prop_127,1000,2000,0.5126365915528128,0.9447140370698403,True,0.4320774455170274,0.4320774455170274,0.7605748370944776,0.8054251629055225,-0.24793824554166483,0.13928887416431782,0.04485032581104487,0.07422711970598267,0.313
rep0074,0.82,0.817783968025029,alg1,0.15,0.015,0.03,0.105,prop_127,1000,2000,0.5548384501160191,0.9945763811856021,True,0.43973793106958303,0.43973793106958303,0.813233218763216,0.8537667812367841,-0.2583947686471969,0.1408095999488181,0.0405335624735681,0.07670436859601498,0.3225
rep0075,0.10,0.10267969872404988,alg1,0.15,0.015,0.03,0.105,prop_127,1000,2000,-0.1532796632015866,0.3299884585445779,True,0.4832681217461645,0.3299884585445779,0.13531120839531285,0.17468879160468714,-0.28859087159689945,0.15529966693989075,0.03937758320937429,0.07389053853679012,0.37000000000000005
rep0076,0.02,0.018399745229811547,alg1,0.15,0.015,0.03,0.105,prop_127,1000,2000,-0.26855350469003514,0.17620749376908307,True,0.4447609984591182,0.17620749376908307,-0.0006054480147420637,0.0036054480147420637,-0.2679480566752931,0.17260204575434102,0.004210896029484127,0.07855010242963412,0.362
rep0077,0.43,0.4319906624239277,alg1,0.15,0.015,0.03,0.105,prop_127,1000,2000,0.14647983236745415,0.6325150683459966,True,0.4860352359785424,0.4860352359785424,0.4393594968544475,0.4936405031455526,-0.2928796644869933,0.138874565200444,0.054281006291105105,0.07975422968743734,0.352
rep0078,0.13,0.12622531678299564,alg1,0.15,0.015,0.03,0.105,prop_127,1000,2000,-0.14949574005622737,0.23745931330279543,True,0.3869550533590228,0.23745931330279543,0.06661519178311195,0.09638480821688805,-0.21611093183933933,0.14107450508590738,0.029769616433776097,0.07868543692524665,0.2785000000000001
rep0079,0.41,0.41262177518116394,alg1,0.15,0.015,0.03,0.105,prop_127,1000,2000,0.2499904620634656,0.6902069431576978,True,0.4402164810942322,0.4402164810942322,0.46580104002303097,0.520198959976969,-0.21581057795956538,0.17000798318072888,0.054397919953938,0.07381856114029417,0.31200000000000006
rep0080,0.52,0.5201792252244676,alg1,0.15,0.015,0.03,0.105,prop_127,1000,2000,0.3722279822164467,0.8489243740126196,True,0.47669639179617285,0.47669639179617285,0.6500290650964573,0.7009709349035427,-0.2778010828800106,0.14795343910907682,0.05094186980708537,0.07525452198908739,0.35050000000000003
rep0081,0.53,0.5264169210416092,alg1,0.15,0.015,0.03,0.105,prop_127,1000,2000,0.21068871394031274,0.6310420448626048,True,0.4203533309222921,0.4203533309222921,0.4348770461955404,0.48912295380445964,-0.22418833225522766,0.14191909105814524,0.05424590760891923,0.07510742331337283,0.29100000000000004
rep0082,0.60,0.6023582352932083,alg1,0.15,0.015,0.03,0.105,prop_127,1000,2000,0.32727541657150977,0.8162638702886061,True,0.48898845371709637,0.48898845371709637,0.6204921870908447,0.6725078129091552,-0.293216770519335,0.14375605737945094,0.05201562581831043,0.07597282789878596,0.36099999999999993
rep0083,0.39,0.3924388249352025,alg1,0.15,0.015,0.03,0.105,prop_127,1000,2000,0.1554232737846789,0.6081761434855696,True,0.4527528697008907,0.4527528697008907,0.3842327708419174,0.4377672291580825,-0.22880949705723852,0.1704089143274871,0.0535344583161651,0.0642184113847255,0.3350000000000001
rep0084,0.58,0.5848810073817661,alg1,0.15,0.015,0.03,0.105,prop_127,1000,2000,0.47125756121485174,0.9547262208932943,True,0.48346865967844255,0.48346865967844255,0.7450358983217333,0.7909641016782667,-0.2737783371068816,0.1637621192150276,0.04592820335653336,0.07354045632190925,0.36399999999999993
rep0085,0.15,0.15233852136627424,alg1,0.15,0.015,0.03,0.105,prop_127,1000,2000,0.020568786043423853,0.47952517084902047,True,0.45895638480559664,0.45895638480559664,0.2677513783709623,0.31724862162903766,-0.24718259232753845,0.1622765492199828,0.04949724325807536,0.07295914154752131,0.33649999999999997
rep0086,0.53,0.5253253490104887,alg1,0.15,0.015,0.03,0.105,prop_127,1000,2000,0.22861532570938325,0.6691776428740546,True,0.4405623171646713,0.4405623171646713,0.4828038150023758,0.5371961849976242,-0.25418848929299254,0.13198145787643037,0.054392369995248435,0.07066994716942288,0.3155
rep0087,0.58,0.5822989281723502,alg1,0.15,0.015,0.03,0.105,prop_127,1000,2000,0.3716247165919831,0.8559640754426457,True,0.48433935885066265,0.48433935885066265,0.6444188991439487,0.6955811008560514,-0.2727941825519656,0.16038297458659434,0.05116220171210273,0.08067715713855989,0.35250000000000004
rep0088,0.46,0.46374490906187904,alg1,0.15,0.015,0.03,0.105,prop_127,1000,2000,0.3847293243921799,0.797253649817167,True,0.41252432542498707,0.41252432542498707,0.6067783663283439,0.6592216336716561,-0.22204904193616404,0.13803201614551086,0.05244326734331217,0.07008105808167492,0.29
rep0089,0.27,0.2686688295956495,alg1,0.15,0.015,0.03,0.105,prop_127,1000,2000,0.05479881407975609,0.5165860922153307,True,0.46178727813557463,0.46178727813557463,0.2877724313902427,0.3382275686097573,-0.23297361731048663,0.1783585236055734,0.050455137219514556,0.07383214091606,0.3375
rep0090,0.39,0.3854407308027258,alg1,0.15,0.015,0.03,0.105,prop_127,1000,2000,0.35373240570318515,0.78237728138141,True,0.4286448756782249,0.4286448756782249,0.5834648174524016,0.6365351825475983,-0.2297324117492165,0.14584209883381175,0.05307036509519669,0.07507451058302833,0.30049999999999993
rep0091,0.30,0.3007708905744602,alg1,0.15,0.015,0.03,0.105,prop_127,1000,2000,0.1316718142352451,0.5892336790387552,True,0.45756186480351013,0.45756186480351013,0.3926532354936851,0.4463467645063149,-0.26098142125844,0.14288691453244037,0.053693529012629804,0.07736833579088032,0.3265
rep0092,0.90,0.8969673286747886,alg1,0.15,0.015,0.03,0.105,prop_127,1000,2000,0.5965459712205363,1.0445987385727205,True,0.44805276735218413,0.4034540287794637,0.8644490691595121,0.8995509308404879,-0.2679030979389758,0.14504780773223264,0.03510186168097573,0.07345090567120843,0.3395
rep0093,0.49,0.49389760047895553,alg1,0.15,0.015,0.03,0.105,prop_127,1000,2000,0.4131887720179704,0.861481006182859,True,0.44829223416488867,0.44829223416488867,0.6863391194044116,0.7356608805955883,-0.27315034738644123,0.12582012558727068,0.049321761191176705,0.0804704729737119,0.3185
rep0094,0.36,0.36249953729567014,alg1,0.15,0.015,0.03,0.105,prop_127,1000,2000,0.2542021649082615,0.7072877529587547,True,0.4530855880504932,0.4530855880504932,0.4742984965406528,0.5287015034593471,-0.22009633163239134,0.17858624949940755,0.05440300691869426,0.06668258113179892,0.33199999999999996
rep0095,0.64,0.6384495913210911,alg1,0.15,0.015,0.03,0.105,prop_127,1000,2000,0.28621444058028583,0.7561097861953691,True,0.4698953456150832,0.4698953456150832,0.5390363960773875,0.5929636039226124,-0.2528219554971017,0.1631461822727567,0.05392720784522487,0.07546813776985839,0.3405
rep0096,0.19,0.1861533670927711,alg1,0.15,0.015,0.03,0.105,prop_127,1000,2000,-0.025211485116343524,0.4172377236186689,True,0.4424492087350124,0.4172377236186689,0.23322689945180058,0.28077310054819943,-0.2584383845681441,0.13646462307046947,0.047546201096398844,0.07340300763861357,0.3215
rep0097,0.25,0.24732040969853472,alg1,0.15,0.015,0.03,0.105,prop_127,1000,2000,0.14492048361103144,0.5860827581958752,True,0.44116227458484375,0.44116227458484375,0.3842327708419174,0.4377672291580825,-0.239312287230886,0.1483155290377927,0.0535344583161651,0.08162781626867865,0.30600000000000005
rep0098,0.27,0.2733129776799133,alg1,0.15,0.015,0.03,0.105,prop_127,1000,2000,0.12940871102676466,0.5729798174360087,True,0.443571106409244,0.443571106409244,0.3526069084783433,0.4053930915216567,-0.22319819745157865,0.167586725914352,0.052786183043313395,0.07578492336593068,0.31499999999999995
rep0099,0.57,0.5665632698271305,alg1,0.15,0.015,0.03,0.105,prop_127,1000,2000,0.47663263338777045,0.9521861191522657,True,0.47555348576449524,0.47555348576449524,0.725411374890861,0.772588625109139,-0.2487787415030906,0.17959749404312675,0.0471772502182779,0.06637623554621735,0.362
rep0100,0.84,0.8400038337233839,alg1,0.15,0.015,0.03,0.105,prop_127,1000,2000,0.6061798941409355,1.0810962450171702,True,0.4749163508762346,0.39382010585906446,0.8543547620034362,0.8906452379965639,-0.24817486786250068,0.1904510070206062,0.036290475993127735,0.07012587488310695,0.36849999999999994
rep0101,0.09,0.09259465524280322,alg1,0.15,0.015,0.03,0.105,prop_127,1000,2000,-0.09017678600221657,0.3774974850890409,True,0.4676742710912575,0.3774974850890409,0.13531120839531285,0.17468879160468714,-0.22548799439752942,0.20280869348435374,0.03937758320937429,0.0727966878818831,0.35550000000000004
rep0102,0.55,0.54833822054849,alg1,0.15,0.015,0.03,0.105,prop_127,1000,2000,0.3853254404160319,0.872016892057569,True,0.48669145164153715,0.48669145164153715,0.6551326935939604,0.7058673064060396,-0.26980725317792853,0.16614958565152943,0.05073461281207914,0.07745683882945803,0.35849999999999993
rep0103,0.49,0.4875898937659862,alg1,0.15,0.015,0.03,0.105,prop_127,1000,2000,0.45071654045321696,0.876552695210677,True,0.42583615475746006,0.42583615475746006,0.6827513783709623,0.7322486216290377,-0.23203483791774535,0.14430407358163935,0.04949724325807536,0.07683891149938465,0.29950000000000004
rep0104,0.84,0.844527346239085,alg1,0.15,0.015,0.03,0.105,prop_127,1000,2000,0.4631780457868139,0.884088475205219,True,0.4209104294184052,0.4209104294184052,0.70019448345754,0.7488055165424601,-0.23701643767072608,0.13528295866275897,0.0486110330849201,0.06279939633348508,0.3095
rep0105,0.49,0.48638138528843694,alg1,0.15,0.015,0.03,0.105,prop_127,1000,2000,0.22019798724145223,0.7714524162520964,True,0.5512544290106441,0.5512544290106441,0.4732983877338773,0.5277016122661226,-0.25310040049242505,0.2437508039859738,0.054403224532245276,0.07535120447839877,0.42150000000000004
rep0106,0.30,0.2975758293502397,alg1,0.15,0.015,0.03,0.105,prop_127,1000,2000,0.15853773195381207,0.6367497842104498,True,0.47821205225663777,0.47821205225663777,0.4015779337172114,0.4554220662827886,-0.24304020176339933,0.1813277179276612,0.053844132565577185,0.0778679196910605,0.34650000000000003
rep0107,0.49,0.48727867062930913,alg1,0.15,0.015,0.03,0.105,prop_127,1000,2000,0.36146246661784964,0.7614016183128502,True,0.3999391516950006,0.3999391516950006,0.5794166761755252,0.6325833238244748,-0.21795420955767553,0.1288182944883754,0.05316664764894963,0.0697725040460509,0.277
rep0108,0.35,0.351376552167757,alg1,0.15,0.015,0.03,0.105,prop_127,1000,2000,0.28536811354268676,0.7764076414143539,True,0.49103952787166716,0.49103952787166716,0.557689640932094,0.611310359067906,-0.2723215273894073,0.1650972823464479,0.05362071813581193,0.08241880973585519,0.35500000000000004
rep0109,0.03,0.03182158549482356,alg1,0.15,0.015,0.03,0.105,prop_127,1000,2000,0.004329750104174912,0.4607001303721589,True,0.456370380267984,0.456370380267984,0.2638517994123348,0.3131482005876652,-0.25952204930815986,0.14755192978449372,0.04929640117533041,0.07607397909265362,0.33099999999999996
rep0110,0.84,0.8408454680617381,alg1,0.15,0.015,0.03,0.105,prop_127,1000,2000,0.5715606161215294,1.0258677415716086,True,0.45430712545007923,0.4284393838784706,0.8295209766839771,0.8684790233160229,-0.2579603605624476,0.15738871825558584,0.03895804663204583,0.06734907881803331,0.3480000000000001
rep0111,0.43,0.42557647542285837,alg1,0.15,0.015,0.03,0.105,prop_127,1000,2000,0.07561909722509622,0.5447061757157506,True,0.46908707849065445,0.46908707849065445,0.3250342563413168,0.3769657436586832,-0.24941515911622056,0.16774043205706743,0.05193148731736641,0.07615559117328796,0.341
rep0112,0.20,0.1977004476081061,alg1,0.15,0.015,0.03,0.105,prop_127,1000,2000,0.12532096661343248,0.5647595601943659,True,0.4394385935809334,0.4394385935809334,0.3743369113781098,0.42766308862189023,-0.24901594476467734,0.13709647157247568,0.053326177243780415,0.07761241633715305,0.30849999999999994
rep0113,0.50,0.4991791366377725,alg1,0.15,0.015,0.03,0.105,prop_127,1000,2000,0.2030435260758449,0.6222477708832097,True,0.41920424480736485,0.41920424480736485,0.43637094968311807,0.490629050316882,-0.23332742360727318,0.13161872056632773,0.054258100633763906,0.0659461441736009,0.29900000000000004
rep0114,0.61,0.613244252167947,alg1,0.15,0.015,0.03,0.105,prop_127,1000,2000,0.43940413911381915,0.8850616090701099,True,0.44565746995629074,0.44565746995629074,0.6745574439828728,0.7244425560171273,-0.23515330486905364,0.16061905305298266,0.0498851120342545,0.0762723579220363,0.3195
rep0115,0.32,0.3202082063400753,alg1,0.15,0.015,0.03,0.105,prop_127,1000,2000,0.07697225506794886,0.5601935051829177,True,0.4832212501149688,0.4832212501149688,0.33536277597410463,0.38763722402589534,-0.2583905209061558,0.17255628115702226,0.05227444805179071,0.07894680206317795,0.3520000000000001
rep0116,0.77,0.766382026743104,alg1,0.15,0.015,0.03,0.105,prop_127,1000,2000,0.5957200241078244,0.9944766719437371,True,0.3987566478359127,0.3987566478359127,0.8048518515878749,0.8461481484121252,-0.20913182748005038,0.14832852353161197,0.04129629682425029,0.07796035101166227,0.2795000000000001
rep0117,0.68,0.6784440571169228,alg1,0.15,0.015,0.03,0.105,prop_127,1000,2000,0.4660478144999174,0.9365598080287333,True,0.4705119935288159,0.4705119935288159,0.7140776585309481,0.7619223414690519,-0.24802984403103068,0.17463746655968135,0.047844682938103844,0.07516731059071213,0.3474999999999999
rep0118,0.42,0.4243860261335837,alg1,0.15,0.015,0.03,0.105,prop_127,1000,2000,0.32236086044914264,0.8602149462726015,True,0.5378540858234588,0.5378540858234588,0.587514834165702,0.6404851658342979,-0.2651539737165594,0.21972978043830363,0.05297033166859588,0.06888375415486309,0.416
rep0119,0.42,0.42460332203803136,alg1,0.15,0.015,0.03,0.105,prop_127,1000,2000,0.11078163629810484,0.5732717354463788,True,0.46249009914827394,0.46249009914827394,0.4005858502986296,0.4544141497013704,-0.28980421400052475,0.11885758574500838,0.05382829940274081,0.08116179974553311,0.3275
rep0120,0.65,0.6502263512603628,alg1,0.15,0.015,0.03,0.105,prop_127,1000,2000,0.10211861523924576,0.5507175332650418,False,0.44859891802579605,0.44859891802579605,0.35162053697253604,0.40437946302746397,-0.24950192173329028,0.14633807023757786,0.052758926054927935,0.08183999197086811,0.31400000000000006
rep0121,0.76,0.7644800016558357,alg1,0.15,0.015,0.03,0.105,prop_127,1000,2000,0.6260888096095262,1.0987383459670177,True,0.4726495363574915,0.3739111903904738,0.9139374171217141,0.942062582878286,-0.2878486075121879,0.15667576308873155,0.02812516575657198,0.07052437060091943,0.374
rep0122,0.57,0.5690757886312365,alg1,0.15,0.015,0.03,0.105,prop_127,1000,2000,0.49662942297002877,0.9632123397927457,True,0.4665829168227169,0.4665829168227169,0.7538361152822706,0.7991638847177294,-0.2572066923122418,0.1640484550750163,0.0453277694354588,0.07725514738725814,0.344
rep0123,0.42,0.41719685876387674,alg1,0.15,0.015,0.03,0.105,prop_127,1000,2000,0.11815514567008203,0.5789214844595939,True,0.4607663387895119,0.4607663387895119,0.35803407610161925,0.41096592389838077,-0.2398789304315372,0.16795556056121314,0.05293184779676152,0.0788344909927503,0.32900000000000007
rep0124,0.21,0.20996606860775566,alg1,0.15,0.015,0.03,0.105,prop_127,1000,2000,0.20011307820139385,0.6547686633333075,True,0.4546555851319137,0.4546555851319137,0.4040586330635055,0.4579413669364945,-0.20394555486211163,0.19682729639681304,0.05388273387298903,0.07877285125892475,0.32199999999999995
rep0125,0.30,0.2967969555225577,alg1,0.15,0.015,0.03,0.105,prop_127,1000,2000,0.27590004802895685,0.6795616504652932,True,0.4036616024363363,0.4036616024363363,0.48881230493270306,0.5431876950672969,-0.21291225690374624,0.13637395539799627,0.05437539013459386,0.08278621230174243,0.26650000000000007
rep0126,0.70,0.6950525523728668,alg1,0.15,0.015,0.03,0.105,prop_127,1000,2000,0.4578054603514704,0.9152797236837691,True,0.4574742633322987,0.4574742633322987,0.70841811010851,0.7565818898914901,-0.25061264975703956,0.15869783379227895,0.04816377978298014,0.07231048354931857,0.33699999999999997
rep0127,0.27,0.27417071432743445,alg1,0.15,0.015,0.03,0.105,prop_127,1000,2000,0.12950887691747615,0.6279663971559524,True,0.4984575202384762,0.4984575202384762,0.3901757762192063,0.44382422378079367,-0.26066689930173015,0.18414217337515876,0.053648447561587376,0.07830907267688886,0.36650000000000005
rep0128,0.21,0.20962222296074454,alg1,0.15,0.015,0.03,0.105,prop_127,1000,2000,-0.06730162841862616,0.3565484844700645,True,0.4238501128886907,0.3565484844700645,0.17248738303922118,0.21551261696077884,-0.23978901145784734,0.14103586750928565,0.04302523392155766,0.08032487896713308,0.30049999999999993
rep0129,0.38,0.3824381869736448,alg1,0.15,0.015,0.03,0.105,prop_127,1000,2000,0.08205903255410438,0.5393656065881849,True,0.4573065740340805,0.4573065740340805,0.3206119538524194,0.37238804614758053,-0.23855292129831504,0.16697756044060438,0.051776092295161114,0.06503048173891929,0.34050000000000014
rep0130,0.77,0.7675142854691408,alg1,0.15,0.015,0.03,0.105,prop_127,1000,2000,0.7709227718145761,1.180065919423547,False,0.40914314760897086,0.22907722818542386,1.0,1.0,-0.22907722818542384,0.18006591942354702,0.0,0.0751431476089709,0.33399999999999996
rep0131,0.33,0.3273477209373877,alg1,0.15,0.015,0.03,0.105,prop_127,1000,2000,0.03883060202920091,0.48210549381444895,True,0.44327489178524804,0.44327489178524804,0.2965804626755236,0.3474195373244764,-0.2577498606463227,0.13468595648997256,0.050839074648952765,0.07043581713629532,0.32199999999999995
rep0132,0.56,0.5611586307860696,alg1,0.15,0.015,0.03,0.105,prop_127,1000,2000,0.32865231946422024,0.7643388917061753,True,0.43568657224195506,0.43568657224195506,0.557184990970771,0.6108150090292289,-0.22853267150655077,0.1535238826769464,0.05363001805845791,0.07005655418349716,0.312
rep0133,0.74,0.7368054753056534,alg1,0.15,0.015,0.03,0.105,prop_127,1000,2000,0.574292117983286,1.009847298945346,True,0.4355551809620599,0.42570788201671395,0.828468096102422,0.867531903897578,-0.25417597811913595,0.14231539504776794,0.03906380779515595,0.07949137316690391,0.31699999999999995
rep0134,0.41,0.4088117305212921,alg1,0.15,0.015,0.03,0.105,prop_127,1000,2000,0.27301647806093665,0.7270923816692064,True,0.45407590360826977,0.45407590360826977,0.5244430498969129,0.578556950103087,-0.2514265718359763,0.14853543156611937,0.054113900206174126,0.07346200340209563,0.3265
rep0135,0.25,0.25154474241705743,alg1,0.15,0.015,0.03,0.105,prop_127,1000,2000,-0.17666391544218668,0.2774126466709693,True,0.454076562113156,0.2774126466709693,0.09904615566708484,0.13395384433291518,-0.27571007110927154,0.14345880233805416,0.03490768866583034,0.07966887344732565,0.3395
rep0136,0.69,0.6887079765048779,alg1,0.15,0.015,0.03,0.105,prop_127,1000,2000,0.46230882645094956,0.9256431342094456,True,0.463334307758496,0.463334307758496,0.7032771850833959,0.7517228149166042,-0.2409683586324463,0.1739203192928413,0.048445629833208326,0.0803886779252877,0.3344999999999999
rep0137,0.53,0.5275458634709043,alg1,0.15,0.015,0.03,0.105,prop_127,1000,2000,0.17514299016753518,0.623213262116551,True,0.44807027194901583,0.44807027194901583,0.40902213014184924,0.46297786985815076,-0.23387913997431406,0.16023539225840025,0.05395573971630152,0.07511453223271425,0.31900000000000006
rep0138,0.68,0.6836662035569702,alg1,0.15,0.015,0.03,0.105,prop_127,1000,2000,0.4453344885614599,0.9283265826708273,True,0.48299209410936744,0.48299209410936744,0.7145924014265495,0.7624075985734506,-0.26925791286508954,0.16591898409737674,0.04781519714690119,0.08067689696246627,0.35450000000000004
rep0139,0.34,0.34246234424060046,alg1,0.15,0.015,0.03,0.105,prop_127,1000,2000,-0.028734215197776913,0.42427592163156613,True,0.45301013682934305,0.42427592163156613,0.227411374890861,0.274588625109139,-0.2561455900886379,0.14968729652242713,0.04717725021827801,0.07833288661106502,0.3275
rep0140,0.76,0.76026167043702,alg1,0.15,0.015,0.03,0.105,prop_127,1000,2000,0.42446248821282645,0.8727802746326396,True,0.4483177864198132,0.4483177864198132,0.6668838386629148,0.7171161613370851,-0.24242135045008834,0.1556641132955545,0.05023232267417033,0.07108546374564279,0.327
rep0141,0.37,0.3662954280554882,alg1,0.15,0.015,0.03,0.105,prop_127,1000,2000,-0.023544116089041223,0.4149202071620908,True,0.43846432325113205,0.4149202071620908,0.22499000440986366,0.27200999559013633,-0.2485341204989049,0.1429102115719545,0.04701999118027267,0.08094433207085927,0.3105000000000001
rep0142,0.75,0.7451563627738389,alg1,0.15,0.015,0.03,0.105,prop_127,1000,2000,0.6097246059453756,1.0577892815063312,True,0.44806467556095564,0.3902753940546244,0.8842153564214124,0.9167846435785876,-0.2744907504760368,0.14100463792774365,0.03256928715717522,0.0744953884037805,0.34099999999999997
rep0143,0.90,0.897294643447469,alg1,0.15,0.015,0.03,0.105,prop_127,1000,2000,0.7012915326748335,1.1088716120001216,True,0.40758007932528817,0.29870846732516654,0.953865212992464,0.974134787007536,-0.2525736803176305,0.1347368249925857,0.02026957401507201,0.0568105053102162,0.3305
rep0144,0.74,0.7412687251743392,alg1,0.15,0.015,0.03,0.105,prop_127,1000,2000,0.3531075608947807,0.8303421396999866,True,0.4772345788052059,0.4772345788052059,0.6225257800660716,0.6744742199339283,-0.26941821917129094,0.15586791976605827,0.05194843986785669,0.07728613893734926,0.348
rep0145,0.83,0.8325232975898993,alg1,0.15,0.015,0.03,0.105,prop_127,1000,2000,0.7563078745044535,1.1851186640364995,True,0.428810789532046,0.24369212549554653,1.0,1.0,-0.24369212549554656,0.1851186640364995,0.0,0.07731078953204601,0.35150000000000003
rep0146,0.41,0.4065789411622467,alg1,0.15,0.015,0.03,0.105,prop_127,1000,2000,0.18520540352236012,0.6194301195153249,True,0.43422471599296475,0.43422471599296475,0.4199516245637023,0.47404837543629774,-0.23474622104134216,0.14538174407902713,0.05409675087259547,0.06562796512036928,0.3145
rep0147,0.55,0.5491873758139197,alg1,0.15,0.015,0.03,0.105,prop_127,1000,2000,0.3611646148601639,0.7808235125050609,True,0.419658897644897,0.419658897644897,0.587514834165702,0.6404851658342979,-0.22635021930553817,0.14033834667076292,0.05297033166859588,0.07218856597630108,0.2945
rep0148,0.73,0.7275578003271946,alg1,0.15,0.015,0.03,0.105,prop_127,1000,2000,0.4439378427211794,0.8709128809316913,True,0.42697503821051186,0.42697503821051186,0.6919806198145335,0.7410193801854665,-0.24804277709335407,0.1298935007462247,0.04903876037093302,0.07543627783957879,0.30249999999999994
rep0149,0.15,0.14942201113331577,alg1,0.15,0.015,0.03,0.105,prop_127,1000,2000,-0.04846601462217778,0.43327016440846,True,0.4817361790306378,0.43327016440846,0.23856295562694327,0.2864370443730568,-0.28702897024912105,0.1468331200354032,0.04787408874611351,0.07236209028452423,0.36150000000000004
rep0150,0.66,0.6594739645358743,alg1,0.15,0.015,0.03,0.105,prop_127,1000,2000,0.3718001209231693,0.8366090555588446,True,0.4648089346356753,0.4648089346356753,0.6174427307009551,0.6695572692990448,-0.24564260977778585,0.16705178625979972,0.05211453859808968,0.06519439603758553,0.34750000000000003
rep0151,0.25,0.24827371044222815,alg1,0.15,0.015,0.03,0.105,prop_127,1000,2000,-0.09543572211802875,0.3801789195654991,True,0.47561464168352785,0.3801789195654991,0.1796777340558227,0.2233222659441773,-0.27511345617385147,0.15685665362132176,0.0436445318883546,0.07947010979517322,0.35250000000000004
rep0152,0.51,0.5121843296922564,alg1,0.15,0.015,0.03,0.105,prop_127,1000,2000,0.16801155658758749,0.6556326212952137,True,0.48762106470762623,0.48762106470762623,0.4838049577232317,0.5381950422767684,-0.3157934011356442,0.11743757901844531,0.05439008455353672,0.06973098015408946,0.36350000000000005
rep0153,0.26,0.25937349786959984,alg1,0.15,0.015,0.03,0.105,prop_127,1000,2000,-0.07551711942502998,0.37666936424259023,True,0.4521864836676202,0.37666936424259023,0.17392448039066444,0.21707551960933558,-0.24944159981569441,0.15959384463325468,0.04315103921867114,0.07753544444894911,0.3315
rep0154,0.21,0.2082717208448632,alg1,0.15,0.015,0.03,0.105,prop_127,1000,2000,-0.09914541108990707,0.3796338228699577,True,0.47877923395986477,0.3796338228699577,0.19361228520784088,0.23838771479215912,-0.29275769629774795,0.14124610807779858,0.04477542958431824,0.0745038043755466,0.35949999999999993
rep0155,0.25,0.2453504546980276,alg1,0.15,0.015,0.03,0.105,prop_127,1000,2000,0.06892527359807182,0.5635534962272708,True,0.494628222629199,0.494628222629199,0.32405130274324967,0.3759486972567503,-0.25512602914517785,0.18760479897052046,0.051897394513500616,0.08223082811569826,0.36050000000000004
rep0156,0.75,0.7475338642148317,alg1,0.15,0.015,0.03,0.105,prop_127,1000,2000,0.6029135588012653,1.0650349584360637,True,0.46212139963479837,0.3970864411987347,0.8831428184725787,0.9158571815274212,-0.28022925967131335,0.14917777690864237,0.032714363054842543,0.07440703657995573,0.355
rep0157,0.04,0.039363710895215086,alg1,0.15,0.015,0.03,0.105,prop_127,1000,2000,-0.21581450787291526,0.2342694265201843,True,0.45008393439309957,0.2342694265201843,0.03637042211560784,0.05962957788439216,-0.2521849299885231,0.17463984863579213,0.023259155768784318,0.0818247786243152,0.34500000000000003
rep0158,0.81,0.8083218996639709,alg1,0.15,0.015,0.03,0.105,prop_127,1000,2000,0.45823940271657887,0.9151961551071678,True,0.4569567523905889,0.4569567523905889,0.7130482926408878,0.7609517073591122,-0.2548088899243089,0.15424444774805557,0.04790341471822446,0.0765533376723645,0.33249999999999996
rep0159,0.74,0.7437225016026947,alg1,0.15,0.015,0.03,0.105,prop_127,1000,2000,0.4079695913185908,0.8862140951553834,True,0.4782445038367926,0.4782445038367926,0.6735338415698446,0.7234661584301554,-0.26556425025125385,0.16274793672522803,0.049932316860310744,0.07681218697648184,0.35150000000000003
rep0160,0.16,0.16231761868478653,alg1,0.15,0.015,0.03,0.105,prop_127,1000,2000,-0.11496836902850732,0.31746252293644905,True,0.4324308919649564,0.31746252293644905,0.15480531839291456,0.19619468160708542,-0.2697736874214219,0.12126784132936363,0.04138936321417086,0.07854152875078552,0.3125
rep0161,0.18,0.17989688605408732,alg1,0.15,0.015,0.03,0.105,prop_127,1000,2000,0.01414523547391977,0.48463064472325745,True,0.4704854092493377,0.4704854092493377,0.2711654071839984,0.3208345928160016,-0.2570201717100786,0.16379605190725585,0.04966918563200318,0.07081622361733442,0.3500000000000001
rep0162,0.81,0.8138683302030187,alg1,0.15,0.015,0.03,0.105,prop_127,1000,2000,0.5131966486292499,0.9762393670301541,True,0.4630427184009043,0.4630427184009043,0.7704385758376655,0.8145614241623345,-0.25724192720841565,0.16167794286781972,0.04412284832466895,0.07241987007623535,0.34650000000000003
rep0163,0.22,0.22125079618287574,alg1,0.15,0.015,0.03,0.105,prop_127,1000,2000,-0.12943529159107625,0.3506533454419248,True,0.48008863703300103,0.3506533454419248,0.14243015820036053,0.18256984179963948,-0.2718654497914368,0.1680835036422853,0.04013968359927894,0.0699489534337221,0.37
rep0164,0.59,0.5875930004047152,alg1,0.15,0.015,0.03,0.105,prop_127,1000,2000,0.16526980323727108,0.6443071518579033,True,0.47903734862063224,0.47903734862063224,0.4254213996752891,0.47957860032471095,-0.260151596438018,0.1647285515331924,0.054157200649421866,0.07688014797121046,0.348
rep0165,0.52,0.5153033839925631,alg1,0.15,0.015,0.03,0.105,prop_127,1000,2000,0.4119016953144031,0.8729512640712024,True,0.46104956875679926,0.46104956875679926,0.6592180093317193,0.7097819906682807,-0.24731631401731613,0.16316927340292164,0.05056398133656148,0.07998558742023787,0.3304999999999999
rep0166,0.22,0.2213474430979118,alg1,0.15,0.015,0.03,0.105,prop_127,1000,2000,-0.015686671775021727,0.41599195281802026,True,0.43167862459304196,0.41599195281802026,0.24196114892481654,0.2900388510751835,-0.25764782069983827,0.12595310174283672,0.04807770215036697,0.08210092244267503,0.30149999999999993
rep0167,0.42,0.41672139865128677,alg1,0.15,0.015,0.03,0.105,prop_127,1000,2000,0.15534506235268353,0.580512741384881,True,0.42516767903219743,0.42516767903219743,0.3995938792106129,0.4534061207893871,-0.24424881685792937,0.12710662059549385,0.05381224157877418,0.07985543745342322,0.29150000000000004
rep0168,0.56,0.5566249948334794,alg1,0.15,0.015,0.03,0.105,prop_127,1000,2000,0.22961966311194357,0.661512780899766,True,0.43189311778782236,0.43189311778782236,0.4777997342483581,0.5322002657516419,-0.24818007113641452,0.12931251514812406,0.05440053150328383,0.07699258628453853,0.30050000000000004
rep0169,0.71,0.713573030530184,alg1,0.15,0.015,0.03,0.105,prop_127,1000,2000,0.6438973719232457,1.0954929626172325,True,0.4515955906939868,0.3561026280767543,0.8960483511291835,0.9269516488708165,-0.25215097920593776,0.16854131374641607,0.03090329774163303,0.07819229295235386,0.34249999999999997
rep0170,0.45,0.44651945910683194,alg1,0.15,0.015,0.03,0.105,prop_127,1000,2000,0.28602859075794124,0.7648511859810778,True,0.4788225952231366,0.4788225952231366,0.5274604482305495,0.5815395517694505,-0.24143185747260826,0.18331163421162738,0.054079103538901,0.08124349168423567,0.34349999999999997
rep0171,0.27,0.270264513131053,alg1,0.15,0.015,0.03,0.105,prop_127,1000,2000,0.181219521180344,0.6358880042930517,True,0.4546684831127077,0.4546684831127077,0.43736702245441067,0.4916329775455894,-0.25614750127406666,0.14425502674746227,0.05426595509117871,0.08040252802152892,0.32
rep0172,0.65,0.6499845599620253,alg1,0.15,0.015,0.03,0.105,prop_127,1000,2000,0.37897030606460436,0.8192930598045993,True,0.44032275373999497,0.44032275373999497,0.6240513027432497,0.6759486972567503,-0.24508099667864533,0.14334436254784905,0.051897394513500616,0.07592535922649424,0.3125000000000001
rep0173,0.30,0.3042174784626514,alg1,0.15,0.015,0.03,0.105,prop_127,1000,2000,0.35334888802651543,0.8423570629913271,False,0.48900817496481164,0.48900817496481164,0.6149023683112311,0.6670976316887689,-0.2615534802847157,0.17525943130255814,0.05219526337753777,0.06731291158727387,0.3695
rep0174,0.87,0.872140940226587,alg1,0.15,0.015,0.03,0.105,prop_127,1000,2000,0.5154546710757271,0.9806488082168194,True,0.46519413714109237,0.46519413714109237,0.7860507806231216,0.8289492193768784,-0.2705961095473946,0.15169958883994106,0.04289843875375676,0.07379569838733563,0.34850000000000003
rep0175,0.48,0.48412155508506133,alg1,0.15,0.015,0.03,0.105,prop_127,1000,2000,0.22575306618610566,0.6474501665324373,True,0.42169710034633157,0.42169710034633157,0.4518223765568167,0.5061776234431833,-0.226069310370711,0.1412725430892539,0.054355246886366615,0.07584185345996486,0.2915000000000001
rep0176,0.50,0.5005474447127507,alg1,0.15,0.015,0.03,0.105,prop_127,1000,2000,0.19351953205917535,0.6038734060164456,True,0.4103538739572702,0.4103538739572702,0.43139223205953287,0.48560776794046717,-0.2378727000003575,0.1182656380759784,0.05421553588093431,0.07513833807633585,0.281
rep0177,0.20,0.195947343891667,alg1,0.15,0.015,0.03,0.105,prop_127,1000,2000,-0.0148049501564671,0.44534599547520226,True,0.46015094563166936,0.44534599547520226,0.2531401125098595,0.30185988749014053,-0.2679450626663266,0.14348610798506173,0.048719774980281016,0.07943117065138844,0.3319999999999999
rep0178,0.80,0.7991816460721677,alg1,0.15,0.015,0.03,0.105,prop_127,1000,2000,0.6069661640161912,1.0788453745927669,True,0.47187921057657567,0.3930338359838088,0.8517039995984984,0.8882960004015016,-0.24473783558230716,0.19054937419126516,0.03659200080300318,0.06728720977357233,0.368
rep0179,0.81,0.8054567094885533,alg1,0.15,0.015,0.03,0.105,prop_127,1000,2000,0.47925329222336815,0.9629420576459375,True,0.4836887654225694,0.4836887654225694,0.7403822825225098,0.7866177174774901,-0.26112899029914166,0.1763243401684475,0.04623543495498028,0.07595333046758918,0.3615
rep0180,0.86,0.859919993968241,alg1,0.15,0.015,0.03,0.105,prop_127,1000,2000,0.599009049415953,1.107006507892614,True,0.5079974584766609,0.400990950584047,0.9155734316741554,0.9434265683258446,-0.3165643822582024,0.16357993956676925,0.027853136651689203,0.07564432182497155,0.4045000000000001
rep0181,0.09,0.0869791866737043,alg1,0.15,0.015,0.03,0.105,prop_127,1000,2000,-0.2080231482902764,0.22739300836162202,True,0.4354161566518984,0.22739300836162202,0.057027893412848155,0.08497210658715183,-0.26505104170312455,0.14242090177447017,0.027944213174303678,0.06397194347759477,0.34349999999999997
rep0182,0.59,0.5935736228241957,alg1,0.15,0.015,0.03,0.105,prop_127,1000,2000,0.39503784585650803,0.7953016145604045,True,0.40026376870389646,0.40026376870389646,0.6088086337543429,0.6611913662456571,-0.21377078789783488,0.13411024831474735,0.0523827324913142,0.06988103621258224,0.278
rep0183,0.68,0.6831723230360666,alg1,0.15,0.015,0.03,0.105,prop_127,1000,2000,0.25040334334795894,0.7297895887976255,True,0.4793862454496665,0.4793862454496665,0.511379133236085,0.565620866763915,-0.26097578988812603,0.16416872203371047,0.054241733527830016,0.07414451192183652,0.351
rep0184,0.64,0.6429866477224246,alg1,0.15,0.015,0.03,0.105,prop_127,1000,2000,0.34190506951973404,0.7930425270112467,True,0.45113745749151263,0.45113745749151263,0.5784049326910322,0.6315950673089678,-0.23649986317129817,0.16144745970227892,0.053190134617935536,0.07994732287357714,0.31799999999999995
rep0185,0.57,0.5745381165713259,alg1,0.15,0.015,0.03,0.105,prop_127,1000,2000,0.26423001357128983,0.7213071719591626,True,0.4570771583878728,0.4570771583878728,0.5249458804672591,0.579054119532741,-0.26071586689596926,0.14225305242642156,0.0541082390654819,0.0769689193223908,0.326
rep0186,0.26,0.25552835430643,alg1,0.15,0.015,0.03,0.105,prop_127,1000,2000,-0.032791458341853735,0.41674456138687,True,0.4495360197287237,0.41674456138687,0.2172487509445832,0.26375124905541675,-0.25004020928643694,0.15299331233145325,0.04650249811083354,0.08103352161789024,0.32199999999999995
rep0187,0.45,0.45437456814992283,alg1,0.15,0.015,0.03,0.105,prop_127,1000,2000,0.11565377135595079,0.5958677319045096,True,0.4802139605485588,0.4802139605485588,0.4100151645227209,0.4639848354772791,-0.2943613931667701,0.13188289642723044,0.05396967095455818,0.07574428959400054,0.35050000000000003
rep0188,0.22,0.22024719648747457,alg1,0.15,0.015,0.03,0.105,prop_127,1000,2000,0.06162234419449347,0.4947424589469982,True,0.4331201147525047,0.4331201147525047,0.30883170927163545,0.3601682907283646,-0.24720936507714197,0.13457416821863363,0.05133658145672915,0.08028353329577564,0.3015
rep0189,0.40,0.4042896228583839,alg1,0.15,0.015,0.03,0.105,prop_127,1000,2000,0.17969123629755615,0.6359965481935794,True,0.4563053118960233,0.4563053118960233,0.403066269248603,0.456933730751397,-0.22337503295104685,0.1790628174421824,0.05386746150279398,0.0814378503932292,0.321
rep0190,0.42,0.4202381271065776,alg1,0.15,0.015,0.03,0.105,prop_127,1000,2000,0.1395153383811082,0.6258569978776989,True,0.4863416594965907,0.4863416594965907,0.39761027443016717,0.4513897255698328,-0.258094936049059,0.17446727230786604,0.053779451139665646,0.07606220835692512,0.35649999999999993
rep0191,0.63,0.6349261713699239,alg1,0.15,0.015,0.03,0.105,prop_127,1000,2000,0.5527844476175244,0.9720151058828332,True,0.4192306582653088,0.4192306582653088,0.7897006579578009,0.8322993420421992,-0.23691621034027646,0.13971576384063403,0.042598684084398375,0.0711319741809105,0.3055
rep0192,0.73,0.7341189948490754,alg1,0.15,0.015,0.03,0.105,prop_127,1000,2000,0.525972915302162,0.9452563237501758,True,0.4192834084480138,0.4192834084480138,0.7590190287354236,0.8039809712645763,-0.23304611343326162,0.14127535248559944,0.044961942529152754,0.06632146591886107,0.308
rep0193,0.24,0.24281262584577007,alg1,0.15,0.015,0.03,0.105,prop_127,1000,2000,-0.008044263425168674,0.4970776882323792,True,0.5051219516575478,0.4970776882323792,0.28972882580831216,0.34027117419168784,-0.29777308923348084,0.15680651404069132,0.05054234838337568,0.07507960327417218,0.37949999999999995
rep0194,0.15,0.14717550424342188,alg1,0.15,0.015,0.03,0.105,prop_127,1000,2000,-0.011478460172304417,0.45326707300051683,True,0.46474553317282125,0.45326707300051683,0.21096717689410752,0.2570328231058925,-0.22244563706641193,0.19623424989462437,0.046065646211784966,0.07117988696103633,0.3475
rep0195,0.22,0.22276054321615973,alg1,0.15,0.015,0.03,0.105,prop_127,1000,2000,-0.09937289189367263,0.3681913396368527,True,0.4675642315305253,0.3681913396368527,0.17057202389501644,0.21342797610498357,-0.26994491578868907,0.15476336353186915,0.04285595220996713,0.07620827932055824,0.3485
rep0196,0.89,0.8937836441238065,alg1,0.15,0.015,0.03,0.105,prop_127,1000,2000,0.7819763219906728,1.1760663839900638,True,0.394090061999391,0.2180236780093272,0.9820762877514562,0.9939237122485438,-0.2000999657607834,0.18214267174151993,0.011847424497087644,0.07924263750230343,0.30299999999999994
rep0197,0.29,0.28710412471458546,alg1,0.15,0.015,0.03,0.105,prop_127,1000,2000,0.08350585828102947,0.4897311129497562,True,0.4062252546687267,0.4062252546687267,0.3166831634514794,0.36831683654852065,-0.23317730517044993,0.12141427640123552,0.051633673097041255,0.07709158157168539,0.2775000000000001
rep0198,0.39,0.389571296268631,alg1,0.15,0.015,0.03,0.105,prop_127,1000,2000,0.36957154036201967,0.8581598983522559,True,0.48858835799023626,0.48858835799023626,0.6311741512362525,0.6828258487637475,-0.26160261087423287,0.1753340495885084,0.05165169752749499,0.08093666046274134,0.3559999999999999
rep0199,0.59,0.5869226771015745,alg1,0.15,0.015,0.03,0.105,prop_127,1000,2000,0.446767155330634,0.9149387356430188,True,0.46817158031238476,0.46817158031238476,0.7197420463992974,0.7672579536007027,-0.2729748910686634,0.1476807820423161,0.047515907201405305,0.07715567311097954,0.34349999999999997
rep0200,0.48,0.4770473858657075,alg1,0.15,0.015,0.03,0.105,prop_127,1000,2000,0.311139633648576,0.7828312921857261,True,0.4716916585371501,0.4716916585371501,0.5829586974429696,0.6360413025570305,-0.2718190637943936,0.14678998962869558,0.05308260511406093,0.07410905342308921,0.3445
rep0201,0.94,0.9420692937562978,alg1,0.15,0.015,0.03,0.105,prop_127,1000,2000,0.6497526970338847,1.1554690964833014,True,0.5057163994494167,0.3502473029661153,0.9375870852960271,0.9614129147039729,-0.28783438826214236,0.19405618177932837,0.023825829407945864,0.08239057004147077,0.39949999999999997
rep0202,0.64,0.6419627186113309,alg1,0.15,0.015,0.03,0.105,prop_127,1000,2000,0.21560756154765948,0.7269522238874908,True,0.5113446623398313,0.5113446623398313,0.4958271686936172,0.5501728313063828,-0.2802196071459577,0.17677939258110792,0.05434566261276563,0.0744989997270657,0.38249999999999995
rep0203,0.87,0.8728690804042695,alg1,0.15,0.015,0.03,0.105,prop_127,1000,2000,0.7172968984188466,1.1563147330041676,True,0.43901783458532107,0.2827031015811534,1.0,1.0,-0.2827031015811534,0.15631473300416762,0.0,0.07451783458532102,0.36450000000000005
rep0204,0.68,0.6817865461635606,alg1,0.15,0.015,0.03,0.105,prop_127,1000,2000,0.41680089186771385,0.8639792425204356,True,0.4471783506527217,0.4471783506527217,0.6643277059578097,0.7146722940421903,-0.2475268140900958,0.14930694847824522,0.05034458808438069,0.07533376256834101,0.3215
rep0205,0.79,0.7948124942749676,alg1,0.15,0.015,0.03,0.105,prop_127,1000,2000,0.5607645132080291,0.965389147025871,True,0.40462463381784186,0.40462463381784186,0.7818828181206997,0.8251171818793003,-0.2211183049126706,0.1402719651465707,0.04323436375860057,0.07089027005924137,0.2904999999999999
rep0206,0.67,0.6718404300401883,alg1,0.15,0.015,0.03,0.105,prop_127,1000,2000,0.5109735074440843,1.001252273816187,True,0.49027876637210277,0.4890264925559157,0.7782386993064488,0.8217613006935512,-0.2672651918623645,0.17949097312263596,0.0435226013871024,0.07575616498500048,0.371
rep0207,0.44,0.44111121344232923,alg1,0.15,0.015,0.03,0.105,prop_127,1000,2000,0.23168937825174762,0.6992430157910612,True,0.46755363753931356,0.46755363753931356,0.48130230505202815,0.5356976949479717,-0.24961292680028052,0.16354532084308954,0.05439538989594356,0.0786582476433701,0.33449999999999996
rep0208,0.39,0.3870028123802113,alg1,0.15,0.015,0.03,0.105,prop_127,1000,2000,0.060660821605495185,0.5334207717259408,True,0.47275995012044564,0.47275995012044564,0.3191384198901407,0.37086158010985926,-0.2584775982846455,0.16255919161608154,0.05172316021971857,0.07453678990072699,0.34650000000000003
rep0209,0.37,0.3701065675818841,alg1,0.15,0.015,0.03,0.105,prop_127,1000,2000,0.26037968970006875,0.7039368696965227,True,0.44355717999645394,0.44355717999645394,0.48080185616403626,0.5351981438359638,-0.22042216646396753,0.168738725860559,0.0543962876719275,0.0801608923245265,0.30900000000000005
rep0210,0.57,0.5720635590694718,alg1,0.15,0.015,0.03,0.105,prop_127,1000,2000,0.20116529021337293,0.6672855719178369,True,0.46612028170446396,0.46612028170446396,0.47229838773387733,0.5267016122661227,-0.2711330975205044,0.14058395965171422,0.05440322453224533,0.0697170571722186,0.342
rep0211,0.64,0.642605059077068,alg1,0.15,0.015,0.03,0.105,prop_127,1000,2000,0.507313857847861,0.9639213818624077,True,0.45660752401454674,0.45660752401454674,0.7316018577658254,0.7783981422341746,-0.22428799991796444,0.18552323962823317,0.04679628446834916,0.07881123954619756,0.331
rep0212,0.73,0.7290562436856705,alg1,0.15,0.015,0.03,0.105,prop_127,1000,2000,0.6375322674298537,0.9931547586790421,True,0.35562249124918843,0.35562249124918843,0.8469382235915117,0.8840617764084884,-0.20940595616165802,0.10909298227055374,0.03712355281697666,0.07899893843221173,0.23950000000000005
rep0213,0.45,0.4504926383647331,alg1,0.15,0.015,0.03,0.105,prop_127,1000,2000,0.3786750679849269,0.8491155397840211,True,0.4704404717990942,0.4704404717990942,0.6602396762086207,0.7107603237913793,-0.2815646082236938,0.13835521599264172,0.05052064758275865,0.07941982421633548,0.3405
rep0214,0.20,0.20067437122531753,alg1,0.15,0.015,0.03,0.105,prop_127,1000,2000,-0.11308382479063353,0.3816583387602994,True,0.4947421635509329,0.3816583387602994,0.15909895321365872,0.20090104678634127,-0.27218277800429225,0.18075729197395815,0.04180209357268255,0.08144006997825037,0.37150000000000005
rep0215,0.49,0.4875285464639332,alg1,0.15,0.015,0.03,0.105,prop_127,1000,2000,0.25774764103220504,0.6961676147170924,True,0.4384199736848874,0.4384199736848874,0.5098729544252643,0.5641270455747358,-0.2521253133930592,0.13204056914235665,0.05425409114947155,0.08066588253541596,0.3034999999999999
rep0216,0.74,0.7395392601390693,alg1,0.15,0.015,0.03,0.105,prop_127,1000,2000,0.43711842664596845,0.854919639503326,True,0.4178012128573575,0.4178012128573575,0.6781411664824578,0.7278588335175421,-0.24102273983648936,0.12706080598578387,0.04971766703508429,0.07108354582227316,0.29700000000000004
rep0217,0.50,0.4987971719081355,alg1,0.15,0.015,0.03,0.105,prop_127,1000,2000,0.3768829277882298,0.8587575071474776,True,0.48187457935924777,0.48187457935924777,0.6383032300189089,0.6896967699810912,-0.2614203022306791,0.16906073716638642,0.05139353996218232,0.08248103939706547,0.34800000000000003
rep0218,0.51,0.5073383061225171,alg1,0.15,0.015,0.03,0.105,prop_127,1000,2000,0.26090593057986816,0.7263858221055718,True,0.4654798915257036,0.4654798915257036,0.5169039035304044,0.5710960964695957,-0.2559979729505362,0.15528972563597607,0.05419219293919131,0.07078769858651224,0.3405
rep0219,0.89,0.8941658073214155,alg1,0.15,0.015,0.03,0.105,prop_127,1000,2000,0.5659256008775453,1.0189025176892106,True,0.4529769168116653,0.4340743991224547,0.8448223447360763,0.8821776552639238,-0.2788967438585311,0.13672486242528673,0.03735531052784746,0.06262160628381791,0.3529999999999999
rep0220,0.79,0.7864265865773533,alg1,0.15,0.015,0.03,0.105,prop_127,1000,2000,0.4422590070966622,0.9354272362538716,True,0.49316822915720937,0.49316822915720937,0.7171667183830585,0.7648332816169415,-0.27490771128639624,0.17059395463693003,0.047666563233883075,0.0775016659233263,0.368
rep0221,0.22,0.2163437682887907,alg1,0.15,0.015,0.03,0.105,prop_127,1000,2000,0.04104426415835599,0.4214482634610236,True,0.3804039993026676,0.3804039993026676,0.24244676333390003,0.2905532366661,-0.20140249917554404,0.13089502679492362,0.04810647333219997,0.07579752597046763,0.25650000000000006
rep0222,0.68,0.6820867442155607,alg1,0.15,0.015,0.03,0.105,prop_127,1000,2000,0.5937785155251301,1.0442693718519824,True,0.4504908563268524,0.40622148447486994,0.8751142963261335,0.9088857036738666,-0.2813357808010034,0.13538366817811587,0.033771407347733096,0.0737194489791193,0.34299999999999997
rep0223,0.08,0.07965047967022967,alg1,0.15,0.015,0.03,0.105,prop_127,1000,2000,-0.05257191782115425,0.3978913013781997,True,0.45046321919935395,0.3978913013781997,0.2066228181108868,0.2523771818891132,-0.25919473593204106,0.14551411948908652,0.045754363778226365,0.07970885542112749,0.32500000000000007
rep0224,0.25,0.24867478111818783,alg1,0.15,0.015,0.03,0.105,prop_127,1000,2000,0.04070866197872386,0.5037514712614539,True,0.46304280928273006,0.46304280928273006,0.2848388636653053,0.3351611363346947,-0.24413020168658145,0.1685903349267593,0.05032227266938938,0.07572053661334072,0.337
rep0225,0.48,0.4845689469039558,alg1,0.15,0.015,0.03,0.105,prop_127,1000,2000,0.1518854229277139,0.6112550581311601,True,0.4593696352034462,0.4593696352034462,0.4174664691286011,0.47153353087139893,-0.2655810462008872,0.13972152725976117,0.05406706174279785,0.07280257346064833,0.3325
rep0226,0.48,0.47816637756057156,alg1,0.15,0.015,0.03,0.105,prop_127,1000,2000,0.2917331193948758,0.707462625557333,True,0.4157295061624572,0.4157295061624572,0.5138899802488373,0.5681100197511628,-0.2221568608539615,0.13935260580617015,0.05422003950232557,0.06800946666013163,0.2935
rep0227,0.36,0.35928621215960094,alg1,0.15,0.015,0.03,0.105,prop_127,1000,2000,0.1389810710432322,0.6887747334909644,True,0.5497936624477322,0.5497936624477322,0.4120015675499849,0.4659984324500151,-0.2730204965067527,0.22277630104094934,0.053996864900030195,0.08179679754770197,0.41400000000000003
rep0228,0.76,0.7594286059822114,alg1,0.15,0.015,0.03,0.105,prop_127,1000,2000,0.5706207615781707,1.016914928916285,True,0.44629416733811444,0.42937923842182935,0.7954418125380878,0.8375581874619122,-0.22482105095991717,0.17935674145437297,0.04211637492382447,0.08067779241429013,0.3235
rep0229,0.25,0.2514890147025645,alg1,0.15,0.015,0.03,0.105,prop_127,1000,2000,0.09542909115621451,0.5030643578500051,True,0.40763526669379063,0.40763526669379063,0.3250342563413168,0.3769657436586832,-0.22960516518510227,0.1260986141913219,0.05193148731736641,0.0702037793764243,0.28549999999999986
rep0230,0.50,0.49641499509083253,alg1,0.15,0.015,0.03,0.105,prop_127,1000,2000,0.30981049408269346,0.8228608151309252,True,0.5130503210482318,0.5130503210482318,0.589540549119027,0.642459450880973,-0.2797300550363335,0.18040136424995223,0.052918901761946024,0.06663141928628574,0.3935
rep0231,0.80,0.7983434811723167,alg1,0.15,0.015,0.03,0.105,prop_127,1000,2000,0.4708563526499186,0.8981707043067213,True,0.4273143516568027,0.4273143516568027,0.7120190861299327,0.7599809138700673,-0.2411627334800141,0.13818979043665403,0.04796182774013458,0.07885252391666814,0.3005
rep0232,0.76,0.7565532997342485,alg1,0.15,0.015,0.03,0.105,prop_127,1000,2000,0.4005233180306927,0.8554402100702521,True,0.4549168920395594,0.4549168920395594,0.676093112346127,0.7259068876538729,-0.2755697943154343,0.12953332241637916,0.04981377530774589,0.07110311673181341,0.3340000000000001
rep0233,0.52,0.5169508350813503,alg1,0.15,0.015,0.03,0.105,prop_127,1000,2000,0.35710372936374496,0.806214504262023,True,0.44911077489827805,0.44911077489827805,0.587514834165702,0.6404851658342979,-0.2304111048019571,0.16572933842772508,0.05297033166859588,0.07964044322968211,0.31650000000000006
rep0234,0.24,0.2370544948518857,alg1,0.15,0.015,0.03,0.105,prop_127,1000,2000,0.084194586100647,0.5835756563300549,True,0.4993810702294079,0.4993810702294079,0.35014120346049965,0.40285879653950035,-0.26594661735985264,0.18071685979055457,0.0527175930790007,0.07766347715040717,0.36900000000000005
rep0235,0.17,0.17288434210222248,alg1,0.15,0.015,0.03,0.105,prop_127,1000,2000,0.1526509515435126,0.6076250311476407,True,0.45497407960412806,0.45497407960412806,0.41398841570603756,0.46801158429396245,-0.26133746416252496,0.13961344685367824,0.054023168587924886,0.07045091101620321,0.33049999999999996
rep0236,0.47,0.47392236061284154,alg1,0.15,0.015,0.03,0.105,prop_127,1000,2000,0.26988491279153337,0.7405987734301179,True,0.47071386063858456,0.47071386063858456,0.539540032354316,0.593459967645684,-0.26965511956278265,0.14713880578443392,0.05391993529136796,0.07629392534721663,0.34049999999999997
rep0237,0.21,0.20973108962931705,alg1,0.15,0.015,0.03,0.105,prop_127,1000,2000,-0.056136269660868904,0.4257134971120369,True,0.4818497667729058,0.4257134971120369,0.19650052248373892,0.24149947751626108,-0.2526367921446078,0.1842140195957758,0.04499895503252216,0.07985081174038366,0.357
rep0238,0.49,0.4874129907226953,alg1,0.15,0.015,0.03,0.105,prop_127,1000,2000,0.33437204580080654,0.7494700196645288,True,0.4150979738637222,0.4150979738637222,0.5365186333956558,0.5904813666043442,-0.20214658759484921,0.15898865306018456,0.053962733208688496,0.07413524065503374,0.28700000000000003
rep0239,0.61,0.6112675775109,alg1,0.15,0.015,0.03,0.105,prop_127,1000,2000,0.46813271984764826,0.9703312755326791,True,0.5021985556850308,0.5021985556850308,0.7362487509445832,0.7827512490554167,-0.26811603109693494,0.18758002647726232,0.04650249811083351,0.08019605757419729,0.3755
rep0240,0.83,0.8330230644374834,alg1,0.15,0.015,0.03,0.105,prop_127,1000,2000,0.5249854480606548,0.9744247999078411,True,0.4494393518471863,0.4494393518471863,0.7917875449650642,0.8342124550349357,-0.2668020969044093,0.14021234487290546,0.04242491006987148,0.07101444177731475,0.336
rep0241,0.09,0.08800068387601229,alg1,0.15,0.015,0.03,0.105,prop_127,1000,2000,-0.20657043778011946,0.25172150163995416,True,0.4582919394200736,0.25172150163995416,0.052492646542009094,0.07950735345799091,-0.25906308432212855,0.17221414818196323,0.027014706915981818,0.0817772325040918,0.3495
rep0242,0.36,0.35514568575172045,alg1,0.15,0.015,0.03,0.105,prop_127,1000,2000,0.06879401507894639,0.6052739605495672,True,0.5364799454706208,0.5364799454706208,0.35606014559108834,0.4089398544089117,-0.28726613051214195,0.1963341061406555,0.052879708817823334,0.07860023665279753,0.4049999999999999
rep0243,0.05,0.046892072024196256,alg1,0.15,0.015,0.03,0.105,prop_127,1000,2000,0.02421360681985596,0.5316218733295568,True,0.5074082665097008,0.5074082665097008,0.2965804626755236,0.3474195373244764,-0.27236685585566767,0.18420233600508043,0.050839074648952765,0.069569191860748,0.38700000000000007
rep0244,0.69,0.6944375779997,alg1,0.15,0.015,0.03,0.105,prop_127,1000,2000,0.3945807492939328,0.8295889940932294,True,0.4350082447992966,0.4350082447992966,0.6393221838619176,0.6906778161380824,-0.24474143456798486,0.13891117795514693,0.0513556322761648,0.07615261252313182,0.30749999999999994
rep0245,0.89,0.886166604165183,alg1,0.15,0.015,0.03,0.105,prop_127,1000,2000,0.7560245092215554,1.1562808637866833,True,0.40025635456512787,0.2439754907784446,1.0,1.0,-0.2439754907784446,0.1562808637866832,0.0,0.0767563545651278,0.3235
rep0246,0.30,0.298515702451568,alg1,0.15,0.015,0.03,0.105,prop_127,1000,2000,0.060412235631902844,0.49915215220536574,True,0.4387399165734629,0.4387399165734629,0.3191384198901407,0.37086158010985926,-0.25872618425823785,0.12829057209550648,0.05172316021971857,0.07551675635374433,0.3115
rep0247,0.79,0.7946551174615434,alg1,0.15,0.015,0.03,0.105,prop_127,1000,2000,0.46557340074230874,0.9561408037870852,True,0.4905674030447765,0.4905674030447765,0.733666712338801,0.780333287661199,-0.26809331159649225,0.17580751612588616,0.04666657532239804,0.07640082772237844,0.36749999999999994
rep0248,0.56,0.563712294337859,alg1,0.15,0.015,0.03,0.105,prop_127,1000,2000,0.5139700691596033,0.9554078271333025,True,0.4414377579736992,0.4414377579736992,0.7362487509445832,0.7827512490554167,-0.2222786817849799,0.17265657807788581,0.04650249811083351,0.0784352598628657,0.3165
rep0249,0.42,0.4186202762119195,alg1,0.15,0.015,0.03,0.105,prop_127,1000,2000,0.23550059265024648,0.7140101517021726,True,0.47850955905192616,0.47850955905192616,0.48080185616403626,0.5351981438359638,-0.24530126351378978,0.17881200786620882,0.0543962876719275,0.07461327137999874,0.34949999999999987
rep0250,0.61,0.6068156800833652,alg1,0.15,0.015,0.03,0.105,prop_127,1000,2000,0.5112353718026877,0.9746989361517557,True,0.463463564349068,0.463463564349068,0.7553904903072617,0.8006095096927384,-0.24415511850457394,0.17408942645901737,0.04521901938547668,0.07974454496359129,0.3385
rep0251,0.86,0.8618993400469015,alg1,0.15,0.015,0.03,0.105,prop_127,1000,2000,0.36056872790779304,0.8444555649262777,False,0.4838868370184847,0.4838868370184847,0.6393221838619176,0.6906778161380824,-0.2787534559541246,0.1537777487881953,0.0513556322761648,0.07703120474231989,0.3555
rep0252,0.67,0.6697353685544964,alg1,0.15,0.015,0.03,0.105,prop_127,1000,2000,0.3137188682280674,0.8347802261839627,True,0.5210613579558954,0.5210613579558954,0.5915667369614611,0.6444332630385389,-0.27784786873339373,0.19034696314542382,0.05286652607707776,0.07319483187881759,0.39499999999999996
rep0253,0.23,0.2315792110325076,alg1,0.15,0.015,0.03,0.105,prop_127,1000,2000,-0.0772791462290596,0.3423455229554728,True,0.41962466918453245,0.3423455229554728,0.18159718396279892,0.22540281603720105,-0.2588763301918585,0.1169427069182718,0.043805632074402134,0.07731903711013027,0.29850000000000004
rep0254,0.35,0.3488156308575838,alg1,0.15,0.015,0.03,0.105,prop_127,1000,2000,0.018021665263431602,0.42941768712902645,True,0.4113960218655949,0.4113960218655949,0.24633308906642035,0.29466691093357966,-0.22831142380298874,0.1347507761954468,0.048333821867159316,0.06956219999843555,0.2935
rep0255,0.55,0.5452873026238187,alg1,0.15,0.015,0.03,0.105,prop_127,1000,2000,0.5002401350030723,0.942969573388136,True,0.44272943838506373,0.44272943838506373,0.7377984960382247,0.7842015039617753,-0.23755836103515235,0.15876806942636068,0.046403007923550676,0.082826430461513,0.31350000000000006
rep0256,0.33,0.3276252070311755,alg1,0.15,0.015,0.03,0.105,prop_127,1000,2000,0.3450025306773868,0.83028612941413,False,0.48528359873674326,0.48528359873674326,0.5981551305566233,0.6508448694433768,-0.2531525998792365,0.17944125997075325,0.052689738886753545,0.07759385984998979,0.355
rep0257,0.22,0.220046292910381,alg1,0.15,0.015,0.03,0.105,prop_127,1000,2000,0.2571250390906699,0.7009905646940324,False,0.4438655256033625,0.4438655256033625,0.49532592973634476,0.5496740702636551,-0.23820089064567485,0.15131649443037726,0.05434814052731035,0.07151738507605204,0.31800000000000006
rep0258,0.31,0.31273323894841487,alg1,0.15,0.015,0.03,0.105,prop_127,1000,2000,0.21415728974932938,0.6657626929971092,True,0.45160540324777987,0.45160540324777987,0.43686897236149846,0.4911310276385016,-0.2227116826121691,0.1746316653586077,0.05426205527700312,0.0733433479707768,0.32399999999999995
rep0259,0.84,0.8399520058838762,alg1,0.15,0.015,0.03,0.105,prop_127,1000,2000,0.6038228961588018,1.039321066555083,True,0.43549817039628114,0.3961771038411982,0.8554157052817168,0.8915842947182833,-0.25159280912291504,0.1477367718367997,0.03616858943656642,0.0738295809597147,0.3255
rep0260,0.21,0.21464953008967663,alg1,0.15,0.015,0.03,0.105,prop_127,1000,2000,0.06490626539829553,0.554568544125714,True,0.48966227872741847,0.48966227872741847,0.3073604798863457,0.35863952011365435,-0.24245421448805016,0.19592902401205964,0.05127904022730867,0.0783832385001097,0.3600000000000001
rep0261,0.61,0.6065874678869797,alg1,0.15,0.015,0.03,0.105,prop_127,1000,2000,0.3415683664638929,0.7590544243557032,True,0.41748605789181037,0.41748605789181037,0.5910601455910883,0.6439398544089118,-0.24949177912719547,0.11511456994679149,0.052879708817823445,0.07310634907398689,0.2915000000000001
rep0262,0.42,0.41841575630940175,alg1,0.15,0.015,0.03,0.105,prop_127,1000,2000,0.20070565879951013,0.6699599904451563,True,0.46925433164564617,0.46925433164564617,0.452321246715848,0.5066787532841519,-0.25161558791633787,0.16328123716100434,0.054357506568303904,0.07839682507734219,0.3365
rep0263,0.64,0.6354933957032018,alg1,0.15,0.015,0.03,0.105,prop_127,1000,2000,0.4238382855895563,0.8784383856736496,True,0.45460010008409335,0.45460010008409335,0.6541117008985318,0.7048882991014682,-0.23027341530897547,0.1735500865721814,0.05077659820293645,0.08232350188115695,0.32149999999999995
rep0264,0.36,0.36398743894398605,alg1,0.15,0.015,0.03,0.105,prop_127,1000,2000,0.05465552190403572,0.5498876160961697,True,0.49523209419213393,0.49523209419213393,0.34373387568372316,0.39626612431627684,-0.28907835377968744,0.15362149177989282,0.05253224863255368,0.07169984555958026,0.371
rep0265,0.58,0.5839228597765382,alg1,0.15,0.015,0.03,0.105,prop_127,1000,2000,0.09657633872854304,0.5641924333604367,False,0.46761609463189363,0.46761609463189363,0.35310013891112674,0.40589986108887327,-0.2565238001825837,0.1582925722715634,0.05279972217774653,0.07681637245414702,0.3380000000000001
rep0266,0.86,0.8571151432735223,alg1,0.15,0.015,0.03,0.105,prop_127,1000,2000,0.6092740917046128,1.1034650531882542,True,0.4941909614836414,0.3907259082953872,0.8681770486875233,0.9028229513124766,-0.25890295698291055,0.20064210187577763,0.03464590262495326,0.07354505885868817,0.386
rep0267,0.62,0.6225927707554104,alg1,0.15,0.015,0.03,0.105,prop_127,1000,2000,0.4814247483488255,0.936002462607788,True,0.4545777142589625,0.4545777142589625,0.7507286320510329,0.796271367948967,-0.2693038837022074,0.13973109465882091,0.04554273589793412,0.07403497836102835,0.33499999999999996
rep0268,0.27,0.27127696002390533,alg1,0.15,0.015,0.03,0.105,prop_127,1000,2000,0.07964813719816605,0.5243189064490115,True,0.4446707692508454,0.4446707692508454,0.32847557745603195,0.380524422543968,-0.2488274402578659,0.1437944839050434,0.05204884508793606,0.08112192416290936,0.31149999999999994
rep0269,0.81,0.80995904835551,alg1,0.15,0.015,0.03,0.105,prop_127,1000,2000,0.7636722687671103,1.1785368591646723,True,0.41486459039756207,0.23632773123288975,1.0,1.0,-0.23632773123288975,0.17853685916467232,0.0,0.08036459039756205,0.3345
rep0270,0.85,0.8472666218190608,alg1,0.15,0.015,0.03,0.105,prop_127,1000,2000,0.7675074294096146,1.1795978169608066,True,0.412090387551192,0.23249257059038542,1.0,1.0,-0.23249257059038544,0.17959781696080662,0.0,0.07609038755119202,0.3360000000000001
rep0271,0.73,0.7295466983738702,alg1,0.15,0.015,0.03,0.105,prop_127,1000,2000,0.5443792278848908,0.9997673680309611,True,0.4553881401460703,0.4553881401460703,0.8337354866919001,0.8722645133080998,-0.2893562588070093,0.12750285472286124,0.038529026616199724,0.07685911352987063,0.33999999999999997
rep0272,0.05,0.054946033858017725,alg1,0.15,0.015,0.03,0.105,prop_127,1000,2000,-0.2516662775740712,0.2280754761153981,True,0.47974175368946925,0.2280754761153981,0.0,0.0,-0.2516662775740712,0.2280754761153981,0.0,0.08124175368946912,0.39850000000000013
rep0273,0.28,0.28188189656186624,alg1,0.15,0.015,0.03,0.105,prop_127,1000,2000,-0.07822167133407626,0.3597883552206249,True,0.43801002655470117,0.3597883552206249,0.17440362207831517,0.21759637792168485,-0.2526252934123914,0.14219197729894006,0.04319275584336968,0.07831727071133154,0.31649999999999995
rep0274,0.45,0.4520708586248962,alg1,0.15,0.015,0.03,0.105,prop_127,1000,2000,0.21807483570006814,0.7373176937520621,True,0.519242858051994,0.519242858051994,0.5058576839330619,0.5601423160669382,-0.2877828482329937,0.17717537768512392,0.054284632133876354,0.06645822591811767,0.39849999999999997
rep0275,0.53,0.5272745302056078,alg1,0.15,0.015,0.03,0.105,prop_127,1000,2000,0.19067120319398523,0.6154003203230509,True,0.4247291171290657,0.4247291171290657,0.44334575983624,0.4976542401637599,-0.2526745566422548,0.11774608015929106,0.05430848032751989,0.06792063680154586,0.3025
rep0276,0.19,0.18801833515699878,alg1,0.15,0.015,0.03,0.105,prop_127,1000,2000,0.09408327238680309,0.566674444010805,True,0.47259117162400194,0.47259117162400194,0.31864730516539247,0.3703526948346075,-0.22456403277858938,0.19632174917619752,0.05170538966921501,0.07838578195478696,0.3424999999999999
rep0277,0.39,0.39456858338614365,alg1,0.15,0.015,0.03,0.105,prop_127,1000,2000,0.22341610121030114,0.691039431715315,True,0.46762333050501387,0.46762333050501387,0.4777997342483581,0.5322002657516419,-0.25438363303805694,0.15883916596367315,0.05440053150328383,0.06572279900173006,0.34750000000000003
rep0278,0.76,0.7554225841633077,alg1,0.15,0.015,0.03,0.105,prop_127,1000,2000,0.5130190773305512,0.9763365163021506,True,0.4633174389715994,0.4633174389715994,0.7662832313119162,0.8107167686880837,-0.25326415398136504,0.1656197476140668,0.04443353737616751,0.07938390159543185,0.3395
rep0279,0.04,0.04151735625906018,alg1,0.15,0.015,0.03,0.105,prop_127,1000,2000,-0.2549809860505931,0.16079228120487685,True,0.4157732672554699,0.16079228120487685,0.0,0.0,-0.2549809860505931,0.16079228120487685,0.0,0.06977326725546995,0.346
rep0280,0.54,0.53504006680339,alg1,0.15,0.015,0.03,0.105,prop_127,1000,2000,0.3098474005748081,0.731227168591894,True,0.4213797680170859,0.4213797680170859,0.5586990260997072,0.6123009739002928,-0.24885162552489917,0.11892619469160118,0.05360194780058558,0.07477782021650031,0.29300000000000004
rep0281,0.55,0.5504709865207026,alg1,0.15,0.015,0.03,0.105,prop_127,1000,2000,0.30101197060452134,0.7286388506599575,True,0.42762688005543614,0.42762688005543614,0.5390363960773875,0.5929636039226124,-0.23802442547286615,0.13567524673734507,0.05392720784522487,0.0821996722102113,0.2914999999999999
rep0282,0.23,0.22710822033450845,alg1,0.15,0.015,0.03,0.105,prop_127,1000,2000,0.08956713115885517,0.5409895558885063,True,0.4514224247296511,0.4514224247296511,0.3166831634514794,0.36831683654852065,-0.22711603229262423,0.17267271933998568,0.051633673097041255,0.07578875163260995,0.32399999999999995
rep0283,0.48,0.4777436706812082,alg1,0.15,0.015,0.03,0.105,prop_127,1000,2000,0.2307177353382726,0.694686335584097,True,0.46396860024582437,0.46396860024582437,0.4938223765568167,0.5481776234431833,-0.2631046412185441,0.14650871214091363,0.054355246886366615,0.07211335335945768,0.3375
rep0284,0.41,0.4093964434284971,alg1,0.15,0.015,0.03,0.105,prop_127,1000,2000,0.25084650385895224,0.7116862370563088,True,0.4608397331973566,0.4608397331973566,0.46480185616403624,0.5191981438359637,-0.21395535230508403,0.19248809322034516,0.0543962876719275,0.08294344552542915,0.32350000000000007
rep0285,0.34,0.3408505284075688,alg1,0.15,0.015,0.03,0.105,prop_127,1000,2000,0.2157167711496881,0.6911073027025189,True,0.47539053155283073,0.47539053155283073,0.45781061762010583,0.5121893823798942,-0.24209384647041773,0.17891792032262469,0.05437876475978837,0.08201176679304245,0.33899999999999997
rep0286,0.63,0.6326601693945919,alg1,0.15,0.015,0.03,0.105,prop_127,1000,2000,0.46410224249838333,0.9336690900715676,True,0.4695668475731843,0.4695668475731843,0.7007081713590881,0.7492918286409118,-0.2366059288607048,0.18437726143065578,0.04858365728182368,0.06148319029136062,0.35949999999999993
rep0287,0.29,0.2853408007468048,alg1,0.15,0.015,0.03,0.105,prop_127,1000,2000,0.07871630245743999,0.5082740404308823,True,0.4295577379734423,0.4295577379734423,0.31962956626785893,0.371370433732141,-0.24091326381041894,0.1369036066987413,0.05174086746428208,0.06331687050916024,0.3145
rep0288,0.12,0.1191548375086374,alg1,0.15,0.015,0.03,0.105,prop_127,1000,2000,-0.13750713825465935,0.3112943391054571,True,0.44880147736011644,0.3112943391054571,0.11217411707805028,0.14882588292194973,-0.24968125533270963,0.16246845618350736,0.03665176584389945,0.07664971151621697,0.3355
rep0289,0.55,0.5483031100363225,alg1,0.15,0.015,0.03,0.105,prop_127,1000,2000,0.3291047645766897,0.7554696444555329,True,0.4263648798788432,0.4263648798788432,0.5763817948368226,0.6296182051631773,-0.24727703026013295,0.12585143929235554,0.05323641032635473,0.07112846955248853,0.30199999999999994
rep0290,0.21,0.20681973976642407,alg1,0.15,0.015,0.03,0.105,prop_127,1000,2000,-0.13185282478907112,0.30673398943344155,True,0.43858681422251267,0.30673398943344155,0.11546740633055777,0.15253259366944225,-0.2473202311196289,0.15420139576399933,0.037065187338884475,0.07852162688362829,0.32299999999999995
rep0291,0.36,0.3560093623139204,alg1,0.15,0.015,0.03,0.105,prop_127,1000,2000,0.09082125429096674,0.5002180044332225,True,0.40939675014225574,0.40939675014225574,0.3191384198901407,0.37086158010985926,-0.22831716559917395,0.12935642432336325,0.05172316021971857,0.08317358992253715,0.2745
rep0292,0.65,0.6539878698642645,alg1,0.15,0.015,0.03,0.105,prop_127,1000,2000,0.5007860451929995,0.9206935860986859,True,0.4199075409056864,0.4199075409056864,0.7326341992163918,0.7793658007836082,-0.23184815402339232,0.14132778531507773,0.04673160156721634,0.07917593933847006,0.294
rep0293,0.60,0.6000084135548737,alg1,0.15,0.015,0.03,0.105,prop_127,1000,2000,0.4587555961909296,0.9310372648204214,True,0.4722816686294918,0.4722816686294918,0.7187117932538083,0.7662882067461918,-0.2599561970628787,0.1647490580742296,0.04757641349238351,0.0667052551371084,0.35799999999999993
rep0294,0.33,0.32763210151945477,alg1,0.15,0.015,0.03,0.105,prop_127,1000,2000,0.18097735664534115,0.6461294375206107,True,0.46515208087526955,0.46515208087526955,0.4548160065013623,0.5091839934986376,-0.27383864985602113,0.13694544402197303,0.05436798699727535,0.07428409387799423,0.33649999999999997
rep0295,0.88,0.8832141421695131,alg1,0.15,0.015,0.03,0.105,prop_127,1000,2000,0.725586672915454,1.1045476095275593,True,0.3789609366121053,0.274413327084546,0.9532977220699244,0.9737022779300757,-0.2277110491544704,0.13084533159748357,0.02040455586015133,0.07805638075195398,0.28049999999999997
rep0296,0.41,0.4081027203307714,alg1,0.15,0.015,0.03,0.105,prop_127,1000,2000,0.24965169543078358,0.6980994265089091,True,0.4484477310781255,0.4484477310781255,0.5148945113553897,0.5691054886446104,-0.2652428159246061,0.12899393786429875,0.05421097728922075,0.07573675378890488,0.31849999999999995
rep0297,0.27,0.2739059571062849,alg1,0.15,0.015,0.03,0.105,prop_127,1000,2000,0.22151870818098618,0.6645591049389492,True,0.44304039675796303,0.44304039675796303,0.42243747166858825,0.47656252833141177,-0.20091876348760207,0.18799657660753744,0.05412505666282352,0.0679153400951395,0.321
rep0298,0.51,0.5140009157446145,alg1,0.15,0.015,0.03,0.105,prop_127,1000,2000,0.19885219271591387,0.6967450608167427,True,0.49789286810082883,0.49789286810082883,0.47079859174693844,0.5252014082530616,-0.2719463990310246,0.17154365256368112,0.054402816506123164,0.06999005159470567,0.3735
rep0299,0.17,0.1667066850284299,alg1,0.15,0.015,0.03,0.105,prop_127,1000,2000,-0.03754311892441145,0.448493106399797,True,0.4860362253242084,0.448493106399797,0.22692701703485432,0.27407298296514565,-0.2644701359592658,0.17442012343465135,0.04714596593029133,0.07589025939391714,0.363
rep0300,0.29,0.2857072276657689,alg1,0.15,0.015,0.03,0.105,prop_127,1000,2000,-0.01945765723076398,0.47283183330936573,True,0.4922894905401297,0.47283183330936573,0.26482647590162584,0.3141735240983741,-0.2842841331323898,0.1586583092109916,0.04934704819674829,0.07144244234338154,0.3714999999999999
rep0301,0.73,0.7339092242236632,alg1,0.15,0.015,0.03,0.105,prop_127,1000,2000,0.5120076352810302,0.9999812653228068,True,0.48797363004177663,0.48797363004177663,0.7709582219443233,0.8150417780556768,-0.25895058666329307,0.18493948726713008,0.044083556111353506,0.06789007393042312,0.376
rep0302,0.68,0.6834706483229728,alg1,0.15,0.015,0.03,0.105,prop_127,1000,2000,0.3664844396808274,0.8547784971476456,True,0.48829405746681825,0.48829405746681825,0.6291384198901407,0.6808615801098593,-0.26265398020931335,0.17391691703778636,0.05172316021971857,0.07707089724709976,0.3595
rep0303,0.61,0.6109959230101963,alg1,0.15,0.015,0.03,0.105,prop_127,1000,2000,0.4274038642590197,0.8667390587013755,True,0.43933519444235575,0.43933519444235575,0.6781411664824578,0.7278588335175421,-0.2507373022234381,0.1388802251838334,0.04971766703508429,0.08011752740727152,0.3095
rep0304,0.56,0.5551292467317489,alg1,0.15,0.015,0.03,0.105,prop_127,1000,2000,0.30610574346974945,0.7693367672703201,True,0.46323102380057063,0.46323102380057063,0.5814405130311064,0.6345594869688935,-0.275334769561357,0.13477728030142652,0.053118973937787084,0.08161204986278348,0.3285
rep0305,0.10,0.1005941094292902,alg1,0.15,0.015,0.03,0.105,prop_127,1000,2000,-0.04878842272063624,0.39355799916911954,True,0.4423464218897558,0.39355799916911954,0.17823869930644884,0.22176130069355118,-0.22702712202708508,0.17179669847556836,0.043522601387102344,0.07832382050265341,0.3205
rep0306,0.72,0.7188019784642963,alg1,0.15,0.015,0.03,0.105,prop_127,1000,2000,0.4956802711226823,0.9679523030614294,True,0.4722720319387471,0.4722720319387471,0.7517642731564335,0.7972357268435665,-0.25608400203375115,0.17071657621786301,0.04547145368713301,0.08130057825161424,0.3454999999999999
rep0307,0.51,0.5068510117643481,alg1,0.15,0.015,0.03,0.105,prop_127,1000,2000,0.3269080528706758,0.7779397649884405,True,0.4510317121177647,0.4510317121177647,0.5743591214608248,0.6276408785391752,-0.247451068590149,0.15029888644926534,0.05328175707835037,0.06924995503941445,0.3284999999999999
rep0308,0.14,0.1375084237151595,alg1,0.15,0.015,0.03,0.105,prop_127,1000,2000,-0.06727970329836244,0.3835001797992892,True,0.4507798830976516,0.3835001797992892,0.22983378822015896,0.277166211779841,-0.2971134915185214,0.10633396801944818,0.04733242355968206,0.07094745953796966,0.3324999999999999
rep0309,0.82,0.8230979952228714,alg1,0.15,0.015,0.03,0.105,prop_127,1000,2000,0.7213591520777919,1.154300444264543,True,0.43294129218675115,0.2786408479222081,1.0,1.0,-0.2786408479222081,0.15430044426454304,0.0,0.07944129218675122,0.3534999999999999
rep0310,0.38,0.3849178123777623,alg1,0.15,0.015,0.03,0.105,prop_127,1000,2000,0.1971128106192575,0.6719184157341866,True,0.47480560511492914,0.47480560511492914,0.46380278115344903,0.5181972188465509,-0.2666899705341915,0.15372119688763575,0.05439443769310187,0.0809111674218273,0.33949999999999997
rep0311,0.14,0.13772731348913403,alg1,0.15,0.015,0.03,0.105,prop_127,1000,2000,0.02739427984426926,0.47543236158572866,True,0.4480380817414594,0.4480380817414594,0.2662887638645654,0.31571123613543456,-0.23889448402029614,0.15972112545029407,0.049422472270869156,0.0761156094705902,0.3225
rep0312,0.77,0.7651640383991807,alg1,0.15,0.015,0.03,0.105,prop_127,1000,2000,0.4602915414614548,0.9420626960793188,True,0.481771154617864,0.481771154617864,0.6991672219798509,0.7478327780201491,-0.23887568051839617,0.19422991805916962,0.04866555604029821,0.08010559857756583,0.353
rep0313,0.87,0.8651511229833888,alg1,0.15,0.015,0.03,0.105,prop_127,1000,2000,0.5962972394657584,1.0625416095395477,True,0.46624437007378927,0.4037027605342416,0.8697763222914039,0.9042236777085961,-0.27347908282564554,0.15831793183095164,0.03444735541719224,0.08179701465659717,0.35
rep0314,0.55,0.5451150387422286,alg1,0.15,0.015,0.03,0.105,prop_127,1000,2000,0.20362421075913645,0.6999006016350738,True,0.4962763908759374,0.4962763908759374,0.46230437275298547,0.5166956272470146,-0.258680161993849,0.18320497438805927,0.054391254494029095,0.0803851363819082,0.3615000000000001
rep0315,0.56,0.5644661717184385,alg1,0.15,0.015,0.03,0.105,prop_127,1000,2000,0.32916277791261384,0.773446720131348,True,0.44428394221873413,0.44428394221873413,0.5753704001637681,0.6286295998362319,-0.24620762225115425,0.14481712029511612,0.05325919967246384,0.0785247425462704,0.3125
rep0316,0.63,0.6280829997175954,alg1,0.15,0.015,0.03,0.105,prop_127,1000,2000,0.24528972352997297,0.7192022700617646,True,0.47391254653179166,0.47391254653179166,0.4828038150023758,0.5371961849976242,-0.23751409147240282,0.1820060850641404,0.054392369995248435,0.06752017653654324,0.352
rep0317,0.69,0.6902270980137905,alg1,0.15,0.015,0.03,0.105,prop_127,1000,2000,0.16388310520619326,0.5843760842073471,False,0.42049297900115384,0.42049297900115384,0.4005858502986296,0.4544141497013704,-0.23670274509243633,0.12996193450597668,0.05382829940274081,0.07566467959841294,0.29100000000000004
rep0318,0.14,0.14100463235908287,alg1,0.15,0.015,0.03,0.105,prop_127,1000,2000,0.0030211919628980177,0.47740340767852485,True,0.47438221571562683,0.47438221571562683,0.2677513783709623,0.31724862162903766,-0.2647301864080643,0.1601547860494872,0.04949724325807536,0.0783849724575515,0.34650000000000003
rep0319,0.24,0.23699663893414466,alg1,0.15,0.015,0.03,0.105,prop_127,1000,2000,-0.07460679642123041,0.4149116174204835,True,0.4895184138417139,0.4149116174204835,0.18399766767236775,0.22800233232763223,-0.25860446409359816,0.18690928509285126,0.04400466465526448,0.08251374918644944,0.363
rep0320,0.83,0.827387100801788,alg1,0.15,0.015,0.03,0.105,prop_127,1000,2000,0.5797534469198462,0.9849776018237844,True,0.40522415490393815,0.40522415490393815,0.8048518515878749,0.8461481484121252,-0.2250984046680286,0.13882945341165925,0.04129629682425029,0.06392785807968787,0.3
rep0321,0.15,0.14973648197777956,alg1,0.15,0.015,0.03,0.105,prop_127,1000,2000,-0.07423796504805666,0.3689093726708996,True,0.4431473377189563,0.3689093726708996,0.1710507806231216,0.2139492193768784,-0.24528874567117825,0.15496015329402124,0.04289843875375682,0.07924889896519954,0.32099999999999995
rep0322,0.54,0.5440223548145217,alg1,0.15,0.015,0.03,0.105,prop_127,1000,2000,0.4077295383718275,0.8740755578922175,True,0.46634601952038995,0.46634601952038995,0.6505392781885452,0.7014607218114549,-0.24280973981671766,0.1726148360807625,0.050921443622909734,0.07292457589748025,0.3424999999999999
rep0323,0.62,0.6227358224359697,alg1,0.15,0.015,0.03,0.105,prop_127,1000,2000,0.4610845101118843,0.8849580670146419,True,0.4238735569027576,0.4238735569027576,0.7007081713590881,0.7492918286409118,-0.23962366124720386,0.13566623837373007,0.04858365728182368,0.07678989962093397,0.2985
rep0324,0.53,0.530734929476436,alg1,0.15,0.015,0.03,0.105,prop_127,1000,2000,0.27346570311717483,0.7470221531820249,True,0.4735564500648501,0.4735564500648501,0.5329949360280756,0.5870050639719245,-0.25952923291090074,0.16001708921010038,0.05401012794384896,0.07604632212100115,0.34349999999999997
rep0325,0.79,0.7936689707678996,alg1,0.15,0.015,0.03,0.105,prop_127,1000,2000,0.5605738563526719,1.041592734898745,True,0.48101887854607317,0.4394261436473281,0.8195302454351985,0.8594697545648016,-0.25895638908252655,0.18212298033394358,0.03993950912960309,0.07757936941647015,0.3635
rep0326,0.54,0.5426056725752102,alg1,0.15,0.015,0.03,0.105,prop_127,1000,2000,0.04957147393850758,0.5449002255957444,True,0.4953287516572368,0.4953287516572368,0.33634715386829905,0.3886528461317009,-0.28677567992979147,0.1562473794640434,0.05230569226340187,0.07852305939383486,0.36450000000000005
rep0327,0.42,0.41630742171441215,alg1,0.15,0.015,0.03,0.105,prop_127,1000,2000,0.2784245432078746,0.7658826468667425,True,0.4874581036588679,0.4874581036588679,0.5637476607777775,0.6172523392222226,-0.2853231175699029,0.1486303076445199,0.053504678444445064,0.07945342521442289,0.3544999999999999
rep0328,0.65,0.6474016966509429,alg1,0.15,0.015,0.03,0.105,prop_127,1000,2000,0.4717729612182553,0.9262894237558799,True,0.45451646253762457,0.45451646253762457,0.70841811010851,0.7565818898914901,-0.2366451488902547,0.16970753386438978,0.04816377978298014,0.07235268275464446,0.334
rep0329,0.56,0.5580866708595992,alg1,0.15,0.015,0.03,0.105,prop_127,1000,2000,0.3946709199113767,0.837666968495152,True,0.4429960485837753,0.4429960485837753,0.6118549496039387,0.6641450503960613,-0.217184029692562,0.17352191809909065,0.052290100792122596,0.07370594779165263,0.31700000000000006
rep0330,0.08,0.07776087515982376,alg1,0.15,0.015,0.03,0.105,prop_127,1000,2000,-0.11860589391671927,0.33493225501600676,True,0.45353814893272604,0.33493225501600676,0.13768244407235825,0.17731755592764176,-0.2562883379890775,0.15761469908836503,0.03963511185528351,0.06540303707744266,0.3484999999999999
rep0331,0.49,0.4925135823439831,alg1,0.15,0.015,0.03,0.105,prop_127,1000,2000,0.20042570510748536,0.6993969171170733,True,0.49897121200958794,0.49897121200958794,0.45880903926117583,0.5131909607388241,-0.25838333415369047,0.18620595637824922,0.054381921477648254,0.08008929053193964,0.36450000000000005
rep0332,0.20,0.19968993750111136,alg1,0.15,0.015,0.03,0.105,prop_127,1000,2000,-0.006291034729546258,0.46331795908406204,True,0.4696089938136083,0.46331795908406204,0.2434181101085099,0.29158188989149014,-0.24970914483805615,0.1717360691925719,0.048163779782980254,0.07244521403062815,0.3489999999999999
rep0333,0.74,0.7356380718063558,alg1,0.15,0.015,0.03,0.105,prop_127,1000,2000,0.5083912700533981,1.0406855889719113,True,0.5322943189185132,0.4916087299466019,0.7923094096764256,0.8346905903235744,-0.2839181396230274,0.2059949986483369,0.0423811806471488,0.08091313827136426,0.40900000000000003
rep0334,0.61,0.6078119313330457,alg1,0.15,0.015,0.03,0.105,prop_127,1000,2000,0.4309977435508126,0.8609846930026219,True,0.4299869494518093,0.4299869494518093,0.6444188991439487,0.6955811008560514,-0.21342115559313607,0.1654035921465705,0.05116220171210273,0.0703247477397066,0.30849999999999994
rep0335,0.76,0.7579572902940152,alg1,0.15,0.015,0.03,0.105,prop_127,1000,2000,0.5187953341260485,0.9398103215973829,True,0.42101498747133437,0.42101498747133437,0.758500522483739,0.803499477516261,-0.2397051883576905,0.13631084408112185,0.04499895503252205,0.07901603243881228,0.29700000000000004
rep0336,0.06,0.056437219944274426,alg1,0.15,0.015,0.03,0.105,prop_127,1000,2000,-0.2156524225104069,0.221350820396326,True,0.43700324290673287,0.221350820396326,0.028903264577524575,0.050096735422475426,-0.24455568708793146,0.17125408497385058,0.02119347084495085,0.07030977206178207,0.3455
rep0337,0.51,0.5060089444970216,alg1,0.15,0.015,0.03,0.105,prop_127,1000,2000,0.33344025670871363,0.8148875478944296,True,0.481447291185716,0.481447291185716,0.6098239501953684,0.6621760498046316,-0.27638369348665476,0.15271149808979798,0.052352099609263236,0.07609519157645278,0.3529999999999999
rep0338,0.64,0.6436869556622545,alg1,0.15,0.015,0.03,0.105,prop_127,1000,2000,0.6344477079203468,1.0660226834130988,True,0.43157497549275203,0.36555229207965323,0.8788576060194896,0.9121423939805103,-0.24440989809914285,0.15388028943258836,0.033284787961020745,0.08029018753173117,0.318
rep0339,0.33,0.3281110030493755,alg1,0.15,0.015,0.03,0.105,prop_127,1000,2000,0.09443067043259731,0.5290145827358829,True,0.4345839123032855,0.4345839123032855,0.32700053857639383,0.37899946142360613,-0.23256986814379652,0.15001512131227676,0.0519989228472123,0.061584989456073214,0.32100000000000006
rep0340,0.24,0.2389022860716452,alg1,0.15,0.015,0.03,0.105,prop_127,1000,2000,-0.016518979451228627,0.42436673311270656,True,0.44088571256393516,0.42436673311270656,0.22692701703485432,0.27407298296514565,-0.24344599648608295,0.15029375014756088,0.04714596593029133,0.07323974663364397,0.3204999999999999
rep0341,0.35,0.34784415563146054,alg1,0.15,0.015,0.03,0.105,prop_127,1000,2000,0.05293640694651719,0.5139704099597653,True,0.4610340030132481,0.4610340030132481,0.32208577181956305,0.3739142281804369,-0.26914936487304586,0.14005618177932835,0.051828456360873854,0.08170554665237417,0.3275
rep0342,0.49,0.4929314917112036,alg1,0.15,0.015,0.03,0.105,prop_127,1000,2000,0.3202946215312798,0.7957903115904734,True,0.4754956900591936,0.4754956900591936,0.5718314311108293,0.6251685688891707,-0.25153680957954955,0.1706217427013027,0.05333713777834137,0.07615855228085228,0.346
rep0343,0.66,0.6608447442021788,alg1,0.15,0.015,0.03,0.105,prop_127,1000,2000,0.353659730021084,0.8476743911767277,True,0.49401466115564374,0.49401466115564374,0.6123627759741046,0.6646372240258953,-0.2587030459530206,0.18303716715083237,0.05227444805179071,0.0812402131038531,0.36049999999999993
rep0344,0.38,0.37969779922686203,alg1,0.15,0.015,0.03,0.105,prop_127,1000,2000,0.11190960587202956,0.6032662776290818,True,0.4913566717570522,0.4913566717570522,0.35655358384190017,0.40944641615809985,-0.2446439779698706,0.1938198614709819,0.05289283231619968,0.07796383944085256,0.3605
rep0345,0.96,0.9570659304741378,alg1,0.15,0.015,0.03,0.105,prop_127,1000,2000,0.7395854554276335,1.1521140614332086,True,0.41252860600557506,0.26041454457236646,0.9493391834323052,0.9706608165676948,-0.2097537280046716,0.18145324486551376,0.021321633135389595,0.0742069728701854,0.31699999999999995
rep0346,0.86,0.8623801979751146,alg1,0.15,0.015,0.03,0.105,prop_127,1000,2000,0.5840484395020203,1.0385566605786791,True,0.4545082210766588,0.41595156049797966,0.8633848521153982,0.8986151478846018,-0.2793364126133778,0.13994151269407729,0.03523029576920367,0.07977792530745509,0.3395
rep0347,0.40,0.3956994074496438,alg1,0.15,0.015,0.03,0.105,prop_127,1000,2000,0.28597730827329454,0.7460483052584276,True,0.46007099698513304,0.46007099698513304,0.568293876493078,0.6217061235069219,-0.2823165682197835,0.12434218175150566,0.05341224701384384,0.07465874997128924,0.3319999999999999
rep0348,0.41,0.40686582800690213,alg1,0.15,0.015,0.03,0.105,prop_127,1000,2000,0.17138762046556777,0.617253455067206,True,0.4458658346016382,0.4458658346016382,0.4149820065033625,0.46901799349663753,-0.2435943860377947,0.1482354615705685,0.054035986993275054,0.07332984760836325,0.31849999999999995
rep0349,0.83,0.8271548031327527,alg1,0.15,0.015,0.03,0.105,prop_127,1000,2000,0.5972665373324261,1.0782064629685117,True,0.4809399256360857,0.4027334626675739,0.8815349477634195,0.9144650522365806,-0.2842684104309934,0.16374141073193108,0.03293010447316114,0.07750982116292443,0.3705
rep0350,0.37,0.36724731038587727,alg1,0.15,0.015,0.03,0.105,prop_127,1000,2000,0.11266646504113603,0.5877768704336888,True,0.4751104053925527,0.4751104053925527,0.36840493269103225,0.4215950673089678,-0.2557384676498962,0.16618180312472097,0.053190134617935536,0.08092027077461722,0.34099999999999997
rep0351,0.64,0.6380978983502209,alg1,0.15,0.015,0.03,0.105,prop_127,1000,2000,0.5951972671122048,1.0257384822701265,True,0.43054121515792176,0.4048027328877952,0.8116604583139213,0.8523395416860786,-0.2164631912017166,0.1733989405840478,0.04067908337215731,0.07086213178576445,0.31899999999999995
rep0352,0.47,0.4692598611978995,alg1,0.15,0.015,0.03,0.105,prop_127,1000,2000,0.3997987387865718,0.8458851526474219,True,0.44608641386085013,0.44608641386085013,0.6321922074845368,0.6838077925154633,-0.23239346869796493,0.16207736013195861,0.05161558503092656,0.07197082882992362,0.32249999999999995
rep0353,0.39,0.388463302071118,alg1,0.15,0.015,0.03,0.105,prop_127,1000,2000,0.2320411516724874,0.6644209543715622,True,0.43237980269907483,0.43237980269907483,0.4943235336715526,0.5486764663284474,-0.2622823819990652,0.11574448804311493,0.05435293265689478,0.06552687004218011,0.3125
rep0354,0.59,0.5867490284482921,alg1,0.15,0.015,0.03,0.105,prop_127,1000,2000,0.2786283607591541,0.729546947987029,True,0.4509185872278749,0.4509185872278749,0.5365186333956558,0.5904813666043442,-0.25789027263650166,0.1390655813826848,0.053962733208688496,0.08095585401918642,0.316
rep0355,0.07,0.06891033291676682,alg1,0.15,0.015,0.03,0.105,prop_127,1000,2000,-0.2016042610412767,0.19006140674898925,True,0.39166566779026596,0.19006140674898925,0.03108729893997808,0.052912701060021924,-0.2326915599812548,0.1371487056889673,0.021825402120043844,0.07884026567022212,0.291
rep0356,0.83,0.8339770816826412,alg1,0.15,0.015,0.03,0.105,prop_127,1000,2000,0.660410889439556,1.0441913647175662,True,0.3837804752780103,0.33958911056044405,0.8681770486875233,0.9028229513124766,-0.20776615924796735,0.14136841340508957,0.03464590262495326,0.07563457265305684,0.2735000000000001
rep0357,0.23,0.23357126087160932,alg1,0.15,0.015,0.03,0.105,prop_127,1000,2000,-0.011388433688649668,0.45212720723873984,True,0.4635156409273895,0.45212720723873984,0.25898061981453346,0.3080193801854665,-0.27036905350318313,0.14410782705327335,0.04903876037093302,0.07947688055645646,0.335
rep0358,0.53,0.5265095333312138,alg1,0.15,0.015,0.03,0.105,prop_127,1000,2000,0.15031790455268895,0.6294055450819769,True,0.47908764052928793,0.47908764052928793,0.39761027443016717,0.4513897255698328,-0.2472923698774782,0.1780158195121441,0.053779451139665646,0.0748081893896223,0.35050000000000003
rep0359,0.28,0.27842268685814014,alg1,0.15,0.015,0.03,0.105,prop_127,1000,2000,0.002334059424497381,0.4512970328226357,True,0.44896297339813834,0.44896297339813834,0.24001908612993278,0.28798091387006725,-0.2376850267054354,0.16331611895256848,0.047961827740134466,0.07300114565800381,0.32800000000000007
rep0360,0.78,0.7796643858952914,alg1,0.15,0.015,0.03,0.105,prop_127,1000,2000,0.5025585075279821,0.8972235928719585,True,0.3946650853439764,0.3946650853439764,0.7285058563744222,0.7754941436255778,-0.22594734884644002,0.12172944924638068,0.04698828725115556,0.08017679809282063,0.26750000000000007
rep0361,0.30,0.3027840076398436,alg1,0.15,0.015,0.03,0.105,prop_127,1000,2000,-0.09129851862397623,0.4007048800535046,True,0.4920033986774808,0.4007048800535046,0.21289917237728248,0.25910082762271747,-0.3041976910012587,0.14160405243078714,0.046201655245434986,0.07580174343204582,0.37
rep0362,0.94,0.9371878343321084,alg1,0.15,0.015,0.03,0.105,prop_127,1000,2000,0.7681560360526262,1.1695354759604708,True,0.40137943990784464,0.23184396394737383,1.0,1.0,-0.23184396394737383,0.16953547596047072,0.0,0.07837943990784457,0.32299999999999995
rep0363,0.37,0.3704822141512414,alg1,0.15,0.015,0.03,0.105,prop_127,1000,2000,0.06433445648036878,0.565802218524307,True,0.5014677620439383,0.5014677620439383,0.33634715386829905,0.3886528461317009,-0.27201269738793027,0.17714937239260614,0.05230569226340187,0.0696620697805364,0.3795
rep0364,0.53,0.5338018011999215,alg1,0.15,0.015,0.03,0.105,prop_127,1000,2000,0.3731403755635205,0.8447675112520469,True,0.4716271356885264,0.4716271356885264,0.6077934392026322,0.6602065607973678,-0.2346530636391117,0.18456095045467902,0.05241312159473566,0.07621401409379075,0.34299999999999997
rep0365,0.84,0.8413168065896944,alg1,0.15,0.015,0.03,0.105,prop_127,1000,2000,0.5943235892036265,1.0303075570936802,True,0.43598396789005367,0.4056764107963735,0.8337354866919001,0.8722645133080998,-0.23941189748827363,0.15804304378558037,0.038529026616199724,0.07445494127385399,0.323
rep0366,0.12,0.11908796490391335,alg1,0.15,0.015,0.03,0.105,prop_127,1000,2000,-0.09238940398140824,0.3123606019646885,True,0.4047500059460968,0.3123606019646885,0.13246809610242202,0.17153190389757797,-0.22485750008383026,0.14082869806711054,0.03906380779515595,0.07918619815094091,0.2864999999999999
rep0367,0.47,0.4691687310789652,alg1,0.15,0.015,0.03,0.105,prop_127,1000,2000,0.18663317734968918,0.7054134240492718,True,0.5187802466995826,0.5187802466995826,0.4338812477219856,0.48811875227801443,-0.24724807037229643,0.2172946717712573,0.054237504556028826,0.07554274214355372,0.389
rep0368,0.37,0.3734818986954472,alg1,0.15,0.015,0.03,0.105,prop_127,1000,2000,0.24911705300216885,0.7320141963455589,True,0.48289714334339,0.48289714334339,0.5279634448281169,0.5820365551718832,-0.278846391825948,0.14997764117367562,0.054073110343766384,0.0803240329996236,0.34850000000000003
rep0369,0.36,0.35627210403937437,alg1,0.15,0.015,0.03,0.105,prop_127,1000,2000,0.16654547547086446,0.6475416050990351,True,0.4809961296281707,0.4809961296281707,0.4174664691286011,0.47153353087139893,-0.2509209936577366,0.1760080742276362,0.05406706174279785,0.07142906788537279,0.35550000000000004
rep0370,0.38,0.3768362772936027,alg1,0.15,0.015,0.03,0.105,prop_127,1000,2000,0.09337115622287845,0.5813926690647424,True,0.48802151284186396,0.48802151284186396,0.3674166761755252,0.42058332382447483,-0.27404551995264675,0.1608093452402676,0.05316664764894963,0.07535486519291434,0.35950000000000004
rep0371,0.25,0.25274354849262426,alg1,0.15,0.015,0.03,0.105,prop_127,1000,2000,-0.006031369362153233,0.4576048616951981,True,0.4636362310573513,0.4576048616951981,0.2424467633339,0.2905532366661,-0.24847813269605323,0.1670516250290981,0.0481064733322,0.08102975772515142,0.3344999999999999
rep0372,0.19,0.19176179445253563,alg1,0.15,0.015,0.03,0.105,prop_127,1000,2000,0.048667228716464006,0.4961980063730529,True,0.4475307776565889,0.4475307776565889,0.28875056057637877,0.33924943942362124,-0.24008333185991476,0.15694856694943163,0.05049887884724247,0.08003189880934647,0.31699999999999995
rep0373,0.63,0.6272188994392105,alg1,0.15,0.015,0.03,0.105,prop_127,1000,2000,0.37610611793662946,0.8105748054760944,True,0.43446868753946494,0.43446868753946494,0.6311741512362525,0.6828258487637475,-0.2550680332996231,0.12774895671234682,0.05165169752749499,0.07181699001196995,0.31099999999999994
rep0374,0.27,0.2708767567903986,alg1,0.15,0.015,0.03,0.105,prop_127,1000,2000,0.005529904302587679,0.4454321518007589,True,0.4399022474981712,0.4399022474981712,0.23856295562694327,0.2864370443730568,-0.2330330513243556,0.15899510742770212,0.04787408874611351,0.07302815875205776,0.31899999999999995
rep0375,0.54,0.5445132551941091,alg1,0.15,0.015,0.03,0.105,prop_127,1000,2000,0.428531438404727,0.8335197514357827,True,0.4049883130310557,0.4049883130310557,0.6622834179248831,0.7127165820751169,-0.23375197952015608,0.12080316936066579,0.0504331641502338,0.07355514888082182,0.281
rep0376,0.65,0.6541327039046094,alg1,0.15,0.015,0.03,0.105,prop_127,1000,2000,0.5984585848043306,1.0362157640457916,True,0.43775717924146107,0.40154141519566944,0.8374271983257299,0.8755728016742702,-0.2389686135213993,0.16064296237152142,0.038145603348540336,0.07711157589292073,0.3225
rep0377,0.43,0.42590792952605844,alg1,0.15,0.015,0.03,0.105,prop_127,1000,2000,0.27405476217785335,0.7127566878800367,True,0.4387019257021833,0.4387019257021833,0.5018441658110125,0.5561558341889875,-0.2277894036331592,0.1566008536910491,0.054311668377974964,0.07739025732420829,0.307
rep0378,0.20,0.2024341660241983,alg1,0.15,0.015,0.03,0.105,prop_127,1000,2000,-0.08564727076598633,0.37069444649746347,True,0.4563417172634498,0.37069444649746347,0.18784110744440174,0.23215889255559824,-0.2734883782103881,0.13853555394186523,0.044317785111196495,0.07802393215225334,0.33399999999999996
rep0379,0.46,0.46190430019363876,alg1,0.15,0.015,0.03,0.105,prop_127,1000,2000,0.1515480338238632,0.5601340340275062,True,0.408586000203643,0.408586000203643,0.3936444173649983,0.4473555826350017,-0.24209638354113508,0.11277845139250449,0.053711165270003414,0.08037483493363956,0.2745
rep0380,0.55,0.5521673894549264,alg1,0.15,0.015,0.03,0.105,prop_127,1000,2000,0.18499555649709765,0.6690419969573862,True,0.48404644046028855,0.48404644046028855,0.44135240942942366,0.4956475905705764,-0.256356852932326,0.17339440638680984,0.054295181141152726,0.07425125931913579,0.35550000000000004
rep0381,0.17,0.1665206389869533,alg1,0.15,0.015,0.03,0.105,prop_127,1000,2000,0.09368509201222625,0.6234755307075828,True,0.5297904386953565,0.5297904386953565,0.38175773035156874,0.4352422696484312,-0.2880726383393425,0.1882332610591515,0.05348453929686248,0.07680589939849403,0.39949999999999997
rep0382,0.34,0.3448362874284561,alg1,0.15,0.015,0.03,0.105,prop_127,1000,2000,0.186279237096106,0.6437785607655664,True,0.4574993236694604,0.4574993236694604,0.4259188175660211,0.4800811824339789,-0.23963958046991513,0.16369737833158754,0.05416236486795778,0.0813369588015026,0.32200000000000006
rep0383,0.47,0.4672960579978518,alg1,0.15,0.015,0.03,0.105,prop_127,1000,2000,0.19898397792006467,0.6927875562300927,True,0.493803578310028,0.493803578310028,0.47379842853636717,0.5282015714636328,-0.2748144506163025,0.16458598476645997,0.05440314292726561,0.06990043538276242,0.36950000000000005
rep0384,0.45,0.45084726900616834,alg1,0.15,0.015,0.03,0.105,prop_127,1000,2000,0.18245583755810535,0.6935558687778421,True,0.5111000312197368,0.5111000312197368,0.47279837413306103,0.527201625866939,-0.2903425365749557,0.1663542429109032,0.054403251733877944,0.0811967794858589,0.37549999999999994
rep0385,0.89,0.8879136274603612,alg1,0.15,0.015,0.03,0.105,prop_127,1000,2000,0.5790424423858574,0.9858061884624817,True,0.40676374607662424,0.40676374607662424,0.813757603471447,0.8542423965285529,-0.23471516108558957,0.13156379193392878,0.04048479305710595,0.07827895301951832,0.28800000000000003
rep0386,0.41,0.4097240031897142,alg1,0.15,0.015,0.03,0.105,prop_127,1000,2000,0.24758806364211555,0.7368066901287355,True,0.4892186264866199,0.4892186264866199,0.4988351756258825,0.5531648243741176,-0.2512471119837669,0.18364186575461783,0.05432964874823515,0.08238897773838477,0.3525
rep0387,0.68,0.6774976632423061,alg1,0.15,0.015,0.03,0.105,prop_127,1000,2000,0.5656254426847451,1.037012646368357,True,0.471387203683612,0.43437455731525487,0.8100882834727771,0.850911716527223,-0.24446284078803196,0.1861009298411342,0.04082343305444591,0.0825637706291662,0.348
rep0388,0.75,0.7528096674183,alg1,0.15,0.015,0.03,0.105,prop_127,1000,2000,0.35828462121458643,0.8415265973201902,True,0.48324197610560377,0.48324197610560377,0.6337195308261404,0.6852804691738595,-0.275434909611554,0.1562461281463306,0.05156093834771913,0.0801810377578846,0.3515
rep0389,0.22,0.2183137079808773,alg1,0.15,0.015,0.03,0.105,prop_127,1000,2000,0.15358723713184103,0.634643497909369,True,0.481056260777528,0.481056260777528,0.42392931147951723,0.4780706885204828,-0.2703420743476762,0.15657280938888626,0.054141377040965555,0.08091488373656247,0.34600000000000003
rep0390,0.22,0.22139342431061027,alg1,0.15,0.015,0.03,0.105,prop_127,1000,2000,-0.009319732244968515,0.4745762641936976,True,0.4838959964386661,0.4745762641936976,0.2575199875161223,0.30648001248387763,-0.26683971976109083,0.16809625170981998,0.04896002496775531,0.0744359714709108,0.3605
rep0391,0.75,0.748822558646661,alg1,0.15,0.015,0.03,0.105,prop_127,1000,2000,0.5397433460489479,0.9946194630970406,True,0.4548761170480927,0.4548761170480927,0.7923094096764256,0.8346905903235744,-0.2525660636274777,0.15992887277346626,0.0423811806471488,0.07599493640094401,0.3364999999999999
rep0392,0.94,0.9436897198162599,alg1,0.15,0.015,0.03,0.105,prop_127,1000,2000,0.48122701009113944,0.9509792775073924,True,0.469752267416253,0.469752267416253,0.7372818706295828,0.7837181293704171,-0.2560548605384434,0.1672611481369754,0.046436258740834235,0.07881600867541882,0.3445
rep0393,0.83,0.8325016956044307,alg1,0.15,0.015,0.03,0.105,prop_127,1000,2000,0.6093528159536925,1.0816180339325983,True,0.47226521797890575,0.3906471840463075,0.8836790244798366,0.9163209755201634,-0.2743262085261441,0.1652970584124348,0.032641951040326855,0.07712326693857885,0.36250000000000004
rep0394,0.39,0.39170946396776957,alg1,0.15,0.015,0.03,0.105,prop_127,1000,2000,0.0309023832871409,0.5039410378431244,True,0.4730386545559835,0.4730386545559835,0.28386128223843565,0.33413871776156434,-0.25295889895129475,0.16980232008156002,0.05027743552312869,0.07626121903285477,0.34650000000000003
rep0395,0.39,0.39476446793846776,alg1,0.15,0.015,0.03,0.105,prop_127,1000,2000,0.3571991516741356,0.884703555109368,True,0.5275044034352325,0.5275044034352325,0.6362657092412051,0.687734290758795,-0.2790665575670695,0.196969264350573,0.05146858151758993,0.07753582191764252,0.39849999999999997
rep0396,0.67,0.6677316484909898,alg1,0.15,0.015,0.03,0.105,prop_127,1000,2000,0.4139892277190864,0.8363527276712327,True,0.4223634999521463,0.4223634999521463,0.6520701166554336,0.7029298833445664,-0.23808088893634716,0.13342284432666626,0.050859766689132835,0.0685037332630134,0.30300000000000005
rep0397,0.14,0.1404332578252884,alg1,0.15,0.015,0.03,0.105,prop_127,1000,2000,0.09579390863166232,0.5568255166700001,True,0.4610316080383378,0.4610316080383378,0.35556673696146107,0.40843326303853894,-0.25977282832979876,0.14839225363146122,0.05286652607707787,0.0766650819612601,0.3314999999999999
rep0398,0.65,0.6468092434677706,alg1,0.15,0.015,0.03,0.105,prop_127,1000,2000,0.44518144434065626,0.8791382561230668,True,0.4339568117824106,0.4339568117824106,0.6571750817952029,0.7078249182047971,-0.21199363745454664,0.17131333791826978,0.050649836409594196,0.07480697537281639,0.30850000000000005
rep0399,0.77,0.7694144518072735,alg1,0.15,0.015,0.03,0.105,prop_127,1000,2000,0.6762894053873199,1.1102761858203694,True,0.4339867804330495,0.32371059461268015,0.9204926465420091,0.947507353457991,-0.24420324115468933,0.16276883236237832,0.027014706915981845,0.0794720735170677,0.32749999999999996
rep0400,0.49,0.48743787904866825,alg1,0.15,0.015,0.03,0.105,prop_127,1000,2000,0.31540037357838263,0.7799088636445277,True,0.4645084900661451,0.4645084900661451,0.5763817948368226,0.6296182051631773,-0.26098142125844,0.15029065848135031,0.05323641032635473,0.07777207973979028,0.3335
rep0401,0.27,0.2721180025440504,alg1,0.15,0.015,0.03,0.105,prop_127,1000,2000,0.14060752024482154,0.5960719651877897,True,0.45546444494296817,0.45546444494296817,0.4050511088688731,0.4589488911311269,-0.26444358862405154,0.1371230740566628,0.053897782262253835,0.06656666268071437,0.33499999999999996
rep0402,0.68,0.6789503433601506,alg1,0.15,0.015,0.03,0.105,prop_127,1000,2000,0.41593967530171055,0.8888516029458109,True,0.47291192764410034,0.47291192764410034,0.6735338415698446,0.7234661584301554,-0.2575941662681341,0.16538544451565546,0.049932316860310744,0.07097961078378956,0.352
rep0403,0.47,0.4677354982899411,alg1,0.15,0.015,0.03,0.105,prop_127,1000,2000,0.21158434478418298,0.6506421878325541,True,0.43905784304837114,0.43905784304837114,0.4643023050520282,0.5186976949479718,-0.2527179602678452,0.13194449288458232,0.05439538989594361,0.07616245315242759,0.30849999999999994
rep0404,0.21,0.20990604916350614,alg1,0.15,0.015,0.03,0.105,prop_127,1000,2000,0.0336061805089036,0.46146898336611386,True,0.42786280285721023,0.42786280285721023,0.27409311234612704,0.32390688765387293,-0.24048693183722344,0.13756209571224093,0.04981377530774589,0.0690490275494644,0.30899999999999994
rep0405,0.43,0.4311467206251106,alg1,0.15,0.015,0.03,0.105,prop_127,1000,2000,0.18739598651774042,0.6408542281963459,True,0.45345824167860543,0.45345824167860543,0.4259188175660211,0.4800811824339789,-0.2385228310482807,0.16077304576236695,0.05416236486795778,0.08179587681064765,0.3175
rep0406,0.47,0.46571649166241225,alg1,0.15,0.015,0.03,0.105,prop_127,1000,2000,0.333384308540196,0.8361834057034779,True,0.5027990971632819,0.5027990971632819,0.595620536972536,0.648379463027464,-0.26223622843234,0.187803942676014,0.052758926054927935,0.06704017110835397,0.38300000000000006
rep0407,0.41,0.41375333924820995,alg1,0.15,0.015,0.03,0.105,prop_127,1000,2000,0.309833850189991,0.796206711318934,True,0.48637286112894296,0.48637286112894296,0.5718314311108293,0.6251685688891707,-0.26199758092083836,0.17103814242976328,0.05333713777834137,0.06903572335060165,0.364
rep0408,0.49,0.49445316104049586,alg1,0.15,0.015,0.03,0.105,prop_127,1000,2000,0.14125626587598958,0.5618549286455448,True,0.42059866276955515,0.42059866276955515,0.3777991550690322,0.43120084493096783,-0.23654288919304264,0.13065408371457693,0.05340168986193561,0.07369697290761956,0.2935
rep0409,0.38,0.3848050124696291,alg1,0.15,0.015,0.03,0.105,prop_127,1000,2000,0.07170540100635941,0.5665039133529505,True,0.49479851234659106,0.49479851234659106,0.369887535708634,0.42311246429136606,-0.29818213470227456,0.1433914490615844,0.05322492858273209,0.07507358376385903,0.36649999999999994
rep0410,0.78,0.7802973816084029,alg1,0.15,0.015,0.03,0.105,prop_127,1000,2000,0.5238157395769197,0.9667914436048817,True,0.44297570402796194,0.44297570402796194,0.7564269769866803,0.8015730230133198,-0.23261123740976053,0.16521842059156183,0.04514604602663952,0.0738296580013223,0.32400000000000007
rep0411,0.67,0.6688147999147477,alg1,0.15,0.015,0.03,0.105,prop_127,1000,2000,0.5832464579586999,1.0084163049486388,True,0.42516984698993887,0.4167535420413001,0.8368995769223031,0.8751004230776969,-0.2536531189636032,0.13331588187094195,0.038200846155393764,0.07146900083454516,0.3155
rep0412,0.31,0.306090033488935,alg1,0.15,0.015,0.03,0.105,prop_127,1000,2000,0.02281396450088813,0.47630391952190726,True,0.45348995502101913,0.45348995502101913,0.2848388636653053,0.3351611363346947,-0.2620248991644172,0.14114278318721257,0.05032227266938938,0.07716768235162974,0.326
rep0413,0.76,0.757066391808175,alg1,0.15,0.015,0.03,0.105,prop_127,1000,2000,0.5110254474161517,0.9988999146435689,True,0.4878744672274171,0.4878744672274171,0.7642067615226292,0.8087932384773707,-0.25318131410647754,0.19010667616619814,0.044586476954741494,0.07978799027267569,0.3635
rep0414,0.79,0.7887919900296583,alg1,0.15,0.015,0.03,0.105,prop_127,1000,2000,0.6737994071903686,1.1483326230746091,True,0.4745332158842406,0.32620059280963143,0.94596391452771,0.9680360854722899,-0.27216450733734143,0.18029653760231923,0.022072170944579916,0.0669610449396606,0.38550000000000006
rep0415,0.54,0.5440700092001609,alg1,0.15,0.015,0.03,0.105,prop_127,1000,2000,0.22965819628046205,0.6873058924586262,True,0.45764769617816414,0.45764769617816414,0.4783000198812113,0.5326999801187886,-0.24864182360074924,0.1546059123398376,0.054399960237577316,0.07974773594058682,0.3235
rep0416,0.25,0.24629157077116925,alg1,0.15,0.015,0.03,0.105,prop_127,1000,2000,-0.04641328270395781,0.4217389907129462,True,0.468152273416904,0.4217389907129462,0.21869939785169354,0.2653006021483065,-0.26511268055565135,0.1564383885646397,0.046601204296612936,0.07455106912029108,0.347
rep0417,0.40,0.4025470814349371,alg1,0.15,0.015,0.03,0.105,prop_127,1000,2000,0.13204878914998228,0.5782731946003102,True,0.44622440545032793,0.44622440545032793,0.38027304946022694,0.433726950539773,-0.24822426031024467,0.14454624406053726,0.05345390107954606,0.06777050437078197,0.32499999999999996
rep0418,0.89,0.8910069249903315,alg1,0.15,0.015,0.03,0.105,prop_127,1000,2000,0.586410220835107,1.01671152139547,True,0.4303013005603631,0.41358977916489303,0.8379548986401182,0.8760451013598818,-0.2515446778050113,0.1406664200355882,0.0380902027197636,0.05671109784059947,0.3355
rep0419,0.59,0.5935607828378756,alg1,0.15,0.015,0.03,0.105,prop_127,1000,2000,0.40757846258928937,0.9174399965098252,True,0.5098615339205359,0.5098615339205359,0.680702036451849,0.730297963548151,-0.27312357386255964,0.18714203296167423,0.049595927096302006,0.07976560682423384,0.38050000000000006
rep0420,0.57,0.5715466086620452,alg1,0.15,0.015,0.03,0.105,prop_127,1000,2000,0.31278689007478155,0.7652815575676412,True,0.4524946674928596,0.4524946674928596,0.5496186409435192,0.6033813590564808,-0.23683175086873767,0.16190019851116033,0.05376271811296163,0.08023194937989797,0.3185
rep0421,0.25,0.25285566616842686,alg1,0.15,0.015,0.03,0.105,prop_127,1000,2000,-0.07126410697757371,0.3806344703449952,True,0.4518985773225689,0.3806344703449952,0.166265737613473,0.208734262386527,-0.2375298445910467,0.17190020795846817,0.04246852477305402,0.07793005254951485,0.3315
rep0422,0.17,0.16693479447728637,alg1,0.15,0.015,0.03,0.105,prop_127,1000,2000,-0.15502939142897598,0.3217196020817016,True,0.47674899351067757,0.3217196020817016,0.14243015820036053,0.18256984179963948,-0.2974595496293365,0.13914976028206213,0.04013968359927894,0.07260930991139863,0.36400000000000005
rep0423,0.83,0.8258695745189623,alg1,0.15,0.015,0.03,0.105,prop_127,1000,2000,0.6218640154730881,1.0380391892620748,True,0.4161751737889867,0.3781359845269119,0.8532941852964894,0.8897058147035107,-0.2314301698234013,0.14833337455856402,0.03641162940702136,0.07326354438196536,0.3065
rep0424,0.64,0.6414983808673556,alg1,0.15,0.015,0.03,0.105,prop_127,1000,2000,0.4254982076740073,0.9421411865236056,True,0.5166429788495983,0.5166429788495983,0.7068754241122303,0.7551245758877697,-0.28137721643822294,0.1870166106358358,0.048249151775539456,0.07289382707405878,0.39549999999999996
rep0425,0.26,0.2582053856343371,alg1,0.15,0.015,0.03,0.105,prop_127,1000,2000,0.012461543451762619,0.4606124489128026,True,0.44815090546104,0.44815090546104,0.24001908612993278,0.28798091387006725,-0.22755754267817016,0.17263153504273537,0.047961827740134466,0.07768907772090555,0.32249999999999995
rep0426,0.38,0.38380573094991494,alg1,0.15,0.015,0.03,0.105,prop_127,1000,2000,0.416097909720154,0.8009376927339369,False,0.3848397830137829,0.3848397830137829,0.6459485497943106,0.6970514502056894,-0.22985064007415662,0.1038862425282475,0.05110290041137877,0.08273688260240414,0.251
rep0427,0.65,0.6523685889158428,alg1,0.15,0.015,0.03,0.105,prop_127,1000,2000,0.3394252927638035,0.7848548617689469,True,0.4454295690051434,0.4454295690051434,0.5844771454009049,0.6375228545990951,-0.24505185263710139,0.14733200716985184,0.05304570919819018,0.07988385980695323,0.3125
rep0428,0.34,0.34449647918286297,alg1,0.15,0.015,0.03,0.105,prop_127,1000,2000,0.07646899623813413,0.5751007312721226,True,0.49863173503398844,0.49863173503398844,0.33536277597410463,0.38763722402589534,-0.2588937797359705,0.1874635072462273,0.05227444805179071,0.07335728698219779,0.373
rep0429,0.22,0.21723207027850108,alg1,0.15,0.015,0.03,0.105,prop_127,1000,2000,0.08433367847131018,0.5408382364121446,True,0.4565045579408344,0.4565045579408344,0.3348706330063241,0.3871293669936759,-0.2505369545350139,0.15370886941846865,0.05225873398735181,0.07824582395348256,0.32599999999999996
rep0430,0.68,0.6820695962174026,alg1,0.15,0.015,0.03,0.105,prop_127,1000,2000,0.5313157582140716,0.9910518462225826,True,0.45973608800851096,0.45973608800851096,0.7990989532136586,0.8409010467863413,-0.267783194999587,0.15015079943624132,0.04180209357268261,0.07893399443582838,0.33899999999999997
rep0431,0.28,0.284225366311842,alg1,0.15,0.015,0.03,0.105,prop_127,1000,2000,0.11438006759239422,0.5297720004897385,True,0.4153919328973443,0.4153919328973443,0.3649465452524147,0.4180534547475853,-0.2505664776600205,0.11171854574215322,0.05310690949517061,0.06728502340217368,0.29500000000000004
rep0432,0.31,0.30768361282272644,alg1,0.15,0.015,0.03,0.105,prop_127,1000,2000,0.1629150931379834,0.6488329808043907,True,0.48591788766640726,0.48591788766640726,0.43039681814334185,0.4846031818566582,-0.26748172500535844,0.16422979894773243,0.05420636371331633,0.07471152395309077,0.3570000000000001
rep0433,0.30,0.302376705474965,alg1,0.15,0.015,0.03,0.105,prop_127,1000,2000,0.12164503708661761,0.5546298736156089,True,0.4329848365289913,0.4329848365289913,0.3753259797091399,0.42867402029086016,-0.2536809426225223,0.12595585332474873,0.05334804058172027,0.06463679594727106,0.31499999999999995
rep0434,0.57,0.567639441098303,alg1,0.15,0.015,0.03,0.105,prop_127,1000,2000,0.425805580795245,0.8975528100689092,True,0.4717472292736642,0.4717472292736642,0.6643277059578097,0.7146722940421903,-0.23852212516256469,0.18288051602671884,0.05034458808438069,0.07040264118928347,0.35100000000000003
rep0435,0.04,0.041969512259814074,alg1,0.15,0.015,0.03,0.105,prop_127,1000,2000,-0.05563593898571487,0.4351061585780192,True,0.4907420975637341,0.4351061585780192,0.19650052248373892,0.24149947751626108,-0.2521364614694538,0.19360668106175813,0.04499895503252216,0.0772431425312119,0.36850000000000005
rep0436,0.14,0.14023513953337763,alg1,0.15,0.015,0.03,0.105,prop_127,1000,2000,-0.07859558318994725,0.35899112174484965,True,0.4375867049347969,0.35899112174484965,0.15957632620087647,0.20142367379912351,-0.23817190939082372,0.15756744794572614,0.04184734759824704,0.06773935733654979,0.32800000000000007
rep0437,0.25,0.2515345925402716,alg1,0.15,0.015,0.03,0.105,prop_127,1000,2000,0.1306991928013409,0.590658970792395,True,0.45995977799105414,0.45995977799105414,0.39661864094351923,0.45038135905648075,-0.2659194481421783,0.1402776117359143,0.053762718112961516,0.07719705987809261,0.329
rep0438,0.43,0.4292060522489633,alg1,0.15,0.015,0.03,0.105,prop_127,1000,2000,0.20692460280420338,0.682265673336861,True,0.47534107053265756,0.47534107053265756,0.4533190688416903,0.5076809311583097,-0.24639446603748694,0.17458474217855124,0.05436186231661938,0.0739792082160382,0.347
rep0439,0.49,0.491701673642238,alg1,0.15,0.015,0.03,0.105,prop_127,1000,2000,0.12509395034179144,0.5980406272064053,True,0.47294667686461384,0.47294667686461384,0.38720376133585355,0.4407962386641464,-0.2621098109940621,0.15724438854225886,0.053592477328292865,0.08035419953632095,0.339
rep0440,0.50,0.4993100840412795,alg1,0.15,0.015,0.03,0.105,prop_127,1000,2000,0.11580999641387069,0.6084154762042084,True,0.49260547979033775,0.49260547979033775,0.376809798521215,0.43019020147878506,-0.2609998021073443,0.17822527472542338,0.05338040295757007,0.06772507683276763,0.37150000000000005
rep0441,0.04,0.037745194308399226,alg1,0.15,0.015,0.03,0.105,prop_127,1000,2000,-0.18811681774773306,0.2375825565406816,True,0.42569937428841464,0.2375825565406816,0.06432533420082673,0.09367466579917327,-0.2524421519485598,0.14390789074150834,0.029349331598346545,0.07535004269006806,0.32100000000000006
rep0442,0.31,0.31051142046596214,alg1,0.15,0.015,0.03,0.105,prop_127,1000,2000,0.1526876448340541,0.6102940898889717,True,0.45760644505491765,0.45760644505491765,0.3906712113997112,0.44432878860028874,-0.23798356656565714,0.16596530128868298,0.05365757720057751,0.06094886785434017,0.34299999999999997
rep0443,0.35,0.35370322252362474,alg1,0.15,0.015,0.03,0.105,prop_127,1000,2000,0.02304447963018219,0.45814348975913144,True,0.43509901012894925,0.43509901012894925,0.2721411664824578,0.3218588335175422,-0.2490966868522756,0.13628465624158928,0.0497176670350844,0.0748813430938649,0.31049999999999994
rep0444,0.53,0.5336519488191548,alg1,0.15,0.015,0.03,0.105,prop_127,1000,2000,0.39694690751405926,0.8428310463567938,True,0.4458841388427346,0.4458841388427346,0.625577107438467,0.677422892561533,-0.2286301999244077,0.1654081537952609,0.051845785123066035,0.0770383537196686,0.31699999999999995
rep0445,0.46,0.4581531175440305,alg1,0.15,0.015,0.03,0.105,prop_127,1000,2000,0.117523640698527,0.5792558920699022,True,0.46173225137137525,0.46173225137137525,0.3688991046167804,0.42210089538321965,-0.2513754639182534,0.15715499668668262,0.05320179076643927,0.07803046060493601,0.3305
rep0446,0.25,0.2468451336990828,alg1,0.15,0.015,0.03,0.105,prop_127,1000,2000,-0.14886119027410524,0.31651093050499424,True,0.4653721207790995,0.31651093050499424,0.14433115460329213,0.1846688453967079,-0.29319234487739737,0.13184208510828635,0.04033769079341576,0.07853442998568372,0.34650000000000003
rep0447,0.41,0.4140230549574396,alg1,0.15,0.015,0.03,0.105,prop_127,1000,2000,0.3249630271921835,0.7630370359892836,True,0.4380740087971001,0.4380740087971001,0.5804285362368262,0.6335714637631737,-0.2554655090446427,0.12946557222610988,0.05314292752634753,0.06893108127075254,0.31600000000000006
rep0448,0.83,0.8287472972503965,alg1,0.15,0.015,0.03,0.105,prop_127,1000,2000,0.6930062555649948,1.1222561710938652,True,0.4292499155288704,0.30699374443500516,0.9527307467467202,0.9732692532532797,-0.25972449118172536,0.14898691784058546,0.02053850650655953,0.07821140902231083,0.3305
rep0449,0.56,0.5645067429946748,alg1,0.15,0.015,0.03,0.105,prop_127,1000,2000,0.36005167158724405,0.8436246011357211,True,0.4835729295484771,0.4835729295484771,0.6215089212139886,0.6734910787860113,-0.26145724962674455,0.17013352234970974,0.051982157572022736,0.07909077197645425,0.35250000000000004
rep0450,0.94,0.9431920023976119,alg1,0.15,0.015,0.03,0.105,prop_127,1000,2000,0.5688683697617277,1.038225393451027,True,0.4693570236892993,0.4311316302382723,0.8580696918117273,0.8939303081882727,-0.2892013220499996,0.14429508526275442,0.03586061637654536,0.06899640731275397,0.36450000000000005
rep0451,0.43,0.43180080703757445,alg1,0.15,0.015,0.03,0.105,prop_127,1000,2000,0.1824788116812443,0.6986499471905763,True,0.5161711355093319,0.5161711355093319,0.45681230493270303,0.5111876950672969,-0.2743334932514587,0.18746225212327935,0.05437539013459386,0.07029574537473815,0.39149999999999996
rep0452,0.56,0.5627620654820352,alg1,0.15,0.015,0.03,0.105,prop_127,1000,2000,0.3253634743032353,0.7796840951881813,True,0.45432062088494596,0.45432062088494596,0.5652628080717452,0.6187371919282547,-0.23989933376850994,0.16094690325992658,0.05347438385650949,0.06284623702843656,0.33799999999999997
rep0453,0.14,0.14300716904163316,alg1,0.15,0.015,0.03,0.105,prop_127,1000,2000,-0.18499114810013118,0.3122518996943387,True,0.4972430477944699,0.3122518996943387,0.08832249706096051,0.12167750293903948,-0.2733136451610917,0.19057439675529922,0.033355005878078964,0.07138804191639081,0.39250000000000007
rep0454,0.51,0.5104109404691677,alg1,0.15,0.015,0.03,0.105,prop_127,1000,2000,0.23861571689053118,0.696328854753029,True,0.4577131378624978,0.4577131378624978,0.4702987141555095,0.5247012858444905,-0.23168299726497832,0.17162756890853847,0.054402571688980994,0.07231056617351689,0.3309999999999999
rep0455,0.77,0.7735376398629162,alg1,0.15,0.015,0.03,0.105,prop_127,1000,2000,0.5656821785027352,1.0434169492279721,True,0.47773477072523696,0.43431782149726483,0.8295209766839771,0.8684790233160229,-0.2638387981812419,0.1749379259119492,0.03895804663204583,0.08127672409319109,0.35750000000000004
rep0456,0.87,0.8687078336632835,alg1,0.15,0.015,0.03,0.105,prop_127,1000,2000,0.6905225840627742,1.0888144834119753,True,0.39829189934920106,0.3094774159372258,0.9144825558758328,0.9425174441241672,-0.22395997181305863,0.14629703928780805,0.028034888248334333,0.05825701110086673,0.31199999999999994
rep0457,0.18,0.1788003322874369,alg1,0.15,0.015,0.03,0.105,prop_127,1000,2000,-0.04009263758692211,0.4176097473487155,True,0.4577023849356376,0.4176097473487155,0.18687994291207183,0.23112005708792815,-0.22697258049899394,0.18648969026078732,0.04424011417585633,0.07996227075978135,0.3334999999999999
rep0458,0.41,0.41178511078346147,alg1,0.15,0.015,0.03,0.105,prop_127,1000,2000,0.3093468305068757,0.7704749361271623,True,0.4611281056202866,0.4611281056202866,0.5526444173649983,0.6063555826350018,-0.24329758685812253,0.1641193534921605,0.053711165270003525,0.067916940350283,0.3395
rep0459,0.20,0.20251553907939746,alg1,0.15,0.015,0.03,0.105,prop_127,1000,2000,0.031589332147720806,0.5131134008976601,True,0.4815240687499393,0.4815240687499393,0.30539929563497503,0.356600704365025,-0.2738099634872542,0.15651269653263508,0.05120140873004997,0.0818226600198893,0.3485
rep0460,0.40,0.40292299108370144,alg1,0.15,0.015,0.03,0.105,prop_127,1000,2000,0.1881965901172687,0.7552705059869413,True,0.5670739158696727,0.5670739158696727,0.44932843493908925,0.5036715650609107,-0.26113184482182056,0.2515989409260306,0.05434313012182146,0.0767307857478512,0.43599999999999994
rep0461,0.43,0.42646524714843287,alg1,0.15,0.015,0.03,0.105,prop_127,1000,2000,0.16291272559039716,0.6523188707136418,True,0.48940614512324465,0.48940614512324465,0.43537498659401674,0.4896250134059833,-0.2724622610036196,0.16269385730765856,0.054250026811966556,0.07565611831127822,0.35949999999999993
rep0462,0.24,0.2370260445746453,alg1,0.15,0.015,0.03,0.105,prop_127,1000,2000,0.005704286724353219,0.43039249607324903,True,0.42468820934889584,0.42468820934889584,0.24633308906642035,0.29466691093357966,-0.24062880234206713,0.1357255851396694,0.048333821867159316,0.07485438748173656,0.3015
rep0463,0.45,0.45355346086975507,alg1,0.15,0.015,0.03,0.105,prop_127,1000,2000,0.14100746689854493,0.5925605825638482,True,0.4515531156653033,0.4515531156653033,0.38720376133585355,0.4407962386641464,-0.24619629443730862,0.15176434389970186,0.053592477328292865,0.07496063833701044,0.323
rep0464,0.20,0.19807628410058195,alg1,0.15,0.015,0.03,0.105,prop_127,1000,2000,0.09351271746630019,0.5978727100718683,True,0.5043599926055681,0.5043599926055681,0.34718334425385017,0.39981665574614983,-0.25367062678755,0.19805605432571846,0.05263331149229966,0.07022668111326841,0.3815
rep0465,0.37,0.3748762907363597,alg1,0.15,0.015,0.03,0.105,prop_127,1000,2000,0.2215247469259814,0.6584600247457948,True,0.4369352778198134,0.4369352778198134,0.46230437275298547,0.5166956272470146,-0.24077962582700407,0.14176439749878025,0.054391254494029095,0.0770440233257843,0.3055
rep0466,0.30,0.2980440564126031,alg1,0.15,0.015,0.03,0.105,prop_127,1000,2000,0.11329837734188491,0.610239234558243,True,0.4969408572163581,0.4969408572163581,0.37730446240602533,0.4306955375939747,-0.2640060850641404,0.17954369696426836,0.05339107518794939,0.07804978202840884,0.36549999999999994
rep0467,0.65,0.6504546908666262,alg1,0.15,0.015,0.03,0.105,prop_127,1000,2000,0.4494834316058282,0.90916765413413,True,0.4596842225283018,0.4596842225283018,0.7290217505573047,0.7759782494426952,-0.27953831895147646,0.13318940469143487,0.04695649888539055,0.06972772364291135,0.34299999999999997
rep0468,0.21,0.21265349235947165,alg1,0.15,0.015,0.03,0.105,prop_127,1000,2000,0.0648403546141072,0.5542755190214417,True,0.4894351644073345,0.4894351644073345,0.31177504116049404,0.363224958839506,-0.24693468654638684,0.19105056018193567,0.05144991767901197,0.07998524672832258,0.35799999999999993
rep0469,0.21,0.21258697800944226,alg1,0.15,0.015,0.03,0.105,prop_127,1000,2000,-0.06868784758355154,0.35873003505626766,True,0.42741788263981917,0.35873003505626766,0.18159718396279892,0.22540281603720105,-0.25028503154635046,0.13332721901906663,0.043805632074402134,0.0781122505654171,0.3055
rep0470,0.54,0.5398146548536492,alg1,0.15,0.015,0.03,0.105,prop_127,1000,2000,0.2959953587884782,0.7723775086140892,True,0.47638214982561095,0.47638214982561095,0.5642526812589825,0.6177473187410174,-0.2682573224705043,0.1546301898730718,0.05349463748203487,0.0693875123435761,0.35350000000000004
rep0471,0.48,0.4781086076909956,alg1,0.15,0.015,0.03,0.105,prop_127,1000,2000,0.08273959668510511,0.561003942494171,True,0.47826434580906585,0.47826434580906585,0.3585276326179497,0.41147236738205034,-0.27578803593284457,0.14953157511212062,0.052944734764100665,0.062319611044965195,0.363
rep0472,0.49,0.4931837617701383,alg1,0.15,0.015,0.03,0.105,prop_127,1000,2000,0.20076814189136954,0.71574044862041,True,0.5149723067290404,0.5149723067290404,0.4677997342483581,0.5222002657516419,-0.26703159235698853,0.193540182868768,0.05440053150328383,0.07207177522575658,0.38849999999999996
rep0473,0.55,0.5502374412026185,alg1,0.15,0.015,0.03,0.105,prop_127,1000,2000,0.22401387699966474,0.6536046087636764,True,0.4295907317640117,0.4295907317640117,0.47579886376673336,0.5302011362332666,-0.2517849867670686,0.12340347253040988,0.05440227246653323,0.07768845929747853,0.2975
rep0474,0.50,0.5022598212886866,alg1,0.15,0.015,0.03,0.105,prop_127,1000,2000,0.37452485567365995,0.8427005917300738,True,0.4681757360564139,0.4681757360564139,0.6566644342885427,0.7073355657114574,-0.28213957861488276,0.1353650260186165,0.050671131422914684,0.06950460463349917,0.3480000000000001
rep0475,0.41,0.40841533643567224,alg1,0.15,0.015,0.03,0.105,prop_127,1000,2000,0.16691846945193836,0.610295919697868,True,0.44337745024592967,0.44337745024592967,0.40802920729746306,0.46197079270253694,-0.2411107378455247,0.14832512699533107,0.05394158540507388,0.06993586484085579,0.3195
rep0476,0.87,0.8664063007034848,alg1,0.15,0.015,0.03,0.105,prop_127,1000,2000,0.5303757289969762,0.9486999382416487,True,0.4183242092446725,0.4183242092446725,0.760056185920928,0.8049438140790719,-0.22968045692395184,0.1437561241625768,0.044887628158143844,0.07343658108652862,0.30000000000000004
rep0477,0.84,0.842413403448983,alg1,0.15,0.015,0.03,0.105,prop_127,1000,2000,0.583612925647623,1.013577717108421,True,0.429964791460798,0.416387074352377,0.8506443235158883,0.8873556764841117,-0.26703139786826524,0.1262220406243094,0.036711352968223476,0.058253438492574694,0.33499999999999996
rep0478,0.60,0.5960768894900287,alg1,0.15,0.015,0.03,0.105,prop_127,1000,2000,0.31272674221525776,0.7936838449810941,True,0.48095710276583636,0.48095710276583636,0.5622327708419175,0.6157672291580825,-0.24950602862665971,0.17791661582301166,0.05353445831616499,0.07592264444967134,0.35150000000000003
rep0479,0.21,0.2117708448822024,alg1,0.15,0.015,0.03,0.105,prop_127,1000,2000,-0.0937098306767167,0.401272217914698,True,0.4949820485914147,0.401272217914698,0.19553758317464978,0.24046241682535022,-0.2892474138513665,0.1608098010893478,0.044924833650700435,0.08205721494071422,0.36800000000000005
rep0480,0.52,0.518975354700866,alg1,0.15,0.015,0.03,0.105,prop_127,1000,2000,-0.024732665553311772,0.44637760767573964,False,0.4711102732290514,0.44637760767573964,0.2502218974549873,0.29877810254501275,-0.27495456300829907,0.1475995051307269,0.04855620509002545,0.07555406813902599,0.347
rep0481,0.30,0.29832708580489603,alg1,0.15,0.015,0.03,0.105,prop_127,1000,2000,0.07741081629082208,0.542044244521361,True,0.46463342823053894,0.46463342823053894,0.3422559847039298,0.39474401529607017,-0.26484516841310773,0.14730022922529085,0.052488030592140356,0.06964539763839861,0.34249999999999997
rep0482,0.69,0.6895096020922585,alg1,0.15,0.015,0.03,0.105,prop_127,1000,2000,0.4284116103717182,0.8907367747425251,True,0.4623251643708069,0.4623251643708069,0.680702036451849,0.730297963548151,-0.2522904260801308,0.16043881119437411,0.049595927096302006,0.07722923727450492,0.3355
rep0483,0.57,0.5687260783204688,alg1,0.15,0.015,0.03,0.105,prop_127,1000,2000,0.4199377294548177,0.8652838617350094,True,0.44534613228019165,0.44534613228019165,0.6837762658241763,0.7332237341758238,-0.26383853636935856,0.13206012755918556,0.04944746835164748,0.07439866392854405,0.32150000000000006
rep0484,0.50,0.4958900010470314,alg1,0.15,0.015,0.03,0.105,prop_127,1000,2000,0.2669431864468759,0.7111070735535612,True,0.44416388710668525,0.44416388710668525,0.5244430498969129,0.578556950103087,-0.257499863450037,0.13255012345047415,0.054113900206174126,0.07104998690051118,0.319
rep0485,0.21,0.2077513364690137,alg1,0.15,0.015,0.03,0.105,prop_127,1000,2000,-0.13197372422597126,0.3027560845120255,True,0.43472980873799677,0.3027560845120255,0.11264432351588832,0.1493556764841117,-0.24461804774185958,0.15340040802791385,0.036711352968223365,0.07751845576977351,0.32049999999999995
rep0486,0.54,0.5439935944688932,alg1,0.15,0.015,0.03,0.105,prop_127,1000,2000,0.39231305512142045,0.8258852255627954,True,0.43357217044137497,0.43357217044137497,0.6393221838619176,0.6906778161380824,-0.24700912874049719,0.13520740942471302,0.0513556322761648,0.08121653816521018,0.301
rep0487,0.79,0.7934340143658382,alg1,0.15,0.015,0.03,0.105,prop_127,1000,2000,0.5356789950973855,0.9822443898108592,True,0.4465653947134737,0.4465653947134737,0.765244897077565,0.8097551029224349,-0.2295659019801796,0.17248928688842424,0.044510205844869866,0.07055518886860379,0.3315
rep0488,0.34,0.3421267850596136,alg1,0.15,0.015,0.03,0.105,prop_127,1000,2000,-0.04886433285043226,0.4623220307414061,True,0.5111863635918383,0.4623220307414061,0.21869939785169354,0.2653006021483065,-0.2675637307021258,0.1970214285930996,0.046601204296612936,0.07558515929522536,0.389
rep0489,0.54,0.5385172305758641,alg1,0.15,0.015,0.03,0.105,prop_127,1000,2000,0.36553176004039084,0.8431917830403264,True,0.47766002299993554,0.47766002299993554,0.6271031949947684,0.6788968050052316,-0.26157143495437757,0.16429497803509474,0.05179361001046323,0.06536641298947232,0.3605
rep0490,0.61,0.6067307120236206,alg1,0.15,0.015,0.03,0.105,prop_127,1000,2000,0.3754377097771544,0.877503633208045,True,0.5020659234308906,0.5020659234308906,0.6719987016942918,0.7220012983057081,-0.29656099191713736,0.1555023349023369,0.05000259661141637,0.08156332681947426,0.3705
rep0491,0.18,0.18473671585054022,alg1,0.15,0.015,0.03,0.105,prop_127,1000,2000,-0.16804221242957365,0.2751570331991045,True,0.4431992456286782,0.2751570331991045,0.07304835112918351,0.10395164887081648,-0.24109056355875716,0.17120538432828802,0.030903297741632973,0.07829594788704519,0.33399999999999996
rep0492,0.93,0.9279487323921178,alg1,0.15,0.015,0.03,0.105,prop_127,1000,2000,0.5802369068769306,1.0306636786830259,True,0.45042677180609525,0.41976309312306936,0.808516688049449,0.8494833119505509,-0.22827978117251832,0.18118036673247503,0.04096662390110195,0.07596014790499345,0.3334999999999999
rep0493,0.08,0.07615839584433524,alg1,0.15,0.015,0.03,0.105,prop_127,1000,2000,-0.2315899219347567,0.26280517237775525,True,0.49439509431251194,0.26280517237775525,0.04528359629713781,0.0707164037028622,-0.2768735182318945,0.19208876867489302,0.025432807405724386,0.08096228690678758,0.38799999999999996
rep0494,0.28,0.27554641305052574,alg1,0.15,0.015,0.03,0.105,prop_127,1000,2000,0.12082699615659342,0.540802576661166,True,0.4199755805045726,0.4199755805045726,0.36099585745522883,0.4140041425447712,-0.2401688612986354,0.12679843411639483,0.05300828508954236,0.06896729541503022,0.29800000000000004
rep0495,0.64,0.643907691720275,alg1,0.15,0.015,0.03,0.105,prop_127,1000,2000,0.3922869378194711,0.8680791654103824,True,0.47579222759091133,0.47579222759091133,0.6781411664824578,0.7278588335175421,-0.2858542286629867,0.14022033189284033,0.04971766703508429,0.07907456055582701,0.34700000000000003
rep0496,0.72,0.7224562595011754,alg1,0.15,0.015,0.03,0.105,prop_127,1000,2000,0.5601495726233642,1.0616992929836016,True,0.5015497203602374,0.4398504273766358,0.8368995769223031,0.8751004230776969,-0.2767500042989389,0.18659886990590477,0.038200846155393764,0.08234887420484377,0.38099999999999995
rep0497,0.48,0.4821267248525993,alg1,0.15,0.015,0.03,0.105,prop_127,1000,2000,0.3865508800686176,0.8491590441659299,True,0.4626081640973123,0.4626081640973123,0.6484986244523997,0.6995013755476004,-0.2619477443837821,0.1496576686183295,0.051002751095200693,0.0741054130021116,0.3375
rep0498,0.35,0.35439100144032015,alg1,0.15,0.015,0.03,0.105,prop_127,1000,2000,0.26405785647940366,0.738853154763183,True,0.47479529828377937,0.47479529828377937,0.535008310353727,0.5889916896462731,-0.2709504538743233,0.14986146511690993,0.05398337929254615,0.06431191899123329,0.3565
rep0499,0.45,0.4507297648925736,alg1,0.15,0.015,0.03,0.105,prop_127,1000,2000,0.43253117184404355,0.9023355294892171,True,0.4698043576451736,0.4698043576451736,0.6428895428449817,0.6941104571550183,-0.21035837100093813,0.20822507233419885,0.051220914310036614,0.07508344333513706,0.3434999999999999
rep0500,0.54,0.5425140017223532,alg1,0.15,0.015,0.03,0.105,prop_127,1000,2000,0.31364044492321597,0.7665534481347818,True,0.4529130032115658,0.4529130032115658,0.5637476607777775,0.6172523392222226,-0.2501072158545615,0.14930110891255916,0.053504678444445064,0.07490832476712067,0.3245
rep0501,0.65,0.651013799572821,alg1,0.15,0.015,0.03,0.105,prop_127,1000,2000,0.45776325073153334,0.8993905057677416,True,0.44162725503620825,0.44162725503620825,0.6904415863819343,0.7395584136180656,-0.23267833565040094,0.15983209214967595,0.04911682723613131,0.07901042780007689,0.3135
rep0502,0.76,0.7577751337859409,alg1,0.15,0.015,0.03,0.105,prop_127,1000,2000,0.7422143437867472,1.2077844057805902,True,0.465570061993843,0.2577856562132528,0.9865056303729727,0.9964943696270274,-0.2442912865862255,0.2112900361535628,0.009988739254054746,0.06458132273978828,0.391
rep0503,0.78,0.7811027924399915,alg1,0.15,0.015,0.03,0.105,prop_127,1000,2000,0.6327003743809855,1.062687087526302,True,0.42998671314531645,0.3672996256190145,0.8655136912897208,0.9004863087102792,-0.2328133169087353,0.1622007788160226,0.03497261742055846,0.07751409572475787,0.3175
rep0504,0.54,0.5374088733396306,alg1,0.15,0.015,0.03,0.105,prop_127,1000,2000,0.2971779572636909,0.7334987389644072,True,0.4363207817007163,0.4363207817007163,0.5309820065033625,0.5850179934966376,-0.23380404923967157,0.14848074546776951,0.054035986993275165,0.0792847947074411,0.303
rep0505,0.49,0.48659234227195847,alg1,0.15,0.015,0.03,0.105,prop_127,1000,2000,0.3736903045929032,0.7922793136018216,True,0.4185890090089184,0.4185890090089184,0.6098239501953684,0.6621760498046316,-0.2361336456024652,0.13010326379719,0.052352099609263236,0.07623690939965527,0.2899999999999999
rep0506,0.83,0.8264610168743529,alg1,0.15,0.015,0.03,0.105,prop_127,1000,2000,0.6030158409681434,1.0390163419322513,True,0.4360005009641079,0.3969841590318566,0.8949698249343427,0.9260301750656572,-0.29195398396619937,0.11298616686659416,0.031060350131314474,0.07444015083279354,0.3305
rep0507,0.49,0.48658506137891744,alg1,0.15,0.015,0.03,0.105,prop_127,1000,2000,0.3902428940624447,0.8310234165388777,True,0.44078052247643296,0.44078052247643296,0.6383032300189089,0.6896967699810912,-0.24806033595646415,0.14132664655778654,0.05139353996218232,0.07538698251425069,0.314
rep0508,0.49,0.4897346689641244,alg1,0.15,0.015,0.03,0.105,prop_127,1000,2000,0.5454718532199752,0.9998186619753182,False,0.45434680875534306,0.45434680875534306,0.7985763262008765,0.8404236737991235,-0.25310447298090133,0.15939498817619469,0.04184734759824704,0.06599946115709598,0.34650000000000003
rep0509,0.72,0.7239383825384896,alg1,0.15,0.015,0.03,0.105,prop_127,1000,2000,0.6241714990344369,1.0745430112383807,True,0.4503715122039438,0.3758285009655631,0.8911995310614533,0.9228004689385467,-0.26702803202701636,0.15174254229983392,0.031600937877093394,0.07177057432685019,0.3470000000000001
rep0510,0.39,0.38937928757928125,alg1,0.15,0.015,0.03,0.105,prop_127,1000,2000,0.03378008963529083,0.47432112423186534,True,0.4405410345965745,0.4405410345965745,0.2711654071839984,0.3208345928160016,-0.23738531754870756,0.15348653141586374,0.04966918563200318,0.07937184896457128,0.3115
rep0511,0.63,0.628448931105837,alg1,0.15,0.015,0.03,0.105,prop_127,1000,2000,0.42428947490032143,0.8402605313903972,True,0.4159710564900758,0.4159710564900758,0.6827513783709623,0.7322486216290377,-0.2584619034706409,0.1080119097613596,0.04949724325807536,0.07497381323200053,0.2915
rep0512,0.71,0.7070833695113737,alg1,0.15,0.015,0.03,0.105,prop_127,1000,2000,0.49505840080569663,0.9121284141928945,True,0.41707001338719785,0.41707001338719785,0.7290217505573047,0.7759782494426952,-0.23396334975160804,0.13615016475019928,0.04695649888539055,0.07511351450180725,0.29500000000000004
rep0513,0.73,0.7319998696238893,alg1,0.15,0.015,0.03,0.105,prop_127,1000,2000,0.5214041709792279,0.9742832178267116,True,0.4528790468474837,0.4528790468474837,0.7933533118906139,0.8356466881093861,-0.271949140911386,0.13863652971732543,0.04229337621877227,0.07858567062871147,0.33199999999999996
rep0514,0.43,0.42705520959545085,alg1,0.15,0.015,0.03,0.105,prop_127,1000,2000,0.13377498817363992,0.6313740374616885,True,0.4975990492880486,0.4975990492880486,0.3842327708419174,0.4377672291580825,-0.2504577826682775,0.19360680830360602,0.0535344583161651,0.07956459097188351,0.36450000000000005
rep0515,0.18,0.1831288089956043,alg1,0.15,0.015,0.03,0.105,prop_127,1000,2000,-0.09875822518132138,0.3474301933255127,True,0.4461884185068341,0.3474301933255127,0.14290530633870369,0.18309469366129633,-0.24166353152002507,0.16433549966421643,0.04018938732259264,0.0734990311842415,0.3325
rep0516,0.61,0.6119712700664859,alg1,0.15,0.015,0.03,0.105,prop_127,1000,2000,0.4302694558892363,0.8538396108393284,True,0.42357015495009204,0.42357015495009204,0.6607505605763788,0.7112494394236213,-0.2304811046871425,0.14259017141570707,0.05049887884724247,0.07207127610284958,0.301
rep0517,0.18,0.18373222846712717,alg1,0.15,0.015,0.03,0.105,prop_127,1000,2000,-0.08493360171613099,0.4297016370714302,True,0.5146352387875612,0.4297016370714302,0.21048428979092124,0.25651571020907876,-0.2954178915070522,0.17318592686235146,0.046031420418157526,0.07910381836940372,0.38949999999999996
rep0518,0.47,0.4655653780823635,alg1,0.15,0.015,0.03,0.105,prop_127,1000,2000,0.39641166268114375,0.9126107474049718,True,0.516199084723828,0.516199084723828,0.6976266146191347,0.7463733853808653,-0.3012149519379909,0.16623736202410658,0.04874677076173062,0.0694523139620975,0.398
rep0519,0.35,0.3538173002835155,alg1,0.15,0.015,0.03,0.105,prop_127,1000,2000,0.13673333169384902,0.5745148184767768,True,0.4377814867829277,0.4377814867829277,0.3867085250269659,0.44029147497303406,-0.24997519333311688,0.13422334350374265,0.05358294994606816,0.07469853683685956,0.3095
rep0520,0.34,0.34223023574669453,alg1,0.15,0.015,0.03,0.105,prop_127,1000,2000,0.3094743060321251,0.7579000623217459,True,0.4484257562896208,0.4484257562896208,0.5773933056289857,0.6306066943710142,-0.2679189995968606,0.12729336795073168,0.05321338874202852,0.06821236754759225,0.327
rep0521,0.29,0.29433630526202653,alg1,0.15,0.015,0.03,0.105,prop_127,1000,2000,0.10206369314800345,0.5385018439391864,True,0.436438150791183,0.436438150791183,0.35655358384190017,0.40944641615809985,-0.2544898906938967,0.1290554277810866,0.05289283231619968,0.08104531847498336,0.30249999999999994
rep0522,0.56,0.5606917375225541,alg1,0.15,0.015,0.03,0.105,prop_127,1000,2000,0.37226189246544406,0.8646168342205989,True,0.4923549417551548,0.4923549417551548,0.6398317092716355,0.6911682907283645,-0.2675698168061914,0.17344854349223435,0.051336581456729036,0.07601836029842579,0.365
rep0523,0.38,0.37802882591253495,alg1,0.15,0.015,0.03,0.105,prop_127,1000,2000,0.2779034286178427,0.7419384981222572,True,0.46403506950441453,0.46403506950441453,0.5420586330635054,0.5959413669364945,-0.26415520444566276,0.14599713118576269,0.05388273387298903,0.07915233563142526,0.3310000000000002
rep0524,0.28,0.2841266123127458,alg1,0.15,0.015,0.03,0.105,prop_127,1000,2000,-0.0652582855265258,0.35668358855631555,True,0.42194187408284134,0.35668358855631555,0.1791980029253996,0.2228019970746004,-0.2444562884519254,0.13388159148171513,0.0436039941492008,0.0733378799336406,0.30499999999999994
rep0525,0.51,0.5117009948119199,alg1,0.15,0.015,0.03,0.105,prop_127,1000,2000,0.4134461074512711,0.9095554573285917,True,0.4961093498773206,0.4961093498773206,0.6909545604838555,0.7400454395161445,-0.2775084530325844,0.1695100178124471,0.049090879032289036,0.07401847084503155,0.373
rep0526,0.39,0.3914095804768173,alg1,0.15,0.015,0.03,0.105,prop_127,1000,2000,0.2399707615676127,0.7451153938064841,True,0.5051446322388713,0.5051446322388713,0.4762990405810588,0.5307009594189411,-0.2363282790134461,0.21441443438754296,0.05440191883788231,0.07974271340098904,0.371
rep0527,0.66,0.6638612758122979,alg1,0.15,0.015,0.03,0.105,prop_127,1000,2000,0.33321221487438907,0.8239957473006105,True,0.49078353242622147,0.49078353242622147,0.5976481520490854,0.6503518479509146,-0.2644359371746963,0.17364389934969587,0.05270369590182922,0.0720798365243922,0.366
rep0528,0.39,0.3886195180612263,alg1,0.15,0.015,0.03,0.105,prop_127,1000,2000,0.21839205450930446,0.6561208488586776,True,0.4377287943493732,0.4377287943493732,0.4677997342483581,0.5222002657516419,-0.24940767973905362,0.1339205831070357,0.05440053150328383,0.06832826284608928,0.31500000000000006
rep0529,0.33,0.3333618896671625,alg1,0.15,0.015,0.03,0.105,prop_127,1000,2000,0.10116662634513007,0.5750940662709989,True,0.47392743992586883,0.47392743992586883,0.3713704001637681,0.42462959983623194,-0.270203773818638,0.15046446643476696,0.05325919967246384,0.07966824025340502,0.34099999999999997
rep0530,0.60,0.5993463540570101,alg1,0.15,0.015,0.03,0.105,prop_127,1000,2000,0.27753845860879944,0.7887184965836808,True,0.5111800379748813,0.5111800379748813,0.5718314311108293,0.6251685688891707,-0.2942929725020299,0.16354992769451002,0.05333713777834137,0.07334290019653994,0.3845
rep0531,0.10,0.10416798771099253,alg1,0.15,0.015,0.03,0.105,prop_127,1000,2000,-0.24838132594405823,0.21787609842725184,True,0.46625742437131007,0.21787609842725184,0.03637042211560784,0.05962957788439216,-0.2847517480596661,0.15824652054285968,0.023259155768784318,0.07999826860252574,0.36300000000000004
rep0532,0.29,0.28644741092525783,alg1,0.15,0.015,0.03,0.105,prop_127,1000,2000,0.1233051353580348,0.5887535776959795,True,0.4654484423379447,0.4654484423379447,0.362477145400905,0.41552285459909505,-0.23917201004287017,0.1732307230968844,0.05304570919819007,0.08140273313975444,0.3310000000000001
rep0533,0.22,0.21806200614285395,alg1,0.15,0.015,0.03,0.105,prop_127,1000,2000,-0.0896241907578339,0.36920388149673267,True,0.45882807225456657,0.36920388149673267,0.19120676152262928,0.23579323847737071,-0.2808309522804632,0.13341064301936198,0.04458647695474144,0.0702415952998251,0.3440000000000001
rep0534,0.84,0.8363459811373498,alg1,0.15,0.015,0.03,0.105,prop_127,1000,2000,0.6328050536987302,1.1024445343252827,True,0.4696394806265525,0.3671949463012698,0.8987472840623755,0.9292527159376246,-0.2659422303636452,0.17319181838765804,0.030505431875249123,0.07613404875130314,0.3630000000000001
rep0535,0.67,0.6725433957921486,alg1,0.15,0.015,0.03,0.105,prop_127,1000,2000,0.4666464094149816,0.9335893921629747,True,0.46694298274799306,0.46694298274799306,0.7068754241122303,0.7551245758877697,-0.24022901469724867,0.17846481627520494,0.048249151775539456,0.08169383097245364,0.33699999999999997
rep0536,0.39,0.3909753595459846,alg1,0.15,0.015,0.03,0.105,prop_127,1000,2000,-0.012965694237530023,0.49629928541044577,True,0.5092649796479758,0.49629928541044577,0.2789754503638107,0.32902454963618927,-0.29194114460134074,0.1672747357742565,0.05004909927237855,0.07771588037559729,0.38149999999999995
rep0537,0.44,0.4372363842485678,alg1,0.15,0.015,0.03,0.105,prop_127,1000,2000,0.16548573929745503,0.6377117804372847,True,0.4722260411398297,0.4722260411398297,0.4463366056835781,0.5006633943164219,-0.28085086638612305,0.13704838612086284,0.05432678863284385,0.06839925250698586,0.34950000000000003
rep0538,0.58,0.5785409651444965,alg1,0.15,0.015,0.03,0.105,prop_127,1000,2000,0.223475047624752,0.687714280391484,True,0.46423923276673196,0.46423923276673196,0.485306875969764,0.539693124030236,-0.261831828345012,0.14802115636124802,0.05438624806047193,0.07835298470626012,0.3314999999999999
rep0539,0.63,0.6263676809494493,alg1,0.15,0.015,0.03,0.105,prop_127,1000,2000,0.4012635717816345,0.8059194332529553,True,0.4046558614713208,0.4046558614713208,0.6164264931114067,0.6685735068885932,-0.21516292132977224,0.1373459263643622,0.052147013777186446,0.06800884769413446,0.2845
rep0540,0.45,0.45180813368573075,alg1,0.15,0.015,0.03,0.105,prop_127,1000,2000,0.033825913385863104,0.47561932191577705,True,0.44179340852991394,0.44179340852991394,0.2804408352722603,0.33055916472773966,-0.24661492188639722,0.1450601571880374,0.05011832945547934,0.0786750790744346,0.313
rep0541,0.10,0.10309817248260121,alg1,0.15,0.015,0.03,0.105,prop_127,1000,2000,-0.17251010510973452,0.301785409756717,True,0.47429551486645155,0.301785409756717,0.07904815390345327,0.11095184609654674,-0.2515582590131878,0.1908335636601703,0.03190369219309347,0.07839182267335798,0.3640000000000001
rep0542,0.15,0.15403159536418579,alg1,0.15,0.015,0.03,0.105,prop_127,1000,2000,-0.09856153303833379,0.37635527490966547,True,0.4749168079479993,0.37635527490966547,0.1629195998930276,0.2050804001069724,-0.2614811329313614,0.17127487480269307,0.042160800213944805,0.07675600773405444,0.356
rep0543,0.72,0.7156358023600347,alg1,0.15,0.015,0.03,0.105,prop_127,1000,2000,0.5726957579811875,1.0118872747946972,True,0.43919151681350965,0.42730424201881245,0.8263632143002593,0.8656367856997407,-0.25366745631907167,0.1462504890949566,0.0392735713994814,0.07041794541402835,0.3294999999999999
rep0544,0.77,0.7695851389465319,alg1,0.15,0.015,0.03,0.105,prop_127,1000,2000,0.48144158759457967,0.9237409074615117,True,0.44229931986693205,0.44229931986693205,0.7233492226210568,0.7706507773789432,-0.24190763502647714,0.1530901300825685,0.04730155475788633,0.06199776510904559,0.333
rep0545,0.69,0.6909403648857109,alg1,0.15,0.015,0.03,0.105,prop_127,1000,2000,0.46290291540659817,0.8754424270237224,True,0.41253951161712427,0.41253951161712427,0.6776290996177124,0.7273709003822876,-0.21472618421111428,0.14807152664143486,0.04974180076457513,0.0777977108525491,0.28500000000000003
rep0546,0.98,0.9808696653114115,alg1,0.15,0.015,0.03,0.105,prop_127,1000,2000,0.6755522896838406,1.087157419556978,True,0.41160512987313735,0.3244477103161594,0.8965878362755201,0.92741216372448,-0.2210355465916795,0.15974525583249788,0.03082432744895991,0.08078080242417734,0.30000000000000004
rep0547,0.61,0.612845008460995,alg1,0.15,0.015,0.03,0.105,prop_127,1000,2000,0.4524332472919004,0.9177607757295612,True,0.4653275284376608,0.4653275284376608,0.710990038416461,0.759009961583539,-0.25855679112456065,0.15875081414602216,0.04801992316707793,0.07530760527058283,0.34199999999999997
rep0548,0.46,0.45996588488369566,alg1,0.15,0.015,0.03,0.105,prop_127,1000,2000,0.2647648561015805,0.7013906378982977,True,0.4366257817967172,0.4366257817967172,0.507363204860275,0.561636795139725,-0.24259834875869446,0.13975384275857275,0.05427359027945,0.08235219151726725,0.29999999999999993
rep0549,0.64,0.6372865053482185,alg1,0.15,0.015,0.03,0.105,prop_127,1000,2000,0.35766079798215594,0.8423346431171179,True,0.484673845134962,0.484673845134962,0.6296473051653925,0.6813526948346075,-0.2719865071832365,0.1609819482825104,0.05170538966921501,0.07196845546574693,0.361
rep0550,0.28,0.2848782961167063,alg1,0.15,0.015,0.03,0.105,prop_127,1000,2000,0.1730196012164269,0.6703391409408139,True,0.497319539724387,0.497319539724387,0.452321246715848,0.5066787532841519,-0.2793016454994211,0.16366038765666208,0.054357506568303904,0.08146203315608325,0.36149999999999993
rep0551,0.55,0.5499569164623319,alg1,0.15,0.015,0.03,0.105,prop_127,1000,2000,0.25819167354452455,0.7302636398002799,True,0.4720719662557553,0.4720719662557553,0.49282014414524544,0.5471798558547546,-0.23462847060072087,0.18308378394552527,0.05435971170950915,0.0777122545462462,0.33999999999999997
rep0552,0.82,0.8221159763041617,alg1,0.15,0.015,0.03,0.105,prop_127,1000,2000,0.6163380082830561,1.0329797254697,True,0.4166417171866439,0.38366199171694393,0.859131947861179,0.894868052138821,-0.24279393957812295,0.13811167333087895,0.03573610427764207,0.07690561290900189,0.30400000000000005
rep0553,0.11,0.1109605429412068,alg1,0.15,0.015,0.03,0.105,prop_127,1000,2000,0.014714699217833305,0.49520558532969283,True,0.4804908861118595,0.4804908861118595,0.2936432402300947,0.3443567597699053,-0.2789285410122614,0.1508488255597875,0.050713519539810625,0.07827736657204892,0.3515
rep0554,0.94,0.9447001580691099,alg1,0.15,0.015,0.03,0.105,prop_127,1000,2000,0.5205600335928134,0.950336485585265,True,0.4297764519924515,0.4297764519924515,0.7564269769866803,0.8015730230133198,-0.23586694339386682,0.14876346257194517,0.04514604602663952,0.0696304059658121,0.3149999999999999
rep0555,0.32,0.32256430734712244,alg1,0.15,0.015,0.03,0.105,prop_127,1000,2000,0.1052304885063089,0.5566713944987534,True,0.45144090599244446,0.45144090599244446,0.35507335797518286,0.40792664202481715,-0.24984286946887396,0.1487447524739362,0.0528532840496343,0.08008762194281022,0.31849999999999995
rep0556,0.18,0.18087054949827816,alg1,0.15,0.015,0.03,0.105,prop_127,1000,2000,-0.04560470052732438,0.40819883088779735,True,0.45380353141512175,0.40819883088779735,0.2114501088035219,0.2575498911964781,-0.2570548093308463,0.15064893969131926,0.04609978239295617,0.07820374902216543,0.3295000000000001
rep0557,0.47,0.46546789102588365,alg1,0.15,0.015,0.03,0.105,prop_127,1000,2000,0.300353216438849,0.72515471321275,True,0.42480149677390106,0.42480149677390106,0.5627377055851946,0.6162622944148054,-0.26238448914634566,0.10889241879794467,0.05352458882961075,0.06927690794429031,0.30200000000000005
rep0558,0.21,0.21357871319143243,alg1,0.15,0.015,0.03,0.105,prop_127,1000,2000,-0.054064247552325306,0.39905238402289767,True,0.453116631575223,0.39905238402289767,0.21531516528292183,0.26168483471707815,-0.26937941283524713,0.13736754930581951,0.046369669434156324,0.08174696214106664,0.325
rep0559,0.49,0.49325959696581245,alg1,0.15,0.015,0.03,0.105,prop_127,1000,2000,0.24385902673259507,0.6726498537777276,True,0.4287908270451325,0.4287908270451325,0.48480620932974156,0.5391937906702585,-0.24094718259714648,0.13345606310746905,0.054387581340516966,0.06240324570461547,0.31200000000000006
rep0560,0.63,0.631758122399257,alg1,0.15,0.015,0.03,0.105,prop_127,1000,2000,0.3452884032971733,0.8430410578621954,True,0.4977526545650221,0.4977526545650221,0.6118549496039387,0.6641450503960613,-0.2665665463067654,0.17889600746613415,0.052290100792122596,0.07646255377289951,0.36900000000000005
rep0561,0.42,0.4159235320035706,alg1,0.15,0.015,0.03,0.105,prop_127,1000,2000,0.009057336261207471,0.47387730588574967,True,0.4648199696245422,0.4648199696245422,0.2594675716084092,0.30853242839159073,-0.25041023534720175,0.16534487749415894,0.04906485678318151,0.07625511284136066,0.3395
rep0562,0.35,0.34576887920309607,alg1,0.15,0.015,0.03,0.105,prop_127,1000,2000,0.18654054286687183,0.6444582852271346,True,0.4579177423602627,0.4579177423602627,0.44334575983624,0.4976542401637599,-0.2568052169693682,0.1468040450633747,0.05430848032751989,0.07010926203274287,0.3335
rep0563,0.58,0.580960389201487,alg1,0.15,0.015,0.03,0.105,prop_127,1000,2000,0.11507666733379918,0.6212593719472848,True,0.5061827046134856,0.5061827046134856,0.3743369113781098,0.42766308862189023,-0.25926024404431064,0.19359628332539458,0.053326177243780415,0.07685652736970527,0.37599999999999995
rep0564,0.19,0.19320089773917004,alg1,0.15,0.015,0.03,0.105,prop_127,1000,2000,-0.03885917974241565,0.45185787213934636,True,0.490717051881762,0.45185787213934636,0.22499000440986366,0.27200999559013633,-0.2638491841522793,0.17984787654921,0.04701999118027267,0.08019706070148924,0.36350000000000005
rep0565,0.69,0.6850878348782574,alg1,0.15,0.015,0.03,0.105,prop_127,1000,2000,0.44215293439530323,0.8997813830596785,True,0.45762844866437524,0.45762844866437524,0.6853138688478867,0.7346861311521132,-0.24316093445258347,0.16509525190756524,0.04937226230422653,0.07275618636014869,0.3355
rep0566,0.44,0.4395773857734668,alg1,0.15,0.015,0.03,0.105,prop_127,1000,2000,0.17014049334841191,0.6053297647010177,True,0.4351892713526058,0.4351892713526058,0.38819431930344683,0.4418056806965531,-0.21805382595503492,0.1635240840044646,0.053611361393106294,0.07207790995949959,0.30949999999999994
rep0567,0.44,0.43647146936868164,alg1,0.15,0.015,0.03,0.105,prop_127,1000,2000,0.20530978348504303,0.6764453695545354,True,0.47113558606949235,0.47113558606949235,0.46030687596976405,0.5146931240302359,-0.254997092484721,0.1617522455242995,0.054386248060471876,0.07974933800902057,0.33699999999999997
rep0568,0.40,0.4025698209814688,alg1,0.15,0.015,0.03,0.105,prop_127,1000,2000,0.22007744941452,0.6869001692613319,True,0.4668227198468119,0.4668227198468119,0.4803014344881257,0.5346985655118742,-0.26022398507360567,0.15220160374945768,0.054397131023748546,0.07592558882306344,0.3364999999999999
rep0569,0.64,0.6364065684615023,alg1,0.15,0.015,0.03,0.105,prop_127,1000,2000,0.4063363500241298,0.8914368198058346,True,0.48510046978170474,0.48510046978170474,0.6776290996177124,0.7273709003822876,-0.2712927495935826,0.164065919423547,0.04974180076457513,0.07985866901712962,0.3555
rep0570,0.76,0.7649953720403891,alg1,0.15,0.015,0.03,0.105,prop_127,1000,2000,0.7047449284819167,1.0850369007610454,True,0.3802919722791287,0.2952550715180833,0.9544332298845741,0.9745667701154259,-0.24968830140265735,0.11047013064561939,0.020133540230851787,0.08165843204827666,0.2785000000000001
rep0571,0.94,0.9407087431104716,alg1,0.15,0.015,0.03,0.105,prop_127,1000,2000,0.7072161680160802,1.1268136776406,True,0.4195975096245197,0.2927838319839198,0.9723835447572571,0.9876164552427429,-0.2651673767411769,0.13919722239785695,0.015232910485485807,0.07786459913903387,0.3265
rep0572,0.75,0.7523853437805481,alg1,0.15,0.015,0.03,0.105,prop_127,1000,2000,0.4134014290616464,0.9039886582025658,True,0.4905872291409194,0.4905872291409194,0.6894157490116973,0.7385842509883026,-0.27601431995005093,0.1654044072142632,0.04916850197660527,0.07291872716431408,0.36850000000000005
rep0573,0.74,0.7416686820244418,alg1,0.15,0.015,0.03,0.105,prop_127,1000,2000,0.5142999443090093,0.9909566035430363,True,0.476656659234027,0.476656659234027,0.7719976676723678,0.8160023323276323,-0.2576977233633585,0.174954271215404,0.044004664655264536,0.07415199457876243,0.35850000000000004
rep0574,0.54,0.5388677467881925,alg1,0.15,0.015,0.03,0.105,prop_127,1000,2000,0.6226568376977417,1.0752954285026235,False,0.4526385908048818,0.3773431623022583,0.8617892764542818,0.8972107235457181,-0.2391324387565401,0.1780847049569054,0.03542144709143624,0.08221714371344552,0.335
rep0575,0.60,0.6046972477384603,alg1,0.15,0.015,0.03,0.105,prop_127,1000,2000,0.4071388547584082,0.8762888511325139,True,0.46914999637410565,0.46914999637410565,0.6709754503638107,0.7210245496361892,-0.26383659560540246,0.1552643014963246,0.05004909927237855,0.07360089710172701,0.34550000000000003
rep0576,0.54,0.5381818712273801,alg1,0.15,0.015,0.03,0.105,prop_127,1000,2000,0.3326478934544799,0.7720460221493701,True,0.4393981286948902,0.4393981286948902,0.587514834165702,0.6404851658342979,-0.2548669407112221,0.13156085631507217,0.05297033166859588,0.054927797026294245,0.3315
rep0577,0.27,0.26598676139715116,alg1,0.15,0.015,0.03,0.105,prop_127,1000,2000,-0.03643867128692152,0.4036134671488914,True,0.4400521384358129,0.4036134671488914,0.19168776793138012,0.23631223206861987,-0.22812643921830164,0.16730123508027153,0.04462446413723975,0.07942767429857323,0.31599999999999995
rep0578,0.64,0.6359489349827866,alg1,0.15,0.015,0.03,0.105,prop_127,1000,2000,0.4796577534186699,0.9207042775376667,True,0.4410465241189968,0.4410465241189968,0.7192268994518005,0.7667731005481995,-0.23956914603313062,0.1539311769894672,0.047546201096398955,0.06300032302259789,0.33049999999999996
rep0579,0.50,0.502528199317781,alg1,0.15,0.015,0.03,0.105,prop_127,1000,2000,0.205981986842651,0.6839553443484027,True,0.47797335750575165,0.47797335750575165,0.46180495772323166,0.5161950422767684,-0.25582297088058065,0.1677603020716343,0.05439008455353672,0.06508327295221494,0.35850000000000004
rep0580,0.57,0.5717964033273751,alg1,0.15,0.015,0.03,0.105,prop_127,1000,2000,0.3747953835081459,0.814535659603002,True,0.4397402760948561,0.4397402760948561,0.611347153868299,0.663652846131701,-0.2365517703601531,0.15088281347130106,0.05230569226340198,0.07643458383145407,0.31100000000000005
rep0581,0.72,0.7247500146922884,alg1,0.15,0.015,0.03,0.105,prop_127,1000,2000,0.628591276139182,1.0455539215171556,True,0.4169626453779737,0.371408723860818,0.8863619605862394,0.9186380394137605,-0.2577706844470574,0.12691588210339508,0.03227607882752115,0.07368656655045253,0.311
rep0582,0.46,0.45679599120569614,alg1,0.15,0.015,0.03,0.105,prop_127,1000,2000,0.5880882351796864,0.9984574777912589,False,0.4103692426115725,0.4103692426115725,0.8374271983257299,0.8755728016742702,-0.24933896314604342,0.12288467611698872,0.038145603348540336,0.07672363926303216,0.2955
rep0583,0.49,0.4854432243295074,alg1,0.15,0.015,0.03,0.105,prop_127,1000,2000,0.27403439176366634,0.7562054802415443,True,0.482171088477878,0.482171088477878,0.5425624371513263,0.5964375628486737,-0.26852804538766,0.15976791739287066,0.053875125697347315,0.07729596278053058,0.3510000000000001
rep0584,0.46,0.4596330315210002,alg1,0.15,0.015,0.03,0.105,prop_127,1000,2000,0.4646559375646262,0.936235980857204,False,0.47158004329257786,0.47158004329257786,0.7192268994518005,0.7667731005481995,-0.2545709618871743,0.16946288030900464,0.047546201096398955,0.07853384219617893,0.34550000000000003
rep0585,0.49,0.49218485030567377,alg1,0.15,0.015,0.03,0.105,prop_127,1000,2000,0.09047283825004387,0.570046591831999,True,0.47957375358195514,0.47957375358195514,0.3708760829947607,0.4241239170052393,-0.28040324474471684,0.1459226748267597,0.05324783401047861,0.07882591957147644,0.3475000000000001
rep0586,0.83,0.8322295981314887,alg1,0.15,0.015,0.03,0.105,prop_127,1000,2000,0.6426183161670611,1.1128066597693413,True,0.47018834360228023,0.3573816838329389,0.9063253342008267,0.9356746657991734,-0.2637070180337656,0.17713199397016788,0.02934933159834663,0.06433901200393355,0.37649999999999995
rep0587,0.19,0.19433133903168506,alg1,0.15,0.015,0.03,0.105,prop_127,1000,2000,0.10774257766381246,0.5817615617776886,True,0.4740189841138761,0.4740189841138761,0.3659345100325123,0.4190654899674877,-0.25819193236869986,0.16269607181020085,0.0531309799349754,0.07838800417890068,0.3425
rep0588,0.65,0.652867814355372,alg1,0.15,0.015,0.03,0.105,prop_127,1000,2000,0.5415074856837159,0.9721761464904842,True,0.43066866080676836,0.43066866080676836,0.7533180844848685,0.7986819155151316,-0.21181059880115255,0.17349423097535266,0.04536383103026309,0.05730482977650525,0.32799999999999996
rep0589,0.45,0.45058856272931086,alg1,0.15,0.015,0.03,0.105,prop_127,1000,2000,0.16733077988355144,0.6426122593029371,True,0.47528147941938564,0.47528147941938564,0.4269137360382467,0.4810862639617533,-0.2595829561546953,0.1615259953411838,0.054172527923506575,0.07110895149587909,0.35000000000000003
rep0590,0.70,0.6978752355006593,alg1,0.15,0.015,0.03,0.105,prop_127,1000,2000,0.5209156003039573,0.9486632160786811,True,0.42774761577472376,0.42774761577472376,0.763168823629238,0.807831176370762,-0.24225322332528065,0.14083203970791913,0.04466235274152397,0.0815852630331998,0.3015
rep0591,0.36,0.3566519998772018,alg1,0.15,0.015,0.03,0.105,prop_127,1000,2000,0.1295175762786023,0.5651615145930056,True,0.4356439383144033,0.4356439383144033,0.36791078987086756,0.4210892101291325,-0.23839321359226526,0.14407230446387315,0.053178420258264913,0.06446551805613832,0.31800000000000006
rep0592,0.47,0.47016838771298314,alg1,0.15,0.015,0.03,0.105,prop_127,1000,2000,0.2617360414249535,0.7269690229647479,True,0.46523298153979437,0.46523298153979437,0.534001567549985,0.5879984324500152,-0.27226552612503147,0.1389705905147327,0.053996864900030195,0.0782361166397641,0.3330000000000001
rep0593,0.78,0.7812828144278238,alg1,0.15,0.015,0.03,0.105,prop_127,1000,2000,0.569244876257812,1.0050825216944501,True,0.43583764543663817,0.43075512374218805,0.8300475279385424,0.8689524720614576,-0.2608026516807305,0.13613004963299252,0.03890494412291523,0.08093270131372304,0.316
rep0594,0.15,0.15337497450052387,alg1,0.15,0.015,0.03,0.105,prop_127,1000,2000,0.06745710485952211,0.5442660272227268,True,0.47680892236320466,0.47680892236320466,0.32257710743846696,0.374422892561533,-0.25512000257894485,0.1698431346611938,0.051845785123066035,0.0809631372401387,0.344
rep0595,0.50,0.5029469343291464,alg1,0.15,0.015,0.03,0.105,prop_127,1000,2000,0.3642175185275872,0.7945412923351702,True,0.430323773807583,0.430323773807583,0.6062708754546139,0.658729124545386,-0.24205335692702667,0.13581216778978425,0.052458249090772124,0.0723655247168109,0.3055
rep0596,0.48,0.48057452723315863,alg1,0.15,0.015,0.03,0.105,prop_127,1000,2000,0.28758957586658185,0.7095384238993703,True,0.4219488480327884,0.4219488480327884,0.5179087647132601,0.57209123528674,-0.2303191888466782,0.13744718861263028,0.05418247057347991,0.07176637745930847,0.29600000000000004
rep0597,0.69,0.6861888709196698,alg1,0.15,0.015,0.03,0.105,prop_127,1000,2000,0.41511588694528856,0.9164273550029403,True,0.5013114680576517,0.5013114680576517,0.6817266353910062,0.7312733646089938,-0.26661074844571764,0.18515399039394642,0.04954672921798764,0.08226473883966406,0.3695
rep0598,0.11,0.11258256296318113,alg1,0.15,0.015,0.03,0.105,prop_127,1000,2000,-0.20853698909779067,0.26260131767540884,True,0.4711383067731995,0.26260131767540884,0.07997327849023757,0.11202672150976244,-0.2885102675880282,0.15057459616564642,0.03205344301952487,0.07758486375367468,0.36149999999999993
rep0599,0.23,0.22808153862487301,alg1,0.15,0.015,0.03,0.105,prop_127,1000,2000,0.013089390866267425,0.5101726929565951,True,0.49708330209032764,0.49708330209032764,0.267263804011217,0.31673619598878294,-0.2541744131449496,0.19343649696781212,0.04947239197756592,0.07461091011276166,0.37300000000000005
rep0600,0.50,0.4967992746134487,alg1,0.15,0.015,0.03,0.105,prop_127,1000,2000,0.2261363008381828,0.6972854551964022,True,0.47114915435821936,0.47114915435821936,0.4762990405810588,0.5307009594189411,-0.250162739742876,0.166584495777461,0.05440191883788231,0.06724723552033701,0.3495
rep0601,0.69,0.6902761432921406,alg1,0.15,0.015,0.03,0.105,prop_127,1000,2000,0.5687035820472065,0.9983122508134621,True,0.4296086687662556,0.4296086687662556,0.8111363352744988,0.8518636647255012,-0.2424327532272923,0.1464485860879609,0.040727329451002436,0.0778813393152532,0.311
rep0602,0.38,0.3800058624450191,alg1,0.15,0.015,0.03,0.105,prop_127,1000,2000,0.05983234110886512,0.4976670593229461,True,0.43783471821408093,0.43783471821408093,0.2882614789555328,0.3387385210444672,-0.22842913784666766,0.15892853827847886,0.05047704208893444,0.07635767612514649,0.311
rep0603,0.10,0.09891501159134349,alg1,0.15,0.015,0.03,0.105,prop_127,1000,2000,-0.17824832780262223,0.23178235828265853,True,0.41003068608528076,0.23178235828265853,0.06753230691156163,0.09746769308843838,-0.24578063471418385,0.13431466519422014,0.029935386176876744,0.07459529990840397,0.3055
rep0604,0.49,0.49369290489599743,alg1,0.15,0.015,0.03,0.105,prop_127,1000,2000,0.11092193077311635,0.5868288545268193,True,0.47590692375370297,0.47590692375370297,0.353593399099919,0.406406600900081,-0.24267146832680264,0.1804222536267383,0.052813201800162024,0.07009372195354097,0.353
rep0605,0.60,0.6035496709735864,alg1,0.15,0.015,0.03,0.105,prop_127,1000,2000,0.5439834328773274,1.0102528143025646,True,0.4662693814252372,0.4560165671226726,0.805898633553765,0.847101366446235,-0.2619152006764376,0.16315144785632965,0.041202732892470006,0.06606664853276722,0.359
rep0606,0.21,0.21319807329954524,alg1,0.15,0.015,0.03,0.105,prop_127,1000,2000,0.05910587606527243,0.5072346847149123,True,0.4481288086496399,0.4481288086496399,0.2995188851361676,0.35048111486383243,-0.24041300907089516,0.1567535698510798,0.05096222972766484,0.07066657892197492,0.3265
rep0607,0.64,0.6443716841714197,alg1,0.15,0.015,0.03,0.105,prop_127,1000,2000,0.3202415165943808,0.8100742452263998,True,0.489832728632019,0.489832728632019,0.5738535255520669,0.6271464744479331,-0.2536120089576861,0.18292777077846661,0.05329294889586622,0.08153977973615278,0.3549999999999999
rep0608,0.03,0.02827567590134843,alg1,0.15,0.015,0.03,0.105,prop_127,1000,2000,-0.20956911007563783,0.15948235834265234,True,0.3690514684182902,0.15948235834265234,0.010366376857771812,0.02463362314222819,-0.21993548693340964,0.13484873520042415,0.01426724628445638,0.08128422213383374,0.2735
rep0609,0.55,0.5474134707393462,alg1,0.15,0.015,0.03,0.105,prop_127,1000,2000,0.4080339863837285,0.829514243928311,True,0.42148025754458246,0.42148025754458246,0.6597288258083122,0.710271174191688,-0.25169483942458365,0.11924306973662305,0.05054234838337579,0.06743790916120679,0.30349999999999994
rep0610,0.29,0.28684135798442517,alg1,0.15,0.015,0.03,0.105,prop_127,1000,2000,0.10234323744204188,0.51510845028014,True,0.4127652128380981,0.4127652128380981,0.31864730516539247,0.3703526948346075,-0.2163040677233506,0.1447557554455325,0.05170538966921501,0.06705982316888309,0.294
rep0611,0.14,0.13578129059991748,alg1,0.15,0.015,0.03,0.105,prop_127,1000,2000,0.03363190328911844,0.5266997273299222,True,0.49306782404080374,0.49306782404080374,0.2789754503638107,0.32902454963618927,-0.24534354707469228,0.1976751776937329,0.05004909927237855,0.0770187247684252,0.366
rep0612,0.62,0.6187309196315114,alg1,0.15,0.015,0.03,0.105,prop_127,1000,2000,0.37397981410431214,0.7765397067301851,True,0.402559892625873,0.402559892625873,0.6169345964480755,0.6690654035519246,-0.24295478234376336,0.10747430317826062,0.0521308071038491,0.07292908552202393,0.2775000000000001
rep0613,0.63,0.6270930836482813,alg1,0.15,0.015,0.03,0.105,prop_127,1000,2000,0.5932155910869326,0.9899405352725079,True,0.39672494418557536,0.39672494418557536,0.816380521951024,0.8566194780489761,-0.22316493086409142,0.13332105722353188,0.04023895609795214,0.07398598808762336,0.2825
rep0614,0.43,0.43038825650727186,alg1,0.15,0.015,0.03,0.105,prop_127,1000,2000,0.4362670881913028,0.8366862771388245,False,0.4004191889475217,0.4004191889475217,0.6771170683410984,0.7268829316589015,-0.24084998014979564,0.10980334547992297,0.04976586331780308,0.08115332562971866,0.26949999999999996
rep0615,0.84,0.8391156500249953,alg1,0.15,0.015,0.03,0.105,prop_127,1000,2000,0.5581685658302576,1.000775141969788,True,0.44260657613953025,0.44183143416974235,0.7761575178704659,0.8198424821295341,-0.21798895204020832,0.18093265984025367,0.043684964259068204,0.07642161188046198,0.3225
rep0616,0.61,0.6123569717990613,alg1,0.15,0.015,0.03,0.105,prop_127,1000,2000,0.2878479553279818,0.7421803104679758,True,0.45433235513999404,0.45433235513999404,0.5284664691286011,0.5825335308713989,-0.24061851380061927,0.1596467795965769,0.05406706174279785,0.07826529339719623,0.32199999999999995
rep0617,0.62,0.6205075481320748,alg1,0.15,0.015,0.03,0.105,prop_127,1000,2000,0.26634191889933884,0.7000034776661311,True,0.4336615587667923,0.4336615587667923,0.5053558983920171,0.5596441016079828,-0.23901397949267827,0.1403593760581483,0.054288203215965725,0.06987335555082658,0.3095
rep0618,0.14,0.1429645586149851,alg1,0.15,0.015,0.03,0.105,prop_127,1000,2000,-0.16947071767751726,0.24007524350683018,True,0.40954596118434744,0.24007524350683018,0.07489188342927555,0.10610811657072444,-0.2443626011067928,0.13396712693610574,0.03121623314144889,0.0723297280428985,0.30600000000000005
rep0619,0.52,0.516527602766824,alg1,0.15,0.015,0.03,0.105,prop_127,1000,2000,0.2419481849332302,0.6738249475317193,True,0.43187676259848906,0.43187676259848906,0.4677997342483581,0.5222002657516419,-0.22585154931512788,0.1516246817800774,0.05440053150328383,0.08197623109520524,0.29550000000000004
rep0620,0.15,0.154536062752559,alg1,0.15,0.015,0.03,0.105,prop_127,1000,2000,-0.1958083218612643,0.2953923456699549,True,0.4912006675312192,0.2953923456699549,0.05566511830671878,0.08333488169328122,-0.25147344016798306,0.2120574639766737,0.027669763386562442,0.06003090414465678,0.40349999999999997
rep0621,0.32,0.31841831039389845,alg1,0.15,0.015,0.03,0.105,prop_127,1000,2000,0.0560381746384602,0.5505920523282852,True,0.49455387768982506,0.49455387768982506,0.29755980392785525,0.34844019607214477,-0.24152162928939505,0.2021518562561405,0.05088039214428952,0.07017348554553549,0.37350000000000005
rep0622,0.85,0.8457324695232843,alg1,0.15,0.015,0.03,0.105,prop_127,1000,2000,0.4585195483351241,0.9037635599683835,True,0.44524401163325944,0.44524401163325944,0.7187117932538083,0.7662882067461918,-0.2601922449186842,0.1374753532221918,0.04757641349238351,0.07766759814087598,0.32
rep0623,0.40,0.39839224799048806,alg1,0.15,0.015,0.03,0.105,prop_127,1000,2000,0.1328935722776876,0.578261066243986,True,0.4453674939662984,0.4453674939662984,0.38720376133585355,0.4407962386641464,-0.25431018905816594,0.13746482757983963,0.053592477328292865,0.08127501663800552,0.31050000000000005
rep0624,0.51,0.5112065288467394,alg1,0.15,0.015,0.03,0.105,prop_127,1000,2000,0.3970806463478533,0.8708674096620364,True,0.47378676331418307,0.47378676331418307,0.6546221804973279,0.7053778195026722,-0.2575415341494746,0.1654895901593641,0.0507556390053443,0.08003112430883874,0.34299999999999997
rep0625,0.41,0.41172009420229283,alg1,0.15,0.015,0.03,0.105,prop_127,1000,2000,0.15909118018062757,0.6447033647400061,True,0.48561218455937855,0.48561218455937855,0.4518223765568167,0.5061776234431833,-0.2927311963761891,0.1385257412968228,0.054355246886366615,0.08025693767301179,0.3510000000000001
rep0626,0.45,0.4490396417877701,alg1,0.15,0.015,0.03,0.105,prop_127,1000,2000,0.07632693792904127,0.5222362252375666,True,0.44590928730852536,0.44590928730852536,0.337331654191191,0.389668345808809,-0.2610047162621497,0.13256787942875767,0.052336691617618,0.0720725956909074,0.3215
rep0627,0.26,0.25677254203726624,alg1,0.15,0.015,0.03,0.105,prop_127,1000,2000,-0.037729155390232666,0.4102048317381297,True,0.4479339871283624,0.4102048317381297,0.2138654369821538,0.26013456301784615,-0.25159459237238646,0.1500702687202836,0.04626912603569236,0.07766486109267001,0.32400000000000007
rep0628,0.85,0.8498651658717413,alg1,0.15,0.015,0.03,0.105,prop_127,1000,2000,0.621938958044226,1.0272689388193283,True,0.4053299807751023,0.37806104195577395,0.8527640332648218,0.8892359667351782,-0.23082507522059575,0.13803297208415008,0.03647193347035649,0.07635804730474582,0.2925
rep0629,0.74,0.7420867049314198,alg1,0.15,0.015,0.03,0.105,prop_127,1000,2000,0.45864079347343323,0.8904364248843054,True,0.4317956314108722,0.4317956314108722,0.6919806198145335,0.7410193801854665,-0.23333982634110031,0.1494170446988389,0.04903876037093302,0.06475687103993921,0.318
rep0630,0.52,0.5201797266154914,alg1,0.15,0.015,0.03,0.105,prop_127,1000,2000,0.4596710042431633,0.88954944742824,True,0.42987844318507673,0.42987844318507673,0.7073896136914256,0.7556103863085745,-0.24771860944826232,0.13393906111966558,0.048220772617148855,0.06965767056792788,0.312
rep0631,0.41,0.41433972053110196,alg1,0.15,0.015,0.03,0.105,prop_127,1000,2000,0.24737878077269337,0.7064619293495612,True,0.4590831485768678,0.4590831485768678,0.4978323974432706,0.5521676025567295,-0.25045361667057725,0.1542943267928317,0.05433520511345885,0.0652479434634089,0.3395
rep0632,0.31,0.30685759098370324,alg1,0.15,0.015,0.03,0.105,prop_127,1000,2000,0.18962653459878992,0.5823327788699683,True,0.39270624427117834,0.39270624427117834,0.4134916619721384,0.4675083380278616,-0.22386512737334846,0.11482444084210663,0.054016676055723245,0.07068956821545508,0.268
rep0633,0.10,0.09710738774154229,alg1,0.15,0.015,0.03,0.105,prop_127,1000,2000,-0.1485043759540799,0.32352534596735827,True,0.47202972192143816,0.32352534596735827,0.09624312475789903,0.13075687524210097,-0.24474750071197893,0.19276847072525732,0.03451375048420194,0.0680159714372362,0.36950000000000005
rep0634,0.54,0.5370884766756563,alg1,0.15,0.015,0.03,0.105,prop_127,1000,2000,0.3998067739917574,0.8191545987416374,True,0.41934782474988,0.41934782474988,0.6306651708055582,0.6823348291944418,-0.23085839681380077,0.13681976954719569,0.0516696583888836,0.0696781663609965,0.298
rep0635,0.18,0.17827000773312507,alg1,0.15,0.015,0.03,0.105,prop_127,1000,2000,-0.15048949250873148,0.2949273526788838,True,0.44541684518761526,0.2949273526788838,0.11358500154060838,0.15041499845939163,-0.26407449404933986,0.14451235421949218,0.03682999691878325,0.0695868482688321,0.33899999999999997
rep0636,0.58,0.5834640635639543,alg1,0.15,0.015,0.03,0.105,prop_127,1000,2000,0.40825705206763563,0.8301694569964713,True,0.42191240492883564,0.42191240492883564,0.6469684809291164,0.6980315190708836,-0.2387114288614808,0.13213793792558767,0.05106303814176716,0.0778493667870685,0.293
rep0637,0.66,0.6606259632581091,alg1,0.15,0.015,0.03,0.105,prop_127,1000,2000,0.322254643097475,0.7697342403330218,True,0.44747959723554687,0.44747959723554687,0.5789107898708676,0.6320892101291324,-0.25665614677339266,0.13764503020388938,0.0531784202582648,0.07880117697728206,0.3155
rep0638,0.21,0.21433342558165774,alg1,0.15,0.015,0.03,0.105,prop_127,1000,2000,-0.03971671851689518,0.4878684807566537,True,0.5275851992735489,0.4878684807566537,0.23662200748904483,0.2843779925109552,-0.27633872600594,0.20349048824569851,0.04775598502191036,0.08032921425163847,0.3995
rep0639,0.69,0.6903486977629466,alg1,0.15,0.015,0.03,0.105,prop_127,1000,2000,0.7482958171955191,1.1384196839181744,False,0.3901238667226553,0.2517041828044809,1.0,1.0,-0.2517041828044809,0.13841968391817444,0.0,0.08012386672265542,0.30999999999999994
rep0640,0.79,0.786524726491391,alg1,0.15,0.015,0.03,0.105,prop_127,1000,2000,0.4395196685096483,0.8925889492889663,True,0.45306928077931796,0.45306928077931796,0.6965997322117721,0.7454002677882279,-0.2570800637021238,0.1471886815007384,0.048800535576455806,0.07626874520286214,0.328
rep0641,0.34,0.34238386107268753,alg1,0.15,0.015,0.03,0.105,prop_127,1000,2000,0.16727472641799535,0.6647856471625945,True,0.4975109207445991,0.4975109207445991,0.4463366056835781,0.5006633943164219,-0.27906187926558274,0.16412225284617254,0.05432678863284385,0.07818413211175529,0.365
rep0642,0.65,0.6487182596051031,alg1,0.15,0.015,0.03,0.105,prop_127,1000,2000,0.39841930163874273,0.8640388437881182,True,0.4656195421493755,0.4656195421493755,0.6735338415698446,0.7234661584301554,-0.2751145399311019,0.14057268535796286,0.049932316860310744,0.07618722528906485,0.3394999999999999
rep0643,0.36,0.36343834785442014,alg1,0.15,0.015,0.03,0.105,prop_127,1000,2000,0.2227290356410045,0.7078824324987245,True,0.48515339685772,0.48515339685772,0.485306875969764,0.539693124030236,-0.2625778403287595,0.1681893084684886,0.05438624806047193,0.07926714879724811,0.3515
rep0644,0.65,0.6481229391038595,alg1,0.15,0.015,0.03,0.105,prop_127,1000,2000,0.4016196234422994,0.8541582665140238,True,0.4525386430717244,0.4525386430717244,0.6566644342885427,0.7073355657114574,-0.2550448108462433,0.1468227008025664,0.050671131422914684,0.06936751164880972,0.3325
rep0645,0.29,0.2941433730670103,alg1,0.15,0.015,0.03,0.105,prop_127,1000,2000,0.02301834276499251,0.4549363176566996,True,0.43191797489170713,0.43191797489170713,0.23225723417428837,0.2797427658257116,-0.20923889140929586,0.17519355183098798,0.047485531651423246,0.05143244324028384,0.33299999999999996
rep0646,0.51,0.5120115362995212,alg1,0.15,0.015,0.03,0.105,prop_127,1000,2000,0.2296408946467845,0.762822790624821,True,0.5331818959780364,0.5331818959780364,0.509370949683118,0.5636290503168819,-0.2797300550363335,0.199193740307939,0.054258100633763906,0.07492379534427257,0.40399999999999997
rep0647,0.71,0.7065170718696113,alg1,0.15,0.015,0.03,0.105,prop_127,1000,2000,0.5827157419894764,1.0342723236599838,True,0.4515565816705074,0.4172842580105236,0.8263632143002593,0.8656367856997407,-0.24364747231078282,0.168635537960243,0.0392735713994814,0.0782830102710258,0.334
rep0648,0.73,0.7257764503743807,alg1,0.15,0.015,0.03,0.105,prop_127,1000,2000,0.5966673691438754,1.0709440783944706,True,0.4742767092505952,0.4033326308561246,0.8321544798323932,0.8708455201676069,-0.23548711068851783,0.20009855822686365,0.038691040335213644,0.07708566891538154,0.35849999999999993
rep0649,0.71,0.7092804785306875,alg1,0.15,0.015,0.03,0.105,prop_127,1000,2000,0.5476737321194813,0.9700920246170184,True,0.42241829249753704,0.42241829249753704,0.7766777340558226,0.8203222659441773,-0.22900400193634135,0.14976975867284098,0.04364453188835471,0.07377376060918234,0.305
rep0650,0.44,0.43598196325490673,alg1,0.15,0.015,0.03,0.105,prop_127,1000,2000,0.16302870334512148,0.6592170871828287,True,0.4961883838377072,0.4961883838377072,0.4418507059973215,0.49614929400267843,-0.27882200265220003,0.16306779318015024,0.05429858800535692,0.07888979583235028,0.363
rep0651,0.51,0.509779873494791,alg1,0.15,0.015,0.03,0.105,prop_127,1000,2000,0.420238747721153,0.8526711849279583,True,0.43243243720680535,0.43243243720680535,0.6520701166554336,0.7029298833445664,-0.2318313689342806,0.14974130158339194,0.050859766689132835,0.07207267051767252,0.3095
rep0652,0.30,0.3038326119750675,alg1,0.15,0.015,0.03,0.105,prop_127,1000,2000,-0.046711440505470436,0.4375980426782299,True,0.4843094831837003,0.4375980426782299,0.2599545604838554,0.30904543951614455,-0.30666600098932584,0.12855260316208536,0.04909087903228915,0.07121860415141118,0.36400000000000005
rep0653,0.81,0.8102823830810556,alg1,0.15,0.015,0.03,0.105,prop_127,1000,2000,0.5547954426495731,0.9638563442823731,True,0.40906090163279996,0.40906090163279996,0.774597183962799,0.818402816037201,-0.21980174131322583,0.14545352824517213,0.04380563207440202,0.067255269558398,0.29799999999999993
rep0654,0.71,0.7089897305189968,alg1,0.15,0.015,0.03,0.105,prop_127,1000,2000,0.4818113792061812,0.963050318535226,True,0.4812389393290448,0.4812389393290448,0.7496931764157826,0.7953068235842173,-0.26788179720960137,0.1677434949510087,0.045613647168434746,0.08262529216061004,0.35300000000000004
rep0655,0.29,0.29163199392445693,alg1,0.15,0.015,0.03,0.105,prop_127,1000,2000,0.12160827048915457,0.5627737969461425,True,0.4411655264569879,0.4411655264569879,0.369887535708634,0.42311246429136606,-0.2482792652194794,0.13966133265477643,0.05322492858273209,0.07144059787425583,0.3165
rep0656,0.56,0.562914990197144,alg1,0.15,0.015,0.03,0.105,prop_127,1000,2000,0.36801088350475786,0.8256902026750408,True,0.45767931917028293,0.45767931917028293,0.6006904727154343,0.6533095272845657,-0.23267958921067644,0.1723806753904751,0.05261905456913141,0.07056026460115161,0.3344999999999999
rep0657,0.35,0.3470109004221037,alg1,0.15,0.015,0.03,0.105,prop_127,1000,2000,0.019860499633052142,0.42240549019916407,True,0.4025449905661119,0.4025449905661119,0.2259584267948075,0.2730415732051925,-0.20609792716175535,0.14936391699397156,0.047083146410385024,0.07246184415572687,0.28300000000000003
rep0658,0.32,0.31902368868181874,alg1,0.15,0.015,0.03,0.105,prop_127,1000,2000,0.022816654204466047,0.4940980564994397,True,0.4712814022949737,0.4712814022949737,0.27018979086358363,0.31981020913641633,-0.2473731366591176,0.17428784736302338,0.0496204182728327,0.06616098402214093,0.35550000000000004
rep0659,0.74,0.7420126698484341,alg1,0.15,0.015,0.03,0.105,prop_127,1000,2000,0.6826643638108382,1.1467613217626855,True,0.46409695795184736,0.31733563618916183,0.9499032645775246,0.9710967354224754,-0.26723890076668644,0.17566458634020998,0.021193470844950824,0.07840348710689637,0.36450000000000005
rep0660,0.20,0.19621544316156792,alg1,0.15,0.015,0.03,0.105,prop_127,1000,2000,0.0941794931651258,0.5665575579094698,True,0.472378064744344,0.472378064744344,0.3491551305566232,0.4018448694433768,-0.2549756373914974,0.16471268846609305,0.052689738886753545,0.07118832585759044,0.34850000000000003
rep0661,0.69,0.6919479229129536,alg1,0.15,0.015,0.03,0.105,prop_127,1000,2000,0.3657657862718081,0.8689597285371811,True,0.503193942265373,0.503193942265373,0.6592180093317193,0.7097819906682807,-0.29345222305991114,0.15917773786890035,0.05056398133656148,0.07862996092881142,0.37400000000000005
rep0662,0.33,0.3251295165584837,alg1,0.15,0.015,0.03,0.105,prop_127,1000,2000,-0.12690926735817273,0.37077988408167506,True,0.4976891514398478,0.37077988408167506,0.152898633553765,0.19410136644623496,-0.27980790091193775,0.17667851763544012,0.04120273289246995,0.07448641854737786,0.382
rep0663,0.65,0.6539903087855193,alg1,0.15,0.015,0.03,0.105,prop_127,1000,2000,0.31248982016262483,0.8289769765036841,True,0.5164871563410592,0.5164871563410592,0.5763817948368226,0.6296182051631773,-0.2638919746741978,0.19935877134050672,0.05323641032635473,0.07175074601470455,0.39149999999999996
rep0664,0.29,0.29232037114787135,alg1,0.15,0.015,0.03,0.105,prop_127,1000,2000,0.25369936675923516,0.7045322374478908,True,0.4508328706886557,0.4508328706886557,0.5068613371616614,0.5611386628383387,-0.2531619704024262,0.14339357460955215,0.05427732567667731,0.07355554501197836,0.323
rep0665,0.44,0.4435664527715359,alg1,0.15,0.015,0.03,0.105,prop_127,1000,2000,0.17138599207441174,0.6816447313942477,True,0.510258739319836,0.510258739319836,0.4259188175660211,0.4800811824339789,-0.2545328254916094,0.20156354896026885,0.05416236486795778,0.07859637445187811,0.3775000000000001
rep0666,0.57,0.569426710310103,alg1,0.15,0.015,0.03,0.105,prop_127,1000,2000,0.17024167495389447,0.6590293851440696,True,0.48878771019017514,0.48878771019017514,0.42890390353040436,0.48309609646959567,-0.2586622285765099,0.175933288674474,0.05419219293919131,0.07959551725098402,0.35499999999999987
rep0667,0.25,0.24776737783479344,alg1,0.15,0.015,0.03,0.105,prop_127,1000,2000,-0.04318296409979519,0.42583470462705286,True,0.469017668726848,0.42583470462705286,0.22208575119503052,0.26891424880496945,-0.2652687152948257,0.1569204558220834,0.04682849760993893,0.07668917111690904,0.3455000000000001
rep0668,0.59,0.5891451788470337,alg1,0.15,0.015,0.03,0.105,prop_127,1000,2000,0.48226271638105034,0.9140917988772341,True,0.4318290824961838,0.4318290824961838,0.708932417085235,0.757067582914765,-0.22666970070418468,0.15702421596246924,0.048135165829529925,0.07769391666665393,0.306
rep0669,0.43,0.43112417009251425,alg1,0.15,0.015,0.03,0.105,prop_127,1000,2000,0.26505015086782857,0.714075632597088,True,0.4490254817292594,0.4490254817292594,0.47479859174693845,0.5292014082530616,-0.20974844087910985,0.18487422434402637,0.054402816506123164,0.07562266522313621,0.319
rep0670,0.52,0.5247541318418742,alg1,0.15,0.015,0.03,0.105,prop_127,1000,2000,0.26106101416386984,0.8105508858428345,True,0.5494898716789647,0.5494898716789647,0.5561757762192062,0.6098242237807937,-0.2951147620553364,0.20072666206204087,0.05364844756158749,0.07934142411737727,0.4165
rep0671,0.43,0.4258243574979035,alg1,0.15,0.015,0.03,0.105,prop_127,1000,2000,0.16411608119889687,0.6086573610069684,True,0.44454127980807157,0.44454127980807157,0.4144851972197548,0.4685148027802452,-0.25036911602085793,0.1401425582267232,0.05402960556049041,0.07701167424758115,0.3135
rep0672,0.81,0.8089839883601585,alg1,0.15,0.015,0.03,0.105,prop_127,1000,2000,0.4250697882846388,0.8696081869048027,True,0.44453839862016387,0.44453839862016387,0.6801897908635837,0.7298102091364163,-0.25512000257894485,0.13979797776838648,0.04962041827283259,0.07541798034733144,0.3194999999999999
rep0673,0.52,0.5160903827108957,alg1,0.15,0.015,0.03,0.105,prop_127,1000,2000,0.22825330331889526,0.6870300037933592,True,0.45877670047446395,0.45877670047446395,0.48180278115344904,0.5361972188465509,-0.2535494778345538,0.15083278494680835,0.05439443769310187,0.07638226278136206,0.32800000000000007
rep0674,0.06,0.06029974565196784,alg1,0.15,0.015,0.03,0.105,prop_127,1000,2000,-0.247046901257572,0.15483631284377397,True,0.401883214101346,0.15483631284377397,0.0,0.0,-0.247046901257572,0.15483631284377397,0.0,0.07538321410134602,0.32649999999999996
rep0675,0.52,0.5161454616139173,alg1,0.15,0.015,0.03,0.105,prop_127,1000,2000,0.1351413144267633,0.5900627778702044,True,0.45492146344344114,0.45492146344344114,0.42243747166858825,0.47656252833141177,-0.28729615724182495,0.11350024953879265,0.05412505666282352,0.0692964067806176,0.33149999999999996
rep0676,0.66,0.6578150737171017,alg1,0.15,0.015,0.03,0.105,prop_127,1000,2000,0.4147828828785247,0.8406800885060407,True,0.425897205627516,0.425897205627516,0.6500290650964573,0.7009709349035427,-0.2352461822179326,0.13970915360249803,0.05094186980708537,0.06995533582043068,0.30499999999999994
rep0677,0.92,0.9205140610257226,alg1,0.15,0.015,0.03,0.105,prop_127,1000,2000,0.7812828976049789,1.2009954101275981,True,0.4197125125226192,0.21871710239502107,1.0,1.0,-0.2187171023950211,0.20099541012759806,0.0,0.07271251252261912,0.34700000000000003
rep0678,0.09,0.09465568618272703,alg1,0.15,0.015,0.03,0.105,prop_127,1000,2000,-0.1257576890308258,0.3137873852779204,True,0.4395450743087462,0.3137873852779204,0.1310475279385424,0.16995247206145758,-0.2568052169693682,0.1438349132164628,0.038904944122915175,0.06714013018583098,0.3335
rep0679,0.71,0.7090958024890887,alg1,0.15,0.015,0.03,0.105,prop_127,1000,2000,0.3895433478736143,0.8454250333774616,True,0.4558816855038473,0.4558816855038473,0.6556432402300948,0.7063567597699053,-0.2660998923564805,0.13906827360755628,0.050713519539810514,0.06116816596403685,0.344
rep0680,0.11,0.11455441533880197,alg1,0.15,0.015,0.03,0.105,prop_127,1000,2000,-0.19035814400318052,0.2900359873271236,True,0.4803941313303041,0.2900359873271236,0.08414281847257876,0.11685718152742125,-0.2745009624757593,0.17317880579970235,0.03271436305484249,0.0826797682754617,0.36499999999999994
rep0681,0.26,0.25727511353445326,alg1,0.15,0.015,0.03,0.105,prop_127,1000,2000,0.11133168181932881,0.5535943824252377,True,0.4422627006059089,0.4422627006059089,0.35014120346049965,0.40285879653950035,-0.23880952164117084,0.15073558588573738,0.0527175930790007,0.06804510752690818,0.3215
rep0682,0.83,0.825070707544665,alg1,0.15,0.015,0.03,0.105,prop_127,1000,2000,0.6490980864709908,1.0977336980721715,True,0.4486356116011807,0.35090191352900924,0.9210403067746034,0.9479596932253966,-0.27194222030361254,0.14977400484677492,0.02691938645079328,0.0822162251503874,0.3395
rep0683,0.80,0.8007348882310458,alg1,0.15,0.015,0.03,0.105,prop_127,1000,2000,0.37939058873288195,0.8745134354138058,True,0.4951228466809238,0.4951228466809238,0.6776290996177124,0.7273709003822876,-0.2982385108848305,0.1471425350315182,0.04974180076457513,0.0728810459163487,0.3725
rep0684,0.83,0.8284671553921638,alg1,0.15,0.015,0.03,0.105,prop_127,1000,2000,0.6088333317346563,0.9911384073847218,True,0.38230507565006555,0.38230507565006555,0.8221569033416406,0.8618430966583593,-0.21332357160698437,0.12929531072636247,0.03968619331671874,0.08261888233334685,0.25999999999999995
rep0685,0.51,0.514309478391361,alg1,0.15,0.015,0.03,0.105,prop_127,1000,2000,0.21086918093433146,0.6354582479323261,True,0.4245890669979946,0.4245890669979946,0.43587295442526425,0.4901270455747358,-0.22500377349093278,0.14533120235759034,0.05425409114947155,0.08183497584852306,0.2885000000000001
rep0686,0.05,0.04867548466027368,alg1,0.15,0.015,0.03,0.105,prop_127,1000,2000,-0.19027828843428005,0.22990922122100743,True,0.4201875096552875,0.22990922122100743,0.04618125004460738,0.07181874995539261,-0.23645953847888743,0.15809047126561482,0.025637499910785233,0.07405000974450227,0.3205
rep0687,0.70,0.7017411200593814,alg1,0.15,0.015,0.03,0.105,prop_127,1000,2000,0.4368598518539546,0.8980021980758469,True,0.4611423462218923,0.4611423462218923,0.6822389888489553,0.7317610111510446,-0.2453791369950007,0.16624118692480225,0.04952202230208935,0.07712032391980295,0.3345
rep0688,0.78,0.7768841857553568,alg1,0.15,0.015,0.03,0.105,prop_127,1000,2000,0.6130275621667894,1.0873882258388547,True,0.4743606636720653,0.38697243783321056,0.9331503719835235,0.9578496280164766,-0.320122809816734,0.12953859782237825,0.024699256032953087,0.06916140763911222,0.38050000000000006
rep0689,0.41,0.40967933946466756,alg1,0.15,0.015,0.03,0.105,prop_127,1000,2000,0.1282790803107918,0.5012840344348866,True,0.37300495412409473,0.37300495412409473,0.35162053697253604,0.40437946302746397,-0.22334145666174424,0.09690457140742254,0.052758926054927935,0.06274602806916685,0.25749999999999995
rep0690,0.47,0.46908505895471847,alg1,0.15,0.015,0.03,0.105,prop_127,1000,2000,0.3436577695236415,0.8563857896456566,True,0.512728020122015,0.512728020122015,0.6062708754546139,0.658729124545386,-0.26261310593097237,0.19765666510027058,0.052458249090772124,0.08076977103124305,0.3794999999999999
rep0691,0.71,0.7077778587278475,alg1,0.15,0.015,0.03,0.105,prop_127,1000,2000,0.4074128477125975,0.8627626928924867,True,0.45534984517988925,0.45534984517988925,0.670463877127832,0.7205361228721681,-0.26305102941523445,0.14222657002031866,0.05007224574433611,0.07177759943555306,0.3335
rep0692,0.70,0.7005041640051802,alg1,0.15,0.015,0.03,0.105,prop_127,1000,2000,0.40776785337937066,0.8684585181088754,True,0.46069066472950476,0.46069066472950476,0.6587072267353195,0.7092927732646807,-0.2509393733559488,0.15916574484419477,0.0505855465293612,0.0806051182001436,0.32949999999999996
rep0693,0.56,0.5563453058616313,alg1,0.15,0.015,0.03,0.105,prop_127,1000,2000,0.36979813270672246,0.8087098209678123,True,0.43891168826108984,0.43891168826108984,0.589540549119027,0.642459450880973,-0.21974241641230455,0.1662503700868393,0.052918901761946024,0.07549278649914376,0.31050000000000005
rep0694,0.86,0.8579152046654233,alg1,0.15,0.015,0.03,0.105,prop_127,1000,2000,0.6696616408080227,1.150482677523963,True,0.48082103671594023,0.3303383591919773,0.9204926465420091,0.947507353457991,-0.25083100573398637,0.20297532406597207,0.027014706915981845,0.07280632979995849,0.38099999999999995
rep0695,0.13,0.133927768805338,alg1,0.15,0.015,0.03,0.105,prop_127,1000,2000,-0.26607996446597354,0.18463632952369152,True,0.45071629398966506,0.18463632952369152,0.038143086174601104,0.0618569138253989,-0.30422305064057464,0.12277941569829262,0.023713827650797797,0.06750246633886725,0.35950000000000004
rep0696,0.29,0.29447716121483336,alg1,0.15,0.015,0.03,0.105,prop_127,1000,2000,0.18834264118740357,0.630229704044966,True,0.44188706285756246,0.44188706285756246,0.43188998024883724,0.4861100197511628,-0.24354733906143367,0.14411968429380326,0.05422003950232557,0.068667023355237,0.31899999999999995
rep0697,0.38,0.3774111129057389,alg1,0.15,0.015,0.03,0.105,prop_127,1000,2000,0.033899300172111124,0.5165594690349978,True,0.4826601688628867,0.4826601688628867,0.30294854979431063,0.3540514502056894,-0.2690492496221995,0.16250801882930843,0.05110290041137877,0.07505726845150795,0.3565
rep0698,0.49,0.4857893021833887,alg1,0.15,0.015,0.03,0.105,prop_127,1000,2000,0.2206074270425042,0.6867112660651772,True,0.466103839022673,0.466103839022673,0.46929904058105887,0.5237009594189411,-0.24869161353855468,0.1630103066462361,0.05440191883788226,0.07270192018479071,0.3390000000000001
rep0699,0.07,0.06956301432769134,alg1,0.15,0.015,0.03,0.105,prop_127,1000,2000,-0.14116035331670257,0.3009544224351404,True,0.442114775751843,0.3009544224351404,0.12017938396925293,0.1578206160307471,-0.2613397372859555,0.14313380640439333,0.03764123206149417,0.06597354369034891,0.3384999999999999
rep0700,0.65,0.6506325430432847,alg1,0.15,0.015,0.03,0.105,prop_127,1000,2000,0.32818395880004647,0.7833396700855881,True,0.45515571128554166,0.45515571128554166,0.5718314311108293,0.6251685688891707,-0.24364747231078285,0.15817110119641747,0.05333713777834137,0.06931857350720028,0.3325
rep0701,0.62,0.6187320249579185,alg1,0.15,0.015,0.03,0.105,prop_127,1000,2000,0.21542846025323983,0.6596790316158871,True,0.44425057136264734,0.44425057136264734,0.44683517562588243,0.5011648243741176,-0.2314067153726426,0.15851420724176962,0.05432964874823515,0.07792092261441219,0.31200000000000006
rep0702,0.32,0.3183272441833459,alg1,0.15,0.015,0.03,0.105,prop_127,1000,2000,0.17177016788840588,0.6472640308309334,True,0.47549386294252755,0.47549386294252755,0.4323877559164544,0.48661224408354564,-0.2606175880280485,0.1606517867473878,0.054224488167091245,0.07576937477543644,0.3454999999999999
rep0703,0.64,0.6352153071879647,alg1,0.15,0.015,0.03,0.105,prop_127,1000,2000,0.4061397928640225,0.8789535715308894,True,0.47281377866686686,0.47281377866686686,0.6786532689871849,0.7283467310128151,-0.2725134761231624,0.15060684051807427,0.049693462025630186,0.0796203166412367,0.34349999999999997
rep0704,0.97,0.9723238313893882,alg1,0.15,0.015,0.03,0.105,prop_127,1000,2000,0.7473902928514436,1.1543006343870712,True,0.40691034153562755,0.25260970714855635,1.0,1.0,-0.25260970714855635,0.15430063438707114,0.0,0.07391034153562753,0.33299999999999996
rep0705,0.47,0.46588421090109494,alg1,0.15,0.015,0.03,0.105,prop_127,1000,2000,0.3308920326754909,0.7796760546708117,True,0.4487840219953208,0.4487840219953208,0.5890340761016193,0.6419659238983808,-0.2581420434261284,0.13771013077243094,0.05293184779676152,0.07135217419855933,0.3245
rep0706,0.53,0.5283740232519213,alg1,0.15,0.015,0.03,0.105,prop_127,1000,2000,0.3262958927109976,0.803941267467325,True,0.47764537475632735,0.47764537475632735,0.5859958574552289,0.6390041425447712,-0.25969996474423124,0.1649371249225537,0.05300828508954236,0.07263708966678484,0.3520000000000001
rep0707,0.73,0.7343174621456723,alg1,0.15,0.015,0.03,0.105,prop_127,1000,2000,0.7694773313632542,1.1555746694639089,False,0.3860973381006546,0.23052266863674575,1.0,1.0,-0.23052266863674573,0.15557466946390888,0.0,0.07909733810065461,0.307
rep0708,0.77,0.7735731870600265,alg1,0.15,0.015,0.03,0.105,prop_127,1000,2000,0.3451790847127777,0.8244405652354267,True,0.47926148052264905,0.47926148052264905,0.604241215110448,0.6567587848895519,-0.25906213039767034,0.16768178034587494,0.05251756977910382,0.08174391074354526,0.34500000000000003
rep0709,0.46,0.4597510487027871,alg1,0.15,0.015,0.03,0.105,prop_127,1000,2000,0.1306621982978235,0.6377093621387883,True,0.5070471638409648,0.5070471638409648,0.3936444173649983,0.4473555826350017,-0.2629822190671748,0.19035377950378657,0.053711165270003414,0.07783599857096135,0.3755
rep0710,0.07,0.07345804081414554,alg1,0.15,0.015,0.03,0.105,prop_127,1000,2000,-0.11965951697847846,0.3580826083820954,True,0.4777421253605738,0.3580826083820954,0.15004048918729504,0.19095951081270499,-0.2697000061657735,0.16712309756939037,0.040919021625409946,0.06982310373516387,0.367
rep0711,0.88,0.8815362152345295,alg1,0.15,0.015,0.03,0.105,prop_127,1000,2000,0.700599918625259,1.1164957773588242,True,0.41589585873356516,0.29940008137474095,0.947087298939978,0.9689127010600219,-0.24648738031471892,0.14758307629880224,0.021825402120043913,0.08107045661352119,0.31299999999999994
rep0712,0.71,0.7081656695993921,alg1,0.15,0.015,0.03,0.105,prop_127,1000,2000,0.4953368133604371,1.0123746800469795,True,0.5170378666865424,0.5046631866395629,0.7881360882549749,0.830863911745025,-0.29279927489453783,0.18151076830195448,0.04272782349005011,0.08031004319649226,0.394
rep0713,0.34,0.3371108098177164,alg1,0.15,0.015,0.03,0.105,prop_127,1000,2000,0.07240644899473034,0.5642446571908852,True,0.49183820819615487,0.49183820819615487,0.30343863347545874,0.3545613665245413,-0.2310321844807284,0.20968329066634395,0.05112273304908255,0.08071547514707228,0.36000000000000004
rep0714,0.08,0.07975518910225672,alg1,0.15,0.015,0.03,0.105,prop_127,1000,2000,-0.2878722681766111,0.16635856893752074,True,0.4542308371141318,0.16635856893752074,0.0,0.0,-0.2878722681766111,0.16635856893752074,0.0,0.07973083711413181,0.3745
rep0715,0.15,0.14884037317006904,alg1,0.15,0.015,0.03,0.105,prop_127,1000,2000,-0.23721048307146295,0.21087901336855225,True,0.44808949644001517,0.21087901336855225,0.020294791357975094,0.0387052086420249,-0.25750527442943805,0.17217380472652735,0.01841041728404981,0.07367907915596539,0.356
rep0716,0.50,0.5002520736252362,alg1,0.15,0.015,0.03,0.105,prop_127,1000,2000,0.23824336672273333,0.679779248045008,True,0.44153588132227467,0.44153588132227467,0.4538180208019466,0.5081819791980533,-0.21557465407921328,0.17159726884695464,0.05436395839610669,0.07617192292616787,0.31100000000000005
rep0717,0.62,0.6181944409522758,alg1,0.15,0.015,0.03,0.105,prop_127,1000,2000,0.23960780923660313,0.7017799173644411,True,0.462172108127838,0.462172108127838,0.4943235336715526,0.5486764663284474,-0.25471572443494944,0.15310345103599374,0.05435293265689478,0.07031917547094318,0.33749999999999997
rep0718,0.75,0.7467090556088825,alg1,0.15,0.015,0.03,0.105,prop_127,1000,2000,0.46126543597601066,0.9574494285256612,True,0.4961839925496505,0.4961839925496505,0.7073896136914256,0.7556103863085745,-0.24612417771541492,0.20183904221708668,0.048220772617148855,0.07646321993250155,0.37150000000000005
rep0719,0.46,0.4594901234938354,alg1,0.15,0.015,0.03,0.105,prop_127,1000,2000,0.25059345932223837,0.740977278612432,True,0.49038381929019365,0.49038381929019365,0.5334982378839579,0.5875017621160421,-0.2829047785617195,0.15347551649638996,0.05400352423208421,0.0773802950581095,0.359
rep0720,0.05,0.04671494424394169,alg1,0.15,0.015,0.03,0.105,prop_127,1000,2000,-0.15550933539175674,0.29906446034347156,True,0.45457379573522827,0.29906446034347156,0.1056007721001859,0.1413992278998141,-0.26111010749194263,0.1576652324436575,0.035798455799628204,0.06827533993560014,0.3505
rep0721,0.81,0.8117611590924323,alg1,0.15,0.015,0.03,0.105,prop_127,1000,2000,0.7469401887093752,1.1764399618395354,True,0.4294997731301602,0.2530598112906248,1.0,1.0,-0.2530598112906249,0.1764399618395354,0.0,0.07749977313016032,0.352
rep0722,0.22,0.2219104471600488,alg1,0.15,0.015,0.03,0.105,prop_127,1000,2000,0.053955964597151795,0.4985170770025299,True,0.4445611124053781,0.4445611124053781,0.29707011665543354,0.3479298833445665,-0.24311415205828174,0.15058719365796341,0.050859766689132946,0.0677013457162452,0.32599999999999996
rep0723,0.51,0.5105466005402299,alg1,0.15,0.015,0.03,0.105,prop_127,1000,2000,0.26900550150738906,0.7302868471991368,True,0.4612813456917478,0.4612813456917478,0.5254487386866005,0.5795512613133995,-0.2564432371792114,0.15073558588573738,0.05410252262679904,0.07117882306494883,0.33599999999999997
rep0724,0.48,0.477360257689102,alg1,0.15,0.015,0.03,0.105,prop_127,1000,2000,0.1993049078507334,0.665318012804632,True,0.4660131049538986,0.4660131049538986,0.4518223765568167,0.5061776234431833,-0.25251746870608327,0.1591403893614487,0.054355246886366615,0.0806578580675319,0.33100000000000007
rep0725,0.16,0.1643904436647521,alg1,0.15,0.015,0.03,0.105,prop_127,1000,2000,-0.0860092625704221,0.37964416568057946,True,0.46565342825100153,0.37964416568057946,0.15575903229450141,0.19724096770549857,-0.24176829486492352,0.18240319797508087,0.04148193541099715,0.06717149284000445,0.35699999999999993
rep0726,0.76,0.757057184239538,alg1,0.15,0.015,0.03,0.105,prop_127,1000,2000,0.4390799017142849,0.8924602635261982,True,0.4533803618119133,0.4533803618119133,0.6837762658241763,0.7332237341758238,-0.24469636410989137,0.1592365293503744,0.04944746835164748,0.07543289346026566,0.3285000000000001
rep0727,0.34,0.34121970245937583,alg1,0.15,0.015,0.03,0.105,prop_127,1000,2000,0.1489122660945707,0.6148603933859325,True,0.46594812729136176,0.46594812729136176,0.3812628080717453,0.43473719192825466,-0.23235054197717459,0.18012320145767782,0.05347438385650938,0.08297374343485242,0.3295
rep0728,0.20,0.196817766798613,alg1,0.15,0.015,0.03,0.105,prop_127,1000,2000,0.1304057187751515,0.6221286243066293,True,0.4917229055314778,0.4917229055314778,0.40356243715132634,0.45743756284867365,-0.27315671837617483,0.1646910614579556,0.053875125697347315,0.0798477798341305,0.35799999999999993
rep0729,0.29,0.28849501958605417,alg1,0.15,0.015,0.03,0.105,prop_127,1000,2000,-0.0645599119951136,0.3961199230121762,True,0.4606798350072898,0.3961199230121762,0.1873604999523403,0.23163950004765968,-0.2519204119474539,0.1644804229645165,0.044279000095319376,0.07090083491197041,0.34550000000000003
rep0730,0.48,0.477668445003829,alg1,0.15,0.015,0.03,0.105,prop_127,1000,2000,0.17480785225173237,0.609444294397467,True,0.4346364421457346,0.4346364421457346,0.4229347239935213,0.47706527600647874,-0.2481268717417889,0.1323790183909882,0.05413055201295747,0.07850589013277709,0.30200000000000005
rep0731,0.72,0.7209968835743404,alg1,0.15,0.015,0.03,0.105,prop_127,1000,2000,0.4193450116437786,0.8822901513768606,True,0.46294513973308205,0.46294513973308205,0.6658612822384357,0.7161387177615642,-0.24651627059465706,0.16615143361529633,0.05027743552312858,0.07416770420995333,0.3385
rep0732,0.57,0.5718125239722864,alg1,0.15,0.015,0.03,0.105,prop_127,1000,2000,0.30872685331412997,0.8013584661807175,True,0.4926316128665875,0.4926316128665875,0.5566803694047007,0.6103196305952994,-0.2479535160905707,0.19103883558541812,0.0536392611905987,0.07849235167598889,0.36049999999999993
rep0733,0.97,0.9677623027604382,alg1,0.15,0.015,0.03,0.105,prop_127,1000,2000,0.7217952897977161,1.16898487764397,True,0.44718958784625384,0.2782047102022839,1.0,1.0,-0.2782047102022839,0.16898487764397002,0.0,0.07668958784625396,0.37049999999999994
rep0734,0.48,0.4810283343490522,alg1,0.15,0.015,0.03,0.105,prop_127,1000,2000,0.19433361897602214,0.6888714512898857,True,0.49453783231386356,0.49453783231386356,0.4553150402344621,0.5096849597655378,-0.26098142125844,0.17918649152434785,0.05436991953107573,0.06816791278278783,0.372
rep0735,0.78,0.7833574314760184,alg1,0.15,0.015,0.03,0.105,prop_127,1000,2000,0.4057192761829706,0.8662144775934035,True,0.46049520141043293,0.46049520141043293,0.6449287499380034,0.6960712500619965,-0.23920947375503282,0.17014322753140704,0.05114250012399313,0.07385270128643984,0.3355
rep0736,0.19,0.19432774790338644,alg1,0.15,0.015,0.03,0.105,prop_127,1000,2000,-0.13155062956237945,0.3346086170633472,True,0.46615924662572666,0.3346086170633472,0.14005543847022134,0.17994456152977867,-0.2716060680326008,0.15466405553356855,0.03988912305955733,0.08027012356616936,0.346
rep0737,0.33,0.3254942999348819,alg1,0.15,0.015,0.03,0.105,prop_127,1000,2000,0.18076442851303637,0.57291094958603,True,0.3921465210729936,0.3921465210729936,0.40753278772883966,0.46146721227116033,-0.2267683592158033,0.11144373731486965,0.05393442454232067,0.08271209653067302,0.25549999999999995
rep0738,0.51,0.5123079916353976,alg1,0.15,0.015,0.03,0.105,prop_127,1000,2000,0.2913843310518859,0.7845184896460491,True,0.4931341585941632,0.4931341585941632,0.5693044624060253,0.6226955375939747,-0.2779201313541394,0.16182295205207442,0.05339107518794939,0.07874308340621372,0.3610000000000001
rep0739,0.06,0.062111997988286836,alg1,0.15,0.015,0.03,0.105,prop_127,1000,2000,-0.0921293400624417,0.3639542164986483,True,0.45608355656109,0.3639542164986483,0.16053125128540022,0.20246874871459977,-0.2526605913478419,0.16148546778404851,0.041937497429199555,0.07764605913189043,0.33649999999999997
rep0740,0.75,0.7475448991454451,alg1,0.15,0.015,0.03,0.105,prop_127,1000,2000,0.6327385725940813,1.062801683345632,True,0.4300631107515507,0.3672614274059187,0.8575387065001849,0.893461293499815,-0.22480013390610368,0.16934038984581704,0.035922586999630024,0.07664052375192076,0.31749999999999995
rep0741,0.33,0.3282612087940039,alg1,0.15,0.015,0.03,0.105,prop_127,1000,2000,-0.01860904099740837,0.42904814509370787,True,0.44765718609111627,0.42904814509370787,0.23419672772773834,0.2818032722722617,-0.2528057687251467,0.14724487282144616,0.04760654454452337,0.0755506415465928,0.32450000000000007
rep0742,0.18,0.17857762779265787,alg1,0.15,0.015,0.03,0.105,prop_127,1000,2000,0.010013037687363169,0.42800734792893247,True,0.4179943102415693,0.4179943102415693,0.2643391194044117,0.3136608805955883,-0.2543260817170485,0.11434646733334422,0.049321761191176594,0.07917254905039273,0.2895
rep0743,0.30,0.3006284010448977,alg1,0.15,0.015,0.03,0.105,prop_127,1000,2000,-0.07809016513114722,0.38270427485175285,True,0.46079443998290004,0.38270427485175285,0.1753620683610387,0.2186379316389613,-0.25345223349218593,0.1640663432127915,0.0432758632779226,0.08151857670497747,0.33599999999999997
rep0744,0.77,0.7703311074821744,alg1,0.15,0.015,0.03,0.105,prop_127,1000,2000,0.5225466701831328,0.962585043764101,True,0.4400383735809682,0.4400383735809682,0.7766777340558226,0.8203222659441773,-0.2541310638726898,0.14226277781992366,0.04364453188835471,0.07289384169261348,0.3235
rep0745,0.30,0.2994687432846144,alg1,0.15,0.015,0.03,0.105,prop_127,1000,2000,0.15089343403815492,0.585743944266688,True,0.43485051022853305,0.43485051022853305,0.39810613341885714,0.45189386658114283,-0.24721269938070223,0.13385007768554513,0.05378773316228569,0.06506277706624719,0.31600000000000017
rep0746,0.86,0.8631013308792119,alg1,0.15,0.015,0.03,0.105,prop_127,1000,2000,0.6176099339486547,1.021465738507732,True,0.4038558045590772,0.3823900660513453,0.873511740741516,0.9074882592584839,-0.25590180679286134,0.11397747924924814,0.03397651851696781,0.07687928604210953,0.293
rep0747,0.78,0.7789905000161823,alg1,0.15,0.015,0.03,0.105,prop_127,1000,2000,0.6939970801831217,1.0736091330904327,True,0.37961205290731104,0.3060029198168783,0.9314915104716056,0.9565084895283943,-0.23749443028848397,0.11710064356203853,0.02501697905678868,0.07159507385052244,0.28300000000000003
rep0748,0.51,0.5080678956883182,alg1,0.15,0.015,0.03,0.105,prop_127,1000,2000,0.21849621341249925,0.7016919785775881,True,0.4831957651650889,0.4831957651650889,0.4503259297363448,0.5046740702636552,-0.23182971632384552,0.19701790831393293,0.05434814052731041,0.07434762463777844,0.35450000000000004
rep0749,0.02,0.01749168767955398,alg1,0.15,0.015,0.03,0.105,prop_127,1000,2000,-0.17027678162173943,0.21288728551416192,True,0.38316406713590134,0.21288728551416192,0.06936848587949027,0.09963151412050975,-0.2396452675012297,0.11325577139365217,0.03026302824101948,0.07840103889488192,0.27449999999999997
rep0750,0.39,0.39053994972898903,alg1,0.15,0.015,0.03,0.105,prop_127,1000,2000,0.2469049939016681,0.6466239785830323,True,0.39971898468136424,0.39971898468136424,0.4943235336715526,0.5486764663284474,-0.24741853976988448,0.09794751225458498,0.05435293265689478,0.06836605202446949,0.27699999999999997
rep0751,0.30,0.30302091037636547,alg1,0.15,0.015,0.03,0.105,prop_127,1000,2000,0.09555432708986583,0.572813002095212,True,0.4772586750053462,0.4772586750053462,0.35606014559108834,0.4089398544089117,-0.2605058185012225,0.16387314768630035,0.052879708817823334,0.08037896618752283,0.34400000000000003
rep0752,0.67,0.6728906560484075,alg1,0.15,0.015,0.03,0.105,prop_127,1000,2000,0.496736497555614,0.9364061615207269,True,0.43966966396511287,0.43966966396511287,0.7450358983217333,0.7909641016782667,-0.24829940076611937,0.14544205984246014,0.04592820335653336,0.08174146060857956,0.31199999999999994
rep0753,0.45,0.4541601212035811,alg1,0.15,0.015,0.03,0.105,prop_127,1000,2000,0.1545854458283119,0.6132275492856962,True,0.4586421034573843,0.4586421034573843,0.389184990970771,0.44281500902922893,-0.23459954514245912,0.1704125402564673,0.05363001805845791,0.07501208539892645,0.32999999999999996
rep0754,0.36,0.3621350551377598,alg1,0.15,0.015,0.03,0.105,prop_127,1000,2000,-0.0046044592348215285,0.45677037162049,True,0.4613748308553115,0.45677037162049,0.23516671838305844,0.28283328161694155,-0.23977117761787997,0.17393709000354846,0.0476665632338831,0.08270826762142841,0.331
rep0755,0.30,0.30370365689607154,alg1,0.15,0.015,0.03,0.105,prop_127,1000,2000,0.1569822188264262,0.6206646447761357,True,0.4636824259497095,0.4636824259497095,0.4050511088688731,0.4589488911311269,-0.24806889004244687,0.16171575364500873,0.053897782262253835,0.06978464368745563,0.33999999999999997
rep0756,0.39,0.39191424206051756,alg1,0.15,0.015,0.03,0.105,prop_127,1000,2000,0.007694570223895358,0.4592320602207234,True,0.451537489996828,0.451537489996828,0.2736050726010186,0.3233949273989814,-0.2659105023771232,0.13583713282174195,0.04978985479796283,0.06724763519886512,0.3345
rep0757,0.93,0.9311693716628857,alg1,0.15,0.015,0.03,0.105,prop_127,1000,2000,0.5438836271786331,1.0472249123554718,True,0.5033412851768386,0.45611637282136686,0.8221569033416406,0.8618430966583593,-0.2782732761630075,0.18538181569711246,0.03968619331671874,0.07615509186011993,0.38750000000000007
rep0758,0.73,0.7253501033985368,alg1,0.15,0.015,0.03,0.105,prop_127,1000,2000,0.31992297185303364,0.7747856506741492,True,0.45486267882111553,0.45486267882111553,0.557689640932094,0.611310359067906,-0.23776666907906038,0.1634752916062432,0.05362071813581193,0.07924196068530359,0.322
rep0759,0.37,0.3668140313848696,alg1,0.15,0.015,0.03,0.105,prop_127,1000,2000,0.11268497119594872,0.558245153301518,True,0.4455601821055693,0.4455601821055693,0.36939330562898576,0.4226066943710143,-0.25670833443303703,0.13563845893050375,0.05321338874202852,0.07034679336354083,0.32199999999999995
rep0760,0.65,0.649319239106947,alg1,0.15,0.015,0.03,0.105,prop_127,1000,2000,0.4977138289856783,0.9926498058798858,True,0.49493597689420754,0.49493597689420754,0.7725174675692232,0.8164825324307767,-0.27480363858354495,0.17616727344910912,0.04396506486155349,0.08097091203265416,0.3699999999999999
rep0761,0.19,0.18909448403981105,alg1,0.15,0.015,0.03,0.105,prop_127,1000,2000,0.14607379602126047,0.594021749456311,True,0.44794795343505056,0.44794795343505056,0.4070363960773875,0.4609636039226125,-0.26096260005612704,0.13305814553369857,0.05392720784522498,0.07852074558982558,0.3155
rep0762,0.58,0.5811996148724241,alg1,0.15,0.015,0.03,0.105,prop_127,1000,2000,0.31994348133443606,0.7864372856042361,True,0.4664938042698,0.4664938042698,0.557184990970771,0.6108150090292289,-0.23724150963633495,0.17562227657500712,0.05363001805845791,0.08136378621134205,0.3315
rep0763,0.18,0.18132628957024227,alg1,0.15,0.015,0.03,0.105,prop_127,1000,2000,-0.014991630969876435,0.4399808626568374,True,0.4549724936267138,0.4399808626568374,0.25265364827569586,0.3013463517243042,-0.2676452792455723,0.1386345109325332,0.04869270344860832,0.07727979017810555,0.32899999999999996
rep0764,0.77,0.7746575608172306,alg1,0.15,0.015,0.03,0.105,prop_127,1000,2000,0.6009336896562096,0.9979775090652033,True,0.3970438194089937,0.3970438194089937,0.8353171827739372,0.8736828172260629,-0.2343834931177276,0.12429469183914045,0.03836563445212571,0.06817818495686806,0.2905
rep0765,0.03,0.026227594970208438,alg1,0.15,0.015,0.03,0.105,prop_127,1000,2000,-0.2633055246324621,0.16782589703450862,True,0.4311314216669707,0.16782589703450862,0.0,0.0,-0.2633055246324621,0.16782589703450862,0.0,0.06913142166697073,0.362
rep0766,0.38,0.37867548624001796,alg1,0.15,0.015,0.03,0.105,prop_127,1000,2000,0.12140706129225953,0.6126993619137305,True,0.491292300621471,0.491292300621471,0.3862133171882252,0.43978668281177474,-0.2648062558959657,0.1729126791019558,0.05357336562354953,0.07921893499792143,0.35850000000000004
rep0767,0.61,0.6128422265947918,alg1,0.15,0.015,0.03,0.105,prop_127,1000,2000,0.35343331845064985,0.8085125474283952,True,0.45507922897774533,0.45507922897774533,0.5996762458314071,0.6523237541685929,-0.2462429273807573,0.1561887932598023,0.05264750833718579,0.0769317206405597,0.3254999999999999
rep0768,0.63,0.630024733990203,alg1,0.15,0.015,0.03,0.105,prop_127,1000,2000,0.48062910007245235,0.8756967086838796,True,0.39506760861142726,0.39506760861142726,0.7135629556269433,0.7614370443730568,-0.23293385555449092,0.1142596643108228,0.04787408874611354,0.0736935198653138,0.2734999999999999
rep0769,0.37,0.3691153843791364,alg1,0.15,0.015,0.03,0.105,prop_127,1000,2000,0.11280424421394408,0.5870564436498662,True,0.4742521994359221,0.4742521994359221,0.353593399099919,0.406406600900081,-0.2407891548859749,0.18064984274978524,0.052813201800162024,0.07343899763576017,0.348
rep0770,0.76,0.7602827163677804,alg1,0.15,0.015,0.03,0.105,prop_127,1000,2000,0.5385737186290611,0.9935219812496217,True,0.45494826262056054,0.45494826262056054,0.8043285539992397,0.8456714460007602,-0.26575483537017863,0.14785053524886152,0.041342892001520415,0.0746053706190401,0.339
rep0771,0.56,0.5569418507360329,alg1,0.15,0.015,0.03,0.105,prop_127,1000,2000,0.38806468023620677,0.8037929999767135,True,0.4157283197405067,0.4157283197405067,0.6098239501953684,0.6621760498046316,-0.2217592699591616,0.14161695017208184,0.052352099609263236,0.07487622013124345,0.2885
rep0772,0.51,0.5123095731772616,alg1,0.15,0.015,0.03,0.105,prop_127,1000,2000,0.12291046230714814,0.5938882570867292,True,0.47097779477958107,0.47097779477958107,0.3758205571553473,0.42917944284465276,-0.25291009484819915,0.16470881424207645,0.05335888568930547,0.08211890909027558,0.3355
rep0773,0.94,0.9438798022173757,alg1,0.15,0.015,0.03,0.105,prop_127,1000,2000,0.7290428925217203,1.1456337797002698,True,0.41659088717854953,0.2709571074782797,1.0,1.0,-0.2709571074782798,0.14563377970026972,0.0,0.08109088717854956,0.33549999999999996
rep0774,0.32,0.3165110740887545,alg1,0.15,0.015,0.03,0.105,prop_127,1000,2000,0.1539824880352173,0.5799044423905948,True,0.4259219543553775,0.4259219543553775,0.38720376133585355,0.4407962386641464,-0.23322127330063624,0.1391082037264484,0.053592477328292865,0.0713294770270847,0.30099999999999993
rep0775,0.44,0.4391276919154589,alg1,0.15,0.015,0.03,0.105,prop_127,1000,2000,0.27190484668769166,0.7105936093996751,True,0.4386887627119834,0.4386887627119834,0.4943235336715526,0.5486764663284474,-0.2224186869838609,0.16191714307122773,0.05435293265689478,0.08233583005508865,0.302
rep0776,0.14,0.1376244819698076,alg1,0.15,0.015,0.03,0.105,prop_127,1000,2000,-0.10437418473060858,0.35413782078890416,True,0.45851200551951277,0.35413782078890416,0.1419550777869589,0.1820449222130411,-0.24632926251756748,0.17209289857586305,0.04008984442608221,0.06692216109343052,0.35150000000000003
rep0777,0.69,0.6900240903357862,alg1,0.15,0.015,0.03,0.105,prop_127,1000,2000,0.28427726170395873,0.7440331450968956,True,0.4597558833929368,0.4597558833929368,0.5259516245637023,0.5800483754362978,-0.24167436285974353,0.16398476966059772,0.05409675087259558,0.06615913252034128,0.33949999999999997
rep0778,0.23,0.22579168906928765,alg1,0.15,0.015,0.03,0.105,prop_127,1000,2000,0.14010061593745757,0.5795934364248023,True,0.4394928204873447,0.4394928204873447,0.3585276326179497,0.41147236738205034,-0.2184270166804921,0.16812106904275204,0.052944734764100665,0.07354808572324423,0.31299999999999994
rep0779,0.28,0.2837869490913578,alg1,0.15,0.015,0.03,0.105,prop_127,1000,2000,0.16728351728298427,0.6031418211002615,True,0.4358583038172772,0.4358583038172772,0.3931488122890268,0.44685118771097315,-0.22586529500604255,0.15629063338928828,0.053702375421946336,0.07315592839533086,0.309
rep0780,0.53,0.5288656238903121,alg1,0.15,0.015,0.03,0.105,prop_127,1000,2000,0.32876098033702594,0.7808340763151341,True,0.4520730959781082,0.4520730959781082,0.5986621390068951,0.6513378609931049,-0.2699011586698692,0.12949621532202923,0.052675721986209734,0.07439737399189844,0.325
rep0781,0.73,0.7330093470103288,alg1,0.15,0.015,0.03,0.105,prop_127,1000,2000,0.4438455208826348,0.8892525721883939,True,0.44540705130575914,0.44540705130575914,0.6914675716084092,0.7405324283915907,-0.24762205072577442,0.1487201437968032,0.04906485678318151,0.07684219452257773,0.3194999999999999
rep0782,0.84,0.838503187664904,alg1,0.15,0.015,0.03,0.105,prop_127,1000,2000,0.6100646460415114,1.0601978114700554,True,0.450133165428544,0.38993535395848855,0.873511740741516,0.9074882592584839,-0.2634470947000046,0.15270955221157148,0.03397651851696781,0.07815664691157598,0.3380000000000001
rep0783,0.34,0.33656651734857845,alg1,0.15,0.015,0.03,0.105,prop_127,1000,2000,0.045035864204773346,0.48879323091941534,True,0.443757366714642,0.443757366714642,0.2877724313902427,0.3382275686097573,-0.24273656718546938,0.15056566230965807,0.050455137219514556,0.07230222949512743,0.321
rep0784,0.11,0.10949115789238008,alg1,0.15,0.015,0.03,0.105,prop_127,1000,2000,-0.15828626514853827,0.29664504628330957,True,0.45493131143184784,0.29664504628330957,0.08043604074961852,0.11256395925038148,-0.2387223058981568,0.18408108703292808,0.032127918500762964,0.07680339293108485,0.34600000000000003
rep0785,0.48,0.4762454626103595,alg1,0.15,0.015,0.03,0.105,prop_127,1000,2000,0.37652905275554627,0.819331696486588,True,0.4428026437310417,0.4428026437310417,0.589540549119027,0.642459450880973,-0.21301149636348068,0.17687224560561504,0.052918901761946024,0.06988374196909575,0.31999999999999995
rep0786,0.07,0.07488165227562806,alg1,0.15,0.015,0.03,0.105,prop_127,1000,2000,-0.17993556252768586,0.2561460743642522,True,0.436081636891938,0.2561460743642522,0.08507078093356876,0.11792921906643125,-0.2650063434612546,0.1382168552978209,0.03285843813286249,0.06972319875907551,0.3335
rep0787,0.82,0.8170884972397916,alg1,0.15,0.015,0.03,0.105,prop_127,1000,2000,0.48300067753503007,0.9792083667002338,True,0.49620768916520375,0.49620768916520375,0.8038053183929146,0.8451946816070854,-0.3208046408578845,0.13401368509314832,0.04138936321417086,0.07131832595103288,0.38349999999999995
rep0788,0.34,0.3362206627963597,alg1,0.15,0.015,0.03,0.105,prop_127,1000,2000,-0.05699156741897923,0.3703857621789878,True,0.42737732959796704,0.3703857621789878,0.18399766767236778,0.2280023323276322,-0.240989235091347,0.14238342985135555,0.044004664655264425,0.07837266494270251,0.30500000000000005
rep0789,0.50,0.496171784003576,alg1,0.15,0.015,0.03,0.105,prop_127,1000,2000,0.3953090401923827,0.8727897507129352,True,0.47748071052055246,0.47748071052055246,0.6495188851361676,0.7004811148638325,-0.2542098449437849,0.1723086358491027,0.05096222972766484,0.06951848079288753,0.35700000000000004
rep0790,0.53,0.5296143175516811,alg1,0.15,0.015,0.03,0.105,prop_127,1000,2000,0.212193892267411,0.6632910433687682,True,0.4510971511013572,0.4510971511013572,0.458309814822649,0.512690185177351,-0.24611592255523798,0.15060085819141722,0.054380370354702,0.08121678074665506,0.3155000000000001
rep0791,0.71,0.7076541850555828,alg1,0.15,0.015,0.03,0.105,prop_127,1000,2000,0.40404098779706604,0.8879378365986258,True,0.48389684880155975,0.48389684880155975,0.6663725431961074,0.7166274568038926,-0.26233155539904135,0.17131037979473315,0.05025491360778522,0.07664193519377449,0.357
rep0792,0.15,0.1503767874147335,alg1,0.15,0.015,0.03,0.105,prop_127,1000,2000,-0.12843811856810183,0.31714226063751483,True,0.44558037920561666,0.31714226063751483,0.13673373684079504,0.17626626315920496,-0.2651718554088969,0.14087599747830984,0.03953252631840992,0.07754785288720661,0.32850000000000007
rep0793,0.68,0.6781218861290822,alg1,0.15,0.015,0.03,0.105,prop_127,1000,2000,0.3446591847804595,0.8105659438850636,True,0.46590675910460416,0.46590675910460416,0.6027192874436003,0.6552807125563997,-0.2580601026631408,0.1552852313286639,0.05256142511279949,0.07084533399180465,0.3425
rep0794,0.42,0.4249101602725677,alg1,0.15,0.015,0.03,0.105,prop_127,1000,2000,0.20892228220551712,0.6836919447237187,True,0.47476966251820163,0.47476966251820163,0.4943235336715526,0.5486764663284474,-0.28540125146603545,0.1350154783952714,0.05435293265689478,0.07591672986130682,0.34450000000000003
rep0795,0.70,0.6987247497061722,alg1,0.15,0.015,0.03,0.105,prop_127,1000,2000,0.34592749722676835,0.7819065448904623,True,0.43597904766369394,0.43597904766369394,0.610331654191191,0.662668345808809,-0.2644041569644226,0.11923819908165337,0.052336691617618,0.07614235604607611,0.3074999999999999
rep0796,0.52,0.5229072743297516,alg1,0.15,0.015,0.03,0.105,prop_127,1000,2000,0.22758967739676483,0.6849086648672237,True,0.45731898747045885,0.45731898747045885,0.5254487386866005,0.5795512613133995,-0.29785906128983564,0.10535740355382414,0.05410252262679904,0.08221646484365969,0.3210000000000001
rep0797,0.83,0.8307010375574098,alg1,0.15,0.015,0.03,0.105,prop_127,1000,2000,0.6789792126885889,1.1203321406523896,True,0.44135292796380077,0.32102078731141115,0.9314915104716056,0.9565084895283943,-0.25251229778301676,0.16382365112399533,0.02501697905678868,0.060335948907012105,0.356
rep0798,0.88,0.8808234463324145,alg1,0.15,0.015,0.03,0.105,prop_127,1000,2000,0.7091146006483615,1.1586321436927558,True,0.4495175430443943,0.2908853993516385,0.9607195004683318,0.9792804995316682,-0.2516048998199702,0.17935164416108762,0.018560999063336414,0.06795654398105783,0.363
rep0799,0.43,0.43465681542082857,alg1,0.15,0.015,0.03,0.105,prop_127,1000,2000,0.21146843829842524,0.6234682674081107,True,0.41199982910968547,0.41199982910968547,0.4378650999559446,0.49213490004405547,-0.22639666165751934,0.13133336736405515,0.05426980008811089,0.08323002902157445,0.2745
rep0800,0.17,0.17053459520841083,alg1,0.15,0.015,0.03,0.105,prop_127,1000,2000,-0.004039731017376286,0.4332200234734379,True,0.4372597544908142,0.4332200234734379,0.22353768704431146,0.2704623129556885,-0.22757741806168774,0.16275771051774943,0.046924625911377055,0.07533512857943708,0.3150000000000001
rep0801,0.41,0.41260411504675165,alg1,0.15,0.015,0.03,0.105,prop_127,1000,2000,0.2043249133532221,0.5996702202219527,True,0.3953453068687306,0.3953453068687306,0.403066269248603,0.456933730751397,-0.19874135589538092,0.14273648947055573,0.05386746150279398,0.0724778453659366,0.269
rep0802,0.20,0.19552982737023078,alg1,0.15,0.015,0.03,0.105,prop_127,1000,2000,-0.06825539808269923,0.3307361550084157,True,0.3989915530911149,0.3307361550084157,0.14670889982471993,0.18729110017528008,-0.21496429790741917,0.14344505483313558,0.04058220035056015,0.0754093527405546,0.28300000000000014
rep0803,0.80,0.7965926571332766,alg1,0.15,0.015,0.03,0.105,prop_127,1000,2000,0.5429078443791555,0.9515959989559541,True,0.40868815457679863,0.40868815457679863,0.7798001427170637,0.8231998572829363,-0.23689229833790812,0.12839614167301783,0.04339971456587266,0.07428844001092605,0.2909999999999999
rep0804,0.75,0.7490393466418966,alg1,0.15,0.015,0.03,0.105,prop_127,1000,2000,0.5441525828040541,1.0014445613751508,True,0.4572919785710967,0.4558474171959459,0.8064221183556674,0.8475778816443326,-0.26226953555161325,0.1538666797308182,0.041155763288665215,0.06363621528243141,0.35250000000000004
rep0805,0.86,0.8576137075694341,alg1,0.15,0.015,0.03,0.105,prop_127,1000,2000,0.5798573096891192,1.0470391976524946,True,0.46718188796337545,0.4201426903108808,0.8379548986401182,0.8760451013598818,-0.258097588950999,0.1709940962926128,0.0380902027197636,0.07659168524361182,0.3525
rep0806,0.11,0.11443861013573262,alg1,0.15,0.015,0.03,0.105,prop_127,1000,2000,-0.13179556822456925,0.3023992524300467,True,0.434194820654616,0.3023992524300467,0.12301053738407189,0.1609894626159281,-0.25480610560864114,0.1414097898141186,0.0379789252318562,0.0767158954227597,0.31950000000000006
rep0807,0.22,0.21834185956132837,alg1,0.15,0.015,0.03,0.105,prop_127,1000,2000,-0.10638263000597378,0.32134197033464496,True,0.42772460034061877,0.32134197033464496,0.14670889982471993,0.18729110017528008,-0.2530915298306937,0.13405087015936484,0.04058220035056015,0.07664239999005856,0.3105
rep0808,0.31,0.3057032496583064,alg1,0.15,0.015,0.03,0.105,prop_127,1000,2000,0.07669155488489582,0.5337918744692483,True,0.45710031958435243,0.45710031958435243,0.3338864391677386,0.3861135608322614,-0.25719488428284276,0.14767831363698686,0.05222712166452281,0.0673731979198296,0.3375
rep0809,0.50,0.49878505714525195,alg1,0.15,0.015,0.03,0.105,prop_127,1000,2000,0.08036019160206459,0.5458032936106902,True,0.46544310200862565,0.46544310200862565,0.34324121511044803,0.39575878488955196,-0.26288102350838344,0.15004450872113828,0.052517569779103934,0.061925532229521685,0.35100000000000003
rep0810,0.13,0.13102580854362464,alg1,0.15,0.015,0.03,0.105,prop_127,1000,2000,-0.09256296207439932,0.3488052677170818,True,0.44136822979148116,0.3488052677170818,0.15051668804944904,0.191483311950551,-0.24307965012384836,0.15732195576653082,0.04096662390110195,0.07590160589037909,0.3245000000000001
rep0811,0.33,0.3277871272852904,alg1,0.15,0.015,0.03,0.105,prop_127,1000,2000,0.09530412314050446,0.5502496745391785,True,0.45494555139867404,0.45494555139867404,0.35951483416570207,0.41248516583429795,-0.2642107110251976,0.1377645087048806,0.05297033166859588,0.07597521973007815,0.32600000000000007
rep0812,0.17,0.1700617888306734,alg1,0.15,0.015,0.03,0.105,prop_127,1000,2000,-0.08163484767627235,0.35568054574787644,True,0.4373153934241488,0.35568054574787644,0.15099295061752965,0.19200704938247037,-0.232627798293802,0.16367349636540604,0.04101409876494072,0.08080129465920816,0.3154999999999999
rep0813,0.74,0.7444332937639826,alg1,0.15,0.015,0.03,0.105,prop_127,1000,2000,0.6604976073599289,1.09124208965858,True,0.43074448229865103,0.3395023926400711,0.8863619605862394,0.9186380394137605,-0.22586435322631043,0.1726040502448194,0.03227607882752115,0.08046840347112977,0.31800000000000006
rep0814,0.55,0.5477911163155484,alg1,0.15,0.015,0.03,0.105,prop_127,1000,2000,0.247307098883439,0.7848943711676439,True,0.537587272284205,0.537587272284205,0.5400436965709274,0.5939563034290725,-0.29273659768748844,0.19093806773857142,0.05391260685814503,0.07567466542605977,0.4080000000000001
rep0815,0.44,0.44301852481339377,alg1,0.15,0.015,0.03,0.105,prop_127,1000,2000,0.21359728210548456,0.740217792879741,True,0.5266205107742564,0.5266205107742564,0.4998380630579244,0.5541619369420756,-0.2862407809524398,0.18605585593766535,0.05432387388415122,0.07679663689010513,0.3955
rep0816,0.76,0.7550653227665621,alg1,0.15,0.015,0.03,0.105,prop_127,1000,2000,0.6809234795156234,1.1383112498624817,True,0.4573877703468583,0.3190765204843766,1.0,1.0,-0.3190765204843767,0.13831124986248167,0.0,0.06638777034685833,0.391
rep0817,0.30,0.30281707381746487,alg1,0.15,0.015,0.03,0.105,prop_127,1000,2000,0.08224557253451587,0.5454754696498555,True,0.46322989711533963,0.46322989711533963,0.35507335797518286,0.40792664202481715,-0.272827785440667,0.13754882762503834,0.0528532840496343,0.07587661306570526,0.3345000000000001
rep0818,0.68,0.675641643703314,alg1,0.15,0.015,0.03,0.105,prop_127,1000,2000,0.6409678387742307,1.051887579276487,True,0.4109197405022563,0.3590321612257693,0.8815349477634195,0.9144650522365806,-0.2405671089891888,0.1374225270399064,0.03293010447316114,0.07698963602909514,0.30100000000000005
rep0819,0.34,0.34067507208923375,alg1,0.15,0.015,0.03,0.105,prop_127,1000,2000,0.1464174400740032,0.5926233249654065,True,0.4462058848914033,0.4462058848914033,0.39661864094351923,0.45038135905648075,-0.250201200869516,0.1422419659089258,0.053762718112961516,0.07044316677844187,0.32199999999999995
rep0820,0.87,0.8718592297890663,alg1,0.15,0.015,0.03,0.105,prop_127,1000,2000,0.5547427038201128,1.0359697987112297,True,0.4812270948911169,0.4452572961798872,0.8836790244798366,0.9163209755201634,-0.3289363206597238,0.11964882319106634,0.032641951040326855,0.07508514385079001,0.3735000000000001
rep0821,0.31,0.3089734661518816,alg1,0.15,0.015,0.03,0.105,prop_127,1000,2000,0.07157555204697047,0.55586171561201,True,0.48428616356503956,0.48428616356503956,0.31864730516539247,0.3703526948346075,-0.247071753118422,0.1855090207774026,0.05170538966921501,0.08008077389582469,0.3524999999999999
rep0822,0.26,0.25784403099715614,alg1,0.15,0.015,0.03,0.105,prop_127,1000,2000,0.06340891159201495,0.4977870995199305,True,0.43437818792791555,0.43437818792791555,0.31815622212626193,0.369843777873738,-0.254747310534247,0.12794332164619251,0.05168755574747608,0.06469063218043958,0.31799999999999995
rep0823,0.07,0.0654069040861767,alg1,0.15,0.015,0.03,0.105,prop_127,1000,2000,-0.15746843646058117,0.25672010851342997,True,0.41418854497401114,0.25672010851342997,0.0953096269778448,0.1296903730221552,-0.25277806343842596,0.1270297354912748,0.03438074604431039,0.07530779892970074,0.3045
rep0824,0.60,0.5989494104440728,alg1,0.15,0.015,0.03,0.105,prop_127,1000,2000,0.27282550098937197,0.7456800301184142,True,0.47285452912904224,0.47285452912904224,0.5199188175660211,0.574081182433979,-0.24709331657664912,0.17159884768443523,0.05416236486795789,0.07469216426108438,0.344
rep0825,0.19,0.19406387936257286,alg1,0.15,0.015,0.03,0.105,prop_127,1000,2000,0.20624905275429412,0.6183685846032457,False,0.4121195318489516,0.4121195318489516,0.42144304989691295,0.4755569501030871,-0.21519399714261883,0.14281163450015863,0.054113900206174126,0.08150563164277741,0.2765
rep0826,0.25,0.254633407059406,alg1,0.15,0.015,0.03,0.105,prop_127,1000,2000,-0.004979472314818489,0.44329496876853935,True,0.44827444108335784,0.44329496876853935,0.21966671233880097,0.266333287661199,-0.22464618465361946,0.1769616811073403,0.04666657532239804,0.07010786576095979,0.33149999999999996
rep0827,0.85,0.8472707896748068,alg1,0.15,0.015,0.03,0.105,prop_127,1000,2000,0.7599079167473877,1.1272594145513684,True,0.3673514978039807,0.24009208325261233,0.9833256078368066,0.9946743921631934,-0.22341769108941886,0.13258502238817485,0.011348784326386863,0.07850271347759369,0.2775
rep0828,0.59,0.5851358430881207,alg1,0.15,0.015,0.03,0.105,prop_127,1000,2000,0.36286222359901976,0.8338268206465248,True,0.47096459704750504,0.47096459704750504,0.6123627759741046,0.6646372240258953,-0.24950055237508487,0.16918959662062946,0.05227444805179071,0.0786901489957143,0.34
rep0829,0.72,0.7197759140896983,alg1,0.15,0.015,0.03,0.105,prop_127,1000,2000,0.3750759187787107,0.8401832766302854,True,0.46510735785157464,0.46510735785157464,0.6245598729316113,0.6764401270683886,-0.24948395415290056,0.16374314956189676,0.051880254136777326,0.0777271037147973,0.3355
rep0830,0.25,0.24736679372268616,alg1,0.15,0.015,0.03,0.105,prop_127,1000,2000,-0.0685870051262086,0.4392493709648005,True,0.5078363760910091,0.4392493709648005,0.21096717689410752,0.2570328231058925,-0.2795541820203161,0.182216547858908,0.046065646211784966,0.07877072987922407,0.38300000000000006
rep0831,0.54,0.5396390757597858,alg1,0.15,0.015,0.03,0.105,prop_127,1000,2000,0.46772937939428805,0.9380478736762347,True,0.4703184942819466,0.4703184942819466,0.7140776585309481,0.7619223414690519,-0.24634827913666,0.17612553220718277,0.047844682938103844,0.07697381134384285,0.3454999999999999
rep0832,0.65,0.6509954189690357,alg1,0.15,0.015,0.03,0.105,prop_127,1000,2000,0.44121594552208343,0.8744719167652032,True,0.43325597124311976,0.43325597124311976,0.6812143179431907,0.7307856820568093,-0.23999837242110725,0.14368623470839392,0.04957136411361862,0.07268460712950109,0.31100000000000005
rep0833,0.27,0.2744056716462595,alg1,0.15,0.015,0.03,0.105,prop_127,1000,2000,-0.03449399114475621,0.4721452019652694,True,0.5066391931100256,0.4721452019652694,0.2521672219798509,0.3008327780201491,-0.28666121312460713,0.17131242394512025,0.04866555604029821,0.06347363706972742,0.39449999999999996
rep0834,0.30,0.29643886014362586,alg1,0.15,0.015,0.03,0.105,prop_127,1000,2000,0.06525650930309645,0.4951963526119872,True,0.42993984330889073,0.42993984330889073,0.2848388636653053,0.3351611363346947,-0.21958235436220885,0.1600352162772925,0.05032227266938938,0.08211757063950131,0.29750000000000004
rep0835,0.71,0.710451326157513,alg1,0.15,0.015,0.03,0.105,prop_127,1000,2000,0.3298064455364961,0.82688175062949,True,0.4970753050929939,0.4970753050929939,0.6230342563413168,0.6749657436586832,-0.29322781080482074,0.15191600697080676,0.05193148731736641,0.06014381777562755,0.38499999999999995
rep0836,0.06,0.0644549064093978,alg1,0.15,0.015,0.03,0.105,prop_127,1000,2000,-0.07886838227063073,0.39771032968913744,True,0.4765787119597682,0.39771032968913744,0.16339744569247255,0.20560255430752744,-0.24226582796310328,0.19210777538161003,0.04220510861505489,0.08087360334471333,0.3535
rep0837,0.80,0.8019562634935953,alg1,0.15,0.015,0.03,0.105,prop_127,1000,2000,0.5241485551632813,0.9954035407746612,True,0.4712549856113799,0.4712549856113799,0.8001443873209265,0.8418556126790734,-0.2759958321576452,0.1535479280955878,0.041711225358146864,0.074543760253233,0.35500000000000004
rep0838,0.18,0.1823185691949923,alg1,0.15,0.015,0.03,0.105,prop_127,1000,2000,-0.05056692932220197,0.4548032607644334,True,0.5053701900866354,0.4548032607644334,0.2541131545406308,0.3028868454593692,-0.3046800838628328,0.15191641530506417,0.0487736909187384,0.07659649916789696,0.38
rep0839,0.22,0.22469835200361887,alg1,0.15,0.015,0.03,0.105,prop_127,1000,2000,-0.0889736014610874,0.3918850884161246,True,0.48085868987721203,0.3918850884161246,0.188802473255331,0.23319752674466898,-0.2777760747164184,0.15868756167145565,0.04439505348933798,0.07246363638787406,0.364
rep0840,0.74,0.7446698084269571,alg1,0.15,0.015,0.03,0.105,prop_127,1000,2000,0.4690540650397669,0.887851512624164,True,0.4187974475843971,0.4187974475843971,0.6945464191521865,0.7434535808478134,-0.2254923541124196,0.14439793177635046,0.04890716169562692,0.07339028588877011,0.29649999999999993
rep0841,0.38,0.37927089494916844,alg1,0.15,0.015,0.03,0.105,prop_127,1000,2000,0.24369331649259737,0.682182877379296,True,0.43848956088669855,0.43848956088669855,0.48881230493270306,0.5431876950672969,-0.24511898844010568,0.1389951823119991,0.05437539013459386,0.0671141707521048,0.31699999999999995
rep0842,0.77,0.7685009038564122,alg1,0.15,0.015,0.03,0.105,prop_127,1000,2000,0.4852247995145448,0.9671626332121256,True,0.4819378336975808,0.4819378336975808,0.7346993978516936,0.7813006021483064,-0.24947459833714883,0.18586203106381916,0.04660120429661285,0.07883662940096792,0.35650000000000004
rep0843,0.61,0.6116441979544129,alg1,0.15,0.015,0.03,0.105,prop_127,1000,2000,0.39807079109116694,0.8653918149651064,True,0.4673210238739395,0.4673210238739395,0.6587072267353195,0.7092927732646807,-0.2606364356441525,0.15609904170042577,0.0505855465293612,0.0757354773445783,0.34099999999999997
rep0844,0.81,0.8050544843956496,alg1,0.15,0.015,0.03,0.105,prop_127,1000,2000,0.582970245587804,1.0617402895373917,True,0.4787700439495878,0.41702975441219603,0.8697763222914039,0.9042236777085961,-0.2868060767035999,0.15751661182879556,0.03444735541719224,0.07482268853239543,0.36950000000000005
rep0845,0.50,0.5030770144484182,alg1,0.15,0.015,0.03,0.105,prop_127,1000,2000,0.29987059508399294,0.7370288182225594,True,0.43715822313856645,0.43715822313856645,0.5632426688918486,0.6167573311081513,-0.26337207380785566,0.12027148711440805,0.053514662216302744,0.0661435609222637,0.3175
rep0846,0.46,0.46466388991028595,alg1,0.15,0.015,0.03,0.105,prop_127,1000,2000,0.22727923027560348,0.6863141833957613,True,0.45903495312015785,0.45903495312015785,0.48430556991487084,0.5386944300851291,-0.25702633963926735,0.1476197533106322,0.054388860170258235,0.0791460929498996,0.32549999999999996
rep0847,0.67,0.6712039640702453,alg1,0.15,0.015,0.03,0.105,prop_127,1000,2000,0.31982449002349805,0.7888823851802572,True,0.46905789515675916,0.46905789515675916,0.572842420528784,0.6261575794712161,-0.2530179305052859,0.16272480570904113,0.053315158942432106,0.07374273621432709,0.34199999999999997
rep0848,0.54,0.5358246516531295,alg1,0.15,0.015,0.03,0.105,prop_127,1000,2000,0.33679847964725984,0.8226673520845097,True,0.48586887243724985,0.48586887243724985,0.5824526067163573,0.6355473932836426,-0.2456541270690975,0.1871199588008671,0.05309478656728528,0.07727408586996454,0.35550000000000004
rep0849,0.48,0.47558808606764336,alg1,0.15,0.015,0.03,0.105,prop_127,1000,2000,0.24998819481128443,0.6958753568483124,True,0.44588716203702794,0.44588716203702794,0.5098729544252643,0.5641270455747358,-0.25988475961397983,0.13174831127357656,0.05425409114947155,0.08063307088755645,0.31099999999999994
rep0850,0.34,0.34392989065238194,alg1,0.15,0.015,0.03,0.105,prop_127,1000,2000,0.002544337957454984,0.44364097765227234,True,0.4410966396948174,0.4410966396948174,0.24973566181005594,0.2982643381899441,-0.24719132385260095,0.14537663946232826,0.04852867637988814,0.0670679633149292,0.3255
rep0851,0.56,0.5560594057482561,alg1,0.15,0.015,0.03,0.105,prop_127,1000,2000,0.22191796781998818,0.6965894366533681,True,0.47467146883337996,0.47467146883337996,0.47529871415550945,0.5297012858444904,-0.25338074633552127,0.16688815080887776,0.05440257168898094,0.081768897144399,0.3385
rep0852,0.26,0.26012302186838115,alg1,0.15,0.015,0.03,0.105,prop_127,1000,2000,0.030991880754307977,0.4588336336303189,True,0.42784175287601095,0.42784175287601095,0.23419672772773834,0.2818032722722617,-0.20320484697343036,0.17703036135805725,0.04760654454452337,0.06823520833148766,0.31199999999999994
rep0853,0.75,0.7534773126797006,alg1,0.15,0.015,0.03,0.105,prop_127,1000,2000,0.5354769516920196,0.9686154054325354,True,0.43313845374051585,0.43313845374051585,0.7766777340558226,0.8203222659441773,-0.24120078236380302,0.14829313948835812,0.04364453188835471,0.08249392185216109,0.30700000000000005
rep0854,0.30,0.2969324937571981,alg1,0.15,0.015,0.03,0.105,prop_127,1000,2000,-0.029803991984847567,0.46060748576063604,True,0.4904114777454836,0.46060748576063604,0.24099003841646105,0.289009961583539,-0.2707940304013086,0.17159752417709706,0.04801992316707793,0.08089155457840569,0.3615
rep0855,0.41,0.405923986067375,alg1,0.15,0.015,0.03,0.105,prop_127,1000,2000,0.1409321514127138,0.6198895389165322,True,0.4789573875038184,0.4789573875038184,0.39562712019901175,0.4493728798009882,-0.25469496878629794,0.17051665911554392,0.05374575960197647,0.08221162790184194,0.3429999999999999
rep0856,0.22,0.21692150971974478,alg1,0.15,0.015,0.03,0.105,prop_127,1000,2000,-0.02135084334318285,0.4371705629689855,True,0.4585214063121683,0.4371705629689855,0.23856295562694327,0.2864370443730568,-0.2599137989701261,0.1507335185959287,0.04787408874611351,0.07664731756605486,0.33399999999999996
rep0857,0.60,0.6039976457136771,alg1,0.15,0.015,0.03,0.105,prop_127,1000,2000,0.45056422240447136,0.8872782133806892,True,0.4367139909762179,0.4367139909762179,0.6822389888489553,0.7317610111510446,-0.2316747664444839,0.1555172022296446,0.04952202230208935,0.07169196867412853,0.3155
rep0858,0.52,0.5226595818444564,alg1,0.15,0.015,0.03,0.105,prop_127,1000,2000,0.4082547611840334,0.837119204013816,True,0.4288644428297826,0.4288644428297826,0.6316831634514793,0.6833168365485206,-0.22342840226744592,0.1538023674652954,0.051633673097041255,0.07773076973274129,0.29950000000000004
rep0859,0.36,0.3649009557852776,alg1,0.15,0.015,0.03,0.105,prop_127,1000,2000,0.33394285453841505,0.8348906686722676,True,0.5009478141338526,0.5009478141338526,0.604241215110448,0.6567587848895519,-0.270298360572033,0.1781318837827157,0.05251756977910382,0.0809302443547486,0.36750000000000005
rep0860,0.26,0.25912749383185896,alg1,0.15,0.015,0.03,0.105,prop_127,1000,2000,-0.11624601366255789,0.2879384450098766,True,0.40418445867243447,0.2879384450098766,0.12442719832572978,0.16257280167427018,-0.24067321198828767,0.1253656433356064,0.038145603348540405,0.07603885532389415,0.2899999999999999
rep0861,0.71,0.7062668668751864,alg1,0.15,0.015,0.03,0.105,prop_127,1000,2000,0.15505452514140527,0.6050908004356664,False,0.45003627529426116,0.45003627529426116,0.3896803694047007,0.4433196305952993,-0.2346258442632954,0.16177116984036718,0.053639261190598586,0.08189701410366257,0.3145
rep0862,0.75,0.7541385997310633,alg1,0.15,0.015,0.03,0.105,prop_127,1000,2000,0.5892546697726408,1.017057030009477,True,0.42780236023683615,0.41074533022735915,0.8395384765123379,0.8774615234876622,-0.2502838067396971,0.13959550652181488,0.037923046975324226,0.06937931326151192,0.3205
rep0863,0.17,0.16819335324395354,alg1,0.15,0.015,0.03,0.105,prop_127,1000,2000,0.03228793118416001,0.4839203405455451,True,0.4516324093613851,0.4516324093613851,0.28239516868543846,0.33260483131456153,-0.25010723750127845,0.15131550923098358,0.050209662629123075,0.07742274673226196,0.32400000000000007
rep0864,0.40,0.39622981499775667,alg1,0.15,0.015,0.03,0.105,prop_127,1000,2000,0.21659794741236782,0.7113870506029969,True,0.4947891031906291,0.4947891031906291,0.4712984965406528,0.5257015034593472,-0.254700549128285,0.18568554714364977,0.054403006918694374,0.07538609627193477,0.365
rep0865,0.69,0.6858311175662823,alg1,0.15,0.015,0.03,0.105,prop_127,1000,2000,0.6046830615565767,1.0707904006275883,True,0.46610733907101165,0.3953169384434233,0.8852884014972409,0.9177115985027591,-0.28060533994066417,0.15307880212482936,0.03242319700551821,0.07768414206549351,0.35600000000000004
rep0866,0.47,0.4721888504698195,alg1,0.15,0.015,0.03,0.105,prop_127,1000,2000,0.43844475110650527,0.868377868273269,True,0.42993311716676375,0.42993311716676375,0.6530908420287933,0.7039091579712067,-0.214646090922288,0.16446871030206234,0.05081831594241337,0.06111480122435037,0.318
rep0867,0.69,0.693794826548079,alg1,0.15,0.015,0.03,0.105,prop_127,1000,2000,0.488326750376088,0.9646849800806769,True,0.4763582297045889,0.4763582297045889,0.7367652889628971,0.783234711037103,-0.24843853858680903,0.18145026904357403,0.0464694220742059,0.07138880763038302,0.35850000000000004
rep0868,0.26,0.2566978664394614,alg1,0.15,0.015,0.03,0.105,prop_127,1000,2000,0.08132781542032153,0.5829778179614096,True,0.501650002541088,0.501650002541088,0.32945909207134344,0.3815409079286565,-0.24813127665102191,0.20143691003275307,0.052081815857313085,0.07156818668377496,0.378
rep0869,0.24,0.24120304102613027,alg1,0.15,0.015,0.03,0.105,prop_127,1000,2000,0.017324074428633512,0.43516925526857997,True,0.4178451808399465,0.4178451808399465,0.24050454245962896,0.28849545754037104,-0.22318046803099545,0.14667379772820896,0.047990915080742075,0.06885426575920445,0.301
rep0870,0.54,0.535780639473449,alg1,0.15,0.015,0.03,0.105,prop_127,1000,2000,0.3725238412023227,0.8503809146500813,True,0.4778570734477586,0.4778570734477586,0.6235427638901228,0.6754572361098772,-0.2510189226878001,0.1749236785402041,0.051914472219754426,0.07044260122800422,0.3555
rep0871,0.72,0.7154389851825377,alg1,0.15,0.015,0.03,0.105,prop_127,1000,2000,0.48035149053395904,0.9677815887311171,True,0.48743009819715805,0.48743009819715805,0.7176817027964134,0.7653182972035867,-0.23733021226245438,0.20246329152753043,0.04763659440717327,0.08179350378998479,0.35800000000000004
rep0872,0.24,0.24101545269402924,alg1,0.15,0.015,0.03,0.105,prop_127,1000,2000,0.1982096373660523,0.6471116667645833,True,0.448902029398531,0.448902029398531,0.43587295442526425,0.4901270455747358,-0.23766331705921195,0.15698462118984757,0.05425409114947155,0.07314793824905957,0.32149999999999995
rep0873,0.78,0.7778548045946253,alg1,0.15,0.015,0.03,0.105,prop_127,1000,2000,0.3972119929887499,0.8605813771082476,True,0.4633693841194977,0.4633693841194977,0.6469684809291164,0.6980315190708836,-0.24975648794036653,0.162549858037364,0.05106303814176716,0.07330634597773045,0.3390000000000001
rep0874,0.15,0.15193436593523885,alg1,0.15,0.015,0.03,0.105,prop_127,1000,2000,-0.15499112026651496,0.2679779824370981,True,0.42296910270361304,0.2679779824370981,0.08367902447983662,0.11632097552016339,-0.2386701447463516,0.1516570069169347,0.03264195104032677,0.0818271516632863,0.3085
rep0875,0.23,0.2346368809099312,alg1,0.15,0.015,0.03,0.105,prop_127,1000,2000,-0.1285560138527985,0.34161099667702755,True,0.470167010529826,0.34161099667702755,0.12301053738407189,0.1609894626159281,-0.2515665512368704,0.18062153406109943,0.0379789252318562,0.08168808529796978,0.35050000000000003
rep0876,0.63,0.6328743671801009,alg1,0.15,0.015,0.03,0.105,prop_127,1000,2000,0.5451490715138685,0.9508166402374961,True,0.40566756872362764,0.40566756872362764,0.7938753497525438,0.8361246502474561,-0.24872627823867527,0.11469198999004007,0.04224930049491227,0.08041826822871545,0.2829999999999999
rep0877,0.61,0.611707536587315,alg1,0.15,0.015,0.03,0.105,prop_127,1000,2000,0.3496665103230846,0.8189321281886672,True,0.46926561786558263,0.46926561786558263,0.6083010212556178,0.6606989787443821,-0.2586345109325332,0.15823314944428507,0.0523979574887643,0.0753676603768183,0.34149999999999997
rep0878,0.69,0.6933386821204933,alg1,0.15,0.015,0.03,0.105,prop_127,1000,2000,0.4584493284480139,0.9002746335365199,True,0.44182530508850604,0.44182530508850604,0.7130482926408878,0.7609517073591122,-0.25459896419287387,0.13932292617740774,0.04790341471822446,0.06842189037028157,0.3255
rep0879,0.03,0.03300402301366184,alg1,0.15,0.015,0.03,0.105,prop_127,1000,2000,-0.2557359032405798,0.16338659808580447,True,0.4191225013263843,0.16338659808580447,2.4684222899003586e-05,0.0059753157771009965,-0.25576058746347885,0.15741128230870347,0.005950631554201993,0.06767186977218237,0.3455
rep0880,0.39,0.3914563282154039,alg1,0.15,0.015,0.03,0.105,prop_127,1000,2000,0.18248426137088636,0.6190707065695404,True,0.4365864451986541,0.4365864451986541,0.4129949360280755,0.4670050639719245,-0.23051067465718916,0.15206564259761593,0.05401012794384896,0.07107631725480512,0.3115
rep0881,0.19,0.1948530992919928,alg1,0.15,0.015,0.03,0.105,prop_127,1000,2000,0.06519802372813813,0.5056712102568072,True,0.44047318652866907,0.44047318652866907,0.29560125475610805,0.34639874524389197,-0.23040323102796992,0.15927246501291517,0.050797490487783925,0.07867569604088503,0.31100000000000005
rep0882,0.43,0.43200730989615416,alg1,0.15,0.015,0.03,0.105,prop_127,1000,2000,0.3594819889450337,0.8378027922235072,True,0.4783208032784735,0.4783208032784735,0.625577107438467,0.677422892561533,-0.26609511849343326,0.1603798996619742,0.051845785123066035,0.07697501815540742,0.34950000000000003
rep0883,0.94,0.9434516394468868,alg1,0.15,0.015,0.03,0.105,prop_127,1000,2000,0.6526459136308648,1.1131954794487975,True,0.4605495658179327,0.34735408636913523,0.9210403067746034,0.9479596932253966,-0.2683943931437386,0.16523578622340082,0.02691938645079328,0.0826301793671394,0.35100000000000003
rep0884,0.33,0.3319831018965169,alg1,0.15,0.015,0.03,0.105,prop_127,1000,2000,-0.031717639220429195,0.47543667805446965,True,0.5071543172748989,0.47543667805446965,0.2575199875161223,0.30648001248387763,-0.2892376267365515,0.16895666557059202,0.04896002496775531,0.07819429230714359,0.37999999999999995
rep0885,0.73,0.7324859026395856,alg1,0.15,0.015,0.03,0.105,prop_127,1000,2000,0.5530798430783264,1.008728948925223,True,0.45564910584689655,0.44692015692167364,0.808516688049449,0.8494833119505509,-0.2554368449711226,0.15924563697467192,0.04096662390110195,0.07718248194579452,0.3375
rep0886,0.54,0.5385283686566426,alg1,0.15,0.015,0.03,0.105,prop_127,1000,2000,0.2698671841810135,0.7173755637071428,True,0.4475083795261293,0.4475083795261293,0.5345049250364474,0.5884950749635526,-0.2646377408554339,0.12888048874359026,0.05399014992710516,0.06651822959902415,0.327
rep0887,0.35,0.3539669311911588,alg1,0.15,0.015,0.03,0.105,prop_127,1000,2000,0.06935656253993139,0.5300429837411211,True,0.46068642120118974,0.46068642120118974,0.3279838667273409,0.38001613327265904,-0.25862730418740953,0.1500268504684621,0.05203226654531812,0.08215415465587167,0.32649999999999996
rep0888,0.20,0.1952673020933365,alg1,0.15,0.015,0.03,0.105,prop_127,1000,2000,-0.050865786786204265,0.40270567603261054,True,0.4535714628188148,0.40270567603261054,0.19168776793138012,0.23631223206861987,-0.24255355471758439,0.16639344396399067,0.04462446413723975,0.08194699868157501,0.327
rep0889,0.26,0.26497849197301776,alg1,0.15,0.015,0.03,0.105,prop_127,1000,2000,0.1224424796876204,0.6235679328221767,True,0.5011254531345564,0.5011254531345564,0.38868964093209407,0.4423103590679059,-0.2662471612444737,0.18125757375427082,0.05362071813581182,0.07750473499874438,0.3700000000000001
rep0890,0.63,0.6290537606592542,alg1,0.15,0.015,0.03,0.105,prop_127,1000,2000,0.487624550697474,0.9439038563208189,True,0.45627930562334484,0.45627930562334484,0.7377984960382247,0.7842015039617753,-0.25017394534075066,0.1597023523590435,0.046403007923550676,0.07737629769979426,0.3324999999999999
rep0891,0.55,0.5528966909490612,alg1,0.15,0.015,0.03,0.105,prop_127,1000,2000,0.38264059512423737,0.873761483566743,True,0.4911208884425056,0.4911208884425056,0.6587072267353195,0.7092927732646807,-0.2760666316110821,0.16446871030206234,0.0505855465293612,0.07103534191314437,0.36950000000000005
rep0892,0.80,0.8006173868245346,alg1,0.15,0.015,0.03,0.105,prop_127,1000,2000,0.7337110496110555,1.1152355796464526,True,0.3815245300353971,0.2662889503889445,0.9607195004683318,0.9792804995316682,-0.22700845085727633,0.13595508011478438,0.018560999063336414,0.07096353097206076,0.2919999999999999
rep0893,0.29,0.29004347155906574,alg1,0.15,0.015,0.03,0.105,prop_127,1000,2000,0.0977325083910004,0.532877105078096,True,0.43514459668709565,0.43514459668709565,0.337331654191191,0.389668345808809,-0.2395991458001906,0.143208759269287,0.052336691617618,0.0793079050694776,0.3035
rep0894,0.25,0.25027163369822375,alg1,0.15,0.015,0.03,0.105,prop_127,1000,2000,-0.1311393700167542,0.34173788681271083,True,0.472877256829465,0.34173788681271083,0.13910603183078202,0.178893968169218,-0.2702454018475362,0.16284391864349285,0.03978793633843597,0.06958932049102906,0.3635
rep0895,0.50,0.5009754217237548,alg1,0.15,0.015,0.03,0.105,prop_127,1000,2000,0.30751158027679476,0.7403866362957785,True,0.43287505601898374,0.43287505601898374,0.5617278646462225,0.6152721353537776,-0.2542162843694277,0.1251145009420009,0.053544270707555075,0.07533078531142873,0.3039999999999999
rep0896,0.42,0.42275257362258056,alg1,0.15,0.015,0.03,0.105,prop_127,1000,2000,0.02657853814524358,0.5165040258180793,True,0.4899254876728357,0.4899254876728357,0.3039287499380035,0.3550712500619965,-0.2773502117927599,0.16143277575608272,0.05114250012399302,0.06928298754884266,0.3695
rep0897,0.57,0.5749317022579263,alg1,0.15,0.015,0.03,0.105,prop_127,1000,2000,0.248004842738212,0.7351218527147948,True,0.4871170099765828,0.4871170099765828,0.5068613371616614,0.5611386628383387,-0.2588564944234494,0.1739831898764561,0.05427732567667731,0.06833968429990545,0.36450000000000005
rep0898,0.41,0.40999482271590626,alg1,0.15,0.015,0.03,0.105,prop_127,1000,2000,0.15507397062421946,0.6621278947691113,True,0.5070539241448918,0.5070539241448918,0.4643023050520282,0.5186976949479718,-0.3092283344278087,0.14343019982113944,0.05439538989594361,0.08065853424894814,0.37200000000000005
rep0899,0.60,0.6028749348952296,alg1,0.15,0.015,0.03,0.105,prop_127,1000,2000,0.27925594484957006,0.7087193027897646,True,0.4294633579401945,0.4294633579401945,0.5244430498969129,0.578556950103087,-0.24518710504734284,0.13016235268667756,0.054113900206174126,0.07534945773402046,0.29999999999999993
rep0900,0.08,0.08023105099107586,alg1,0.15,0.015,0.03,0.105,prop_127,1000,2000,-0.1816655586352581,0.2843305079830415,True,0.4659960666182996,0.2843305079830415,0.1027892764542819,0.1382107235457181,-0.28445483508954,0.1461197844373234,0.03542144709143619,0.07307461952686334,0.35750000000000004
rep0901,0.25,0.24805563350972124,alg1,0.15,0.015,0.03,0.105,prop_127,1000,2000,0.04876658834468606,0.5307918886571807,True,0.4820253003124947,0.4820253003124947,0.3260173350337804,0.3779826649662196,-0.27725074668909433,0.15280922369096112,0.051965329932439186,0.07955997038005541,0.35050000000000003
rep0902,0.46,0.459208285481113,alg1,0.15,0.015,0.03,0.105,prop_127,1000,2000,0.22482501831592694,0.6475156530254139,True,0.422690634709487,0.422690634709487,0.4563131894529151,0.5106868105470849,-0.23148817113698816,0.13682884247832902,0.054373621094169766,0.08181701361531724,0.2865
rep0903,0.40,0.40470325308908073,alg1,0.15,0.015,0.03,0.105,prop_127,1000,2000,0.29302614482937706,0.7761913991421623,True,0.48316525431278523,0.48316525431278523,0.5657679144358254,0.6192320855641746,-0.27274176960644836,0.15695931357798762,0.053464171128349225,0.06370108318443607,0.36599999999999994
rep0904,0.74,0.7367150862951151,alg1,0.15,0.015,0.03,0.105,prop_127,1000,2000,0.5915652880801843,1.009292812131105,True,0.41772752405092084,0.40843471191981573,0.8127088998247199,0.85329110017528,-0.2211436117445357,0.15600171195582507,0.04058220035056004,0.06714532370036075,0.31000000000000005
rep0905,0.53,0.5262469525590572,alg1,0.15,0.015,0.03,0.105,prop_127,1000,2000,0.561647974452297,0.9801812896856297,False,0.4185333152333327,0.4185333152333327,0.7740771770619638,0.8179228229380363,-0.2124292026096668,0.16225846674759337,0.043845645876072536,0.07018766935726017,0.3045
rep0906,0.43,0.4295134784735216,alg1,0.15,0.015,0.03,0.105,prop_127,1000,2000,0.13805766751633236,0.5749943115727314,True,0.43693664405639904,0.43693664405639904,0.38274766077777744,0.4362523392222225,-0.24468999326144508,0.13874197235050895,0.053504678444445064,0.07843196561195404,0.305
rep0907,0.58,0.5849474766699793,alg1,0.15,0.015,0.03,0.105,prop_127,1000,2000,0.2799303366954854,0.7530027243367986,True,0.4730723876413132,0.4730723876413132,0.5103749865940167,0.5646250134059833,-0.23044464989853128,0.18837771093081537,0.054250026811966556,0.07982236082934663,0.339
rep0908,0.48,0.48492751275630064,alg1,0.15,0.015,0.03,0.105,prop_127,1000,2000,0.47139760109023443,0.8864610961176558,True,0.41506349502742135,0.41506349502742135,0.70841811010851,0.7565818898914901,-0.23702050901827554,0.12987920622616572,0.04816377978298014,0.07339971524444128,0.2935
rep0909,0.60,0.6005456321863921,alg1,0.15,0.015,0.03,0.105,prop_127,1000,2000,0.5443038731658087,0.9732612832504984,True,0.4289574100846897,0.4289574100846897,0.775117242968731,0.8188827570312691,-0.23081336980292227,0.15437852621922932,0.04376551406253815,0.07619189602215154,0.30900000000000005
rep0910,0.24,0.2355777817622394,alg1,0.15,0.015,0.03,0.105,prop_127,1000,2000,-0.12427522208581024,0.40236901080531123,True,0.5266442328911215,0.40236901080531123,0.16005375895578092,0.20194624104421907,-0.28432898104159116,0.20042276976109216,0.041892482088438154,0.07475175080268331,0.41
rep0911,0.93,0.9274402226674996,alg1,0.15,0.015,0.03,0.105,prop_127,1000,2000,0.7166209598948424,1.1868253799625461,True,0.4702044200677037,0.2833790401051576,0.978387151038813,0.991612848961187,-0.2617661911439706,0.1952125310013592,0.013225697922373936,0.07997872214532975,0.37700000000000006
rep0912,0.33,0.3328031798974252,alg1,0.15,0.015,0.03,0.105,prop_127,1000,2000,0.09004978777258782,0.5744353648455058,True,0.484385577072918,0.484385577072918,0.3639586974429696,0.4170413025570304,-0.2739089096703818,0.1573940622884754,0.05308260511406082,0.0808029719588571,0.3505000000000001
rep0913,0.79,0.7928530932485195,alg1,0.15,0.015,0.03,0.105,prop_127,1000,2000,0.6555131640173444,1.1144362993054877,True,0.4589231352881433,0.3444868359826556,0.8982071936827052,0.9287928063172948,-0.24269402966536086,0.18564349298819285,0.030585612634589587,0.08283752265355371,0.34550000000000003
rep0914,0.28,0.27955813148107167,alg1,0.15,0.015,0.03,0.105,prop_127,1000,2000,0.10326652423276214,0.5681695838508476,True,0.4649030596180854,0.4649030596180854,0.33536277597410463,0.38763722402589534,-0.2320962517413425,0.18053235982495225,0.05227444805179071,0.07112861156629463,0.3415000000000001
rep0915,0.59,0.5854321739882112,alg1,0.15,0.015,0.03,0.105,prop_127,1000,2000,0.4607924371809024,0.9131279100812763,True,0.45233547290037385,0.45233547290037385,0.7192268994518005,0.7667731005481995,-0.2584344622708981,0.1463548095330768,0.047546201096398955,0.07128927180397493,0.3335
rep0916,0.55,0.5465347024511903,alg1,0.15,0.015,0.03,0.105,prop_127,1000,2000,0.3160373578534798,0.7300519649172063,True,0.41401460706372645,0.41401460706372645,0.5763817948368226,0.6296182051631773,-0.2603444369833428,0.10043375975402893,0.05323641032635473,0.06127819673737178,0.2995
rep0917,0.56,0.5579033237171087,alg1,0.15,0.015,0.03,0.105,prop_127,1000,2000,0.4263763181021294,0.8591122712821442,True,0.4327359531800148,0.4327359531800148,0.6755811875253286,0.7254188124746714,-0.2492048694231992,0.13369345880747274,0.04983762494934285,0.07239832823067194,0.3105
rep0918,0.72,0.7218633328980577,alg1,0.15,0.015,0.03,0.105,prop_127,1000,2000,0.46046290123226447,0.891102749283449,True,0.43063984805118455,0.43063984805118455,0.7099611489248165,0.7580388510751834,-0.24949824769255208,0.13306389820826556,0.048077702150366886,0.07756214590081756,0.30500000000000005
rep0919,0.87,0.8656176910114827,alg1,0.15,0.015,0.03,0.105,prop_127,1000,2000,0.6709075886721225,1.0676612051413843,True,0.39675361646926177,0.3290924113278775,0.9226846443746908,0.9493153556253093,-0.25177705570256825,0.11834584951607496,0.026630711250618555,0.06812290521864328,0.30199999999999994
rep0920,0.62,0.6233059094640105,alg1,0.15,0.015,0.03,0.105,prop_127,1000,2000,0.3644951052688587,0.8023724338516687,True,0.43787732858281,0.43787732858281,0.5941001389111268,0.6468998610888733,-0.22960503364226809,0.1554725727627953,0.05279972217774653,0.07657760640506339,0.3085
rep0921,0.22,0.2173664709418197,alg1,0.15,0.015,0.03,0.105,prop_127,1000,2000,-0.057942784667787434,0.4032155041824006,True,0.46115828885018806,0.4032155041824006,0.17057202389501644,0.21342797610498357,-0.22851480856280387,0.18978752807741706,0.04285595220996713,0.07380233664022101,0.3444999999999999
rep0922,0.70,0.7005194618395932,alg1,0.15,0.015,0.03,0.105,prop_127,1000,2000,0.1658811360854105,0.5920629275977984,False,0.42618179151238794,0.42618179151238794,0.403066269248603,0.456933730751397,-0.2371851331631925,0.13512919684640146,0.05386746150279398,0.07831433000959404,0.29399999999999993
rep0923,0.16,0.16440842251557405,alg1,0.15,0.015,0.03,0.105,prop_127,1000,2000,0.19817886317875305,0.651006989183362,False,0.4528281260046089,0.4528281260046089,0.42741123660422853,0.4815887633957715,-0.22923237342547548,0.16941822578759047,0.054177526791542974,0.07165059921306599,0.32699999999999996
rep0924,0.14,0.1429748606919633,alg1,0.15,0.015,0.03,0.105,prop_127,1000,2000,-0.1919691205175193,0.2294908114850841,True,0.4214599320026034,0.2294908114850841,0.060670654417564404,0.08932934558243559,-0.2526397749350837,0.1401614659026485,0.028658691164871186,0.0668012408377322,0.326
rep0925,0.67,0.666712725019911,alg1,0.15,0.015,0.03,0.105,prop_127,1000,2000,0.4781232427127136,0.9186873896788657,True,0.44056414696615204,0.44056414696615204,0.7455531914492858,0.7914468085507141,-0.26742994873657217,0.12724058112815145,0.04589361710142836,0.06467052986472355,0.33000000000000007
rep0926,0.17,0.16622442380947358,alg1,0.15,0.015,0.03,0.105,prop_127,1000,2000,-0.09207146737677793,0.33703846676803234,True,0.42910993414481025,0.33703846676803234,0.1457576034714471,0.18624239652855293,-0.23782907084822502,0.1507960702394794,0.04048479305710584,0.07362514108770446,0.31499999999999995
rep0927,0.51,0.5141555573393931,alg1,0.15,0.015,0.03,0.105,prop_127,1000,2000,0.4034716435037665,0.8685851266728316,True,0.4651134831690651,0.4651134831690651,0.6566644342885427,0.7073355657114574,-0.2531927907847762,0.16124956096137422,0.050671131422914684,0.08144235174615033,0.3330000000000001
rep0928,0.38,0.38486703788990645,alg1,0.15,0.015,0.03,0.105,prop_127,1000,2000,0.3230707856865752,0.819332956347723,True,0.49626217066114775,0.49626217066114775,0.5526444173649983,0.6063555826350018,-0.22957363167842304,0.21297737371272124,0.053711165270003525,0.08105100539114435,0.36149999999999993
rep0929,0.53,0.5258807586557327,alg1,0.15,0.015,0.03,0.105,prop_127,1000,2000,0.12119486232624105,0.6174670237891667,True,0.4962721614629257,0.4962721614629257,0.39661864094351923,0.45038135905648075,-0.2754237786172782,0.16708566473268596,0.053762718112961516,0.07100944334996417,0.37149999999999994
rep0930,0.69,0.6861048992827523,alg1,0.15,0.015,0.03,0.105,prop_127,1000,2000,0.5063836053645514,0.9849058309581114,True,0.47852222559355995,0.47852222559355995,0.7476228181108868,0.7933771818891131,-0.24123921274633547,0.19152864906899822,0.04575436377822628,0.08226786181533363,0.35050000000000003
rep0931,0.79,0.7886264475385006,alg1,0.15,0.015,0.03,0.105,prop_127,1000,2000,0.7082637156502706,1.128710432509561,True,0.42044671685929036,0.2917362843497294,0.9375870852960271,0.9614129147039729,-0.22932336964575653,0.16729751780558805,0.023825829407945864,0.0721208874513446,0.3245
rep0932,0.75,0.7530435600518499,alg1,0.15,0.015,0.03,0.105,prop_127,1000,2000,0.3171910180875207,0.7589308388992825,True,0.4417398208117618,0.4417398208117618,0.539540032354316,0.593459967645684,-0.22234901426679532,0.16547087125359847,0.05391993529136796,0.07781988552039382,0.31
rep0933,0.46,0.4603632560540694,alg1,0.15,0.015,0.03,0.105,prop_127,1000,2000,0.3497755095422261,0.8208725729689554,True,0.47109706342672936,0.47109706342672936,0.612870633006324,0.665129366993676,-0.26309512346409797,0.15574320597527952,0.052258733987351924,0.07633832943937746,0.3425
rep0934,0.36,0.3640486656919765,alg1,0.15,0.015,0.03,0.105,prop_127,1000,2000,0.0302517875770536,0.4772643731547429,True,0.4470125855776893,0.4470125855776893,0.29755980392785525,0.34844019607214477,-0.26730801635080165,0.12882417708259816,0.05088039214428952,0.06563219343339977,0.3305
rep0935,0.45,0.4484190082718218,alg1,0.15,0.015,0.03,0.105,prop_127,1000,2000,0.1573089350482606,0.6606849349570705,True,0.5033759999088099,0.5033759999088099,0.41895747932669,0.47304252067331004,-0.2616485442784294,0.18764241428376044,0.054085041346620066,0.07779095856218987,0.37149999999999994
rep0936,0.47,0.4668823636384429,alg1,0.15,0.015,0.03,0.105,prop_127,1000,2000,0.26902226078875446,0.7234746301125631,True,0.4544523693238086,0.4544523693238086,0.537525654772141,0.591474345227859,-0.2685033939833865,0.13200028488470403,0.05394869045571804,0.08050367886809057,0.32
rep0937,0.49,0.48634738882638967,alg1,0.15,0.015,0.03,0.105,prop_127,1000,2000,0.2908266753674981,0.7853015761666591,True,0.49447490079916095,0.49447490079916095,0.5622327708419175,0.6157672291580825,-0.27140609547441935,0.16953434700857659,0.05353445831616499,0.06594044248299591,0.375
rep0938,0.05,0.050518539447385644,alg1,0.15,0.015,0.03,0.105,prop_127,1000,2000,-0.13281738733157203,0.32481404689114735,True,0.45763143422271935,0.32481404689114735,0.14053024543519846,0.18046975456480155,-0.2733476327667705,0.1443442923263458,0.03993950912960309,0.07769192509311618,0.3400000000000001
rep0939,0.29,0.28880775061146474,alg1,0.15,0.015,0.03,0.105,prop_127,1000,2000,0.08534444739303934,0.5406401396325231,True,0.45529569223948374,0.45529569223948374,0.31864730516539247,0.3703526948346075,-0.23330285777235313,0.17028744479791558,0.05170538966921501,0.07759030257026878,0.32599999999999996
rep0940,0.87,0.8734333798785777,alg1,0.15,0.015,0.03,0.105,prop_127,1000,2000,0.5272877085867529,0.9578769750286117,True,0.4305892664418588,0.4305892664418588,0.7714779191767878,0.8155220808232122,-0.24419021059003482,0.14235489420539946,0.04404416164642444,0.08154510479543431,0.30499999999999994
rep0941,0.68,0.683200274884099,alg1,0.15,0.015,0.03,0.105,prop_127,1000,2000,0.29851955592204155,0.7194842039066162,True,0.4209646479845746,0.4209646479845746,0.5319884157060376,0.5860115842939625,-0.23346885978399606,0.13347261961265364,0.054023168587924886,0.06394147939664963,0.30300000000000005
rep0942,0.27,0.2710550747889007,alg1,0.15,0.015,0.03,0.105,prop_127,1000,2000,0.03347698889678197,0.5435088703019388,True,0.5100318814051569,0.5100318814051569,0.312265709241205,0.36373429075879504,-0.27878872034442304,0.17977457954314383,0.05146858151759004,0.08106329988756678,0.37750000000000006
rep0943,0.47,0.4731482432428844,alg1,0.15,0.015,0.03,0.105,prop_127,1000,2000,0.049918429452083385,0.5145228626002208,True,0.4646044331481375,0.4646044331481375,0.28092936655651696,0.33107063344348303,-0.23101093710443357,0.18345222915673778,0.050141266886966074,0.07846316626117139,0.33599999999999997
rep0944,0.51,0.5146957667549181,alg1,0.15,0.015,0.03,0.105,prop_127,1000,2000,0.20447538199350523,0.6350097936476775,True,0.4305344116541723,0.4305344116541723,0.44733377288052345,0.5016662271194765,-0.24285839088701822,0.13334356652820095,0.054332454238953054,0.07120195741521917,0.305
rep0945,0.59,0.5886557890573638,alg1,0.15,0.015,0.03,0.105,prop_127,1000,2000,0.2584838946695775,0.7452222508239184,True,0.48673835615434086,0.48673835615434086,0.537525654772141,0.591474345227859,-0.2790417601025635,0.15374790559605933,0.05394869045571804,0.07678966569862278,0.35600000000000004
rep0946,0.44,0.4370820847951539,alg1,0.15,0.015,0.03,0.105,prop_127,1000,2000,0.06155341479545701,0.541943843403192,True,0.480390428607735,0.480390428607735,0.3358549496039387,0.3881450503960613,-0.2743015348084817,0.15379879300713079,0.052290100792122596,0.08210032781561244,0.34600000000000003
rep0947,0.87,0.866519565812173,alg1,0.15,0.015,0.03,0.105,prop_127,1000,2000,0.7285946927864679,1.155777310113046,True,0.42718261732657803,0.27140530721353207,1.0,1.0,-0.271405307213532,0.15577731011304596,0.0,0.080182617326578,0.347
rep0948,0.85,0.8452851546189601,alg1,0.15,0.015,0.03,0.105,prop_127,1000,2000,0.6430755693182153,1.0534372460040986,True,0.4103616766858833,0.3569244306817847,0.8955090143913651,0.926490985608635,-0.2524334450731498,0.1269462603954637,0.030981971217269866,0.0808797054686135,0.2985
rep0949,0.20,0.20032059485290374,alg1,0.15,0.015,0.03,0.105,prop_127,1000,2000,-0.22127657166653153,0.2687494834138157,True,0.49002605508034724,0.2687494834138157,0.0716672563842664,0.10233274361573359,-0.29294382805079794,0.1664167397980821,0.030665487231467198,0.07636056784888001,0.383
rep0950,0.90,0.9021015317955764,alg1,0.15,0.015,0.03,0.105,prop_127,1000,2000,0.6082629791978078,1.0476237463027052,True,0.43936076710489735,0.3917370208021922,0.8879732784902375,0.9200267215097625,-0.2797102992924297,0.12759702479294255,0.03205344301952495,0.07380732408537233,0.3334999999999999
rep0951,0.22,0.2157506964984059,alg1,0.15,0.015,0.03,0.105,prop_127,1000,2000,0.054603370587076455,0.4846642704950388,True,0.43006089990796237,0.43006089990796237,0.28435005574354505,0.33464994425645495,-0.2297466851564686,0.15001432623858385,0.050299888512909896,0.08076101139505237,0.2990000000000001
rep0952,0.58,0.5800357124187395,alg1,0.15,0.015,0.03,0.105,prop_127,1000,2000,0.44263530399444345,0.8897853632156477,True,0.44715005922120427,0.44715005922120427,0.6699523387800458,0.7200476612199541,-0.22731703478560233,0.16973770199569357,0.05009532243990833,0.07155473678129587,0.3255
rep0953,0.80,0.7973444873405898,alg1,0.15,0.015,0.03,0.105,prop_127,1000,2000,0.6509367032052357,1.1121732826316058,True,0.4612365794263701,0.34906329679476433,0.8960483511291835,0.9269516488708165,-0.2451116479239478,0.18522163376078932,0.03090329774163303,0.07883328168473708,0.35150000000000003
rep0954,0.13,0.13271607730771978,alg1,0.15,0.015,0.03,0.105,prop_127,1000,2000,0.01420411274849967,0.4166999998724327,True,0.402495887123933,0.402495887123933,0.2531401125098595,0.30185988749014053,-0.23893599976135985,0.11484011238229219,0.048719774980281016,0.07377611214365204,0.27999999999999997
rep0955,0.18,0.1837336297706667,alg1,0.15,0.015,0.03,0.105,prop_127,1000,2000,0.05614222433755511,0.5130247045697806,True,0.45688248023222544,0.45688248023222544,0.319629566267859,0.37137043373214096,-0.2634873419303039,0.14165427083763962,0.05174086746428197,0.07714161276794346,0.328
rep0956,0.79,0.7854056279441578,alg1,0.15,0.015,0.03,0.105,prop_127,1000,2000,0.6169695813454558,1.09283348718557,True,0.4758639058401143,0.38303041865454424,0.8612576157190978,0.8967423842809022,-0.244288034373642,0.19609110290466775,0.03548476856180449,0.0763791372783097,0.36400000000000005
rep0957,0.32,0.32124689447320376,alg1,0.15,0.015,0.03,0.105,prop_127,1000,2000,0.12377988369438708,0.6683599935903634,True,0.5445801098959763,0.5445801098959763,0.434379133236085,0.48862086676391503,-0.31059924954169793,0.17973912682644833,0.054241733527830016,0.07783837636814617,0.4125000000000001
rep0958,0.20,0.1951799771873339,alg1,0.15,0.015,0.03,0.105,prop_127,1000,2000,0.1913977084720629,0.6505899420093202,True,0.4591922335372573,0.4591922335372573,0.45082471806353974,0.5051752819364602,-0.25942700959147685,0.14541466007286,0.054350563872920477,0.06334166966433691,0.34149999999999997
rep0959,0.38,0.3812986858290224,alg1,0.15,0.015,0.03,0.105,prop_127,1000,2000,0.20717992245776579,0.6764884402875504,True,0.4693085178297846,0.4693085178297846,0.4682994758212183,0.5227005241787818,-0.2611195533634525,0.15378791610876869,0.054401048357563486,0.08290746947222111,0.3320000000000001
rep0960,0.41,0.41380077638099233,alg1,0.15,0.015,0.03,0.105,prop_127,1000,2000,0.26796812865821096,0.7489822741145172,True,0.4810141454563063,0.4810141454563063,0.5304788435470231,0.5845211564529769,-0.26251071488881217,0.16446111766154034,0.05404231290595374,0.07097183255035255,0.356
rep0961,0.74,0.7387153100599416,alg1,0.15,0.015,0.03,0.105,prop_127,1000,2000,0.48122777744342776,0.989411383118844,True,0.5081836056754163,0.5081836056754163,0.7548723180804183,0.8001276819195816,-0.27364454063699056,0.18928370119926247,0.04525536383916329,0.07792824183625302,0.385
rep0962,0.38,0.3817854357146475,alg1,0.15,0.015,0.03,0.105,prop_127,1000,2000,0.0010693933530260546,0.48932121643285115,True,0.48825182307982506,0.48825182307982506,0.24924946448944058,0.29775053551055947,-0.24818007113641452,0.19157068092229168,0.04850107102111889,0.07075075205870612,0.36900000000000005
rep0963,0.25,0.24572917508517655,alg1,0.15,0.015,0.03,0.105,prop_127,1000,2000,0.061439636724115954,0.4848474200247542,True,0.4234077833006383,0.4234077833006383,0.30539929563497503,0.356600704365025,-0.24395965891085908,0.12824671565972925,0.05120140873004997,0.06670637457058837,0.3055
rep0964,0.25,0.25425955518401544,alg1,0.15,0.015,0.03,0.105,prop_127,1000,2000,0.146716732713293,0.6311887226885062,True,0.48447198997521324,0.48447198997521324,0.4159757083409896,0.4700242916590104,-0.26925897562769663,0.1611644310294958,0.05404858331802076,0.07442340665719233,0.3560000000000001
rep0965,0.45,0.4517564805327457,alg1,0.15,0.015,0.03,0.105,prop_127,1000,2000,0.147024592734047,0.6009107131994368,True,0.4538861204653898,0.4538861204653898,0.3857181378349143,0.43928186216508563,-0.23869354510086732,0.16162885103435118,0.053563724330171314,0.0763223961352184,0.32400000000000007
rep0966,0.23,0.22964343595308967,alg1,0.15,0.015,0.03,0.105,prop_127,1000,2000,0.07330447383360306,0.5029319036386379,True,0.4296274298050349,0.4296274298050349,0.30147849582199204,0.352521504178008,-0.228174021988389,0.15041039946062998,0.05104300835601594,0.07608442144901895,0.3025
rep0967,0.37,0.3666314767937022,alg1,0.15,0.015,0.03,0.105,prop_127,1000,2000,0.17115167435195144,0.6718773808414598,True,0.5007257064895083,0.5007257064895083,0.4284063203578027,0.48259367964219735,-0.25725464600585124,0.18928370119926247,0.054187359284394665,0.06353834720511364,0.38300000000000006
rep0968,0.63,0.6272541597710806,alg1,0.15,0.015,0.03,0.105,prop_127,1000,2000,0.49575205687045554,0.9377517890548537,True,0.44199973218439814,0.44199973218439814,0.7285058563744222,0.7754941436255778,-0.23275379950396669,0.16225764542927593,0.04698828725115556,0.08201144493324264,0.31299999999999994
rep0969,0.70,0.7008586148082405,alg1,0.15,0.015,0.03,0.105,prop_127,1000,2000,0.5191534472356847,0.9634175059807972,True,0.44426405874511254,0.44426405874511254,0.7996216401884481,0.841378359811552,-0.2804681929527633,0.12203914616924524,0.0417567196231039,0.07000733912200852,0.3325
rep0970,0.54,0.5406120721715562,alg1,0.15,0.015,0.03,0.105,prop_127,1000,2000,0.24518181507168968,0.6798379122822003,True,0.4346560972105106,0.4346560972105106,0.48781061762010586,0.5421893823798942,-0.24262880254841618,0.13764852990230605,0.05437876475978837,0.07977733245072222,0.30050000000000004
rep0971,0.16,0.1556622029622385,alg1,0.15,0.015,0.03,0.105,prop_127,1000,2000,-0.03671965000875552,0.39413679175860405,True,0.4308564417673596,0.39413679175860405,0.21821580548129235,0.26478419451870766,-0.25493545549004787,0.12935259723989637,0.04656838903741531,0.07878805272994427,0.3055
rep0972,0.94,0.9379373051052255,alg1,0.15,0.015,0.03,0.105,prop_127,1000,2000,0.7501196757310391,1.1537429775921577,True,0.4036233018611186,0.2498803242689609,1.0,1.0,-0.24988032426896095,0.15374297759215777,0.0,0.07462330186111876,0.32899999999999996
rep0973,0.27,0.27483004245897774,alg1,0.15,0.015,0.03,0.105,prop_127,1000,2000,0.09604842477918762,0.5396804204625496,True,0.443631995683362,0.443631995683362,0.35704705169185363,0.4099529483081464,-0.260998626912666,0.12972747215440317,0.05290589661629275,0.07022609906706923,0.32049999999999995
rep0974,0.61,0.6081572880828607,alg1,0.15,0.015,0.03,0.105,prop_127,1000,2000,0.4260636538495404,0.8767236903497382,True,0.45066003650019776,0.45066003650019776,0.6930068277087147,0.7419931722912854,-0.26694317385917427,0.13473051805845287,0.04898634458257067,0.07867369191762719,0.32299999999999995
rep0975,0.55,0.5543986460906293,alg1,0.15,0.015,0.03,0.105,prop_127,1000,2000,0.31055127309823866,0.8144670518773149,True,0.5039157787790762,0.5039157787790762,0.5951137078244708,0.6478862921755293,-0.28456243472623216,0.1665807597017857,0.05277258435105847,0.07664319442801792,0.37449999999999994
rep0976,0.88,0.8820978183499276,alg1,0.15,0.015,0.03,0.105,prop_127,1000,2000,0.46883943807502965,0.9537408645311289,True,0.4849014264560993,0.4849014264560993,0.7053330890664203,0.7536669109335797,-0.2364936509913907,0.20007395359754926,0.0483338218671594,0.07006760458894001,0.36649999999999994
rep0977,0.64,0.637666516403361,alg1,0.15,0.015,0.03,0.105,prop_127,1000,2000,0.43182009252503806,0.8659896277632096,True,0.4341695352381716,0.4341695352381716,0.6904415863819343,0.7395584136180656,-0.25862149385689626,0.12643121414514402,0.04911682723613131,0.07205270800204022,0.31300000000000006
rep0978,0.58,0.5822856282238834,alg1,0.15,0.015,0.03,0.105,prop_127,1000,2000,0.4775712006048329,0.9266212078347205,True,0.4490500072298876,0.4490500072298876,0.7419330854197029,0.7880669145802971,-0.26436188481487005,0.13855429325442342,0.046133829160594164,0.07591617806929352,0.32699999999999996
rep0979,0.79,0.7928993920058985,alg1,0.15,0.015,0.03,0.105,prop_127,1000,2000,0.38971733111844203,0.8757620446115683,True,0.4860447134931262,0.4860447134931262,0.6812143179431907,0.7307856820568093,-0.2914969868247486,0.14497636255475896,0.04957136411361862,0.07447334937950756,0.362
rep0980,0.65,0.6542298263224308,alg1,0.15,0.015,0.03,0.105,prop_127,1000,2000,0.5353195050570131,0.9959580804293771,True,0.46063857537236397,0.46063857537236397,0.7850084603587789,0.8279915396412211,-0.2496889553017658,0.16796654078815598,0.04298307928244216,0.07415549608992184,0.34349999999999997
rep0981,0.82,0.8216350162371281,alg1,0.15,0.015,0.03,0.105,prop_127,1000,2000,0.42582126287603783,0.8928637893883407,True,0.4670425265123028,0.4670425265123028,0.6617724313902428,0.7122275686097573,-0.23595116851420497,0.18063622077858327,0.050455137219514556,0.0810873892927883,0.33549999999999996
rep0982,0.31,0.3122888464957295,alg1,0.15,0.015,0.03,0.105,prop_127,1000,2000,-0.014480703542801038,0.4081817816673582,True,0.42266248521015926,0.4081817816673582,0.23225723417428837,0.2797427658257116,-0.2467379377170894,0.12843901584164658,0.047485531651423246,0.07867695355873588,0.2965000000000001
rep0983,0.24,0.24341823882522612,alg1,0.15,0.015,0.03,0.105,prop_127,1000,2000,0.07476048357905413,0.5659621341048275,True,0.4912016505257734,0.4912016505257734,0.369887535708634,0.42311246429136606,-0.29512705212957985,0.14284966981346142,0.05322492858273209,0.08247672194304129,0.3555
rep0984,0.46,0.45508408535305495,alg1,0.15,0.015,0.03,0.105,prop_127,1000,2000,0.19722866116151172,0.6723440138110561,True,0.4751153526495444,0.4751153526495444,0.4249240093586306,0.4790759906413694,-0.2276953481971189,0.1932680231696867,0.05415198128273879,0.06696337136680552,0.3540000000000001
rep0985,0.44,0.4375299950469971,alg1,0.15,0.015,0.03,0.105,prop_127,1000,2000,0.1434335600981258,0.6121249503484065,True,0.4686913902502807,0.4686913902502807,0.4199516245637023,0.47404837543629774,-0.2765180644655765,0.13807657491210878,0.05409675087259547,0.07109463937768529,0.34349999999999997
rep0986,0.84,0.8420823032906237,alg1,0.15,0.015,0.03,0.105,prop_127,1000,2000,0.5652374734316117,0.986645554804046,True,0.42140808137243435,0.42140808137243435,0.8116604583139213,0.8523395416860786,-0.24642298488230968,0.13430601311796736,0.04067908337215731,0.07372899800027699,0.30700000000000005
rep0987,0.51,0.5125880374502091,alg1,0.15,0.015,0.03,0.105,prop_127,1000,2000,0.4600552227921021,0.8987111160859832,True,0.4386558932938811,0.4386558932938811,0.708932417085235,0.757067582914765,-0.24887719429313293,0.14164353317121828,0.048135165829529925,0.07502072746435118,0.3155
rep0988,0.84,0.8375435844417034,alg1,0.15,0.015,0.03,0.105,prop_127,1000,2000,0.7682622333710463,1.145480387847313,True,0.3772181544762667,0.23173776662895373,1.0,1.0,-0.2317377666289537,0.14548038784731304,0.0,0.06971815447626672,0.3075
rep0989,0.16,0.15603075370580066,alg1,0.15,0.015,0.03,0.105,prop_127,1000,2000,-0.15560738615276326,0.26695572455708017,True,0.4225631107098434,0.26695572455708017,0.09391019022946129,0.12808980977053872,-0.24951757638222455,0.13886591478654142,0.03417961954107743,0.07838349116876592,0.31000000000000005
rep0990,0.30,0.30237411939330205,alg1,0.15,0.015,0.03,0.105,prop_127,1000,2000,0.2149885149172723,0.6745871074888374,True,0.4595985925715651,0.4595985925715651,0.4418507059973215,0.49614929400267843,-0.2268621910800492,0.17843781348615895,0.05429858800535692,0.07180000456620822,0.33349999999999996
rep0991,0.60,0.6025508144464183,alg1,0.15,0.015,0.03,0.105,prop_127,1000,2000,0.5718838489270637,1.0156460880215983,True,0.4437622390945346,0.4281161510729363,0.7907439874451091,0.833256012554891,-0.21886013851804545,0.18239007546670724,0.042512025109781915,0.06775021398475267,0.3335
rep0992,0.80,0.8032639851808171,alg1,0.15,0.015,0.03,0.105,prop_127,1000,2000,0.6376935623993095,1.09204283254688,True,0.45434927014757054,0.3623064376006905,0.8944307816459498,0.9255692183540503,-0.2567372192466403,0.16647361419282988,0.03113843670810046,0.07871083343947027,0.3444999999999999
rep0993,0.61,0.6060913430792686,alg1,0.15,0.015,0.03,0.105,prop_127,1000,2000,0.3427397485080419,0.7942763723327297,True,0.45153662382468784,0.45153662382468784,0.5910601455910883,0.6439398544089118,-0.2483203970830464,0.15033651792381797,0.052879708817823445,0.07315691500686439,0.3255
rep0994,0.63,0.63435798234609,alg1,0.15,0.015,0.03,0.105,prop_127,1000,2000,0.43051012500505825,0.9206621858411355,True,0.4901520608360772,0.4901520608360772,0.7125336694995142,0.7604663305004858,-0.282023544494456,0.16019585534064956,0.0479326610009716,0.06571939983510555,0.3765
rep0995,0.47,0.4677370119041559,alg1,0.15,0.015,0.03,0.105,prop_127,1000,2000,0.21681829410510658,0.6961069381894539,True,0.47928864408434735,0.47928864408434735,0.46080620932974153,0.5151937906702585,-0.24398791522463495,0.1809131475191954,0.054387581340516966,0.07040106274383029,0.35450000000000004
rep0996,0.48,0.47833721845184457,alg1,0.15,0.015,0.03,0.105,prop_127,1000,2000,0.25030378954532995,0.6308116196590697,True,0.3805078301137398,0.3805078301137398,0.44833104930997625,0.5026689506900237,-0.1980272597646463,0.128142668969046,0.05433790138004746,0.07366992873369238,0.25249999999999995
rep0997,0.15,0.15449303723364252,alg1,0.15,0.015,0.03,0.105,prop_127,1000,2000,-0.14895969002602055,0.34011659379858317,True,0.4890762838246037,0.34011659379858317,0.10372605301086273,0.13927394698913725,-0.2526857430368833,0.20084264680944588,0.03554789397827453,0.0750283898463292,0.37849999999999995
rep0998,0.62,0.6166365598340153,alg1,0.15,0.015,0.03,0.105,prop_127,1000,2000,0.49721176858084953,0.9493493601574745,True,0.452137591576625,0.452137591576625,0.7553904903072617,0.8006095096927384,-0.25817872172641215,0.14873985046473615,0.04521901938547668,0.07591857219114823,0.33100000000000007
rep0999,0.53,0.5271154519776099,alg1,0.15,0.015,0.03,0.105,prop_127,1000,2000,0.4147596298952614,0.9186756744048691,True,0.5039160445096077,0.5039160445096077,0.68480129818738,0.73419870181262,-0.2700416682921186,0.18447697259224904,0.04939740362524003,0.06101864088436765,0.3935
